monotonic_s,elapsed_s,wall_time_iso,event,mocap_valid,mocap_x,mocap_y,mocap_z,state_est_x,state_est_y,state_est_z,stabilizer_roll,stabilizer_pitch,range_z_m,target_x,target_y,target_z,box_min_x,box_max_x,mocap_stamp_s,box1_raw_x,box1_raw_y,box1_raw_z,box2_raw_x,box2_raw_y,box2_raw_z,box1_cf_x,box2_cf_x,dynamic_x_min_mm,dynamic_x_max_mm,constraint_active,manual_constraints,fpga_u1_16,fpga_u2_16,fpga_u3_16,fpga_u4_16,command
1779488545.262017,0.001349,2026-05-22T18:22:25.262,command,1,0.455332,0.036953,0.500000,0.442291,0.043246,0.503606,0.257779,0.121003,0.000000,0.455332,0.036953,0.500000,,,,,,,,,,,,0,0,0,0,20806,18447,21439,18432,start_traj
1779488545.266478,0.005810,2026-05-22T18:22:25.266,sample,1,0.438171,0.044168,0.502507,0.442291,0.043246,0.503606,0.257779,0.121003,0.000000,0.455332,0.036953,0.500000,,,1779488545.265198469,,,,,,,,,0,0,0,0,20806,18447,21439,18432,start_traj
1779488545.277130,0.016462,2026-05-22T18:22:25.277,sample,1,0.438050,0.044204,0.502459,0.442291,0.043246,0.503606,0.257779,0.121003,0.000000,0.455332,0.036953,0.500000,,,1779488545.274274349,,,,,,,,,0,0,0,0,20806,18447,21439,18432,start_traj
1779488545.287716,0.027048,2026-05-22T18:22:25.287,sample,1,0.437925,0.044241,0.502432,0.442291,0.043246,0.503606,0.257779,0.121003,0.000000,0.455332,0.036953,0.500000,,,1779488545.281948566,,,,,,,,,0,0,0,0,20806,18447,21439,18432,start_traj
1779488545.298370,0.037702,2026-05-22T18:22:25.298,sample,1,0.437818,0.044312,0.502432,0.442291,0.043246,0.503606,0.257779,0.121003,0.000000,0.455332,0.036953,0.500000,,,1779488545.291893005,,,,,,,,,0,0,0,0,20806,18447,21439,18432,start_traj
1779488545.309186,0.048518,2026-05-22T18:22:25.309,sample,1,0.437545,0.044368,0.502393,0.442291,0.043246,0.503606,0.257779,0.121003,0.000000,0.455332,0.036953,0.500000,,,1779488545.307894707,,,,,,,,,0,0,0,0,20806,18447,21439,18432,start_traj
1779488545.319771,0.059103,2026-05-22T18:22:25.319,sample,1,0.437438,0.044445,0.502366,0.438767,0.044071,0.502874,-0.036240,-0.617812,0.000000,0.455332,0.036953,0.500000,,,1779488545.315510750,,,,,,,,,0,0,0,0,20442,18669,21126,18564,start_traj
1779488545.330363,0.069695,2026-05-22T18:22:25.330,sample,1,0.437340,0.044481,0.502380,0.438767,0.044071,0.502874,-0.036240,-0.617812,0.000000,0.455332,0.036953,0.500000,,,1779488545.323795080,,,,,,,,,0,0,0,0,20442,18669,21126,18564,start_traj
1779488545.340957,0.080289,2026-05-22T18:22:25.340,sample,1,0.437265,0.044526,0.502379,0.438767,0.044071,0.502874,-0.036240,-0.617812,0.000000,0.455332,0.036953,0.500000,,,1779488545.332504272,,,,,,,,,0,0,0,0,20442,18669,21126,18564,start_traj
1779488545.351533,0.090865,2026-05-22T18:22:25.351,sample,1,0.437069,0.044599,0.502385,0.438767,0.044071,0.502874,-0.036240,-0.617812,0.000000,0.455332,0.036953,0.500000,,,1779488545.348601580,,,,,,,,,0,0,0,0,20442,18669,21126,18564,start_traj
1779488545.362196,0.101528,2026-05-22T18:22:25.362,sample,1,0.436973,0.044646,0.502410,0.438767,0.044071,0.502874,-0.036240,-0.617812,0.000000,0.455332,0.036953,0.500000,,,1779488545.357311964,,,,,,,,,0,0,0,0,21773,17008,22688,16818,start_traj
1779488545.372801,0.112134,2026-05-22T18:22:25.372,sample,1,0.436903,0.044703,0.502414,0.438767,0.044071,0.502874,-0.036240,-0.617812,0.000000,0.455332,0.036953,0.500000,,,1779488545.367611885,,,,,,,,,0,0,0,0,21773,17008,22688,16818,start_traj
1779488545.383430,0.122763,2026-05-22T18:22:25.383,sample,1,0.436731,0.044778,0.502433,0.438767,0.044071,0.502874,-0.036240,-0.617812,0.000000,0.455332,0.036953,0.500000,,,1779488545.382845640,,,,,,,,,0,0,0,0,21773,17008,22688,16818,start_traj
1779488545.394048,0.133381,2026-05-22T18:22:25.394,sample,1,0.436637,0.044802,0.502479,0.438767,0.044071,0.502874,-0.036240,-0.617812,0.000000,0.455332,0.036953,0.500000,,,1779488545.390604496,,,,,,,,,0,0,0,0,21773,17008,22688,16818,start_traj
1779488545.404654,0.143986,2026-05-22T18:22:25.404,sample,1,0.436594,0.044848,0.502492,0.438767,0.044071,0.502874,-0.036240,-0.617812,0.000000,0.455332,0.036953,0.500000,,,1779488545.401164532,,,,,,,,,0,0,0,0,21773,17008,22688,16818,start_traj
1779488545.415249,0.154581,2026-05-22T18:22:25.415,sample,1,0.436529,0.044865,0.502521,0.438767,0.044071,0.502874,-0.036240,-0.617812,0.000000,0.455332,0.036953,0.500000,,,1779488545.407163858,,,,,,,,,0,0,0,0,19533,19496,20130,18886,start_traj
1779488545.425889,0.165222,2026-05-22T18:22:25.425,sample,1,0.436418,0.044928,0.502563,0.438767,0.044071,0.502874,-0.036240,-0.617812,0.000000,0.455332,0.036953,0.500000,,,1779488545.423643351,,,,,,,,,0,0,0,0,19533,19496,20130,18886,start_traj
1779488545.436915,0.176247,2026-05-22T18:22:25.436,sample,1,0.436361,0.044950,0.502554,0.438767,0.044071,0.502874,-0.036240,-0.617812,0.000000,0.455332,0.036953,0.500000,,,1779488545.432268858,,,,,,,,,0,0,0,0,19533,19496,20130,18886,start_traj
1779488545.447536,0.186869,2026-05-22T18:22:25.447,sample,1,0.436303,0.044966,0.502598,0.438767,0.044071,0.502874,-0.036240,-0.617812,0.000000,0.455332,0.036953,0.500000,,,1779488545.440392494,,,,,,,,,0,0,0,0,19533,19496,20130,18886,start_traj
1779488545.458185,0.197517,2026-05-22T18:22:25.458,sample,1,0.436191,0.045005,0.502654,0.438767,0.044071,0.502874,-0.036240,-0.617812,0.000000,0.455332,0.036953,0.500000,,,1779488545.457390785,,,,,,,,,0,0,0,0,19533,19496,20130,18886,start_traj
1779488545.468746,0.208078,2026-05-22T18:22:25.468,sample,1,0.436138,0.045053,0.502671,0.438767,0.044071,0.502874,-0.036240,-0.617812,0.000000,0.455332,0.036953,0.500000,,,1779488545.465948105,,,,,,,,,0,0,0,0,21224,17645,22004,17189,start_traj
1779488545.479327,0.218660,2026-05-22T18:22:25.479,sample,1,0.436110,0.045065,0.502684,0.438767,0.044071,0.502874,-0.036240,-0.617812,0.000000,0.455332,0.036953,0.500000,,,1779488545.474045277,,,,,,,,,0,0,0,0,21224,17645,22004,17189,start_traj
1779488545.490090,0.229422,2026-05-22T18:22:25.490,sample,1,0.436072,0.045101,0.502705,0.438767,0.044071,0.502874,-0.036240,-0.617812,0.000000,0.455332,0.036953,0.500000,,,1779488545.482192039,,,,,,,,,0,0,0,0,21224,17645,22004,17189,start_traj
1779488545.500684,0.240016,2026-05-22T18:22:25.500,sample,1,0.436017,0.045123,0.502739,0.438767,0.044071,0.502874,-0.036240,-0.617812,0.000000,0.455332,0.036953,0.500000,,,1779488545.499068737,,,,,,,,,0,0,0,0,21224,17645,22004,17189,start_traj
1779488545.511317,0.250649,2026-05-22T18:22:25.511,sample,1,0.435979,0.045128,0.502772,0.437228,0.045105,0.503246,0.288544,-0.435394,0.000000,0.455332,0.036953,0.500000,,,1779488545.507268190,,,,,,,,,0,0,0,0,20808,17631,21520,18049,start_traj
1779488545.521861,0.261193,2026-05-22T18:22:25.521,sample,1,0.435957,0.045196,0.502789,0.437228,0.045105,0.503246,0.288544,-0.435394,0.000000,0.455332,0.036953,0.500000,,,1779488545.515517712,,,,,,,,,0,0,0,0,20808,17631,21520,18049,start_traj
1779488545.532482,0.271814,2026-05-22T18:22:25.532,sample,1,0.435904,0.045221,0.502823,0.437228,0.045105,0.503246,0.288544,-0.435394,0.000000,0.455332,0.036953,0.500000,,,1779488545.531790972,,,,,,,,,0,0,0,0,20808,17631,21520,18049,start_traj
1779488545.543067,0.282400,2026-05-22T18:22:25.543,sample,1,0.435884,0.045228,0.502879,0.437228,0.045105,0.503246,0.288544,-0.435394,0.000000,0.455332,0.036953,0.500000,,,1779488545.540647507,,,,,,,,,0,0,0,0,20808,17631,21520,18049,start_traj
1779488545.553656,0.292988,2026-05-22T18:22:25.553,sample,1,0.435864,0.045266,0.502879,0.437228,0.045105,0.503246,0.288544,-0.435394,0.000000,0.455332,0.036953,0.500000,,,1779488545.548721075,,,,,,,,,0,0,0,0,20808,17631,21520,18049,start_traj
1779488545.564322,0.303654,2026-05-22T18:22:25.564,sample,1,0.435855,0.045296,0.502907,0.437228,0.045105,0.503246,0.288544,-0.435394,0.000000,0.455332,0.036953,0.500000,,,1779488545.557867527,,,,,,,,,0,0,0,0,19581,19020,20546,19096,start_traj
1779488545.574938,0.314270,2026-05-22T18:22:25.574,sample,1,0.435820,0.045288,0.502943,0.437228,0.045105,0.503246,0.288544,-0.435394,0.000000,0.455332,0.036953,0.500000,,,1779488545.573728561,,,,,,,,,0,0,0,0,19581,19020,20546,19096,start_traj
1779488545.585469,0.324801,2026-05-22T18:22:25.585,sample,1,0.435810,0.045301,0.502941,0.437228,0.045105,0.503246,0.288544,-0.435394,0.000000,0.455332,0.036953,0.500000,,,1779488545.582630396,,,,,,,,,0,0,0,0,19581,19020,20546,19096,start_traj
1779488545.596126,0.335459,2026-05-22T18:22:25.596,sample,1,0.435804,0.045309,0.502969,0.437228,0.045105,0.503246,0.288544,-0.435394,0.000000,0.455332,0.036953,0.500000,,,1779488545.590704441,,,,,,,,,0,0,0,0,19581,19020,20546,19096,start_traj
1779488545.606756,0.346088,2026-05-22T18:22:25.606,sample,1,0.435814,0.045296,0.502977,0.437228,0.045105,0.503246,0.288544,-0.435394,0.000000,0.455332,0.036953,0.500000,,,1779488545.598922014,,,,,,,,,0,0,0,0,19581,19020,20546,19096,start_traj
1779488545.617361,0.356694,2026-05-22T18:22:25.617,sample,1,0.435791,0.045270,0.503006,0.437228,0.045105,0.503246,0.288544,-0.435394,0.000000,0.455332,0.036953,0.500000,,,1779488545.616450071,,,,,,,,,0,0,0,0,20642,18813,21299,17812,start_traj
1779488545.627970,0.367303,2026-05-22T18:22:25.627,sample,1,0.435793,0.045304,0.503006,0.437228,0.045105,0.503246,0.288544,-0.435394,0.000000,0.455332,0.036953,0.500000,,,1779488545.623807192,,,,,,,,,0,0,0,0,20642,18813,21299,17812,start_traj
1779488545.638575,0.377908,2026-05-22T18:22:25.638,sample,1,0.435813,0.045302,0.503017,0.437228,0.045105,0.503246,0.288544,-0.435394,0.000000,0.455332,0.036953,0.500000,,,1779488545.631869078,,,,,,,,,0,0,0,0,20642,18813,21299,17812,start_traj
1779488545.649173,0.388506,2026-05-22T18:22:25.649,sample,1,0.435822,0.045310,0.503041,0.437228,0.045105,0.503246,0.288544,-0.435394,0.000000,0.455332,0.036953,0.500000,,,1779488545.648782253,,,,,,,,,0,0,0,0,20642,18813,21299,17812,start_traj
1779488545.659749,0.399081,2026-05-22T18:22:25.659,sample,1,0.435837,0.045325,0.503054,0.437228,0.045105,0.503246,0.288544,-0.435394,0.000000,0.455332,0.036953,0.500000,,,1779488545.656824112,,,,,,,,,0,0,0,0,20642,18813,21299,17812,start_traj
1779488545.670389,0.409722,2026-05-22T18:22:25.670,sample,1,0.435885,0.045405,0.503053,0.437228,0.045105,0.503246,0.288544,-0.435394,0.000000,0.455332,0.036953,0.500000,,,1779488545.665072441,,,,,,,,,0,0,0,0,20159,19420,20518,18496,start_traj
1779488545.680959,0.420292,2026-05-22T18:22:25.680,sample,1,0.435907,0.045438,0.503100,0.437228,0.045105,0.503246,0.288544,-0.435394,0.000000,0.455332,0.036953,0.500000,,,1779488545.674627304,,,,,,,,,0,0,0,0,20159,19420,20518,18496,start_traj
1779488545.691717,0.431050,2026-05-22T18:22:25.691,sample,1,0.435976,0.045586,0.503134,0.437228,0.045105,0.503246,0.288544,-0.435394,0.000000,0.455332,0.036953,0.500000,,,1779488545.690259933,,,,,,,,,0,0,0,0,20159,19420,20518,18496,start_traj
1779488545.702488,0.441820,2026-05-22T18:22:25.702,sample,1,0.436011,0.045694,0.503142,0.437228,0.045105,0.503246,0.288544,-0.435394,0.000000,0.455332,0.036953,0.500000,,,1779488545.698921680,,,,,,,,,0,0,0,0,20159,19420,20518,18496,start_traj
1779488545.713142,0.452474,2026-05-22T18:22:25.713,sample,1,0.436079,0.045832,0.503163,0.437340,0.045403,0.503319,-0.577909,-0.681743,0.000000,0.455332,0.036953,0.500000,,,1779488545.709326029,,,,,,,,,0,0,0,0,21195,18024,21889,17350,start_traj
1779488545.723814,0.463147,2026-05-22T18:22:25.723,sample,1,0.436220,0.046160,0.503202,0.437340,0.045403,0.503319,-0.577909,-0.681743,0.000000,0.455332,0.036953,0.500000,,,1779488545.723407269,,,,,,,,,0,0,0,0,21195,18024,21889,17350,start_traj
1779488545.734656,0.473988,2026-05-22T18:22:25.734,sample,1,0.436288,0.046365,0.503214,0.437340,0.045403,0.503319,-0.577909,-0.681743,0.000000,0.455332,0.036953,0.500000,,,1779488545.732196569,,,,,,,,,0,0,0,0,21195,18024,21889,17350,start_traj
1779488545.745238,0.484570,2026-05-22T18:22:25.745,sample,1,0.436349,0.046567,0.503167,0.437340,0.045403,0.503319,-0.577909,-0.681743,0.000000,0.455332,0.036953,0.500000,,,1779488545.741188765,,,,,,,,,0,0,0,0,21195,18024,21889,17350,start_traj
1779488545.755835,0.495167,2026-05-22T18:22:25.755,sample,1,0.436423,0.046771,0.503185,0.437340,0.045403,0.503319,-0.577909,-0.681743,0.000000,0.455332,0.036953,0.500000,,,1779488545.748814583,,,,,,,,,0,0,0,0,21195,18024,21889,17350,start_traj
1779488545.766667,0.505999,2026-05-22T18:22:25.766,sample,1,0.436612,0.047285,0.503161,0.437340,0.045403,0.503319,-0.577909,-0.681743,0.000000,0.455332,0.036953,0.500000,,,1779488545.765812397,,,,,,,,,0,0,0,0,19976,19429,20721,18485,start_traj
1779488545.777388,0.516720,2026-05-22T18:22:25.777,sample,1,0.436724,0.047818,0.503218,0.437340,0.045403,0.503319,-0.577909,-0.681743,0.000000,0.455332,0.036953,0.500000,,,1779488545.773846865,,,,,,,,,0,0,0,0,19976,19429,20721,18485,start_traj
1779488545.788064,0.527396,2026-05-22T18:22:25.788,sample,1,0.436869,0.048267,0.503187,0.437340,0.045403,0.503319,-0.577909,-0.681743,0.000000,0.455332,0.036953,0.500000,,,1779488545.782381296,,,,,,,,,0,0,0,0,19976,19429,20721,18485,start_traj
1779488545.798617,0.537949,2026-05-22T18:22:25.798,sample,1,0.437168,0.048667,0.503126,0.437340,0.045403,0.503319,-0.577909,-0.681743,0.000000,0.455332,0.036953,0.500000,,,1779488545.790172577,,,,,,,,,0,0,0,0,19976,19429,20721,18485,start_traj
1779488545.809197,0.548530,2026-05-22T18:22:25.809,sample,1,0.437510,0.049539,0.503115,0.437340,0.045403,0.503319,-0.577909,-0.681743,0.000000,0.455332,0.036953,0.500000,,,1779488545.806969166,,,,,,,,,0,0,0,0,19976,19429,20721,18485,start_traj
1779488545.819780,0.559112,2026-05-22T18:22:25.819,sample,1,0.437555,0.050160,0.502813,0.437340,0.045403,0.503319,-0.577909,-0.681743,0.000000,0.455332,0.036953,0.500000,,,1779488545.815197229,,,,,,,,,0,0,0,0,21183,18864,21884,17233,start_traj
1779488545.830441,0.569773,2026-05-22T18:22:25.830,sample,1,0.437828,0.051140,0.502971,0.437340,0.045403,0.503319,-0.577909,-0.681743,0.000000,0.455332,0.036953,0.500000,,,1779488545.823868752,,,,,,,,,0,0,0,0,21183,18864,21884,17233,start_traj
1779488545.841367,0.580699,2026-05-22T18:22:25.841,sample,1,0.438577,0.052720,0.502894,0.437340,0.045403,0.503319,-0.577909,-0.681743,0.000000,0.455332,0.036953,0.500000,,,1779488545.840489149,,,,,,,,,0,0,0,0,21183,18864,21884,17233,start_traj
1779488545.851993,0.591325,2026-05-22T18:22:25.851,sample,1,0.439015,0.053793,0.502913,0.437340,0.045403,0.503319,-0.577909,-0.681743,0.000000,0.455332,0.036953,0.500000,,,1779488545.848637342,,,,,,,,,0,0,0,0,21183,18864,21884,17233,start_traj
1779488545.862746,0.602078,2026-05-22T18:22:25.862,sample,1,0.439345,0.054772,0.502716,0.437340,0.045403,0.503319,-0.577909,-0.681743,0.000000,0.455332,0.036953,0.500000,,,1779488545.857134581,,,,,,,,,0,0,0,0,21836,18072,22407,17350,start_traj
1779488545.873506,0.612838,2026-05-22T18:22:25.873,sample,1,0.439941,0.056187,0.503134,0.437340,0.045403,0.503319,-0.577909,-0.681743,0.000000,0.455332,0.036953,0.500000,,,1779488545.865641356,,,,,,,,,0,0,0,0,21836,18072,22407,17350,start_traj
1779488545.884145,0.623477,2026-05-22T18:22:25.884,sample,1,0.440706,0.058653,0.502755,0.437340,0.045403,0.503319,-0.577909,-0.681743,0.000000,0.455332,0.036953,0.500000,,,1779488545.882318735,,,,,,,,,0,0,0,0,21836,18072,22407,17350,start_traj
1779488545.894702,0.634035,2026-05-22T18:22:25.894,sample,1,0.441190,0.060208,0.502539,0.437340,0.045403,0.503319,-0.577909,-0.681743,0.000000,0.455332,0.036953,0.500000,,,1779488545.890801430,,,,,,,,,0,0,0,0,21836,18072,22407,17350,start_traj
1779488545.905342,0.644674,2026-05-22T18:22:25.905,sample,1,0.441699,0.061865,0.502486,0.437340,0.045403,0.503319,-0.577909,-0.681743,0.000000,0.455332,0.036953,0.500000,,,1779488545.899114847,,,,,,,,,0,0,0,0,21836,18072,22407,17350,start_traj
1779488545.916007,0.655339,2026-05-22T18:22:25.916,sample,1,0.443000,0.065500,0.502306,0.442553,0.059279,0.502732,-10.651525,-5.474998,0.000000,0.455332,0.036953,0.500000,,,1779488545.915566921,,,,,,,,,0,0,0,0,18725,21175,19843,20435,start_traj
1779488545.926658,0.665990,2026-05-22T18:22:25.926,sample,1,0.443797,0.067548,0.502297,0.442553,0.059279,0.502732,-10.651525,-5.474998,0.000000,0.455332,0.036953,0.500000,,,1779488545.925292015,,,,,,,,,0,0,0,0,18725,21175,19843,20435,start_traj
1779488545.937246,0.676578,2026-05-22T18:22:25.937,sample,1,0.444604,0.069781,0.502116,0.442553,0.059279,0.502732,-10.651525,-5.474998,0.000000,0.455332,0.036953,0.500000,,,1779488545.931998968,,,,,,,,,0,0,0,0,18725,21175,19843,20435,start_traj
1779488545.947847,0.687179,2026-05-22T18:22:25.947,sample,1,0.445451,0.072084,0.502145,0.442553,0.059279,0.502732,-10.651525,-5.474998,0.000000,0.455332,0.036953,0.500000,,,1779488545.940088987,,,,,,,,,0,0,0,0,18725,21175,19843,20435,start_traj
1779488545.958500,0.697832,2026-05-22T18:22:25.958,sample,1,0.447336,0.077271,0.501885,0.442553,0.059279,0.502732,-10.651525,-5.474998,0.000000,0.455332,0.036953,0.500000,,,1779488545.957232952,,,,,,,,,0,0,0,0,18725,21175,19843,20435,start_traj
1779488545.969093,0.708425,2026-05-22T18:22:25.969,sample,1,0.448311,0.080095,0.501650,0.442553,0.059279,0.502732,-10.651525,-5.474998,0.000000,0.455332,0.036953,0.500000,,,1779488545.965224266,,,,,,,,,0,0,0,0,23689,17544,24342,15596,start_traj
1779488545.979631,0.718963,2026-05-22T18:22:25.979,sample,1,0.449425,0.083055,0.501569,0.442553,0.059279,0.502732,-10.651525,-5.474998,0.000000,0.455332,0.036953,0.500000,,,1779488545.973518372,,,,,,,,,0,0,0,0,23689,17544,24342,15596,start_traj
1779488545.990217,0.729550,2026-05-22T18:22:25.990,sample,1,0.450612,0.086203,0.501429,0.442553,0.059279,0.502732,-10.651525,-5.474998,0.000000,0.455332,0.036953,0.500000,,,1779488545.982199907,,,,,,,,,0,0,0,0,23689,17544,24342,15596,start_traj
1779488546.000817,0.740149,2026-05-22T18:22:26.000,sample,1,0.453086,0.093056,0.501083,0.442553,0.059279,0.502732,-10.651525,-5.474998,0.000000,0.455332,0.036953,0.500000,,,1779488546.000399590,,,,,,,,,0,0,0,0,23689,17544,24342,15596,start_traj
1779488546.011428,0.750761,2026-05-22T18:22:26.011,sample,1,0.454468,0.096862,0.500913,0.442553,0.059279,0.502732,-10.651525,-5.474998,0.000000,0.455332,0.036953,0.500000,,,1779488546.006872654,,,,,,,,,0,0,0,0,19404,22970,19565,20943,start_traj
1779488546.022040,0.761372,2026-05-22T18:22:26.022,sample,1,0.455894,0.100758,0.500772,0.442553,0.059279,0.502732,-10.651525,-5.474998,0.000000,0.455332,0.036953,0.500000,,,1779488546.016921997,,,,,,,,,0,0,0,0,19404,22970,19565,20943,start_traj
1779488546.032576,0.771908,2026-05-22T18:22:26.032,sample,1,0.457457,0.104915,0.500595,0.442553,0.059279,0.502732,-10.651525,-5.474998,0.000000,0.455332,0.036953,0.500000,,,1779488546.023456573,,,,,,,,,0,0,0,0,19404,22970,19565,20943,start_traj
1779488546.043205,0.782537,2026-05-22T18:22:26.043,sample,1,0.460705,0.113854,0.499972,0.442553,0.059279,0.502732,-10.651525,-5.474998,0.000000,0.455332,0.036953,0.500000,,,1779488546.040803194,,,,,,,,,0,0,0,0,19404,22970,19565,20943,start_traj
1779488546.053736,0.793069,2026-05-22T18:22:26.053,sample,1,0.462499,0.118648,0.499625,0.442553,0.059279,0.502732,-10.651525,-5.474998,0.000000,0.455332,0.036953,0.500000,,,1779488546.049273252,,,,,,,,,0,0,0,0,19404,22970,19565,20943,start_traj
1779488546.064350,0.803683,2026-05-22T18:22:26.064,sample,1,0.464429,0.123680,0.499341,0.442553,0.059279,0.502732,-10.651525,-5.474998,0.000000,0.455332,0.036953,0.500000,,,1779488546.057288408,,,,,,,,,0,0,0,0,24230,19149,24313,17760,start_traj
1779488546.075065,0.814397,2026-05-22T18:22:26.075,sample,1,0.468659,0.134306,0.498941,0.442553,0.059279,0.502732,-10.651525,-5.474998,0.000000,0.455332,0.036953,0.500000,,,1779488546.073796511,,,,,,,,,0,0,0,0,24230,19149,24313,17760,start_traj
1779488546.085581,0.824913,2026-05-22T18:22:26.085,sample,1,0.470872,0.139984,0.498679,0.442553,0.059279,0.502732,-10.651525,-5.474998,0.000000,0.455332,0.036953,0.500000,,,1779488546.082119465,,,,,,,,,0,0,0,0,24230,19149,24313,17760,start_traj
1779488546.096218,0.835551,2026-05-22T18:22:26.096,sample,1,0.473159,0.145906,0.498326,0.442553,0.059279,0.502732,-10.651525,-5.474998,0.000000,0.455332,0.036953,0.500000,,,1779488546.091091156,,,,,,,,,0,0,0,0,24230,19149,24313,17760,start_traj
1779488546.106899,0.846231,2026-05-22T18:22:26.106,sample,1,0.475614,0.152042,0.497989,0.442553,0.059279,0.502732,-10.651525,-5.474998,0.000000,0.455332,0.036953,0.500000,,,1779488546.099002123,,,,,,,,,0,0,0,0,24230,19149,24313,17760,start_traj
1779488546.117537,0.856869,2026-05-22T18:22:26.117,sample,1,0.480704,0.164959,0.497592,0.476931,0.150899,0.498005,-20.363573,-11.920805,0.000000,0.455332,0.036953,0.500000,,,1779488546.115938187,,,,,,,,,0,0,0,0,21859,23130,21640,21396,start_traj
1779488546.128227,0.867559,2026-05-22T18:22:26.128,sample,1,0.483459,0.171803,0.497349,0.476931,0.150899,0.498005,-20.363573,-11.920805,0.000000,0.455332,0.036953,0.500000,,,1779488546.124657393,,,,,,,,,0,0,0,0,21859,23130,21640,21396,start_traj
1779488546.138791,0.878124,2026-05-22T18:22:26.138,sample,1,0.486209,0.178909,0.497252,0.476931,0.150899,0.498005,-20.363573,-11.920805,0.000000,0.455332,0.036953,0.500000,,,1779488546.132056713,,,,,,,,,0,0,0,0,21859,23130,21640,21396,start_traj
1779488546.149421,0.888753,2026-05-22T18:22:26.149,sample,1,0.489245,0.186275,0.497018,0.476931,0.150899,0.498005,-20.363573,-11.920805,0.000000,0.455332,0.036953,0.500000,,,1779488546.140790701,,,,,,,,,0,0,0,0,21859,23130,21640,21396,start_traj
1779488546.160003,0.899336,2026-05-22T18:22:26.160,sample,1,0.495509,0.201607,0.496434,0.476931,0.150899,0.498005,-20.363573,-11.920805,0.000000,0.455332,0.036953,0.500000,,,1779488546.157315969,,,,,,,,,0,0,0,0,21859,23130,21640,21396,start_traj
1779488546.170599,0.909931,2026-05-22T18:22:26.170,sample,1,0.498849,0.209633,0.496387,0.476931,0.150899,0.498005,-20.363573,-11.920805,0.000000,0.455332,0.036953,0.500000,,,1779488546.165475845,,,,,,,,,0,0,0,0,23206,22310,23502,20460,start_traj
1779488546.181314,0.920646,2026-05-22T18:22:26.181,sample,1,0.502264,0.217931,0.496218,0.476931,0.150899,0.498005,-20.363573,-11.920805,0.000000,0.455332,0.036953,0.500000,,,1779488546.173731565,,,,,,,,,0,0,0,0,23206,22310,23502,20460,start_traj
1779488546.191844,0.931177,2026-05-22T18:22:26.191,sample,1,0.509634,0.235188,0.496032,0.476931,0.150899,0.498005,-20.363573,-11.920805,0.000000,0.455332,0.036953,0.500000,,,1779488546.191160440,,,,,,,,,0,0,0,0,23206,22310,23502,20460,start_traj
1779488546.202485,0.941817,2026-05-22T18:22:26.202,sample,1,0.513490,0.244056,0.495934,0.476931,0.150899,0.498005,-20.363573,-11.920805,0.000000,0.455332,0.036953,0.500000,,,1779488546.200451612,,,,,,,,,0,0,0,0,23206,22310,23502,20460,start_traj
1779488546.213107,0.952440,2026-05-22T18:22:26.213,sample,1,0.517540,0.253435,0.495961,0.476931,0.150899,0.498005,-20.363573,-11.920805,0.000000,0.455332,0.036953,0.500000,,,1779488546.206996441,,,,,,,,,0,0,0,0,23301,20979,24555,20337,start_traj
1779488546.223860,0.963192,2026-05-22T18:22:26.223,sample,1,0.525790,0.272425,0.496140,0.476931,0.150899,0.498005,-20.363573,-11.920805,0.000000,0.455332,0.036953,0.500000,,,1779488546.223594427,,,,,,,,,0,0,0,0,23301,20979,24555,20337,start_traj
1779488546.234415,0.973747,2026-05-22T18:22:26.234,sample,1,0.530067,0.282236,0.496297,0.476931,0.150899,0.498005,-20.363573,-11.920805,0.000000,0.455332,0.036953,0.500000,,,1779488546.231951475,,,,,,,,,0,0,0,0,23301,20979,24555,20337,start_traj
1779488546.245260,0.984592,2026-05-22T18:22:26.245,sample,1,0.534452,0.292163,0.496435,0.476931,0.150899,0.498005,-20.363573,-11.920805,0.000000,0.455332,0.036953,0.500000,,,1779488546.240675688,,,,,,,,,0,0,0,0,23301,20979,24555,20337,start_traj
1779488546.255845,0.995177,2026-05-22T18:22:26.255,sample,1,0.539069,0.302448,0.496722,0.476931,0.150899,0.498005,-20.363573,-11.920805,0.000000,0.455332,0.036953,0.500000,,,1779488546.248884916,,,,,,,,,0,0,0,0,23301,20979,24555,20337,start_traj
1779488546.266415,1.005747,2026-05-22T18:22:26.266,sample,1,0.548762,0.323146,0.497175,0.476931,0.150899,0.498005,-20.363573,-11.920805,0.000000,0.455332,0.036953,0.500000,,,1779488546.265612602,,,,,,,,,0,0,0,0,20780,23288,21450,20654,start_traj
1779488546.277020,1.016352,2026-05-22T18:22:26.277,sample,1,0.553661,0.333733,0.497634,0.476931,0.150899,0.498005,-20.363573,-11.920805,0.000000,0.455332,0.036953,0.500000,,,1779488546.273943901,,,,,,,,,0,0,0,0,20780,23288,21450,20654,start_traj
1779488546.287592,1.026925,2026-05-22T18:22:26.287,sample,1,0.558755,0.344421,0.498075,0.476931,0.150899,0.498005,-20.363573,-11.920805,0.000000,0.455332,0.036953,0.500000,,,1779488546.282323599,,,,,,,,,0,0,0,0,20780,23288,21450,20654,start_traj
1779488546.298193,1.037525,2026-05-22T18:22:26.298,sample,1,0.563994,0.355262,0.498552,0.476931,0.150899,0.498005,-20.363573,-11.920805,0.000000,0.455332,0.036953,0.500000,,,1779488546.291938066,,,,,,,,,0,0,0,0,20780,23288,21450,20654,start_traj
1779488546.308734,1.048067,2026-05-22T18:22:26.308,sample,1,0.569295,0.366122,0.499077,0.476931,0.150899,0.498005,-20.363573,-11.920805,0.000000,0.455332,0.036953,0.500000,,,1779488546.299270868,,,,,,,,,0,0,0,0,20780,23288,21450,20654,start_traj
1779488546.319344,1.058676,2026-05-22T18:22:26.319,sample,1,0.580194,0.388256,0.500087,0.575819,0.379006,0.495957,-9.682326,-11.319536,0.000000,0.455332,0.036953,0.500000,,,1779488546.315224886,,,,,,,,,0,0,0,0,22580,19023,22600,15924,start_traj
1779488546.329909,1.069241,2026-05-22T18:22:26.329,sample,1,0.585828,0.399388,0.500646,0.575819,0.379006,0.495957,-9.682326,-11.319536,0.000000,0.455332,0.036953,0.500000,,,1779488546.324426651,,,,,,,,,0,0,0,0,22580,19023,22600,15924,start_traj
1779488546.340775,1.080108,2026-05-22T18:22:26.340,sample,1,0.591590,0.410492,0.501340,0.575819,0.379006,0.495957,-9.682326,-11.319536,0.000000,0.455332,0.036953,0.500000,,,1779488546.332321167,,,,,,,,,0,0,0,0,22580,19023,22600,15924,start_traj
1779488546.351343,1.090676,2026-05-22T18:22:26.351,sample,1,0.603402,0.432837,0.502726,0.575819,0.379006,0.495957,-9.682326,-11.319536,0.000000,0.455332,0.036953,0.500000,,,1779488546.348429680,,,,,,,,,0,0,0,0,22580,19023,22600,15924,start_traj
1779488546.361961,1.101293,2026-05-22T18:22:26.361,sample,1,0.609407,0.443925,0.503283,0.575819,0.379006,0.495957,-9.682326,-11.319536,0.000000,0.455332,0.036953,0.500000,,,1779488546.356914997,,,,,,,,,0,0,0,0,17621,20294,18435,17440,start_traj
1779488546.372544,1.111876,2026-05-22T18:22:26.372,sample,1,0.615556,0.455046,0.503987,0.575819,0.379006,0.495957,-9.682326,-11.319536,0.000000,0.455332,0.036953,0.500000,,,1779488546.365505695,,,,,,,,,0,0,0,0,17621,20294,18435,17440,start_traj
1779488546.383128,1.122460,2026-05-22T18:22:26.383,sample,1,0.628098,0.477052,0.505360,0.575819,0.379006,0.495957,-9.682326,-11.319536,0.000000,0.455332,0.036953,0.500000,,,1779488546.381731272,,,,,,,,,0,0,0,0,17621,20294,18435,17440,start_traj
1779488546.393684,1.133016,2026-05-22T18:22:26.393,sample,1,0.634446,0.487764,0.505977,0.575819,0.379006,0.495957,-9.682326,-11.319536,0.000000,0.455332,0.036953,0.500000,,,1779488546.390830517,,,,,,,,,0,0,0,0,17621,20294,18435,17440,start_traj
1779488546.404341,1.143674,2026-05-22T18:22:26.404,sample,1,0.640950,0.498500,0.506678,0.575819,0.379006,0.495957,-9.682326,-11.319536,0.000000,0.455332,0.036953,0.500000,,,1779488546.398801565,,,,,,,,,0,0,0,0,17621,20294,18435,17440,start_traj
1779488546.414951,1.154284,2026-05-22T18:22:26.414,sample,1,0.647325,0.509139,0.507183,0.575819,0.379006,0.495957,-9.682326,-11.319536,0.000000,0.455332,0.036953,0.500000,,,1779488546.406958103,,,,,,,,,0,0,0,0,19093,18437,18663,13591,start_traj
1779488546.425534,1.164866,2026-05-22T18:22:26.425,sample,1,0.660431,0.529663,0.507972,0.575819,0.379006,0.495957,-9.682326,-11.319536,0.000000,0.455332,0.036953,0.500000,,,1779488546.423824549,,,,,,,,,0,0,0,0,19093,18437,18663,13591,start_traj
1779488546.436260,1.175592,2026-05-22T18:22:26.436,sample,1,0.666954,0.539566,0.508130,0.575819,0.379006,0.495957,-9.682326,-11.319536,0.000000,0.455332,0.036953,0.500000,,,1779488546.434994698,,,,,,,,,0,0,0,0,19093,18437,18663,13591,start_traj
1779488546.447259,1.186591,2026-05-22T18:22:26.447,sample,1,0.673758,0.549389,0.508466,0.575819,0.379006,0.495957,-9.682326,-11.319536,0.000000,0.455332,0.036953,0.500000,,,1779488546.441041231,,,,,,,,,0,0,0,0,19093,18437,18663,13591,start_traj
1779488546.457930,1.197262,2026-05-22T18:22:26.457,sample,1,0.687304,0.568348,0.508585,0.575819,0.379006,0.495957,-9.682326,-11.319536,0.000000,0.455332,0.036953,0.500000,,,1779488546.456955910,,,,,,,,,0,0,0,0,19093,18437,18663,13591,start_traj
1779488546.468570,1.207903,2026-05-22T18:22:26.468,sample,1,0.693969,0.577351,0.508457,0.575819,0.379006,0.495957,-9.682326,-11.319536,0.000000,0.455332,0.036953,0.500000,,,1779488546.466120958,,,,,,,,,0,0,0,0,21243,19147,18819,12330,start_traj
1779488546.479171,1.218503,2026-05-22T18:22:26.479,sample,1,0.700809,0.586145,0.508252,0.575819,0.379006,0.495957,-9.682326,-11.319536,0.000000,0.455332,0.036953,0.500000,,,1779488546.473920345,,,,,,,,,0,0,0,0,21243,19147,18819,12330,start_traj
1779488546.489779,1.229111,2026-05-22T18:22:26.489,sample,1,0.707749,0.594692,0.507847,0.575819,0.379006,0.495957,-9.682326,-11.319536,0.000000,0.455332,0.036953,0.500000,,,1779488546.481926441,,,,,,,,,0,0,0,0,21243,19147,18819,12330,start_traj
1779488546.500362,1.239694,2026-05-22T18:22:26.500,sample,1,0.721491,0.610917,0.506692,0.575819,0.379006,0.495957,-9.682326,-11.319536,0.000000,0.455332,0.036953,0.500000,,,1779488546.498681545,,,,,,,,,0,0,0,0,21243,19147,18819,12330,start_traj
1779488546.510937,1.250269,2026-05-22T18:22:26.510,sample,1,0.728400,0.618628,0.505982,0.736006,0.639634,0.506746,32.667248,-2.018215,0.000000,0.455332,0.036953,0.500000,,,1779488546.506782293,,,,,,,,,0,0,0,0,24488,25474,17170,14704,start_traj
1779488546.521575,1.260907,2026-05-22T18:22:26.521,sample,1,0.735147,0.625847,0.505041,0.736006,0.639634,0.506746,32.667248,-2.018215,0.000000,0.455332,0.036953,0.500000,,,1779488546.515452862,,,,,,,,,0,0,0,0,24488,25474,17170,14704,start_traj
1779488546.532182,1.271515,2026-05-22T18:22:26.532,sample,1,0.749027,0.639544,0.502907,0.736006,0.639634,0.506746,32.667248,-2.018215,0.000000,0.455332,0.036953,0.500000,,,1779488546.531834364,,,,,,,,,0,0,0,0,24488,25474,17170,14704,start_traj
1779488546.542828,1.282160,2026-05-22T18:22:26.542,sample,1,0.755899,0.645882,0.501710,0.736006,0.639634,0.506746,32.667248,-2.018215,0.000000,0.455332,0.036953,0.500000,,,1779488546.540488243,,,,,,,,,0,0,0,0,24488,25474,17170,14704,start_traj
1779488546.553429,1.292761,2026-05-22T18:22:26.553,sample,1,0.762537,0.651852,0.500512,0.736006,0.639634,0.506746,32.667248,-2.018215,0.000000,0.455332,0.036953,0.500000,,,1779488546.548822641,,,,,,,,,0,0,0,0,24488,25474,17170,14704,start_traj
1779488546.564027,1.303359,2026-05-22T18:22:26.564,sample,1,0.769338,0.657489,0.499166,0.736006,0.639634,0.506746,32.667248,-2.018215,0.000000,0.455332,0.036953,0.500000,,,1779488546.557759523,,,,,,,,,0,0,0,0,27083,25952,26768,20391,start_traj
1779488546.574694,1.314026,2026-05-22T18:22:26.574,sample,1,0.782718,0.667393,0.496428,0.736006,0.639634,0.506746,32.667248,-2.018215,0.000000,0.455332,0.036953,0.500000,,,1779488546.574440479,,,,,,,,,0,0,0,0,27083,25952,26768,20391,start_traj
1779488546.585264,1.324596,2026-05-22T18:22:26.585,sample,1,0.789324,0.671652,0.494890,0.736006,0.639634,0.506746,32.667248,-2.018215,0.000000,0.455332,0.036953,0.500000,,,1779488546.582439184,,,,,,,,,0,0,0,0,27083,25952,26768,20391,start_traj
1779488546.595823,1.335155,2026-05-22T18:22:26.595,sample,1,0.795766,0.675609,0.493337,0.736006,0.639634,0.506746,32.667248,-2.018215,0.000000,0.455332,0.036953,0.500000,,,1779488546.591159105,,,,,,,,,0,0,0,0,27083,25952,26768,20391,start_traj
1779488546.606461,1.345793,2026-05-22T18:22:26.606,sample,1,0.802147,0.678985,0.491834,0.736006,0.639634,0.506746,32.667248,-2.018215,0.000000,0.455332,0.036953,0.500000,,,1779488546.598975658,,,,,,,,,0,0,0,0,27083,25952,26768,20391,start_traj
1779488546.617098,1.356430,2026-05-22T18:22:26.617,sample,1,0.808544,0.681943,0.490340,0.736006,0.639634,0.506746,32.667248,-2.018215,0.000000,0.455332,0.036953,0.500000,,,1779488546.607297421,,,,,,,,,0,0,0,0,29821,31115,29877,23674,start_traj
1779488546.627694,1.367027,2026-05-22T18:22:26.627,sample,1,0.820843,0.686345,0.487638,0.736006,0.639634,0.506746,32.667248,-2.018215,0.000000,0.455332,0.036953,0.500000,,,1779488546.623997927,,,,,,,,,0,0,0,0,29821,31115,29877,23674,start_traj
1779488546.638265,1.377597,2026-05-22T18:22:26.638,sample,1,0.826765,0.687879,0.486367,0.736006,0.639634,0.506746,32.667248,-2.018215,0.000000,0.455332,0.036953,0.500000,,,1779488546.633919239,,,,,,,,,0,0,0,0,29821,31115,29877,23674,start_traj
1779488546.649163,1.388495,2026-05-22T18:22:26.649,sample,1,0.832748,0.688959,0.485147,0.736006,0.639634,0.506746,32.667248,-2.018215,0.000000,0.455332,0.036953,0.500000,,,1779488546.640501022,,,,,,,,,0,0,0,0,29821,31115,29877,23674,start_traj
1779488546.659699,1.399031,2026-05-22T18:22:26.659,sample,1,0.844144,0.689813,0.483205,0.736006,0.639634,0.506746,32.667248,-2.018215,0.000000,0.455332,0.036953,0.500000,,,1779488546.656807184,,,,,,,,,0,0,0,0,29821,31115,29877,23674,start_traj
1779488546.670337,1.409669,2026-05-22T18:22:26.670,sample,1,0.849573,0.689670,0.482508,0.736006,0.639634,0.506746,32.667248,-2.018215,0.000000,0.455332,0.036953,0.500000,,,1779488546.665495157,,,,,,,,,0,0,0,0,30899,30445,30713,23589,start_traj
1779488546.681043,1.420375,2026-05-22T18:22:26.681,sample,1,0.854782,0.689158,0.482079,0.736006,0.639634,0.506746,32.667248,-2.018215,0.000000,0.455332,0.036953,0.500000,,,1779488546.673710585,,,,,,,,,0,0,0,0,30899,30445,30713,23589,start_traj
1779488546.691703,1.431035,2026-05-22T18:22:26.691,sample,1,0.864832,0.687227,0.481585,0.736006,0.639634,0.506746,32.667248,-2.018215,0.000000,0.455332,0.036953,0.500000,,,1779488546.690350294,,,,,,,,,0,0,0,0,30899,30445,30713,23589,start_traj
1779488546.702308,1.441641,2026-05-22T18:22:26.702,sample,1,0.869608,0.685820,0.481629,0.736006,0.639634,0.506746,32.667248,-2.018215,0.000000,0.455332,0.036953,0.500000,,,1779488546.698643208,,,,,,,,,0,0,0,0,30899,30445,30713,23589,start_traj
1779488546.712882,1.452214,2026-05-22T18:22:26.712,sample,1,0.874145,0.684136,0.481900,0.885067,0.694647,0.477829,19.640553,10.603510,0.000000,0.455332,0.036953,0.500000,,,1779488546.707099676,,,,,,,,,0,0,0,0,27221,26709,26821,21505,start_traj
1779488546.723531,1.462863,2026-05-22T18:22:26.723,sample,1,0.878475,0.682238,0.482220,0.885067,0.694647,0.477829,19.640553,10.603510,0.000000,0.455332,0.036953,0.500000,,,1779488546.715706110,,,,,,,,,0,0,0,0,27221,26709,26821,21505,start_traj
1779488546.734118,1.473450,2026-05-22T18:22:26.734,sample,1,0.886451,0.678368,0.483700,0.885067,0.694647,0.477829,19.640553,10.603510,0.000000,0.455332,0.036953,0.500000,,,1779488546.732084513,,,,,,,,,0,0,0,0,27221,26709,26821,21505,start_traj
1779488546.744722,1.484054,2026-05-22T18:22:26.744,sample,1,0.890063,0.676299,0.484416,0.885067,0.694647,0.477829,19.640553,10.603510,0.000000,0.455332,0.036953,0.500000,,,1779488546.740437746,,,,,,,,,0,0,0,0,27221,26709,26821,21505,start_traj
1779488546.755326,1.494658,2026-05-22T18:22:26.755,sample,1,0.893622,0.674177,0.485717,0.885067,0.694647,0.477829,19.640553,10.603510,0.000000,0.455332,0.036953,0.500000,,,1779488546.749156952,,,,,,,,,0,0,0,0,27221,26709,26821,21505,start_traj
1779488546.765887,1.505219,2026-05-22T18:22:26.765,sample,1,0.900280,0.670237,0.488566,0.885067,0.694647,0.477829,19.640553,10.603510,0.000000,0.455332,0.036953,0.500000,,,1779488546.765057087,,,,,,,,,0,0,0,0,18723,20126,21983,18446,start_traj
1779488546.776537,1.515869,2026-05-22T18:22:26.776,sample,1,0.903295,0.668487,0.489940,0.885067,0.694647,0.477829,19.640553,10.603510,0.000000,0.455332,0.036953,0.500000,,,1779488546.774106979,,,,,,,,,0,0,0,0,18723,20126,21983,18446,start_traj
1779488546.787093,1.526426,2026-05-22T18:22:26.787,sample,1,0.906221,0.666828,0.491292,0.885067,0.694647,0.477829,19.640553,10.603510,0.000000,0.455332,0.036953,0.500000,,,1779488546.781968117,,,,,,,,,0,0,0,0,18723,20126,21983,18446,start_traj
1779488546.797660,1.536992,2026-05-22T18:22:26.797,sample,1,0.908972,0.665389,0.492536,0.885067,0.694647,0.477829,19.640553,10.603510,0.000000,0.455332,0.036953,0.500000,,,1779488546.790656328,,,,,,,,,0,0,0,0,18723,20126,21983,18446,start_traj
1779488546.808280,1.547612,2026-05-22T18:22:26.808,sample,1,0.913973,0.662928,0.494782,0.885067,0.694647,0.477829,19.640553,10.603510,0.000000,0.455332,0.036953,0.500000,,,1779488546.807432413,,,,,,,,,0,0,0,0,18723,20126,21983,18446,start_traj
1779488546.818790,1.558122,2026-05-22T18:22:26.818,sample,1,0.916181,0.662044,0.495695,0.885067,0.694647,0.477829,19.640553,10.603510,0.000000,0.455332,0.036953,0.500000,,,1779488546.815522671,,,,,,,,,0,0,0,0,9474,9507,23254,20062,start_traj
1779488546.829472,1.568804,2026-05-22T18:22:26.829,sample,1,0.918382,0.661432,0.496486,0.885067,0.694647,0.477829,19.640553,10.603510,0.000000,0.455332,0.036953,0.500000,,,1779488546.823877096,,,,,,,,,0,0,0,0,9474,9507,23254,20062,start_traj
1779488546.840101,1.579433,2026-05-22T18:22:26.840,sample,1,0.920472,0.660981,0.497154,0.885067,0.694647,0.477829,19.640553,10.603510,0.000000,0.455332,0.036953,0.500000,,,1779488546.831925631,,,,,,,,,0,0,0,0,9474,9507,23254,20062,start_traj
1779488546.850949,1.590281,2026-05-22T18:22:26.850,sample,1,0.924078,0.660783,0.498341,0.885067,0.694647,0.477829,19.640553,10.603510,0.000000,0.455332,0.036953,0.500000,,,1779488546.850664854,,,,,,,,,0,0,0,0,9474,9507,23254,20062,start_traj
1779488546.861536,1.600868,2026-05-22T18:22:26.861,sample,1,0.925756,0.661003,0.498566,0.885067,0.694647,0.477829,19.640553,10.603510,0.000000,0.455332,0.036953,0.500000,,,1779488546.856851101,,,,,,,,,0,0,0,0,1669,1608,31316,29550,start_traj
1779488546.872158,1.611490,2026-05-22T18:22:26.872,sample,1,0.927275,0.661306,0.498848,0.885067,0.694647,0.477829,19.640553,10.603510,0.000000,0.455332,0.036953,0.500000,,,1779488546.865287781,,,,,,,,,0,0,0,0,1669,1608,31316,29550,start_traj
1779488546.882704,1.622036,2026-05-22T18:22:26.882,sample,1,0.929588,0.662554,0.499435,0.885067,0.694647,0.477829,19.640553,10.603510,0.000000,0.455332,0.036953,0.500000,,,1779488546.881966352,,,,,,,,,0,0,0,0,1669,1608,31316,29550,start_traj
1779488546.893361,1.632694,2026-05-22T18:22:26.893,sample,1,0.930496,0.663488,0.499694,0.885067,0.694647,0.477829,19.640553,10.603510,0.000000,0.455332,0.036953,0.500000,,,1779488546.889977694,,,,,,,,,0,0,0,0,1669,1608,31316,29550,start_traj
1779488546.903947,1.643280,2026-05-22T18:22:26.903,sample,1,0.931136,0.664289,0.499879,0.885067,0.694647,0.477829,19.640553,10.603510,0.000000,0.455332,0.036953,0.500000,,,1779488546.899021626,,,,,,,,,0,0,0,0,1669,1608,31316,29550,start_traj
1779488546.914524,1.653857,2026-05-22T18:22:26.914,sample,1,0.931641,0.665094,0.500040,0.937124,0.658000,0.503222,-28.627031,16.753328,0.000000,0.455332,0.036953,0.500000,,,1779488546.906920195,,,,,,,,,0,0,0,0,12299,13759,25220,24392,start_traj
1779488546.925248,1.664580,2026-05-22T18:22:26.925,sample,1,0.932278,0.666510,0.499874,0.937124,0.658000,0.503222,-28.627031,16.753328,0.000000,0.455332,0.036953,0.500000,,,1779488546.923993111,,,,,,,,,0,0,0,0,12299,13759,25220,24392,start_traj
1779488546.935818,1.675150,2026-05-22T18:22:26.935,sample,1,0.932356,0.667001,0.499313,0.937124,0.658000,0.503222,-28.627031,16.753328,0.000000,0.455332,0.036953,0.500000,,,1779488546.932056427,,,,,,,,,0,0,0,0,12299,13759,25220,24392,start_traj
1779488546.946541,1.685873,2026-05-22T18:22:26.946,sample,1,0.932392,0.667155,0.498487,0.937124,0.658000,0.503222,-28.627031,16.753328,0.000000,0.455332,0.036953,0.500000,,,1779488546.941993237,,,,,,,,,0,0,0,0,12299,13759,25220,24392,start_traj
1779488546.957242,1.696574,2026-05-22T18:22:26.957,sample,1,0.932319,0.666815,0.495424,0.937124,0.658000,0.503222,-28.627031,16.753328,0.000000,0.455332,0.036953,0.500000,,,1779488546.957061768,,,,,,,,,0,0,0,0,12299,13759,25220,24392,start_traj
1779488546.967897,1.707229,2026-05-22T18:22:26.967,sample,1,0.932222,0.666248,0.493083,0.937124,0.658000,0.503222,-28.627031,16.753328,0.000000,0.455332,0.036953,0.500000,,,1779488546.965157270,,,,,,,,,0,0,0,0,22167,19210,22514,15908,start_traj
1779488546.978472,1.717804,2026-05-22T18:22:26.978,sample,1,0.932073,0.665551,0.490012,0.937124,0.658000,0.503222,-28.627031,16.753328,0.000000,0.455332,0.036953,0.500000,,,1779488546.974801302,,,,,,,,,0,0,0,0,22167,19210,22514,15908,start_traj
1779488546.989070,1.728402,2026-05-22T18:22:26.989,sample,1,0.931990,0.664795,0.486291,0.937124,0.658000,0.503222,-28.627031,16.753328,0.000000,0.455332,0.036953,0.500000,,,1779488546.982325315,,,,,,,,,0,0,0,0,22167,19210,22514,15908,start_traj
1779488546.999693,1.739025,2026-05-22T18:22:26.999,sample,1,0.931517,0.662996,0.477083,0.937124,0.658000,0.503222,-28.627031,16.753328,0.000000,0.455332,0.036953,0.500000,,,1779488546.999182463,,,,,,,,,0,0,0,0,22167,19210,22514,15908,start_traj
1779488547.010283,1.749615,2026-05-22T18:22:27.010,sample,1,0.931803,0.662318,0.471150,0.937124,0.658000,0.503222,-28.627031,16.753328,0.000000,0.455332,0.036953,0.500000,,,1779488547.007037640,,,,,,,,,0,0,0,0,32767,32767,-57,-71,start_traj
1779488547.020897,1.760229,2026-05-22T18:22:27.020,sample,1,0.931587,0.660907,0.464948,0.937124,0.658000,0.503222,-28.627031,16.753328,0.000000,0.455332,0.036953,0.500000,,,1779488547.015143633,,,,,,,,,0,0,0,0,32767,32767,-57,-71,start_traj
1779488547.031551,1.770883,2026-05-22T18:22:27.031,sample,1,0.931309,0.659087,0.458850,0.937124,0.658000,0.503222,-28.627031,16.753328,0.000000,0.455332,0.036953,0.500000,,,1779488547.023607492,,,,,,,,,0,0,0,0,32767,32767,-57,-71,start_traj
1779488547.042526,1.781858,2026-05-22T18:22:27.042,sample,1,0.931420,0.654154,0.445529,0.937124,0.658000,0.503222,-28.627031,16.753328,0.000000,0.455332,0.036953,0.500000,,,1779488547.040197849,,,,,,,,,0,0,0,0,32767,32767,-57,-71,start_traj
1779488547.053499,1.792831,2026-05-22T18:22:27.053,sample,1,0.931610,0.651961,0.437697,0.937124,0.658000,0.503222,-28.627031,16.753328,0.000000,0.455332,0.036953,0.500000,,,1779488547.048549414,,,,,,,,,0,0,0,0,32767,32767,-57,-71,start_traj
1779488547.064127,1.803459,2026-05-22T18:22:27.064,sample,1,0.931652,0.649619,0.428828,0.937124,0.658000,0.503222,-28.627031,16.753328,0.000000,0.455332,0.036953,0.500000,,,1779488547.057009697,,,,,,,,,0,0,0,0,32767,32762,-2,8,start_traj
1779488547.074715,1.814047,2026-05-22T18:22:27.074,sample,1,0.930797,0.642022,0.410315,0.937124,0.658000,0.503222,-28.627031,16.753328,0.000000,0.455332,0.036953,0.500000,,,1779488547.073712826,,,,,,,,,0,0,0,0,32767,32762,-2,8,start_traj
1779488547.085364,1.824696,2026-05-22T18:22:27.085,sample,1,0.930672,0.636836,0.400680,0.937124,0.658000,0.503222,-28.627031,16.753328,0.000000,0.455332,0.036953,0.500000,,,1779488547.081895828,,,,,,,,,0,0,0,0,32767,32762,-2,8,start_traj
1779488547.095987,1.835319,2026-05-22T18:22:27.095,sample,1,0.930274,0.629916,0.390816,0.937124,0.658000,0.503222,-28.627031,16.753328,0.000000,0.455332,0.036953,0.500000,,,1779488547.090956211,,,,,,,,,0,0,0,0,32767,32762,-2,8,start_traj
1779488547.106578,1.845910,2026-05-22T18:22:27.106,sample,1,0.930044,0.622304,0.380571,0.937124,0.658000,0.503222,-28.627031,16.753328,0.000000,0.455332,0.036953,0.500000,,,1779488547.098529577,,,,,,,,,0,0,0,0,32767,32762,-2,8,start_traj
1779488547.117226,1.856558,2026-05-22T18:22:27.117,sample,1,0.929199,0.606877,0.358268,0.924340,0.637728,0.395348,111.918770,22.624062,0.000000,0.455332,0.036953,0.500000,,,1779488547.115192413,,,,,,,,,0,0,0,0,32767,31651,5010,6683,start_traj
1779488547.127879,1.867211,2026-05-22T18:22:27.127,sample,1,0.928567,0.598693,0.346356,0.924340,0.637728,0.395348,111.918770,22.624062,0.000000,0.455332,0.036953,0.500000,,,1779488547.124123335,,,,,,,,,0,0,0,0,32767,31651,5010,6683,start_traj
1779488547.138437,1.877769,2026-05-22T18:22:27.138,sample,1,0.927967,0.590447,0.334230,0.924340,0.637728,0.395348,111.918770,22.624062,0.000000,0.455332,0.036953,0.500000,,,1779488547.132187366,,,,,,,,,0,0,0,0,32767,31651,5010,6683,start_traj
1779488547.149045,1.888378,2026-05-22T18:22:27.149,sample,1,0.927390,0.582417,0.321763,0.924340,0.637728,0.395348,111.918770,22.624062,0.000000,0.455332,0.036953,0.500000,,,1779488547.140321255,,,,,,,,,0,0,0,0,32767,31651,5010,6683,start_traj
1779488547.159632,1.898964,2026-05-22T18:22:27.159,sample,1,0.925750,0.565565,0.297101,0.924340,0.637728,0.395348,111.918770,22.624062,0.000000,0.455332,0.036953,0.500000,,,1779488547.158161402,,,,,,,,,0,0,0,0,32767,31651,5010,6683,start_traj
1779488547.170295,1.909627,2026-05-22T18:22:27.170,sample,1,0.924588,0.558339,0.283691,0.924340,0.637728,0.395348,111.918770,22.624062,0.000000,0.455332,0.036953,0.500000,,,1779488547.165164232,,,,,,,,,0,0,0,0,32745,22792,5626,2565,start_traj
1779488547.180903,1.920235,2026-05-22T18:22:27.180,sample,1,0.923258,0.552212,0.269401,0.924340,0.637728,0.395348,111.918770,22.624062,0.000000,0.455332,0.036953,0.500000,,,1779488547.173620462,,,,,,,,,0,0,0,0,32745,22792,5626,2565,start_traj
1779488547.191474,1.930806,2026-05-22T18:22:27.191,sample,1,0.920923,0.541817,0.235338,0.924340,0.637728,0.395348,111.918770,22.624062,0.000000,0.455332,0.036953,0.500000,,,1779488547.190862417,,,,,,,,,0,0,0,0,32745,22792,5626,2565,start_traj
1779488547.202085,1.941417,2026-05-22T18:22:27.202,sample,1,0.920297,0.536793,0.214857,0.924340,0.637728,0.395348,111.918770,22.624062,0.000000,0.455332,0.036953,0.500000,,,1779488547.199106693,,,,,,,,,0,0,0,0,32745,22792,5626,2565,start_traj
1779488547.212647,1.951979,2026-05-22T18:22:27.212,sample,1,0.920499,0.530751,0.192122,0.924340,0.637728,0.395348,111.918770,22.624062,0.000000,0.455332,0.036953,0.500000,,,1779488547.207389116,,,,,,,,,0,0,0,0,32767,23228,12888,0,start_traj
1779488547.223282,1.962614,2026-05-22T18:22:27.223,sample,1,0.920855,0.523970,0.168463,0.924340,0.637728,0.395348,111.918770,22.624062,0.000000,0.455332,0.036953,0.500000,,,1779488547.215731859,,,,,,,,,0,0,0,0,32767,23228,12888,0,start_traj
1779488547.233890,1.973222,2026-05-22T18:22:27.233,sample,1,0.924459,0.499934,0.114964,0.924340,0.637728,0.395348,111.918770,22.624062,0.000000,0.455332,0.036953,0.500000,,,1779488547.231768370,,,,,,,,,0,0,0,0,32767,23228,12888,0,start_traj
1779488547.244416,1.983748,2026-05-22T18:22:27.244,sample,1,0.926896,0.484249,0.089376,0.924340,0.637728,0.395348,111.918770,22.624062,0.000000,0.455332,0.036953,0.500000,,,1779488547.240971327,,,,,,,,,0,0,0,0,32767,23228,12888,0,start_traj
1779488547.254693,1.994025,2026-05-22T18:22:27.254,sample,1,0.929475,0.469304,0.062572,0.924340,0.637728,0.395348,111.918770,22.624062,0.000000,0.455332,0.036953,0.500000,,,1779488547.249032497,,,,,,,,,0,0,0,0,32767,23228,12888,0,start_traj
1779488547.265357,2.004689,2026-05-22T18:22:27.265,sample,1,0.930156,0.441430,0.032692,0.924340,0.637728,0.395348,111.918770,22.624062,0.000000,0.455332,0.036953,0.500000,,,1779488547.265064716,,,,,,,,,0,0,0,0,148,18815,30573,32767,start_traj
1779488547.275965,2.015298,2026-05-22T18:22:27.275,sample,1,0.924754,0.436614,0.024364,0.924340,0.637728,0.395348,111.918770,22.624062,0.000000,0.455332,0.036953,0.500000,,,1779488547.274298191,,,,,,,,,0,0,0,0,148,18815,30573,32767,start_traj
1779488547.286589,2.025921,2026-05-22T18:22:27.286,sample,1,0.926036,0.431927,0.017969,0.924340,0.637728,0.395348,111.918770,22.624062,0.000000,0.455332,0.036953,0.500000,,,1779488547.281860590,,,,,,,,,0,0,0,0,148,18815,30573,32767,start_traj
1779488547.297199,2.036531,2026-05-22T18:22:27.297,sample,1,0.931623,0.417661,0.012272,0.924340,0.637728,0.395348,111.918770,22.624062,0.000000,0.455332,0.036953,0.500000,,,1779488547.290481806,,,,,,,,,0,0,0,0,148,18815,30573,32767,start_traj
1779488547.307767,2.047099,2026-05-22T18:22:27.307,sample,1,0.935054,0.392166,0.014081,0.924340,0.637728,0.395348,111.918770,22.624062,0.000000,0.455332,0.036953,0.500000,,,1779488547.307323217,,,,,,,,,0,0,0,0,148,18815,30573,32767,start_traj
1779488547.318366,2.057698,2026-05-22T18:22:27.318,sample,1,0.933313,0.385213,0.013555,0.954491,0.331694,-0.122911,-143.241257,6.077780,0.000000,0.455332,0.036953,0.500000,,,1779488547.316512108,,,,,,,,,0,0,0,0,20269,-22,32767,2559,start_traj
1779488547.329019,2.068351,2026-05-22T18:22:27.329,sample,1,0.931344,0.384192,0.016775,0.954491,0.331694,-0.122911,-143.241257,6.077780,0.000000,0.455332,0.036953,0.500000,,,1779488547.323797464,,,,,,,,,0,0,0,0,20269,-22,32767,2559,start_traj
1779488547.339589,2.078921,2026-05-22T18:22:27.339,sample,1,0.934471,0.375749,0.016525,0.954491,0.331694,-0.122911,-143.241257,6.077780,0.000000,0.455332,0.036953,0.500000,,,1779488547.332322121,,,,,,,,,0,0,0,0,20269,-22,32767,2559,start_traj
1779488547.350234,2.089566,2026-05-22T18:22:27.350,sample,1,0.941410,0.357541,0.012618,0.954491,0.331694,-0.122911,-143.241257,6.077780,0.000000,0.455332,0.036953,0.500000,,,1779488547.348495007,,,,,,,,,0,0,0,0,20269,-22,32767,2559,start_traj
1779488547.360880,2.100212,2026-05-22T18:22:27.360,sample,1,0.946042,0.349569,0.010713,0.954491,0.331694,-0.122911,-143.241257,6.077780,0.000000,0.455332,0.036953,0.500000,,,1779488547.356766701,,,,,,,,,0,0,0,0,27807,-261,31798,32767,start_traj
1779488547.371454,2.110786,2026-05-22T18:22:27.371,sample,1,0.945140,0.344481,0.010046,0.954491,0.331694,-0.122911,-143.241257,6.077780,0.000000,0.455332,0.036953,0.500000,,,1779488547.365128517,,,,,,,,,0,0,0,0,27807,-261,31798,32767,start_traj
1779488547.382044,2.121376,2026-05-22T18:22:27.382,sample,1,0.943216,0.336796,0.011132,0.954491,0.331694,-0.122911,-143.241257,6.077780,0.000000,0.455332,0.036953,0.500000,,,1779488547.381766796,,,,,,,,,0,0,0,0,27807,-261,31798,32767,start_traj
1779488547.392713,2.132045,2026-05-22T18:22:27.392,sample,1,0.940881,0.334964,0.013399,0.954491,0.331694,-0.122911,-143.241257,6.077780,0.000000,0.455332,0.036953,0.500000,,,1779488547.390654802,,,,,,,,,0,0,0,0,27807,-261,31798,32767,start_traj
1779488547.403327,2.142659,2026-05-22T18:22:27.403,sample,1,0.940490,0.333572,0.015148,0.954491,0.331694,-0.122911,-143.241257,6.077780,0.000000,0.455332,0.036953,0.500000,,,1779488547.398905754,,,,,,,,,0,0,0,0,27807,-261,31798,32767,start_traj
1779488547.413917,2.153250,2026-05-22T18:22:27.413,sample,1,0.941131,0.331459,0.015726,0.954491,0.331694,-0.122911,-143.241257,6.077780,0.000000,0.455332,0.036953,0.500000,,,1779488547.408512354,,,,,,,,,0,0,0,0,33,32,32570,32767,start_traj
1779488547.424540,2.163872,2026-05-22T18:22:27.424,sample,1,0.941919,0.328628,0.015062,0.954491,0.331694,-0.122911,-143.241257,6.077780,0.000000,0.455332,0.036953,0.500000,,,1779488547.424427271,,,,,,,,,0,0,0,0,33,32,32570,32767,start_traj
1779488547.435117,2.174449,2026-05-22T18:22:27.435,sample,1,0.942877,0.328220,0.015379,0.954491,0.331694,-0.122911,-143.241257,6.077780,0.000000,0.455332,0.036953,0.500000,,,1779488547.431938171,,,,,,,,,0,0,0,0,33,32,32570,32767,start_traj
1779488547.445738,2.185070,2026-05-22T18:22:27.445,sample,1,0.943416,0.327891,0.015134,0.954491,0.331694,-0.122911,-143.241257,6.077780,0.000000,0.455332,0.036953,0.500000,,,1779488547.440205812,,,,,,,,,0,0,0,0,33,32,32570,32767,start_traj
1779488547.455822,2.195154,2026-05-22T18:22:27.455,sample,1,0.943784,0.327765,0.015088,0.954491,0.331694,-0.122911,-143.241257,6.077780,0.000000,0.455332,0.036953,0.500000,,,1779488547.449073076,,,,,,,,,0,0,0,0,33,32,32570,32767,start_traj
1779488547.466433,2.205765,2026-05-22T18:22:27.466,sample,1,0.943785,0.327557,0.015040,0.954491,0.331694,-0.122911,-143.241257,6.077780,0.000000,0.455332,0.036953,0.500000,,,1779488547.465579033,,,,,,,,,0,0,0,0,16272,-6,32582,32767,start_traj
1779488547.477001,2.216333,2026-05-22T18:22:27.477,sample,1,0.943392,0.326938,0.014758,0.954491,0.331694,-0.122911,-143.241257,6.077780,0.000000,0.455332,0.036953,0.500000,,,1779488547.473874092,,,,,,,,,0,0,0,0,16272,-6,32582,32767,start_traj
1779488547.487798,2.227130,2026-05-22T18:22:27.487,sample,1,0.942824,0.325958,0.014460,0.954491,0.331694,-0.122911,-143.241257,6.077780,0.000000,0.455332,0.036953,0.500000,,,1779488547.482249737,,,,,,,,,0,0,0,0,16272,-6,32582,32767,start_traj
1779488547.498450,2.237782,2026-05-22T18:22:27.498,sample,1,0.942508,0.325004,0.014117,0.954491,0.331694,-0.122911,-143.241257,6.077780,0.000000,0.455332,0.036953,0.500000,,,1779488547.490386486,,,,,,,,,0,0,0,0,16272,-6,32582,32767,start_traj
1779488547.509047,2.248379,2026-05-22T18:22:27.509,sample,1,0.941683,0.324719,0.013658,0.954491,0.331694,-0.122911,-143.241257,6.077780,0.000000,0.455332,0.036953,0.500000,,,1779488547.506613016,,,,,,,,,0,0,0,0,16272,-6,32582,32767,start_traj
1779488547.519661,2.258993,2026-05-22T18:22:27.519,sample,1,0.941570,0.324719,0.013504,0.941001,0.091882,-0.340293,-124.479752,-3.854072,0.000000,0.455332,0.036953,0.500000,,,1779488547.517009020,,,,,,,,,0,0,0,0,-27,5,18986,32767,start_traj
1779488547.530321,2.269653,2026-05-22T18:22:27.530,sample,1,0.941514,0.324803,0.013421,0.941001,0.091882,-0.340293,-124.479752,-3.854072,0.000000,0.455332,0.036953,0.500000,,,1779488547.523695469,,,,,,,,,0,0,0,0,-27,5,18986,32767,start_traj
1779488547.540912,2.280244,2026-05-22T18:22:27.540,sample,1,0.941511,0.324897,0.013500,0.941001,0.091882,-0.340293,-124.479752,-3.854072,0.000000,0.455332,0.036953,0.500000,,,1779488547.540184975,,,,,,,,,0,0,0,0,-27,5,18986,32767,start_traj
1779488547.551546,2.290878,2026-05-22T18:22:27.551,sample,1,0.941496,0.324934,0.013416,0.941001,0.091882,-0.340293,-124.479752,-3.854072,0.000000,0.455332,0.036953,0.500000,,,1779488547.548560858,,,,,,,,,0,0,0,0,-27,5,18986,32767,start_traj
1779488547.562158,2.301490,2026-05-22T18:22:27.562,sample,1,0.941478,0.324962,0.013428,0.941001,0.091882,-0.340293,-124.479752,-3.854072,0.000000,0.455332,0.036953,0.500000,,,1779488547.557070971,,,,,,,,,0,0,0,0,7760,4,32767,32709,start_traj
1779488547.572756,2.312088,2026-05-22T18:22:27.572,sample,1,0.941515,0.324960,0.013435,0.941001,0.091882,-0.340293,-124.479752,-3.854072,0.000000,0.455332,0.036953,0.500000,,,1779488547.565034628,,,,,,,,,0,0,0,0,7760,4,32767,32709,start_traj
1779488547.583339,2.322671,2026-05-22T18:22:27.583,sample,1,0.941529,0.324912,0.013437,0.941001,0.091882,-0.340293,-124.479752,-3.854072,0.000000,0.455332,0.036953,0.500000,,,1779488547.582301855,,,,,,,,,0,0,0,0,7760,4,32767,32709,start_traj
1779488547.593963,2.333295,2026-05-22T18:22:27.593,sample,1,0.941553,0.324854,0.013402,0.941001,0.091882,-0.340293,-124.479752,-3.854072,0.000000,0.455332,0.036953,0.500000,,,1779488547.590461731,,,,,,,,,0,0,0,0,7760,4,32767,32709,start_traj
1779488547.604523,2.343855,2026-05-22T18:22:27.604,sample,1,0.941556,0.324800,0.013450,0.941001,0.091882,-0.340293,-124.479752,-3.854072,0.000000,0.455332,0.036953,0.500000,,,1779488547.598239899,,,,,,,,,0,0,0,0,7760,4,32767,32709,start_traj
1779488547.615277,2.354609,2026-05-22T18:22:27.615,sample,1,0.941578,0.324738,0.013556,0.941001,0.091882,-0.340293,-124.479752,-3.854072,0.000000,0.455332,0.036953,0.500000,,,1779488547.606653214,,,,,,,,,0,0,0,0,5217,2,32767,32763,start_traj
1779488547.625892,2.365224,2026-05-22T18:22:27.625,sample,1,0.941737,0.324696,0.013709,0.941001,0.091882,-0.340293,-124.479752,-3.854072,0.000000,0.455332,0.036953,0.500000,,,1779488547.623441696,,,,,,,,,0,0,0,0,5217,2,32767,32763,start_traj
1779488547.636470,2.375803,2026-05-22T18:22:27.636,sample,1,0.941804,0.324712,0.013804,0.941001,0.091882,-0.340293,-124.479752,-3.854072,0.000000,0.455332,0.036953,0.500000,,,1779488547.631667614,,,,,,,,,0,0,0,0,5217,2,32767,32763,start_traj
1779488547.647063,2.386395,2026-05-22T18:22:27.647,sample,1,0.941866,0.324770,0.013950,0.941001,0.091882,-0.340293,-124.479752,-3.854072,0.000000,0.455332,0.036953,0.500000,,,1779488547.640817642,,,,,,,,,0,0,0,0,5217,2,32767,32763,start_traj
1779488547.657701,2.397033,2026-05-22T18:22:27.657,sample,1,0.941941,0.324994,0.014379,0.941001,0.091882,-0.340293,-124.479752,-3.854072,0.000000,0.455332,0.036953,0.500000,,,1779488547.656715870,,,,,,,,,0,0,0,0,5217,2,32767,32763,start_traj
1779488547.668326,2.407658,2026-05-22T18:22:27.668,sample,1,0.941943,0.325096,0.014400,0.941001,0.091882,-0.340293,-124.479752,-3.854072,0.000000,0.455332,0.036953,0.500000,,,1779488547.664937258,,,,,,,,,0,0,0,0,1984,11,32667,32767,start_traj
1779488547.678945,2.418278,2026-05-22T18:22:27.678,sample,1,0.942081,0.325149,0.014261,0.941001,0.091882,-0.340293,-124.479752,-3.854072,0.000000,0.455332,0.036953,0.500000,,,1779488547.673502922,,,,,,,,,0,0,0,0,1984,11,32667,32767,start_traj
1779488547.689477,2.428809,2026-05-22T18:22:27.689,sample,1,0.942100,0.325201,0.014245,0.941001,0.091882,-0.340293,-124.479752,-3.854072,0.000000,0.455332,0.036953,0.500000,,,1779488547.681969643,,,,,,,,,0,0,0,0,1984,11,32667,32767,start_traj
1779488547.700052,2.439384,2026-05-22T18:22:27.700,sample,1,0.942127,0.325199,0.014292,0.941001,0.091882,-0.340293,-124.479752,-3.854072,0.000000,0.455332,0.036953,0.500000,,,1779488547.690291166,,,,,,,,,0,0,0,0,1984,11,32667,32767,start_traj
1779488547.710593,2.449926,2026-05-22T18:22:27.710,sample,1,0.942098,0.325153,0.014255,0.951254,0.044440,-0.337700,-129.887314,-7.749742,0.000000,0.455332,0.036953,0.500000,,,1779488547.707581758,,,,,,,,,0,0,0,0,1984,11,32667,32767,start_traj
1779488547.721177,2.460509,2026-05-22T18:22:27.721,sample,1,0.942075,0.325106,0.014279,0.951254,0.044440,-0.337700,-129.887314,-7.749742,0.000000,0.455332,0.036953,0.500000,,,1779488547.716568708,,,,,,,,,0,0,0,0,4550,-18,32543,32767,start_traj
1779488547.731905,2.471238,2026-05-22T18:22:27.731,sample,1,0.942026,0.324797,0.014039,0.951254,0.044440,-0.337700,-129.887314,-7.749742,0.000000,0.455332,0.036953,0.500000,,,1779488547.731779099,,,,,,,,,0,0,0,0,4550,-18,32543,32767,start_traj
1779488547.742794,2.482126,2026-05-22T18:22:27.742,sample,1,0.941980,0.324751,0.014014,0.951254,0.044440,-0.337700,-129.887314,-7.749742,0.000000,0.455332,0.036953,0.500000,,,1779488547.740449905,,,,,,,,,0,0,0,0,4550,-18,32543,32767,start_traj
1779488547.753428,2.492760,2026-05-22T18:22:27.753,sample,1,0.941988,0.324778,0.013996,0.951254,0.044440,-0.337700,-129.887314,-7.749742,0.000000,0.455332,0.036953,0.500000,,,1779488547.749295473,,,,,,,,,0,0,0,0,4550,-18,32543,32767,start_traj
1779488547.764015,2.503347,2026-05-22T18:22:27.764,sample,1,0.942001,0.324809,0.014007,0.951254,0.044440,-0.337700,-129.887314,-7.749742,0.000000,0.455332,0.036953,0.500000,,,1779488547.756669044,,,,,,,,,0,0,0,0,5837,2,32767,32745,start_traj
1779488547.774587,2.513919,2026-05-22T18:22:27.774,sample,1,0.941945,0.324751,0.013976,0.951254,0.044440,-0.337700,-129.887314,-7.749742,0.000000,0.455332,0.036953,0.500000,,,1779488547.773695707,,,,,,,,,0,0,0,0,5837,2,32767,32745,start_traj
1779488547.785177,2.524509,2026-05-22T18:22:27.785,sample,1,0.941951,0.324763,0.013982,0.951254,0.044440,-0.337700,-129.887314,-7.749742,0.000000,0.455332,0.036953,0.500000,,,1779488547.782328606,,,,,,,,,0,0,0,0,5837,2,32767,32745,start_traj
1779488547.795770,2.535103,2026-05-22T18:22:27.795,sample,1,0.941953,0.324783,0.013995,0.951254,0.044440,-0.337700,-129.887314,-7.749742,0.000000,0.455332,0.036953,0.500000,,,1779488547.790005207,,,,,,,,,0,0,0,0,5837,2,32767,32745,start_traj
1779488547.806362,2.545694,2026-05-22T18:22:27.806,sample,1,0.941978,0.324792,0.013946,0.951254,0.044440,-0.337700,-129.887314,-7.749742,0.000000,0.455332,0.036953,0.500000,,,1779488547.798859596,,,,,,,,,0,0,0,0,5837,2,32767,32745,start_traj
1779488547.816951,2.556283,2026-05-22T18:22:27.816,sample,1,0.941981,0.324747,0.014005,0.951254,0.044440,-0.337700,-129.887314,-7.749742,0.000000,0.455332,0.036953,0.500000,,,1779488547.815375566,,,,,,,,,0,0,0,0,3867,-11,32753,32767,start_traj
1779488547.827471,2.566803,2026-05-22T18:22:27.827,sample,1,0.942019,0.324802,0.014033,0.951254,0.044440,-0.337700,-129.887314,-7.749742,0.000000,0.455332,0.036953,0.500000,,,1779488547.825345039,,,,,,,,,0,0,0,0,3867,-11,32753,32767,start_traj
1779488547.838093,2.577425,2026-05-22T18:22:27.838,sample,1,0.942019,0.324791,0.014095,0.951254,0.044440,-0.337700,-129.887314,-7.749742,0.000000,0.455332,0.036953,0.500000,,,1779488547.831849337,,,,,,,,,0,0,0,0,3867,-11,32753,32767,start_traj
1779488547.848710,2.588042,2026-05-22T18:22:27.848,sample,1,0.941973,0.324986,0.014247,0.951254,0.044440,-0.337700,-129.887314,-7.749742,0.000000,0.455332,0.036953,0.500000,,,1779488547.841121674,,,,,,,,,0,0,0,0,3867,-11,32753,32767,start_traj
1779488547.859286,2.598618,2026-05-22T18:22:27.859,sample,1,0.942008,0.325032,0.014238,0.951254,0.044440,-0.337700,-129.887314,-7.749742,0.000000,0.455332,0.036953,0.500000,,,1779488547.857184649,,,,,,,,,0,0,0,0,3867,-11,32753,32767,start_traj
1779488547.869857,2.609190,2026-05-22T18:22:27.869,sample,1,0.941997,0.325028,0.014252,0.951254,0.044440,-0.337700,-129.887314,-7.749742,0.000000,0.455332,0.036953,0.500000,,,1779488547.865182638,,,,,,,,,0,0,0,0,3337,-10,32766,32767,start_traj
1779488547.880414,2.619747,2026-05-22T18:22:27.880,sample,1,0.942044,0.324780,0.014097,0.951254,0.044440,-0.337700,-129.887314,-7.749742,0.000000,0.455332,0.036953,0.500000,,,1779488547.873847485,,,,,,,,,0,0,0,0,3337,-10,32766,32767,start_traj
1779488547.890975,2.630307,2026-05-22T18:22:27.890,sample,1,0.941956,0.324751,0.014198,0.951254,0.044440,-0.337700,-129.887314,-7.749742,0.000000,0.455332,0.036953,0.500000,,,1779488547.890680552,,,,,,,,,0,0,0,0,3337,-10,32766,32767,start_traj
1779488547.901531,2.640863,2026-05-22T18:22:27.901,sample,1,0.942043,0.324755,0.014026,0.951254,0.044440,-0.337700,-129.887314,-7.749742,0.000000,0.455332,0.036953,0.500000,,,1779488547.898745537,,,,,,,,,0,0,0,0,3337,-10,32766,32767,start_traj
1779488547.912101,2.651433,2026-05-22T18:22:27.912,sample,1,0.942054,0.324786,0.014042,1.004829,0.075294,-0.308978,-137.998962,-8.223421,0.000000,0.455332,0.036953,0.500000,,,1779488547.906785727,,,,,,,,,0,0,0,0,1906,-10,32758,32767,start_traj
1779488547.922651,2.661983,2026-05-22T18:22:27.922,sample,1,0.942035,0.324765,0.014089,1.004829,0.075294,-0.308978,-137.998962,-8.223421,0.000000,0.455332,0.036953,0.500000,,,1779488547.917052269,,,,,,,,,0,0,0,0,1906,-10,32758,32767,start_traj
1779488547.933300,2.672632,2026-05-22T18:22:27.933,sample,1,0.941971,0.324967,0.014223,1.004829,0.075294,-0.308978,-137.998962,-8.223421,0.000000,0.455332,0.036953,0.500000,,,1779488547.923942566,,,,,,,,,0,0,0,0,1906,-10,32758,32767,start_traj
1779488547.943850,2.683182,2026-05-22T18:22:27.943,sample,1,0.941981,0.325015,0.014235,1.004829,0.075294,-0.308978,-137.998962,-8.223421,0.000000,0.455332,0.036953,0.500000,,,1779488547.940016985,,,,,,,,,0,0,0,0,1906,-10,32758,32767,start_traj
1779488547.954830,2.694162,2026-05-22T18:22:27.954,sample,1,0.942040,0.324778,0.014090,1.004829,0.075294,-0.308978,-137.998962,-8.223421,0.000000,0.455332,0.036953,0.500000,,,1779488547.948798180,,,,,,,,,0,0,0,0,1906,-10,32758,32767,start_traj
1779488547.965415,2.704747,2026-05-22T18:22:27.965,sample,1,0.941963,0.324958,0.014238,1.004829,0.075294,-0.308978,-137.998962,-8.223421,0.000000,0.455332,0.036953,0.500000,,,1779488547.956971645,,,,,,,,,0,0,0,0,1085,-1,32764,32766,start_traj
1779488547.976026,2.715358,2026-05-22T18:22:27.976,sample,1,0.942032,0.324759,0.014102,1.004829,0.075294,-0.308978,-137.998962,-8.223421,0.000000,0.455332,0.036953,0.500000,,,1779488547.973247528,,,,,,,,,0,0,0,0,1085,-1,32764,32766,start_traj
1779488547.986684,2.726017,2026-05-22T18:22:27.986,sample,1,0.942029,0.324769,0.014100,1.004829,0.075294,-0.308978,-137.998962,-8.223421,0.000000,0.455332,0.036953,0.500000,,,1779488547.981711626,,,,,,,,,0,0,0,0,1085,-1,32764,32766,start_traj
1779488547.997357,2.736689,2026-05-22T18:22:27.997,sample,1,0.942040,0.324776,0.014102,1.004829,0.075294,-0.308978,-137.998962,-8.223421,0.000000,0.455332,0.036953,0.500000,,,1779488547.990939856,,,,,,,,,0,0,0,0,1085,-1,32764,32766,start_traj
1779488548.008259,2.747591,2026-05-22T18:22:28.008,sample,1,0.942035,0.324764,0.014091,1.004829,0.075294,-0.308978,-137.998962,-8.223421,0.000000,0.455332,0.036953,0.500000,,,1779488547.998593092,,,,,,,,,0,0,0,0,1085,-1,32764,32766,start_traj
1779488548.018834,2.758166,2026-05-22T18:22:28.018,sample,1,0.941989,0.325022,0.014250,1.004829,0.075294,-0.308978,-137.998962,-8.223421,0.000000,0.455332,0.036953,0.500000,,,1779488548.015371323,,,,,,,,,0,0,0,0,-19,-5,32767,32752,start_traj
1779488548.029415,2.768747,2026-05-22T18:22:28.029,sample,1,0.942050,0.324794,0.014101,1.004829,0.075294,-0.308978,-137.998962,-8.223421,0.000000,0.455332,0.036953,0.500000,,,1779488548.025824308,,,,,,,,,0,0,0,0,-19,-5,32767,32752,start_traj
1779488548.040121,2.779453,2026-05-22T18:22:28.040,sample,1,0.942050,0.324766,0.014107,1.004829,0.075294,-0.308978,-137.998962,-8.223421,0.000000,0.455332,0.036953,0.500000,,,1779488548.031809807,,,,,,,,,0,0,0,0,-19,-5,32767,32752,start_traj
1779488548.050819,2.790152,2026-05-22T18:22:28.050,sample,1,0.942049,0.324768,0.014102,1.004829,0.075294,-0.308978,-137.998962,-8.223421,0.000000,0.455332,0.036953,0.500000,,,1779488548.048874378,,,,,,,,,0,0,0,0,-19,-5,32767,32752,start_traj
1779488548.061417,2.800749,2026-05-22T18:22:28.061,sample,1,0.942050,0.324763,0.014095,1.004829,0.075294,-0.308978,-137.998962,-8.223421,0.000000,0.455332,0.036953,0.500000,,,1779488548.056977510,,,,,,,,,0,0,0,0,-4,-1,32767,32762,start_traj
1779488548.072029,2.811361,2026-05-22T18:22:28.072,sample,1,0.942001,0.324968,0.014221,1.004829,0.075294,-0.308978,-137.998962,-8.223421,0.000000,0.455332,0.036953,0.500000,,,1779488548.065088749,,,,,,,,,0,0,0,0,-4,-1,32767,32762,start_traj
1779488548.082659,2.821991,2026-05-22T18:22:28.082,sample,1,0.942054,0.324785,0.014098,1.004829,0.075294,-0.308978,-137.998962,-8.223421,0.000000,0.455332,0.036953,0.500000,,,1779488548.073332310,,,,,,,,,0,0,0,0,-4,-1,32767,32762,start_traj
1779488548.093279,2.832611,2026-05-22T18:22:28.093,sample,1,0.942054,0.324766,0.014100,1.004829,0.075294,-0.308978,-137.998962,-8.223421,0.000000,0.455332,0.036953,0.500000,,,1779488548.090597391,,,,,,,,,0,0,0,0,-4,-1,32767,32762,start_traj
1779488548.103928,2.843261,2026-05-22T18:22:28.103,sample,1,0.942049,0.324778,0.014100,1.004829,0.075294,-0.308978,-137.998962,-8.223421,0.000000,0.455332,0.036953,0.500000,,,1779488548.099202394,,,,,,,,,0,0,0,0,-4,-1,32767,32762,start_traj
1779488548.114580,2.853912,2026-05-22T18:22:28.114,sample,1,0.942047,0.324762,0.014102,1.014437,0.118687,-0.239930,-145.375732,-5.618377,0.000000,0.455332,0.036953,0.500000,,,1779488548.107109070,,,,,,,,,0,0,0,0,5,7,32747,32766,start_traj
1779488548.125205,2.864537,2026-05-22T18:22:28.125,sample,1,0.942048,0.324757,0.014097,1.014437,0.118687,-0.239930,-145.375732,-5.618377,0.000000,0.455332,0.036953,0.500000,,,1779488548.123734713,,,,,,,,,0,0,0,0,5,7,32747,32766,start_traj
1779488548.135862,2.875195,2026-05-22T18:22:28.135,sample,1,0.942047,0.324772,0.014112,1.014437,0.118687,-0.239930,-145.375732,-5.618377,0.000000,0.455332,0.036953,0.500000,,,1779488548.133852005,,,,,,,,,0,0,0,0,5,7,32747,32766,start_traj
1779488548.146430,2.885762,2026-05-22T18:22:28.146,sample,1,0.942031,0.324776,0.014096,1.014437,0.118687,-0.239930,-145.375732,-5.618377,0.000000,0.455332,0.036953,0.500000,,,1779488548.140320778,,,,,,,,,0,0,0,0,5,7,32747,32766,start_traj
1779488548.157060,2.896392,2026-05-22T18:22:28.157,sample,1,0.942038,0.324772,0.014104,1.014437,0.118687,-0.239930,-145.375732,-5.618377,0.000000,0.455332,0.036953,0.500000,,,1779488548.150263786,,,,,,,,,0,0,0,0,5,7,32747,32766,start_traj
1779488548.167777,2.907109,2026-05-22T18:22:28.167,sample,1,0.941969,0.324988,0.014255,1.014437,0.118687,-0.239930,-145.375732,-5.618377,0.000000,0.455332,0.036953,0.500000,,,1779488548.165318966,,,,,,,,,0,0,0,0,3,-7,32756,32767,start_traj
1779488548.178397,2.917729,2026-05-22T18:22:28.178,sample,1,0.942037,0.324801,0.014096,1.014437,0.118687,-0.239930,-145.375732,-5.618377,0.000000,0.455332,0.036953,0.500000,,,1779488548.173859596,,,,,,,,,0,0,0,0,3,-7,32756,32767,start_traj
1779488548.189011,2.928343,2026-05-22T18:22:28.189,sample,1,0.942020,0.324762,0.014090,1.014437,0.118687,-0.239930,-145.375732,-5.618377,0.000000,0.455332,0.036953,0.500000,,,1779488548.182122231,,,,,,,,,0,0,0,0,3,-7,32756,32767,start_traj
1779488548.199604,2.938936,2026-05-22T18:22:28.199,sample,1,0.942028,0.324774,0.014090,1.014437,0.118687,-0.239930,-145.375732,-5.618377,0.000000,0.455332,0.036953,0.500000,,,1779488548.198352814,,,,,,,,,0,0,0,0,3,-7,32756,32767,start_traj
1779488548.210214,2.949546,2026-05-22T18:22:28.210,sample,1,0.942020,0.324768,0.014103,1.014437,0.118687,-0.239930,-145.375732,-5.618377,0.000000,0.455332,0.036953,0.500000,,,1779488548.206704855,,,,,,,,,0,0,0,0,3,-7,32756,32767,start_traj
1779488548.220818,2.960150,2026-05-22T18:22:28.220,sample,1,0.942015,0.324760,0.014090,1.014437,0.118687,-0.239930,-145.375732,-5.618377,0.000000,0.455332,0.036953,0.500000,,,1779488548.215058804,,,,,,,,,0,0,0,0,-2,1,32767,32760,start_traj
1779488548.231516,2.970848,2026-05-22T18:22:28.231,sample,1,0.941957,0.324976,0.014219,1.014437,0.118687,-0.239930,-145.375732,-5.618377,0.000000,0.455332,0.036953,0.500000,,,1779488548.223860502,,,,,,,,,0,0,0,0,-2,1,32767,32760,start_traj
1779488548.242131,2.981463,2026-05-22T18:22:28.242,sample,1,0.942028,0.324784,0.014067,1.014437,0.118687,-0.239930,-145.375732,-5.618377,0.000000,0.455332,0.036953,0.500000,,,1779488548.232203007,,,,,,,,,0,0,0,0,-2,1,32767,32760,start_traj
1779488548.252712,2.992044,2026-05-22T18:22:28.252,sample,1,0.942021,0.324764,0.014094,1.014437,0.118687,-0.239930,-145.375732,-5.618377,0.000000,0.455332,0.036953,0.500000,,,1779488548.249078512,,,,,,,,,0,0,0,0,-2,1,32767,32760,start_traj
1779488548.263363,3.002695,2026-05-22T18:22:28.263,sample,1,0.942021,0.324761,0.014079,1.014437,0.118687,-0.239930,-145.375732,-5.618377,0.000000,0.455332,0.036953,0.500000,,,1779488548.256756306,,,,,,,,,0,0,0,0,-3,3,32767,32761,start_traj
1779488548.274030,3.013362,2026-05-22T18:22:28.274,sample,1,0.942033,0.324757,0.014071,1.014437,0.118687,-0.239930,-145.375732,-5.618377,0.000000,0.455332,0.036953,0.500000,,,1779488548.265400410,,,,,,,,,0,0,0,0,-3,3,32767,32761,start_traj
1779488548.284666,3.023998,2026-05-22T18:22:28.284,sample,1,0.942031,0.324767,0.014092,1.014437,0.118687,-0.239930,-145.375732,-5.618377,0.000000,0.455332,0.036953,0.500000,,,1779488548.281642675,,,,,,,,,0,0,0,0,-3,3,32767,32761,start_traj
1779488548.295321,3.034653,2026-05-22T18:22:28.295,sample,1,0.941962,0.324974,0.014213,1.014437,0.118687,-0.239930,-145.375732,-5.618377,0.000000,0.455332,0.036953,0.500000,,,1779488548.290836334,,,,,,,,,0,0,0,0,-3,3,32767,32761,start_traj
1779488548.305848,3.045181,2026-05-22T18:22:28.305,sample,1,0.942041,0.324787,0.014093,1.014437,0.118687,-0.239930,-145.375732,-5.618377,0.000000,0.455332,0.036953,0.500000,,,1779488548.299131393,,,,,,,,,0,0,0,0,-3,3,32767,32761,start_traj
1779488548.316414,3.055746,2026-05-22T18:22:28.316,sample,1,0.942029,0.324798,0.014090,1.008816,0.174163,-0.151728,-151.106461,-3.803064,0.000000,0.455332,0.036953,0.500000,,,1779488548.315001488,,,,,,,,,0,0,0,0,-2,0,32767,32765,start_traj
1779488548.327026,3.066359,2026-05-22T18:22:28.327,sample,1,0.942023,0.324756,0.014077,1.008816,0.174163,-0.151728,-151.106461,-3.803064,0.000000,0.455332,0.036953,0.500000,,,1779488548.323263645,,,,,,,,,0,0,0,0,-2,0,32767,32765,start_traj
1779488548.337584,3.076917,2026-05-22T18:22:28.337,sample,1,0.942019,0.324779,0.014084,1.008816,0.174163,-0.151728,-151.106461,-3.803064,0.000000,0.455332,0.036953,0.500000,,,1779488548.334398270,,,,,,,,,0,0,0,0,-2,0,32767,32765,start_traj
1779488548.348182,3.087514,2026-05-22T18:22:28.348,sample,1,0.942028,0.324763,0.014077,1.008816,0.174163,-0.151728,-151.106461,-3.803064,0.000000,0.455332,0.036953,0.500000,,,1779488548.340981007,,,,,,,,,0,0,0,0,-2,0,32767,32765,start_traj
1779488548.358783,3.098116,2026-05-22T18:22:28.358,sample,1,0.942026,0.324771,0.014066,1.008816,0.174163,-0.151728,-151.106461,-3.803064,0.000000,0.455332,0.036953,0.500000,,,1779488548.357208729,,,,,,,,,0,0,0,0,-2,0,32767,32765,start_traj
1779488548.369359,3.108691,2026-05-22T18:22:28.369,sample,1,0.942023,0.324779,0.014085,1.008816,0.174163,-0.151728,-151.106461,-3.803064,0.000000,0.455332,0.036953,0.500000,,,1779488548.366822243,,,,,,,,,0,0,0,0,-1,1,32767,32765,start_traj
1779488548.379993,3.119325,2026-05-22T18:22:28.379,sample,1,0.942041,0.324786,0.014097,1.008816,0.174163,-0.151728,-151.106461,-3.803064,0.000000,0.455332,0.036953,0.500000,,,1779488548.373667717,,,,,,,,,0,0,0,0,-1,1,32767,32765,start_traj
1779488548.390522,3.129854,2026-05-22T18:22:28.390,sample,1,0.942037,0.324786,0.014107,1.008816,0.174163,-0.151728,-151.106461,-3.803064,0.000000,0.455332,0.036953,0.500000,,,1779488548.381674051,,,,,,,,,0,0,0,0,-1,1,32767,32765,start_traj
1779488548.401146,3.140478,2026-05-22T18:22:28.401,sample,1,0.942039,0.324789,0.014105,1.008816,0.174163,-0.151728,-151.106461,-3.803064,0.000000,0.455332,0.036953,0.500000,,,1779488548.398681879,,,,,,,,,0,0,0,0,-1,1,32767,32765,start_traj
1779488548.411800,3.151133,2026-05-22T18:22:28.411,sample,1,0.942036,0.324788,0.014106,1.008816,0.174163,-0.151728,-151.106461,-3.803064,0.000000,0.455332,0.036953,0.500000,,,1779488548.406596899,,,,,,,,,0,0,0,0,-2,1,32767,32767,start_traj
1779488548.422424,3.161756,2026-05-22T18:22:28.422,sample,1,0.941986,0.325013,0.014260,1.008816,0.174163,-0.151728,-151.106461,-3.803064,0.000000,0.455332,0.036953,0.500000,,,1779488548.414886236,,,,,,,,,0,0,0,0,-2,1,32767,32767,start_traj
1779488548.432999,3.172331,2026-05-22T18:22:28.432,sample,1,0.942034,0.324779,0.014108,1.008816,0.174163,-0.151728,-151.106461,-3.803064,0.000000,0.455332,0.036953,0.500000,,,1779488548.431870461,,,,,,,,,0,0,0,0,-2,1,32767,32767,start_traj
1779488548.443608,3.182940,2026-05-22T18:22:28.443,sample,1,0.942052,0.324782,0.014113,1.008816,0.174163,-0.151728,-151.106461,-3.803064,0.000000,0.455332,0.036953,0.500000,,,1779488548.440160513,,,,,,,,,0,0,0,0,-2,1,32767,32767,start_traj
1779488548.454241,3.193573,2026-05-22T18:22:28.454,sample,1,0.942039,0.324794,0.014127,1.008816,0.174163,-0.151728,-151.106461,-3.803064,0.000000,0.455332,0.036953,0.500000,,,1779488548.448401451,,,,,,,,,0,0,0,0,-2,1,32767,32767,start_traj
1779488548.464804,3.204136,2026-05-22T18:22:28.464,sample,1,0.942036,0.324772,0.014105,1.008816,0.174163,-0.151728,-151.106461,-3.803064,0.000000,0.455332,0.036953,0.500000,,,1779488548.458527803,,,,,,,,,0,0,0,0,-1,11,32759,32762,start_traj
1779488548.475417,3.214749,2026-05-22T18:22:28.475,sample,1,0.942029,0.324789,0.014114,1.008816,0.174163,-0.151728,-151.106461,-3.803064,0.000000,0.455332,0.036953,0.500000,,,1779488548.473951817,,,,,,,,,0,0,0,0,-1,11,32759,32762,start_traj
1779488548.486082,3.225415,2026-05-22T18:22:28.486,sample,1,0.942039,0.324787,0.014120,1.008816,0.174163,-0.151728,-151.106461,-3.803064,0.000000,0.455332,0.036953,0.500000,,,1779488548.481884241,,,,,,,,,0,0,0,0,-1,11,32759,32762,start_traj
1779488548.496671,3.236003,2026-05-22T18:22:28.496,sample,1,0.941976,0.325013,0.014272,1.008816,0.174163,-0.151728,-151.106461,-3.803064,0.000000,0.455332,0.036953,0.500000,,,1779488548.491486311,,,,,,,,,0,0,0,0,-1,11,32759,32762,start_traj
1779488548.507311,3.246643,2026-05-22T18:22:28.507,sample,1,0.942036,0.324770,0.014118,1.008816,0.174163,-0.151728,-151.106461,-3.803064,0.000000,0.455332,0.036953,0.500000,,,1779488548.506933212,,,,,,,,,0,0,0,0,-1,11,32759,32762,start_traj
1779488548.517885,3.257217,2026-05-22T18:22:28.517,sample,1,0.942029,0.324787,0.014127,0.993603,0.227577,-0.068832,-154.945358,-2.098468,0.000000,0.455332,0.036953,0.500000,,,1779488548.515315533,,,,,,,,,0,0,0,0,-2,0,32767,32767,start_traj
1779488548.528483,3.267816,2026-05-22T18:22:28.528,sample,1,0.942035,0.324773,0.014113,0.993603,0.227577,-0.068832,-154.945358,-2.098468,0.000000,0.455332,0.036953,0.500000,,,1779488548.523980618,,,,,,,,,0,0,0,0,-2,0,32767,32767,start_traj
1779488548.539375,3.278707,2026-05-22T18:22:28.539,sample,1,0.942030,0.324784,0.014129,0.993603,0.227577,-0.068832,-154.945358,-2.098468,0.000000,0.455332,0.036953,0.500000,,,1779488548.531770945,,,,,,,,,0,0,0,0,-2,0,32767,32767,start_traj
1779488548.549997,3.289330,2026-05-22T18:22:28.549,sample,1,0.942032,0.324783,0.014107,0.993603,0.227577,-0.068832,-154.945358,-2.098468,0.000000,0.455332,0.036953,0.500000,,,1779488548.549327612,,,,,,,,,0,0,0,0,-2,0,32767,32767,start_traj
1779488548.560597,3.299930,2026-05-22T18:22:28.560,sample,1,0.942034,0.324773,0.014103,0.993603,0.227577,-0.068832,-154.945358,-2.098468,0.000000,0.455332,0.036953,0.500000,,,1779488548.557035923,,,,,,,,,0,0,0,0,-2,0,32767,32767,start_traj
1779488548.571232,3.310564,2026-05-22T18:22:28.571,sample,1,0.942022,0.324780,0.014097,0.993603,0.227577,-0.068832,-154.945358,-2.098468,0.000000,0.455332,0.036953,0.500000,,,1779488548.565057516,,,,,,,,,0,0,0,0,-1,0,32767,32767,start_traj
1779488548.581859,3.321192,2026-05-22T18:22:28.581,sample,1,0.942025,0.324778,0.014083,0.993603,0.227577,-0.068832,-154.945358,-2.098468,0.000000,0.455332,0.036953,0.500000,,,1779488548.573945522,,,,,,,,,0,0,0,0,-1,0,32767,32767,start_traj
1779488548.592416,3.331748,2026-05-22T18:22:28.592,sample,1,0.942038,0.324758,0.014088,0.993603,0.227577,-0.068832,-154.945358,-2.098468,0.000000,0.455332,0.036953,0.500000,,,1779488548.590542078,,,,,,,,,0,0,0,0,-1,0,32767,32767,start_traj
1779488548.603001,3.342333,2026-05-22T18:22:28.603,sample,1,0.942033,0.324761,0.014088,0.993603,0.227577,-0.068832,-154.945358,-2.098468,0.000000,0.455332,0.036953,0.500000,,,1779488548.598465919,,,,,,,,,0,0,0,0,-1,0,32767,32767,start_traj
1779488548.613627,3.352959,2026-05-22T18:22:28.613,sample,1,0.942030,0.324772,0.014092,0.993603,0.227577,-0.068832,-154.945358,-2.098468,0.000000,0.455332,0.036953,0.500000,,,1779488548.606725216,,,,,,,,,0,0,0,0,-2,0,32767,32766,start_traj
1779488548.624295,3.363627,2026-05-22T18:22:28.624,sample,1,0.942031,0.324749,0.014077,0.993603,0.227577,-0.068832,-154.945358,-2.098468,0.000000,0.455332,0.036953,0.500000,,,1779488548.623472452,,,,,,,,,0,0,0,0,-2,0,32767,32766,start_traj
1779488548.634916,3.374248,2026-05-22T18:22:28.634,sample,1,0.942038,0.324759,0.014081,0.993603,0.227577,-0.068832,-154.945358,-2.098468,0.000000,0.455332,0.036953,0.500000,,,1779488548.632394552,,,,,,,,,0,0,0,0,-2,0,32767,32766,start_traj
1779488548.645487,3.384819,2026-05-22T18:22:28.645,sample,1,0.942033,0.324775,0.014089,0.993603,0.227577,-0.068832,-154.945358,-2.098468,0.000000,0.455332,0.036953,0.500000,,,1779488548.640839815,,,,,,,,,0,0,0,0,-2,0,32767,32766,start_traj
1779488548.656083,3.395415,2026-05-22T18:22:28.656,sample,1,0.941983,0.324993,0.014234,0.993603,0.227577,-0.068832,-154.945358,-2.098468,0.000000,0.455332,0.036953,0.500000,,,1779488548.648787737,,,,,,,,,0,0,0,0,-2,0,32767,32766,start_traj
1779488548.666836,3.406168,2026-05-22T18:22:28.666,sample,1,0.942030,0.324765,0.014084,0.993603,0.227577,-0.068832,-154.945358,-2.098468,0.000000,0.455332,0.036953,0.500000,,,1779488548.665609598,,,,,,,,,0,0,0,0,1,-2,32767,32766,start_traj
1779488548.677387,3.416719,2026-05-22T18:22:28.677,sample,1,0.942022,0.324760,0.014089,0.993603,0.227577,-0.068832,-154.945358,-2.098468,0.000000,0.455332,0.036953,0.500000,,,1779488548.676087618,,,,,,,,,0,0,0,0,1,-2,32767,32766,start_traj
1779488548.687994,3.427327,2026-05-22T18:22:28.687,sample,1,0.942038,0.324780,0.014116,0.993603,0.227577,-0.068832,-154.945358,-2.098468,0.000000,0.455332,0.036953,0.500000,,,1779488548.682375431,,,,,,,,,0,0,0,0,1,-2,32767,32766,start_traj
1779488548.698583,3.437915,2026-05-22T18:22:28.698,sample,1,0.942029,0.324785,0.014098,0.993603,0.227577,-0.068832,-154.945358,-2.098468,0.000000,0.455332,0.036953,0.500000,,,1779488548.690340996,,,,,,,,,0,0,0,0,1,-2,32767,32766,start_traj
1779488548.709191,3.448523,2026-05-22T18:22:28.709,sample,1,0.941987,0.324985,0.014226,0.993603,0.227577,-0.068832,-154.945358,-2.098468,0.000000,0.455332,0.036953,0.500000,,,1779488548.707792282,,,,,,,,,0,0,0,0,1,-2,32767,32766,start_traj
1779488548.719889,3.459221,2026-05-22T18:22:28.719,sample,1,0.942041,0.324796,0.014099,0.977761,0.258049,-0.018504,-156.691818,-0.729250,0.000000,0.455332,0.036953,0.500000,,,1779488548.715466022,,,,,,,,,0,0,0,0,-1,0,32767,32767,start_traj
1779488548.730512,3.469844,2026-05-22T18:22:28.730,sample,1,0.942047,0.324760,0.014088,0.977761,0.258049,-0.018504,-156.691818,-0.729250,0.000000,0.455332,0.036953,0.500000,,,1779488548.723791599,,,,,,,,,0,0,0,0,-1,0,32767,32767,start_traj
1779488548.741171,3.480503,2026-05-22T18:22:28.741,sample,1,0.942038,0.324766,0.014107,0.977761,0.258049,-0.018504,-156.691818,-0.729250,0.000000,0.455332,0.036953,0.500000,,,1779488548.740882158,,,,,,,,,0,0,0,0,-1,0,32767,32767,start_traj
1779488548.751696,3.491028,2026-05-22T18:22:28.751,sample,1,0.942043,0.324768,0.014099,0.977761,0.258049,-0.018504,-156.691818,-0.729250,0.000000,0.455332,0.036953,0.500000,,,1779488548.748753548,,,,,,,,,0,0,0,0,-1,0,32767,32767,start_traj
1779488548.762376,3.501708,2026-05-22T18:22:28.762,sample,1,0.942038,0.324766,0.014108,0.977761,0.258049,-0.018504,-156.691818,-0.729250,0.000000,0.455332,0.036953,0.500000,,,1779488548.756747246,,,,,,,,,0,0,0,0,-1,1,32767,32767,start_traj
1779488548.772979,3.512311,2026-05-22T18:22:28.772,sample,1,0.942046,0.324758,0.014092,0.977761,0.258049,-0.018504,-156.691818,-0.729250,0.000000,0.455332,0.036953,0.500000,,,1779488548.766906738,,,,,,,,,0,0,0,0,-1,1,32767,32767,start_traj
1779488548.783548,3.522880,2026-05-22T18:22:28.783,sample,1,0.942043,0.324791,0.014107,0.977761,0.258049,-0.018504,-156.691818,-0.729250,0.000000,0.455332,0.036953,0.500000,,,1779488548.782319784,,,,,,,,,0,0,0,0,-1,1,32767,32767,start_traj
1779488548.794141,3.533473,2026-05-22T18:22:28.794,sample,1,0.942043,0.324793,0.014107,0.977761,0.258049,-0.018504,-156.691818,-0.729250,0.000000,0.455332,0.036953,0.500000,,,1779488548.790817738,,,,,,,,,0,0,0,0,-1,1,32767,32767,start_traj
1779488548.804694,3.544026,2026-05-22T18:22:28.804,sample,1,0.942041,0.324776,0.014092,0.977761,0.258049,-0.018504,-156.691818,-0.729250,0.000000,0.455332,0.036953,0.500000,,,1779488548.799007893,,,,,,,,,0,0,0,0,-1,1,32767,32767,start_traj
1779488548.815311,3.554643,2026-05-22T18:22:28.815,sample,1,0.942032,0.324762,0.014075,0.977761,0.258049,-0.018504,-156.691818,-0.729250,0.000000,0.455332,0.036953,0.500000,,,1779488548.815094233,,,,,,,,,0,0,0,0,-2,3,32767,32764,start_traj
1779488548.825877,3.565209,2026-05-22T18:22:28.825,sample,1,0.942040,0.324763,0.014088,0.977761,0.258049,-0.018504,-156.691818,-0.729250,0.000000,0.455332,0.036953,0.500000,,,1779488548.823405504,,,,,,,,,0,0,0,0,-2,3,32767,32764,start_traj
1779488548.836536,3.575869,2026-05-22T18:22:28.836,sample,1,0.942036,0.324772,0.014105,0.977761,0.258049,-0.018504,-156.691818,-0.729250,0.000000,0.455332,0.036953,0.500000,,,1779488548.832184076,,,,,,,,,0,0,0,0,-2,3,32767,32764,start_traj
1779488548.847194,3.586526,2026-05-22T18:22:28.847,sample,1,0.942026,0.324766,0.014100,0.977761,0.258049,-0.018504,-156.691818,-0.729250,0.000000,0.455332,0.036953,0.500000,,,1779488548.840478659,,,,,,,,,0,0,0,0,-2,3,32767,32764,start_traj
1779488548.857791,3.597123,2026-05-22T18:22:28.857,sample,1,0.942052,0.324801,0.014097,0.977761,0.258049,-0.018504,-156.691818,-0.729250,0.000000,0.455332,0.036953,0.500000,,,1779488548.857325315,,,,,,,,,0,0,0,0,-2,3,32767,32764,start_traj
1779488548.868536,3.607868,2026-05-22T18:22:28.868,sample,1,0.942047,0.324766,0.014100,0.977761,0.258049,-0.018504,-156.691818,-0.729250,0.000000,0.455332,0.036953,0.500000,,,1779488548.866141796,,,,,,,,,0,0,0,0,0,0,32767,32767,start_traj
1779488548.879164,3.618496,2026-05-22T18:22:28.879,sample,1,0.941977,0.324978,0.014246,0.977761,0.258049,-0.018504,-156.691818,-0.729250,0.000000,0.455332,0.036953,0.500000,,,1779488548.873625755,,,,,,,,,0,0,0,0,0,0,32767,32767,start_traj
1779488548.889743,3.629076,2026-05-22T18:22:28.889,sample,1,0.942068,0.324789,0.014099,0.977761,0.258049,-0.018504,-156.691818,-0.729250,0.000000,0.455332,0.036953,0.500000,,,1779488548.881791592,,,,,,,,,0,0,0,0,0,0,32767,32767,start_traj
1779488548.900391,3.639724,2026-05-22T18:22:28.900,sample,1,0.942046,0.324741,0.014084,0.977761,0.258049,-0.018504,-156.691818,-0.729250,0.000000,0.455332,0.036953,0.500000,,,1779488548.898761272,,,,,,,,,0,0,0,0,0,0,32767,32767,start_traj
1779488548.911014,3.650347,2026-05-22T18:22:28.911,sample,1,0.941987,0.324972,0.014227,0.966212,0.268446,0.001344,-157.246613,0.195588,0.000000,0.455332,0.036953,0.500000,,,1779488548.906876326,,,,,,,,,0,0,0,0,0,0,32767,32767,start_traj
1779488548.921639,3.660972,2026-05-22T18:22:28.921,sample,1,0.942047,0.324781,0.014083,0.966212,0.268446,0.001344,-157.246613,0.195588,0.000000,0.455332,0.036953,0.500000,,,1779488548.915246010,,,,,,,,,0,0,0,0,1,0,32767,32767,start_traj
1779488548.932234,3.671566,2026-05-22T18:22:28.932,sample,1,0.942040,0.324750,0.014077,0.966212,0.268446,0.001344,-157.246613,0.195588,0.000000,0.455332,0.036953,0.500000,,,1779488548.924351215,,,,,,,,,0,0,0,0,1,0,32767,32767,start_traj
1779488548.942886,3.682218,2026-05-22T18:22:28.942,sample,1,0.941972,0.324988,0.014229,0.966212,0.268446,0.001344,-157.246613,0.195588,0.000000,0.455332,0.036953,0.500000,,,1779488548.940315485,,,,,,,,,0,0,0,0,1,0,32767,32767,start_traj
1779488548.953561,3.692893,2026-05-22T18:22:28.953,sample,1,0.942058,0.324788,0.014078,0.966212,0.268446,0.001344,-157.246613,0.195588,0.000000,0.455332,0.036953,0.500000,,,1779488548.949073315,,,,,,,,,0,0,0,0,1,0,32767,32767,start_traj
1779488548.964144,3.703476,2026-05-22T18:22:28.964,sample,1,0.942038,0.324748,0.014072,0.966212,0.268446,0.001344,-157.246613,0.195588,0.000000,0.455332,0.036953,0.500000,,,1779488548.957469702,,,,,,,,,0,0,0,0,-3,3,32767,32766,start_traj
1779488548.974797,3.714129,2026-05-22T18:22:28.974,sample,1,0.942038,0.324748,0.014071,0.966212,0.268446,0.001344,-157.246613,0.195588,0.000000,0.455332,0.036953,0.500000,,,1779488548.973538876,,,,,,,,,0,0,0,0,-3,3,32767,32766,start_traj
1779488548.985475,3.724807,2026-05-22T18:22:28.985,sample,1,0.942040,0.324763,0.014085,0.966212,0.268446,0.001344,-157.246613,0.195588,0.000000,0.455332,0.036953,0.500000,,,1779488548.983110189,,,,,,,,,0,0,0,0,-3,3,32767,32766,start_traj
1779488548.996071,3.735403,2026-05-22T18:22:28.996,sample,1,0.942039,0.324771,0.014084,0.966212,0.268446,0.001344,-157.246613,0.195588,0.000000,0.455332,0.036953,0.500000,,,1779488548.990751982,,,,,,,,,0,0,0,0,-3,3,32767,32766,start_traj
1779488549.006665,3.745997,2026-05-22T18:22:29.006,sample,1,0.942034,0.324765,0.014071,0.966212,0.268446,0.001344,-157.246613,0.195588,0.000000,0.455332,0.036953,0.500000,,,1779488548.999941349,,,,,,,,,0,0,0,0,-3,3,32767,32766,start_traj
1779488549.017264,3.756596,2026-05-22T18:22:29.017,sample,1,0.942049,0.324790,0.014087,0.966212,0.268446,0.001344,-157.246613,0.195588,0.000000,0.455332,0.036953,0.500000,,,1779488549.015733719,,,,,,,,,0,0,0,0,2,-2,32767,32767,start_traj
1779488549.027809,3.767141,2026-05-22T18:22:29.027,sample,1,0.942033,0.324760,0.014077,0.966212,0.268446,0.001344,-157.246613,0.195588,0.000000,0.455332,0.036953,0.500000,,,1779488549.024056673,,,,,,,,,0,0,0,0,2,-2,32767,32767,start_traj
1779488549.038415,3.777748,2026-05-22T18:22:29.038,sample,1,0.942028,0.324767,0.014068,0.966212,0.268446,0.001344,-157.246613,0.195588,0.000000,0.455332,0.036953,0.500000,,,1779488549.031789303,,,,,,,,,0,0,0,0,2,-2,32767,32767,start_traj
1779488549.049126,3.788458,2026-05-22T18:22:29.049,sample,1,0.942043,0.324763,0.014081,0.966212,0.268446,0.001344,-157.246613,0.195588,0.000000,0.455332,0.036953,0.500000,,,1779488549.040220022,,,,,,,,,0,0,0,0,2,-2,32767,32767,start_traj
1779488549.059776,3.799108,2026-05-22T18:22:29.059,sample,1,0.941964,0.324982,0.014221,0.966212,0.268446,0.001344,-157.246613,0.195588,0.000000,0.455332,0.036953,0.500000,,,1779488549.056930780,,,,,,,,,0,0,0,0,2,-2,32767,32767,start_traj
1779488549.070337,3.809669,2026-05-22T18:22:29.070,sample,1,0.942042,0.324782,0.014079,0.966212,0.268446,0.001344,-157.246613,0.195588,0.000000,0.455332,0.036953,0.500000,,,1779488549.065216780,,,,,,,,,0,0,0,0,1,0,32767,32766,start_traj
1779488549.080858,3.820190,2026-05-22T18:22:29.080,sample,1,0.942039,0.324768,0.014085,0.966212,0.268446,0.001344,-157.246613,0.195588,0.000000,0.455332,0.036953,0.500000,,,1779488549.075662851,,,,,,,,,0,0,0,0,1,0,32767,32766,start_traj
1779488549.091470,3.830802,2026-05-22T18:22:29.091,sample,1,0.942030,0.324754,0.014064,0.966212,0.268446,0.001344,-157.246613,0.195588,0.000000,0.455332,0.036953,0.500000,,,1779488549.082641602,,,,,,,,,0,0,0,0,1,0,32767,32766,start_traj
1779488549.102179,3.841511,2026-05-22T18:22:29.102,sample,1,0.942039,0.324764,0.014074,0.966212,0.268446,0.001344,-157.246613,0.195588,0.000000,0.455332,0.036953,0.500000,,,1779488549.098446131,,,,,,,,,0,0,0,0,1,0,32767,32766,start_traj
1779488549.112817,3.852149,2026-05-22T18:22:29.112,sample,1,0.942039,0.324765,0.014076,0.959785,0.267358,0.004661,-157.485931,0.758022,0.000000,0.455332,0.036953,0.500000,,,1779488549.107230425,,,,,,,,,0,0,0,0,-2,3,32767,32767,start_traj
1779488549.123522,3.862854,2026-05-22T18:22:29.123,sample,1,0.941969,0.324978,0.014226,0.959785,0.267358,0.004661,-157.485931,0.758022,0.000000,0.455332,0.036953,0.500000,,,1779488549.115892887,,,,,,,,,0,0,0,0,-2,3,32767,32767,start_traj
1779488549.134111,3.873443,2026-05-22T18:22:29.134,sample,1,0.941984,0.324970,0.014227,0.959785,0.267358,0.004661,-157.485931,0.758022,0.000000,0.455332,0.036953,0.500000,,,1779488549.132283211,,,,,,,,,0,0,0,0,-2,3,32767,32767,start_traj
1779488549.144728,3.884060,2026-05-22T18:22:29.144,sample,1,0.942048,0.324798,0.014103,0.959785,0.267358,0.004661,-157.485931,0.758022,0.000000,0.455332,0.036953,0.500000,,,1779488549.140774488,,,,,,,,,0,0,0,0,-2,3,32767,32767,start_traj
1779488549.155384,3.894717,2026-05-22T18:22:29.155,sample,1,0.942033,0.324758,0.014087,0.959785,0.267358,0.004661,-157.485931,0.758022,0.000000,0.455332,0.036953,0.500000,,,1779488549.148748636,,,,,,,,,0,0,0,0,-2,3,32767,32767,start_traj
1779488549.165990,3.905322,2026-05-22T18:22:29.165,sample,1,0.941976,0.324974,0.014212,0.959785,0.267358,0.004661,-157.485931,0.758022,0.000000,0.455332,0.036953,0.500000,,,1779488549.165444374,,,,,,,,,0,0,0,0,0,0,32767,32767,start_traj
1779488549.176639,3.915972,2026-05-22T18:22:29.176,sample,1,0.942044,0.324806,0.014082,0.959785,0.267358,0.004661,-157.485931,0.758022,0.000000,0.455332,0.036953,0.500000,,,1779488549.173693419,,,,,,,,,0,0,0,0,0,0,32767,32767,start_traj
1779488549.187251,3.926583,2026-05-22T18:22:29.187,sample,1,0.941975,0.324978,0.014226,0.959785,0.267358,0.004661,-157.485931,0.758022,0.000000,0.455332,0.036953,0.500000,,,1779488549.182032585,,,,,,,,,0,0,0,0,0,0,32767,32767,start_traj
1779488549.197815,3.937147,2026-05-22T18:22:29.197,sample,1,0.941992,0.325026,0.014238,0.959785,0.267358,0.004661,-157.485931,0.758022,0.000000,0.455332,0.036953,0.500000,,,1779488549.190556765,,,,,,,,,0,0,0,0,0,0,32767,32767,start_traj
1779488549.208362,3.947694,2026-05-22T18:22:29.208,sample,1,0.942038,0.324764,0.014086,0.959785,0.267358,0.004661,-157.485931,0.758022,0.000000,0.455332,0.036953,0.500000,,,1779488549.206964731,,,,,,,,,0,0,0,0,0,0,32767,32767,start_traj
1779488549.219004,3.958336,2026-05-22T18:22:29.219,sample,1,0.941976,0.324987,0.014228,0.959785,0.267358,0.004661,-157.485931,0.758022,0.000000,0.455332,0.036953,0.500000,,,1779488549.216671705,,,,,,,,,0,0,0,0,2,0,32767,32765,start_traj
1779488549.229523,3.968856,2026-05-22T18:22:29.229,sample,1,0.942050,0.324816,0.014102,0.959785,0.267358,0.004661,-157.485931,0.758022,0.000000,0.455332,0.036953,0.500000,,,1779488549.223350286,,,,,,,,,0,0,0,0,2,0,32767,32765,start_traj
1779488549.240104,3.979437,2026-05-22T18:22:29.240,sample,1,0.942033,0.324786,0.014100,0.959785,0.267358,0.004661,-157.485931,0.758022,0.000000,0.455332,0.036953,0.500000,,,1779488549.231894493,,,,,,,,,0,0,0,0,2,0,32767,32765,start_traj
1779488549.250642,3.989974,2026-05-22T18:22:29.250,sample,1,0.941970,0.324999,0.014238,0.959785,0.267358,0.004661,-157.485931,0.758022,0.000000,0.455332,0.036953,0.500000,,,1779488549.248682976,,,,,,,,,0,0,0,0,2,0,32767,32765,start_traj
1779488549.261211,4.000543,2026-05-22T18:22:29.261,sample,1,0.942048,0.324824,0.014103,0.959785,0.267358,0.004661,-157.485931,0.758022,0.000000,0.455332,0.036953,0.500000,,,1779488549.256693125,,,,,,,,,0,0,0,0,-1,0,32761,32766,start_traj
1779488549.272024,4.011357,2026-05-22T18:22:29.272,sample,1,0.942036,0.324789,0.014110,0.959785,0.267358,0.004661,-157.485931,0.758022,0.000000,0.455332,0.036953,0.500000,,,1779488549.265245438,,,,,,,,,0,0,0,0,-1,0,32761,32766,start_traj
1779488549.282597,4.021930,2026-05-22T18:22:29.282,sample,1,0.941974,0.325002,0.014233,0.959785,0.267358,0.004661,-157.485931,0.758022,0.000000,0.455332,0.036953,0.500000,,,1779488549.274559498,,,,,,,,,0,0,0,0,-1,0,32761,32766,start_traj
1779488549.293218,4.032550,2026-05-22T18:22:29.293,sample,1,0.942033,0.324803,0.014126,0.959785,0.267358,0.004661,-157.485931,0.758022,0.000000,0.455332,0.036953,0.500000,,,1779488549.291763306,,,,,,,,,0,0,0,0,-1,0,32761,32766,start_traj
1779488549.303858,4.043190,2026-05-22T18:22:29.303,sample,1,0.942034,0.324803,0.014118,0.959785,0.267358,0.004661,-157.485931,0.758022,0.000000,0.455332,0.036953,0.500000,,,1779488549.298841715,,,,,,,,,0,0,0,0,-1,0,32761,32766,start_traj
1779488549.314590,4.053922,2026-05-22T18:22:29.314,sample,1,0.942038,0.324793,0.014103,0.956213,0.263946,0.002648,-157.760132,1.092261,0.000000,0.455332,0.036953,0.500000,,,1779488549.307871342,,,,,,,,,0,0,0,0,-1,2,32767,32764,start_traj
1779488549.325241,4.064573,2026-05-22T18:22:29.325,sample,1,0.942040,0.324839,0.014111,0.956213,0.263946,0.002648,-157.760132,1.092261,0.000000,0.455332,0.036953,0.500000,,,1779488549.324129343,,,,,,,,,0,0,0,0,-1,2,32767,32764,start_traj
1779488549.335845,4.075177,2026-05-22T18:22:29.335,sample,1,0.942034,0.324797,0.014113,0.956213,0.263946,0.002648,-157.760132,1.092261,0.000000,0.455332,0.036953,0.500000,,,1779488549.332160950,,,,,,,,,0,0,0,0,-1,2,32767,32764,start_traj
1779488549.346431,4.085763,2026-05-22T18:22:29.346,sample,1,0.942051,0.324801,0.014107,0.956213,0.263946,0.002648,-157.760132,1.092261,0.000000,0.455332,0.036953,0.500000,,,1779488549.340854168,,,,,,,,,0,0,0,0,-1,2,32767,32764,start_traj
1779488549.357190,4.096522,2026-05-22T18:22:29.357,sample,1,0.941979,0.325010,0.014251,0.956213,0.263946,0.002648,-157.760132,1.092261,0.000000,0.455332,0.036953,0.500000,,,1779488549.356812477,,,,,,,,,0,0,0,0,-1,2,32767,32764,start_traj
1779488549.367865,4.107197,2026-05-22T18:22:29.367,sample,1,0.942056,0.324797,0.014094,0.956213,0.263946,0.002648,-157.760132,1.092261,0.000000,0.455332,0.036953,0.500000,,,1779488549.365370989,,,,,,,,,0,0,0,0,0,-1,32767,32767,start_traj
1779488549.378494,4.117826,2026-05-22T18:22:29.378,sample,1,0.942037,0.324787,0.014111,0.956213,0.263946,0.002648,-157.760132,1.092261,0.000000,0.455332,0.036953,0.500000,,,1779488549.373617411,,,,,,,,,0,0,0,0,0,-1,32767,32767,start_traj
1779488549.389091,4.128423,2026-05-22T18:22:29.389,sample,1,0.942038,0.324783,0.014098,0.956213,0.263946,0.002648,-157.760132,1.092261,0.000000,0.455332,0.036953,0.500000,,,1779488549.381980419,,,,,,,,,0,0,0,0,0,-1,32767,32767,start_traj
1779488549.399762,4.139094,2026-05-22T18:22:29.399,sample,1,0.942035,0.324791,0.014115,0.956213,0.263946,0.002648,-157.760132,1.092261,0.000000,0.455332,0.036953,0.500000,,,1779488549.391030073,,,,,,,,,0,0,0,0,0,-1,32767,32767,start_traj
1779488549.410387,4.149719,2026-05-22T18:22:29.410,sample,1,0.942040,0.324785,0.014099,0.956213,0.263946,0.002648,-157.760132,1.092261,0.000000,0.455332,0.036953,0.500000,,,1779488549.406878948,,,,,,,,,0,0,0,0,0,-1,32767,32767,start_traj
1779488549.420975,4.160307,2026-05-22T18:22:29.420,sample,1,0.942039,0.324784,0.014094,0.956213,0.263946,0.002648,-157.760132,1.092261,0.000000,0.455332,0.036953,0.500000,,,1779488549.416043282,,,,,,,,,0,0,0,0,-1,2,32765,32767,start_traj
1779488549.431551,4.170883,2026-05-22T18:22:29.431,sample,1,0.942046,0.324786,0.014110,0.956213,0.263946,0.002648,-157.760132,1.092261,0.000000,0.455332,0.036953,0.500000,,,1779488549.423548460,,,,,,,,,0,0,0,0,-1,2,32765,32767,start_traj
1779488549.442156,4.181489,2026-05-22T18:22:29.442,sample,1,0.941985,0.324983,0.014222,0.956213,0.263946,0.002648,-157.760132,1.092261,0.000000,0.455332,0.036953,0.500000,,,1779488549.441213846,,,,,,,,,0,0,0,0,-1,2,32765,32767,start_traj
1779488549.452735,4.192067,2026-05-22T18:22:29.452,sample,1,0.942053,0.324795,0.014098,0.956213,0.263946,0.002648,-157.760132,1.092261,0.000000,0.455332,0.036953,0.500000,,,1779488549.448742390,,,,,,,,,0,0,0,0,-1,2,32765,32767,start_traj
1779488549.463316,4.202648,2026-05-22T18:22:29.463,sample,1,0.941983,0.324962,0.014226,0.956213,0.263946,0.002648,-157.760132,1.092261,0.000000,0.455332,0.036953,0.500000,,,1779488549.456945658,,,,,,,,,0,0,0,0,-2,2,32767,32766,start_traj
1779488549.473967,4.213299,2026-05-22T18:22:29.473,sample,1,0.942053,0.324795,0.014091,0.956213,0.263946,0.002648,-157.760132,1.092261,0.000000,0.455332,0.036953,0.500000,,,1779488549.473694563,,,,,,,,,0,0,0,0,-2,2,32767,32766,start_traj
1779488549.484532,4.223864,2026-05-22T18:22:29.484,sample,1,0.941970,0.324969,0.014238,0.956213,0.263946,0.002648,-157.760132,1.092261,0.000000,0.455332,0.036953,0.500000,,,1779488549.481720448,,,,,,,,,0,0,0,0,-2,2,32767,32766,start_traj
1779488549.495153,4.234485,2026-05-22T18:22:29.495,sample,1,0.942045,0.324794,0.014100,0.956213,0.263946,0.002648,-157.760132,1.092261,0.000000,0.455332,0.036953,0.500000,,,1779488549.493251562,,,,,,,,,0,0,0,0,-2,2,32767,32766,start_traj
1779488549.505777,4.245109,2026-05-22T18:22:29.505,sample,1,0.941981,0.324962,0.014216,0.956213,0.263946,0.002648,-157.760132,1.092261,0.000000,0.455332,0.036953,0.500000,,,1779488549.498545885,,,,,,,,,0,0,0,0,-2,2,32767,32766,start_traj
1779488549.516434,4.255767,2026-05-22T18:22:29.516,sample,1,0.942030,0.324782,0.014114,0.954741,0.257467,-0.000398,-157.950455,1.309961,0.000000,0.455332,0.036953,0.500000,,,1779488549.515738010,,,,,,,,,0,0,0,0,2,-2,32767,32765,start_traj
1779488549.527029,4.266361,2026-05-22T18:22:29.527,sample,1,0.942027,0.324779,0.014098,0.954741,0.257467,-0.000398,-157.950455,1.309961,0.000000,0.455332,0.036953,0.500000,,,1779488549.524192810,,,,,,,,,0,0,0,0,2,-2,32767,32765,start_traj
1779488549.537596,4.276928,2026-05-22T18:22:29.537,sample,1,0.941959,0.325003,0.014256,0.954741,0.257467,-0.000398,-157.950455,1.309961,0.000000,0.455332,0.036953,0.500000,,,1779488549.531771183,,,,,,,,,0,0,0,0,2,-2,32767,32765,start_traj
1779488549.548188,4.287520,2026-05-22T18:22:29.548,sample,1,0.942043,0.324815,0.014101,0.954741,0.257467,-0.000398,-157.950455,1.309961,0.000000,0.455332,0.036953,0.500000,,,1779488549.541049004,,,,,,,,,0,0,0,0,2,-2,32767,32765,start_traj
1779488549.558841,4.298173,2026-05-22T18:22:29.558,sample,1,0.941961,0.324975,0.014232,0.954741,0.257467,-0.000398,-157.950455,1.309961,0.000000,0.455332,0.036953,0.500000,,,1779488549.557530165,,,,,,,,,0,0,0,0,2,-2,32767,32765,start_traj
1779488549.569468,4.308800,2026-05-22T18:22:29.569,sample,1,0.942037,0.324797,0.014102,0.954741,0.257467,-0.000398,-157.950455,1.309961,0.000000,0.455332,0.036953,0.500000,,,1779488549.565391779,,,,,,,,,0,0,0,0,0,0,32767,32767,start_traj
1779488549.580059,4.319391,2026-05-22T18:22:29.580,sample,1,0.941963,0.324974,0.014233,0.954741,0.257467,-0.000398,-157.950455,1.309961,0.000000,0.455332,0.036953,0.500000,,,1779488549.573832512,,,,,,,,,0,0,0,0,0,0,32767,32767,start_traj
1779488549.590781,4.330113,2026-05-22T18:22:29.590,sample,1,0.942020,0.324768,0.014101,0.954741,0.257467,-0.000398,-157.950455,1.309961,0.000000,0.455332,0.036953,0.500000,,,1779488549.590506792,,,,,,,,,0,0,0,0,0,0,32767,32767,start_traj
1779488549.601360,4.340693,2026-05-22T18:22:29.601,sample,1,0.942020,0.324768,0.014101,0.954741,0.257467,-0.000398,-157.950455,1.309961,0.000000,0.455332,0.036953,0.500000,,,1779488549.590506792,,,,,,,,,0,0,0,0,0,0,32767,32767,start_traj
1779488549.611959,4.351292,2026-05-22T18:22:29.611,sample,1,0.941991,0.325024,0.014223,0.954741,0.257467,-0.000398,-157.950455,1.309961,0.000000,0.455332,0.036953,0.500000,,,1779488549.607387543,,,,,,,,,0,0,0,0,-1,0,32767,32766,start_traj
1779488549.622551,4.361883,2026-05-22T18:22:29.622,sample,1,0.942036,0.324796,0.014092,0.954741,0.257467,-0.000398,-157.950455,1.309961,0.000000,0.455332,0.036953,0.500000,,,1779488549.616201878,,,,,,,,,0,0,0,0,-1,0,32767,32766,start_traj
1779488549.633112,4.372445,2026-05-22T18:22:29.633,sample,1,0.942015,0.324760,0.014097,0.954741,0.257467,-0.000398,-157.950455,1.309961,0.000000,0.455332,0.036953,0.500000,,,1779488549.632368803,,,,,,,,,0,0,0,0,-1,0,32767,32766,start_traj
1779488549.643685,4.383018,2026-05-22T18:22:29.643,sample,1,0.941963,0.324987,0.014230,0.954741,0.257467,-0.000398,-157.950455,1.309961,0.000000,0.455332,0.036953,0.500000,,,1779488549.640849829,,,,,,,,,0,0,0,0,-1,0,32767,32766,start_traj
1779488549.654280,4.393612,2026-05-22T18:22:29.654,sample,1,0.942039,0.324796,0.014085,0.954741,0.257467,-0.000398,-157.950455,1.309961,0.000000,0.455332,0.036953,0.500000,,,1779488549.649168730,,,,,,,,,0,0,0,0,-1,0,32767,32766,start_traj
1779488549.664845,4.404177,2026-05-22T18:22:29.664,sample,1,0.942030,0.324767,0.014079,0.954741,0.257467,-0.000398,-157.950455,1.309961,0.000000,0.455332,0.036953,0.500000,,,1779488549.657608986,,,,,,,,,0,0,0,0,-4,4,32767,32764,start_traj
1779488549.675584,4.414916,2026-05-22T18:22:29.675,sample,1,0.942031,0.324782,0.014099,0.954741,0.257467,-0.000398,-157.950455,1.309961,0.000000,0.455332,0.036953,0.500000,,,1779488549.674137592,,,,,,,,,0,0,0,0,-4,4,32767,32764,start_traj
1779488549.686182,4.425514,2026-05-22T18:22:29.686,sample,1,0.942035,0.324777,0.014095,0.954741,0.257467,-0.000398,-157.950455,1.309961,0.000000,0.455332,0.036953,0.500000,,,1779488549.682365894,,,,,,,,,0,0,0,0,-4,4,32767,32764,start_traj
1779488549.696775,4.436107,2026-05-22T18:22:29.696,sample,1,0.942031,0.324784,0.014094,0.954741,0.257467,-0.000398,-157.950455,1.309961,0.000000,0.455332,0.036953,0.500000,,,1779488549.691625834,,,,,,,,,0,0,0,0,-4,4,32767,32764,start_traj
1779488549.707564,4.446897,2026-05-22T18:22:29.707,sample,1,0.942042,0.324810,0.014102,0.954741,0.257467,-0.000398,-157.950455,1.309961,0.000000,0.455332,0.036953,0.500000,,,1779488549.707086563,,,,,,,,,0,0,0,0,-4,4,32767,32764,start_traj
