time_wall,time_ms,state_x,state_y,state_z,roll,pitch,yaw,u1_16,u2_16,u3_16,u4_16,setpoint_x,setpoint_y,setpoint_z,setpoint_yaw_deg,mocap_time_ms,mocap_x,mocap_y,mocap_z,mocap_qx,mocap_qy,mocap_qz,mocap_qw,mocap_mode
2026-03-07T18:21:45.779909+00:00,1772907705779.906,0.434082,-0.550781,0.318604,-0.012444,-0.512695,0.351807,19745,19974,19753,19875,0.450000,-0.550000,0.300000,0.000000,1772907705771.534,0.431194,-0.550717,0.318119,0.000000,0.000000,0.000000,1.000000,position_only
2026-03-07T18:21:45.788897+00:00,1772907705788.896,0.434082,-0.550781,0.318604,-0.008789,-0.506836,0.354492,19745,19974,19753,19875,0.450000,-0.550000,0.300000,0.000000,1772907705780.535,0.431073,-0.550716,0.318268,0.000000,0.000000,0.000000,1.000000,position_only
2026-03-07T18:21:45.800354+00:00,1772907705800.354,0.434082,-0.550781,0.318848,-0.002146,-0.509277,0.357666,19745,19974,19753,19875,0.450000,-0.550000,0.300000,0.000000,1772907705797.888,0.430842,-0.550711,0.318516,0.000000,0.000000,0.000000,1.000000,position_only
2026-03-07T18:21:45.810095+00:00,1772907705810.094,0.434082,-0.550293,0.318848,0.018921,-0.478027,0.354004,19745,19974,19753,19875,0.450000,-0.550000,0.300000,0.000000,1772907705806.419,0.430755,-0.550760,0.318604,0.000000,0.000000,0.000000,1.000000,position_only
2026-03-07T18:21:45.819255+00:00,1772907705819.255,0.433594,-0.550781,0.319092,0.037231,-0.475830,0.351074,19745,19974,19753,19875,0.450000,-0.550000,0.300000,0.000000,1772907705814.925,0.430630,-0.550771,0.318731,0.000000,0.000000,0.000000,1.000000,position_only
2026-03-07T18:21:45.830036+00:00,1772907705830.035,0.433594,-0.550781,0.319336,0.045074,-0.488770,0.343262,19745,19974,19753,19875,0.450000,-0.550000,0.300000,0.000000,1772907705823.529,0.430545,-0.550772,0.318839,0.000000,0.000000,0.000000,1.000000,position_only
2026-03-07T18:21:45.839990+00:00,1772907705839.990,0.433594,-0.550781,0.319336,0.044556,-0.522461,0.333984,19745,19974,19753,19875,0.450000,-0.550000,0.300000,0.000000,1772907705832.190,0.430451,-0.550780,0.318962,0.000000,0.000000,0.000000,1.000000,position_only
2026-03-07T18:21:45.849794+00:00,1772907705849.794,0.433594,-0.550781,0.319580,0.039673,-0.545410,0.340088,19745,19974,19753,19875,0.450000,-0.550000,0.300000,0.000000,1772907705849.281,0.430275,-0.550812,0.319201,0.000000,0.000000,0.000000,1.000000,position_only
2026-03-07T18:21:45.860514+00:00,1772907705860.512,0.433350,-0.550781,0.319824,0.043823,-0.530762,0.339600,19745,19974,19753,19875,0.450000,-0.550000,0.300000,0.000000,1772907705857.847,0.430176,-0.550818,0.319340,0.000000,0.000000,0.000000,1.000000,position_only
2026-03-07T18:21:45.870220+00:00,1772907705870.219,0.433350,-0.550781,0.319824,0.044312,-0.524902,0.343994,19745,19974,19753,19875,0.450000,-0.550000,0.300000,0.000000,1772907705866.721,0.430079,-0.550851,0.319468,0.000000,0.000000,0.000000,1.000000,position_only
2026-03-07T18:21:45.880068+00:00,1772907705880.068,0.433350,-0.550781,0.320068,0.031677,-0.513672,0.348877,19745,19974,19753,19875,0.450000,-0.550000,0.300000,0.000000,1772907705875.308,0.429984,-0.550838,0.319615,0.000000,0.000000,0.000000,1.000000,position_only
2026-03-07T18:21:45.889490+00:00,1772907705889.490,0.432861,-0.550781,0.320068,0.001940,-0.526367,0.352051,19745,19974,19753,19875,0.450000,-0.550000,0.300000,0.000000,1772907705884.111,0.429876,-0.550842,0.319739,0.000000,0.000000,0.000000,1.000000,position_only
2026-03-07T18:21:45.899983+00:00,1772907705899.983,0.432861,-0.550781,0.320312,-0.011124,-0.521484,0.358398,19745,19974,19753,19875,0.450000,-0.550000,0.300000,0.000000,1772907705892.844,0.429775,-0.550859,0.319869,0.000000,0.000000,0.000000,1.000000,position_only
2026-03-07T18:21:45.909762+00:00,1772907705909.761,0.432861,-0.550781,0.320312,-0.022507,-0.528320,0.356689,19745,19974,19753,19875,0.450000,-0.550000,0.300000,0.000000,1772907705901.346,0.429664,-0.550871,0.319985,0.000000,0.000000,0.000000,1.000000,position_only
2026-03-07T18:21:45.920462+00:00,1772907705920.462,0.432861,-0.550781,0.320557,-0.022812,-0.506836,0.363037,19745,19974,19753,19875,0.450000,-0.550000,0.300000,0.000000,1772907705918.591,0.429448,-0.550913,0.320227,0.000000,0.000000,0.000000,1.000000,position_only
2026-03-07T18:21:45.929869+00:00,1772907705929.868,0.432617,-0.550781,0.320557,-0.021225,-0.526367,0.361816,19745,19974,19753,19875,0.450000,-0.550000,0.300000,0.000000,1772907705927.096,0.429318,-0.550914,0.320353,0.000000,0.000000,0.000000,1.000000,position_only
2026-03-07T18:21:45.940605+00:00,1772907705940.605,0.432617,-0.550781,0.320801,0.002998,-0.534668,0.364014,19745,19974,19753,19875,0.450000,-0.550000,0.300000,0.000000,1772907705935.589,0.429204,-0.550951,0.320454,0.000000,0.000000,0.000000,1.000000,position_only
2026-03-07T18:21:45.950407+00:00,1772907705950.407,0.432373,-0.550781,0.320801,0.024384,-0.538574,0.363281,19745,19974,19753,19875,0.450000,-0.550000,0.300000,0.000000,1772907705944.145,0.429098,-0.550973,0.320578,0.000000,0.000000,0.000000,1.000000,position_only
2026-03-07T18:21:45.959482+00:00,1772907705959.481,0.432129,-0.550781,0.321045,0.048340,-0.553711,0.356201,19745,19974,19753,19875,0.450000,-0.550000,0.300000,0.000000,1772907705952.770,0.429028,-0.550989,0.320677,0.000000,0.000000,0.000000,1.000000,position_only
2026-03-07T18:21:45.970868+00:00,1772907705970.867,0.432129,-0.550781,0.321045,0.060455,-0.562012,0.356689,19745,19974,19753,19875,0.450000,-0.550000,0.300000,0.000000,1772907705969.833,0.428798,-0.551052,0.320890,0.000000,0.000000,0.000000,1.000000,position_only
2026-03-07T18:21:45.979967+00:00,1772907705979.967,0.432129,-0.550781,0.321289,0.073364,-0.576660,0.366455,19745,19974,19753,19875,0.450000,-0.550000,0.300000,0.000000,1772907705978.796,0.428524,-0.551140,0.321091,0.000000,0.000000,0.000000,1.000000,position_only
2026-03-07T18:21:45.990080+00:00,1772907705990.080,0.431885,-0.550781,0.321289,0.075623,-0.594727,0.370117,19745,19974,19753,19875,0.450000,-0.550000,0.300000,0.000000,1772907705987.305,0.428524,-0.551140,0.321091,0.000000,0.000000,0.000000,1.000000,position_only
2026-03-07T18:21:45.999595+00:00,1772907705999.594,0.431885,-0.550781,0.321533,0.060760,-0.623535,0.374268,19745,19974,19753,19875,0.450000,-0.550000,0.300000,0.000000,1772907705995.826,0.428338,-0.551187,0.321305,0.000000,0.000000,0.000000,1.000000,position_only
2026-03-07T18:21:46.010086+00:00,1772907706010.085,0.431641,-0.550781,0.321533,0.061340,-0.617676,0.374268,19745,19974,19753,19875,0.450000,-0.550000,0.300000,0.000000,1772907706004.338,0.428338,-0.551187,0.321305,0.000000,0.000000,0.000000,1.000000,position_only
2026-03-07T18:21:46.020064+00:00,1772907706020.064,0.431396,-0.550781,0.321777,0.007423,-0.619141,0.401367,19745,19974,19753,19875,0.450000,-0.550000,0.300000,0.000000,1772907706012.823,0.428086,-0.551251,0.321495,0.000000,0.000000,0.000000,1.000000,position_only
2026-03-07T18:21:46.029422+00:00,1772907706029.421,0.431396,-0.550781,0.321777,-0.010262,-0.582031,0.407471,19745,19974,19753,19875,0.450000,-0.550000,0.300000,0.000000,1772907706021.546,0.427968,-0.551259,0.321594,0.000000,0.000000,0.000000,1.000000,position_only
2026-03-07T18:21:46.039999+00:00,1772907706039.999,0.431396,-0.550781,0.322021,-0.010551,-0.550293,0.406494,19745,19974,19753,19875,0.450000,-0.550000,0.300000,0.000000,1772907706038.709,0.427649,-0.551328,0.321838,0.000000,0.000000,0.000000,1.000000,position_only
2026-03-07T18:21:46.050625+00:00,1772907706050.624,0.431152,-0.550781,0.322021,-0.004803,-0.528320,0.411133,19745,19974,19753,19875,0.450000,-0.550000,0.300000,0.000000,1772907706047.251,0.427536,-0.551364,0.321923,0.000000,0.000000,0.000000,1.000000,position_only
2026-03-07T18:21:46.060338+00:00,1772907706060.337,0.431152,-0.551270,0.322266,0.009430,-0.527832,0.414307,19745,19974,19753,19875,0.450000,-0.550000,0.300000,0.000000,1772907706055.787,0.427387,-0.551403,0.322040,0.000000,0.000000,0.000000,1.000000,position_only
2026-03-07T18:21:46.070806+00:00,1772907706070.805,0.430908,-0.551270,0.322266,0.010002,-0.521484,0.414307,19745,19974,19753,19875,0.450000,-0.550000,0.300000,0.000000,1772907706064.492,0.427258,-0.551463,0.322122,0.000000,0.000000,0.000000,1.000000,position_only
2026-03-07T18:21:46.080748+00:00,1772907706080.747,0.430664,-0.551270,0.322266,-0.017776,-0.549805,0.435059,20193,19191,20006,19546,0.450000,-0.550000,0.300000,0.000000,1772907706073.188,0.427154,-0.551482,0.322223,0.000000,0.000000,0.000000,1.000000,position_only
2026-03-07T18:21:46.090627+00:00,1772907706090.626,0.430664,-0.551270,0.322510,-0.008339,-0.551758,0.447754,19797,19207,19608,19213,0.450000,-0.550000,0.300000,0.000000,1772907706090.282,0.426866,-0.551639,0.322380,0.000000,0.000000,0.000000,1.000000,position_only
2026-03-07T18:21:46.100439+00:00,1772907706100.438,0.430420,-0.551270,0.322510,-0.012718,-0.580078,0.450439,19891,18574,19785,18621,0.450000,-0.550000,0.300000,0.000000,1772907706098.926,0.426754,-0.551656,0.322484,0.000000,0.000000,0.000000,1.000000,position_only
2026-03-07T18:21:46.110144+00:00,1772907706110.143,0.430420,-0.551270,0.322754,-0.020981,-0.601562,0.456543,19560,18382,19570,18571,0.450000,-0.550000,0.300000,0.000000,1772907706107.406,0.426629,-0.551727,0.322559,0.000000,0.000000,0.000000,1.000000,position_only
2026-03-07T18:21:46.119873+00:00,1772907706119.872,0.429932,-0.551270,0.322754,-0.044647,-0.623047,0.463867,19327,18332,19398,18392,0.450000,-0.550000,0.300000,0.000000,1772907706115.890,0.426508,-0.551769,0.322645,0.000000,0.000000,0.000000,1.000000,position_only
2026-03-07T18:21:46.130377+00:00,1772907706130.376,0.429932,-0.551270,0.322754,-0.044647,-0.623047,0.463867,18769,18673,19032,18462,0.450000,-0.550000,0.300000,0.000000,1772907706124.382,0.426431,-0.551815,0.322736,0.000000,0.000000,0.000000,1.000000,position_only
2026-03-07T18:21:46.140443+00:00,1772907706140.442,0.429932,-0.551270,0.322998,-0.063416,-0.601562,0.475830,18951,18291,19306,17964,0.450000,-0.550000,0.300000,0.000000,1772907706132.878,0.426276,-0.551853,0.322839,0.000000,0.000000,0.000000,1.000000,position_only
2026-03-07T18:21:46.150374+00:00,1772907706150.374,0.429688,-0.551270,0.322998,-0.067505,-0.594727,0.483154,18534,18542,18855,18204,0.450000,-0.550000,0.300000,0.000000,1772907706149.962,0.426016,-0.551937,0.323028,0.000000,0.000000,0.000000,1.000000,position_only
2026-03-07T18:21:46.160993+00:00,1772907706160.992,0.429688,-0.551758,0.323242,-0.077942,-0.579102,0.489502,18329,18597,18700,18203,0.450000,-0.550000,0.300000,0.000000,1772907706158.556,0.425851,-0.551987,0.323124,0.000000,0.000000,0.000000,1.000000,position_only
2026-03-07T18:21:46.171700+00:00,1772907706171.698,0.429443,-0.551758,0.323242,-0.079041,-0.569336,0.486084,18246,18566,18592,18110,0.450000,-0.550000,0.300000,0.000000,1772907706167.058,0.425714,-0.552038,0.323210,0.000000,0.000000,0.000000,1.000000,position_only
2026-03-07T18:21:46.180817+00:00,1772907706180.816,0.429443,-0.551758,0.323486,-0.076904,-0.579102,0.482422,18352,18333,18687,17957,0.450000,-0.550000,0.300000,0.000000,1772907706175.807,0.425583,-0.552125,0.323295,0.000000,0.000000,0.000000,1.000000,position_only
2026-03-07T18:21:46.190867+00:00,1772907706190.866,0.428955,-0.551758,0.323486,-0.085815,-0.592773,0.479492,17870,18682,18161,18395,0.450000,-0.550000,0.300000,0.000000,1772907706184.291,0.425450,-0.552197,0.323371,0.000000,0.000000,0.000000,1.000000,position_only
2026-03-07T18:21:46.200926+00:00,1772907706200.925,0.428955,-0.551758,0.323486,-0.102661,-0.612793,0.483887,18847,17638,19259,17171,0.450000,-0.550000,0.300000,0.000000,1772907706193.040,0.425346,-0.552222,0.323438,0.000000,0.000000,0.000000,1.000000,position_only
2026-03-07T18:21:46.210059+00:00,1772907706210.059,0.428955,-0.551758,0.323730,-0.113342,-0.646484,0.489990,17917,18513,18187,18170,0.450000,-0.550000,0.300000,0.000000,1772907706201.954,0.425270,-0.552266,0.323511,0.000000,0.000000,0.000000,1.000000,position_only
2026-03-07T18:21:46.220040+00:00,1772907706220.040,0.428711,-0.551758,0.323730,-0.099609,-0.673828,0.489990,18280,18080,18546,17758,0.450000,-0.550000,0.300000,0.000000,1772907706218.963,0.425032,-0.552371,0.323681,0.000000,0.000000,0.000000,1.000000,position_only
2026-03-07T18:21:46.230860+00:00,1772907706230.859,0.428711,-0.551758,0.323975,-0.088989,-0.672852,0.503906,18224,18170,18656,17519,0.450000,-0.550000,0.300000,0.000000,1772907706227.516,0.424918,-0.552409,0.323769,0.000000,0.000000,0.000000,1.000000,position_only
2026-03-07T18:21:46.240714+00:00,1772907706240.712,0.428467,-0.551758,0.323975,-0.093079,-0.689941,0.503418,18226,18079,18607,17567,0.450000,-0.550000,0.300000,0.000000,1772907706236.272,0.424761,-0.552461,0.323881,0.000000,0.000000,0.000000,1.000000,position_only
2026-03-07T18:21:46.250098+00:00,1772907706250.097,0.428223,-0.551758,0.323975,-0.092285,-0.683594,0.503418,18086,18123,18617,17577,0.450000,-0.550000,0.300000,0.000000,1772907706244.820,0.424633,-0.552495,0.323967,0.000000,0.000000,0.000000,1.000000,position_only
2026-03-07T18:21:46.260018+00:00,1772907706260.017,0.427979,-0.552246,0.324219,-0.102783,-0.658691,0.511230,18189,18065,18749,17330,0.450000,-0.550000,0.300000,0.000000,1772907706253.384,0.424507,-0.552515,0.324035,0.000000,0.000000,0.000000,1.000000,position_only
2026-03-07T18:21:46.270782+00:00,1772907706270.781,0.427979,-0.552246,0.324219,-0.114929,-0.641113,0.521973,17932,18146,18476,17726,0.450000,-0.550000,0.300000,0.000000,1772907706270.488,0.424130,-0.552702,0.324220,0.000000,0.000000,0.000000,1.000000,position_only
2026-03-07T18:21:46.281467+00:00,1772907706281.467,0.427979,-0.552246,0.324463,-0.130127,-0.637695,0.531250,18099,18010,18752,17364,0.450000,-0.550000,0.300000,0.000000,1772907706279.058,0.423998,-0.552762,0.324289,0.000000,0.000000,0.000000,1.000000,position_only
2026-03-07T18:21:46.291860+00:00,1772907706291.859,0.427490,-0.552246,0.324463,-0.140381,-0.619629,0.532715,17205,18869,17671,18434,0.450000,-0.550000,0.300000,0.000000,1772907706287.587,0.423875,-0.552811,0.324345,0.000000,0.000000,0.000000,1.000000,position_only
2026-03-07T18:21:46.301629+00:00,1772907706301.628,0.427734,-0.552246,0.324463,-0.147949,-0.641602,0.515625,17465,18675,17932,18074,0.450000,-0.550000,0.300000,0.000000,1772907706296.378,0.423772,-0.552845,0.324411,0.000000,0.000000,0.000000,1.000000,position_only
2026-03-07T18:21:46.310095+00:00,1772907706310.094,0.427490,-0.552246,0.324707,-0.158691,-0.651855,0.506836,17470,18608,18025,18007,0.450000,-0.550000,0.300000,0.000000,1772907706304.994,0.423680,-0.552894,0.324508,0.000000,0.000000,0.000000,1.000000,position_only
2026-03-07T18:21:46.321320+00:00,1772907706321.319,0.427246,-0.552246,0.324707,-0.162231,-0.639648,0.504883,17772,18273,18382,17660,0.450000,-0.550000,0.300000,0.000000,1772907706313.500,0.423557,-0.552969,0.324552,0.000000,0.000000,0.000000,1.000000,position_only
2026-03-07T18:21:46.331231+00:00,1772907706331.230,0.427002,-0.552246,0.324707,-0.166992,-0.641602,0.504395,17786,18345,18193,17753,0.450000,-0.550000,0.300000,0.000000,1772907706330.803,0.423339,-0.553067,0.324689,0.000000,0.000000,0.000000,1.000000,position_only
2026-03-07T18:21:46.340505+00:00,1772907706340.504,0.427002,-0.552734,0.324951,-0.144653,-0.655762,0.505859,17945,18155,18345,17632,0.450000,-0.550000,0.300000,0.000000,1772907706339.320,0.423245,-0.553113,0.324740,0.000000,0.000000,0.000000,1.000000,position_only
2026-03-07T18:21:46.351833+00:00,1772907706351.833,0.426758,-0.552734,0.324951,-0.142456,-0.672852,0.514160,18026,18126,18502,17403,0.450000,-0.550000,0.300000,0.000000,1772907706347.882,0.423108,-0.553182,0.324809,0.000000,0.000000,0.000000,1.000000,position_only
2026-03-07T18:21:46.360394+00:00,1772907706360.393,0.426758,-0.552734,0.324951,-0.138550,-0.699219,0.515137,17768,18266,18093,17919,0.450000,-0.550000,0.300000,0.000000,1772907706356.393,0.422991,-0.553198,0.324908,0.000000,0.000000,0.000000,1.000000,position_only
2026-03-07T18:21:46.371455+00:00,1772907706371.454,0.426514,-0.552734,0.324951,-0.143677,-0.742188,0.512695,18389,17696,18899,17051,0.450000,-0.550000,0.300000,0.000000,1772907706364.927,0.422899,-0.553242,0.324961,0.000000,0.000000,0.000000,1.000000,position_only
2026-03-07T18:21:46.381400+00:00,1772907706381.400,0.426270,-0.552734,0.325195,-0.154785,-0.741699,0.528320,18395,17637,18995,16978,0.450000,-0.550000,0.300000,0.000000,1772907706373.469,0.422803,-0.553293,0.325015,0.000000,0.000000,0.000000,1.000000,position_only
2026-03-07T18:21:46.390448+00:00,1772907706390.447,0.426270,-0.552734,0.325195,-0.155273,-0.722656,0.539551,18102,17923,18739,17218,0.450000,-0.550000,0.300000,0.000000,1772907706381.977,0.422704,-0.553394,0.325056,0.000000,0.000000,0.000000,1.000000,position_only
2026-03-07T18:21:46.400343+00:00,1772907706400.343,0.426270,-0.552734,0.325195,-0.145630,-0.705566,0.551758,17975,18102,18503,17384,0.450000,-0.550000,0.300000,0.000000,1772907706399.054,0.422548,-0.553479,0.325132,0.000000,0.000000,0.000000,1.000000,position_only
2026-03-07T18:21:46.413027+00:00,1772907706413.025,0.425781,-0.552734,0.325195,-0.140381,-0.705078,0.560059,18057,17944,18460,17459,0.450000,-0.550000,0.300000,0.000000,1772907706407.529,0.422498,-0.553534,0.325177,0.000000,0.000000,0.000000,1.000000,position_only
2026-03-07T18:21:46.420731+00:00,1772907706420.730,0.425781,-0.552734,0.325439,-0.137207,-0.727051,0.569824,18270,17801,18779,17047,0.450000,-0.550000,0.300000,0.000000,1772907706416.052,0.422412,-0.553551,0.325226,0.000000,0.000000,0.000000,1.000000,position_only
2026-03-07T18:21:46.430724+00:00,1772907706430.723,0.425781,-0.553223,0.325439,-0.137573,-0.757812,0.571777,18151,17865,18500,17354,0.450000,-0.550000,0.300000,0.000000,1772907706424.820,0.422355,-0.553597,0.325274,0.000000,0.000000,0.000000,1.000000,position_only
2026-03-07T18:21:46.441133+00:00,1772907706441.132,0.425781,-0.553223,0.325439,-0.131348,-0.794434,0.577637,18410,17646,18874,16918,0.450000,-0.550000,0.300000,0.000000,1772907706433.468,0.422304,-0.553646,0.325337,0.000000,0.000000,0.000000,1.000000,position_only
2026-03-07T18:21:46.450643+00:00,1772907706450.642,0.425537,-0.553223,0.325439,-0.114929,-0.798828,0.582031,17635,18357,18048,17773,0.450000,-0.550000,0.300000,0.000000,1772907706442.151,0.422255,-0.553695,0.325368,0.000000,0.000000,0.000000,1.000000,position_only
2026-03-07T18:21:46.460750+00:00,1772907706460.749,0.425537,-0.553223,0.325684,-0.111389,-0.820312,0.587891,18426,17564,18954,16845,0.450000,-0.550000,0.300000,0.000000,1772907706459.462,0.422137,-0.553765,0.325483,0.000000,0.000000,0.000000,1.000000,position_only
2026-03-07T18:21:46.471350+00:00,1772907706471.349,0.425537,-0.553223,0.325684,-0.123535,-0.821777,0.602051,17719,18102,18263,17673,0.450000,-0.550000,0.300000,0.000000,1772907706467.947,0.422072,-0.553796,0.325534,0.000000,0.000000,0.000000,1.000000,position_only
2026-03-07T18:21:46.481196+00:00,1772907706481.196,0.425537,-0.553223,0.325684,-0.141113,-0.841309,0.600586,17810,18061,18348,17526,0.450000,-0.550000,0.300000,0.000000,1772907706476.725,0.422011,-0.553816,0.325589,0.000000,0.000000,0.000000,1.000000,position_only
2026-03-07T18:21:46.490494+00:00,1772907706490.492,0.425293,-0.553223,0.325684,-0.161499,-0.835938,0.611816,18152,17711,18747,17102,0.450000,-0.550000,0.300000,0.000000,1772907706485.277,0.421953,-0.553873,0.325653,0.000000,0.000000,0.000000,1.000000,position_only
2026-03-07T18:21:46.500797+00:00,1772907706500.796,0.425293,-0.553223,0.325928,-0.172241,-0.823242,0.627441,18028,17851,18670,17145,0.450000,-0.550000,0.300000,0.000000,1772907706493.779,0.421893,-0.553900,0.325701,0.000000,0.000000,0.000000,1.000000,position_only
2026-03-07T18:21:46.511636+00:00,1772907706511.635,0.425049,-0.553223,0.325928,-0.161865,-0.800781,0.634277,17769,18241,18308,17354,0.450000,-0.550000,0.300000,0.000000,1772907706511.209,0.421742,-0.553988,0.325848,0.000000,0.000000,0.000000,1.000000,position_only
2026-03-07T18:21:46.520896+00:00,1772907706520.895,0.425049,-0.553223,0.325928,-0.140747,-0.788086,0.637207,17958,18081,18439,17180,0.450000,-0.550000,0.300000,0.000000,1772907706519.701,0.421710,-0.554032,0.325880,0.000000,0.000000,0.000000,1.000000,position_only
2026-03-07T18:21:46.530809+00:00,1772907706530.809,0.425049,-0.553223,0.326172,-0.113708,-0.777344,0.643066,17938,18101,18365,17226,0.450000,-0.550000,0.300000,0.000000,1772907706528.199,0.421688,-0.554081,0.325933,0.000000,0.000000,0.000000,1.000000,position_only
2026-03-07T18:21:46.541737+00:00,1772907706541.737,0.424805,-0.553711,0.326172,-0.092651,-0.769043,0.648926,18077,17847,18636,17035,0.450000,-0.550000,0.300000,0.000000,1772907706536.883,0.421587,-0.554193,0.326039,0.000000,0.000000,0.000000,1.000000,position_only
2026-03-07T18:21:46.550973+00:00,1772907706550.972,0.424805,-0.553711,0.326172,-0.098328,-0.762207,0.649902,17557,18343,18096,17580,0.450000,-0.550000,0.300000,0.000000,1772907706545.459,0.421587,-0.554232,0.326087,0.000000,0.000000,0.000000,1.000000,position_only
2026-03-07T18:21:46.560874+00:00,1772907706560.873,0.424805,-0.553711,0.326172,-0.100891,-0.777832,0.639648,17528,18279,17999,17734,0.450000,-0.550000,0.300000,0.000000,1772907706554.194,0.421565,-0.554281,0.326142,0.000000,0.000000,0.000000,1.000000,position_only
2026-03-07T18:21:46.570965+00:00,1772907706570.965,0.424805,-0.553711,0.326416,-0.134277,-0.816406,0.644043,17985,17754,18453,17328,0.450000,-0.550000,0.300000,0.000000,1772907706562.875,0.421565,-0.554281,0.326142,0.000000,0.000000,0.000000,1.000000,position_only
2026-03-07T18:21:46.581268+00:00,1772907706581.267,0.424805,-0.553711,0.326416,-0.143799,-0.829590,0.642090,17351,18451,17824,17869,0.450000,-0.550000,0.300000,0.000000,1772907706580.092,0.421552,-0.554391,0.326289,0.000000,0.000000,0.000000,1.000000,position_only
2026-03-07T18:21:46.590837+00:00,1772907706590.836,0.424805,-0.553711,0.326416,-0.153198,-0.841797,0.632324,17407,18401,17883,17779,0.450000,-0.550000,0.300000,0.000000,1772907706588.994,0.421552,-0.554437,0.326330,0.000000,0.000000,0.000000,1.000000,position_only
2026-03-07T18:21:46.601361+00:00,1772907706601.360,0.424805,-0.553711,0.326660,-0.164429,-0.855957,0.633789,17584,18130,18099,17642,0.450000,-0.550000,0.300000,0.000000,1772907706597.667,0.421567,-0.554464,0.326367,0.000000,0.000000,0.000000,1.000000,position_only
2026-03-07T18:21:46.611378+00:00,1772907706611.377,0.424805,-0.553711,0.326660,-0.169434,-0.851074,0.628906,17362,18413,17902,17763,0.450000,-0.550000,0.300000,0.000000,1772907706606.259,0.421556,-0.554510,0.326431,0.000000,0.000000,0.000000,1.000000,position_only
2026-03-07T18:21:46.621014+00:00,1772907706621.013,0.424805,-0.553711,0.326660,-0.153687,-0.827637,0.625000,17735,18167,18242,17290,0.450000,-0.550000,0.300000,0.000000,1772907706614.849,0.421575,-0.554559,0.326460,0.000000,0.000000,0.000000,1.000000,position_only
2026-03-07T18:21:46.631199+00:00,1772907706631.199,0.424805,-0.553711,0.326660,-0.137817,-0.783203,0.627930,17529,18345,18122,17432,0.450000,-0.550000,0.300000,0.000000,1772907706623.533,0.421590,-0.554606,0.326507,0.000000,0.000000,0.000000,1.000000,position_only
2026-03-07T18:21:46.642049+00:00,1772907706642.049,0.424805,-0.553711,0.326660,-0.124268,-0.762207,0.632324,17728,18144,18215,17348,0.450000,-0.550000,0.300000,0.000000,1772907706640.697,0.421625,-0.554683,0.326587,0.000000,0.000000,0.000000,1.000000,position_only
2026-03-07T18:21:46.651900+00:00,1772907706651.899,0.424805,-0.554199,0.326904,-0.102051,-0.741699,0.626465,17123,18761,17585,17951,0.450000,-0.550000,0.300000,0.000000,1772907706649.278,0.421646,-0.554729,0.326625,0.000000,0.000000,0.000000,1.000000,position_only
2026-03-07T18:21:46.661869+00:00,1772907706661.869,0.425049,-0.554199,0.326904,-0.127563,-0.772949,0.609863,17353,18371,17851,17849,0.450000,-0.550000,0.300000,0.000000,1772907706657.811,0.421684,-0.554779,0.326653,0.000000,0.000000,0.000000,1.000000,position_only
2026-03-07T18:21:46.671301+00:00,1772907706671.300,0.424805,-0.554199,0.326904,-0.127563,-0.772949,0.609863,17352,18373,17864,17840,0.450000,-0.550000,0.300000,0.000000,1772907706666.448,0.421701,-0.554788,0.326691,0.000000,0.000000,0.000000,1.000000,position_only
2026-03-07T18:21:46.681129+00:00,1772907706681.128,0.424805,-0.554199,0.326904,-0.151855,-0.820801,0.583008,17261,18601,17628,17942,0.450000,-0.550000,0.300000,0.000000,1772907706674.986,0.421767,-0.554822,0.326709,0.000000,0.000000,0.000000,1.000000,position_only
2026-03-07T18:21:46.691235+00:00,1772907706691.234,0.425049,-0.554199,0.326904,-0.150391,-0.833008,0.567383,17366,18433,17817,17803,0.450000,-0.550000,0.300000,0.000000,1772907706683.593,0.421806,-0.554871,0.326749,0.000000,0.000000,0.000000,1.000000,position_only
2026-03-07T18:21:46.700945+00:00,1772907706700.944,0.425049,-0.554199,0.326904,-0.163330,-0.827637,0.557617,17232,18582,17719,17881,0.450000,-0.550000,0.300000,0.000000,1772907706692.354,0.421850,-0.554907,0.326761,0.000000,0.000000,0.000000,1.000000,position_only
2026-03-07T18:21:46.710856+00:00,1772907706710.855,0.425049,-0.554199,0.326904,-0.166992,-0.804688,0.553223,17635,18179,18218,17394,0.450000,-0.550000,0.300000,0.000000,1772907706709.597,0.421957,-0.555000,0.326788,0.000000,0.000000,0.000000,1.000000,position_only
2026-03-07T18:21:46.721754+00:00,1772907706721.753,0.425293,-0.554199,0.327148,-0.172485,-0.777344,0.555664,17417,18368,17947,17704,0.450000,-0.550000,0.300000,0.000000,1772907706718.141,0.422009,-0.555028,0.326795,0.000000,0.000000,0.000000,1.000000,position_only
2026-03-07T18:21:46.731245+00:00,1772907706731.244,0.425049,-0.554199,0.326904,-0.172485,-0.777344,0.555664,17507,18325,18047,17563,0.450000,-0.550000,0.300000,0.000000,1772907706726.742,0.422063,-0.555046,0.326822,0.000000,0.000000,0.000000,1.000000,position_only
2026-03-07T18:21:46.741008+00:00,1772907706741.007,0.425049,-0.554199,0.327148,-0.178101,-0.749023,0.550781,17847,17958,18370,17271,0.450000,-0.550000,0.300000,0.000000,1772907706735.308,0.422128,-0.555097,0.326833,0.000000,0.000000,0.000000,1.000000,position_only
2026-03-07T18:21:46.751170+00:00,1772907706751.170,0.425293,-0.554199,0.327148,-0.164185,-0.693848,0.549805,17139,18749,17778,17799,0.450000,-0.550000,0.300000,0.000000,1772907706744.000,0.422189,-0.555128,0.326839,0.000000,0.000000,0.000000,1.000000,position_only
2026-03-07T18:21:46.762208+00:00,1772907706762.207,0.425049,-0.554688,0.327148,-0.164185,-0.693848,0.549805,17087,18703,17697,17994,0.450000,-0.550000,0.300000,0.000000,1772907706761.205,0.422320,-0.555204,0.326872,0.000000,0.000000,0.000000,1.000000,position_only
2026-03-07T18:21:46.771382+00:00,1772907706771.382,0.425293,-0.554688,0.327148,-0.164185,-0.664062,0.535156,16935,18939,17326,18288,0.450000,-0.550000,0.300000,0.000000,1772907706769.719,0.422399,-0.555244,0.326872,0.000000,0.000000,0.000000,1.000000,position_only
2026-03-07T18:21:46.781232+00:00,1772907706781.232,0.425537,-0.554688,0.327148,-0.158691,-0.676270,0.498291,17054,18808,17408,18201,0.450000,-0.550000,0.300000,0.000000,1772907706778.266,0.422471,-0.555285,0.326892,0.000000,0.000000,0.000000,1.000000,position_only
2026-03-07T18:21:46.791863+00:00,1772907706791.862,0.425293,-0.554688,0.327148,-0.158691,-0.676270,0.498291,16676,19223,17097,18468,0.450000,-0.550000,0.300000,0.000000,1772907706787.037,0.422655,-0.555360,0.326930,0.000000,0.000000,0.000000,1.000000,position_only
2026-03-07T18:21:46.802326+00:00,1772907706802.325,0.425293,-0.554688,0.327148,-0.148315,-0.668945,0.483398,17383,18500,18038,17532,0.450000,-0.550000,0.300000,0.000000,1772907706795.619,0.422736,-0.555351,0.326961,0.000000,0.000000,0.000000,1.000000,position_only
2026-03-07T18:21:46.811343+00:00,1772907706811.343,0.425537,-0.554688,0.327148,-0.145386,-0.634277,0.471191,16875,19059,17313,18201,0.450000,-0.550000,0.300000,0.000000,1772907706804.201,0.422840,-0.555391,0.326973,0.000000,0.000000,0.000000,1.000000,position_only
2026-03-07T18:21:46.821969+00:00,1772907706821.969,0.425537,-0.554688,0.327148,-0.130493,-0.596191,0.457275,17205,18708,17578,17943,0.450000,-0.550000,0.300000,0.000000,1772907706821.438,0.423022,-0.555452,0.326990,0.000000,0.000000,0.000000,1.000000,position_only
2026-03-07T18:21:46.831164+00:00,1772907706831.164,0.425781,-0.554688,0.327148,-0.113953,-0.580566,0.441895,16679,19133,16904,18700,0.450000,-0.550000,0.300000,0.000000,1772907706830.003,0.423164,-0.555475,0.326995,0.000000,0.000000,0.000000,1.000000,position_only
2026-03-07T18:21:46.841617+00:00,1772907706841.617,0.425781,-0.554688,0.327148,-0.114075,-0.610840,0.422363,17065,18674,17487,18187,0.450000,-0.550000,0.300000,0.000000,1772907706838.776,0.423330,-0.555492,0.326998,0.000000,0.000000,0.000000,1.000000,position_only
2026-03-07T18:21:46.852074+00:00,1772907706852.074,0.425781,-0.554688,0.327148,-0.139282,-0.642090,0.405518,17093,18632,17643,18037,0.450000,-0.550000,0.300000,0.000000,1772907706847.436,0.423403,-0.555530,0.327021,0.000000,0.000000,0.000000,1.000000,position_only
2026-03-07T18:21:46.862515+00:00,1772907706862.515,0.426025,-0.554688,0.327148,-0.165771,-0.639160,0.393066,16995,18679,17456,18279,0.450000,-0.550000,0.300000,0.000000,1772907706856.035,0.423518,-0.555530,0.327032,0.000000,0.000000,0.000000,1.000000,position_only
2026-03-07T18:21:46.871606+00:00,1772907706871.605,0.426025,-0.554688,0.327148,-0.200073,-0.647461,0.378418,17071,18689,17650,18000,0.450000,-0.550000,0.300000,0.000000,1772907706864.700,0.423649,-0.555546,0.327057,0.000000,0.000000,0.000000,1.000000,position_only
2026-03-07T18:21:46.882124+00:00,1772907706882.123,0.426270,-0.554688,0.327148,-0.221191,-0.628906,0.366943,16958,18783,17488,18196,0.450000,-0.550000,0.300000,0.000000,1772907706881.941,0.423837,-0.555609,0.327081,0.000000,0.000000,0.000000,1.000000,position_only
2026-03-07T18:21:46.891772+00:00,1772907706891.771,0.426514,-0.555176,0.327148,-0.242310,-0.611816,0.350098,17295,18507,17747,17895,0.450000,-0.550000,0.300000,0.000000,1772907706890.534,0.423963,-0.555634,0.327104,0.000000,0.000000,0.000000,1.000000,position_only
2026-03-07T18:21:46.902213+00:00,1772907706902.212,0.426514,-0.555176,0.327148,-0.246216,-0.598633,0.342041,17380,18454,17939,17676,0.450000,-0.550000,0.300000,0.000000,1772907706899.134,0.424065,-0.555682,0.327116,0.000000,0.000000,0.000000,1.000000,position_only
2026-03-07T18:21:46.912469+00:00,1772907706912.469,0.426514,-0.555176,0.327148,-0.251953,-0.577637,0.332764,17237,18646,17824,17744,0.450000,-0.550000,0.300000,0.000000,1772907706907.735,0.424162,-0.555691,0.327148,0.000000,0.000000,0.000000,1.000000,position_only
2026-03-07T18:21:46.921640+00:00,1772907706921.640,0.426758,-0.555176,0.327148,-0.239624,-0.520508,0.326660,17565,18304,18069,17512,0.450000,-0.550000,0.300000,0.000000,1772907706916.531,0.424284,-0.555740,0.327123,0.000000,0.000000,0.000000,1.000000,position_only
2026-03-07T18:21:46.931766+00:00,1772907706931.766,0.426758,-0.555176,0.327393,-0.234253,-0.499268,0.315674,17187,18655,17690,17909,0.450000,-0.550000,0.300000,0.000000,1772907706925.143,0.424395,-0.555764,0.327134,0.000000,0.000000,0.000000,1.000000,position_only
2026-03-07T18:21:46.941677+00:00,1772907706941.676,0.427002,-0.555176,0.327393,-0.227539,-0.473633,0.307861,17166,18681,17601,17986,0.450000,-0.550000,0.300000,0.000000,1772907706933.672,0.424545,-0.555799,0.327146,0.000000,0.000000,0.000000,1.000000,position_only
2026-03-07T18:21:46.951657+00:00,1772907706951.657,0.427246,-0.555176,0.327393,-0.226685,-0.454834,0.300781,17168,18586,17669,18008,0.450000,-0.550000,0.300000,0.000000,1772907706950.927,0.424741,-0.555835,0.327150,0.000000,0.000000,0.000000,1.000000,position_only
2026-03-07T18:21:46.962351+00:00,1772907706962.351,0.427246,-0.555176,0.327393,-0.224365,-0.433350,0.294434,17225,18606,17678,17934,0.450000,-0.550000,0.300000,0.000000,1772907706959.531,0.424864,-0.555852,0.327155,0.000000,0.000000,0.000000,1.000000,position_only
2026-03-07T18:21:46.973653+00:00,1772907706973.653,0.427734,-0.555176,0.327393,-0.231079,-0.431641,0.281982,17655,18175,18033,17579,0.450000,-0.550000,0.300000,0.000000,1772907706968.213,0.424954,-0.555884,0.327171,0.000000,0.000000,0.000000,1.000000,position_only
2026-03-07T18:21:46.982020+00:00,1772907706982.020,0.427490,-0.555176,0.327393,-0.231079,-0.431641,0.281982,17947,17813,18324,17372,0.450000,-0.550000,0.300000,0.000000,1772907706976.709,0.425090,-0.555877,0.327159,0.000000,0.000000,0.000000,1.000000,position_only
2026-03-07T18:21:46.991353+00:00,1772907706991.352,0.427734,-0.555176,0.327393,-0.236450,-0.445557,0.284424,17506,18320,17935,17713,0.450000,-0.550000,0.300000,0.000000,1772907706985.304,0.425203,-0.555900,0.327173,0.000000,0.000000,0.000000,1.000000,position_only
2026-03-07T18:21:47.001521+00:00,1772907707001.520,0.427734,-0.555176,0.327393,-0.244873,-0.454590,0.278320,17376,18418,17770,17934,0.450000,-0.550000,0.300000,0.000000,1772907706993.833,0.425331,-0.555884,0.327188,0.000000,0.000000,0.000000,1.000000,position_only
2026-03-07T18:21:47.012790+00:00,1772907707012.789,0.427979,-0.555176,0.327393,-0.261719,-0.463867,0.273193,17286,18525,17813,17899,0.450000,-0.550000,0.300000,0.000000,1772907707011.008,0.425564,-0.555901,0.327185,0.000000,0.000000,0.000000,1.000000,position_only
2026-03-07T18:21:47.022612+00:00,1772907707022.612,0.428223,-0.555176,0.327393,-0.265137,-0.441895,0.261475,17989,17888,18478,17179,0.450000,-0.550000,0.300000,0.000000,1772907707019.531,0.425671,-0.555910,0.327193,0.000000,0.000000,0.000000,1.000000,position_only
2026-03-07T18:21:47.032594+00:00,1772907707032.593,0.428467,-0.555176,0.327393,-0.260010,-0.409180,0.268555,18176,17691,18749,16931,0.450000,-0.550000,0.300000,0.000000,1772907707028.061,0.425793,-0.555927,0.327178,0.000000,0.000000,0.000000,1.000000,position_only
2026-03-07T18:21:47.041745+00:00,1772907707041.744,0.428223,-0.555176,0.327393,-0.260010,-0.409180,0.268555,17408,18555,17895,17678,0.450000,-0.550000,0.300000,0.000000,1772907707036.616,0.425903,-0.555931,0.327172,0.000000,0.000000,0.000000,1.000000,position_only
2026-03-07T18:21:47.051510+00:00,1772907707051.509,0.428467,-0.555176,0.327393,-0.246704,-0.379395,0.263428,17804,18016,18373,17341,0.450000,-0.550000,0.300000,0.000000,1772907707045.209,0.426144,-0.555943,0.327164,0.000000,0.000000,0.000000,1.000000,position_only
2026-03-07T18:21:47.062675+00:00,1772907707062.675,0.428467,-0.555176,0.327393,-0.245728,-0.354492,0.263916,17409,18349,17849,17933,0.450000,-0.550000,0.300000,0.000000,1772907707062.238,0.426396,-0.555980,0.327120,0.000000,0.000000,0.000000,1.000000,position_only
2026-03-07T18:21:47.071793+00:00,1772907707071.792,0.428711,-0.555176,0.327393,-0.254395,-0.350342,0.260498,17348,18509,17754,17914,0.450000,-0.550000,0.300000,0.000000,1772907707070.742,0.426512,-0.555984,0.327100,0.000000,0.000000,0.000000,1.000000,position_only
2026-03-07T18:21:47.083336+00:00,1772907707083.336,0.428955,-0.555176,0.327393,-0.252930,-0.368408,0.242798,17156,18618,17439,18294,0.450000,-0.550000,0.300000,0.000000,1772907707078.831,0.426613,-0.556002,0.327098,0.000000,0.000000,0.000000,1.000000,position_only
2026-03-07T18:21:47.092787+00:00,1772907707092.787,0.428955,-0.555176,0.327148,-0.252930,-0.368408,0.242798,18105,17682,18422,17297,0.450000,-0.550000,0.300000,0.000000,1772907707087.475,0.426613,-0.556002,0.327098,0.000000,0.000000,0.000000,1.000000,position_only
2026-03-07T18:21:47.102496+00:00,1772907707102.496,0.428955,-0.555176,0.327148,-0.259766,-0.406982,0.240479,19143,16567,19510,16316,0.450000,-0.550000,0.300000,0.000000,1772907707096.561,0.426818,-0.555984,0.327060,0.000000,0.000000,0.000000,1.000000,position_only
2026-03-07T18:21:47.111508+00:00,1772907707111.507,0.429199,-0.555176,0.327148,-0.283203,-0.441162,0.268799,18825,16890,19201,16729,0.450000,-0.550000,0.300000,0.000000,1772907707105.202,0.426928,-0.555978,0.327022,0.000000,0.000000,0.000000,1.000000,position_only
2026-03-07T18:21:47.122812+00:00,1772907707122.811,0.429443,-0.555176,0.327148,-0.314453,-0.495117,0.293945,18367,17388,18629,17451,0.450000,-0.550000,0.300000,0.000000,1772907707122.458,0.427157,-0.555934,0.326860,0.000000,0.000000,0.000000,1.000000,position_only
2026-03-07T18:21:47.132640+00:00,1772907707132.640,0.429443,-0.555176,0.327148,-0.354736,-0.552246,0.311035,18592,17222,18862,17413,0.450000,-0.550000,0.300000,0.000000,1772907707130.996,0.427284,-0.555862,0.326749,0.000000,0.000000,0.000000,1.000000,position_only
2026-03-07T18:21:47.142422+00:00,1772907707142.422,0.429688,-0.555176,0.326904,-0.406494,-0.627441,0.327393,18924,17000,19224,17252,0.450000,-0.550000,0.300000,0.000000,1772907707139.626,0.427446,-0.555861,0.326548,0.000000,0.000000,0.000000,1.000000,position_only
2026-03-07T18:21:47.153800+00:00,1772907707153.800,0.429932,-0.555176,0.326416,-0.552246,-0.812988,0.360840,18585,17383,18888,17916,0.450000,-0.550000,0.300000,0.000000,1772907707148.210,0.427572,-0.555832,0.326286,0.000000,0.000000,0.000000,1.000000,position_only
2026-03-07T18:21:47.162951+00:00,1772907707162.951,0.429932,-0.555176,0.326416,-0.552246,-0.812988,0.360840,18903,17319,19175,17737,0.450000,-0.550000,0.300000,0.000000,1772907707156.878,0.427706,-0.555793,0.326000,0.000000,0.000000,0.000000,1.000000,position_only
2026-03-07T18:21:47.172015+00:00,1772907707172.015,0.430176,-0.555176,0.326172,-0.619629,-0.891602,0.375488,18720,17551,18876,18453,0.450000,-0.550000,0.300000,0.000000,1772907707165.591,0.427857,-0.555791,0.325659,0.000000,0.000000,0.000000,1.000000,position_only
2026-03-07T18:21:47.181807+00:00,1772907707181.807,0.430176,-0.555176,0.325684,-0.705566,-1.004883,0.389893,18739,17789,18960,18628,0.450000,-0.550000,0.300000,0.000000,1772907707174.203,0.428034,-0.555716,0.325269,0.000000,0.000000,0.000000,1.000000,position_only
2026-03-07T18:21:47.192627+00:00,1772907707192.626,0.430420,-0.555176,0.325195,-0.797852,-1.123047,0.395264,19336,17387,19506,18416,0.450000,-0.550000,0.300000,0.000000,1772907707191.596,0.428319,-0.555576,0.324358,0.000000,0.000000,0.000000,1.000000,position_only
2026-03-07T18:21:47.203174+00:00,1772907707203.173,0.430664,-0.555176,0.324707,-0.884277,-1.237305,0.412598,19445,17588,19575,18585,0.450000,-0.550000,0.300000,0.000000,1772907707200.283,0.428513,-0.555536,0.323848,0.000000,0.000000,0.000000,1.000000,position_only
2026-03-07T18:21:47.212873+00:00,1772907707212.873,0.431152,-0.554688,0.323486,-1.020508,-1.445312,0.430908,18999,18382,19038,19407,0.450000,-0.550000,0.300000,0.000000,1772907707209.106,0.428675,-0.555467,0.323315,0.000000,0.000000,0.000000,1.000000,position_only
2026-03-07T18:21:47.223150+00:00,1772907707223.150,0.430908,-0.554688,0.323242,-1.020508,-1.445312,0.430908,19706,17951,19743,18925,0.450000,-0.550000,0.300000,0.000000,1772907707217.745,0.428873,-0.555416,0.322671,0.000000,0.000000,0.000000,1.000000,position_only
2026-03-07T18:21:47.232965+00:00,1772907707232.964,0.431152,-0.554688,0.322510,-1.064453,-1.541016,0.438965,20142,17812,20186,18786,0.450000,-0.550000,0.300000,0.000000,1772907707226.431,0.429078,-0.555312,0.322006,0.000000,0.000000,0.000000,1.000000,position_only
2026-03-07T18:21:47.242131+00:00,1772907707242.131,0.431396,-0.554688,0.321777,-1.105469,-1.623047,0.458008,19596,18704,19593,19636,0.450000,-0.550000,0.300000,0.000000,1772907707235.175,0.429242,-0.555225,0.321368,0.000000,0.000000,0.000000,1.000000,position_only
2026-03-07T18:21:47.253062+00:00,1772907707253.062,0.431641,-0.554199,0.320801,-1.123047,-1.690430,0.470215,19699,18907,19671,19842,0.450000,-0.550000,0.300000,0.000000,1772907707252.533,0.429708,-0.555016,0.319905,0.000000,0.000000,0.000000,1.000000,position_only
2026-03-07T18:21:47.262546+00:00,1772907707262.546,0.432129,-0.554199,0.320068,-1.133789,-1.739258,0.477783,20281,18674,20297,19456,0.450000,-0.550000,0.300000,0.000000,1772907707261.318,0.429960,-0.554923,0.319077,0.000000,0.000000,0.000000,1.000000,position_only
2026-03-07T18:21:47.272454+00:00,1772907707272.454,0.432373,-0.554199,0.319092,-1.133789,-1.768555,0.485596,20290,18872,20466,19635,0.450000,-0.550000,0.300000,0.000000,1772907707269.885,0.430125,-0.554841,0.318318,0.000000,0.000000,0.000000,1.000000,position_only
2026-03-07T18:21:47.282893+00:00,1772907707282.893,0.433105,-0.553711,0.317139,-1.093750,-1.671875,0.519043,20463,19095,20850,19479,0.450000,-0.550000,0.300000,0.000000,1772907707278.810,0.430609,-0.554584,0.316676,0.000000,0.000000,0.000000,1.000000,position_only
2026-03-07T18:21:47.293133+00:00,1772907707293.133,0.432861,-0.553711,0.317139,-1.093750,-1.671875,0.519043,19951,19867,20357,20151,0.450000,-0.550000,0.300000,0.000000,1772907707287.404,0.430609,-0.554584,0.316676,0.000000,0.000000,0.000000,1.000000,position_only
2026-03-07T18:21:47.303204+00:00,1772907707303.203,0.433350,-0.553711,0.316162,-1.064453,-1.579102,0.523926,20234,19879,20723,19995,0.450000,-0.550000,0.300000,0.000000,1772907707296.000,0.431136,-0.554265,0.314959,0.000000,0.000000,0.000000,1.000000,position_only
2026-03-07T18:21:47.312419+00:00,1772907707312.419,0.433594,-0.553223,0.314941,-1.013672,-1.446289,0.534668,20913,19585,21360,19486,0.450000,-0.550000,0.300000,0.000000,1772907707304.597,0.431390,-0.554114,0.314127,0.000000,0.000000,0.000000,1.000000,position_only
2026-03-07T18:21:47.322312+00:00,1772907707322.311,0.434082,-0.553223,0.313965,-0.928711,-1.289062,0.554199,20058,20752,20564,20452,0.450000,-0.550000,0.300000,0.000000,1772907707321.854,0.431891,-0.553829,0.312393,0.000000,0.000000,0.000000,1.000000,position_only
2026-03-07T18:21:47.333017+00:00,1772907707333.017,0.434570,-0.552734,0.312744,-0.837402,-1.121094,0.557617,19931,21090,20232,20998,0.450000,-0.550000,0.300000,0.000000,1772907707330.425,0.432155,-0.553704,0.311516,0.000000,0.000000,0.000000,1.000000,position_only
2026-03-07T18:21:47.344099+00:00,1772907707344.099,0.434814,-0.552734,0.311768,-0.749512,-0.989258,0.542480,21758,19420,22179,19348,0.450000,-0.550000,0.300000,0.000000,1772907707339.157,0.432438,-0.553575,0.310670,0.000000,0.000000,0.000000,1.000000,position_only
2026-03-07T18:21:47.353073+00:00,1772907707353.073,0.435059,-0.552246,0.310791,-0.659180,-0.848145,0.563477,21564,19803,21901,19694,0.450000,-0.550000,0.300000,0.000000,1772907707347.715,0.432702,-0.553362,0.309883,0.000000,0.000000,0.000000,1.000000,position_only
2026-03-07T18:21:47.362326+00:00,1772907707362.326,0.435547,-0.552246,0.309570,-0.571289,-0.722168,0.590332,21012,20552,21436,20279,0.450000,-0.550000,0.300000,0.000000,1772907707356.288,0.433023,-0.553164,0.309000,0.000000,0.000000,0.000000,1.000000,position_only
2026-03-07T18:21:47.373188+00:00,1772907707373.187,0.436035,-0.551758,0.308594,-0.479736,-0.580566,0.600098,21082,20591,21527,20351,0.450000,-0.550000,0.300000,0.000000,1772907707364.777,0.433301,-0.553010,0.308225,0.000000,0.000000,0.000000,1.000000,position_only
2026-03-07T18:21:47.383520+00:00,1772907707383.519,0.436523,-0.551758,0.307617,-0.386963,-0.437256,0.611816,20899,20904,21168,20825,0.450000,-0.550000,0.300000,0.000000,1772907707382.407,0.433856,-0.552592,0.306638,0.000000,0.000000,0.000000,1.000000,position_only
2026-03-07T18:21:47.393381+00:00,1772907707393.380,0.437012,-0.551270,0.306641,-0.303467,-0.339844,0.611328,21436,20450,21707,20407,0.450000,-0.550000,0.300000,0.000000,1772907707391.349,0.434164,-0.552391,0.305957,0.000000,0.000000,0.000000,1.000000,position_only
2026-03-07T18:21:47.403222+00:00,1772907707403.221,0.437256,-0.551270,0.305908,-0.217896,-0.247681,0.619629,21872,20108,22225,19930,0.450000,-0.550000,0.300000,0.000000,1772907707400.005,0.434480,-0.552228,0.305194,0.000000,0.000000,0.000000,1.000000,position_only
2026-03-07T18:21:47.414753+00:00,1772907707414.753,0.437744,-0.550781,0.304932,-0.128662,-0.139282,0.642578,20798,21253,21089,21145,0.450000,-0.550000,0.300000,0.000000,1772907707408.955,0.434809,-0.552020,0.304453,0.000000,0.000000,0.000000,1.000000,position_only
2026-03-07T18:21:47.423232+00:00,1772907707423.232,0.437988,-0.550781,0.304199,-0.051086,-0.043549,0.654297,20707,21267,21099,21223,0.450000,-0.550000,0.300000,0.000000,1772907707417.733,0.435063,-0.551855,0.303819,0.000000,0.000000,0.000000,1.000000,position_only
2026-03-07T18:21:47.433662+00:00,1772907707433.661,0.438232,-0.550293,0.303467,0.015388,0.049866,0.645996,21659,20434,22155,20067,0.450000,-0.550000,0.300000,0.000000,1772907707426.297,0.435349,-0.551670,0.303238,0.000000,0.000000,0.000000,1.000000,position_only
2026-03-07T18:21:47.443176+00:00,1772907707443.175,0.438721,-0.550293,0.302734,0.083130,0.168823,0.662109,21680,20425,22150,20053,0.450000,-0.550000,0.300000,0.000000,1772907707435.148,0.435604,-0.551439,0.302644,0.000000,0.000000,0.000000,1.000000,position_only
2026-03-07T18:21:47.452499+00:00,1772907707452.499,0.438965,-0.549805,0.302246,0.155762,0.290283,0.682617,20633,21373,21136,21113,0.450000,-0.550000,0.300000,0.000000,1772907707452.277,0.436162,-0.551093,0.301585,0.000000,0.000000,0.000000,1.000000,position_only
2026-03-07T18:21:47.463114+00:00,1772907707463.114,0.439453,-0.549805,0.301514,0.216675,0.396729,0.683105,20962,21075,21409,20722,0.450000,-0.550000,0.300000,0.000000,1772907707460.874,0.436380,-0.550909,0.301123,0.000000,0.000000,0.000000,1.000000,position_only
2026-03-07T18:21:47.473009+00:00,1772907707473.009,0.439697,-0.549316,0.301025,0.282227,0.488037,0.681152,22179,19778,22566,19535,0.450000,-0.550000,0.300000,0.000000,1772907707469.770,0.436627,-0.550752,0.300658,0.000000,0.000000,0.000000,1.000000,position_only
2026-03-07T18:21:47.484334+00:00,1772907707484.333,0.439941,-0.549316,0.300537,0.336914,0.561035,0.704590,20951,20880,21279,20806,0.450000,-0.550000,0.300000,0.000000,1772907707478.390,0.436809,-0.550614,0.300226,0.000000,0.000000,0.000000,1.000000,position_only
2026-03-07T18:21:47.492992+00:00,1772907707492.991,0.440186,-0.548828,0.300049,0.376221,0.606934,0.718750,21018,20738,21455,20528,0.450000,-0.550000,0.300000,0.000000,1772907707487.134,0.437272,-0.550244,0.299591,0.000000,0.000000,0.000000,1.000000,position_only
2026-03-07T18:21:47.503888+00:00,1772907707503.887,0.440430,-0.548828,0.299805,0.421143,0.657715,0.720215,21164,20465,21520,20387,0.450000,-0.550000,0.300000,0.000000,1772907707495.658,0.437431,-0.550078,0.299368,0.000000,0.000000,0.000000,1.000000,position_only
2026-03-07T18:21:47.513107+00:00,1772907707513.106,0.440674,-0.548828,0.299561,0.454590,0.698242,0.727051,21222,20240,21693,20155,0.450000,-0.550000,0.300000,0.000000,1772907707504.221,0.437623,-0.549928,0.299153,0.000000,0.000000,0.000000,1.000000,position_only
2026-03-07T18:21:47.523097+00:00,1772907707523.097,0.440918,-0.548340,0.299316,0.477539,0.739258,0.744141,21049,20278,21484,20258,0.450000,-0.550000,0.300000,0.000000,1772907707521.807,0.437989,-0.549681,0.298762,0.000000,0.000000,0.000000,1.000000,position_only
2026-03-07T18:21:47.532901+00:00,1772907707532.901,0.441162,-0.548340,0.299072,0.488525,0.766602,0.753418,20842,20420,21310,20258,0.450000,-0.550000,0.300000,0.000000,1772907707530.367,0.438102,-0.549556,0.298646,0.000000,0.000000,0.000000,1.000000,position_only
2026-03-07T18:21:47.543198+00:00,1772907707543.198,0.441406,-0.548340,0.298828,0.504883,0.804688,0.763184,21179,19912,21750,19724,0.450000,-0.550000,0.300000,0.000000,1772907707539.348,0.438238,-0.549434,0.298591,0.000000,0.000000,0.000000,1.000000,position_only
2026-03-07T18:21:47.552381+00:00,1772907707552.380,0.441406,-0.547852,0.298828,0.518066,0.860352,0.782715,20628,20374,21237,20057,0.450000,-0.550000,0.300000,0.000000,1772907707547.858,0.438363,-0.549284,0.298552,0.000000,0.000000,0.000000,1.000000,position_only
2026-03-07T18:21:47.563620+00:00,1772907707563.620,0.441406,-0.547852,0.298828,0.528320,0.904785,0.790527,20893,19957,21554,19611,0.450000,-0.550000,0.300000,0.000000,1772907707556.520,0.438460,-0.549177,0.298546,0.000000,0.000000,0.000000,1.000000,position_only
2026-03-07T18:21:47.573449+00:00,1772907707573.448,0.441650,-0.547852,0.298828,0.540527,0.961426,0.803223,20986,19699,21676,19341,0.450000,-0.550000,0.300000,0.000000,1772907707565.219,0.438505,-0.549109,0.298559,0.000000,0.000000,0.000000,1.000000,position_only
2026-03-07T18:21:47.582596+00:00,1772907707582.596,0.441650,-0.547852,0.298828,0.540039,1.009766,0.820801,20416,20129,21052,19790,0.450000,-0.550000,0.300000,0.000000,1772907707582.350,0.438585,-0.548968,0.298670,0.000000,0.000000,0.000000,1.000000,position_only
2026-03-07T18:21:47.592486+00:00,1772907707592.485,0.441650,-0.547363,0.299072,0.536621,1.049805,0.833496,20526,19962,21136,19480,0.450000,-0.550000,0.300000,0.000000,1772907707591.388,0.438621,-0.548924,0.298773,0.000000,0.000000,0.000000,1.000000,position_only
2026-03-07T18:21:47.603127+00:00,1772907707603.126,0.441895,-0.547363,0.299072,0.533203,1.083008,0.840820,20614,19706,21281,19215,0.450000,-0.550000,0.300000,0.000000,1772907707599.999,0.438630,-0.548867,0.298942,0.000000,0.000000,0.000000,1.000000,position_only
2026-03-07T18:21:47.613185+00:00,1772907707613.184,0.441650,-0.547363,0.299316,0.527832,1.103516,0.856934,20455,19756,21061,19253,0.450000,-0.550000,0.300000,0.000000,1772907707608.597,0.438635,-0.548817,0.299093,0.000000,0.000000,0.000000,1.000000,position_only
2026-03-07T18:21:47.623439+00:00,1772907707623.438,0.441650,-0.547363,0.299561,0.536621,1.122070,0.875000,19905,20108,20427,19820,0.450000,-0.550000,0.300000,0.000000,1772907707617.229,0.438618,-0.548776,0.299275,0.000000,0.000000,0.000000,1.000000,position_only
2026-03-07T18:21:47.633424+00:00,1772907707633.423,0.441650,-0.547363,0.299805,0.545410,1.103516,0.875977,20085,19651,20603,19655,0.450000,-0.550000,0.300000,0.000000,1772907707625.786,0.438598,-0.548749,0.299494,0.000000,0.000000,0.000000,1.000000,position_only
2026-03-07T18:21:47.642770+00:00,1772907707642.770,0.441406,-0.547363,0.300049,0.530273,1.047852,0.878418,20738,18759,21381,18867,0.450000,-0.550000,0.300000,0.000000,1772907707634.354,0.438548,-0.548681,0.299729,0.000000,0.000000,0.000000,1.000000,position_only
2026-03-07T18:21:47.652588+00:00,1772907707652.588,0.441406,-0.547363,0.300293,0.507324,0.990234,0.902344,20494,18745,21164,19103,0.450000,-0.550000,0.300000,0.000000,1772907707651.734,0.438481,-0.548633,0.300169,0.000000,0.000000,0.000000,1.000000,position_only
2026-03-07T18:21:47.663496+00:00,1772907707663.496,0.441406,-0.547363,0.300781,0.471191,0.893555,0.924805,19321,19663,20070,20228,0.450000,-0.550000,0.300000,0.000000,1772907707660.376,0.438415,-0.548601,0.300408,0.000000,0.000000,0.000000,1.000000,position_only
2026-03-07T18:21:47.674206+00:00,1772907707674.205,0.440918,-0.547363,0.301270,0.385742,0.661133,0.940918,20899,17892,21727,18510,0.450000,-0.550000,0.300000,0.000000,1772907707669.004,0.438316,-0.548564,0.300670,0.000000,0.000000,0.000000,1.000000,position_only
2026-03-07T18:21:47.682801+00:00,1772907707682.800,0.440918,-0.547363,0.301270,0.385742,0.661133,0.940918,20944,17623,21805,18468,0.450000,-0.550000,0.300000,0.000000,1772907707677.889,0.438239,-0.548558,0.300956,0.000000,0.000000,0.000000,1.000000,position_only
2026-03-07T18:21:47.693354+00:00,1772907707693.354,0.440674,-0.547363,0.301514,0.367920,0.555176,0.986328,19543,18800,20595,19709,0.450000,-0.550000,0.300000,0.000000,1772907707686.540,0.438182,-0.548535,0.301216,0.000000,0.000000,0.000000,1.000000,position_only
2026-03-07T18:21:47.703412+00:00,1772907707703.412,0.440430,-0.547363,0.302002,0.353760,0.438477,1.000977,18801,19416,19811,20420,0.450000,-0.550000,0.300000,0.000000,1772907707695.162,0.437974,-0.548633,0.301757,0.000000,0.000000,0.000000,1.000000,position_only
2026-03-07T18:21:47.713463+00:00,1772907707713.462,0.440430,-0.547363,0.302490,0.377441,0.319580,0.993164,20258,17609,21492,18908,0.450000,-0.550000,0.300000,0.000000,1772907707712.301,0.437714,-0.548723,0.302402,0.000000,0.000000,0.000000,1.000000,position_only
2026-03-07T18:21:47.724242+00:00,1772907707724.241,0.440186,-0.547852,0.302734,0.406982,0.182129,1.006836,20795,17055,22028,18205,0.450000,-0.550000,0.300000,0.000000,1772907707720.929,0.437614,-0.548775,0.302670,0.000000,0.000000,0.000000,1.000000,position_only
2026-03-07T18:21:47.734220+00:00,1772907707734.219,0.439941,-0.547852,0.303223,0.479492,0.072083,1.053711,19114,18542,20376,19872,0.450000,-0.550000,0.300000,0.000000,1772907707729.460,0.437490,-0.548876,0.302901,0.000000,0.000000,0.000000,1.000000,position_only
2026-03-07T18:21:47.744107+00:00,1772907707744.106,0.439453,-0.547852,0.303467,0.604980,-0.039795,1.077148,18073,19512,19298,20863,0.450000,-0.550000,0.300000,0.000000,1772907707738.036,0.437356,-0.548958,0.303156,0.000000,0.000000,0.000000,1.000000,position_only
2026-03-07T18:21:47.754079+00:00,1772907707754.078,0.439453,-0.547852,0.303711,0.781250,-0.148071,1.060547,19088,18339,20310,19861,0.450000,-0.550000,0.300000,0.000000,1772907707746.626,0.437356,-0.548958,0.303156,0.000000,0.000000,0.000000,1.000000,position_only
2026-03-07T18:21:47.763985+00:00,1772907707763.984,0.439209,-0.547852,0.304199,1.003906,-0.281250,1.059570,20580,16852,21766,18274,0.450000,-0.550000,0.300000,0.000000,1772907707755.200,0.437053,-0.549268,0.303714,0.000000,0.000000,0.000000,1.000000,position_only
2026-03-07T18:21:47.773876+00:00,1772907707773.875,0.438965,-0.548340,0.304443,1.289062,-0.396484,1.105469,19432,17829,20661,19415,0.450000,-0.550000,0.300000,0.000000,1772907707772.680,0.436793,-0.549687,0.304280,0.000000,0.000000,0.000000,1.000000,position_only
2026-03-07T18:21:47.783825+00:00,1772907707783.824,0.438721,-0.548340,0.304932,1.628906,-0.523926,1.135742,18663,18675,19786,20100,0.450000,-0.550000,0.300000,0.000000,1772907707781.217,0.436694,-0.549917,0.304553,0.000000,0.000000,0.000000,1.000000,position_only
2026-03-07T18:21:47.794750+00:00,1772907707794.749,0.438477,-0.548828,0.305664,2.511719,-0.742188,1.148438,19304,17891,20470,19449,0.450000,-0.550000,0.300000,0.000000,1772907707789.741,0.436564,-0.550215,0.304783,0.000000,0.000000,0.000000,1.000000,position_only
2026-03-07T18:21:47.803874+00:00,1772907707803.873,0.438232,-0.548828,0.305420,2.511719,-0.742188,1.148438,19949,17311,21091,18726,0.450000,-0.550000,0.300000,0.000000,1772907707798.355,0.436460,-0.550478,0.304985,0.000000,0.000000,0.000000,1.000000,position_only
2026-03-07T18:21:47.813273+00:00,1772907707813.271,0.437988,-0.549316,0.305908,3.048828,-0.844238,1.179688,19311,17883,20411,19420,0.450000,-0.550000,0.300000,0.000000,1772907707806.947,0.436346,-0.550904,0.305151,0.000000,0.000000,0.000000,1.000000,position_only
2026-03-07T18:21:47.824137+00:00,1772907707824.136,0.437988,-0.549316,0.306152,3.656250,-0.938965,1.209961,18931,18295,19882,19883,0.450000,-0.550000,0.300000,0.000000,1772907707815.518,0.436264,-0.551340,0.305346,0.000000,0.000000,0.000000,1.000000,position_only
2026-03-07T18:21:47.834208+00:00,1772907707834.207,0.437744,-0.549805,0.306396,4.316406,-1.041016,1.223633,19187,18099,20229,19469,0.450000,-0.550000,0.300000,0.000000,1772907707833.083,0.436046,-0.552415,0.305711,0.000000,0.000000,0.000000,1.000000,position_only
2026-03-07T18:21:47.844309+00:00,1772907707844.308,0.437744,-0.550293,0.306641,5.054688,-1.125977,1.237305,20178,17099,21293,18427,0.450000,-0.550000,0.300000,0.000000,1772907707841.707,0.436011,-0.553032,0.305834,0.000000,0.000000,0.000000,1.000000,position_only
2026-03-07T18:21:47.853661+00:00,1772907707853.660,0.437500,-0.550781,0.306885,5.843750,-1.180664,1.271484,20105,17239,21199,18490,0.450000,-0.550000,0.300000,0.000000,1772907707850.256,0.435984,-0.553723,0.305916,0.000000,0.000000,0.000000,1.000000,position_only
2026-03-07T18:21:47.863973+00:00,1772907707863.971,0.437256,-0.551758,0.306885,6.699219,-1.224609,1.308594,19074,18452,20066,19497,0.450000,-0.550000,0.300000,0.000000,1772907707858.786,0.435891,-0.554592,0.305957,0.000000,0.000000,0.000000,1.000000,position_only
2026-03-07T18:21:47.873825+00:00,1772907707873.824,0.437256,-0.552734,0.307129,7.617188,-1.248047,1.324219,18927,18511,20046,19694,0.450000,-0.550000,0.300000,0.000000,1772907707867.590,0.435892,-0.555473,0.306009,0.000000,0.000000,0.000000,1.000000,position_only
2026-03-07T18:21:47.884162+00:00,1772907707884.162,0.437256,-0.553711,0.307129,8.585938,-1.266602,1.324219,20439,17272,21402,18199,0.450000,-0.550000,0.300000,0.000000,1772907707876.531,0.435855,-0.556465,0.306074,0.000000,0.000000,0.000000,1.000000,position_only
2026-03-07T18:21:47.894460+00:00,1772907707894.459,0.437256,-0.554688,0.307373,9.609375,-1.258789,1.349609,20637,17270,21766,17803,0.450000,-0.550000,0.300000,0.000000,1772907707894.388,0.435851,-0.558872,0.306081,0.000000,0.000000,0.000000,1.000000,position_only
2026-03-07T18:21:47.904369+00:00,1772907707904.368,0.437256,-0.556152,0.307373,10.695312,-1.212891,1.382812,18863,19212,19756,19824,0.450000,-0.550000,0.300000,0.000000,1772907707902.876,0.435851,-0.560233,0.305993,0.000000,0.000000,0.000000,1.000000,position_only
2026-03-07T18:21:47.913926+00:00,1772907707913.926,0.437256,-0.557617,0.307373,11.820312,-1.180664,1.382812,18829,19373,19708,19950,0.450000,-0.550000,0.300000,0.000000,1772907707911.363,0.435911,-0.561668,0.305987,0.000000,0.000000,0.000000,1.000000,position_only
2026-03-07T18:21:47.924344+00:00,1772907707924.344,0.437256,-0.561035,0.307129,14.226562,-1.098633,1.373047,20131,18245,20877,18875,0.450000,-0.550000,0.300000,0.000000,1772907707919.818,0.436053,-0.563446,0.305799,0.000000,0.000000,0.000000,1.000000,position_only
2026-03-07T18:21:47.934314+00:00,1772907707934.313,0.437256,-0.561035,0.307129,14.226562,-1.098633,1.373047,20557,18056,21246,18538,0.450000,-0.550000,0.300000,0.000000,1772907707928.329,0.436148,-0.565229,0.305623,0.000000,0.000000,0.000000,1.000000,position_only
2026-03-07T18:21:47.944184+00:00,1772907707944.184,0.437256,-0.563477,0.306885,15.500000,-1.050781,1.392578,20239,18729,20758,18989,0.450000,-0.550000,0.300000,0.000000,1772907707936.896,0.436313,-0.569461,0.305192,0.000000,0.000000,0.000000,1.000000,position_only
2026-03-07T18:21:47.954084+00:00,1772907707954.084,0.437500,-0.565918,0.306641,16.796875,-1.007812,1.397461,19571,19407,20033,20095,0.450000,-0.550000,0.300000,0.000000,1772907707953.990,0.436514,-0.574337,0.304430,0.000000,0.000000,0.000000,1.000000,position_only
2026-03-07T18:21:47.964083+00:00,1772907707964.082,0.437744,-0.568848,0.306396,18.078125,-1.006836,1.394531,20611,18797,20896,19251,0.450000,-0.550000,0.300000,0.000000,1772907707962.494,0.436514,-0.574337,0.304430,0.000000,0.000000,0.000000,1.000000,position_only
2026-03-07T18:21:47.973873+00:00,1772907707973.873,0.437744,-0.571777,0.305908,19.375000,-1.003906,1.403320,21224,18334,21392,19126,0.450000,-0.550000,0.300000,0.000000,1772907707970.977,0.436981,-0.580082,0.303521,0.000000,0.000000,0.000000,1.000000,position_only
2026-03-07T18:21:47.983925+00:00,1772907707983.925,0.437988,-0.575195,0.305420,20.687500,-1.005859,1.436523,20677,19295,20818,19930,0.450000,-0.550000,0.300000,0.000000,1772907707979.469,0.437187,-0.583308,0.303043,0.000000,0.000000,0.000000,1.000000,position_only
2026-03-07T18:21:47.994213+00:00,1772907707994.212,0.438232,-0.579590,0.304688,21.984375,-1.008789,1.457031,20687,19618,20806,20164,0.450000,-0.550000,0.300000,0.000000,1772907707987.994,0.437409,-0.586864,0.302443,0.000000,0.000000,0.000000,1.000000,position_only
2026-03-07T18:21:48.003940+00:00,1772907708003.940,0.438477,-0.583496,0.304199,23.281250,-1.007812,1.463867,21152,19595,21131,20110,0.450000,-0.550000,0.300000,0.000000,1772907707996.530,0.437631,-0.590478,0.301900,0.000000,0.000000,0.000000,1.000000,position_only
2026-03-07T18:21:48.014902+00:00,1772907708014.901,0.438721,-0.588379,0.303467,24.546875,-1.000000,1.475586,21357,19724,21358,20350,0.450000,-0.550000,0.300000,0.000000,1772907708013.598,0.438267,-0.598723,0.300477,0.000000,0.000000,0.000000,1.000000,position_only
2026-03-07T18:21:48.024684+00:00,1772907708024.683,0.438965,-0.593262,0.302490,25.781250,-0.999512,1.493164,22038,19535,22064,20009,0.450000,-0.550000,0.300000,0.000000,1772907708022.137,0.438492,-0.603252,0.299704,0.000000,0.000000,0.000000,1.000000,position_only
2026-03-07T18:21:48.033802+00:00,1772907708033.802,0.439209,-0.598633,0.301514,26.984375,-0.967285,1.504883,21936,20095,22015,20534,0.450000,-0.550000,0.300000,0.000000,1772907708030.924,0.438835,-0.608005,0.298799,0.000000,0.000000,0.000000,1.000000,position_only
2026-03-07T18:21:48.044384+00:00,1772907708044.383,0.439697,-0.604492,0.300537,28.140625,-0.923340,1.501953,22519,20031,22626,20394,0.450000,-0.550000,0.300000,0.000000,1772907708039.425,0.439168,-0.613292,0.298154,0.000000,0.000000,0.000000,1.000000,position_only
2026-03-07T18:21:48.054364+00:00,1772907708054.364,0.439941,-0.611328,0.299072,29.281250,-0.857910,1.493164,22702,20417,22820,20672,0.450000,-0.550000,0.300000,0.000000,1772907708047.971,0.439537,-0.618779,0.297126,0.000000,0.000000,0.000000,1.000000,position_only
2026-03-07T18:21:48.064760+00:00,1772907708064.760,0.440430,-0.618164,0.297852,30.343750,-0.781738,1.479492,22814,20935,22863,21108,0.450000,-0.550000,0.300000,0.000000,1772907708056.535,0.439993,-0.624442,0.296143,0.000000,0.000000,0.000000,1.000000,position_only
2026-03-07T18:21:48.074760+00:00,1772907708074.759,0.440918,-0.625488,0.296387,31.375000,-0.682129,1.448242,22805,21673,22895,21523,0.450000,-0.550000,0.300000,0.000000,1772907708073.587,0.440806,-0.636862,0.293627,0.000000,0.000000,0.000000,1.000000,position_only
2026-03-07T18:21:48.084642+00:00,1772907708084.641,0.441162,-0.633301,0.294922,32.343750,-0.579590,1.395508,23723,21409,23860,21132,0.450000,-0.550000,0.300000,0.000000,1772907708082.127,0.441184,-0.643602,0.292284,0.000000,0.000000,0.000000,1.000000,position_only
2026-03-07T18:21:48.094246+00:00,1772907708094.245,0.442139,-0.650391,0.291748,34.031250,-0.363525,1.310547,23981,21810,23982,21762,0.450000,-0.550000,0.300000,0.000000,1772907708090.654,0.441622,-0.650785,0.291107,0.000000,0.000000,0.000000,1.000000,position_only
2026-03-07T18:21:48.103458+00:00,1772907708103.457,0.442139,-0.650879,0.291504,34.062500,-0.363525,1.309570,24107,22405,23935,22219,0.450000,-0.550000,0.300000,0.000000,1772907708099.171,0.442120,-0.658216,0.289565,0.000000,0.000000,0.000000,1.000000,position_only
2026-03-07T18:21:48.114839+00:00,1772907708114.838,0.442871,-0.660156,0.289551,34.812500,-0.273926,1.275391,24594,22736,24366,22298,0.450000,-0.550000,0.300000,0.000000,1772907708107.768,0.442770,-0.666034,0.287962,0.000000,0.000000,0.000000,1.000000,position_only
2026-03-07T18:21:48.124050+00:00,1772907708124.049,0.443359,-0.670410,0.287598,35.500000,-0.163696,1.230469,24700,23380,24244,23029,0.450000,-0.550000,0.300000,0.000000,1772907708116.511,0.443374,-0.674288,0.286275,0.000000,0.000000,0.000000,1.000000,position_only
2026-03-07T18:21:48.133890+00:00,1772907708133.889,0.443848,-0.681152,0.285645,36.093750,-0.071228,1.188477,26048,22785,25439,22482,0.450000,-0.550000,0.300000,0.000000,1772907708133.529,0.444220,-0.691982,0.283109,0.000000,0.000000,0.000000,1.000000,position_only
2026-03-07T18:21:48.144637+00:00,1772907708144.636,0.444580,-0.691895,0.283447,36.593750,0.019333,1.162109,25896,23668,25078,23517,0.450000,-0.550000,0.300000,0.000000,1772907708142.037,0.444833,-0.701559,0.281719,0.000000,0.000000,0.000000,1.000000,position_only
2026-03-07T18:21:48.155626+00:00,1772907708155.625,0.445068,-0.703613,0.281250,36.968750,0.090698,1.135742,26432,23951,25473,23913,0.450000,-0.550000,0.300000,0.000000,1772907708150.530,0.445623,-0.711619,0.280158,0.000000,0.000000,0.000000,1.000000,position_only
2026-03-07T18:21:48.164773+00:00,1772907708164.772,0.445801,-0.715820,0.279053,37.250000,0.166748,1.112305,26716,24146,25721,24329,0.450000,-0.550000,0.300000,0.000000,1772907708159.275,0.446472,-0.721898,0.278142,0.000000,0.000000,0.000000,1.000000,position_only
2026-03-07T18:21:48.174628+00:00,1772907708174.627,0.446289,-0.729492,0.276611,37.406250,0.235840,1.088867,27342,24297,26357,24311,0.450000,-0.550000,0.300000,0.000000,1772907708168.009,0.447104,-0.732587,0.276289,0.000000,0.000000,0.000000,1.000000,position_only
2026-03-07T18:21:48.184884+00:00,1772907708184.883,0.447021,-0.743164,0.274170,37.406250,0.324219,1.051758,27579,24613,26395,25090,0.450000,-0.550000,0.300000,0.000000,1772907708176.530,0.447573,-0.743803,0.274636,0.000000,0.000000,0.000000,1.000000,position_only
2026-03-07T18:21:48.194517+00:00,1772907708194.516,0.447754,-0.757812,0.271729,37.281250,0.404297,1.017578,28214,24689,26876,25213,0.450000,-0.550000,0.300000,0.000000,1772907708193.628,0.449051,-0.767531,0.271408,0.000000,0.000000,0.000000,1.000000,position_only
2026-03-07T18:21:48.204842+00:00,1772907708204.842,0.448486,-0.772461,0.269287,36.968750,0.495361,0.988281,28740,24625,27584,25302,0.450000,-0.550000,0.300000,0.000000,1772907708202.139,0.449625,-0.780092,0.269926,0.000000,0.000000,0.000000,1.000000,position_only
2026-03-07T18:21:48.215712+00:00,1772907708215.712,0.449219,-0.788086,0.266846,36.531250,0.632324,0.936523,28202,25715,26951,26707,0.450000,-0.550000,0.300000,0.000000,1772907708210.647,0.449988,-0.792884,0.268451,0.000000,0.000000,0.000000,1.000000,position_only
2026-03-07T18:21:48.224916+00:00,1772907708224.916,0.449951,-0.803711,0.264648,35.906250,0.780273,0.859375,28848,25366,27871,26272,0.450000,-0.550000,0.300000,0.000000,1772907708219.154,0.450886,-0.806189,0.266771,0.000000,0.000000,0.000000,1.000000,position_only
2026-03-07T18:21:48.234313+00:00,1772907708234.312,0.450684,-0.821289,0.262207,35.156250,0.972168,0.757812,28538,26104,27409,27243,0.450000,-0.550000,0.300000,0.000000,1772907708227.645,0.451541,-0.820278,0.265476,0.000000,0.000000,0.000000,1.000000,position_only
2026-03-07T18:21:48.244630+00:00,1772907708244.629,0.451416,-0.838867,0.260010,34.250000,1.204102,0.631836,28798,26097,27883,27280,0.450000,-0.550000,0.300000,0.000000,1772907708236.215,0.452341,-0.834557,0.264077,0.000000,0.000000,0.000000,1.000000,position_only
2026-03-07T18:21:48.254528+00:00,1772907708254.528,0.452148,-0.856934,0.257812,33.156250,1.472656,0.482422,29255,25894,28317,27188,0.450000,-0.550000,0.300000,0.000000,1772907708253.622,0.453861,-0.879603,0.260553,0.000000,0.000000,0.000000,1.000000,position_only
2026-03-07T18:21:48.266482+00:00,1772907708266.481,0.452881,-0.876465,0.255615,31.937500,1.799805,0.315674,29399,25829,28648,27179,0.450000,-0.550000,0.300000,0.000000,1772907708262.585,0.454518,-0.895445,0.259506,0.000000,0.000000,0.000000,1.000000,position_only
2026-03-07T18:21:48.275006+00:00,1772907708275.006,0.453613,-0.896484,0.253662,30.562500,2.179688,0.128662,28826,26549,28112,27726,0.450000,-0.550000,0.300000,0.000000,1772907708271.115,0.454518,-0.895445,0.259506,0.000000,0.000000,0.000000,1.000000,position_only
2026-03-07T18:21:48.285308+00:00,1772907708285.307,0.454102,-0.915527,0.251953,29.015625,2.632812,-0.090271,29076,26259,28368,27576,0.450000,-0.550000,0.300000,0.000000,1772907708279.701,0.455815,-0.928287,0.257272,0.000000,0.000000,0.000000,1.000000,position_only
2026-03-07T18:21:48.294594+00:00,1772907708294.594,0.455078,-0.937012,0.250732,27.359375,3.140625,-0.315918,28673,26326,28090,27855,0.450000,-0.550000,0.300000,0.000000,1772907708288.228,0.457477,-0.945679,0.255123,0.000000,0.000000,0.000000,1.000000,position_only
2026-03-07T18:21:48.304647+00:00,1772907708304.647,0.455566,-0.958984,0.249512,25.546875,3.691406,-0.559082,28310,26125,28058,27950,0.450000,-0.550000,0.300000,0.000000,1772907708296.751,0.456695,-0.962408,0.256017,0.000000,0.000000,0.000000,1.000000,position_only
2026-03-07T18:21:48.315135+00:00,1772907708315.135,0.456055,-0.981445,0.248413,23.562500,4.289062,-0.805176,28921,24923,29023,26832,0.450000,-0.550000,0.300000,0.000000,1772907708313.793,0.457206,-0.997600,0.255376,0.000000,0.000000,0.000000,1.000000,position_only
2026-03-07T18:21:48.325036+00:00,1772907708325.036,0.456543,-1.003906,0.247681,21.406250,4.996094,-1.049805,28123,25039,28432,27094,0.450000,-0.550000,0.300000,0.000000,1772907708322.440,0.457344,-1.015512,0.255423,0.000000,0.000000,0.000000,1.000000,position_only
2026-03-07T18:21:48.334742+00:00,1772907708334.742,0.456787,-1.027344,0.247192,19.093750,5.757812,-1.282227,27206,25054,27992,27175,0.450000,-0.550000,0.300000,0.000000,1772907708330.946,0.457374,-1.033557,0.255724,0.000000,0.000000,0.000000,1.000000,position_only
2026-03-07T18:21:48.345538+00:00,1772907708345.537,0.456787,-1.049805,0.247681,16.640625,6.609375,-1.516602,26036,25077,27335,27485,0.450000,-0.550000,0.300000,0.000000,1772907708339.435,0.457113,-1.051737,0.256171,0.000000,0.000000,0.000000,1.000000,position_only
2026-03-07T18:21:48.354609+00:00,1772907708354.609,0.456787,-1.074219,0.247925,14.031250,7.515625,-1.750000,26312,23441,28083,26324,0.450000,-0.550000,0.300000,0.000000,1772907708347.879,0.456770,-1.070114,0.256845,0.000000,0.000000,0.000000,1.000000,position_only
2026-03-07T18:21:48.365095+00:00,1772907708365.094,0.456543,-1.098633,0.248535,11.257812,8.507812,-1.940430,25006,23199,27561,26303,0.450000,-0.550000,0.300000,0.000000,1772907708364.849,0.455934,-1.107363,0.258765,0.000000,0.000000,0.000000,1.000000,position_only
2026-03-07T18:21:48.374929+00:00,1772907708374.929,0.456299,-1.122070,0.249512,8.328125,9.570312,-2.085938,24008,22489,27237,26093,0.450000,-0.550000,0.300000,0.000000,1772907708373.483,0.455123,-1.125909,0.259944,0.000000,0.000000,0.000000,1.000000,position_only
2026-03-07T18:21:48.384935+00:00,1772907708384.934,0.455566,-1.145508,0.250732,5.246094,10.679688,-2.191406,22377,22346,26433,26305,0.450000,-0.550000,0.300000,0.000000,1772907708381.939,0.454259,-1.144426,0.261380,0.000000,0.000000,0.000000,1.000000,position_only
2026-03-07T18:21:48.395786+00:00,1772907708395.784,0.454590,-1.168945,0.252441,2.025391,11.859375,-2.250000,22413,20309,27216,24770,0.450000,-0.550000,0.300000,0.000000,1772907708390.438,0.453082,-1.162811,0.263129,0.000000,0.000000,0.000000,1.000000,position_only
2026-03-07T18:21:48.404759+00:00,1772907708404.759,0.453369,-1.191406,0.255127,-1.339844,13.101562,-2.218750,21379,19756,26755,24546,0.450000,-0.550000,0.300000,0.000000,1772907708399.053,0.451780,-1.180845,0.264857,0.000000,0.000000,0.000000,1.000000,position_only
2026-03-07T18:21:48.414452+00:00,1772907708414.451,0.451904,-1.215820,0.257568,-4.722656,14.375000,-2.119141,19421,19682,25430,25235,0.450000,-0.550000,0.300000,0.000000,1772907708407.641,0.450205,-1.199344,0.266712,0.000000,0.000000,0.000000,1.000000,position_only
2026-03-07T18:21:48.424997+00:00,1772907708424.997,0.449951,-1.239258,0.260254,-8.164062,15.640625,-1.953125,18423,18904,25094,24635,0.450000,-0.550000,0.300000,0.000000,1772907708424.659,0.446634,-1.235498,0.270563,0.000000,0.000000,0.000000,1.000000,position_only
2026-03-07T18:21:48.435585+00:00,1772907708435.584,0.447998,-1.262695,0.262939,-11.632812,16.921875,-1.711914,17934,17775,24793,23943,0.450000,-0.550000,0.300000,0.000000,1772907708433.192,0.444454,-1.253217,0.272718,0.000000,0.000000,0.000000,1.000000,position_only
2026-03-07T18:21:48.445559+00:00,1772907708445.559,0.445312,-1.285156,0.266113,-15.078125,18.187500,-1.382812,17529,16830,24847,22831,0.450000,-0.550000,0.300000,0.000000,1772907708441.645,0.441964,-1.270487,0.274888,0.000000,0.000000,0.000000,1.000000,position_only
2026-03-07T18:21:48.456110+00:00,1772907708456.110,0.442627,-1.306641,0.269287,-18.468750,19.453125,-0.952148,15937,17130,23025,23401,0.450000,-0.550000,0.300000,0.000000,1772907708450.126,0.439371,-1.287605,0.277108,0.000000,0.000000,0.000000,1.000000,position_only
2026-03-07T18:21:48.465343+00:00,1772907708465.343,0.439209,-1.326172,0.272705,-21.828125,20.656250,-0.471924,15742,16605,22966,22591,0.450000,-0.550000,0.300000,0.000000,1772907708458.591,0.436457,-1.304273,0.279387,0.000000,0.000000,0.000000,1.000000,position_only
2026-03-07T18:21:48.475067+00:00,1772907708475.067,0.435547,-1.347656,0.276123,-24.984375,21.828125,0.066772,15997,15428,23145,21575,0.450000,-0.550000,0.300000,0.000000,1772907708467.096,0.433293,-1.320966,0.281414,0.000000,0.000000,0.000000,1.000000,position_only
2026-03-07T18:21:48.485573+00:00,1772907708485.573,0.431641,-1.368164,0.279297,-27.984375,22.921875,0.666016,15540,15281,22625,21229,0.450000,-0.550000,0.300000,0.000000,1772907708484.251,0.426420,-1.353062,0.285494,0.000000,0.000000,0.000000,1.000000,position_only
2026-03-07T18:21:48.495039+00:00,1772907708495.038,0.427246,-1.387695,0.282227,-30.828125,23.953125,1.319336,15127,15285,21689,21475,0.450000,-0.550000,0.300000,0.000000,1772907708492.702,0.422551,-1.368690,0.287317,0.000000,0.000000,0.000000,1.000000,position_only
2026-03-07T18:21:48.505412+00:00,1772907708505.411,0.422607,-1.406250,0.285156,-33.468750,24.890625,1.973633,15089,15358,21148,21264,0.450000,-0.550000,0.300000,0.000000,1772907708501.187,0.418449,-1.383746,0.289118,0.000000,0.000000,0.000000,1.000000,position_only
2026-03-07T18:21:48.515114+00:00,1772907708515.114,0.417236,-1.422852,0.288086,-35.906250,25.734375,2.603516,15158,15648,20148,21593,0.450000,-0.550000,0.300000,0.000000,1772907708509.646,0.414136,-1.398528,0.290687,0.000000,0.000000,0.000000,1.000000,position_only
2026-03-07T18:21:48.525034+00:00,1772907708525.034,0.411621,-1.440430,0.290527,-38.000000,26.468750,3.189453,16306,15242,20255,20772,0.450000,-0.550000,0.300000,0.000000,1772907708518.143,0.409444,-1.412312,0.292521,0.000000,0.000000,0.000000,1.000000,position_only
2026-03-07T18:21:48.535543+00:00,1772907708535.543,0.405762,-1.458008,0.292725,-39.750000,27.078125,3.744141,16913,15407,19706,20957,0.450000,-0.550000,0.300000,0.000000,1772907708535.208,0.399732,-1.440135,0.294816,0.000000,0.000000,0.000000,1.000000,position_only
2026-03-07T18:21:48.545610+00:00,1772907708545.609,0.399414,-1.474609,0.294434,-41.187500,27.578125,4.230469,16661,16542,18411,22142,0.450000,-0.550000,0.300000,0.000000,1772907708543.719,0.394417,-1.453470,0.295686,0.000000,0.000000,0.000000,1.000000,position_only
2026-03-07T18:21:48.555667+00:00,1772907708555.666,0.393066,-1.490234,0.295654,-42.312500,27.968750,4.597656,18186,15791,19239,21645,0.450000,-0.550000,0.300000,0.000000,1772907708552.217,0.388822,-1.466095,0.296503,0.000000,0.000000,0.000000,1.000000,position_only
2026-03-07T18:21:48.566095+00:00,1772907708566.095,0.386230,-1.503906,0.296631,-43.218750,28.265625,4.894531,19548,15250,19880,21588,0.450000,-0.550000,0.300000,0.000000,1772907708560.773,0.383162,-1.478531,0.296668,0.000000,0.000000,0.000000,1.000000,position_only
2026-03-07T18:21:48.575223+00:00,1772907708575.223,0.378906,-1.516602,0.297363,-44.000000,28.468750,5.097656,19869,15779,20002,22227,0.450000,-0.550000,0.300000,0.000000,1772907708569.473,0.377180,-1.490815,0.296781,0.000000,0.000000,0.000000,1.000000,position_only
2026-03-07T18:21:48.585771+00:00,1772907708585.771,0.371094,-1.530273,0.297363,-44.593750,28.609375,5.273438,19658,16746,19605,23819,0.450000,-0.550000,0.300000,0.000000,1772907708577.969,0.371045,-1.502349,0.296771,0.000000,0.000000,0.000000,1.000000,position_only
2026-03-07T18:21:48.595166+00:00,1772907708595.165,0.363281,-1.542969,0.297119,-45.062500,28.734375,5.375000,20870,16657,20380,24128,0.450000,-0.550000,0.300000,0.000000,1772907708594.991,0.358085,-1.524604,0.295497,0.000000,0.000000,0.000000,1.000000,position_only
2026-03-07T18:21:48.605638+00:00,1772907708605.637,0.354980,-1.555664,0.296387,-45.375000,28.796875,5.429688,21571,17316,20817,24687,0.450000,-0.550000,0.300000,0.000000,1772907708603.529,0.350989,-1.534459,0.294730,0.000000,0.000000,0.000000,1.000000,position_only
2026-03-07T18:21:48.615505+00:00,1772907708615.505,0.346436,-1.567383,0.295410,-45.593750,28.812500,5.441406,22800,17341,21913,24833,0.450000,-0.550000,0.300000,0.000000,1772907708612.181,0.336646,-1.554147,0.292193,0.000000,0.000000,0.000000,1.000000,position_only
2026-03-07T18:21:48.625944+00:00,1772907708625.944,0.337158,-1.578125,0.293701,-45.687500,28.843750,5.460938,23708,18121,22521,25397,0.450000,-0.550000,0.300000,0.000000,1772907708620.642,0.329033,-1.563128,0.290378,0.000000,0.000000,0.000000,1.000000,position_only
2026-03-07T18:21:48.635766+00:00,1772907708635.766,0.327637,-1.588867,0.291992,-45.687500,28.875000,5.488281,23835,19241,22815,26251,0.450000,-0.550000,0.300000,0.000000,1772907708629.151,0.321148,-1.571679,0.288586,0.000000,0.000000,0.000000,1.000000,position_only
2026-03-07T18:21:48.645515+00:00,1772907708645.514,0.317139,-1.597656,0.289307,-45.593750,28.953125,5.519531,24217,20360,23482,26901,0.450000,-0.550000,0.300000,0.000000,1772907708637.648,0.312908,-1.579792,0.286315,0.000000,0.000000,0.000000,1.000000,position_only
2026-03-07T18:21:48.655447+00:00,1772907708655.446,0.306641,-1.607422,0.286621,-45.437500,29.062500,5.621094,25180,20955,24593,27137,0.450000,-0.550000,0.300000,0.000000,1772907708654.801,0.295489,-1.594652,0.281502,0.000000,0.000000,0.000000,1.000000,position_only
2026-03-07T18:21:48.665474+00:00,1772907708665.473,0.295654,-1.615234,0.283691,-45.218750,29.187500,5.753906,27138,20825,26949,25887,0.450000,-0.550000,0.300000,0.000000,1772907708663.312,0.286303,-1.601276,0.278738,0.000000,0.000000,0.000000,1.000000,position_only
2026-03-07T18:21:48.675311+00:00,1772907708675.311,0.284424,-1.623047,0.280273,-44.906250,29.375000,5.988281,27082,22673,27059,26952,0.450000,-0.550000,0.300000,0.000000,1772907708671.829,0.276794,-1.607558,0.275740,0.000000,0.000000,0.000000,1.000000,position_only
2026-03-07T18:21:48.686528+00:00,1772907708686.528,0.272949,-1.629883,0.276611,-44.531250,29.609375,6.246094,27197,24603,27098,28213,0.450000,-0.550000,0.300000,0.000000,1772907708680.463,0.267099,-1.613200,0.272749,0.000000,0.000000,0.000000,1.000000,position_only
2026-03-07T18:21:48.695683+00:00,1772907708695.682,0.260986,-1.634766,0.272705,-44.062500,29.859375,6.425781,28576,24718,28494,27788,0.450000,-0.550000,0.300000,0.000000,1772907708689.062,0.256923,-1.618145,0.269656,0.000000,0.000000,0.000000,1.000000,position_only
2026-03-07T18:21:48.705518+00:00,1772907708705.517,0.248169,-1.639648,0.268555,-43.500000,30.093750,6.699219,30226,25214,29820,27650,0.450000,-0.550000,0.300000,0.000000,1772907708697.531,0.246422,-1.622509,0.266442,0.000000,0.000000,0.000000,1.000000,position_only
2026-03-07T18:21:48.715392+00:00,1772907708715.391,0.234985,-1.644531,0.264404,-42.781250,30.281250,6.945312,30194,26731,29789,28628,0.450000,-0.550000,0.300000,0.000000,1772907708714.533,0.224336,-1.630611,0.259573,0.000000,0.000000,0.000000,1.000000,position_only
2026-03-07T18:21:48.725456+00:00,1772907708725.456,0.221436,-1.648438,0.260010,-41.937500,30.406250,7.085938,30575,27985,29949,29586,0.450000,-0.550000,0.300000,0.000000,1772907708723.044,0.212711,-1.633952,0.255977,0.000000,0.000000,0.000000,1.000000,position_only
2026-03-07T18:21:48.735322+00:00,1772907708735.322,0.207397,-1.650391,0.255371,-40.968750,30.468750,7.117188,32677,27703,31429,28918,0.450000,-0.550000,0.300000,0.000000,1772907708731.561,0.200674,-1.636496,0.252533,0.000000,0.000000,0.000000,1.000000,position_only
2026-03-07T18:21:48.745778+00:00,1772907708745.778,0.193115,-1.652344,0.250732,-39.843750,30.406250,7.019531,32767,27819,31512,28755,0.450000,-0.550000,0.300000,0.000000,1772907708740.088,0.188279,-1.638248,0.249090,0.000000,0.000000,0.000000,1.000000,position_only
2026-03-07T18:21:48.755633+00:00,1772907708755.632,0.177124,-1.653320,0.245972,-38.625000,30.234375,6.906250,32767,28980,31046,29617,0.450000,-0.550000,0.300000,0.000000,1772907708748.588,0.175624,-1.639710,0.245628,0.000000,0.000000,0.000000,1.000000,position_only
2026-03-07T18:21:48.765655+00:00,1772907708765.655,0.161133,-1.653320,0.241333,-37.281250,29.906250,6.644531,32767,29211,30777,29621,0.450000,-0.550000,0.300000,0.000000,1772907708757.160,0.162548,-1.641096,0.242171,0.000000,0.000000,0.000000,1.000000,position_only
2026-03-07T18:21:48.775546+00:00,1772907708775.546,0.144653,-1.653320,0.236572,-35.750000,29.437500,6.238281,32767,29104,30503,29635,0.450000,-0.550000,0.300000,0.000000,1772907708774.191,0.134964,-1.642263,0.235176,0.000000,0.000000,0.000000,1.000000,position_only
2026-03-07T18:21:48.786366+00:00,1772907708786.365,0.127686,-1.652344,0.232056,-32.437500,27.953125,5.222656,32767,28275,30426,27949,0.450000,-0.550000,0.300000,0.000000,1772907708782.710,0.120643,-1.641649,0.232238,0.000000,0.000000,0.000000,1.000000,position_only
2026-03-07T18:21:48.796421+00:00,1772907708796.420,0.110474,-1.651367,0.227783,-32.437500,27.953125,5.105469,32767,27309,29966,27388,0.450000,-0.550000,0.300000,0.000000,1772907708791.440,0.105866,-1.641185,0.228992,0.000000,0.000000,0.000000,1.000000,position_only
2026-03-07T18:21:48.805796+00:00,1772907708805.795,0.073425,-1.645508,0.219482,-28.843750,25.656250,3.599609,32767,30066,28508,30591,0.450000,-0.550000,0.300000,0.000000,1772907708800.063,0.090928,-1.639933,0.226046,0.000000,0.000000,0.000000,1.000000,position_only
2026-03-07T18:21:48.816489+00:00,1772907708816.489,0.053680,-1.641602,0.215576,-27.000000,24.171875,2.759766,32767,28793,28079,29085,0.450000,-0.550000,0.300000,0.000000,1772907708808.530,0.075559,-1.638608,0.223234,0.000000,0.000000,0.000000,1.000000,position_only
2026-03-07T18:21:48.825277+00:00,1772907708825.277,0.033661,-1.637695,0.212036,-25.156250,22.484375,1.900391,32767,27140,27656,27116,0.450000,-0.550000,0.300000,0.000000,1772907708817.065,0.059703,-1.636348,0.220761,0.000000,0.000000,0.000000,1.000000,position_only
2026-03-07T18:21:48.835424+00:00,1772907708835.423,0.013466,-1.632812,0.208862,-23.265625,20.625000,1.015625,32767,27837,26752,27733,0.450000,-0.550000,0.300000,0.000000,1772907708834.208,0.027378,-1.631936,0.216049,0.000000,0.000000,0.000000,1.000000,position_only
2026-03-07T18:21:48.845881+00:00,1772907708845.880,-0.006882,-1.626953,0.206055,-21.421875,18.593750,0.101685,32767,28583,26223,28306,0.450000,-0.550000,0.300000,0.000000,1772907708842.729,0.010790,-1.628716,0.214075,0.000000,0.000000,0.000000,1.000000,position_only
2026-03-07T18:21:48.855805+00:00,1772907708855.804,-0.005463,-1.626953,0.206665,-21.390625,18.578125,-0.038483,32767,28366,25396,28287,0.450000,-0.550000,0.300000,0.000000,1772907708851.221,-0.005979,-1.625614,0.212364,0.000000,0.000000,0.000000,1.000000,position_only
2026-03-07T18:21:48.866002+00:00,1772907708866.002,-0.047516,-1.615234,0.202271,-17.890625,14.031250,-1.742188,32767,27119,24961,27412,0.450000,-0.550000,0.300000,0.000000,1772907708859.706,-0.023062,-1.621933,0.210796,0.000000,0.000000,0.000000,1.000000,position_only
2026-03-07T18:21:48.875492+00:00,1772907708875.492,-0.069458,-1.608398,0.200684,-16.265625,11.539062,-2.482422,32767,26199,24294,26477,0.450000,-0.550000,0.300000,0.000000,1772907708868.194,-0.040324,-1.617919,0.209647,0.000000,0.000000,0.000000,1.000000,position_only
2026-03-07T18:21:48.886765+00:00,1772907708886.764,-0.091248,-1.601562,0.199707,-14.765625,8.929688,-3.197266,32767,26247,23863,26616,0.450000,-0.550000,0.300000,0.000000,1772907708885.256,-0.075033,-1.609895,0.207779,0.000000,0.000000,0.000000,1.000000,position_only
2026-03-07T18:21:48.895675+00:00,1772907708895.674,-0.112915,-1.594727,0.199097,-13.359375,6.214844,-3.894531,32767,26359,22862,27105,0.450000,-0.550000,0.300000,0.000000,1772907708893.970,-0.092572,-1.605171,0.207436,0.000000,0.000000,0.000000,1.000000,position_only
2026-03-07T18:21:48.907483+00:00,1772907708907.482,-0.134277,-1.586914,0.198975,-12.062500,3.369141,-4.574219,32767,26123,21979,27260,0.450000,-0.550000,0.300000,0.000000,1772907708902.505,-0.110027,-1.600609,0.207235,0.000000,0.000000,0.000000,1.000000,position_only
2026-03-07T18:21:48.916589+00:00,1772907708916.588,-0.154907,-1.580078,0.199951,-10.890625,0.406006,-5.257812,32767,26386,21286,28207,0.450000,-0.550000,0.300000,0.000000,1772907708910.994,-0.127408,-1.595737,0.207285,0.000000,0.000000,0.000000,1.000000,position_only
2026-03-07T18:21:48.926617+00:00,1772907708926.617,-0.177246,-1.572266,0.200806,-9.914062,-2.548828,-5.773438,32767,24659,21343,26688,0.450000,-0.550000,0.300000,0.000000,1772907708919.643,-0.145053,-1.590399,0.207868,0.000000,0.000000,0.000000,1.000000,position_only
2026-03-07T18:21:48.935653+00:00,1772907708935.652,-0.198975,-1.564453,0.202026,-9.117188,-5.496094,-6.234375,32767,23383,21280,25767,0.450000,-0.550000,0.300000,0.000000,1772907708928.138,-0.162198,-1.585698,0.208378,0.000000,0.000000,0.000000,1.000000,position_only
2026-03-07T18:21:48.945610+00:00,1772907708945.610,-0.220093,-1.556641,0.203857,-8.500000,-8.429688,-6.695312,32767,24265,20549,26930,0.450000,-0.550000,0.300000,0.000000,1772907708945.083,-0.196527,-1.574967,0.210449,0.000000,0.000000,0.000000,1.000000,position_only
2026-03-07T18:21:48.956361+00:00,1772907708956.360,-0.240723,-1.548828,0.206055,-8.062500,-11.304688,-7.160156,32767,24502,20142,27331,0.450000,-0.550000,0.300000,0.000000,1772907708953.646,-0.213579,-1.569271,0.211735,0.000000,0.000000,0.000000,1.000000,position_only
2026-03-07T18:21:48.966385+00:00,1772907708966.385,-0.260742,-1.540039,0.208618,-7.808594,-14.085938,-7.613281,32767,23553,20303,26488,0.450000,-0.550000,0.300000,0.000000,1772907708962.147,-0.230181,-1.563644,0.213471,0.000000,0.000000,0.000000,1.000000,position_only
2026-03-07T18:21:48.975514+00:00,1772907708975.514,-0.280273,-1.533203,0.212036,-7.707031,-16.765625,-8.000000,32767,23874,19703,27138,0.450000,-0.550000,0.300000,0.000000,1772907708970.713,-0.262863,-1.552091,0.217535,0.000000,0.000000,0.000000,1.000000,position_only
2026-03-07T18:21:48.986765+00:00,1772907708986.765,-0.301514,-1.524414,0.215332,-7.832031,-19.281250,-8.304688,32704,23166,19861,26559,0.450000,-0.550000,0.300000,0.000000,1772907708979.226,-0.278684,-1.546273,0.219606,0.000000,0.000000,0.000000,1.000000,position_only
2026-03-07T18:21:48.996788+00:00,1772907708996.787,-0.321777,-1.516602,0.218994,-8.156250,-21.640625,-8.617188,31398,22469,19259,25897,0.450000,-0.550000,0.300000,0.000000,1772907708996.254,-0.294167,-1.540071,0.222133,0.000000,0.000000,0.000000,1.000000,position_only
2026-03-07T18:21:49.005612+00:00,1772907709005.611,-0.339844,-1.508789,0.222778,-8.664062,-23.828125,-9.023438,29765,22142,18068,25651,0.450000,-0.550000,0.300000,0.000000,1772907709004.764,-0.324334,-1.526953,0.227779,0.000000,0.000000,0.000000,1.000000,position_only
2026-03-07T18:21:49.015725+00:00,1772907709015.724,-0.358154,-1.500000,0.226929,-9.328125,-25.828125,-9.382812,28655,21370,17613,24741,0.450000,-0.550000,0.300000,0.000000,1772907709013.255,-0.338582,-1.520596,0.230834,0.000000,0.000000,0.000000,1.000000,position_only
2026-03-07T18:21:49.026862+00:00,1772907709026.861,-0.356689,-1.500977,0.227173,-9.312500,-25.859375,-9.429688,27610,20510,17218,23976,0.450000,-0.550000,0.300000,0.000000,1772907709021.778,-0.352572,-1.514221,0.233789,0.000000,0.000000,0.000000,1.000000,position_only
2026-03-07T18:21:49.036788+00:00,1772907709036.787,-0.391602,-1.484375,0.235840,-11.132812,-29.265625,-10.117188,26791,19702,16729,23280,0.450000,-0.550000,0.300000,0.000000,1772907709030.276,-0.366162,-1.507750,0.236911,0.000000,0.000000,0.000000,1.000000,position_only
2026-03-07T18:21:49.046767+00:00,1772907709046.767,-0.408203,-1.475586,0.240356,-12.187500,-30.640625,-10.421875,25727,19375,16431,22173,0.450000,-0.550000,0.300000,0.000000,1772907709038.896,-0.379394,-1.501272,0.240118,0.000000,0.000000,0.000000,1.000000,position_only
2026-03-07T18:21:49.055630+00:00,1772907709055.629,-0.424072,-1.466797,0.244873,-13.304688,-31.781250,-10.734375,24331,19513,15552,21825,0.450000,-0.550000,0.300000,0.000000,1772907709047.432,-0.391992,-1.494631,0.243394,0.000000,0.000000,0.000000,1.000000,position_only
2026-03-07T18:21:49.067172+00:00,1772907709067.171,-0.438721,-1.458984,0.249268,-14.437500,-32.656250,-11.023438,23755,19106,15305,20858,0.450000,-0.550000,0.300000,0.000000,1772907709064.468,-0.416163,-1.481015,0.249801,0.000000,0.000000,0.000000,1.000000,position_only
2026-03-07T18:21:49.077086+00:00,1772907709077.085,-0.452637,-1.450195,0.253662,-15.578125,-33.375000,-11.273438,23046,18803,14970,20245,0.450000,-0.550000,0.300000,0.000000,1772907709073.008,-0.427458,-1.473941,0.253087,0.000000,0.000000,0.000000,1.000000,position_only
2026-03-07T18:21:49.086832+00:00,1772907709086.832,-0.450684,-1.451172,0.253662,-15.562500,-33.406250,-11.335938,22851,18254,15002,19280,0.450000,-0.550000,0.300000,0.000000,1772907709081.522,-0.438550,-1.466935,0.256215,0.000000,0.000000,0.000000,1.000000,position_only
2026-03-07T18:21:49.095637+00:00,1772907709095.636,-0.476318,-1.433594,0.261963,-17.781250,-34.250000,-11.671875,21902,18482,14418,19241,0.450000,-0.550000,0.300000,0.000000,1772907709090.105,-0.449049,-1.459893,0.259257,0.000000,0.000000,0.000000,1.000000,position_only
2026-03-07T18:21:49.106833+00:00,1772907709106.832,-0.488525,-1.424805,0.265869,-18.906250,-34.437500,-11.773438,20926,18774,13698,19489,0.450000,-0.550000,0.300000,0.000000,1772907709106.747,-0.468898,-1.444879,0.265398,0.000000,0.000000,0.000000,1.000000,position_only
2026-03-07T18:21:49.115902+00:00,1772907709115.901,-0.499756,-1.415039,0.269531,-20.062500,-34.500000,-11.835938,20554,18276,14013,19150,0.450000,-0.550000,0.300000,0.000000,1772907709115.492,-0.478270,-1.437313,0.268192,0.000000,0.000000,0.000000,1.000000,position_only
2026-03-07T18:21:49.126798+00:00,1772907709126.797,-0.510254,-1.406250,0.273193,-21.203125,-34.437500,-11.835938,20832,17486,14776,18269,0.450000,-0.550000,0.300000,0.000000,1772907709124.023,-0.487156,-1.429501,0.270902,0.000000,0.000000,0.000000,1.000000,position_only
2026-03-07T18:21:49.137449+00:00,1772907709137.448,-0.519531,-1.396484,0.276367,-22.359375,-34.312500,-11.773438,20569,17246,15124,18049,0.450000,-0.550000,0.300000,0.000000,1772907709132.668,-0.495753,-1.421473,0.273383,0.000000,0.000000,0.000000,1.000000,position_only
2026-03-07T18:21:49.146770+00:00,1772907709146.770,-0.518066,-1.398438,0.276123,-22.343750,-34.343750,-11.835938,19559,17788,14667,18842,0.450000,-0.550000,0.300000,0.000000,1772907709141.335,-0.503981,-1.413453,0.275831,0.000000,0.000000,0.000000,1.000000,position_only
2026-03-07T18:21:49.156273+00:00,1772907709156.272,-0.535645,-1.378906,0.281738,-24.718750,-33.781250,-11.609375,19358,17614,15169,18829,0.450000,-0.550000,0.300000,0.000000,1772907709149.889,-0.511735,-1.405173,0.277874,0.000000,0.000000,0.000000,1.000000,position_only
2026-03-07T18:21:49.166392+00:00,1772907709166.392,-0.543945,-1.368164,0.284180,-25.859375,-33.406250,-11.382812,20174,16703,16546,17875,0.450000,-0.550000,0.300000,0.000000,1772907709158.440,-0.519141,-1.396530,0.280063,0.000000,0.000000,0.000000,1.000000,position_only
2026-03-07T18:21:49.177218+00:00,1772907709177.217,-0.551758,-1.358398,0.286377,-27.000000,-32.968750,-11.125000,19534,17160,16569,18575,0.450000,-0.550000,0.300000,0.000000,1772907709175.471,-0.533065,-1.378876,0.283500,0.000000,0.000000,0.000000,1.000000,position_only
2026-03-07T18:21:49.186517+00:00,1772907709186.516,-0.558594,-1.347656,0.288086,-28.093750,-32.468750,-10.835938,19470,17310,17135,18649,0.450000,-0.550000,0.300000,0.000000,1772907709183.975,-0.539402,-1.369749,0.285059,0.000000,0.000000,0.000000,1.000000,position_only
2026-03-07T18:21:49.196003+00:00,1772907709196.002,-0.557129,-1.348633,0.288086,-28.078125,-32.500000,-10.882812,19106,17770,17543,19083,0.450000,-0.550000,0.300000,0.000000,1772907709192.515,-0.545537,-1.360319,0.286358,0.000000,0.000000,0.000000,1.000000,position_only
2026-03-07T18:21:49.206221+00:00,1772907709206.221,-0.569824,-1.326172,0.290527,-30.062500,-31.312500,-10.156250,18756,18449,17712,19663,0.450000,-0.550000,0.300000,0.000000,1772907709201.070,-0.551303,-1.350860,0.287408,0.000000,0.000000,0.000000,1.000000,position_only
2026-03-07T18:21:49.216845+00:00,1772907709216.844,-0.575684,-1.314453,0.291504,-30.953125,-30.687500,-9.742188,19348,18174,18928,19420,0.450000,-0.550000,0.300000,0.000000,1772907709209.590,-0.556745,-1.340983,0.288300,0.000000,0.000000,0.000000,1.000000,position_only
2026-03-07T18:21:49.226809+00:00,1772907709226.809,-0.581055,-1.302734,0.291992,-31.703125,-30.031250,-9.273438,20502,17587,20615,18597,0.450000,-0.550000,0.300000,0.000000,1772907709218.107,-0.561907,-1.330762,0.288990,0.000000,0.000000,0.000000,1.000000,position_only
2026-03-07T18:21:49.236782+00:00,1772907709236.781,-0.585449,-1.290039,0.292236,-32.312500,-29.375000,-8.789062,19925,18809,20443,19707,0.450000,-0.550000,0.300000,0.000000,1772907709235.382,-0.571199,-1.310139,0.289732,0.000000,0.000000,0.000000,1.000000,position_only
2026-03-07T18:21:49.246635+00:00,1772907709246.635,-0.589844,-1.277344,0.291992,-32.812500,-28.703125,-8.343750,18700,20798,19545,21540,0.450000,-0.550000,0.300000,0.000000,1772907709243.888,-0.575601,-1.299241,0.289927,0.000000,0.000000,0.000000,1.000000,position_only
2026-03-07T18:21:49.257247+00:00,1772907709257.247,-0.588867,-1.279297,0.291992,-32.812500,-28.718750,-8.390625,19945,20541,21138,20743,0.450000,-0.550000,0.300000,0.000000,1772907709252.431,-0.579757,-1.288521,0.289622,0.000000,0.000000,0.000000,1.000000,position_only
2026-03-07T18:21:49.267197+00:00,1772907709267.197,-0.596191,-1.251953,0.290771,-33.281250,-27.390625,-7.464844,21532,19986,22740,19908,0.450000,-0.550000,0.300000,0.000000,1772907709260.930,-0.583345,-1.277119,0.289427,0.000000,0.000000,0.000000,1.000000,position_only
2026-03-07T18:21:49.277147+00:00,1772907709277.146,-0.599121,-1.238281,0.289795,-33.250000,-26.750000,-6.984375,21564,21140,22941,20441,0.450000,-0.550000,0.300000,0.000000,1772907709269.481,-0.586838,-1.265636,0.288988,0.000000,0.000000,0.000000,1.000000,position_only
2026-03-07T18:21:49.286154+00:00,1772907709286.153,-0.601562,-1.223633,0.288574,-33.000000,-26.140625,-6.570312,20833,22966,22240,21958,0.450000,-0.550000,0.300000,0.000000,1772907709278.000,-0.590046,-1.253700,0.288425,0.000000,0.000000,0.000000,1.000000,position_only
2026-03-07T18:21:49.296468+00:00,1772907709296.467,-0.604004,-1.208984,0.287109,-32.593750,-25.562500,-6.203125,21856,23289,23023,21756,0.450000,-0.550000,0.300000,0.000000,1772907709295.060,-0.595527,-1.229046,0.287004,0.000000,0.000000,0.000000,1.000000,position_only
2026-03-07T18:21:49.306651+00:00,1772907709306.651,-0.605957,-1.193359,0.285645,-31.937500,-25.046875,-5.851562,23559,22593,24693,20982,0.450000,-0.550000,0.300000,0.000000,1772907709303.600,-0.597821,-1.216419,0.285991,0.000000,0.000000,0.000000,1.000000,position_only
2026-03-07T18:21:49.316975+00:00,1772907709316.975,-0.605469,-1.195312,0.285645,-31.906250,-25.031250,-5.906250,24429,23168,25346,20714,0.450000,-0.550000,0.300000,0.000000,1772907709312.350,-0.601678,-1.190146,0.283868,0.000000,0.000000,0.000000,1.000000,position_only
2026-03-07T18:21:49.327053+00:00,1772907709327.052,-0.606445,-1.178711,0.283691,-31.093750,-24.578125,-5.578125,23649,24940,24225,22577,0.450000,-0.550000,0.300000,0.000000,1772907709320.867,-0.603253,-1.176518,0.282660,0.000000,0.000000,0.000000,1.000000,position_only
2026-03-07T18:21:49.336913+00:00,1772907709336.912,-0.607910,-1.160156,0.281738,-30.000000,-24.156250,-5.285156,24507,25401,24739,22494,0.450000,-0.550000,0.300000,0.000000,1772907709329.397,-0.604507,-1.162781,0.281402,0.000000,0.000000,0.000000,1.000000,position_only
2026-03-07T18:21:49.346882+00:00,1772907709346.882,-0.608398,-1.143555,0.279785,-28.812500,-23.828125,-5.136719,26352,24502,26334,21525,0.450000,-0.550000,0.300000,0.000000,1772907709346.587,-0.606174,-1.134389,0.278881,0.000000,0.000000,0.000000,1.000000,position_only
2026-03-07T18:21:49.356425+00:00,1772907709356.424,-0.608887,-1.125977,0.277588,-27.468750,-23.609375,-5.000000,26839,25142,26465,21706,0.450000,-0.550000,0.300000,0.000000,1772907709355.195,-0.606587,-1.119725,0.277472,0.000000,0.000000,0.000000,1.000000,position_only
2026-03-07T18:21:49.366602+00:00,1772907709366.602,-0.608887,-1.108398,0.275391,-25.937500,-23.453125,-4.890625,26089,26779,25580,22996,0.450000,-0.550000,0.300000,0.000000,1772907709363.789,-0.606816,-1.104868,0.276200,0.000000,0.000000,0.000000,1.000000,position_only
2026-03-07T18:21:49.377077+00:00,1772907709377.075,-0.608398,-1.089844,0.273438,-24.281250,-23.359375,-4.855469,26610,27069,25891,22950,0.450000,-0.550000,0.300000,0.000000,1772907709372.362,-0.606690,-1.089675,0.274826,0.000000,0.000000,0.000000,1.000000,position_only
2026-03-07T18:21:49.386421+00:00,1772907709386.420,-0.607422,-1.070312,0.271240,-22.515625,-23.296875,-4.835938,27514,26822,26549,22570,0.450000,-0.550000,0.300000,0.000000,1772907709380.829,-0.606294,-1.074334,0.273520,0.000000,0.000000,0.000000,1.000000,position_only
2026-03-07T18:21:49.397420+00:00,1772907709397.419,-0.605957,-1.050781,0.269287,-20.625000,-23.312500,-4.835938,27870,26901,26742,22665,0.450000,-0.550000,0.300000,0.000000,1772907709389.532,-0.605542,-1.058700,0.272364,0.000000,0.000000,0.000000,1.000000,position_only
2026-03-07T18:21:49.406614+00:00,1772907709406.613,-0.604492,-1.031250,0.267334,-18.625000,-23.390625,-4.863281,27829,27581,26433,22855,0.450000,-0.550000,0.300000,0.000000,1772907709398.436,-0.604457,-1.042860,0.271076,0.000000,0.000000,0.000000,1.000000,position_only
2026-03-07T18:21:49.416626+00:00,1772907709416.625,-0.602051,-1.011719,0.265625,-16.515625,-23.515625,-4.921875,27825,28032,26077,23026,0.450000,-0.550000,0.300000,0.000000,1772907709415.767,-0.601569,-1.010742,0.268903,0.000000,0.000000,0.000000,1.000000,position_only
2026-03-07T18:21:49.426799+00:00,1772907709426.798,-0.599609,-0.992188,0.263916,-14.320312,-23.687500,-5.007812,28322,27925,26295,22493,0.450000,-0.550000,0.300000,0.000000,1772907709424.293,-0.599622,-0.994491,0.267962,0.000000,0.000000,0.000000,1.000000,position_only
2026-03-07T18:21:49.437497+00:00,1772907709437.495,-0.596191,-0.972656,0.262451,-12.000000,-23.890625,-5.101562,28660,27731,26313,22196,0.450000,-0.550000,0.300000,0.000000,1772907709432.782,-0.597397,-0.978064,0.267030,0.000000,0.000000,0.000000,1.000000,position_only
2026-03-07T18:21:49.447562+00:00,1772907709447.561,-0.592773,-0.952148,0.261475,-9.625000,-24.171875,-5.167969,28406,28188,25633,22324,0.450000,-0.550000,0.300000,0.000000,1772907709441.530,-0.594833,-0.961636,0.266403,0.000000,0.000000,0.000000,1.000000,position_only
2026-03-07T18:21:49.457031+00:00,1772907709457.030,-0.588867,-0.931641,0.260498,-7.164062,-24.484375,-5.226562,28374,28136,25347,22146,0.450000,-0.550000,0.300000,0.000000,1772907709450.086,-0.591893,-0.945131,0.265774,0.000000,0.000000,0.000000,1.000000,position_only
2026-03-07T18:21:49.466868+00:00,1772907709466.867,-0.583984,-0.911133,0.259766,-4.644531,-24.859375,-5.289062,28107,28196,24750,22263,0.450000,-0.550000,0.300000,0.000000,1772907709458.588,-0.588692,-0.928594,0.265275,0.000000,0.000000,0.000000,1.000000,position_only
2026-03-07T18:21:49.476926+00:00,1772907709476.925,-0.579102,-0.891113,0.259033,-2.083984,-25.265625,-5.351562,28595,27510,25042,21332,0.450000,-0.550000,0.300000,0.000000,1772907709475.883,-0.581121,-0.895574,0.264614,0.000000,0.000000,0.000000,1.000000,position_only
2026-03-07T18:21:49.486894+00:00,1772907709486.893,-0.573730,-0.871582,0.258789,0.519531,-25.687500,-5.390625,28281,27504,24559,21193,0.450000,-0.550000,0.300000,0.000000,1772907709484.404,-0.576933,-0.879138,0.264567,0.000000,0.000000,0.000000,1.000000,position_only
2026-03-07T18:21:49.497338+00:00,1772907709497.336,-0.567871,-0.852051,0.258545,3.144531,-26.125000,-5.417969,27508,27850,23768,21416,0.450000,-0.550000,0.300000,0.000000,1772907709492.967,-0.572263,-0.862666,0.264541,0.000000,0.000000,0.000000,1.000000,position_only
2026-03-07T18:21:49.507617+00:00,1772907709507.616,-0.561523,-0.832520,0.259033,5.753906,-26.578125,-5.410156,27091,27838,23172,21346,0.450000,-0.550000,0.300000,0.000000,1772907709501.455,-0.567366,-0.846621,0.264521,0.000000,0.000000,0.000000,1.000000,position_only
2026-03-07T18:21:49.517605+00:00,1772907709517.604,-0.554688,-0.812988,0.259277,8.328125,-27.015625,-5.382812,27183,27478,23246,20393,0.450000,-0.550000,0.300000,0.000000,1772907709509.951,-0.561898,-0.830503,0.264902,0.000000,0.000000,0.000000,1.000000,position_only
2026-03-07T18:21:49.527639+00:00,1772907709527.638,-0.547363,-0.793457,0.259766,10.914062,-27.406250,-5.332031,27023,27222,23028,19876,0.450000,-0.550000,0.300000,0.000000,1772907709527.023,-0.550115,-0.798979,0.265632,0.000000,0.000000,0.000000,1.000000,position_only
2026-03-07T18:21:49.536765+00:00,1772907709536.764,-0.539551,-0.774902,0.260254,13.453125,-27.750000,-5.269531,26303,27523,22352,19837,0.450000,-0.550000,0.300000,0.000000,1772907709535.504,-0.543696,-0.783537,0.266148,0.000000,0.000000,0.000000,1.000000,position_only
2026-03-07T18:21:49.547832+00:00,1772907709547.831,-0.531250,-0.757324,0.260986,15.937500,-28.046875,-5.222656,26019,27543,22078,19333,0.450000,-0.550000,0.300000,0.000000,1772907709544.047,-0.537009,-0.768326,0.266733,0.000000,0.000000,0.000000,1.000000,position_only
2026-03-07T18:21:49.557831+00:00,1772907709557.830,-0.522461,-0.739746,0.261719,18.359375,-28.281250,-5.187500,26150,27079,22384,18436,0.450000,-0.550000,0.300000,0.000000,1772907709552.530,-0.529884,-0.753375,0.267265,0.000000,0.000000,0.000000,1.000000,position_only
2026-03-07T18:21:49.567753+00:00,1772907709567.752,-0.513672,-0.723145,0.262939,20.718750,-28.437500,-5.148438,25943,27037,22164,18037,0.450000,-0.550000,0.300000,0.000000,1772907709561.303,-0.522362,-0.738759,0.267900,0.000000,0.000000,0.000000,1.000000,position_only
2026-03-07T18:21:49.576859+00:00,1772907709576.858,-0.503906,-0.706055,0.263672,22.968750,-28.562500,-5.089844,25110,27605,21097,18608,0.450000,-0.550000,0.300000,0.000000,1772907709569.761,-0.514691,-0.724551,0.268538,0.000000,0.000000,0.000000,1.000000,position_only
2026-03-07T18:21:49.587621+00:00,1772907709587.621,-0.493652,-0.689453,0.264648,25.078125,-28.671875,-5.050781,25254,27102,21447,18010,0.450000,-0.550000,0.300000,0.000000,1772907709586.758,-0.498052,-0.697043,0.270035,0.000000,0.000000,0.000000,1.000000,position_only
2026-03-07T18:21:49.598067+00:00,1772907709598.066,-0.483154,-0.674316,0.265625,27.031250,-28.765625,-5.015625,26079,26067,22281,16964,0.450000,-0.550000,0.300000,0.000000,1772907709595.507,-0.480077,-0.671008,0.271396,0.000000,0.000000,0.000000,1.000000,position_only
2026-03-07T18:21:49.607179+00:00,1772907709607.178,-0.471924,-0.658203,0.266602,28.828125,-28.843750,-4.933594,24826,26945,21479,17850,0.450000,-0.550000,0.300000,0.000000,1772907709604.024,-0.470782,-0.658655,0.272120,0.000000,0.000000,0.000000,1.000000,position_only
2026-03-07T18:21:49.617873+00:00,1772907709617.873,-0.460205,-0.643555,0.267334,30.421875,-28.859375,-4.894531,24385,26969,21574,18040,0.450000,-0.550000,0.300000,0.000000,1772907709612.527,-0.470782,-0.658655,0.272120,0.000000,0.000000,0.000000,1.000000,position_only
2026-03-07T18:21:49.627801+00:00,1772907709627.800,-0.448486,-0.629883,0.268555,31.796875,-28.843750,-4.906250,24513,26590,21988,17919,0.450000,-0.550000,0.300000,0.000000,1772907709621.096,-0.451223,-0.634930,0.273185,0.000000,0.000000,0.000000,1.000000,position_only
2026-03-07T18:21:49.636613+00:00,1772907709636.613,-0.435547,-0.615723,0.269287,32.937500,-28.812500,-4.890625,24657,26158,22382,17945,0.450000,-0.550000,0.300000,0.000000,1772907709629.822,-0.440677,-0.623658,0.273722,0.000000,0.000000,0.000000,1.000000,position_only
2026-03-07T18:21:49.646701+00:00,1772907709646.699,-0.422607,-0.602539,0.269775,33.906250,-28.765625,-4.886719,24791,25781,23047,17796,0.450000,-0.550000,0.300000,0.000000,1772907709638.305,-0.429974,-0.612943,0.274292,0.000000,0.000000,0.000000,1.000000,position_only
2026-03-07T18:21:49.656656+00:00,1772907709656.655,-0.409424,-0.590332,0.270264,34.656250,-28.687500,-4.906250,24267,26093,22708,18772,0.450000,-0.550000,0.300000,0.000000,1772907709655.359,-0.408115,-0.592901,0.274772,0.000000,0.000000,0.000000,1.000000,position_only
2026-03-07T18:21:49.668855+00:00,1772907709668.855,-0.395996,-0.579102,0.270508,35.218750,-28.609375,-4.933594,24106,26177,22862,19247,0.450000,-0.550000,0.300000,0.000000,1772907709663.817,-0.396474,-0.583371,0.275046,0.000000,0.000000,0.000000,1.000000,position_only
2026-03-07T18:21:49.677449+00:00,1772907709677.448,-0.381592,-0.567871,0.270996,35.593750,-28.531250,-4.968750,24256,26009,23138,19628,0.450000,-0.550000,0.300000,0.000000,1772907709672.337,-0.384601,-0.574450,0.275183,0.000000,0.000000,0.000000,1.000000,position_only
2026-03-07T18:21:49.687432+00:00,1772907709687.431,-0.366943,-0.557617,0.270996,35.781250,-28.437500,-5.007812,24207,26027,23207,20302,0.450000,-0.550000,0.300000,0.000000,1772907709680.833,-0.372414,-0.565905,0.275199,0.000000,0.000000,0.000000,1.000000,position_only
2026-03-07T18:21:49.698083+00:00,1772907709698.082,-0.352051,-0.547852,0.270752,35.875000,-28.328125,-5.054688,24852,25421,23981,20247,0.450000,-0.550000,0.300000,0.000000,1772907709697.831,-0.347290,-0.550255,0.275216,0.000000,0.000000,0.000000,1.000000,position_only
2026-03-07T18:21:49.706642+00:00,1772907709706.642,-0.337158,-0.539062,0.270508,35.812500,-28.203125,-5.109375,24678,25742,23955,20929,0.450000,-0.550000,0.300000,0.000000,1772907709706.359,-0.334279,-0.543133,0.275034,0.000000,0.000000,0.000000,1.000000,position_only
2026-03-07T18:21:49.717403+00:00,1772907709717.402,-0.322021,-0.531250,0.270020,35.656250,-28.062500,-5.191406,24786,25686,24176,21497,0.450000,-0.550000,0.300000,0.000000,1772907709714.838,-0.320965,-0.536456,0.274747,0.000000,0.000000,0.000000,1.000000,position_only
2026-03-07T18:21:49.729090+00:00,1772907709729.089,-0.306641,-0.524414,0.269531,35.343750,-27.890625,-5.304688,25546,25062,25013,21382,0.450000,-0.550000,0.300000,0.000000,1772907709723.318,-0.307451,-0.530241,0.274404,0.000000,0.000000,0.000000,1.000000,position_only
2026-03-07T18:21:49.737414+00:00,1772907709737.413,-0.290039,-0.518066,0.269287,35.000000,-27.687500,-5.410156,25334,25554,24925,22098,0.450000,-0.550000,0.300000,0.000000,1772907709731.817,-0.293762,-0.524530,0.273787,0.000000,0.000000,0.000000,1.000000,position_only
2026-03-07T18:21:49.747377+00:00,1772907709747.377,-0.273438,-0.511719,0.268555,34.531250,-27.421875,-5.562500,24701,26325,24447,23303,0.450000,-0.550000,0.300000,0.000000,1772907709740.449,-0.279728,-0.519318,0.273531,0.000000,0.000000,0.000000,1.000000,position_only
2026-03-07T18:21:49.758094+00:00,1772907709758.094,-0.256592,-0.506836,0.267578,33.968750,-27.109375,-5.781250,25749,25536,25669,22673,0.450000,-0.550000,0.300000,0.000000,1772907709757.418,-0.250936,-0.510320,0.272556,0.000000,0.000000,0.000000,1.000000,position_only
2026-03-07T18:21:49.767149+00:00,1772907709767.148,-0.239502,-0.502441,0.266846,33.375000,-26.687500,-6.050781,26148,25407,26256,22585,0.450000,-0.550000,0.300000,0.000000,1772907709765.874,-0.236074,-0.506459,0.271876,0.000000,0.000000,0.000000,1.000000,position_only
2026-03-07T18:21:49.779138+00:00,1772907709779.137,-0.222290,-0.498535,0.265869,32.718750,-26.140625,-6.390625,25048,26491,25336,24202,0.450000,-0.550000,0.300000,0.000000,1772907709774.371,-0.221092,-0.503031,0.271208,0.000000,0.000000,0.000000,1.000000,position_only
2026-03-07T18:21:49.789140+00:00,1772907709789.139,-0.203735,-0.495361,0.264893,32.000000,-25.546875,-6.742188,24833,27050,25276,24535,0.450000,-0.550000,0.300000,0.000000,1772907709782.934,-0.205768,-0.500041,0.270530,0.000000,0.000000,0.000000,1.000000,position_only
2026-03-07T18:21:49.796932+00:00,1772907709796.931,-0.185303,-0.493164,0.264160,31.265625,-24.828125,-7.218750,25960,25915,26704,23678,0.450000,-0.550000,0.300000,0.000000,1772907709791.441,-0.190527,-0.497437,0.269712,0.000000,0.000000,0.000000,1.000000,position_only
2026-03-07T18:21:49.807116+00:00,1772907709807.115,-0.166626,-0.491211,0.263184,30.484375,-24.000000,-7.722656,26479,25543,27469,23186,0.450000,-0.550000,0.300000,0.000000,1772907709799.871,-0.174136,-0.495577,0.269632,0.000000,0.000000,0.000000,1.000000,position_only
2026-03-07T18:21:49.817854+00:00,1772907709817.853,-0.147827,-0.490234,0.262207,29.703125,-23.000000,-8.289062,25768,26233,27084,23877,0.450000,-0.550000,0.300000,0.000000,1772907709816.841,-0.142097,-0.492696,0.268289,0.000000,0.000000,0.000000,1.000000,position_only
2026-03-07T18:21:49.826926+00:00,1772907709826.925,-0.128906,-0.489746,0.261475,28.906250,-21.875000,-8.921875,25223,26706,26902,24310,0.450000,-0.550000,0.300000,0.000000,1772907709825.335,-0.125735,-0.491928,0.267839,0.000000,0.000000,0.000000,1.000000,position_only
2026-03-07T18:21:49.838355+00:00,1772907709838.354,-0.109985,-0.489746,0.260742,28.109375,-20.609375,-9.640625,25725,26143,27749,23546,0.450000,-0.550000,0.300000,0.000000,1772907709833.830,-0.109147,-0.491713,0.267303,0.000000,0.000000,0.000000,1.000000,position_only
2026-03-07T18:21:49.848287+00:00,1772907709848.286,-0.089722,-0.490723,0.260254,27.328125,-19.234375,-10.343750,25570,25938,28112,23393,0.450000,-0.550000,0.300000,0.000000,1772907709842.446,-0.092521,-0.491799,0.266777,0.000000,0.000000,0.000000,1.000000,position_only
2026-03-07T18:21:49.858288+00:00,1772907709858.287,-0.069519,-0.491943,0.259766,26.562500,-17.718750,-11.085938,24723,26503,27831,23554,0.450000,-0.550000,0.300000,0.000000,1772907709850.929,-0.075305,-0.492086,0.266683,0.000000,0.000000,0.000000,1.000000,position_only
2026-03-07T18:21:49.867624+00:00,1772907709867.623,-0.049286,-0.493652,0.259277,25.828125,-16.062500,-11.890625,24092,26719,27600,23677,0.450000,-0.550000,0.300000,0.000000,1772907709859.702,-0.058353,-0.493065,0.266442,0.000000,0.000000,0.000000,1.000000,position_only
2026-03-07T18:21:49.878280+00:00,1772907709878.279,-0.029144,-0.496094,0.259033,25.109375,-14.281250,-12.734375,24768,25651,28834,22081,0.450000,-0.550000,0.300000,0.000000,1772907709876.758,-0.024012,-0.495948,0.266434,0.000000,0.000000,0.000000,1.000000,position_only
2026-03-07T18:21:49.888286+00:00,1772907709888.285,-0.009102,-0.499023,0.259033,24.468750,-12.351562,-13.609375,24035,25693,28574,22132,0.450000,-0.550000,0.300000,0.000000,1772907709885.433,-0.006707,-0.498024,0.266582,0.000000,0.000000,0.000000,1.000000,position_only
2026-03-07T18:21:49.898755+00:00,1772907709898.754,0.010811,-0.502441,0.259277,23.875000,-10.343750,-14.484375,22928,26127,28048,22289,0.450000,-0.550000,0.300000,0.000000,1772907709893.904,0.010573,-0.500470,0.266808,0.000000,0.000000,0.000000,1.000000,position_only
2026-03-07T18:21:49.907987+00:00,1772907709907.986,0.031830,-0.506348,0.260010,23.328125,-8.265625,-15.351562,22581,25833,28243,21486,0.450000,-0.550000,0.300000,0.000000,1772907709902.467,0.027779,-0.503339,0.267035,0.000000,0.000000,0.000000,1.000000,position_only
2026-03-07T18:21:49.918292+00:00,1772907709918.292,0.052612,-0.510742,0.260498,22.875000,-6.097656,-16.234375,22496,25034,28614,20546,0.450000,-0.550000,0.300000,0.000000,1772907709910.956,0.045000,-0.506530,0.267457,0.000000,0.000000,0.000000,1.000000,position_only
2026-03-07T18:21:49.928120+00:00,1772907709928.119,0.073120,-0.516113,0.261475,22.500000,-3.884766,-17.093750,21869,24693,28404,20181,0.450000,-0.550000,0.300000,0.000000,1772907709928.052,0.079362,-0.513937,0.268691,0.000000,0.000000,0.000000,1.000000,position_only
2026-03-07T18:21:49.938087+00:00,1772907709938.087,0.093262,-0.520996,0.262451,22.171875,-1.653320,-17.968750,20161,25443,26960,20918,0.450000,-0.550000,0.300000,0.000000,1772907709936.529,0.096306,-0.518109,0.269573,0.000000,0.000000,0.000000,1.000000,position_only
2026-03-07T18:21:49.948025+00:00,1772907709948.024,0.113037,-0.526855,0.263672,21.937500,0.568848,-18.843750,20639,24023,27799,19290,0.450000,-0.550000,0.300000,0.000000,1772907709945.029,0.113284,-0.522579,0.270597,0.000000,0.000000,0.000000,1.000000,position_only
2026-03-07T18:21:49.959210+00:00,1772907709959.210,0.132446,-0.532715,0.265137,21.765625,2.810547,-19.718750,20163,23455,27547,18842,0.450000,-0.550000,0.300000,0.000000,1772907709953.718,0.146544,-0.532505,0.272776,0.000000,0.000000,0.000000,1.000000,position_only
2026-03-07T18:21:49.968339+00:00,1772907709968.338,0.154663,-0.540039,0.267334,21.703125,4.984375,-20.437500,18941,23688,26605,18931,0.450000,-0.550000,0.300000,0.000000,1772907709962.279,0.162961,-0.537918,0.273985,0.000000,0.000000,0.000000,1.000000,position_only
2026-03-07T18:21:49.978171+00:00,1772907709978.171,0.175415,-0.547363,0.269287,21.718750,7.140625,-21.203125,18157,23528,25787,18819,0.450000,-0.550000,0.300000,0.000000,1772907709971.019,0.179166,-0.543720,0.275329,0.000000,0.000000,0.000000,1.000000,position_only
2026-03-07T18:21:49.988079+00:00,1772907709988.079,0.195679,-0.554688,0.271240,21.828125,9.234375,-21.984375,17914,22676,25607,18256,0.450000,-0.550000,0.300000,0.000000,1772907709979.786,0.195105,-0.549618,0.276624,0.000000,0.000000,0.000000,1.000000,position_only
2026-03-07T18:21:49.998606+00:00,1772907709998.605,0.215210,-0.562500,0.273438,22.000000,11.257812,-22.734375,17688,21956,25432,17589,0.450000,-0.550000,0.300000,0.000000,1772907709996.884,0.226218,-0.562380,0.279479,0.000000,0.000000,0.000000,1.000000,position_only
2026-03-07T18:21:50.008649+00:00,1772907710008.649,0.234131,-0.570801,0.275635,22.265625,13.210938,-23.484375,17252,21352,24935,17462,0.450000,-0.550000,0.300000,0.000000,1772907710005.448,0.241357,-0.569133,0.281072,0.000000,0.000000,0.000000,1.000000,position_only
2026-03-07T18:21:50.017560+00:00,1772907710017.560,0.252441,-0.578613,0.277832,22.562500,15.054688,-24.203125,16410,21391,24081,17607,0.450000,-0.550000,0.300000,0.000000,1772907710014.033,0.241357,-0.569133,0.281072,0.000000,0.000000,0.000000,1.000000,position_only
2026-03-07T18:21:50.028542+00:00,1772907710028.541,0.268799,-0.586426,0.280518,22.937500,16.828125,-24.968750,15825,21236,23711,17374,0.450000,-0.550000,0.300000,0.000000,1772907710022.588,0.270650,-0.583323,0.283997,0.000000,0.000000,0.000000,1.000000,position_only
2026-03-07T18:21:50.040780+00:00,1772907710040.780,0.287109,-0.595703,0.282715,23.406250,18.484375,-25.640625,15855,20466,23997,16585,0.450000,-0.550000,0.300000,0.000000,1772907710039.662,0.298677,-0.598396,0.286798,0.000000,0.000000,0.000000,1.000000,position_only
2026-03-07T18:21:50.047249+00:00,1772907710047.248,0.302734,-0.604004,0.284912,23.937500,20.140625,-26.375000,15652,20020,24150,16008,0.450000,-0.550000,0.300000,0.000000,1772907710039.662,0.298677,-0.598396,0.286798,0.000000,0.000000,0.000000,1.000000,position_only
2026-03-07T18:21:50.058645+00:00,1772907710058.645,0.319336,-0.613281,0.287354,24.515625,21.687500,-27.031250,14548,20642,23163,16599,0.450000,-0.550000,0.300000,0.000000,1772907710056.960,0.325256,-0.614282,0.289494,0.000000,0.000000,0.000000,1.000000,position_only
2026-03-07T18:21:50.068536+00:00,1772907710068.536,0.334961,-0.622559,0.289307,25.156250,23.156250,-27.718750,14409,20600,23205,16087,0.450000,-0.550000,0.300000,0.000000,1772907710065.534,0.337861,-0.622579,0.290648,0.000000,0.000000,0.000000,1.000000,position_only
2026-03-07T18:21:50.077889+00:00,1772907710077.889,0.350098,-0.632324,0.291260,25.906250,24.578125,-28.406250,14521,20268,23506,15602,0.450000,-0.550000,0.300000,0.000000,1772907710074.073,0.350286,-0.631060,0.291748,0.000000,0.000000,0.000000,1.000000,position_only
2026-03-07T18:21:50.087602+00:00,1772907710087.601,0.365234,-0.642578,0.293213,26.703125,25.890625,-29.031250,14559,20236,23848,15061,0.450000,-0.550000,0.300000,0.000000,1772907710082.718,0.362164,-0.639582,0.292685,0.000000,0.000000,0.000000,1.000000,position_only
2026-03-07T18:21:50.097899+00:00,1772907710097.897,0.379639,-0.652832,0.294922,27.578125,27.140625,-29.671875,13855,20996,22890,15972,0.450000,-0.550000,0.300000,0.000000,1772907710091.489,0.373684,-0.648525,0.293520,0.000000,0.000000,0.000000,1.000000,position_only
2026-03-07T18:21:50.108540+00:00,1772907710108.539,0.393066,-0.663086,0.296387,28.500000,28.250000,-30.281250,14097,20918,23120,15832,0.450000,-0.550000,0.300000,0.000000,1772907710108.380,0.395558,-0.666817,0.294585,0.000000,0.000000,0.000000,1.000000,position_only
2026-03-07T18:21:50.117782+00:00,1772907710117.782,0.406006,-0.673828,0.297363,29.437500,29.250000,-30.843750,14487,20833,23309,15837,0.450000,-0.550000,0.300000,0.000000,1772907710116.953,0.405907,-0.676278,0.295023,0.000000,0.000000,0.000000,1.000000,position_only
2026-03-07T18:21:50.128832+00:00,1772907710128.831,0.417969,-0.684082,0.298340,30.375000,30.109375,-31.343750,14265,21383,22807,16731,0.450000,-0.550000,0.300000,0.000000,1772907710125.601,0.415782,-0.685968,0.295169,0.000000,0.000000,0.000000,1.000000,position_only
2026-03-07T18:21:50.139403+00:00,1772907710139.403,0.429199,-0.694824,0.298828,31.281250,30.812500,-31.765625,15290,20876,23298,16653,0.450000,-0.550000,0.300000,0.000000,1772907710134.223,0.425508,-0.695746,0.295154,0.000000,0.000000,0.000000,1.000000,position_only
2026-03-07T18:21:50.148625+00:00,1772907710148.625,0.440186,-0.706543,0.299072,32.156250,31.328125,-32.062500,15812,20825,23592,17084,0.450000,-0.550000,0.300000,0.000000,1772907710142.840,0.434728,-0.705792,0.294932,0.000000,0.000000,0.000000,1.000000,position_only
2026-03-07T18:21:50.158615+00:00,1772907710158.615,0.450684,-0.718262,0.299072,32.937500,31.671875,-32.250000,16541,20873,23549,17789,0.450000,-0.550000,0.300000,0.000000,1772907710151.406,0.443407,-0.715985,0.294598,0.000000,0.000000,0.000000,1.000000,position_only
2026-03-07T18:21:50.168405+00:00,1772907710168.405,0.460449,-0.729980,0.298584,33.593750,31.828125,-32.281250,16833,21440,23307,18783,0.450000,-0.550000,0.300000,0.000000,1772907710159.906,0.451747,-0.726323,0.294114,0.000000,0.000000,0.000000,1.000000,position_only
2026-03-07T18:21:50.178488+00:00,1772907710178.488,0.469238,-0.741699,0.298096,34.187500,31.828125,-32.187500,17690,21671,23334,19455,0.450000,-0.550000,0.300000,0.000000,1772907710177.227,0.467208,-0.747781,0.292402,0.000000,0.000000,0.000000,1.000000,position_only
2026-03-07T18:21:50.188457+00:00,1772907710188.457,0.477539,-0.753418,0.297119,34.687500,31.656250,-32.000000,19127,21182,23985,19799,0.450000,-0.550000,0.300000,0.000000,1772907710185.772,0.474404,-0.758955,0.291380,0.000000,0.000000,0.000000,1.000000,position_only
2026-03-07T18:21:50.198630+00:00,1772907710198.628,0.484863,-0.765625,0.295898,35.062500,31.343750,-31.656250,20055,21251,24180,20628,0.450000,-0.550000,0.300000,0.000000,1772907710194.342,0.481033,-0.770098,0.290112,0.000000,0.000000,0.000000,1.000000,position_only
2026-03-07T18:21:50.209587+00:00,1772907710209.587,0.492432,-0.778809,0.294189,35.312500,30.843750,-31.156250,20391,22137,23743,22036,0.450000,-0.550000,0.300000,0.000000,1772907710203.289,0.487504,-0.781560,0.288725,0.000000,0.000000,0.000000,1.000000,position_only
2026-03-07T18:21:50.218627+00:00,1772907710218.627,0.498535,-0.791992,0.291992,35.500000,30.250000,-30.578125,21357,22409,23934,22858,0.450000,-0.550000,0.300000,0.000000,1772907710211.901,0.493579,-0.793320,0.287010,0.000000,0.000000,0.000000,1.000000,position_only
2026-03-07T18:21:50.229061+00:00,1772907710229.061,0.504883,-0.806641,0.289795,35.562500,29.515625,-29.890625,22621,22599,24533,23159,0.450000,-0.550000,0.300000,0.000000,1772907710220.607,0.503980,-0.817316,0.283433,0.000000,0.000000,0.000000,1.000000,position_only
2026-03-07T18:21:50.239100+00:00,1772907710239.099,0.510254,-0.820801,0.287109,35.562500,28.750000,-29.156250,23940,22528,25275,23559,0.450000,-0.550000,0.300000,0.000000,1772907710237.811,0.512998,-0.842504,0.279141,0.000000,0.000000,0.000000,1.000000,position_only
2026-03-07T18:21:50.249057+00:00,1772907710249.057,0.515137,-0.835449,0.284424,35.437500,27.937500,-28.375000,23976,24015,24927,24757,0.450000,-0.550000,0.300000,0.000000,1772907710246.416,0.516888,-0.855488,0.276784,0.000000,0.000000,0.000000,1.000000,position_only
2026-03-07T18:21:50.259053+00:00,1772907710259.052,0.519531,-0.850586,0.281494,35.281250,27.125000,-27.625000,24512,24834,25150,25527,0.450000,-0.550000,0.300000,0.000000,1772907710255.020,0.520285,-0.868644,0.274405,0.000000,0.000000,0.000000,1.000000,position_only
2026-03-07T18:21:50.268966+00:00,1772907710268.965,0.522949,-0.866699,0.278076,35.062500,26.343750,-26.906250,25301,25371,25665,25924,0.450000,-0.550000,0.300000,0.000000,1772907710263.704,0.523291,-0.882196,0.271772,0.000000,0.000000,0.000000,1.000000,position_only
2026-03-07T18:21:50.278916+00:00,1772907710278.916,0.525879,-0.882812,0.274658,34.750000,25.578125,-26.218750,26448,25452,26636,26017,0.450000,-0.550000,0.300000,0.000000,1772907710272.309,0.525919,-0.895975,0.269183,0.000000,0.000000,0.000000,1.000000,position_only
2026-03-07T18:21:50.288091+00:00,1772907710288.091,0.528320,-0.899414,0.271240,34.343750,24.859375,-25.562500,27548,25706,27780,25756,0.450000,-0.550000,0.300000,0.000000,1772907710280.991,0.527997,-0.909926,0.266593,0.000000,0.000000,0.000000,1.000000,position_only
2026-03-07T18:21:50.299115+00:00,1772907710299.114,0.529785,-0.916016,0.267578,33.843750,24.234375,-24.984375,27434,26771,27657,27051,0.450000,-0.550000,0.300000,0.000000,1772907710298.329,0.531190,-0.939044,0.261026,0.000000,0.000000,0.000000,1.000000,position_only
2026-03-07T18:21:50.308615+00:00,1772907710308.615,0.531250,-0.933105,0.264160,33.187500,23.656250,-24.453125,27944,27442,28083,27416,0.450000,-0.550000,0.300000,0.000000,1772907710307.154,0.532224,-0.953991,0.258259,0.000000,0.000000,0.000000,1.000000,position_only
2026-03-07T18:21:50.319346+00:00,1772907710319.345,0.531738,-0.950684,0.260498,32.437500,23.125000,-24.000000,28975,27013,29417,27317,0.450000,-0.550000,0.300000,0.000000,1772907710315.982,0.532623,-0.969043,0.255615,0.000000,0.000000,0.000000,1.000000,position_only
2026-03-07T18:21:50.329007+00:00,1772907710329.007,0.531250,-0.968262,0.256836,31.468750,22.656250,-23.578125,29157,27690,29564,27982,0.450000,-0.550000,0.300000,0.000000,1772907710324.016,0.532898,-0.984682,0.252855,0.000000,0.000000,0.000000,1.000000,position_only
2026-03-07T18:21:50.337870+00:00,1772907710337.869,0.530762,-0.988281,0.252930,30.390625,22.234375,-23.140625,29458,27877,30127,28430,0.450000,-0.550000,0.300000,0.000000,1772907710332.598,0.532565,-1.000332,0.250313,0.000000,0.000000,0.000000,1.000000,position_only
2026-03-07T18:21:50.348108+00:00,1772907710348.107,0.529297,-1.007812,0.249390,29.109375,21.828125,-22.781250,28972,28812,29742,29673,0.450000,-0.550000,0.300000,0.000000,1772907710341.535,0.531907,-1.016334,0.247741,0.000000,0.000000,0.000000,1.000000,position_only
2026-03-07T18:21:50.358033+00:00,1772907710358.032,0.527832,-1.027344,0.245972,27.640625,21.453125,-22.484375,30509,27539,31561,28639,0.450000,-0.550000,0.300000,0.000000,1772907710350.106,0.530780,-1.032744,0.245304,0.000000,0.000000,0.000000,1.000000,position_only
2026-03-07T18:21:50.368311+00:00,1772907710368.311,0.525391,-1.046875,0.242676,25.968750,21.125000,-22.187500,30144,27984,31228,29677,0.450000,-0.550000,0.300000,0.000000,1772907710366.861,0.527660,-1.066141,0.240786,0.000000,0.000000,0.000000,1.000000,position_only
2026-03-07T18:21:50.378583+00:00,1772907710378.582,0.521973,-1.066406,0.239624,24.140625,20.796875,-21.937500,29773,28279,31124,30351,0.450000,-0.550000,0.300000,0.000000,1772907710375.443,0.525607,-1.083206,0.238712,0.000000,0.000000,0.000000,1.000000,position_only
2026-03-07T18:21:50.389049+00:00,1772907710389.047,0.518555,-1.085938,0.236816,22.156250,20.484375,-21.718750,29431,28356,30990,30935,0.450000,-0.550000,0.300000,0.000000,1772907710384.458,0.522897,-1.100256,0.236956,0.000000,0.000000,0.000000,1.000000,position_only
2026-03-07T18:21:50.399139+00:00,1772907710399.138,0.514648,-1.108398,0.234253,20.062500,20.203125,-21.453125,28872,28255,30454,32020,0.450000,-0.550000,0.300000,0.000000,1772907710393.150,0.519986,-1.117658,0.235308,0.000000,0.000000,0.000000,1.000000,position_only
2026-03-07T18:21:50.408814+00:00,1772907710408.813,0.510254,-1.129883,0.231934,17.781250,19.890625,-21.265625,29074,27542,30950,31632,0.450000,-0.550000,0.300000,0.000000,1772907710401.865,0.516769,-1.135369,0.233797,0.000000,0.000000,0.000000,1.000000,position_only
2026-03-07T18:21:50.419104+00:00,1772907710419.103,0.504883,-1.151367,0.229858,15.398438,19.593750,-21.093750,30676,24396,32767,29068,0.450000,-0.550000,0.300000,0.000000,1772907710410.490,0.513163,-1.153030,0.232482,0.000000,0.000000,0.000000,1.000000,position_only
2026-03-07T18:21:50.428653+00:00,1772907710428.652,0.499268,-1.172852,0.228394,12.820312,19.312500,-20.906250,29520,25311,32066,30449,0.450000,-0.550000,0.300000,0.000000,1772907710427.799,0.504896,-1.188713,0.230624,0.000000,0.000000,0.000000,1.000000,position_only
2026-03-07T18:21:50.439136+00:00,1772907710439.135,0.493164,-1.193359,0.227173,10.171875,19.062500,-20.781250,27797,26003,30426,31800,0.450000,-0.550000,0.300000,0.000000,1772907710436.436,0.500291,-1.206409,0.230103,0.000000,0.000000,0.000000,1.000000,position_only
2026-03-07T18:21:50.449638+00:00,1772907710449.638,0.486816,-1.214844,0.226440,7.449219,18.828125,-20.687500,27882,24940,30845,30756,0.450000,-0.550000,0.300000,0.000000,1772907710445.035,0.495259,-1.224433,0.229745,0.000000,0.000000,0.000000,1.000000,position_only
2026-03-07T18:21:50.459413+00:00,1772907710459.412,0.479736,-1.238281,0.226196,4.707031,18.656250,-20.500000,26898,24553,30050,31007,0.450000,-0.550000,0.300000,0.000000,1772907710453.771,0.484468,-1.259978,0.229821,0.000000,0.000000,0.000000,1.000000,position_only
2026-03-07T18:21:50.469080+00:00,1772907710469.079,0.471924,-1.261719,0.226196,1.905273,18.546875,-20.375000,26662,23650,29901,30172,0.450000,-0.550000,0.300000,0.000000,1772907710462.421,0.478550,-1.277637,0.230277,0.000000,0.000000,0.000000,1.000000,position_only
2026-03-07T18:21:50.478981+00:00,1772907710478.980,0.463867,-1.284180,0.226685,-0.913574,18.500000,-20.265625,25698,23296,29240,29782,0.450000,-0.550000,0.300000,0.000000,1772907710471.070,0.472244,-1.295186,0.230886,0.000000,0.000000,0.000000,1.000000,position_only
2026-03-07T18:21:50.489522+00:00,1772907710489.522,0.455322,-1.305664,0.227661,-3.740234,18.515625,-20.171875,25405,22261,29067,28749,0.450000,-0.550000,0.300000,0.000000,1772907710488.317,0.459216,-1.329659,0.232935,0.000000,0.000000,0.000000,1.000000,position_only
2026-03-07T18:21:50.498300+00:00,1772907710498.299,0.446777,-1.327148,0.229004,-6.566406,18.625000,-20.062500,22903,23113,26545,30303,0.450000,-0.550000,0.300000,0.000000,1772907710496.892,0.452189,-1.346676,0.234129,0.000000,0.000000,0.000000,1.000000,position_only
2026-03-07T18:21:50.510181+00:00,1772907710510.180,0.437744,-1.348633,0.230591,-9.367188,18.750000,-19.984375,23966,20926,27884,27408,0.450000,-0.550000,0.300000,0.000000,1772907710505.468,0.444994,-1.363371,0.235736,0.000000,0.000000,0.000000,1.000000,position_only
2026-03-07T18:21:50.519208+00:00,1772907710519.208,0.428711,-1.371094,0.233032,-12.093750,18.937500,-19.812500,23693,19707,27613,26471,0.450000,-0.550000,0.300000,0.000000,1772907710514.217,0.437567,-1.379813,0.237295,0.000000,0.000000,0.000000,1.000000,position_only
2026-03-07T18:21:50.528886+00:00,1772907710528.886,0.418701,-1.391602,0.235352,-14.789062,19.218750,-19.625000,22175,19766,26121,26725,0.450000,-0.550000,0.300000,0.000000,1772907710523.036,0.429746,-1.395769,0.239090,0.000000,0.000000,0.000000,1.000000,position_only
2026-03-07T18:21:50.539435+00:00,1772907710539.434,0.408936,-1.412109,0.238037,-17.453125,19.515625,-19.437500,20223,20486,24044,27402,0.450000,-0.550000,0.300000,0.000000,1772907710531.601,0.421676,-1.411474,0.241211,0.000000,0.000000,0.000000,1.000000,position_only
2026-03-07T18:21:50.549516+00:00,1772907710549.515,0.398926,-1.430664,0.240967,-19.968750,19.875000,-19.265625,21108,18473,24774,25304,0.450000,-0.550000,0.300000,0.000000,1772907710548.822,0.405184,-1.441011,0.245776,0.000000,0.000000,0.000000,1.000000,position_only
2026-03-07T18:21:50.559307+00:00,1772907710559.306,0.388672,-1.449219,0.243896,-22.390625,20.265625,-19.031250,20889,17530,24480,24442,0.450000,-0.550000,0.300000,0.000000,1772907710557.750,0.396513,-1.455889,0.247858,0.000000,0.000000,0.000000,1.000000,position_only
2026-03-07T18:21:50.569027+00:00,1772907710569.027,0.378662,-1.466797,0.247070,-24.687500,20.671875,-18.750000,19344,18017,22754,25131,0.450000,-0.550000,0.300000,0.000000,1772907710566.456,0.387659,-1.469998,0.250143,0.000000,0.000000,0.000000,1.000000,position_only
2026-03-07T18:21:50.578873+00:00,1772907710578.873,0.368408,-1.483398,0.250244,-26.875000,21.093750,-18.468750,18791,17720,22113,24808,0.450000,-0.550000,0.300000,0.000000,1772907710575.064,0.378820,-1.483690,0.252352,0.000000,0.000000,0.000000,1.000000,position_only
2026-03-07T18:21:50.589313+00:00,1772907710589.312,0.358887,-1.499023,0.253418,-28.906250,21.515625,-18.187500,19875,15886,23006,23098,0.450000,-0.550000,0.300000,0.000000,1772907710583.657,0.369675,-1.497095,0.254604,0.000000,0.000000,0.000000,1.000000,position_only
2026-03-07T18:21:50.598986+00:00,1772907710598.985,0.347900,-1.514648,0.256592,-30.781250,21.968750,-17.812500,19653,15335,22776,22710,0.450000,-0.550000,0.300000,0.000000,1772907710592.365,0.360292,-1.509919,0.256900,0.000000,0.000000,0.000000,1.000000,position_only
2026-03-07T18:21:50.608381+00:00,1772907710608.380,0.336914,-1.530273,0.259521,-32.500000,22.421875,-17.390625,18359,15931,21407,23636,0.450000,-0.550000,0.300000,0.000000,1772907710601.150,0.350856,-1.522473,0.258856,0.000000,0.000000,0.000000,1.000000,position_only
2026-03-07T18:21:50.619139+00:00,1772907710619.138,0.325684,-1.543945,0.262451,-34.093750,22.859375,-16.984375,17792,16009,20719,23961,0.450000,-0.550000,0.300000,0.000000,1772907710618.254,0.331197,-1.545745,0.263244,0.000000,0.000000,0.000000,1.000000,position_only
2026-03-07T18:21:50.629624+00:00,1772907710629.624,0.314697,-1.557617,0.265381,-35.531250,23.296875,-16.593750,18915,14763,21388,22872,0.450000,-0.550000,0.300000,0.000000,1772907710626.798,0.321126,-1.556726,0.265070,0.000000,0.000000,0.000000,1.000000,position_only
2026-03-07T18:21:50.639653+00:00,1772907710639.653,0.303711,-1.569336,0.267822,-36.812500,23.687500,-16.203125,19369,14279,21522,22479,0.450000,-0.550000,0.300000,0.000000,1772907710635.511,0.311113,-1.567492,0.266884,0.000000,0.000000,0.000000,1.000000,position_only
2026-03-07T18:21:50.649555+00:00,1772907710649.555,0.292969,-1.581055,0.270020,-37.937500,24.015625,-15.812500,19148,14686,20845,22963,0.450000,-0.550000,0.300000,0.000000,1772907710644.051,0.300712,-1.577281,0.268522,0.000000,0.000000,0.000000,1.000000,position_only
2026-03-07T18:21:50.658622+00:00,1772907710658.622,0.281006,-1.592773,0.272217,-38.812500,24.343750,-15.414062,18197,15905,19578,24184,0.450000,-0.550000,0.300000,0.000000,1772907710652.597,0.290386,-1.587511,0.269875,0.000000,0.000000,0.000000,1.000000,position_only
2026-03-07T18:21:50.669207+00:00,1772907710669.206,0.269043,-1.603516,0.274170,-39.562500,24.656250,-15.046875,19619,14984,20819,22916,0.450000,-0.550000,0.300000,0.000000,1772907710661.264,0.279708,-1.596211,0.271463,0.000000,0.000000,0.000000,1.000000,position_only
2026-03-07T18:21:50.679798+00:00,1772907710679.798,0.257080,-1.613281,0.275635,-40.125000,24.968750,-14.664062,20361,14955,21384,22338,0.450000,-0.550000,0.300000,0.000000,1772907710678.654,0.246938,-1.621324,0.274333,0.000000,0.000000,0.000000,1.000000,position_only
2026-03-07T18:21:50.688956+00:00,1772907710688.956,0.244385,-1.623047,0.277100,-40.500000,25.281250,-14.242188,20210,15875,21074,22745,0.450000,-0.550000,0.300000,0.000000,1772907710687.234,0.235640,-1.628690,0.275097,0.000000,0.000000,0.000000,1.000000,position_only
2026-03-07T18:21:50.699206+00:00,1772907710699.205,0.231689,-1.631836,0.278076,-40.718750,25.609375,-13.796875,20019,17055,20673,23218,0.450000,-0.550000,0.300000,0.000000,1772907710695.867,0.224243,-1.635685,0.275575,0.000000,0.000000,0.000000,1.000000,position_only
2026-03-07T18:21:50.709284+00:00,1772907710709.284,0.218384,-1.639648,0.278564,-40.781250,25.968750,-13.351562,21090,17040,21588,22436,0.450000,-0.550000,0.300000,0.000000,1772907710704.437,0.212552,-1.641869,0.275917,0.000000,0.000000,0.000000,1.000000,position_only
2026-03-07T18:21:50.719256+00:00,1772907710719.256,0.204712,-1.647461,0.279053,-40.718750,26.359375,-12.867188,21827,17459,22340,21896,0.450000,-0.550000,0.300000,0.000000,1772907710712.974,0.200736,-1.647964,0.275959,0.000000,0.000000,0.000000,1.000000,position_only
2026-03-07T18:21:50.729808+00:00,1772907710729.807,0.191040,-1.654297,0.279053,-40.500000,26.750000,-12.351562,21365,19016,21888,22770,0.450000,-0.550000,0.300000,0.000000,1772907710721.601,0.188691,-1.653223,0.275937,0.000000,0.000000,0.000000,1.000000,position_only
2026-03-07T18:21:50.739657+00:00,1772907710739.657,0.177124,-1.660156,0.278809,-40.156250,27.140625,-11.851562,21902,19836,22246,22662,0.450000,-0.550000,0.300000,0.000000,1772907710738.709,0.176556,-1.658344,0.275744,0.000000,0.000000,0.000000,1.000000,position_only
2026-03-07T18:21:50.748689+00:00,1772907710748.689,0.163940,-1.665039,0.278564,-39.718750,27.515625,-11.406250,23107,19913,23310,22014,0.450000,-0.550000,0.300000,0.000000,1772907710747.427,0.151540,-1.667109,0.274632,0.000000,0.000000,0.000000,1.000000,position_only
2026-03-07T18:21:50.758629+00:00,1772907710758.629,0.149902,-1.668945,0.277832,-39.156250,27.859375,-10.945312,22949,21397,23096,22689,0.450000,-0.550000,0.300000,0.000000,1772907710755.963,0.138779,-1.670616,0.273884,0.000000,0.000000,0.000000,1.000000,position_only
2026-03-07T18:21:50.770663+00:00,1772907710770.662,0.135620,-1.672852,0.276855,-38.468750,28.187500,-10.539062,23291,22271,23313,23041,0.450000,-0.550000,0.300000,0.000000,1772907710764.581,0.125720,-1.673838,0.272924,0.000000,0.000000,0.000000,1.000000,position_only
2026-03-07T18:21:50.779778+00:00,1772907710779.778,0.119812,-1.676758,0.275146,-37.718750,28.468750,-10.164062,24506,22424,24304,22567,0.450000,-0.550000,0.300000,0.000000,1772907710773.083,0.112454,-1.676619,0.271894,0.000000,0.000000,0.000000,1.000000,position_only
2026-03-07T18:21:50.789870+00:00,1772907710789.870,0.104370,-1.678711,0.273682,-36.875000,28.656250,-9.875000,25042,22909,24967,22804,0.450000,-0.550000,0.300000,0.000000,1772907710781.948,0.099003,-1.679056,0.270617,0.000000,0.000000,0.000000,1.000000,position_only
2026-03-07T18:21:50.800014+00:00,1772907710800.013,0.088745,-1.680664,0.271973,-36.000000,28.750000,-9.671875,25237,23915,25008,23469,0.450000,-0.550000,0.300000,0.000000,1772907710799.162,0.071404,-1.682274,0.267793,0.000000,0.000000,0.000000,1.000000,position_only
2026-03-07T18:21:50.809205+00:00,1772907710809.205,0.072998,-1.681641,0.270020,-35.093750,28.734375,-9.578125,25920,24260,25749,23577,0.450000,-0.550000,0.300000,0.000000,1772907710808.014,0.057084,-1.683164,0.266197,0.000000,0.000000,0.000000,1.000000,position_only
2026-03-07T18:21:50.819332+00:00,1772907710819.331,0.056946,-1.681641,0.268066,-34.125000,28.593750,-9.578125,26802,24279,26282,23999,0.450000,-0.550000,0.300000,0.000000,1772907710816.656,0.042854,-1.683622,0.264522,0.000000,0.000000,0.000000,1.000000,position_only
2026-03-07T18:21:50.831031+00:00,1772907710831.031,0.040741,-1.681641,0.265869,-33.187500,28.265625,-9.703125,27010,24941,26215,24991,0.450000,-0.550000,0.300000,0.000000,1772907710825.266,0.028150,-1.683247,0.263059,0.000000,0.000000,0.000000,1.000000,position_only
2026-03-07T18:21:50.838912+00:00,1772907710838.912,0.022583,-1.680664,0.263428,-32.250000,27.765625,-9.914062,26974,25901,25709,26275,0.450000,-0.550000,0.300000,0.000000,1772907710833.889,0.013379,-1.683427,0.261036,0.000000,0.000000,0.000000,1.000000,position_only
2026-03-07T18:21:50.849796+00:00,1772907710849.796,0.005009,-1.679688,0.260986,-31.281250,27.078125,-10.296875,28092,25511,26555,26296,0.450000,-0.550000,0.300000,0.000000,1772907710842.685,-0.001668,-1.682544,0.259355,0.000000,0.000000,0.000000,1.000000,position_only
2026-03-07T18:21:50.859956+00:00,1772907710859.955,-0.012772,-1.677734,0.258301,-30.328125,26.171875,-10.796875,29544,24905,27487,25986,0.450000,-0.550000,0.300000,0.000000,1772907710859.778,-0.032533,-1.679527,0.255615,0.000000,0.000000,0.000000,1.000000,position_only
2026-03-07T18:21:50.870049+00:00,1772907710870.048,-0.030746,-1.674805,0.255859,-29.390625,25.078125,-11.367188,29176,25871,26726,27452,0.450000,-0.550000,0.300000,0.000000,1772907710868.355,-0.048275,-1.677524,0.253769,0.000000,0.000000,0.000000,1.000000,position_only
2026-03-07T18:21:50.879863+00:00,1772907710879.863,-0.048889,-1.670898,0.253418,-28.484375,23.796875,-12.031250,29963,25855,26936,27549,0.450000,-0.550000,0.300000,0.000000,1772907710877.047,-0.064067,-1.674875,0.251901,0.000000,0.000000,0.000000,1.000000,position_only
2026-03-07T18:21:50.890458+00:00,1772907710890.457,-0.067139,-1.666992,0.250977,-27.593750,22.328125,-12.789062,30794,25520,27129,27694,0.450000,-0.550000,0.300000,0.000000,1772907710885.673,-0.080163,-1.672236,0.250079,0.000000,0.000000,0.000000,1.000000,position_only
2026-03-07T18:21:50.900619+00:00,1772907710900.617,-0.087463,-1.663086,0.248657,-26.734375,20.718750,-13.531250,31654,25264,27140,27712,0.450000,-0.550000,0.300000,0.000000,1772907710894.251,-0.096386,-1.668786,0.248445,0.000000,0.000000,0.000000,1.000000,position_only
2026-03-07T18:21:50.910052+00:00,1772907710910.051,-0.106995,-1.657227,0.246338,-25.906250,18.921875,-14.359375,32759,24604,27500,27273,0.450000,-0.550000,0.300000,0.000000,1772907710902.912,-0.112897,-1.665013,0.246806,0.000000,0.000000,0.000000,1.000000,position_only
2026-03-07T18:21:50.919092+00:00,1772907710919.092,-0.126587,-1.651367,0.244263,-25.093750,16.968750,-15.195312,32488,25488,26326,27940,0.450000,-0.550000,0.300000,0.000000,1772907710911.496,-0.129454,-1.660830,0.245302,0.000000,0.000000,0.000000,1.000000,position_only
2026-03-07T18:21:50.929779+00:00,1772907710929.778,-0.146240,-1.645508,0.242432,-24.265625,14.898438,-16.078125,32334,25938,25173,28638,0.450000,-0.550000,0.300000,0.000000,1772907710928.680,-0.179904,-1.646189,0.241952,0.000000,0.000000,0.000000,1.000000,position_only
2026-03-07T18:21:50.940378+00:00,1772907710940.378,-0.166992,-1.638672,0.240845,-23.437500,12.726562,-16.937500,31909,26711,23297,29711,0.450000,-0.550000,0.300000,0.000000,1772907710937.353,-0.179904,-1.646189,0.241952,0.000000,0.000000,0.000000,1.000000,position_only
2026-03-07T18:21:50.950820+00:00,1772907710950.820,-0.186401,-1.630859,0.239502,-22.562500,10.359375,-17.906250,32211,26690,22893,28988,0.450000,-0.550000,0.300000,0.000000,1772907710945.991,-0.213717,-1.634939,0.240438,0.000000,0.000000,0.000000,1.000000,position_only
2026-03-07T18:21:50.959811+00:00,1772907710959.811,-0.209839,-1.623047,0.238525,-21.703125,7.957031,-18.718750,32767,25075,23306,26869,0.450000,-0.550000,0.300000,0.000000,1772907710954.737,-0.230746,-1.628778,0.239962,0.000000,0.000000,0.000000,1.000000,position_only
2026-03-07T18:21:50.969798+00:00,1772907710969.797,-0.231201,-1.614258,0.237793,-20.843750,5.550781,-19.515625,32676,25943,22689,27137,0.450000,-0.550000,0.300000,0.000000,1772907710963.336,-0.247690,-1.622207,0.239807,0.000000,0.000000,0.000000,1.000000,position_only
2026-03-07T18:21:50.979719+00:00,1772907710979.719,-0.252441,-1.605469,0.237427,-20.031250,3.119141,-20.296875,32413,25772,22163,26719,0.450000,-0.550000,0.300000,0.000000,1772907710971.829,-0.264443,-1.615582,0.239714,0.000000,0.000000,0.000000,1.000000,position_only
2026-03-07T18:21:50.990253+00:00,1772907710990.252,-0.273193,-1.595703,0.237427,-19.281250,0.678711,-21.078125,32002,25334,21977,26069,0.450000,-0.550000,0.300000,0.000000,1772907710989.158,-0.297874,-1.600798,0.240378,0.000000,0.000000,0.000000,1.000000,position_only
2026-03-07T18:21:50.999411+00:00,1772907710999.410,-0.293457,-1.585938,0.237793,-18.671875,-1.727539,-21.796875,31214,25218,21075,26008,0.450000,-0.550000,0.300000,0.000000,1772907710997.985,-0.314455,-1.592945,0.241004,0.000000,0.000000,0.000000,1.000000,position_only
2026-03-07T18:21:51.010138+00:00,1772907711010.137,-0.313477,-1.576172,0.238525,-18.187500,-4.128906,-22.500000,31122,24110,21343,24921,0.450000,-0.550000,0.300000,0.000000,1772907711006.915,-0.330688,-1.585248,0.241677,0.000000,0.000000,0.000000,1.000000,position_only
2026-03-07T18:21:51.019848+00:00,1772907711019.848,-0.333008,-1.565430,0.239502,-17.859375,-6.511719,-23.187500,29887,23958,20233,25321,0.450000,-0.550000,0.300000,0.000000,1772907711015.630,-0.346742,-1.577388,0.242715,0.000000,0.000000,0.000000,1.000000,position_only
2026-03-07T18:21:51.030874+00:00,1772907711030.874,-0.354004,-1.555664,0.240967,-17.703125,-8.843750,-23.796875,28987,23292,19709,25256,0.450000,-0.550000,0.300000,0.000000,1772907711024.185,-0.362546,-1.568639,0.243935,0.000000,0.000000,0.000000,1.000000,position_only
2026-03-07T18:21:51.039889+00:00,1772907711039.889,-0.373535,-1.544922,0.242676,-17.796875,-11.171875,-24.453125,27975,22666,18915,25513,0.450000,-0.550000,0.300000,0.000000,1772907711032.765,-0.378088,-1.560578,0.245061,0.000000,0.000000,0.000000,1.000000,position_only
2026-03-07T18:21:51.049631+00:00,1772907711049.631,-0.392334,-1.533203,0.244507,-18.125000,-13.492188,-25.156250,28147,21075,19456,24241,0.450000,-0.550000,0.300000,0.000000,1772907711041.483,-0.393320,-1.551613,0.246523,0.000000,0.000000,0.000000,1.000000,position_only
2026-03-07T18:21:51.059850+00:00,1772907711059.850,-0.410645,-1.522461,0.246582,-18.625000,-15.742188,-25.812500,27578,20117,19006,24102,0.450000,-0.550000,0.300000,0.000000,1772907711058.650,-0.422789,-1.533246,0.249699,0.000000,0.000000,0.000000,1.000000,position_only
2026-03-07T18:21:51.070793+00:00,1772907711070.792,-0.427979,-1.511719,0.248779,-19.328125,-17.984375,-26.531250,25946,20339,17385,25116,0.450000,-0.550000,0.300000,0.000000,1772907711067.257,-0.436957,-1.523992,0.251499,0.000000,0.000000,0.000000,1.000000,position_only
2026-03-07T18:21:51.081632+00:00,1772907711081.632,-0.444824,-1.500000,0.251221,-20.218750,-20.171875,-27.296875,25700,19412,17124,24663,0.450000,-0.550000,0.300000,0.000000,1772907711075.993,-0.450716,-1.514301,0.253367,0.000000,0.000000,0.000000,1.000000,position_only
2026-03-07T18:21:51.090357+00:00,1772907711090.357,-0.462158,-1.489258,0.253906,-21.218750,-22.265625,-28.046875,26241,17936,17404,23551,0.450000,-0.550000,0.300000,0.000000,1772907711084.602,-0.464095,-1.504759,0.255133,0.000000,0.000000,0.000000,1.000000,position_only
2026-03-07T18:21:51.100464+00:00,1772907711100.463,-0.478516,-1.477539,0.256592,-22.328125,-24.265625,-28.812500,25465,17979,16472,23630,0.450000,-0.550000,0.300000,0.000000,1772907711093.265,-0.477027,-1.494382,0.257214,0.000000,0.000000,0.000000,1.000000,position_only
2026-03-07T18:21:51.109621+00:00,1772907711109.621,-0.493652,-1.465820,0.259277,-23.468750,-26.125000,-29.593750,24626,18262,15298,24005,0.450000,-0.550000,0.300000,0.000000,1772907711101.535,-0.489615,-1.484225,0.259154,0.000000,0.000000,0.000000,1.000000,position_only
2026-03-07T18:21:51.120125+00:00,1772907711120.124,-0.508301,-1.454102,0.261719,-24.656250,-27.859375,-30.390625,24248,18243,14632,23963,0.450000,-0.550000,0.300000,0.000000,1772907711118.981,-0.513193,-1.463930,0.262844,0.000000,0.000000,0.000000,1.000000,position_only
2026-03-07T18:21:51.130681+00:00,1772907711130.680,-0.521973,-1.441406,0.264160,-25.828125,-29.468750,-31.203125,24801,17561,14761,23094,0.450000,-0.550000,0.300000,0.000000,1772907711127.736,-0.524422,-1.453415,0.264603,0.000000,0.000000,0.000000,1.000000,position_only
2026-03-07T18:21:51.139798+00:00,1772907711139.797,-0.534668,-1.429688,0.266602,-26.968750,-30.937500,-31.968750,24494,17814,14255,23052,0.450000,-0.550000,0.300000,0.000000,1772907711136.533,-0.535032,-1.442819,0.266291,0.000000,0.000000,0.000000,1.000000,position_only
2026-03-07T18:21:51.150407+00:00,1772907711150.406,-0.546875,-1.417969,0.268799,-28.031250,-32.250000,-32.687500,25266,17280,15053,21694,0.450000,-0.550000,0.300000,0.000000,1772907711145.500,-0.555157,-1.421476,0.269458,0.000000,0.000000,0.000000,1.000000,position_only
2026-03-07T18:21:51.160089+00:00,1772907711160.088,-0.559082,-1.405273,0.270996,-28.984375,-33.312500,-33.281250,24398,18172,14090,22515,0.450000,-0.550000,0.300000,0.000000,1772907711154.068,-0.555157,-1.421476,0.269458,0.000000,0.000000,0.000000,1.000000,position_only
2026-03-07T18:21:51.170009+00:00,1772907711170.009,-0.570801,-1.392578,0.272949,-29.875000,-34.218750,-33.781250,24696,18227,14582,21824,0.450000,-0.550000,0.300000,0.000000,1772907711162.809,-0.573136,-1.399293,0.272254,0.000000,0.000000,0.000000,1.000000,position_only
2026-03-07T18:21:51.180147+00:00,1772907711180.146,-0.581543,-1.378906,0.274658,-30.625000,-34.906250,-34.187500,24566,18502,15080,21523,0.450000,-0.550000,0.300000,0.000000,1772907711179.975,-0.589416,-1.376657,0.274441,0.000000,0.000000,0.000000,1.000000,position_only
2026-03-07T18:21:51.189858+00:00,1772907711189.858,-0.591309,-1.365234,0.276123,-31.281250,-35.375000,-34.437500,24640,18809,15672,21138,0.450000,-0.550000,0.300000,0.000000,1772907711188.534,-0.589416,-1.376657,0.274441,0.000000,0.000000,0.000000,1.000000,position_only
2026-03-07T18:21:51.200019+00:00,1772907711200.018,-0.599609,-1.352539,0.277344,-31.796875,-35.625000,-34.531250,24194,19573,16184,21121,0.450000,-0.550000,0.300000,0.000000,1772907711197.237,-0.603846,-1.353337,0.276090,0.000000,0.000000,0.000000,1.000000,position_only
2026-03-07T18:21:51.210332+00:00,1772907711210.331,-0.607910,-1.339844,0.278076,-32.187500,-35.656250,-34.468750,24054,20090,16980,20919,0.450000,-0.550000,0.300000,0.000000,1772907711206.094,-0.610300,-1.341420,0.276649,0.000000,0.000000,0.000000,1.000000,position_only
2026-03-07T18:21:51.220803+00:00,1772907711220.802,-0.615723,-1.325195,0.278809,-32.468750,-35.468750,-34.218750,24375,20103,18528,20209,0.450000,-0.550000,0.300000,0.000000,1772907711214.715,-0.616313,-1.329541,0.276987,0.000000,0.000000,0.000000,1.000000,position_only
2026-03-07T18:21:51.230621+00:00,1772907711230.620,-0.623047,-1.311523,0.279053,-32.656250,-35.062500,-33.812500,23229,21522,18467,21315,0.450000,-0.550000,0.300000,0.000000,1772907711223.285,-0.621881,-1.317164,0.277397,0.000000,0.000000,0.000000,1.000000,position_only
2026-03-07T18:21:51.239840+00:00,1772907711239.840,-0.628906,-1.296875,0.279297,-32.750000,-34.500000,-33.250000,22908,22139,19505,21417,0.450000,-0.550000,0.300000,0.000000,1772907711232.033,-0.627054,-1.304694,0.277364,0.000000,0.000000,0.000000,1.000000,position_only
2026-03-07T18:21:51.250303+00:00,1772907711250.303,-0.634277,-1.283203,0.279053,-32.812500,-33.781250,-32.625000,23259,22018,21041,21176,0.450000,-0.550000,0.300000,0.000000,1772907711249.186,-0.635954,-1.279316,0.277191,0.000000,0.000000,0.000000,1.000000,position_only
2026-03-07T18:21:51.260785+00:00,1772907711260.785,-0.639160,-1.268555,0.278564,-32.812500,-32.937500,-31.875000,23018,22601,21930,21527,0.450000,-0.550000,0.300000,0.000000,1772907711257.859,-0.639744,-1.266295,0.276831,0.000000,0.000000,0.000000,1.000000,position_only
2026-03-07T18:21:51.271533+00:00,1772907711271.532,-0.643066,-1.253906,0.277832,-32.781250,-32.031250,-31.078125,22793,23152,22512,22236,0.450000,-0.550000,0.300000,0.000000,1772907711266.429,-0.643056,-1.253207,0.276210,0.000000,0.000000,0.000000,1.000000,position_only
2026-03-07T18:21:51.279830+00:00,1772907711279.829,-0.646484,-1.238281,0.276855,-32.750000,-31.046875,-30.250000,23418,23169,23677,22075,0.450000,-0.550000,0.300000,0.000000,1772907711275.111,-0.645885,-1.239907,0.275621,0.000000,0.000000,0.000000,1.000000,position_only
2026-03-07T18:21:51.290422+00:00,1772907711290.422,-0.649414,-1.222656,0.275879,-32.625000,-30.062500,-29.421875,23899,23133,24654,22310,0.450000,-0.550000,0.300000,0.000000,1772907711283.657,-0.648369,-1.226227,0.274893,0.000000,0.000000,0.000000,1.000000,position_only
2026-03-07T18:21:51.301035+00:00,1772907711301.034,-0.651367,-1.207031,0.274414,-32.468750,-29.109375,-28.609375,23378,24619,24141,23503,0.450000,-0.550000,0.300000,0.000000,1772907711292.423,-0.650195,-1.212291,0.274130,0.000000,0.000000,0.000000,1.000000,position_only
2026-03-07T18:21:51.310874+00:00,1772907711310.874,-0.652832,-1.191406,0.273193,-32.156250,-28.187500,-27.859375,24049,24546,24730,23894,0.450000,-0.550000,0.300000,0.000000,1772907711309.597,-0.652895,-1.184464,0.272100,0.000000,0.000000,0.000000,1.000000,position_only
2026-03-07T18:21:51.321418+00:00,1772907711321.418,-0.653320,-1.174805,0.271484,-31.734375,-27.359375,-27.203125,24744,25039,24916,24029,0.450000,-0.550000,0.300000,0.000000,1772907711318.264,-0.653693,-1.170098,0.270798,0.000000,0.000000,0.000000,1.000000,position_only
2026-03-07T18:21:51.331621+00:00,1772907711331.620,-0.653320,-1.159180,0.269775,-31.140625,-26.609375,-26.609375,25802,24857,25629,23862,0.450000,-0.550000,0.300000,0.000000,1772907711326.816,-0.653942,-1.155566,0.269512,0.000000,0.000000,0.000000,1.000000,position_only
2026-03-07T18:21:51.340650+00:00,1772907711340.649,-0.652832,-1.142578,0.268066,-30.359375,-25.953125,-26.078125,26033,25634,25256,24494,0.450000,-0.550000,0.300000,0.000000,1772907711335.600,-0.653780,-1.140748,0.268146,0.000000,0.000000,0.000000,1.000000,position_only
2026-03-07T18:21:51.351233+00:00,1772907711351.233,-0.651855,-1.125000,0.266357,-29.453125,-25.390625,-25.625000,26933,25663,25650,24381,0.450000,-0.550000,0.300000,0.000000,1772907711344.121,-0.653214,-1.125683,0.266865,0.000000,0.000000,0.000000,1.000000,position_only
2026-03-07T18:21:51.361118+00:00,1772907711361.117,-0.650391,-1.107422,0.264404,-28.359375,-24.906250,-25.250000,28050,25470,26301,23895,0.450000,-0.550000,0.300000,0.000000,1772907711352.785,-0.652250,-1.110481,0.265401,0.000000,0.000000,0.000000,1.000000,position_only
2026-03-07T18:21:51.371142+00:00,1772907711371.141,-0.647949,-1.089844,0.262451,-27.093750,-24.515625,-24.921875,27534,26596,25485,25054,0.450000,-0.550000,0.300000,0.000000,1772907711370.013,-0.649238,-1.079717,0.262562,0.000000,0.000000,0.000000,1.000000,position_only
2026-03-07T18:21:51.381502+00:00,1772907711381.502,-0.645020,-1.071289,0.260742,-25.687500,-24.187500,-24.656250,28037,26834,25818,24777,0.450000,-0.550000,0.300000,0.000000,1772907711378.841,-0.644557,-1.048080,0.259735,0.000000,0.000000,0.000000,1.000000,position_only
2026-03-07T18:21:51.391383+00:00,1772907711391.382,-0.641602,-1.052734,0.258789,-24.171875,-23.875000,-24.406250,28460,27006,25891,24762,0.450000,-0.550000,0.300000,0.000000,1772907711387.466,-0.641605,-1.031995,0.258542,0.000000,0.000000,0.000000,1.000000,position_only
2026-03-07T18:21:51.401883+00:00,1772907711401.882,-0.637695,-1.033203,0.257080,-22.515625,-23.609375,-24.187500,29079,26940,26567,24132,0.450000,-0.550000,0.300000,0.000000,1772907711396.112,-0.638126,-1.015603,0.257377,0.000000,0.000000,0.000000,1.000000,position_only
2026-03-07T18:21:51.411607+00:00,1772907711411.606,-0.632812,-1.012695,0.255371,-20.750000,-23.343750,-23.953125,28778,27720,26067,24284,0.450000,-0.550000,0.300000,0.000000,1772907711405.025,-0.634534,-0.999119,0.256268,0.000000,0.000000,0.000000,1.000000,position_only
2026-03-07T18:21:51.421244+00:00,1772907711421.244,-0.627441,-0.992676,0.253906,-18.859375,-23.078125,-23.734375,28434,28356,25671,24474,0.450000,-0.550000,0.300000,0.000000,1772907711413.529,-0.630434,-0.982611,0.255221,0.000000,0.000000,0.000000,1.000000,position_only
2026-03-07T18:21:51.430429+00:00,1772907711430.428,-0.621582,-0.972168,0.252441,-16.875000,-22.812500,-23.562500,29154,27920,26169,23585,0.450000,-0.550000,0.300000,0.000000,1772907711422.021,-0.625948,-0.965972,0.254334,0.000000,0.000000,0.000000,1.000000,position_only
2026-03-07T18:21:51.441061+00:00,1772907711441.061,-0.615234,-0.952148,0.251221,-14.796875,-22.578125,-23.390625,29029,28232,26002,23228,0.450000,-0.550000,0.300000,0.000000,1772907711439.436,-0.615978,-0.932525,0.252839,0.000000,0.000000,0.000000,1.000000,position_only
2026-03-07T18:21:51.450782+00:00,1772907711450.781,-0.608398,-0.931641,0.250244,-12.593750,-22.328125,-23.218750,28364,28829,25324,23433,0.450000,-0.550000,0.300000,0.000000,1772907711448.086,-0.610543,-0.915730,0.252219,0.000000,0.000000,0.000000,1.000000,position_only
2026-03-07T18:21:51.464216+00:00,1772907711464.215,-0.601074,-0.911621,0.249390,-10.304688,-22.062500,-23.078125,28326,28823,25359,22706,0.450000,-0.550000,0.300000,0.000000,1772907711456.927,-0.604786,-0.899012,0.251839,0.000000,0.000000,0.000000,1.000000,position_only
2026-03-07T18:21:51.471737+00:00,1772907711471.736,-0.594238,-0.891602,0.249023,-7.964844,-21.781250,-22.953125,28315,28370,25484,22094,0.450000,-0.550000,0.300000,0.000000,1772907711465.537,-0.598588,-0.882180,0.251614,0.000000,0.000000,0.000000,1.000000,position_only
2026-03-07T18:21:51.480628+00:00,1772907711480.628,-0.585449,-0.870605,0.248657,-5.582031,-21.531250,-22.828125,27207,29147,24208,22555,0.450000,-0.550000,0.300000,0.000000,1772907711474.120,-0.592160,-0.865566,0.251520,0.000000,0.000000,0.000000,1.000000,position_only
2026-03-07T18:21:51.491102+00:00,1772907711491.102,-0.576660,-0.850098,0.248657,-3.171875,-21.296875,-22.718750,27092,28644,24284,21808,0.450000,-0.550000,0.300000,0.000000,1772907711482.903,-0.585415,-0.848806,0.251667,0.000000,0.000000,0.000000,1.000000,position_only
2026-03-07T18:21:51.501431+00:00,1772907711501.430,-0.567383,-0.830078,0.248901,-0.751465,-21.093750,-22.640625,27052,27979,24373,20988,0.450000,-0.550000,0.300000,0.000000,1772907711500.089,-0.570964,-0.815957,0.252285,0.000000,0.000000,0.000000,1.000000,position_only
2026-03-07T18:21:51.511232+00:00,1772907711511.231,-0.558105,-0.810547,0.249390,1.653320,-20.937500,-22.578125,26538,27837,23963,20499,0.450000,-0.550000,0.300000,0.000000,1772907711508.659,-0.563260,-0.799738,0.252778,0.000000,0.000000,0.000000,1.000000,position_only
2026-03-07T18:21:51.522792+00:00,1772907711522.791,-0.548340,-0.791504,0.250000,4.066406,-20.796875,-22.500000,25281,28334,22627,20831,0.450000,-0.550000,0.300000,0.000000,1772907711517.301,-0.555414,-0.783630,0.253419,0.000000,0.000000,0.000000,1.000000,position_only
2026-03-07T18:21:51.531801+00:00,1772907711531.800,-0.538574,-0.772461,0.250977,6.480469,-20.687500,-22.453125,25523,27454,22913,19687,0.450000,-0.550000,0.300000,0.000000,1772907711525.948,-0.547239,-0.767701,0.254256,0.000000,0.000000,0.000000,1.000000,position_only
2026-03-07T18:21:51.541788+00:00,1772907711541.787,-0.528320,-0.752930,0.252441,8.843750,-20.625000,-22.375000,25959,26321,23246,18301,0.450000,-0.550000,0.300000,0.000000,1772907711534.510,-0.538840,-0.752181,0.255273,0.000000,0.000000,0.000000,1.000000,position_only
2026-03-07T18:21:51.551543+00:00,1772907711551.543,-0.517578,-0.734375,0.253906,11.195312,-20.593750,-22.265625,24363,27145,21532,19002,0.450000,-0.550000,0.300000,0.000000,1772907711543.067,-0.530156,-0.736777,0.256312,0.000000,0.000000,0.000000,1.000000,position_only
2026-03-07T18:21:51.560629+00:00,1772907711560.629,-0.506836,-0.715820,0.255615,13.492188,-20.656250,-22.171875,24108,26711,21172,18313,0.450000,-0.550000,0.300000,0.000000,1772907711560.292,-0.512192,-0.706925,0.258857,0.000000,0.000000,0.000000,1.000000,position_only
2026-03-07T18:21:51.571918+00:00,1772907711571.918,-0.495605,-0.698730,0.257324,15.750000,-20.750000,-22.093750,24291,25804,21223,17338,0.450000,-0.550000,0.300000,0.000000,1772907711568.911,-0.502794,-0.692462,0.260090,0.000000,0.000000,0.000000,1.000000,position_only
2026-03-07T18:21:51.581875+00:00,1772907711581.874,-0.484375,-0.681641,0.259033,17.953125,-20.906250,-21.953125,23698,25548,20575,17091,0.450000,-0.550000,0.300000,0.000000,1772907711577.487,-0.493254,-0.678347,0.261500,0.000000,0.000000,0.000000,1.000000,position_only
2026-03-07T18:21:51.590850+00:00,1772907711590.850,-0.473877,-0.665527,0.261230,20.078125,-21.093750,-21.796875,23361,25437,20252,16723,0.450000,-0.550000,0.300000,0.000000,1772907711586.169,-0.483663,-0.664523,0.262947,0.000000,0.000000,0.000000,1.000000,position_only
2026-03-07T18:21:51.601620+00:00,1772907711601.619,-0.461914,-0.648926,0.263184,22.093750,-21.343750,-21.593750,22876,25425,19794,16408,0.450000,-0.550000,0.300000,0.000000,1772907711594.722,-0.473760,-0.651099,0.264394,0.000000,0.000000,0.000000,1.000000,position_only
2026-03-07T18:21:51.610604+00:00,1772907711610.604,-0.449707,-0.633301,0.265381,23.984375,-21.609375,-21.390625,22708,25011,19688,16046,0.450000,-0.550000,0.300000,0.000000,1772907711603.270,-0.463735,-0.638056,0.265769,0.000000,0.000000,0.000000,1.000000,position_only
2026-03-07T18:21:51.621365+00:00,1772907711621.364,-0.437744,-0.618164,0.267334,25.781250,-21.906250,-21.140625,22442,24627,19732,15790,0.450000,-0.550000,0.300000,0.000000,1772907711620.488,-0.432412,-0.601125,0.270166,0.000000,0.000000,0.000000,1.000000,position_only
2026-03-07T18:21:51.631848+00:00,1772907711631.848,-0.424805,-0.603516,0.269287,27.390625,-22.203125,-20.875000,21924,24853,19419,15677,0.450000,-0.550000,0.300000,0.000000,1772907711629.033,-0.421577,-0.589638,0.271708,0.000000,0.000000,0.000000,1.000000,position_only
2026-03-07T18:21:51.642358+00:00,1772907711642.358,-0.412109,-0.589355,0.271240,28.859375,-22.500000,-20.593750,21363,24761,19136,15957,0.450000,-0.550000,0.300000,0.000000,1772907711637.598,-0.410695,-0.578626,0.272847,0.000000,0.000000,0.000000,1.000000,position_only
2026-03-07T18:21:51.651545+00:00,1772907711651.545,-0.399170,-0.575195,0.273193,30.187500,-22.796875,-20.296875,21237,24769,19237,15814,0.450000,-0.550000,0.300000,0.000000,1772907711646.143,-0.399844,-0.567989,0.274109,0.000000,0.000000,0.000000,1.000000,position_only
2026-03-07T18:21:51.662085+00:00,1772907711662.084,-0.385742,-0.562012,0.274902,31.375000,-23.093750,-20.000000,21936,23980,19977,15013,0.450000,-0.550000,0.300000,0.000000,1772907711654.819,-0.388675,-0.557747,0.275383,0.000000,0.000000,0.000000,1.000000,position_only
2026-03-07T18:21:51.671219+00:00,1772907711671.219,-0.372314,-0.549316,0.276367,32.437500,-23.375000,-19.703125,21655,24134,19921,15255,0.450000,-0.550000,0.300000,0.000000,1772907711663.428,-0.377392,-0.548004,0.276302,0.000000,0.000000,0.000000,1.000000,position_only
2026-03-07T18:21:51.681253+00:00,1772907711681.252,-0.358643,-0.537598,0.277832,33.406250,-23.656250,-19.390625,21494,24208,19726,15780,0.450000,-0.550000,0.300000,0.000000,1772907711680.617,-0.354697,-0.529826,0.278050,0.000000,0.000000,0.000000,1.000000,position_only
2026-03-07T18:21:51.691063+00:00,1772907711691.063,-0.345215,-0.526855,0.279053,34.218750,-23.937500,-19.062500,21147,24558,19605,16313,0.450000,-0.550000,0.300000,0.000000,1772907711689.444,-0.342941,-0.521330,0.278744,0.000000,0.000000,0.000000,1.000000,position_only
2026-03-07T18:21:51.702379+00:00,1772907711702.378,-0.331787,-0.516602,0.279785,34.937500,-24.218750,-18.750000,21601,24093,20132,16400,0.450000,-0.550000,0.300000,0.000000,1772907711698.040,-0.331117,-0.513307,0.279242,0.000000,0.000000,0.000000,1.000000,position_only
2026-03-07T18:21:51.712047+00:00,1772907711712.046,-0.318359,-0.507324,0.280518,35.500000,-24.484375,-18.437500,21780,24013,20290,16905,0.450000,-0.550000,0.300000,0.000000,1772907711706.771,-0.319211,-0.505821,0.279446,0.000000,0.000000,0.000000,1.000000,position_only
2026-03-07T18:21:51.721395+00:00,1772907711721.394,-0.304199,-0.498291,0.281006,35.937500,-24.812500,-18.078125,21816,23981,20467,17632,0.450000,-0.550000,0.300000,0.000000,1772907711715.320,-0.307024,-0.498723,0.279835,0.000000,0.000000,0.000000,1.000000,position_only
2026-03-07T18:21:51.731898+00:00,1772907711731.897,-0.288574,-0.489258,0.281250,36.250000,-25.171875,-17.671875,22515,23459,21060,17965,0.450000,-0.550000,0.300000,0.000000,1772907711723.861,-0.294684,-0.492068,0.280143,0.000000,0.000000,0.000000,1.000000,position_only
2026-03-07T18:21:51.741780+00:00,1772907711741.780,-0.274414,-0.481934,0.281250,36.406250,-25.500000,-17.281250,22914,23238,21605,18373,0.450000,-0.550000,0.300000,0.000000,1772907711741.002,-0.269752,-0.480078,0.280031,0.000000,0.000000,0.000000,1.000000,position_only
2026-03-07T18:21:51.750878+00:00,1772907711750.878,-0.260010,-0.475342,0.281250,36.468750,-25.828125,-16.890625,23002,23370,21760,19242,0.450000,-0.550000,0.300000,0.000000,1772907711749.655,-0.257102,-0.474808,0.279969,0.000000,0.000000,0.000000,1.000000,position_only
2026-03-07T18:21:51.761359+00:00,1772907711761.358,-0.245850,-0.469482,0.280762,36.375000,-26.125000,-16.531250,22823,23786,21496,20603,0.450000,-0.550000,0.300000,0.000000,1772907711758.230,-0.244104,-0.469993,0.279637,0.000000,0.000000,0.000000,1.000000,position_only
2026-03-07T18:21:51.771456+00:00,1772907711771.456,-0.231567,-0.464600,0.280029,36.187500,-26.437500,-16.187500,23436,23617,22309,20752,0.450000,-0.550000,0.300000,0.000000,1772907711766.778,-0.231007,-0.465566,0.279101,0.000000,0.000000,0.000000,1.000000,position_only
2026-03-07T18:21:51.781323+00:00,1772907711781.323,-0.216309,-0.459961,0.279297,35.906250,-26.703125,-15.875000,23464,23829,22359,21923,0.450000,-0.550000,0.300000,0.000000,1772907711775.589,-0.217714,-0.461545,0.278625,0.000000,0.000000,0.000000,1.000000,position_only
2026-03-07T18:21:51.791799+00:00,1772907711791.799,-0.201050,-0.456055,0.278320,35.500000,-26.937500,-15.578125,24523,23300,23419,21831,0.450000,-0.550000,0.300000,0.000000,1772907711784.236,-0.204265,-0.458042,0.277846,0.000000,0.000000,0.000000,1.000000,position_only
2026-03-07T18:21:51.801618+00:00,1772907711801.617,-0.185669,-0.452881,0.277100,35.031250,-27.078125,-15.343750,24831,23516,23952,22308,0.450000,-0.550000,0.300000,0.000000,1772907711801.314,-0.176781,-0.452420,0.276390,0.000000,0.000000,0.000000,1.000000,position_only
2026-03-07T18:21:51.811617+00:00,1772907711811.616,-0.170166,-0.450439,0.275879,34.500000,-27.125000,-15.187500,24745,24135,23974,23287,0.450000,-0.550000,0.300000,0.000000,1772907711810.016,-0.163132,-0.450468,0.275315,0.000000,0.000000,0.000000,1.000000,position_only
2026-03-07T18:21:51.821344+00:00,1772907711821.344,-0.154541,-0.448486,0.274414,33.906250,-27.062500,-15.132812,25365,24189,25149,22928,0.450000,-0.550000,0.300000,0.000000,1772907711818.597,-0.148873,-0.448676,0.274166,0.000000,0.000000,0.000000,1.000000,position_only
2026-03-07T18:21:51.831838+00:00,1772907711831.837,-0.138916,-0.447510,0.272705,33.250000,-26.812500,-15.203125,25735,24390,25752,23187,0.450000,-0.550000,0.300000,0.000000,1772907711827.217,-0.134772,-0.447332,0.272812,0.000000,0.000000,0.000000,1.000000,position_only
2026-03-07T18:21:51.840875+00:00,1772907711840.875,-0.121887,-0.447021,0.270996,32.562500,-26.421875,-15.359375,25544,25200,26038,23674,0.450000,-0.550000,0.300000,0.000000,1772907711835.826,-0.119944,-0.446562,0.271868,0.000000,0.000000,0.000000,1.000000,position_only
2026-03-07T18:21:51.851338+00:00,1772907711851.337,-0.105042,-0.447266,0.269043,31.843750,-25.859375,-15.640625,25437,25832,26231,24266,0.450000,-0.550000,0.300000,0.000000,1772907711844.452,-0.105286,-0.446438,0.270935,0.000000,0.000000,0.000000,1.000000,position_only
2026-03-07T18:21:51.862029+00:00,1772907711862.028,-0.088013,-0.448242,0.267334,31.093750,-25.125000,-16.015625,25928,25947,27258,23837,0.450000,-0.550000,0.300000,0.000000,1772907711861.721,-0.075199,-0.447225,0.268633,0.000000,0.000000,0.000000,1.000000,position_only
2026-03-07T18:21:51.871719+00:00,1772907711871.719,-0.070984,-0.449707,0.265381,30.359375,-24.218750,-16.500000,26500,25794,28276,23438,0.450000,-0.550000,0.300000,0.000000,1772907711870.377,-0.044785,-0.449841,0.266393,0.000000,0.000000,0.000000,1.000000,position_only
2026-03-07T18:21:51.882278+00:00,1772907711882.277,-0.052765,-0.451904,0.263672,29.609375,-23.156250,-17.031250,26151,26468,28439,23843,0.450000,-0.550000,0.300000,0.000000,1772907711879.077,-0.044785,-0.449841,0.266393,0.000000,0.000000,0.000000,1.000000,position_only
2026-03-07T18:21:51.892395+00:00,1772907711892.394,-0.035553,-0.454590,0.261963,28.890625,-21.921875,-17.656250,25781,27134,28604,24112,0.450000,-0.550000,0.300000,0.000000,1772907711887.591,-0.013690,-0.453996,0.264040,0.000000,0.000000,0.000000,1.000000,position_only
2026-03-07T18:21:51.901668+00:00,1772907711901.667,-0.016068,-0.458496,0.260010,28.187500,-20.578125,-18.312500,26233,26797,29527,23661,0.450000,-0.550000,0.300000,0.000000,1772907711896.399,0.002034,-0.456910,0.263218,0.000000,0.000000,0.000000,1.000000,position_only
2026-03-07T18:21:51.911683+00:00,1772907711911.682,0.004402,-0.462646,0.258545,27.500000,-19.109375,-18.968750,25588,27519,29347,24184,0.450000,-0.550000,0.300000,0.000000,1772907711905.078,0.017841,-0.460089,0.262050,0.000000,0.000000,0.000000,1.000000,position_only
2026-03-07T18:21:51.921682+00:00,1772907711921.682,0.023682,-0.467529,0.257080,26.843750,-17.515625,-19.703125,25152,27753,29328,24569,0.450000,-0.550000,0.300000,0.000000,1772907711913.666,0.033625,-0.463928,0.261187,0.000000,0.000000,0.000000,1.000000,position_only
2026-03-07T18:21:51.931653+00:00,1772907711931.653,0.044647,-0.473633,0.255371,26.156250,-15.695312,-20.531250,25010,27803,29476,24374,0.450000,-0.550000,0.300000,0.000000,1772907711931.135,0.065541,-0.472527,0.259471,0.000000,0.000000,0.000000,1.000000,position_only
2026-03-07T18:21:51.941199+00:00,1772907711941.199,0.065430,-0.480225,0.254150,25.515625,-13.773438,-21.375000,26062,26462,30748,23041,0.450000,-0.550000,0.300000,0.000000,1772907711939.718,0.081609,-0.477396,0.258900,0.000000,0.000000,0.000000,1.000000,position_only
2026-03-07T18:21:51.955656+00:00,1772907711955.655,0.085510,-0.487305,0.253174,25.015625,-11.960938,-22.093750,25267,26907,29999,23607,0.450000,-0.550000,0.300000,0.000000,1772907711948.260,0.097687,-0.482688,0.258355,0.000000,0.000000,0.000000,1.000000,position_only
2026-03-07T18:21:51.961966+00:00,1772907711961.966,0.104065,-0.494385,0.252441,24.562500,-10.101562,-22.859375,24846,26991,29760,23488,0.450000,-0.550000,0.300000,0.000000,1772907711956.816,0.113741,-0.488391,0.257903,0.000000,0.000000,0.000000,1.000000,position_only
2026-03-07T18:21:51.971419+00:00,1772907711971.419,0.124146,-0.501953,0.252441,24.171875,-8.210938,-23.593750,24346,26956,29448,23400,0.450000,-0.550000,0.300000,0.000000,1772907711965.496,0.129814,-0.494373,0.257864,0.000000,0.000000,0.000000,1.000000,position_only
2026-03-07T18:21:51.981233+00:00,1772907711981.233,0.143311,-0.510254,0.252197,23.859375,-6.273438,-24.343750,24349,26313,29586,22771,0.450000,-0.550000,0.300000,0.000000,1772907711974.048,0.145845,-0.500735,0.257708,0.000000,0.000000,0.000000,1.000000,position_only
2026-03-07T18:21:51.991128+00:00,1772907711991.128,0.162231,-0.519043,0.252197,23.625000,-4.296875,-25.093750,24147,25723,29559,22291,0.450000,-0.550000,0.300000,0.000000,1772907711991.047,0.177582,-0.514649,0.258130,0.000000,0.000000,0.000000,1.000000,position_only
2026-03-07T18:21:52.002454+00:00,1772907712002.453,0.180786,-0.527832,0.252441,23.437500,-2.294922,-25.843750,23276,25696,29106,22185,0.450000,-0.550000,0.300000,0.000000,1772907711999.655,0.193231,-0.522079,0.258629,0.000000,0.000000,0.000000,1.000000,position_only
2026-03-07T18:21:52.013124+00:00,1772907712013.124,0.200928,-0.537598,0.253418,23.296875,-0.284180,-26.562500,22068,25987,27978,22474,0.450000,-0.550000,0.300000,0.000000,1772907712008.249,0.208854,-0.529809,0.259193,0.000000,0.000000,0.000000,1.000000,position_only
2026-03-07T18:21:52.021469+00:00,1772907712021.469,0.219360,-0.548340,0.253906,23.265625,1.729492,-27.343750,22144,25178,28499,21197,0.450000,-0.550000,0.300000,0.000000,1772907712016.849,0.224092,-0.537893,0.260004,0.000000,0.000000,0.000000,1.000000,position_only
2026-03-07T18:21:52.032066+00:00,1772907712032.066,0.238037,-0.558105,0.255371,23.250000,3.808594,-28.093750,21906,24413,28681,20275,0.450000,-0.550000,0.300000,0.000000,1772907712025.354,0.239216,-0.546204,0.260847,0.000000,0.000000,0.000000,1.000000,position_only
2026-03-07T18:21:52.042665+00:00,1772907712042.665,0.255859,-0.568848,0.256836,23.328125,5.906250,-28.875000,20724,24548,27862,20317,0.450000,-0.550000,0.300000,0.000000,1772907712042.531,0.268755,-0.563637,0.263067,0.000000,0.000000,0.000000,1.000000,position_only
2026-03-07T18:21:52.051698+00:00,1772907712051.697,0.272949,-0.580078,0.258301,23.437500,4.000000,-29.671875,19775,24688,27082,20377,0.450000,-0.550000,0.300000,0.000000,1772907712051.030,0.283111,-0.572748,0.264267,0.000000,0.000000,0.000000,1.000000,position_only
2026-03-07T18:21:52.062581+00:00,1772907712062.581,0.292725,-0.593262,0.260254,23.671875,10.257812,-30.531250,20014,23071,27992,18675,0.450000,-0.550000,0.300000,0.000000,1772907712059.532,0.297178,-0.582115,0.265644,0.000000,0.000000,0.000000,1.000000,position_only
2026-03-07T18:21:52.072441+00:00,1772907712072.441,0.309814,-0.604492,0.262695,23.875000,12.304688,-31.296875,18363,23576,26638,19150,0.450000,-0.550000,0.300000,0.000000,1772907712068.061,0.310875,-0.591844,0.267106,0.000000,0.000000,0.000000,1.000000,position_only
2026-03-07T18:21:52.081563+00:00,1772907712081.563,0.325928,-0.616699,0.264648,24.171875,14.273438,-32.093750,17725,23553,26134,19011,0.450000,-0.550000,0.300000,0.000000,1772907712076.533,0.324281,-0.601611,0.268638,0.000000,0.000000,0.000000,1.000000,position_only
2026-03-07T18:21:52.092671+00:00,1772907712092.670,0.341553,-0.628418,0.266846,24.531250,16.171875,-32.875000,17068,23317,25655,18747,0.450000,-0.550000,0.300000,0.000000,1772907712085.041,0.337339,-0.611716,0.270275,0.000000,0.000000,0.000000,1.000000,position_only
2026-03-07T18:21:52.102642+00:00,1772907712102.641,0.356201,-0.640625,0.269043,24.937500,17.984375,-33.625000,17276,22188,26138,17662,0.450000,-0.550000,0.300000,0.000000,1772907712102.439,0.362268,-0.632302,0.273493,0.000000,0.000000,0.000000,1.000000,position_only
2026-03-07T18:21:52.112369+00:00,1772907712112.368,0.371338,-0.653809,0.271484,25.359375,19.656250,-34.343750,16514,22132,25592,17623,0.450000,-0.550000,0.300000,0.000000,1772907712111.098,0.374205,-0.642942,0.275145,0.000000,0.000000,0.000000,1.000000,position_only
2026-03-07T18:21:52.122838+00:00,1772907712122.838,0.385742,-0.666992,0.273926,25.843750,21.218750,-35.000000,15196,22840,24156,18428,0.450000,-0.550000,0.300000,0.000000,1772907712119.716,0.385892,-0.653728,0.276760,0.000000,0.000000,0.000000,1.000000,position_only
2026-03-07T18:21:52.133421+00:00,1772907712133.419,0.399414,-0.680176,0.276123,26.359375,22.640625,-35.656250,14619,22788,23646,18503,0.450000,-0.550000,0.300000,0.000000,1772907712128.294,0.396961,-0.664670,0.278436,0.000000,0.000000,0.000000,1.000000,position_only
2026-03-07T18:21:52.142494+00:00,1772907712142.493,0.412598,-0.692871,0.278564,26.875000,23.937500,-36.250000,15672,21375,24374,17249,0.450000,-0.550000,0.300000,0.000000,1772907712137.032,0.418210,-0.687185,0.281233,0.000000,0.000000,0.000000,1.000000,position_only
2026-03-07T18:21:52.152249+00:00,1772907712152.249,0.425293,-0.707031,0.280762,27.437500,25.078125,-36.781250,15869,20777,24610,16702,0.450000,-0.550000,0.300000,0.000000,1772907712145.529,0.428205,-0.698541,0.282774,0.000000,0.000000,0.000000,1.000000,position_only
2026-03-07T18:21:52.162241+00:00,1772907712162.240,0.437012,-0.720703,0.282715,28.000000,26.109375,-37.250000,14885,21636,23387,17546,0.450000,-0.550000,0.300000,0.000000,1772907712154.021,0.437624,-0.710130,0.284135,0.000000,0.000000,0.000000,1.000000,position_only
2026-03-07T18:21:52.172275+00:00,1772907712172.275,0.447998,-0.734375,0.284668,28.578125,26.984375,-37.656250,14872,21667,22905,17717,0.450000,-0.550000,0.300000,0.000000,1772907712171.016,0.455387,-0.733690,0.286506,0.000000,0.000000,0.000000,1.000000,position_only
2026-03-07T18:21:52.182797+00:00,1772907712182.796,0.459229,-0.749023,0.286377,29.156250,27.703125,-38.000000,15291,21275,22847,17637,0.450000,-0.550000,0.300000,0.000000,1772907712179.766,0.463823,-0.745638,0.287354,0.000000,0.000000,0.000000,1.000000,position_only
2026-03-07T18:21:52.192659+00:00,1772907712192.658,0.469482,-0.763184,0.288086,29.703125,28.265625,-38.218750,15911,20911,23020,17432,0.450000,-0.550000,0.300000,0.000000,1772907712188.347,0.471599,-0.757845,0.288216,0.000000,0.000000,0.000000,1.000000,position_only
2026-03-07T18:21:52.202699+00:00,1772907712202.698,0.478760,-0.777832,0.289307,30.203125,28.718750,-38.375000,16304,20617,23089,17430,0.450000,-0.550000,0.300000,0.000000,1772907712196.936,0.478992,-0.770160,0.289122,0.000000,0.000000,0.000000,1.000000,position_only
2026-03-07T18:21:52.212366+00:00,1772907712212.365,0.487305,-0.792480,0.290283,30.640625,29.031250,-38.468750,16452,20837,22776,17850,0.450000,-0.550000,0.300000,0.000000,1772907712205.558,0.485847,-0.782556,0.289760,0.000000,0.000000,0.000000,1.000000,position_only
2026-03-07T18:21:52.222818+00:00,1772907712222.817,0.495117,-0.806641,0.291260,31.031250,29.218750,-38.468750,16573,21202,22192,18609,0.450000,-0.550000,0.300000,0.000000,1772907712214.352,0.492269,-0.795078,0.290378,0.000000,0.000000,0.000000,1.000000,position_only
2026-03-07T18:21:52.232707+00:00,1772907712232.706,0.501953,-0.820801,0.291748,31.343750,29.265625,-38.406250,17628,20767,22633,18377,0.450000,-0.550000,0.300000,0.000000,1772907712231.378,0.503900,-0.820507,0.290822,0.000000,0.000000,0.000000,1.000000,position_only
2026-03-07T18:21:52.242705+00:00,1772907712242.704,0.508789,-0.836426,0.292236,31.578125,29.171875,-38.218750,17841,21089,22204,19265,0.450000,-0.550000,0.300000,0.000000,1772907712239.826,0.509252,-0.833323,0.290978,0.000000,0.000000,0.000000,1.000000,position_only
2026-03-07T18:21:52.253138+00:00,1772907712253.137,0.514648,-0.852051,0.292236,31.734375,28.968750,-37.968750,18034,21786,21591,20142,0.450000,-0.550000,0.300000,0.000000,1772907712248.540,0.514011,-0.846408,0.290912,0.000000,0.000000,0.000000,1.000000,position_only
2026-03-07T18:21:52.262859+00:00,1772907712262.859,0.520020,-0.866699,0.291992,31.796875,28.671875,-37.656250,19102,21294,22099,20339,0.450000,-0.550000,0.300000,0.000000,1772907712257.029,0.518431,-0.859691,0.290613,0.000000,0.000000,0.000000,1.000000,position_only
2026-03-07T18:21:52.272826+00:00,1772907712272.825,0.524414,-0.881836,0.291504,31.718750,28.281250,-37.250000,20943,20384,23366,19509,0.450000,-0.550000,0.300000,0.000000,1772907712265.790,0.522485,-0.873129,0.290183,0.000000,0.000000,0.000000,1.000000,position_only
2026-03-07T18:21:52.282568+00:00,1772907712282.567,0.528320,-0.897461,0.290771,31.562500,27.828125,-36.781250,20372,21630,22123,21531,0.450000,-0.550000,0.300000,0.000000,1772907712274.278,0.526002,-0.886422,0.289659,0.000000,0.000000,0.000000,1.000000,position_only
2026-03-07T18:21:52.292714+00:00,1772907712292.713,0.531738,-0.912598,0.290039,31.281250,27.281250,-36.312500,20267,22538,21730,22620,0.450000,-0.550000,0.300000,0.000000,1772907712291.429,0.531993,-0.913610,0.288166,0.000000,0.000000,0.000000,1.000000,position_only
2026-03-07T18:21:52.303042+00:00,1772907712303.041,0.534668,-0.929199,0.288818,30.890625,26.687500,-35.812500,22025,21432,23223,22022,0.450000,-0.550000,0.300000,0.000000,1772907712299.933,0.534343,-0.927567,0.287301,0.000000,0.000000,0.000000,1.000000,position_only
2026-03-07T18:21:52.313208+00:00,1772907712313.208,0.536621,-0.945312,0.287598,30.390625,26.109375,-35.312500,23194,21145,24147,21784,0.450000,-0.550000,0.300000,0.000000,1772907712308.430,0.536236,-0.941379,0.286206,0.000000,0.000000,0.000000,1.000000,position_only
2026-03-07T18:21:52.323141+00:00,1772907712323.140,0.538086,-0.961426,0.285889,29.750000,25.562500,-34.812500,23202,21825,24123,22701,0.450000,-0.550000,0.300000,0.000000,1772907712316.898,0.537760,-0.955511,0.285059,0.000000,0.000000,0.000000,1.000000,position_only
2026-03-07T18:21:52.332235+00:00,1772907712332.232,0.539062,-0.978027,0.284424,29.031250,25.046875,-34.406250,22110,23676,23064,24540,0.450000,-0.550000,0.300000,0.000000,1772907712325.704,0.538899,-0.969668,0.283914,0.000000,0.000000,0.000000,1.000000,position_only
2026-03-07T18:21:52.343106+00:00,1772907712343.106,0.539551,-0.994141,0.282471,28.187500,24.562500,-34.031250,22544,23759,23774,24793,0.450000,-0.550000,0.300000,0.000000,1772907712342.766,0.539909,-0.998611,0.281061,0.000000,0.000000,0.000000,1.000000,position_only
2026-03-07T18:21:52.352200+00:00,1772907712352.199,0.539062,-1.011719,0.280762,27.234375,24.171875,-33.687500,24919,21948,26498,22931,0.450000,-0.550000,0.300000,0.000000,1772907712351.284,0.539882,-1.013203,0.279573,0.000000,0.000000,0.000000,1.000000,position_only
2026-03-07T18:21:52.363024+00:00,1772907712363.024,0.538086,-1.029297,0.278564,26.140625,23.875000,-33.375000,24201,22980,26289,24180,0.450000,-0.550000,0.300000,0.000000,1772907712359.760,0.539329,-1.027781,0.278120,0.000000,0.000000,0.000000,1.000000,position_only
2026-03-07T18:21:52.373019+00:00,1772907712373.019,0.537109,-1.046875,0.276611,24.937500,23.656250,-33.156250,22987,24694,25528,25954,0.450000,-0.550000,0.300000,0.000000,1772907712368.647,0.538291,-1.042703,0.276732,0.000000,0.000000,0.000000,1.000000,position_only
2026-03-07T18:21:52.382125+00:00,1772907712382.125,0.534668,-1.064453,0.274658,23.625000,23.515625,-33.000000,23599,24251,26316,25847,0.450000,-0.550000,0.300000,0.000000,1772907712377.350,0.536920,-1.057390,0.275135,0.000000,0.000000,0.000000,1.000000,position_only
2026-03-07T18:21:52.391984+00:00,1772907712391.983,0.532227,-1.081055,0.272705,22.187500,23.421875,-32.843750,24280,23815,27286,25604,0.450000,-0.550000,0.300000,0.000000,1772907712386.030,0.535118,-1.072535,0.273673,0.000000,0.000000,0.000000,1.000000,position_only
2026-03-07T18:21:52.403176+00:00,1772907712403.175,0.529297,-1.098633,0.270752,20.671875,23.375000,-32.750000,24196,24004,27362,26233,0.450000,-0.550000,0.300000,0.000000,1772907712394.773,0.532900,-1.087620,0.272131,0.000000,0.000000,0.000000,1.000000,position_only
2026-03-07T18:21:52.413314+00:00,1772907712413.314,0.525879,-1.116211,0.268799,19.046875,23.375000,-32.625000,24062,24203,27575,26587,0.450000,-0.550000,0.300000,0.000000,1772907712412.106,0.524204,-1.133210,0.267883,0.000000,0.000000,0.000000,1.000000,position_only
2026-03-07T18:21:52.422251+00:00,1772907712422.251,0.520996,-1.135742,0.266846,17.421875,23.390625,-32.531250,23660,24412,27350,27505,0.450000,-0.550000,0.300000,0.000000,1772907712420.647,0.520486,-1.148411,0.266682,0.000000,0.000000,0.000000,1.000000,position_only
2026-03-07T18:21:52.432223+00:00,1772907712432.223,0.515625,-1.154297,0.265137,15.726562,23.437500,-32.437500,24481,23707,28292,26796,0.450000,-0.550000,0.300000,0.000000,1772907712429.176,0.516390,-1.163757,0.265439,0.000000,0.000000,0.000000,1.000000,position_only
2026-03-07T18:21:52.442869+00:00,1772907712442.868,0.510254,-1.173828,0.263428,13.968750,23.515625,-32.343750,24638,23427,28475,26911,0.450000,-0.550000,0.300000,0.000000,1772907712437.708,0.511891,-1.178975,0.264257,0.000000,0.000000,0.000000,1.000000,position_only
2026-03-07T18:21:52.452271+00:00,1772907712452.271,0.504395,-1.192383,0.261963,12.140625,23.609375,-32.250000,24615,23272,28473,27097,0.450000,-0.550000,0.300000,0.000000,1772907712446.326,0.507173,-1.194314,0.263107,0.000000,0.000000,0.000000,1.000000,position_only
2026-03-07T18:21:52.463163+00:00,1772907712463.162,0.497559,-1.210938,0.260742,10.281250,23.703125,-32.156250,24191,23692,27782,27629,0.450000,-0.550000,0.300000,0.000000,1772907712454.876,0.501926,-1.209556,0.262160,0.000000,0.000000,0.000000,1.000000,position_only
2026-03-07T18:21:52.472907+00:00,1772907712472.906,0.490723,-1.229492,0.259521,8.421875,23.812500,-32.062500,24720,22986,28169,27107,0.450000,-0.550000,0.300000,0.000000,1772907712471.886,0.490527,-1.239850,0.260666,0.000000,0.000000,0.000000,1.000000,position_only
2026-03-07T18:21:52.483501+00:00,1772907712483.501,0.482666,-1.248047,0.258545,6.574219,23.906250,-31.953125,24148,23343,27272,27754,0.450000,-0.550000,0.300000,0.000000,1772907712480.484,0.484293,-1.254736,0.260135,0.000000,0.000000,0.000000,1.000000,position_only
2026-03-07T18:21:52.493395+00:00,1772907712493.393,0.474365,-1.266602,0.257812,4.738281,23.984375,-31.859375,24439,22850,27453,27166,0.450000,-0.550000,0.300000,0.000000,1772907712489.139,0.477695,-1.269746,0.259529,0.000000,0.000000,0.000000,1.000000,position_only
2026-03-07T18:21:52.502480+00:00,1772907712502.479,0.465576,-1.285156,0.257324,2.916016,24.093750,-31.750000,24920,21911,27711,26631,0.450000,-0.550000,0.300000,0.000000,1772907712497.674,0.470816,-1.284504,0.259180,0.000000,0.000000,0.000000,1.000000,position_only
2026-03-07T18:21:52.513070+00:00,1772907712513.070,0.457031,-1.302734,0.257080,1.055664,24.187500,-31.625000,23905,22540,26567,27324,0.450000,-0.550000,0.300000,0.000000,1772907712506.462,0.463543,-1.299065,0.258951,0.000000,0.000000,0.000000,1.000000,position_only
2026-03-07T18:21:52.522972+00:00,1772907712522.972,0.447754,-1.320312,0.256836,-0.758301,24.312500,-31.546875,23323,22684,26113,27279,0.450000,-0.550000,0.300000,0.000000,1772907712514.943,0.456058,-1.313670,0.258692,0.000000,0.000000,0.000000,1.000000,position_only
2026-03-07T18:21:52.532824+00:00,1772907712532.824,0.438232,-1.336914,0.257080,-2.558594,24.500000,-31.437500,23785,21691,26409,26495,0.450000,-0.550000,0.300000,0.000000,1772907712532.151,0.440150,-1.341810,0.258814,0.000000,0.000000,0.000000,1.000000,position_only
2026-03-07T18:21:52.543362+00:00,1772907712543.361,0.427490,-1.353516,0.257324,-4.304688,24.703125,-31.296875,23526,21310,26266,26174,0.450000,-0.550000,0.300000,0.000000,1772907712540.646,0.431620,-1.355555,0.259000,0.000000,0.000000,0.000000,1.000000,position_only
2026-03-07T18:21:52.553904+00:00,1772907712553.904,0.417236,-1.370117,0.257812,-6.042969,24.937500,-31.156250,22978,21042,25866,25947,0.450000,-0.550000,0.300000,0.000000,1772907712549.174,0.422810,-1.369066,0.259313,0.000000,0.000000,0.000000,1.000000,position_only
2026-03-07T18:21:52.562461+00:00,1772907712562.460,0.405762,-1.386719,0.258301,-7.738281,25.234375,-31.015625,22339,21159,25285,26229,0.450000,-0.550000,0.300000,0.000000,1772907712557.787,0.413764,-1.382552,0.259617,0.000000,0.000000,0.000000,1.000000,position_only
2026-03-07T18:21:52.572176+00:00,1772907712572.176,0.395020,-1.402344,0.259033,-9.437500,25.515625,-30.875000,22181,20703,25219,25800,0.450000,-0.550000,0.300000,0.000000,1772907712566.283,0.404540,-1.395328,0.260064,0.000000,0.000000,0.000000,1.000000,position_only
2026-03-07T18:21:52.583478+00:00,1772907712583.478,0.383789,-1.416992,0.259766,-11.085938,25.828125,-30.703125,22184,19971,25322,25343,0.450000,-0.550000,0.300000,0.000000,1772907712583.357,0.385117,-1.419737,0.261509,0.000000,0.000000,0.000000,1.000000,position_only
2026-03-07T18:21:52.593202+00:00,1772907712593.202,0.371338,-1.431641,0.260986,-12.664062,26.156250,-30.500000,21886,19605,25221,25044,0.450000,-0.550000,0.300000,0.000000,1772907712591.883,0.375093,-1.431845,0.262180,0.000000,0.000000,0.000000,1.000000,position_only
2026-03-07T18:21:52.603292+00:00,1772907712603.291,0.358887,-1.446289,0.261963,-14.171875,26.515625,-30.296875,20824,20057,24109,25746,0.450000,-0.550000,0.300000,0.000000,1772907712600.647,0.364884,-1.443509,0.262940,0.000000,0.000000,0.000000,1.000000,position_only
2026-03-07T18:21:52.614195+00:00,1772907712614.195,0.346191,-1.459961,0.263184,-15.609375,26.859375,-30.093750,20488,19880,23804,25547,0.450000,-0.550000,0.300000,0.000000,1772907712609.385,0.354398,-1.454834,0.263598,0.000000,0.000000,0.000000,1.000000,position_only
2026-03-07T18:21:52.623168+00:00,1772907712623.167,0.333252,-1.472656,0.264404,-16.984375,27.187500,-29.875000,21311,18577,24734,24324,0.450000,-0.550000,0.300000,0.000000,1772907712617.882,0.343608,-1.465787,0.264222,0.000000,0.000000,0.000000,1.000000,position_only
2026-03-07T18:21:52.633519+00:00,1772907712633.518,0.321289,-1.484375,0.265381,-18.296875,27.515625,-29.640625,21150,18402,24441,24217,0.450000,-0.550000,0.300000,0.000000,1772907712626.424,0.332695,-1.476570,0.264966,0.000000,0.000000,0.000000,1.000000,position_only
2026-03-07T18:21:52.643175+00:00,1772907712643.174,0.308350,-1.496094,0.266602,-19.484375,27.828125,-29.406250,20259,19004,23541,24791,0.450000,-0.550000,0.300000,0.000000,1772907712635.310,0.321447,-1.486713,0.265961,0.000000,0.000000,0.000000,1.000000,position_only
2026-03-07T18:21:52.652381+00:00,1772907712652.380,0.295410,-1.506836,0.267578,-20.578125,28.125000,-29.171875,20259,18819,23482,24525,0.450000,-0.550000,0.300000,0.000000,1772907712652.256,0.298443,-1.506045,0.267414,0.000000,0.000000,0.000000,1.000000,position_only
2026-03-07T18:21:52.663548+00:00,1772907712663.548,0.281250,-1.517578,0.268799,-21.515625,28.437500,-28.921875,20534,18496,23635,24020,0.450000,-0.550000,0.300000,0.000000,1772907712660.712,0.286686,-1.515464,0.268058,0.000000,0.000000,0.000000,1.000000,position_only
2026-03-07T18:21:52.674064+00:00,1772907712674.063,0.267822,-1.527344,0.269775,-22.343750,28.703125,-28.656250,20785,18172,23739,23689,0.450000,-0.550000,0.300000,0.000000,1772907712669.344,0.274688,-1.523973,0.268776,0.000000,0.000000,0.000000,1.000000,position_only
2026-03-07T18:21:52.683813+00:00,1772907712683.812,0.252930,-1.537109,0.270752,-23.046875,28.953125,-28.406250,20090,18979,22860,24324,0.450000,-0.550000,0.300000,0.000000,1772907712678.113,0.262428,-1.531940,0.269416,0.000000,0.000000,0.000000,1.000000,position_only
2026-03-07T18:21:52.693487+00:00,1772907712693.487,0.239502,-1.545898,0.271484,-23.640625,29.156250,-28.203125,20556,18738,23017,23905,0.450000,-0.550000,0.300000,0.000000,1772907712686.653,0.250035,-1.539826,0.270004,0.000000,0.000000,0.000000,1.000000,position_only
2026-03-07T18:21:52.703431+00:00,1772907712703.430,0.225342,-1.553711,0.272217,-24.093750,29.312500,-27.984375,21101,18491,23259,23439,0.450000,-0.550000,0.300000,0.000000,1772907712695.152,0.237609,-1.547659,0.270488,0.000000,0.000000,0.000000,1.000000,position_only
2026-03-07T18:21:52.713189+00:00,1772907712713.189,0.210205,-1.561523,0.272705,-24.390625,29.406250,-27.796875,21146,18841,22932,23518,0.450000,-0.550000,0.300000,0.000000,1772907712712.460,0.211774,-1.561395,0.271470,0.000000,0.000000,0.000000,1.000000,position_only
2026-03-07T18:21:52.723913+00:00,1772907712723.912,0.194702,-1.568359,0.273438,-24.546875,29.453125,-27.640625,21335,19118,22640,23586,0.450000,-0.550000,0.300000,0.000000,1772907712720.961,0.185242,-1.573235,0.272350,0.000000,0.000000,0.000000,1.000000,position_only
2026-03-07T18:21:52.733669+00:00,1772907712733.668,0.178345,-1.575195,0.273682,-24.531250,29.421875,-27.500000,21944,19103,22785,23293,0.450000,-0.550000,0.300000,0.000000,1772907712729.452,0.171775,-1.579014,0.272331,0.000000,0.000000,0.000000,1.000000,position_only
2026-03-07T18:21:52.743438+00:00,1772907712743.438,0.161987,-1.581055,0.274170,-24.421875,29.312500,-27.421875,22247,19330,22856,22962,0.450000,-0.550000,0.300000,0.000000,1772907712738.201,0.158275,-1.584065,0.272555,0.000000,0.000000,0.000000,1.000000,position_only
2026-03-07T18:21:52.753235+00:00,1772907712753.235,0.145386,-1.586914,0.274170,-24.203125,29.140625,-27.343750,22325,19775,22716,23032,0.450000,-0.550000,0.300000,0.000000,1772907712746.763,0.144321,-1.588837,0.272613,0.000000,0.000000,0.000000,1.000000,position_only
2026-03-07T18:21:52.763629+00:00,1772907712763.629,0.129028,-1.591797,0.274414,-23.890625,28.906250,-27.328125,22534,20142,22742,22948,0.450000,-0.550000,0.300000,0.000000,1772907712755.303,0.130253,-1.593068,0.272774,0.000000,0.000000,0.000000,1.000000,position_only
2026-03-07T18:21:52.773501+00:00,1772907712773.500,0.112549,-1.595703,0.274170,-23.515625,28.625000,-27.328125,22581,20712,22703,22926,0.450000,-0.550000,0.300000,0.000000,1772907712772.365,0.101583,-1.600495,0.272729,0.000000,0.000000,0.000000,1.000000,position_only
2026-03-07T18:21:52.783716+00:00,1772907712783.715,0.094910,-1.599609,0.274170,-23.062500,28.312500,-27.328125,22862,20872,22851,22919,0.450000,-0.550000,0.300000,0.000000,1772907712781.221,0.087161,-1.603534,0.272666,0.000000,0.000000,0.000000,1.000000,position_only
2026-03-07T18:21:52.792969+00:00,1772907712792.969,0.077209,-1.602539,0.273926,-22.609375,27.906250,-27.375000,22803,21403,22940,22945,0.450000,-0.550000,0.300000,0.000000,1772907712790.026,0.072539,-1.606475,0.272468,0.000000,0.000000,0.000000,1.000000,position_only
2026-03-07T18:21:52.804750+00:00,1772907712804.749,0.059448,-1.605469,0.273682,-22.140625,27.437500,-27.453125,23226,21443,23247,22764,0.450000,-0.550000,0.300000,0.000000,1772907712798.707,0.057594,-1.608647,0.272250,0.000000,0.000000,0.000000,1.000000,position_only
2026-03-07T18:21:52.813686+00:00,1772907712813.686,0.041687,-1.607422,0.273193,-21.671875,26.843750,-27.562500,23700,21330,23730,22500,0.450000,-0.550000,0.300000,0.000000,1772907712806.743,0.042705,-1.610935,0.271862,0.000000,0.000000,0.000000,1.000000,position_only
2026-03-07T18:21:52.823876+00:00,1772907712823.875,0.024048,-1.609375,0.272705,-21.218750,26.156250,-27.718750,23978,21470,23696,22673,0.450000,-0.550000,0.300000,0.000000,1772907712823.706,0.012320,-1.613447,0.271420,0.000000,0.000000,0.000000,1.000000,position_only
2026-03-07T18:21:52.833871+00:00,1772907712833.870,0.005157,-1.609375,0.272217,-20.781250,25.343750,-27.921875,23625,22212,23227,23257,0.450000,-0.550000,0.300000,0.000000,1772907712832.241,-0.003141,-1.614357,0.271085,0.000000,0.000000,0.000000,1.000000,position_only
2026-03-07T18:21:52.843391+00:00,1772907712843.391,-0.013763,-1.610352,0.271729,-20.343750,24.406250,-28.171875,24066,22063,23243,23380,0.450000,-0.550000,0.300000,0.000000,1772907712840.706,-0.018595,-1.614620,0.270745,0.000000,0.000000,0.000000,1.000000,position_only
2026-03-07T18:21:52.853831+00:00,1772907712853.830,-0.032684,-1.610352,0.271240,-19.953125,23.296875,-28.468750,24728,21624,23671,23086,0.450000,-0.550000,0.300000,0.000000,1772907712849.243,-0.034355,-1.615006,0.270511,0.000000,0.000000,0.000000,1.000000,position_only
2026-03-07T18:21:52.863565+00:00,1772907712863.564,-0.051514,-1.609375,0.270752,-19.593750,22.031250,-28.812500,25055,21644,23454,23255,0.450000,-0.550000,0.300000,0.000000,1772907712857.710,-0.049999,-1.614750,0.270222,0.000000,0.000000,0.000000,1.000000,position_only
2026-03-07T18:21:52.873968+00:00,1772907712873.968,-0.070190,-1.608398,0.270264,-19.281250,20.625000,-29.203125,25111,21668,23174,23673,0.450000,-0.550000,0.300000,0.000000,1772907712866.230,-0.065876,-1.614152,0.269884,0.000000,0.000000,0.000000,1.000000,position_only
2026-03-07T18:21:52.883854+00:00,1772907712883.854,-0.088806,-1.606445,0.269775,-19.015625,19.062500,-29.640625,25849,21144,23220,23536,0.450000,-0.550000,0.300000,0.000000,1772907712883.450,-0.097788,-1.611938,0.269413,0.000000,0.000000,0.000000,1.000000,position_only
2026-03-07T18:21:52.893798+00:00,1772907712893.797,-0.108643,-1.604492,0.269287,-18.812500,17.359375,-30.109375,26054,21124,22774,23819,0.450000,-0.550000,0.300000,0.000000,1772907712891.987,-0.113728,-1.610293,0.269340,0.000000,0.000000,0.000000,1.000000,position_only
2026-03-07T18:21:52.903153+00:00,1772907712903.153,-0.128418,-1.601562,0.269043,-18.640625,15.523438,-30.625000,26515,20733,22558,23868,0.450000,-0.550000,0.300000,0.000000,1772907712900.548,-0.129724,-1.608653,0.269113,0.000000,0.000000,0.000000,1.000000,position_only
2026-03-07T18:21:52.914330+00:00,1772907712914.330,-0.147827,-1.599609,0.268799,-18.562500,13.562500,-31.140625,27032,20052,22384,23854,0.450000,-0.550000,0.300000,0.000000,1772907712909.206,-0.145772,-1.606530,0.269032,0.000000,0.000000,0.000000,1.000000,position_only
2026-03-07T18:21:52.923650+00:00,1772907712923.650,-0.166992,-1.595703,0.268799,-18.578125,11.500000,-31.718750,26094,20896,21119,24934,0.450000,-0.550000,0.300000,0.000000,1772907712917.768,-0.161823,-1.603744,0.269248,0.000000,0.000000,0.000000,1.000000,position_only
2026-03-07T18:21:52.934368+00:00,1772907712934.367,-0.185913,-1.591797,0.268799,-18.687500,9.375000,-32.343750,26578,20237,21292,24422,0.450000,-0.550000,0.300000,0.000000,1772907712926.299,-0.177715,-1.601373,0.269038,0.000000,0.000000,0.000000,1.000000,position_only
2026-03-07T18:21:52.944280+00:00,1772907712944.280,-0.204468,-1.587891,0.268799,-18.875000,7.222656,-32.937500,27909,18795,22130,23086,0.450000,-0.550000,0.300000,0.000000,1772907712943.497,-0.209461,-1.595150,0.269341,0.000000,0.000000,0.000000,1.000000,position_only
2026-03-07T18:21:52.954106+00:00,1772907712954.106,-0.224243,-1.583008,0.269287,-19.156250,5.078125,-33.500000,27650,18733,21578,23243,0.450000,-0.550000,0.300000,0.000000,1772907712952.030,-0.225118,-1.591595,0.269501,0.000000,0.000000,0.000000,1.000000,position_only
2026-03-07T18:21:52.965107+00:00,1772907712965.106,-0.243530,-1.578125,0.269531,-19.515625,2.927734,-34.093750,26896,19365,20366,23753,0.450000,-0.550000,0.300000,0.000000,1772907712960.586,-0.240747,-1.587654,0.269884,0.000000,0.000000,0.000000,1.000000,position_only
2026-03-07T18:21:52.974199+00:00,1772907712974.198,-0.262451,-1.573242,0.270264,-19.937500,0.797363,-34.750000,26181,19651,19410,24243,0.450000,-0.550000,0.300000,0.000000,1772907712969.149,-0.256296,-1.583571,0.270183,0.000000,0.000000,0.000000,1.000000,position_only
2026-03-07T18:21:52.984179+00:00,1772907712984.179,-0.280273,-1.568359,0.270752,-20.437500,-1.336914,-35.406250,26954,18788,19755,23021,0.450000,-0.550000,0.300000,0.000000,1772907712977.646,-0.271712,-1.579102,0.270673,0.000000,0.000000,0.000000,1.000000,position_only
2026-03-07T18:21:52.993903+00:00,1772907712993.902,-0.298096,-1.562500,0.271729,-21.000000,-3.416016,-36.062500,27510,17912,20037,22050,0.450000,-0.550000,0.300000,0.000000,1772907712986.251,-0.286867,-1.574676,0.271309,0.000000,0.000000,0.000000,1.000000,position_only
2026-03-07T18:21:53.004087+00:00,1772907713004.086,-0.315430,-1.556641,0.272705,-21.625000,-5.429688,-36.687500,26907,18115,19245,22221,0.450000,-0.550000,0.300000,0.000000,1772907713003.304,-0.316715,-1.564755,0.272568,0.000000,0.000000,0.000000,1.000000,position_only
2026-03-07T18:21:53.013176+00:00,1772907713013.176,-0.333496,-1.550781,0.273682,-22.328125,-7.328125,-37.312500,26545,18177,18798,21968,0.450000,-0.550000,0.300000,0.000000,1772907713011.810,-0.331144,-1.559445,0.273258,0.000000,0.000000,0.000000,1.000000,position_only
2026-03-07T18:21:53.023800+00:00,1772907713023.799,-0.351074,-1.543945,0.274902,-23.109375,-9.125000,-37.906250,25858,18350,18166,22171,0.450000,-0.550000,0.300000,0.000000,1772907713020.473,-0.359513,-1.548021,0.274904,0.000000,0.000000,0.000000,1.000000,position_only
2026-03-07T18:21:53.034227+00:00,1772907713034.226,-0.368896,-1.536133,0.276123,-23.984375,-10.812500,-38.500000,25651,18175,17826,22029,0.450000,-0.550000,0.300000,0.000000,1772907713029.154,-0.373120,-1.542351,0.275762,0.000000,0.000000,0.000000,1.000000,position_only
2026-03-07T18:21:53.044423+00:00,1772907713044.422,-0.385010,-1.530273,0.277344,-24.953125,-12.445312,-39.125000,26097,17198,18359,21260,0.450000,-0.550000,0.300000,0.000000,1772907713037.646,-0.373120,-1.542351,0.275762,0.000000,0.000000,0.000000,1.000000,position_only
2026-03-07T18:21:53.054310+00:00,1772907713054.310,-0.401367,-1.522461,0.278564,-26.031250,-13.976562,-39.687500,25577,17199,17865,21647,0.450000,-0.550000,0.300000,0.000000,1772907713054.204,-0.412274,-1.523511,0.277890,0.000000,0.000000,0.000000,1.000000,position_only
2026-03-07T18:21:53.063413+00:00,1772907713063.412,-0.417969,-1.514648,0.279785,-27.234375,-15.414062,-40.281250,24571,17608,16853,22721,0.450000,-0.550000,0.300000,0.000000,1772907713062.705,-0.424574,-1.516833,0.278574,0.000000,0.000000,0.000000,1.000000,position_only
2026-03-07T18:21:53.073799+00:00,1772907713073.798,-0.433838,-1.505859,0.281006,-28.562500,-16.781250,-40.875000,25009,16951,17166,22223,0.450000,-0.550000,0.300000,0.000000,1772907713071.203,-0.436580,-1.509582,0.279492,0.000000,0.000000,0.000000,1.000000,position_only
2026-03-07T18:21:53.084351+00:00,1772907713084.351,-0.448730,-1.498047,0.281982,-29.968750,-18.093750,-41.468750,25362,16254,17427,22065,0.450000,-0.550000,0.300000,0.000000,1772907713079.895,-0.448034,-1.502305,0.280052,0.000000,0.000000,0.000000,1.000000,position_only
2026-03-07T18:21:53.094180+00:00,1772907713094.179,-0.462891,-1.489258,0.282959,-31.453125,-19.343750,-42.093750,25687,15773,17588,21987,0.450000,-0.550000,0.300000,0.000000,1772907713088.421,-0.459235,-1.495239,0.280495,0.000000,0.000000,0.000000,1.000000,position_only
2026-03-07T18:21:53.103330+00:00,1772907713103.329,-0.476074,-1.480469,0.283691,-32.968750,-20.484375,-42.687500,25417,16042,17323,22352,0.450000,-0.550000,0.300000,0.000000,1772907713097.009,-0.470031,-1.486947,0.281167,0.000000,0.000000,0.000000,1.000000,position_only
2026-03-07T18:21:53.114553+00:00,1772907713114.552,-0.488525,-1.472656,0.284424,-34.500000,-21.500000,-43.250000,24499,17241,16052,23667,0.450000,-0.550000,0.300000,0.000000,1772907713113.608,-0.490254,-1.471452,0.281512,0.000000,0.000000,0.000000,1.000000,position_only
2026-03-07T18:21:53.123727+00:00,1772907713123.726,-0.500977,-1.462891,0.284912,-35.968750,-22.375000,-43.781250,24977,17080,16510,23420,0.450000,-0.550000,0.300000,0.000000,1772907713122.120,-0.499831,-1.463298,0.281599,0.000000,0.000000,0.000000,1.000000,position_only
2026-03-07T18:21:53.134284+00:00,1772907713134.283,-0.512695,-1.453125,0.285156,-37.375000,-23.109375,-44.218750,25915,16635,17388,22774,0.450000,-0.550000,0.300000,0.000000,1772907713130.924,-0.508825,-1.455102,0.281637,0.000000,0.000000,0.000000,1.000000,position_only
2026-03-07T18:21:53.144180+00:00,1772907713144.180,-0.523438,-1.443359,0.285156,-38.687500,-23.703125,-44.562500,26067,16869,17812,22889,0.450000,-0.550000,0.300000,0.000000,1772907713139.426,-0.517488,-1.446371,0.281613,0.000000,0.000000,0.000000,1.000000,position_only
2026-03-07T18:21:53.154662+00:00,1772907713154.662,-0.533203,-1.433594,0.284912,-39.968750,-24.171875,-44.812500,25511,18061,17456,23732,0.450000,-0.550000,0.300000,0.000000,1772907713147.882,-0.525578,-1.437675,0.281380,0.000000,0.000000,0.000000,1.000000,position_only
2026-03-07T18:21:53.164657+00:00,1772907713164.656,-0.541992,-1.423828,0.284424,-41.093750,-24.453125,-44.906250,25620,18587,18127,23738,0.450000,-0.550000,0.300000,0.000000,1772907713156.377,-0.533379,-1.428748,0.280839,0.000000,0.000000,0.000000,1.000000,position_only
2026-03-07T18:21:53.173820+00:00,1772907713173.820,-0.550293,-1.414062,0.283691,-42.125000,-24.562500,-44.875000,25259,19784,18102,24468,0.450000,-0.550000,0.300000,0.000000,1772907713173.592,-0.547446,-1.409991,0.279661,0.000000,0.000000,0.000000,1.000000,position_only
2026-03-07T18:21:53.184431+00:00,1772907713184.430,-0.558105,-1.402344,0.282715,-43.000000,-24.515625,-44.656250,26607,19273,20199,23257,0.450000,-0.550000,0.300000,0.000000,1772907713182.101,-0.553913,-1.400254,0.278659,0.000000,0.000000,0.000000,1.000000,position_only
2026-03-07T18:21:53.194211+00:00,1772907713194.210,-0.565430,-1.391602,0.281494,-43.687500,-24.281250,-44.218750,26036,20770,20326,24065,0.450000,-0.550000,0.300000,0.000000,1772907713190.589,-0.559858,-1.390302,0.277663,0.000000,0.000000,0.000000,1.000000,position_only
2026-03-07T18:21:53.204836+00:00,1772907713204.835,-0.571289,-1.379883,0.279785,-44.281250,-23.890625,-43.687500,24933,22708,20081,25459,0.450000,-0.550000,0.300000,0.000000,1772907713199.077,-0.565422,-1.380004,0.276548,0.000000,0.000000,0.000000,1.000000,position_only
2026-03-07T18:21:53.214720+00:00,1772907713214.719,-0.576660,-1.368164,0.277832,-44.687500,-23.359375,-42.968750,25894,22839,21729,24803,0.450000,-0.550000,0.300000,0.000000,1772907713207.834,-0.570408,-1.369498,0.275358,0.000000,0.000000,0.000000,1.000000,position_only
2026-03-07T18:21:53.224566+00:00,1772907713224.565,-0.581055,-1.356445,0.275879,-44.937500,-22.703125,-42.093750,26586,23109,23267,24458,0.450000,-0.550000,0.300000,0.000000,1772907713216.441,-0.575010,-1.358709,0.273858,0.000000,0.000000,0.000000,1.000000,position_only
2026-03-07T18:21:53.234879+00:00,1772907713234.878,-0.584961,-1.343750,0.273682,-45.062500,-21.937500,-41.125000,26438,24364,23730,25101,0.450000,-0.550000,0.300000,0.000000,1772907713233.397,-0.582909,-1.336191,0.270559,0.000000,0.000000,0.000000,1.000000,position_only
2026-03-07T18:21:53.244929+00:00,1772907713244.928,-0.588379,-1.331055,0.270996,-45.000000,-21.062500,-40.031250,26553,25318,24350,25662,0.450000,-0.550000,0.300000,0.000000,1772907713241.889,-0.586222,-1.324310,0.268739,0.000000,0.000000,0.000000,1.000000,position_only
2026-03-07T18:21:53.254662+00:00,1772907713254.661,-0.591309,-1.317383,0.268311,-44.812500,-20.140625,-38.875000,26847,26119,25082,26070,0.450000,-0.550000,0.300000,0.000000,1772907713250.683,-0.589107,-1.312405,0.266467,0.000000,0.000000,0.000000,1.000000,position_only
2026-03-07T18:21:53.264499+00:00,1772907713264.498,-0.593262,-1.302734,0.265381,-44.500000,-19.171875,-37.718750,27920,26145,26585,25676,0.450000,-0.550000,0.300000,0.000000,1772907713259.167,-0.591543,-1.300007,0.264525,0.000000,0.000000,0.000000,1.000000,position_only
2026-03-07T18:21:53.275025+00:00,1772907713275.025,-0.594238,-1.288086,0.262451,-44.031250,-18.187500,-36.531250,28512,26494,27547,25920,0.450000,-0.550000,0.300000,0.000000,1772907713267.743,-0.593492,-1.287244,0.262553,0.000000,0.000000,0.000000,1.000000,position_only
2026-03-07T18:21:53.284856+00:00,1772907713284.855,-0.594727,-1.273438,0.259277,-43.406250,-17.203125,-35.375000,28434,27544,27814,26736,0.450000,-0.550000,0.300000,0.000000,1772907713276.235,-0.595059,-1.274051,0.260513,0.000000,0.000000,0.000000,1.000000,position_only
2026-03-07T18:21:53.294819+00:00,1772907713294.817,-0.594727,-1.257812,0.256348,-42.687500,-16.218750,-34.250000,28819,28015,28402,27228,0.450000,-0.550000,0.300000,0.000000,1772907713293.676,-0.596844,-1.246638,0.256015,0.000000,0.000000,0.000000,1.000000,position_only
2026-03-07T18:21:53.304691+00:00,1772907713304.690,-0.594238,-1.241211,0.252930,-41.875000,-15.257812,-33.187500,29746,27979,29420,27135,0.450000,-0.550000,0.300000,0.000000,1772907713302.284,-0.597205,-1.232331,0.253739,0.000000,0.000000,0.000000,1.000000,position_only
2026-03-07T18:21:53.314671+00:00,1772907713314.670,-0.592773,-1.224609,0.249634,-40.906250,-14.351562,-32.187500,30065,28372,29685,27853,0.450000,-0.550000,0.300000,0.000000,1772907713310.765,-0.597112,-1.217624,0.251510,0.000000,0.000000,0.000000,1.000000,position_only
2026-03-07T18:21:53.324655+00:00,1772907713324.654,-0.591309,-1.207031,0.246338,-39.781250,-13.515625,-31.281250,30736,28741,30217,27812,0.450000,-0.550000,0.300000,0.000000,1772907713319.250,-0.596683,-1.202630,0.249190,0.000000,0.000000,0.000000,1.000000,position_only
2026-03-07T18:21:53.334977+00:00,1772907713334.976,-0.589355,-1.188477,0.243408,-38.500000,-12.718750,-30.453125,30474,29558,29789,28997,0.450000,-0.550000,0.300000,0.000000,1772907713327.858,-0.595889,-1.187373,0.246863,0.000000,0.000000,0.000000,1.000000,position_only
2026-03-07T18:21:53.344800+00:00,1772907713344.799,-0.586426,-1.169922,0.240356,-37.031250,-11.992188,-29.750000,30655,30159,29674,29400,0.450000,-0.550000,0.300000,0.000000,1772907713336.369,-0.594700,-1.171578,0.244621,0.000000,0.000000,0.000000,1.000000,position_only
2026-03-07T18:21:53.354825+00:00,1772907713354.825,-0.583008,-1.151367,0.237427,-35.406250,-11.335938,-29.140625,31900,29444,30692,28620,0.450000,-0.550000,0.300000,0.000000,1772907713353.374,-0.591220,-1.139116,0.240689,0.000000,0.000000,0.000000,1.000000,position_only
2026-03-07T18:21:53.364804+00:00,1772907713364.803,-0.579102,-1.130859,0.234619,-33.625000,-10.750000,-28.562500,32288,29639,30747,28495,0.450000,-0.550000,0.300000,0.000000,1772907713362.124,-0.586519,-1.104929,0.237120,0.000000,0.000000,0.000000,1.000000,position_only
2026-03-07T18:21:53.374725+00:00,1772907713374.724,-0.574707,-1.109375,0.231812,-31.671875,-10.242188,-28.062500,32004,30540,30016,28863,0.450000,-0.550000,0.300000,0.000000,1772907713370.815,-0.583659,-1.087285,0.235512,0.000000,0.000000,0.000000,1.000000,position_only
2026-03-07T18:21:53.384961+00:00,1772907713384.960,-0.569824,-1.086914,0.229370,-29.500000,-9.757812,-27.625000,32263,30645,30008,28444,0.450000,-0.550000,0.300000,0.000000,1772907713379.319,-0.580535,-1.069375,0.234260,0.000000,0.000000,0.000000,1.000000,position_only
2026-03-07T18:21:53.394928+00:00,1772907713394.927,-0.565430,-1.064453,0.227783,-27.078125,-9.281250,-27.203125,32757,29979,30074,27458,0.450000,-0.550000,0.300000,0.000000,1772907713387.915,-0.580535,-1.069375,0.234260,0.000000,0.000000,0.000000,1.000000,position_only
2026-03-07T18:21:53.404753+00:00,1772907713404.752,-0.560059,-1.041016,0.226074,-24.515625,-8.968750,-26.890625,30950,31945,27858,29290,0.450000,-0.550000,0.300000,0.000000,1772907713396.503,-0.573554,-1.032615,0.232106,0.000000,0.000000,0.000000,1.000000,position_only
2026-03-07T18:21:53.414737+00:00,1772907713414.736,-0.554199,-1.018555,0.224854,-21.796875,-8.656250,-26.656250,32084,30934,28725,27265,0.450000,-0.550000,0.300000,0.000000,1772907713413.592,-0.565462,-0.995110,0.231036,0.000000,0.000000,0.000000,1.000000,position_only
2026-03-07T18:21:53.425200+00:00,1772907713425.199,-0.547363,-0.994141,0.223999,-18.921875,-8.414062,-26.406250,32761,29952,29276,25272,0.450000,-0.550000,0.300000,0.000000,1772907713422.117,-0.561149,-0.975939,0.230901,0.000000,0.000000,0.000000,1.000000,position_only
2026-03-07T18:21:53.434208+00:00,1772907713434.208,-0.540527,-0.969238,0.223511,-15.882812,-8.203125,-26.156250,32031,30268,28113,25157,0.450000,-0.550000,0.300000,0.000000,1772907713430.777,-0.556588,-0.956787,0.231049,0.000000,0.000000,0.000000,1.000000,position_only
2026-03-07T18:21:53.444895+00:00,1772907713444.895,-0.533691,-0.944336,0.223633,-12.710938,-8.062500,-25.984375,30949,30678,26860,24975,0.450000,-0.550000,0.300000,0.000000,1772907713439.320,-0.551936,-0.937450,0.231463,0.000000,0.000000,0.000000,1.000000,position_only
2026-03-07T18:21:53.454627+00:00,1772907713454.626,-0.527832,-0.919922,0.224731,-9.414062,-7.949219,-25.812500,30559,30146,26408,23833,0.450000,-0.550000,0.300000,0.000000,1772907713447.878,-0.547113,-0.918206,0.232003,0.000000,0.000000,0.000000,1.000000,position_only
2026-03-07T18:21:53.464903+00:00,1772907713464.903,-0.520508,-0.895508,0.225830,-6.031250,-7.925781,-25.687500,30743,28804,26376,22158,0.450000,-0.550000,0.300000,0.000000,1772907713456.426,-0.542031,-0.898807,0.232930,0.000000,0.000000,0.000000,1.000000,position_only
2026-03-07T18:21:53.474751+00:00,1772907713474.751,-0.513672,-0.872070,0.227417,-2.574219,-8.007812,-25.578125,29727,28646,25347,21288,0.450000,-0.550000,0.300000,0.000000,1772907713473.648,-0.531526,-0.860281,0.235579,0.000000,0.000000,0.000000,1.000000,position_only
2026-03-07T18:21:53.485449+00:00,1772907713485.448,-0.505859,-0.846680,0.229492,0.915039,-8.125000,-25.437500,27641,29219,23100,21734,0.450000,-0.550000,0.300000,0.000000,1772907713482.507,-0.526124,-0.841227,0.237315,0.000000,0.000000,0.000000,1.000000,position_only
2026-03-07T18:21:53.495211+00:00,1772907713495.210,-0.497803,-0.821777,0.232178,4.414062,-8.367188,-25.328125,25283,30246,20583,22120,0.450000,-0.550000,0.300000,0.000000,1772907713491.002,-0.520587,-0.822321,0.239357,0.000000,0.000000,0.000000,1.000000,position_only
2026-03-07T18:21:53.505215+00:00,1772907713505.214,-0.490234,-0.797852,0.235229,7.945312,-8.695312,-25.203125,27952,26042,23441,17247,0.450000,-0.550000,0.300000,0.000000,1772907713499.532,-0.514933,-0.803511,0.241591,0.000000,0.000000,0.000000,1.000000,position_only
2026-03-07T18:21:53.515381+00:00,1772907713515.381,-0.484375,-0.774902,0.239014,11.515625,-9.023438,-24.968750,26884,25379,22538,16352,0.450000,-0.550000,0.300000,0.000000,1772907713508.530,-0.509223,-0.785132,0.243970,0.000000,0.000000,0.000000,1.000000,position_only
2026-03-07T18:21:53.525153+00:00,1772907713525.152,-0.477051,-0.752441,0.242676,14.968750,-9.492188,-24.750000,23169,27487,18830,18188,0.450000,-0.550000,0.300000,0.000000,1772907713517.227,-0.503379,-0.766944,0.246505,0.000000,0.000000,0.000000,1.000000,position_only
2026-03-07T18:21:53.535155+00:00,1772907713535.154,-0.469727,-0.730469,0.246582,18.375000,-10.046875,-24.531250,23018,26198,18708,16389,0.450000,-0.550000,0.300000,0.000000,1772907713534.293,-0.491460,-0.731473,0.252149,0.000000,0.000000,0.000000,1.000000,position_only
2026-03-07T18:21:53.546814+00:00,1772907713546.813,-0.461914,-0.707520,0.250977,21.671875,-10.679688,-24.171875,23946,23720,19629,13844,0.450000,-0.550000,0.300000,0.000000,1772907713542.771,-0.485483,-0.714288,0.254978,0.000000,0.000000,0.000000,1.000000,position_only
2026-03-07T18:21:53.554852+00:00,1772907713554.851,-0.454102,-0.685547,0.255371,24.843750,-11.398438,-23.703125,22468,23622,18285,13881,0.450000,-0.550000,0.300000,0.000000,1772907713551.348,-0.479387,-0.697470,0.258007,0.000000,0.000000,0.000000,1.000000,position_only
2026-03-07T18:21:53.565356+00:00,1772907713565.355,-0.446777,-0.664551,0.259766,27.859375,-12.234375,-23.171875,20929,23839,16999,13949,0.450000,-0.550000,0.300000,0.000000,1772907713560.326,-0.473240,-0.680984,0.260929,0.000000,0.000000,0.000000,1.000000,position_only
2026-03-07T18:21:53.575126+00:00,1772907713575.125,-0.441406,-0.645996,0.264160,30.750000,-13.109375,-22.562500,20385,23119,16645,13413,0.450000,-0.550000,0.300000,0.000000,1772907713568.824,-0.467007,-0.665014,0.264076,0.000000,0.000000,0.000000,1.000000,position_only
2026-03-07T18:21:53.584446+00:00,1772907713584.446,-0.434326,-0.627441,0.268311,33.437500,-14.101562,-21.812500,20427,21990,16585,12817,0.450000,-0.550000,0.300000,0.000000,1772907713577.343,-0.460761,-0.649310,0.266759,0.000000,0.000000,0.000000,1.000000,position_only
2026-03-07T18:21:53.594963+00:00,1772907713594.962,-0.427490,-0.609375,0.272217,35.937500,-15.179688,-20.937500,19321,22350,15528,13323,0.450000,-0.550000,0.300000,0.000000,1772907713594.707,-0.447808,-0.619358,0.272284,0.000000,0.000000,0.000000,1.000000,position_only
2026-03-07T18:21:53.605808+00:00,1772907713605.807,-0.419922,-0.590820,0.276123,38.187500,-16.328125,-19.937500,18016,22896,14208,14493,0.450000,-0.550000,0.300000,0.000000,1772907713603.425,-0.441213,-0.605075,0.275094,0.000000,0.000000,0.000000,1.000000,position_only
2026-03-07T18:21:53.614925+00:00,1772907713614.924,-0.412598,-0.573242,0.279541,40.281250,-17.562500,-18.812500,18747,21430,15360,13587,0.450000,-0.550000,0.300000,0.000000,1772907713611.958,-0.434490,-0.591265,0.277493,0.000000,0.000000,0.000000,1.000000,position_only
2026-03-07T18:21:53.625643+00:00,1772907713625.643,-0.405518,-0.556641,0.282959,42.093750,-18.812500,-17.562500,18228,21398,15097,14364,0.450000,-0.550000,0.300000,0.000000,1772907713621.163,-0.421102,-0.564594,0.281129,0.000000,0.000000,0.000000,1.000000,position_only
2026-03-07T18:21:53.634302+00:00,1772907713634.302,-0.397949,-0.539551,0.285645,43.718750,-20.078125,-16.203125,18042,21725,14893,14756,0.450000,-0.550000,0.300000,0.000000,1772907713629.973,-0.413793,-0.551709,0.282623,0.000000,0.000000,0.000000,1.000000,position_only
2026-03-07T18:21:53.645595+00:00,1772907713645.595,-0.391357,-0.524902,0.287842,45.250000,-21.328125,-14.796875,18165,22119,14767,15062,0.450000,-0.550000,0.300000,0.000000,1772907713638.588,-0.406855,-0.539617,0.284010,0.000000,0.000000,0.000000,1.000000,position_only
2026-03-07T18:21:53.654814+00:00,1772907713654.813,-0.384033,-0.510742,0.289795,46.687500,-22.578125,-13.343750,18809,22319,15117,14924,0.450000,-0.550000,0.300000,0.000000,1772907713647.149,-0.399952,-0.527920,0.285078,0.000000,0.000000,0.000000,1.000000,position_only
2026-03-07T18:21:53.665560+00:00,1772907713665.560,-0.376465,-0.496826,0.291260,48.062500,-23.781250,-11.828125,19811,22202,15750,14849,0.450000,-0.550000,0.300000,0.000000,1772907713664.467,-0.384753,-0.506068,0.286529,0.000000,0.000000,0.000000,1.000000,position_only
2026-03-07T18:21:53.675354+00:00,1772907713675.354,-0.368408,-0.483154,0.292236,49.343750,-24.937500,-10.273438,20380,22763,16071,15171,0.450000,-0.550000,0.300000,0.000000,1772907713672.998,-0.377161,-0.495565,0.286895,0.000000,0.000000,0.000000,1.000000,position_only
2026-03-07T18:21:53.685194+00:00,1772907713685.194,-0.360107,-0.470215,0.292725,50.562500,-26.062500,-8.703125,20375,23834,15816,16457,0.450000,-0.550000,0.300000,0.000000,1772907713681.476,-0.369683,-0.485496,0.286990,0.000000,0.000000,0.000000,1.000000,position_only
2026-03-07T18:21:53.695761+00:00,1772907713695.761,-0.351807,-0.458252,0.292480,51.625000,-27.156250,-7.128906,21195,24065,16759,16892,0.450000,-0.550000,0.300000,0.000000,1772907713690.207,-0.361509,-0.476306,0.286701,0.000000,0.000000,0.000000,1.000000,position_only
2026-03-07T18:21:53.705125+00:00,1772907713705.124,-0.344238,-0.448730,0.291504,52.531250,-28.171875,-5.605469,21900,24474,17858,17411,0.450000,-0.550000,0.300000,0.000000,1772907713698.757,-0.353340,-0.467275,0.286057,0.000000,0.000000,0.000000,1.000000,position_only
2026-03-07T18:21:53.715888+00:00,1772907713715.888,-0.335693,-0.438721,0.290527,53.218750,-29.093750,-4.132812,22889,24675,19065,18061,0.450000,-0.550000,0.300000,0.000000,1772907713715.766,-0.336501,-0.450429,0.283525,0.000000,0.000000,0.000000,1.000000,position_only
2026-03-07T18:21:53.725191+00:00,1772907713725.190,-0.326904,-0.429688,0.288818,53.687500,-29.937500,-2.716797,23463,25376,19893,19204,0.450000,-0.550000,0.300000,0.000000,1772907713724.284,-0.327884,-0.442237,0.281571,0.000000,0.000000,0.000000,1.000000,position_only
2026-03-07T18:21:53.735957+00:00,1772907713735.957,-0.317383,-0.420654,0.286621,53.906250,-30.703125,-1.383789,24627,25495,21457,19845,0.450000,-0.550000,0.300000,0.000000,1772907713732.797,-0.318795,-0.435343,0.279579,0.000000,0.000000,0.000000,1.000000,position_only
2026-03-07T18:21:53.745564+00:00,1772907713745.564,-0.307617,-0.412598,0.283691,53.906250,-31.437500,-0.128296,24609,26818,21541,22123,0.450000,-0.550000,0.300000,0.000000,1772907713741.442,-0.309827,-0.429040,0.277630,0.000000,0.000000,0.000000,1.000000,position_only
2026-03-07T18:21:53.754918+00:00,1772907713754.918,-0.297852,-0.405518,0.280518,53.687500,-32.125000,1.045898,26304,26456,23375,22777,0.450000,-0.550000,0.300000,0.000000,1772907713749.938,-0.300574,-0.423130,0.274928,0.000000,0.000000,0.000000,1.000000,position_only
2026-03-07T18:21:53.765479+00:00,1772907713765.478,-0.287842,-0.400635,0.276611,53.218750,-32.718750,2.126953,27697,26556,24997,23599,0.450000,-0.550000,0.300000,0.000000,1772907713758.428,-0.290596,-0.417725,0.272568,0.000000,0.000000,0.000000,1.000000,position_only
2026-03-07T18:21:53.775234+00:00,1772907713775.234,-0.277100,-0.395508,0.272705,52.531250,-33.250000,3.080078,28157,27619,25443,25669,0.450000,-0.550000,0.300000,0.000000,1772907713766.897,-0.280355,-0.412783,0.269533,0.000000,0.000000,0.000000,1.000000,position_only
2026-03-07T18:21:53.785359+00:00,1772907713785.359,-0.266113,-0.391113,0.268311,51.593750,-33.718750,3.906250,29360,28036,26623,26903,0.450000,-0.550000,0.300000,0.000000,1772907713783.884,-0.259289,-0.404004,0.262761,0.000000,0.000000,0.000000,1.000000,position_only
2026-03-07T18:21:53.795618+00:00,1772907713795.618,-0.254150,-0.387207,0.263184,50.468750,-34.125000,4.605469,30290,28695,27704,28289,0.450000,-0.550000,0.300000,0.000000,1772907713792.497,-0.248118,-0.400272,0.259011,0.000000,0.000000,0.000000,1.000000,position_only
2026-03-07T18:21:53.805695+00:00,1772907713805.695,-0.241577,-0.384277,0.258057,49.093750,-34.406250,5.121094,32185,28568,29819,28439,0.450000,-0.550000,0.300000,0.000000,1772907713800.970,-0.236786,-0.397127,0.255018,0.000000,0.000000,0.000000,1.000000,position_only
2026-03-07T18:21:53.815661+00:00,1772907713815.661,-0.228394,-0.383057,0.252441,47.593750,-34.562500,5.437500,32241,30107,30054,30554,0.450000,-0.550000,0.300000,0.000000,1772907713809.392,-0.225128,-0.394626,0.250945,0.000000,0.000000,0.000000,1.000000,position_only
2026-03-07T18:21:53.825653+00:00,1772907713825.652,-0.214966,-0.382080,0.246826,45.843750,-34.562500,5.531250,32701,31337,30880,31839,0.450000,-0.550000,0.300000,0.000000,1772907713817.933,-0.212808,-0.392576,0.246594,0.000000,0.000000,0.000000,1.000000,position_only
2026-03-07T18:21:53.835676+00:00,1772907713835.675,-0.200928,-0.381836,0.241089,43.875000,-34.406250,5.398438,32767,31789,31672,32366,0.450000,-0.550000,0.300000,0.000000,1772907713835.253,-0.187202,-0.390333,0.238097,0.000000,0.000000,0.000000,1.000000,position_only
2026-03-07T18:21:53.845030+00:00,1772907713845.029,-0.185547,-0.382080,0.234863,41.781250,-34.031250,5.085938,32767,32250,32481,32492,0.450000,-0.550000,0.300000,0.000000,1772907713843.767,-0.173532,-0.389929,0.233742,0.000000,0.000000,0.000000,1.000000,position_only
2026-03-07T18:21:53.855836+00:00,1772907713855.835,-0.169556,-0.383545,0.228638,39.531250,-33.437500,4.566406,32767,32760,32372,32767,0.450000,-0.550000,0.300000,0.000000,1772907713852.344,-0.159951,-0.390031,0.229440,0.000000,0.000000,0.000000,1.000000,position_only
2026-03-07T18:21:53.865650+00:00,1772907713865.650,-0.152954,-0.385742,0.222778,37.156250,-32.687500,3.900391,32767,32767,32767,32464,0.450000,-0.550000,0.300000,0.000000,1772907713860.834,-0.145174,-0.390750,0.225289,0.000000,0.000000,0.000000,1.000000,position_only
2026-03-07T18:21:53.876229+00:00,1772907713876.229,-0.135376,-0.388916,0.216919,34.718750,-31.625000,3.068359,32767,32600,32767,31526,0.450000,-0.550000,0.300000,0.000000,1772907713869.653,-0.130143,-0.391783,0.221229,0.000000,0.000000,0.000000,1.000000,position_only
2026-03-07T18:21:53.886108+00:00,1772907713886.108,-0.117676,-0.392334,0.211182,32.250000,-30.296875,2.132812,32426,32767,32767,32085,0.450000,-0.550000,0.300000,0.000000,1772907713878.164,-0.114727,-0.393698,0.217149,0.000000,0.000000,0.000000,1.000000,position_only
2026-03-07T18:21:53.896031+00:00,1772907713896.030,-0.099487,-0.396484,0.205811,29.734375,-28.718750,1.101562,32511,31699,32758,29571,0.450000,-0.550000,0.300000,0.000000,1772907713895.425,-0.065872,-0.400644,0.205831,0.000000,0.000000,0.000000,1.000000,position_only
2026-03-07T18:21:53.905630+00:00,1772907713905.629,-0.079651,-0.401611,0.200439,27.187500,-26.890625,0.098938,31377,32767,32767,31337,0.450000,-0.550000,0.300000,0.000000,1772907713904.056,-0.048992,-0.403613,0.202236,0.000000,0.000000,0.000000,1.000000,position_only
2026-03-07T18:21:53.916635+00:00,1772907713916.634,-0.058167,-0.407471,0.195190,24.625000,-24.843750,-0.898926,30667,32541,32767,29907,0.450000,-0.550000,0.300000,0.000000,1772907713912.530,-0.048992,-0.403613,0.202236,0.000000,0.000000,0.000000,1.000000,position_only
2026-03-07T18:21:53.926055+00:00,1772907713926.054,-0.035858,-0.413330,0.190918,22.031250,-22.531250,-1.855469,28953,32767,32767,31153,0.450000,-0.550000,0.300000,0.000000,1772907713921.069,-0.013815,-0.410884,0.196195,0.000000,0.000000,0.000000,1.000000,position_only
2026-03-07T18:21:53.936109+00:00,1772907713936.109,-0.013748,-0.420166,0.186646,19.390625,-20.031250,-2.810547,28522,32506,32767,29146,0.450000,-0.550000,0.300000,0.000000,1772907713929.698,0.004043,-0.414888,0.193458,0.000000,0.000000,0.000000,1.000000,position_only
2026-03-07T18:21:53.945908+00:00,1772907713945.908,0.008644,-0.427246,0.182861,16.765625,-17.250000,-3.669922,27353,32710,32767,28833,0.450000,-0.550000,0.300000,0.000000,1772907713938.323,0.022203,-0.419122,0.191092,0.000000,0.000000,0.000000,1.000000,position_only
2026-03-07T18:21:53.956391+00:00,1772907713956.390,0.031250,-0.434570,0.179688,14.148438,-14.257812,-4.433594,26252,30620,32767,26899,0.450000,-0.550000,0.300000,0.000000,1772907713955.352,0.059037,-0.428348,0.187267,0.000000,0.000000,0.000000,1.000000,position_only
2026-03-07T18:21:53.965490+00:00,1772907713965.490,0.055450,-0.442627,0.177002,11.515625,-11.109375,-5.023438,25528,31539,32767,27278,0.450000,-0.550000,0.300000,0.000000,1772907713963.826,0.077525,-0.433036,0.185803,0.000000,0.000000,0.000000,1.000000,position_only
2026-03-07T18:21:53.977653+00:00,1772907713977.652,0.079712,-0.450928,0.174927,8.937500,-7.820312,-5.507812,24625,31955,32767,27912,0.450000,-0.550000,0.300000,0.000000,1772907713972.590,0.096264,-0.437874,0.184838,0.000000,0.000000,0.000000,1.000000,position_only
2026-03-07T18:21:53.985939+00:00,1772907713985.938,0.104614,-0.458252,0.174072,6.316406,-4.449219,-5.828125,24103,31086,32767,27359,0.450000,-0.550000,0.300000,0.000000,1772907713981.084,0.114909,-0.442899,0.184114,0.000000,0.000000,0.000000,1.000000,position_only
2026-03-07T18:21:53.996579+00:00,1772907713996.578,0.128296,-0.466309,0.173462,3.720703,-1.016602,-6.039062,23506,30041,32767,26915,0.450000,-0.550000,0.300000,0.000000,1772907713989.664,0.133557,-0.447816,0.183789,0.000000,0.000000,0.000000,1.000000,position_only
2026-03-07T18:21:54.006268+00:00,1772907714006.267,0.151611,-0.474365,0.173340,1.111328,2.433594,-6.097656,22902,29648,32767,26649,0.450000,-0.550000,0.300000,0.000000,1772907713998.156,0.152142,-0.452752,0.183835,0.000000,0.000000,0.000000,1.000000,position_only
2026-03-07T18:21:54.016215+00:00,1772907714016.215,0.174683,-0.481934,0.173950,-1.478516,5.914062,-6.011719,22262,30191,32767,27374,0.450000,-0.550000,0.300000,0.000000,1772907714015.381,0.189034,-0.462435,0.184266,0.000000,0.000000,0.000000,1.000000,position_only
2026-03-07T18:21:54.025444+00:00,1772907714025.444,0.198853,-0.489990,0.175049,-4.042969,9.351562,-5.746094,21790,29649,32767,27148,0.450000,-0.550000,0.300000,0.000000,1772907714023.876,0.206580,-0.467314,0.185377,0.000000,0.000000,0.000000,1.000000,position_only
2026-03-07T18:21:54.037086+00:00,1772907714037.085,0.222534,-0.497803,0.176758,-6.593750,12.734375,-5.332031,21448,27959,32767,25436,0.450000,-0.550000,0.300000,0.000000,1772907714032.377,0.224296,-0.472064,0.186382,0.000000,0.000000,0.000000,1.000000,position_only
2026-03-07T18:21:54.046425+00:00,1772907714046.424,0.245117,-0.503418,0.179565,-9.148438,16.125000,-4.726562,20739,27708,32767,25223,0.450000,-0.550000,0.300000,0.000000,1772907714040.847,0.241461,-0.476679,0.187678,0.000000,0.000000,0.000000,1.000000,position_only
2026-03-07T18:21:54.055687+00:00,1772907714055.687,0.266846,-0.509766,0.182129,-11.617188,19.453125,-4.007812,20126,29019,32767,26188,0.450000,-0.550000,0.300000,0.000000,1772907714049.648,0.258467,-0.481130,0.189206,0.000000,0.000000,0.000000,1.000000,position_only
2026-03-07T18:21:54.065505+00:00,1772907714065.505,0.287842,-0.516113,0.185181,-13.960938,22.734375,-3.150391,19289,27489,32767,24163,0.450000,-0.550000,0.300000,0.000000,1772907714058.254,0.274987,-0.485355,0.190998,0.000000,0.000000,0.000000,1.000000,position_only
2026-03-07T18:21:54.076113+00:00,1772907714076.113,0.308105,-0.521484,0.188599,-16.265625,25.937500,-2.150391,18603,28187,32767,24419,0.450000,-0.550000,0.300000,0.000000,1772907714075.703,0.306387,-0.493226,0.195021,0.000000,0.000000,0.000000,1.000000,position_only
2026-03-07T18:21:54.086747+00:00,1772907714086.747,0.328613,-0.526855,0.192261,-18.453125,29.015625,-0.999023,18252,27117,32767,22995,0.450000,-0.550000,0.300000,0.000000,1772907714084.240,0.321454,-0.496947,0.197203,0.000000,0.000000,0.000000,1.000000,position_only
2026-03-07T18:21:54.096781+00:00,1772907714096.781,0.348389,-0.531738,0.196167,-20.531250,31.968750,0.290283,17742,26454,32767,21833,0.450000,-0.550000,0.300000,0.000000,1772907714092.799,0.335954,-0.500484,0.199413,0.000000,0.000000,0.000000,1.000000,position_only
2026-03-07T18:21:54.106374+00:00,1772907714106.373,0.365479,-0.533691,0.200317,-22.546875,34.812500,1.711914,16747,28084,32767,22812,0.450000,-0.550000,0.300000,0.000000,1772907714101.294,0.349858,-0.503624,0.201656,0.000000,0.000000,0.000000,1.000000,position_only
2026-03-07T18:21:54.115605+00:00,1772907714115.604,0.382568,-0.537109,0.204224,-24.359375,37.500000,3.166016,16943,26937,32767,20762,0.450000,-0.550000,0.300000,0.000000,1772907714110.277,0.363187,-0.506676,0.203971,0.000000,0.000000,0.000000,1.000000,position_only
2026-03-07T18:21:54.126544+00:00,1772907714126.544,0.398682,-0.539551,0.208008,-25.953125,40.000000,4.707031,17042,26279,32767,19444,0.450000,-0.550000,0.300000,0.000000,1772907714118.934,0.375935,-0.509578,0.206225,0.000000,0.000000,0.000000,1.000000,position_only
2026-03-07T18:21:54.135916+00:00,1772907714135.916,0.413574,-0.541992,0.211670,-27.343750,42.281250,6.273438,16072,27360,31596,19875,0.450000,-0.550000,0.300000,0.000000,1772907714127.429,0.388085,-0.512084,0.208349,0.000000,0.000000,0.000000,1.000000,position_only
2026-03-07T18:21:54.145935+00:00,1772907714145.935,0.427246,-0.543457,0.215088,-28.390625,44.343750,7.757812,15525,27778,30350,19897,0.450000,-0.550000,0.300000,0.000000,1772907714144.530,0.410375,-0.516450,0.212658,0.000000,0.000000,0.000000,1.000000,position_only
2026-03-07T18:21:54.157293+00:00,1772907714157.293,0.440918,-0.544922,0.218628,-29.093750,46.062500,9.117188,16623,26703,30435,18775,0.450000,-0.550000,0.300000,0.000000,1772907714153.229,0.420408,-0.518515,0.214511,0.000000,0.000000,0.000000,1.000000,position_only
2026-03-07T18:21:54.166418+00:00,1772907714166.417,0.451904,-0.543945,0.221436,-29.468750,47.500000,10.312500,17544,26034,30457,17876,0.450000,-0.550000,0.300000,0.000000,1772907714161.708,0.429995,-0.520220,0.216241,0.000000,0.000000,0.000000,1.000000,position_only
2026-03-07T18:21:54.176677+00:00,1772907714176.677,0.463623,-0.544434,0.224243,-29.421875,48.562500,11.281250,17522,26362,29272,18497,0.450000,-0.550000,0.300000,0.000000,1772907714170.535,0.447236,-0.523229,0.219479,0.000000,0.000000,0.000000,1.000000,position_only
2026-03-07T18:21:54.186646+00:00,1772907714186.646,0.474121,-0.544434,0.226685,-28.921875,49.312500,11.945312,17558,26908,27837,19431,0.450000,-0.550000,0.300000,0.000000,1772907714179.032,0.454906,-0.524430,0.220895,0.000000,0.000000,0.000000,1.000000,position_only
2026-03-07T18:21:54.196472+00:00,1772907714196.472,0.483398,-0.543945,0.228882,-27.968750,49.687500,12.257812,19495,25697,28224,18665,0.450000,-0.550000,0.300000,0.000000,1772907714196.023,0.468484,-0.526537,0.223123,0.000000,0.000000,0.000000,1.000000,position_only
2026-03-07T18:21:54.207266+00:00,1772907714207.265,0.491699,-0.542969,0.230591,-26.609375,49.656250,12.281250,21013,24976,28045,18585,0.450000,-0.550000,0.300000,0.000000,1772907714204.909,0.474311,-0.527587,0.223936,0.000000,0.000000,0.000000,1.000000,position_only
2026-03-07T18:21:54.216359+00:00,1772907714216.359,0.499268,-0.542480,0.232178,-24.906250,49.281250,12.062500,20490,26127,25780,20908,0.450000,-0.550000,0.300000,0.000000,1772907714213.430,0.479414,-0.528277,0.224680,0.000000,0.000000,0.000000,1.000000,position_only
2026-03-07T18:21:54.226811+00:00,1772907714226.810,0.504395,-0.540039,0.232788,-22.906250,48.531250,11.531250,20759,26749,24434,22165,0.450000,-0.550000,0.300000,0.000000,1772907714221.894,0.479414,-0.528277,0.224680,0.000000,0.000000,0.000000,1.000000,position_only
2026-03-07T18:21:54.236682+00:00,1772907714236.681,0.509766,-0.539062,0.233765,-20.656250,47.375000,10.812500,22912,25531,25088,21462,0.450000,-0.550000,0.300000,0.000000,1772907714230.462,0.488039,-0.529367,0.225840,0.000000,0.000000,0.000000,1.000000,position_only
2026-03-07T18:21:54.245669+00:00,1772907714245.669,0.514160,-0.537598,0.234375,-18.343750,45.937500,10.062500,25245,23945,26214,20533,0.450000,-0.550000,0.300000,0.000000,1772907714239.186,0.491599,-0.529862,0.226194,0.000000,0.000000,0.000000,1.000000,position_only
2026-03-07T18:21:54.256708+00:00,1772907714256.707,0.517090,-0.535645,0.234741,-16.031250,44.218750,9.367188,24833,25064,24668,22286,0.450000,-0.550000,0.300000,0.000000,1772907714256.145,0.496767,-0.530579,0.226469,0.000000,0.000000,0.000000,1.000000,position_only
2026-03-07T18:21:54.265814+00:00,1772907714265.813,0.519531,-0.534180,0.234985,-13.750000,42.281250,8.664062,24069,26199,23106,24325,0.450000,-0.550000,0.300000,0.000000,1772907714264.693,0.498671,-0.530825,0.226518,0.000000,0.000000,0.000000,1.000000,position_only
2026-03-07T18:21:54.277410+00:00,1772907714277.410,0.521484,-0.532227,0.234985,-11.578125,40.187500,7.988281,25656,25067,24058,23658,0.450000,-0.550000,0.300000,0.000000,1772907714273.258,0.499995,-0.531036,0.226364,0.000000,0.000000,0.000000,1.000000,position_only
2026-03-07T18:21:54.286387+00:00,1772907714286.387,0.520996,-0.530762,0.234497,-9.546875,37.968750,7.453125,26933,24103,24870,23163,0.450000,-0.550000,0.300000,0.000000,1772907714281.877,0.500753,-0.531247,0.226204,0.000000,0.000000,0.000000,1.000000,position_only
2026-03-07T18:21:54.296376+00:00,1772907714296.375,0.521484,-0.528809,0.234375,-7.683594,35.656250,7.046875,26367,24877,24248,24078,0.450000,-0.550000,0.300000,0.000000,1772907714290.456,0.501146,-0.531447,0.225917,0.000000,0.000000,0.000000,1.000000,position_only
2026-03-07T18:21:54.306707+00:00,1772907714306.706,0.520508,-0.527344,0.234131,-5.957031,33.312500,6.718750,25734,25738,23522,24980,0.450000,-0.550000,0.300000,0.000000,1772907714298.974,0.501026,-0.531663,0.225572,0.000000,0.000000,0.000000,1.000000,position_only
2026-03-07T18:21:54.316497+00:00,1772907714316.496,0.519531,-0.525879,0.234009,-4.343750,31.000000,6.457031,25733,25930,23278,25262,0.450000,-0.550000,0.300000,0.000000,1772907714316.114,0.499470,-0.532131,0.224933,0.000000,0.000000,0.000000,1.000000,position_only
2026-03-07T18:21:54.325956+00:00,1772907714325.955,0.517578,-0.524414,0.233765,-2.851562,28.718750,6.281250,27017,24688,24670,23869,0.450000,-0.550000,0.300000,0.000000,1772907714324.620,0.498102,-0.532494,0.224606,0.000000,0.000000,0.000000,1.000000,position_only
2026-03-07T18:21:54.338119+00:00,1772907714338.119,0.514648,-0.522949,0.233765,-1.499023,26.484375,6.207031,26587,24904,24539,24095,0.450000,-0.550000,0.300000,0.000000,1772907714333.191,0.496310,-0.532863,0.224320,0.000000,0.000000,0.000000,1.000000,position_only
2026-03-07T18:21:54.346627+00:00,1772907714346.627,0.510254,-0.522461,0.233032,-0.265137,24.343750,6.203125,25570,25788,23643,24830,0.450000,-0.550000,0.300000,0.000000,1772907714341.681,0.494172,-0.533250,0.224013,0.000000,0.000000,0.000000,1.000000,position_only
2026-03-07T18:21:54.357167+00:00,1772907714357.167,0.506836,-0.521484,0.233154,0.848633,22.234375,6.210938,25490,25650,23706,24588,0.450000,-0.550000,0.300000,0.000000,1772907714350.178,0.491784,-0.533691,0.223823,0.000000,0.000000,0.000000,1.000000,position_only
2026-03-07T18:21:54.366992+00:00,1772907714366.991,0.502930,-0.520996,0.233276,1.852539,20.171875,6.265625,25838,24964,23939,24063,0.450000,-0.550000,0.300000,0.000000,1772907714358.676,0.489086,-0.534160,0.223778,0.000000,0.000000,0.000000,1.000000,position_only
2026-03-07T18:21:54.376881+00:00,1772907714376.880,0.498535,-0.520508,0.233521,2.755859,18.140625,6.375000,26191,24170,24464,23241,0.450000,-0.550000,0.300000,0.000000,1772907714375.768,0.482809,-0.535527,0.223861,0.000000,0.000000,0.000000,1.000000,position_only
2026-03-07T18:21:54.385935+00:00,1772907714385.935,0.493408,-0.520020,0.234009,3.541016,16.140625,6.523438,25651,24232,23758,23546,0.450000,-0.550000,0.300000,0.000000,1772907714384.364,0.479384,-0.536270,0.224102,0.000000,0.000000,0.000000,1.000000,position_only
2026-03-07T18:21:54.397197+00:00,1772907714397.196,0.488281,-0.520020,0.234741,4.234375,14.140625,6.687500,25187,24176,23060,23763,0.450000,-0.550000,0.300000,0.000000,1772907714392.823,0.475731,-0.537020,0.224452,0.000000,0.000000,0.000000,1.000000,position_only
2026-03-07T18:21:54.406618+00:00,1772907714406.617,0.481934,-0.521484,0.234863,4.867188,12.140625,6.898438,25229,23517,22806,23538,0.450000,-0.550000,0.300000,0.000000,1772907714401.321,0.471991,-0.537911,0.224957,0.000000,0.000000,0.000000,1.000000,position_only
2026-03-07T18:21:54.416680+00:00,1772907714416.680,0.476318,-0.521973,0.235718,5.382812,10.101562,7.109375,25631,22573,22877,22887,0.450000,-0.550000,0.300000,0.000000,1772907714410.145,0.468030,-0.538934,0.225654,0.000000,0.000000,0.000000,1.000000,position_only
2026-03-07T18:21:54.426668+00:00,1772907714426.667,0.470703,-0.522461,0.236816,5.812500,8.046875,7.355469,25323,22284,22350,22749,0.450000,-0.550000,0.300000,0.000000,1772907714418.848,0.464034,-0.539919,0.226345,0.000000,0.000000,0.000000,1.000000,position_only
2026-03-07T18:21:54.437121+00:00,1772907714437.120,0.464844,-0.523438,0.238037,6.175781,5.996094,7.605469,24128,22773,20808,23720,0.450000,-0.550000,0.300000,0.000000,1772907714436.221,0.455902,-0.542259,0.228213,0.000000,0.000000,0.000000,1.000000,position_only
2026-03-07T18:21:54.446478+00:00,1772907714446.478,0.459229,-0.524414,0.239258,6.457031,3.933594,7.843750,24480,21721,20909,22992,0.450000,-0.550000,0.300000,0.000000,1772907714444.766,0.451773,-0.543491,0.229375,0.000000,0.000000,0.000000,1.000000,position_only
2026-03-07T18:21:54.457889+00:00,1772907714457.889,0.453125,-0.525879,0.240967,6.656250,1.892578,8.101562,25399,20130,21644,21555,0.450000,-0.550000,0.300000,0.000000,1772907714453.291,0.447400,-0.544821,0.230673,0.000000,0.000000,0.000000,1.000000,position_only
2026-03-07T18:21:54.466331+00:00,1772907714466.331,0.446533,-0.528809,0.242065,6.828125,-0.063293,8.421875,24177,20653,20212,22295,0.450000,-0.550000,0.300000,0.000000,1772907714461.994,0.439183,-0.547625,0.233454,0.000000,0.000000,0.000000,1.000000,position_only
2026-03-07T18:21:54.476834+00:00,1772907714476.834,0.440430,-0.530762,0.244019,6.902344,-2.007812,8.687500,22909,21149,18810,23054,0.450000,-0.550000,0.300000,0.000000,1772907714470.722,0.435170,-0.549159,0.235048,0.000000,0.000000,0.000000,1.000000,position_only
2026-03-07T18:21:54.487288+00:00,1772907714487.287,0.434570,-0.532715,0.245972,6.906250,-3.890625,8.921875,23423,19957,19296,21910,0.450000,-0.550000,0.300000,0.000000,1772907714479.215,0.431251,-0.550671,0.236693,0.000000,0.000000,0.000000,1.000000,position_only
2026-03-07T18:21:54.496478+00:00,1772907714496.477,0.428711,-0.535156,0.248047,6.839844,-5.687500,9.164062,23624,19006,19589,21224,0.450000,-0.550000,0.300000,0.000000,1772907714487.707,0.427597,-0.552374,0.238366,0.000000,0.000000,0.000000,1.000000,position_only
2026-03-07T18:21:54.506916+00:00,1772907714506.915,0.423096,-0.537109,0.250488,6.691406,-7.402344,9.414062,22733,19064,18737,21496,0.450000,-0.550000,0.300000,0.000000,1772907714505.030,0.420293,-0.555520,0.241925,0.000000,0.000000,0.000000,1.000000,position_only
2026-03-07T18:21:54.518269+00:00,1772907714518.268,0.417480,-0.539551,0.252930,6.464844,-9.023438,9.625000,22367,18743,18545,21142,0.450000,-0.550000,0.300000,0.000000,1772907714513.532,0.416750,-0.557073,0.243880,0.000000,0.000000,0.000000,1.000000,position_only
2026-03-07T18:21:54.528195+00:00,1772907714528.195,0.412109,-0.542480,0.255371,6.167969,-10.515625,9.812500,22151,18151,18510,20818,0.450000,-0.550000,0.300000,0.000000,1772907714522.083,0.413375,-0.558711,0.245756,0.000000,0.000000,0.000000,1.000000,position_only
2026-03-07T18:21:54.537093+00:00,1772907714537.093,0.407471,-0.545898,0.256836,5.820312,-11.898438,10.007812,21960,17721,18432,20438,0.450000,-0.550000,0.300000,0.000000,1772907714530.707,0.410218,-0.560351,0.247725,0.000000,0.000000,0.000000,1.000000,position_only
2026-03-07T18:21:54.547105+00:00,1772907714547.104,0.403076,-0.548828,0.259277,5.402344,-13.171875,10.156250,22285,16791,19049,19518,0.450000,-0.550000,0.300000,0.000000,1772907714539.387,0.407207,-0.561925,0.249754,0.000000,0.000000,0.000000,1.000000,position_only
2026-03-07T18:21:54.556267+00:00,1772907714556.266,0.398926,-0.551270,0.261475,4.925781,-14.304688,10.289062,20727,17906,17727,20468,0.450000,-0.550000,0.300000,0.000000,1772907714548.214,0.404330,-0.563469,0.251776,0.000000,0.000000,0.000000,1.000000,position_only
2026-03-07T18:21:54.566970+00:00,1772907714566.970,0.395020,-0.554199,0.264160,4.398438,-15.304688,10.375000,20524,17421,17794,20340,0.450000,-0.550000,0.300000,0.000000,1772907714565.630,0.399141,-0.566579,0.255727,0.000000,0.000000,0.000000,1.000000,position_only
2026-03-07T18:21:54.576746+00:00,1772907714576.746,0.391357,-0.557129,0.266357,3.792969,-16.203125,10.437500,21709,15766,19160,18777,0.450000,-0.550000,0.300000,0.000000,1772907714574.201,0.396889,-0.568051,0.257681,0.000000,0.000000,0.000000,1.000000,position_only
2026-03-07T18:21:54.587440+00:00,1772907714587.439,0.388428,-0.560547,0.268066,3.187500,-16.984375,10.546875,21599,15422,19345,18477,0.450000,-0.550000,0.300000,0.000000,1772907714582.717,0.394769,-0.569471,0.259609,0.000000,0.000000,0.000000,1.000000,position_only
2026-03-07T18:21:54.596702+00:00,1772907714596.701,0.385742,-0.562988,0.270264,2.515625,-17.625000,10.609375,19529,17041,17539,20265,0.450000,-0.550000,0.300000,0.000000,1772907714591.319,0.392845,-0.570871,0.261532,0.000000,0.000000,0.000000,1.000000,position_only
2026-03-07T18:21:54.606846+00:00,1772907714606.846,0.383301,-0.565430,0.272217,1.783203,-18.203125,10.609375,19752,16522,18030,19779,0.450000,-0.550000,0.300000,0.000000,1772907714599.766,0.391190,-0.572189,0.263485,0.000000,0.000000,0.000000,1.000000,position_only
2026-03-07T18:21:54.617175+00:00,1772907714617.174,0.381104,-0.567871,0.274170,1.044922,-18.625000,10.617188,20866,15211,19460,18223,0.450000,-0.550000,0.300000,0.000000,1772907714616.766,0.388401,-0.574540,0.267090,0.000000,0.000000,0.000000,1.000000,position_only
2026-03-07T18:21:54.626638+00:00,1772907714626.638,0.379395,-0.570312,0.276367,0.327148,-18.921875,10.648438,20163,15724,18901,18916,0.450000,-0.550000,0.300000,0.000000,1772907714625.278,0.387338,-0.575657,0.268819,0.000000,0.000000,0.000000,1.000000,position_only
2026-03-07T18:21:54.637168+00:00,1772907714637.167,0.377686,-0.572754,0.278320,-0.401367,-19.125000,10.656250,19229,16470,18212,19694,0.450000,-0.550000,0.300000,0.000000,1772907714633.762,0.386458,-0.576623,0.270460,0.000000,0.000000,0.000000,1.000000,position_only
2026-03-07T18:21:54.648000+00:00,1772907714648.000,0.377197,-0.575195,0.279541,-1.121094,-19.234375,10.640625,19834,15803,18989,18944,0.450000,-0.550000,0.300000,0.000000,1772907714642.334,0.385739,-0.577503,0.272061,0.000000,0.000000,0.000000,1.000000,position_only
2026-03-07T18:21:54.657969+00:00,1772907714657.968,0.376465,-0.577148,0.281006,-1.818359,-19.234375,10.640625,19953,15733,19258,18735,0.450000,-0.550000,0.300000,0.000000,1772907714650.837,0.385264,-0.578286,0.273713,0.000000,0.000000,0.000000,1.000000,position_only
2026-03-07T18:21:54.666393+00:00,1772907714666.393,0.375977,-0.579102,0.282715,-2.470703,-19.140625,10.648438,19490,16212,18975,19122,0.450000,-0.550000,0.300000,0.000000,1772907714659.344,0.385016,-0.579026,0.275121,0.000000,0.000000,0.000000,1.000000,position_only
2026-03-07T18:21:54.676674+00:00,1772907714676.674,0.375977,-0.580566,0.284180,-3.087891,-18.937500,10.648438,19367,16471,19027,19139,0.450000,-0.550000,0.300000,0.000000,1772907714676.395,0.385019,-0.580148,0.277839,0.000000,0.000000,0.000000,1.000000,position_only
2026-03-07T18:21:54.687469+00:00,1772907714687.468,0.375977,-0.582031,0.285645,-3.658203,-18.656250,10.648438,19942,15964,19776,18566,0.450000,-0.550000,0.300000,0.000000,1772907714685.375,0.385288,-0.580480,0.279119,0.000000,0.000000,0.000000,1.000000,position_only
2026-03-07T18:21:54.697299+00:00,1772907714697.298,0.376465,-0.583496,0.286865,-4.171875,-18.265625,10.679688,19717,16384,19622,18816,0.450000,-0.550000,0.300000,0.000000,1772907714694.080,0.385734,-0.580787,0.280249,0.000000,0.000000,0.000000,1.000000,position_only
2026-03-07T18:21:54.717845+00:00,1772907714717.844,0.377441,-0.584961,0.287842,-4.644531,-17.812500,10.718750,19703,16606,19804,18779,0.450000,-0.550000,0.300000,0.000000,1772907714715.318,0.388142,-0.580898,0.283270,0.000000,0.000000,0.000000,1.000000,position_only
2026-03-07T18:21:54.721464+00:00,1772907714721.463,0.378418,-0.585938,0.288818,-5.054688,-17.281250,10.757812,18827,17723,18983,19694,0.450000,-0.550000,0.300000,0.000000,1772907714715.318,0.388142,-0.580898,0.283270,0.000000,0.000000,0.000000,1.000000,position_only
2026-03-07T18:21:54.727038+00:00,1772907714727.037,0.379639,-0.586426,0.289551,-5.414062,-16.687500,10.789062,19558,17278,19840,18821,0.450000,-0.550000,0.300000,0.000000,1772907714724.107,0.389220,-0.580754,0.284052,0.000000,0.000000,0.000000,1.000000,position_only
2026-03-07T18:21:54.737577+00:00,1772907714737.577,0.382080,-0.586426,0.290039,-5.703125,-16.015625,10.835938,19990,17053,20567,18434,0.450000,-0.550000,0.300000,0.000000,1772907714732.662,0.390559,-0.580464,0.284916,0.000000,0.000000,0.000000,1.000000,position_only
2026-03-07T18:21:54.747389+00:00,1772907714747.389,0.383789,-0.586914,0.290771,-5.929688,-15.250000,10.914062,20370,17017,21193,17877,0.450000,-0.550000,0.300000,0.000000,1772907714741.391,0.391943,-0.580035,0.285634,0.000000,0.000000,0.000000,1.000000,position_only
2026-03-07T18:21:54.757826+00:00,1772907714757.826,0.385986,-0.586914,0.291260,-6.101562,-14.406250,11.007812,19428,18101,20424,18947,0.450000,-0.550000,0.300000,0.000000,1772907714750.019,0.393504,-0.579538,0.286227,0.000000,0.000000,0.000000,1.000000,position_only
2026-03-07T18:21:54.767655+00:00,1772907714767.654,0.388184,-0.586914,0.291748,-6.234375,-13.523438,11.093750,19741,18146,20720,18602,0.450000,-0.550000,0.300000,0.000000,1772907714767.165,0.397012,-0.578098,0.287331,0.000000,0.000000,0.000000,1.000000,position_only
2026-03-07T18:21:54.777507+00:00,1772907714777.507,0.390869,-0.586426,0.292236,-6.289062,-12.593750,11.179688,20229,17987,21319,18185,0.450000,-0.550000,0.300000,0.000000,1772907714775.809,0.398941,-0.577203,0.287815,0.000000,0.000000,0.000000,1.000000,position_only
2026-03-07T18:21:54.787391+00:00,1772907714787.391,0.393555,-0.585938,0.292725,-6.281250,-11.640625,11.281250,19923,18566,21093,18511,0.450000,-0.550000,0.300000,0.000000,1772907714784.478,0.400942,-0.576234,0.288197,0.000000,0.000000,0.000000,1.000000,position_only
2026-03-07T18:21:54.797924+00:00,1772907714797.923,0.396484,-0.585449,0.292969,-6.222656,-10.632812,11.382812,20188,18555,21436,18249,0.450000,-0.550000,0.300000,0.000000,1772907714793.034,0.403096,-0.575089,0.288582,0.000000,0.000000,0.000000,1.000000,position_only
2026-03-07T18:21:54.807061+00:00,1772907714807.061,0.399902,-0.583496,0.292969,-6.125000,-9.625000,11.484375,20116,18891,21409,18322,0.450000,-0.550000,0.300000,0.000000,1772907714801.718,0.405344,-0.573861,0.288916,0.000000,0.000000,0.000000,1.000000,position_only
2026-03-07T18:21:54.817725+00:00,1772907714817.725,0.402832,-0.582520,0.293213,-5.964844,-8.585938,11.585938,20154,19182,21456,18282,0.450000,-0.550000,0.300000,0.000000,1772907714810.359,0.407680,-0.572542,0.289211,0.000000,0.000000,0.000000,1.000000,position_only
2026-03-07T18:21:54.826812+00:00,1772907714826.811,0.406006,-0.581543,0.293457,-5.753906,-7.523438,11.695312,20433,18994,21763,18124,0.450000,-0.550000,0.300000,0.000000,1772907714818.889,0.410092,-0.571114,0.289488,0.000000,0.000000,0.000000,1.000000,position_only
2026-03-07T18:21:54.837426+00:00,1772907714837.426,0.409424,-0.580078,0.293701,-5.511719,-6.472656,11.796875,20188,19580,21389,18446,0.450000,-0.550000,0.300000,0.000000,1772907714836.231,0.415077,-0.567996,0.290053,0.000000,0.000000,0.000000,1.000000,position_only
2026-03-07T18:21:54.848099+00:00,1772907714848.099,0.413086,-0.578125,0.293945,-5.218750,-5.437500,11.882812,20183,19796,21299,18542,0.450000,-0.550000,0.300000,0.000000,1772907714845.056,0.417603,-0.566196,0.290210,0.000000,0.000000,0.000000,1.000000,position_only
2026-03-07T18:21:54.858671+00:00,1772907714858.670,0.416504,-0.576660,0.293945,-4.878906,-4.414062,11.960938,20397,19753,21470,18375,0.450000,-0.550000,0.300000,0.000000,1772907714853.665,0.420188,-0.564459,0.290374,0.000000,0.000000,0.000000,1.000000,position_only
2026-03-07T18:21:54.867918+00:00,1772907714867.918,0.420410,-0.573730,0.293945,-4.542969,-3.437500,12.039062,20863,19314,21939,18034,0.450000,-0.550000,0.300000,0.000000,1772907714862.405,0.425690,-0.560700,0.290598,0.000000,0.000000,0.000000,1.000000,position_only
2026-03-07T18:21:54.877687+00:00,1772907714877.687,0.424072,-0.571289,0.293945,-4.175781,-2.476562,12.117188,20882,19505,21916,17997,0.450000,-0.550000,0.300000,0.000000,1772907714870.875,0.428420,-0.558685,0.290673,0.000000,0.000000,0.000000,1.000000,position_only
2026-03-07T18:21:54.887435+00:00,1772907714887.435,0.427734,-0.569336,0.294189,-3.779297,-1.535156,12.179688,20004,20325,20897,19153,0.450000,-0.550000,0.300000,0.000000,1772907714879.492,0.431175,-0.556631,0.290701,0.000000,0.000000,0.000000,1.000000,position_only
2026-03-07T18:21:54.897436+00:00,1772907714897.436,0.431396,-0.566895,0.294189,-3.384766,-0.649902,12.218750,20342,20018,21181,18887,0.450000,-0.550000,0.300000,0.000000,1772907714896.656,0.436693,-0.552278,0.290941,0.000000,0.000000,0.000000,1.000000,position_only
2026-03-07T18:21:54.908096+00:00,1772907714908.096,0.435303,-0.564453,0.294434,-2.970703,0.201416,12.265625,21492,18953,22401,17600,0.450000,-0.550000,0.300000,0.000000,1772907714905.234,0.439456,-0.550023,0.291043,0.000000,0.000000,0.000000,1.000000,position_only
2026-03-07T18:21:54.918912+00:00,1772907714918.911,0.438965,-0.561523,0.294434,-2.552734,1.034180,12.320312,21411,19031,22348,17675,0.450000,-0.550000,0.300000,0.000000,1772907714914.163,0.442239,-0.547821,0.291173,0.000000,0.000000,0.000000,1.000000,position_only
2026-03-07T18:21:54.927638+00:00,1772907714927.638,0.442627,-0.558105,0.294434,-2.148438,1.841797,12.375000,20151,20252,21205,18836,0.450000,-0.550000,0.300000,0.000000,1772907714922.844,0.444965,-0.545482,0.291225,0.000000,0.000000,0.000000,1.000000,position_only
2026-03-07T18:21:54.937716+00:00,1772907714937.716,0.446289,-0.555176,0.294678,-1.724609,2.634766,12.382812,19789,20642,20826,19138,0.450000,-0.550000,0.300000,0.000000,1772907714931.484,0.447636,-0.543248,0.291304,0.000000,0.000000,0.000000,1.000000,position_only
2026-03-07T18:21:54.947710+00:00,1772907714947.709,0.449707,-0.552734,0.294678,-1.291016,3.400391,12.390625,20993,19409,21976,17997,0.450000,-0.550000,0.300000,0.000000,1772907714940.076,0.450361,-0.540887,0.291418,0.000000,0.000000,0.000000,1.000000,position_only
2026-03-07T18:21:54.957074+00:00,1772907714957.073,0.452881,-0.549805,0.294922,-0.861328,4.121094,12.414062,21233,19112,22259,17760,0.450000,-0.550000,0.300000,0.000000,1772907714948.723,0.452953,-0.538557,0.291531,0.000000,0.000000,0.000000,1.000000,position_only
2026-03-07T18:21:54.967201+00:00,1772907714967.200,0.456299,-0.546875,0.294922,-0.427002,4.812500,12.429688,20411,20006,21362,18548,0.450000,-0.550000,0.300000,0.000000,1772907714965.964,0.457921,-0.533736,0.291859,0.000000,0.000000,0.000000,1.000000,position_only
2026-03-07T18:21:54.977587+00:00,1772907714977.586,0.459717,-0.543945,0.295166,0.024658,5.480469,12.429688,20050,20603,20991,18606,0.450000,-0.550000,0.300000,0.000000,1772907714974.897,0.460397,-0.531438,0.292036,0.000000,0.000000,0.000000,1.000000,position_only
2026-03-07T18:21:54.988207+00:00,1772907714988.206,0.462891,-0.541016,0.295410,0.520020,6.140625,12.414062,20598,19892,21447,18235,0.450000,-0.550000,0.300000,0.000000,1772907714983.388,0.462887,-0.529078,0.292150,0.000000,0.000000,0.000000,1.000000,position_only
2026-03-07T18:21:54.998071+00:00,1772907714998.070,0.465820,-0.537598,0.295410,0.974609,6.722656,12.406250,20121,20488,20855,18632,0.450000,-0.550000,0.300000,0.000000,1772907714991.955,0.465384,-0.526880,0.292211,0.000000,0.000000,0.000000,1.000000,position_only
2026-03-07T18:21:55.008088+00:00,1772907715008.087,0.468506,-0.534668,0.295410,1.467773,7.289062,12.382812,20989,19667,21689,17711,0.450000,-0.550000,0.300000,0.000000,1772907715000.465,0.467741,-0.524670,0.292420,0.000000,0.000000,0.000000,1.000000,position_only
2026-03-07T18:21:55.017872+00:00,1772907715017.872,0.471191,-0.532227,0.295654,1.960938,7.808594,12.375000,20966,19646,21390,18014,0.450000,-0.550000,0.300000,0.000000,1772907715017.676,0.472236,-0.520221,0.292687,0.000000,0.000000,0.000000,1.000000,position_only
2026-03-07T18:21:55.027837+00:00,1772907715027.836,0.473877,-0.529297,0.295898,2.443359,8.242188,12.359375,20443,20252,20783,18479,0.450000,-0.550000,0.300000,0.000000,1772907715026.198,0.474411,-0.518131,0.292888,0.000000,0.000000,0.000000,1.000000,position_only
2026-03-07T18:21:55.037683+00:00,1772907715037.682,0.476562,-0.526367,0.296143,2.919922,8.640625,12.328125,20721,19981,21142,18077,0.450000,-0.550000,0.300000,0.000000,1772907715034.721,0.476488,-0.516031,0.292972,0.000000,0.000000,0.000000,1.000000,position_only
2026-03-07T18:21:55.048023+00:00,1772907715048.022,0.479004,-0.523926,0.296387,3.373047,9.000000,12.304688,20797,19783,21071,18247,0.450000,-0.550000,0.300000,0.000000,1772907715043.210,0.478497,-0.514020,0.293180,0.000000,0.000000,0.000000,1.000000,position_only
2026-03-07T18:21:55.057248+00:00,1772907715057.248,0.481201,-0.520508,0.296143,3.779297,9.296875,12.289062,20490,20082,20669,18673,0.450000,-0.550000,0.300000,0.000000,1772907715051.993,0.480511,-0.512098,0.293401,0.000000,0.000000,0.000000,1.000000,position_only
2026-03-07T18:21:55.067892+00:00,1772907715067.891,0.483154,-0.518555,0.296387,4.187500,9.546875,12.257812,20461,20178,20721,18597,0.450000,-0.550000,0.300000,0.000000,1772907715060.703,0.482352,-0.510151,0.293508,0.000000,0.000000,0.000000,1.000000,position_only
2026-03-07T18:21:55.077114+00:00,1772907715077.114,0.485107,-0.516113,0.296631,4.570312,9.781250,12.226562,21227,19388,21498,17884,0.450000,-0.550000,0.300000,0.000000,1772907715069.220,0.484143,-0.508298,0.293662,0.000000,0.000000,0.000000,1.000000,position_only
2026-03-07T18:21:55.088040+00:00,1772907715088.040,0.486816,-0.513672,0.296631,4.925781,9.984375,12.218750,20752,19834,21057,18455,0.450000,-0.550000,0.300000,0.000000,1772907715086.359,0.487547,-0.504931,0.294005,0.000000,0.000000,0.000000,1.000000,position_only
2026-03-07T18:21:55.098121+00:00,1772907715098.121,0.488525,-0.511719,0.296875,5.238281,10.132812,12.187500,20051,20592,20424,19130,0.450000,-0.550000,0.300000,0.000000,1772907715094.854,0.489123,-0.503285,0.294094,0.000000,0.000000,0.000000,1.000000,position_only
2026-03-07T18:21:55.108818+00:00,1772907715108.817,0.490234,-0.509766,0.296875,5.531250,10.265625,12.148438,20478,20277,20668,18882,0.450000,-0.550000,0.300000,0.000000,1772907715103.372,0.490662,-0.501847,0.294194,0.000000,0.000000,0.000000,1.000000,position_only
2026-03-07T18:21:55.117977+00:00,1772907715117.976,0.491699,-0.507324,0.296875,5.792969,10.351562,12.132812,20836,19989,21061,18515,0.450000,-0.550000,0.300000,0.000000,1772907715111.897,0.492078,-0.500511,0.294297,0.000000,0.000000,0.000000,1.000000,position_only
2026-03-07T18:21:55.128206+00:00,1772907715128.206,0.492920,-0.505371,0.296875,6.042969,10.414062,12.117188,20665,20190,20779,18904,0.450000,-0.550000,0.300000,0.000000,1772907715120.595,0.494703,-0.497968,0.294527,0.000000,0.000000,0.000000,1.000000,position_only
2026-03-07T18:21:55.138212+00:00,1772907715138.211,0.494141,-0.503906,0.296875,6.265625,10.421875,12.093750,20441,20491,20468,19231,0.450000,-0.550000,0.300000,0.000000,1772907715137.614,0.496906,-0.495795,0.294712,0.000000,0.000000,0.000000,1.000000,position_only
2026-03-07T18:21:55.147554+00:00,1772907715147.553,0.495361,-0.502441,0.296875,6.468750,10.382812,12.078125,21017,19962,21039,18730,0.450000,-0.550000,0.300000,0.000000,1772907715146.125,0.497996,-0.494888,0.294843,0.000000,0.000000,0.000000,1.000000,position_only
2026-03-07T18:21:55.158445+00:00,1772907715158.445,0.496338,-0.500977,0.296875,6.636719,10.320312,12.070312,21065,19920,20979,18874,0.450000,-0.550000,0.300000,0.000000,1772907715154.868,0.498936,-0.494060,0.294978,0.000000,0.000000,0.000000,1.000000,position_only
2026-03-07T18:21:55.169271+00:00,1772907715169.270,0.497070,-0.499512,0.296875,6.773438,10.210938,12.070312,20239,20787,19988,19920,0.450000,-0.550000,0.300000,0.000000,1772907715163.427,0.498936,-0.494060,0.294978,0.000000,0.000000,0.000000,1.000000,position_only
2026-03-07T18:21:55.178412+00:00,1772907715178.411,0.497803,-0.498291,0.296875,6.878906,10.046875,12.054688,20327,20719,19943,20059,0.450000,-0.550000,0.300000,0.000000,1772907715171.941,0.500785,-0.492817,0.295135,0.000000,0.000000,0.000000,1.000000,position_only
2026-03-07T18:21:55.188108+00:00,1772907715188.108,0.498535,-0.497314,0.296875,6.957031,9.835938,12.046875,21668,19269,21328,18880,0.450000,-0.550000,0.300000,0.000000,1772907715180.529,0.501553,-0.492298,0.295230,0.000000,0.000000,0.000000,1.000000,position_only
2026-03-07T18:21:55.198823+00:00,1772907715198.822,0.499023,-0.496582,0.296875,6.972656,9.593750,12.070312,21484,19467,21145,19125,0.450000,-0.550000,0.300000,0.000000,1772907715197.644,0.502881,-0.491514,0.295496,0.000000,0.000000,0.000000,1.000000,position_only
2026-03-07T18:21:55.207971+00:00,1772907715207.971,0.499268,-0.496094,0.296875,6.960938,9.328125,12.085938,20377,20563,20015,20346,0.450000,-0.550000,0.300000,0.000000,1772907715206.126,0.503448,-0.491300,0.295583,0.000000,0.000000,0.000000,1.000000,position_only
2026-03-07T18:21:55.218174+00:00,1772907715218.173,0.499512,-0.495605,0.296875,6.917969,9.046875,12.085938,20500,20290,20294,20290,0.450000,-0.550000,0.300000,0.000000,1772907715214.587,0.504012,-0.491122,0.295690,0.000000,0.000000,0.000000,1.000000,position_only
2026-03-07T18:21:55.228860+00:00,1772907715228.859,0.500000,-0.495117,0.296875,6.808594,8.742188,12.085938,21115,19568,20857,19877,0.450000,-0.550000,0.300000,0.000000,1772907715223.061,0.504446,-0.491039,0.295844,0.000000,0.000000,0.000000,1.000000,position_only
2026-03-07T18:21:55.238003+00:00,1772907715238.002,0.500000,-0.495117,0.296875,6.664062,8.414062,12.109375,21579,19102,21424,19356,0.450000,-0.550000,0.300000,0.000000,1772907715231.529,0.504858,-0.491121,0.295983,0.000000,0.000000,0.000000,1.000000,position_only
2026-03-07T18:21:55.247989+00:00,1772907715247.989,0.500000,-0.495117,0.296875,6.496094,8.101562,12.140625,20680,19886,20654,20248,0.450000,-0.550000,0.300000,0.000000,1772907715240.310,0.505255,-0.491349,0.296044,0.000000,0.000000,0.000000,1.000000,position_only
2026-03-07T18:21:55.258622+00:00,1772907715258.621,0.500000,-0.495117,0.296875,6.292969,7.789062,12.140625,19725,20690,19694,21370,0.450000,-0.550000,0.300000,0.000000,1772907715257.285,0.505751,-0.491957,0.296314,0.000000,0.000000,0.000000,1.000000,position_only
2026-03-07T18:21:55.268421+00:00,1772907715268.421,0.250000,-0.495605,0.296875,6.062500,7.449219,12.125000,20747,19776,20717,20228,0.450000,-0.550000,0.300000,0.000000,1772907715265.759,0.505938,-0.492341,0.296459,0.000000,0.000000,0.000000,1.000000,position_only
2026-03-07T18:21:55.278997+00:00,1772907715278.997,0.499756,-0.496094,0.297119,5.824219,7.136719,12.140625,21590,18814,21727,19315,0.450000,-0.550000,0.300000,0.000000,1772907715274.253,0.506102,-0.492811,0.296624,0.000000,0.000000,0.000000,1.000000,position_only
2026-03-07T18:21:55.288943+00:00,1772907715288.943,0.499756,-0.496338,0.297119,5.566406,6.828125,12.164062,20717,19747,20837,20095,0.450000,-0.550000,0.300000,0.000000,1772907715283.010,0.506189,-0.493401,0.296808,0.000000,0.000000,0.000000,1.000000,position_only
2026-03-07T18:21:55.298699+00:00,1772907715298.698,0.499512,-0.497070,0.297119,5.320312,6.531250,12.164062,19717,20736,19792,21080,0.450000,-0.550000,0.300000,0.000000,1772907715291.529,0.506289,-0.494136,0.297036,0.000000,0.000000,0.000000,1.000000,position_only
2026-03-07T18:21:55.309881+00:00,1772907715309.879,0.499023,-0.498047,0.297363,5.078125,6.238281,12.140625,20784,19713,20828,19912,0.450000,-0.550000,0.300000,0.000000,1772907715308.529,0.506267,-0.495694,0.297323,0.000000,0.000000,0.000000,1.000000,position_only
2026-03-07T18:21:55.318464+00:00,1772907715318.464,0.498535,-0.499023,0.297607,4.839844,5.964844,12.148438,21605,18812,21634,19077,0.450000,-0.550000,0.300000,0.000000,1772907715317.020,0.506241,-0.496675,0.297575,0.000000,0.000000,0.000000,1.000000,position_only
2026-03-07T18:21:55.328288+00:00,1772907715328.287,0.498047,-0.500000,0.297607,4.589844,5.679688,12.164062,20486,19945,20493,20074,0.450000,-0.550000,0.300000,0.000000,1772907715325.643,0.506180,-0.497607,0.297817,0.000000,0.000000,0.000000,1.000000,position_only
2026-03-07T18:21:55.339005+00:00,1772907715339.005,0.497559,-0.500977,0.297852,4.351562,5.414062,12.148438,20267,20092,20205,20271,0.450000,-0.550000,0.300000,0.000000,1772907715334.125,0.506012,-0.498578,0.298062,0.000000,0.000000,0.000000,1.000000,position_only
2026-03-07T18:21:55.349053+00:00,1772907715349.053,0.497559,-0.502441,0.298096,4.105469,5.117188,12.148438,20601,19685,20444,19947,0.450000,-0.550000,0.300000,0.000000,1772907715342.671,0.505884,-0.499756,0.298293,0.000000,0.000000,0.000000,1.000000,position_only
2026-03-07T18:21:55.358474+00:00,1772907715358.474,0.497070,-0.503418,0.298340,3.851562,4.820312,12.140625,20167,20019,19933,20396,0.450000,-0.550000,0.300000,0.000000,1772907715351.347,0.505739,-0.500804,0.298602,0.000000,0.000000,0.000000,1.000000,position_only
2026-03-07T18:21:55.368983+00:00,1772907715368.983,0.496582,-0.504883,0.298584,3.585938,4.511719,12.125000,20603,19510,20383,19861,0.450000,-0.550000,0.300000,0.000000,1772907715368.593,0.505313,-0.503361,0.299092,0.000000,0.000000,0.000000,1.000000,position_only
2026-03-07T18:21:55.378052+00:00,1772907715378.051,0.495850,-0.506348,0.298828,3.304688,4.203125,12.117188,20816,19059,20550,19754,0.450000,-0.550000,0.300000,0.000000,1772907715377.147,0.505054,-0.504576,0.299426,0.000000,0.000000,0.000000,1.000000,position_only
2026-03-07T18:21:55.388844+00:00,1772907715388.844,0.495117,-0.508301,0.299316,2.998047,3.876953,12.117188,20066,19631,19796,20498,0.450000,-0.550000,0.300000,0.000000,1772907715385.649,0.504747,-0.505903,0.299782,0.000000,0.000000,0.000000,1.000000,position_only
2026-03-07T18:21:55.399534+00:00,1772907715399.533,0.494385,-0.509766,0.299561,2.666016,3.539062,12.101562,19956,19572,19708,20560,0.450000,-0.550000,0.300000,0.000000,1772907715394.189,0.504465,-0.507230,0.300082,0.000000,0.000000,0.000000,1.000000,position_only
2026-03-07T18:21:55.408751+00:00,1772907715408.750,0.494385,-0.511230,0.300049,2.314453,3.173828,12.085938,20972,18308,20853,19473,0.450000,-0.550000,0.300000,0.000000,1772907715402.855,0.504264,-0.508613,0.300451,0.000000,0.000000,0.000000,1.000000,position_only
2026-03-07T18:21:55.418499+00:00,1772907715418.499,0.493896,-0.512695,0.300293,1.939453,2.839844,12.085938,20351,18773,20315,19993,0.450000,-0.550000,0.300000,0.000000,1772907715411.408,0.503857,-0.509994,0.300778,0.000000,0.000000,0.000000,1.000000,position_only
2026-03-07T18:21:55.429151+00:00,1772907715429.151,0.493164,-0.514648,0.300781,1.552734,2.517578,12.070312,20124,18745,20149,20251,0.450000,-0.550000,0.300000,0.000000,1772907715428.612,0.502876,-0.514313,0.301789,0.000000,0.000000,0.000000,1.000000,position_only
2026-03-07T18:21:55.438354+00:00,1772907715438.353,0.492432,-0.516602,0.301025,1.149414,2.203125,12.054688,19468,19142,19599,20873,0.450000,-0.550000,0.300000,0.000000,1772907715437.148,0.502459,-0.515815,0.302190,0.000000,0.000000,0.000000,1.000000,position_only
2026-03-07T18:21:55.448898+00:00,1772907715448.898,0.491699,-0.518555,0.301514,0.729492,1.904297,12.023438,19999,18532,20194,20155,0.450000,-0.550000,0.300000,0.000000,1772907715445.675,0.502105,-0.517222,0.302498,0.000000,0.000000,0.000000,1.000000,position_only
2026-03-07T18:21:55.459412+00:00,1772907715459.412,0.490967,-0.520508,0.302002,0.314453,1.625977,12.007812,20521,17863,20767,19543,0.450000,-0.550000,0.300000,0.000000,1772907715454.341,0.502105,-0.517222,0.302498,0.000000,0.000000,0.000000,1.000000,position_only
2026-03-07T18:21:55.469189+00:00,1772907715469.188,0.490967,-0.521973,0.302490,-0.098145,1.347656,12.000000,19974,18307,20344,19900,0.450000,-0.550000,0.300000,0.000000,1772907715463.035,0.501172,-0.520167,0.303243,0.000000,0.000000,0.000000,1.000000,position_only
2026-03-07T18:21:55.478929+00:00,1772907715478.928,0.490479,-0.523926,0.302734,-0.500000,1.119141,11.984375,19767,18410,20240,19950,0.450000,-0.550000,0.300000,0.000000,1772907715471.529,0.500814,-0.521636,0.303557,0.000000,0.000000,0.000000,1.000000,position_only
2026-03-07T18:21:55.488172+00:00,1772907715488.171,0.489746,-0.525879,0.303223,-0.890625,0.917480,11.960938,19619,18588,20048,19966,0.450000,-0.550000,0.300000,0.000000,1772907715480.055,0.500289,-0.523092,0.303946,0.000000,0.000000,0.000000,1.000000,position_only
2026-03-07T18:21:55.498107+00:00,1772907715498.107,0.489014,-0.527832,0.303711,-1.245117,0.747070,11.937500,19749,18344,20291,19698,0.450000,-0.550000,0.300000,0.000000,1772907715497.043,0.499410,-0.525969,0.304616,0.000000,0.000000,0.000000,1.000000,position_only
2026-03-07T18:21:55.509597+00:00,1772907715509.596,0.488525,-0.529297,0.303955,-1.584961,0.596191,11.914062,19786,18332,20273,19540,0.450000,-0.550000,0.300000,0.000000,1772907715505.872,0.499001,-0.527453,0.304932,0.000000,0.000000,0.000000,1.000000,position_only
2026-03-07T18:21:55.519040+00:00,1772907715519.039,0.487793,-0.531250,0.304443,-1.890625,0.473145,11.898438,20077,17973,20659,19080,0.450000,-0.550000,0.300000,0.000000,1772907715514.528,0.498562,-0.528782,0.305185,0.000000,0.000000,0.000000,1.000000,position_only
2026-03-07T18:21:55.528133+00:00,1772907715528.133,0.487793,-0.532715,0.304932,-2.181641,0.347656,11.882812,19137,18846,19628,20067,0.450000,-0.550000,0.300000,0.000000,1772907715523.032,0.498088,-0.530197,0.305524,0.000000,0.000000,0.000000,1.000000,position_only
2026-03-07T18:21:55.539775+00:00,1772907715539.774,0.487305,-0.534668,0.305176,-2.451172,0.223389,11.843750,19129,18838,19553,20066,0.450000,-0.550000,0.300000,0.000000,1772907715531.530,0.497682,-0.531520,0.305767,0.000000,0.000000,0.000000,1.000000,position_only
2026-03-07T18:21:55.548957+00:00,1772907715548.956,0.486816,-0.536133,0.305664,-2.703125,0.102539,11.812500,20185,17798,20568,18940,0.450000,-0.550000,0.300000,0.000000,1772907715548.825,0.496701,-0.534108,0.306367,0.000000,0.000000,0.000000,1.000000,position_only
2026-03-07T18:21:55.559426+00:00,1772907715559.426,0.486084,-0.537598,0.305908,-2.923828,0.005272,11.804688,20344,17613,20674,18805,0.450000,-0.550000,0.300000,0.000000,1772907715557.323,0.496209,-0.535298,0.306597,0.000000,0.000000,0.000000,1.000000,position_only
2026-03-07T18:21:55.569247+00:00,1772907715569.247,0.485596,-0.539551,0.306396,-3.125000,-0.094299,11.789062,19377,18575,19636,19791,0.450000,-0.550000,0.300000,0.000000,1772907715565.844,0.495699,-0.536443,0.306831,0.000000,0.000000,0.000000,1.000000,position_only
2026-03-07T18:21:55.579145+00:00,1772907715579.145,0.485596,-0.540527,0.306641,-3.306641,-0.210205,11.757812,19785,18299,20017,19245,0.450000,-0.550000,0.300000,0.000000,1772907715574.345,0.495266,-0.537680,0.307111,0.000000,0.000000,0.000000,1.000000,position_only
2026-03-07T18:21:55.588276+00:00,1772907715588.275,0.485107,-0.541992,0.306885,-3.453125,-0.297607,11.734375,19347,18645,19388,19955,0.450000,-0.550000,0.300000,0.000000,1772907715582.891,0.494762,-0.538711,0.307276,0.000000,0.000000,0.000000,1.000000,position_only
2026-03-07T18:21:55.599443+00:00,1772907715599.442,0.484619,-0.543457,0.307129,-3.591797,-0.403809,11.703125,19703,18333,19751,19556,0.450000,-0.550000,0.300000,0.000000,1772907715591.490,0.494202,-0.539819,0.307444,0.000000,0.000000,0.000000,1.000000,position_only
2026-03-07T18:21:55.609321+00:00,1772907715609.320,0.484131,-0.544434,0.307373,-3.716797,-0.512695,11.679688,19926,18179,19941,19282,0.450000,-0.550000,0.300000,0.000000,1772907715608.471,0.493345,-0.541831,0.307827,0.000000,0.000000,0.000000,1.000000,position_only
2026-03-07T18:21:55.618655+00:00,1772907715618.655,0.483643,-0.545898,0.307617,-3.812500,-0.598633,11.671875,20303,17745,20362,18967,0.450000,-0.550000,0.300000,0.000000,1772907715616.958,0.492789,-0.542690,0.307970,0.000000,0.000000,0.000000,1.000000,position_only
2026-03-07T18:21:55.629299+00:00,1772907715629.299,0.483154,-0.546875,0.307861,-3.898438,-0.680176,11.656250,19538,18542,19515,19835,0.450000,-0.550000,0.300000,0.000000,1772907715625.467,0.492332,-0.543521,0.308043,0.000000,0.000000,0.000000,1.000000,position_only
2026-03-07T18:21:55.638430+00:00,1772907715638.429,0.483398,-0.547852,0.308105,-3.976562,-0.779297,11.625000,19491,18672,19383,19946,0.450000,-0.550000,0.300000,0.000000,1772907715633.974,0.491908,-0.544402,0.308152,0.000000,0.000000,0.000000,1.000000,position_only
2026-03-07T18:21:55.649453+00:00,1772907715649.453,0.482910,-0.548340,0.308105,-4.027344,-0.857910,11.593750,19835,18225,19742,19774,0.450000,-0.550000,0.300000,0.000000,1772907715642.483,0.491371,-0.545267,0.308288,0.000000,0.000000,0.000000,1.000000,position_only
2026-03-07T18:21:55.658596+00:00,1772907715658.595,0.482422,-0.549316,0.308350,-4.085938,-0.951660,11.570312,20345,17887,20221,19223,0.450000,-0.550000,0.300000,0.000000,1772907715650.960,0.490930,-0.545942,0.308328,0.000000,0.000000,0.000000,1.000000,position_only
2026-03-07T18:21:55.669195+00:00,1772907715669.195,0.481934,-0.550293,0.308350,-4.121094,-1.020508,11.554688,20558,17712,20554,18933,0.450000,-0.550000,0.300000,0.000000,1772907715667.999,0.489940,-0.547247,0.308367,0.000000,0.000000,0.000000,1.000000,position_only
2026-03-07T18:21:55.678973+00:00,1772907715678.972,0.481445,-0.550781,0.308350,-4.132812,-1.051758,11.546875,19839,18420,19789,19881,0.450000,-0.550000,0.300000,0.000000,1772907715676.478,0.489427,-0.547790,0.308345,0.000000,0.000000,0.000000,1.000000,position_only
2026-03-07T18:21:55.688875+00:00,1772907715688.874,0.481201,-0.551758,0.308350,-4.156250,-1.095703,11.523438,19662,18690,19764,19961,0.450000,-0.550000,0.300000,0.000000,1772907715685.107,0.488890,-0.548338,0.308294,0.000000,0.000000,0.000000,1.000000,position_only
2026-03-07T18:21:55.698661+00:00,1772907715698.660,0.481201,-0.551758,0.308350,-4.160156,-1.122070,11.492188,20542,17975,20678,19050,0.450000,-0.550000,0.300000,0.000000,1772907715693.601,0.488442,-0.548837,0.308262,0.000000,0.000000,0.000000,1.000000,position_only
2026-03-07T18:21:55.710349+00:00,1772907715710.349,0.480713,-0.552246,0.308350,-4.128906,-1.102539,11.492188,20623,18027,20731,19026,0.450000,-0.550000,0.300000,0.000000,1772907715702.080,0.487952,-0.549298,0.308242,0.000000,0.000000,0.000000,1.000000,position_only
2026-03-07T18:21:55.719414+00:00,1772907715719.413,0.480469,-0.552734,0.308350,-4.074219,-1.071289,11.484375,19933,18885,20065,19660,0.450000,-0.550000,0.300000,0.000000,1772907715719.160,0.486923,-0.549963,0.308043,0.000000,0.000000,0.000000,1.000000,position_only
2026-03-07T18:21:55.729865+00:00,1772907715729.864,0.479980,-0.553223,0.308105,-3.996094,-1.020508,11.460938,20013,18872,20136,19666,0.450000,-0.550000,0.300000,0.000000,1772907715727.941,0.486423,-0.550264,0.307933,0.000000,0.000000,0.000000,1.000000,position_only
2026-03-07T18:21:55.739665+00:00,1772907715739.665,0.479492,-0.553223,0.308105,-3.908203,-0.967285,11.445312,20273,18715,20315,19532,0.450000,-0.550000,0.300000,0.000000,1772907715736.439,0.485897,-0.550446,0.307831,0.000000,0.000000,0.000000,1.000000,position_only
2026-03-07T18:21:55.749659+00:00,1772907715749.659,0.479248,-0.553711,0.307861,-3.796875,-0.915527,11.429688,20480,18677,20500,19316,0.450000,-0.550000,0.300000,0.000000,1772907715744.885,0.485368,-0.550610,0.307709,0.000000,0.000000,0.000000,1.000000,position_only
2026-03-07T18:21:55.759598+00:00,1772907715759.598,0.479248,-0.553711,0.307617,-3.656250,-0.850098,11.429688,20491,18890,20426,19297,0.450000,-0.550000,0.300000,0.000000,1772907715753.386,0.484851,-0.550768,0.307542,0.000000,0.000000,0.000000,1.000000,position_only
2026-03-07T18:21:55.768676+00:00,1772907715768.676,0.478760,-0.553711,0.307617,-3.482422,-0.769531,11.414062,20147,19261,19992,19833,0.450000,-0.550000,0.300000,0.000000,1772907715761.836,0.484375,-0.550841,0.307327,0.000000,0.000000,0.000000,1.000000,position_only
2026-03-07T18:21:55.778982+00:00,1772907715778.982,0.478516,-0.553711,0.307373,-3.314453,-0.703613,11.390625,20508,19137,20252,19479,0.450000,-0.550000,0.300000,0.000000,1772907715770.456,0.483385,-0.550922,0.307027,0.000000,0.000000,0.000000,1.000000,position_only
2026-03-07T18:21:55.789081+00:00,1772907715789.080,0.478027,-0.553223,0.307129,-3.105469,-0.638672,11.375000,20891,18822,20509,19292,0.450000,-0.550000,0.300000,0.000000,1772907715787.612,0.482313,-0.550938,0.306658,0.000000,0.000000,0.000000,1.000000,position_only
2026-03-07T18:21:55.799659+00:00,1772907715799.659,0.477539,-0.553223,0.306885,-2.896484,-0.601562,11.359375,20312,19391,19833,20100,0.450000,-0.550000,0.300000,0.000000,1772907715796.089,0.481813,-0.550826,0.306509,0.000000,0.000000,0.000000,1.000000,position_only
2026-03-07T18:21:55.810318+00:00,1772907715810.318,0.477051,-0.553223,0.306641,-2.695312,-0.593262,11.335938,20948,18941,20518,19348,0.450000,-0.550000,0.300000,0.000000,1772907715804.865,0.481355,-0.550643,0.306296,0.000000,0.000000,0.000000,1.000000,position_only
2026-03-07T18:21:55.819880+00:00,1772907715819.879,0.477051,-0.552734,0.306396,-2.486328,-0.566895,11.328125,20650,19300,20223,19709,0.450000,-0.550000,0.300000,0.000000,1772907715813.540,0.480826,-0.550464,0.306065,0.000000,0.000000,0.000000,1.000000,position_only
2026-03-07T18:21:55.829765+00:00,1772907715829.764,0.476562,-0.552246,0.306152,-2.271484,-0.519043,11.304688,20895,19170,20608,19348,0.450000,-0.550000,0.300000,0.000000,1772907715822.148,0.480314,-0.550239,0.305840,0.000000,0.000000,0.000000,1.000000,position_only
2026-03-07T18:21:55.839673+00:00,1772907715839.673,0.476074,-0.552246,0.305908,-2.044922,-0.437744,11.296875,20823,19301,20595,19416,0.450000,-0.550000,0.300000,0.000000,1772907715839.396,0.479300,-0.549845,0.305349,0.000000,0.000000,0.000000,1.000000,position_only
2026-03-07T18:21:55.848941+00:00,1772907715848.941,0.475830,-0.551758,0.305664,-1.828125,-0.339355,11.281250,20730,19511,20487,19534,0.450000,-0.550000,0.300000,0.000000,1772907715847.916,0.478778,-0.549512,0.305152,0.000000,0.000000,0.000000,1.000000,position_only
2026-03-07T18:21:55.859402+00:00,1772907715859.402,0.475342,-0.551270,0.305420,-1.608398,-0.240234,11.265625,20542,19658,20396,19784,0.450000,-0.550000,0.300000,0.000000,1772907715856.441,0.478243,-0.549144,0.304982,0.000000,0.000000,0.000000,1.000000,position_only
2026-03-07T18:21:55.869943+00:00,1772907715869.942,0.474854,-0.550781,0.305176,-1.405273,-0.144653,11.242188,20304,19958,20081,20141,0.450000,-0.550000,0.300000,0.000000,1772907715864.937,0.477718,-0.548881,0.304758,0.000000,0.000000,0.000000,1.000000,position_only
2026-03-07T18:21:55.879729+00:00,1772907715879.729,0.474609,-0.550293,0.304932,-1.212891,-0.079102,11.218750,20476,19922,20229,19952,0.450000,-0.550000,0.300000,0.000000,1772907715873.531,0.477223,-0.548576,0.304547,0.000000,0.000000,0.000000,1.000000,position_only
2026-03-07T18:21:55.889664+00:00,1772907715889.663,0.474121,-0.549805,0.304688,-1.009766,-0.007767,11.195312,20733,19627,20451,19857,0.450000,-0.550000,0.300000,0.000000,1772907715882.034,0.476726,-0.548235,0.304325,0.000000,0.000000,0.000000,1.000000,position_only
2026-03-07T18:21:55.899461+00:00,1772907715899.461,0.473633,-0.549316,0.304443,-0.822266,0.047119,11.179688,21486,18969,21191,19100,0.450000,-0.550000,0.300000,0.000000,1772907715899.047,0.475663,-0.547341,0.303899,0.000000,0.000000,0.000000,1.000000,position_only
2026-03-07T18:21:55.910639+00:00,1772907715910.639,0.473145,-0.548828,0.304199,-0.633789,0.103027,11.171875,20705,19701,20545,19861,0.450000,-0.550000,0.300000,0.000000,1772907715907.591,0.475160,-0.547017,0.303694,0.000000,0.000000,0.000000,1.000000,position_only
2026-03-07T18:21:55.920453+00:00,1772907715920.453,0.472656,-0.548340,0.303955,-0.471680,0.146973,11.148438,20194,20231,19937,20486,0.450000,-0.550000,0.300000,0.000000,1772907715915.645,0.474662,-0.546631,0.303492,0.000000,0.000000,0.000000,1.000000,position_only
2026-03-07T18:21:55.929457+00:00,1772907715929.457,0.472412,-0.547363,0.303711,-0.302979,0.189575,11.109375,20629,19785,20256,20207,0.450000,-0.550000,0.300000,0.000000,1772907715924.141,0.474049,-0.546143,0.303386,0.000000,0.000000,0.000000,1.000000,position_only
2026-03-07T18:21:55.940259+00:00,1772907715940.259,0.471924,-0.546875,0.303467,-0.149658,0.199585,11.085938,21224,19189,21066,19402,0.450000,-0.550000,0.300000,0.000000,1772907715932.641,0.473529,-0.545705,0.303239,0.000000,0.000000,0.000000,1.000000,position_only
2026-03-07T18:21:55.949773+00:00,1772907715949.772,0.471436,-0.546387,0.303467,-0.004887,0.229736,11.085938,21373,19082,21186,19250,0.450000,-0.550000,0.300000,0.000000,1772907715941.594,0.473124,-0.545368,0.303048,0.000000,0.000000,0.000000,1.000000,position_only
2026-03-07T18:21:55.959408+00:00,1772907715959.408,0.470947,-0.545898,0.303223,0.142822,0.261230,11.078125,20482,19948,20284,20167,0.450000,-0.550000,0.300000,0.000000,1772907715958.646,0.472026,-0.544356,0.302788,0.000000,0.000000,0.000000,1.000000,position_only
2026-03-07T18:21:55.970426+00:00,1772907715970.426,0.470459,-0.545410,0.302979,0.278809,0.280762,11.046875,19792,20575,19588,20913,0.450000,-0.550000,0.300000,0.000000,1772907715967.187,0.471522,-0.543937,0.302646,0.000000,0.000000,0.000000,1.000000,position_only
2026-03-07T18:21:55.979984+00:00,1772907715979.983,0.469727,-0.544922,0.302979,0.402588,0.289307,11.007812,21194,19318,20890,19442,0.450000,-0.550000,0.300000,0.000000,1772907715975.763,0.471104,-0.543599,0.302494,0.000000,0.000000,0.000000,1.000000,position_only
2026-03-07T18:21:55.990345+00:00,1772907715990.344,0.469482,-0.544434,0.302734,0.541504,0.287598,11.000000,21152,19274,20718,19659,0.450000,-0.550000,0.300000,0.000000,1772907715984.318,0.470499,-0.543110,0.302420,0.000000,0.000000,0.000000,1.000000,position_only
2026-03-07T18:21:56.000181+00:00,1772907716000.180,0.468750,-0.543457,0.302734,0.667480,0.250244,10.976562,19840,20558,19528,20817,0.450000,-0.550000,0.300000,0.000000,1772907715992.886,0.469963,-0.542671,0.302372,0.000000,0.000000,0.000000,1.000000,position_only
2026-03-07T18:21:56.010946+00:00,1772907716010.946,0.468262,-0.542969,0.302490,0.793457,0.226318,10.937500,20335,20117,19785,20440,0.450000,-0.550000,0.300000,0.000000,1772907716010.200,0.469144,-0.541910,0.302174,0.000000,0.000000,0.000000,1.000000,position_only
2026-03-07T18:21:56.020179+00:00,1772907716020.178,0.467773,-0.542480,0.302490,0.926758,0.180298,10.906250,21755,18671,21158,19014,0.450000,-0.550000,0.300000,0.000000,1772907716018.774,0.468619,-0.541443,0.302179,0.000000,0.000000,0.000000,1.000000,position_only
2026-03-07T18:21:56.029985+00:00,1772907716029.985,0.467285,-0.541992,0.302490,1.043945,0.126953,10.906250,20976,19330,20500,19702,0.450000,-0.550000,0.300000,0.000000,1772907716027.268,0.468139,-0.540993,0.302095,0.000000,0.000000,0.000000,1.000000,position_only
2026-03-07T18:21:56.040204+00:00,1772907716040.203,0.466797,-0.541504,0.302490,1.148438,0.078430,10.890625,20229,20082,19735,20384,0.450000,-0.550000,0.300000,0.000000,1772907716035.793,0.467676,-0.540607,0.302034,0.000000,0.000000,0.000000,1.000000,position_only
2026-03-07T18:21:56.050127+00:00,1772907716050.126,0.466309,-0.541016,0.302490,1.253906,0.051727,10.859375,20585,19733,20164,19852,0.450000,-0.550000,0.300000,0.000000,1772907716044.555,0.467237,-0.540225,0.302088,0.000000,0.000000,0.000000,1.000000,position_only
2026-03-07T18:21:56.059877+00:00,1772907716059.876,0.465820,-0.540527,0.302490,1.351562,0.030212,10.835938,20590,19551,20202,19889,0.450000,-0.550000,0.300000,0.000000,1772907716053.060,0.466784,-0.539865,0.302014,0.000000,0.000000,0.000000,1.000000,position_only
2026-03-07T18:21:56.069919+00:00,1772907716069.919,0.465332,-0.540527,0.302490,1.419922,-0.005596,10.812500,20697,19367,20444,19629,0.450000,-0.550000,0.300000,0.000000,1772907716061.530,0.466338,-0.539464,0.301981,0.000000,0.000000,0.000000,1.000000,position_only
2026-03-07T18:21:56.079993+00:00,1772907716079.992,0.464844,-0.540039,0.302490,1.482422,-0.019730,10.796875,20349,19635,20133,19911,0.450000,-0.550000,0.300000,0.000000,1772907716078.798,0.465144,-0.538477,0.302078,0.000000,0.000000,0.000000,1.000000,position_only
2026-03-07T18:21:56.090474+00:00,1772907716090.473,0.464111,-0.539551,0.302490,1.531250,-0.024353,10.773438,20758,19163,20639,19373,0.450000,-0.550000,0.300000,0.000000,1772907716087.351,0.464652,-0.538139,0.302134,0.000000,0.000000,0.000000,1.000000,position_only
2026-03-07T18:21:56.100231+00:00,1772907716100.230,0.463623,-0.539062,0.302490,1.568359,-0.021118,10.757812,20567,19298,20481,19494,0.450000,-0.550000,0.300000,0.000000,1772907716095.879,0.464121,-0.537772,0.302200,0.000000,0.000000,0.000000,1.000000,position_only
2026-03-07T18:21:56.110316+00:00,1772907716110.315,0.463135,-0.538574,0.302734,1.601562,-0.018051,10.742188,20490,19303,20402,19550,0.450000,-0.550000,0.300000,0.000000,1772907716104.362,0.463768,-0.537436,0.302213,0.000000,0.000000,0.000000,1.000000,position_only
2026-03-07T18:21:56.120453+00:00,1772907716120.453,0.462646,-0.538574,0.302734,1.628906,-0.013321,10.718750,20038,19762,19927,19933,0.450000,-0.550000,0.300000,0.000000,1772907716112.873,0.463529,-0.537343,0.302206,0.000000,0.000000,0.000000,1.000000,position_only
2026-03-07T18:21:56.129690+00:00,1772907716129.690,0.462158,-0.538086,0.302734,1.656250,-0.017715,10.687500,19683,20049,19522,20322,0.450000,-0.550000,0.300000,0.000000,1772907716121.461,0.463204,-0.537093,0.302285,0.000000,0.000000,0.000000,1.000000,position_only
2026-03-07T18:21:56.139846+00:00,1772907716139.845,0.461670,-0.537598,0.302979,1.678711,-0.029877,10.656250,20523,19213,20415,19355,0.450000,-0.550000,0.300000,0.000000,1772907716138.465,0.462483,-0.536605,0.302444,0.000000,0.000000,0.000000,1.000000,position_only
2026-03-07T18:21:56.149849+00:00,1772907716149.848,0.461182,-0.537598,0.302979,1.694336,-0.047424,10.640625,21069,18531,20925,18921,0.450000,-0.550000,0.300000,0.000000,1772907716146.938,0.462483,-0.536605,0.302444,0.000000,0.000000,0.000000,1.000000,position_only
2026-03-07T18:21:56.160051+00:00,1772907716160.050,0.460938,-0.537109,0.303223,1.692383,-0.072205,10.640625,20399,19108,20311,19558,0.450000,-0.550000,0.300000,0.000000,1772907716155.489,0.461806,-0.536095,0.302594,0.000000,0.000000,0.000000,1.000000,position_only
2026-03-07T18:21:56.170700+00:00,1772907716170.700,0.460449,-0.537109,0.303223,1.668945,-0.111267,10.617188,19444,20096,19300,20479,0.450000,-0.550000,0.300000,0.000000,1772907716163.963,0.461462,-0.535888,0.302680,0.000000,0.000000,0.000000,1.000000,position_only
2026-03-07T18:21:56.179844+00:00,1772907716179.844,0.459961,-0.537109,0.303223,1.657227,-0.153320,10.578125,20269,19324,20061,19622,0.450000,-0.550000,0.300000,0.000000,1772907716172.530,0.461130,-0.535714,0.302762,0.000000,0.000000,0.000000,1.000000,position_only
2026-03-07T18:21:56.189703+00:00,1772907716189.702,0.459717,-0.536621,0.303467,1.657227,-0.191895,10.554688,20940,18593,20619,19076,0.450000,-0.550000,0.300000,0.000000,1772907716189.589,0.460521,-0.535319,0.302972,0.000000,0.000000,0.000000,1.000000,position_only
2026-03-07T18:21:56.199762+00:00,1772907716199.762,0.459229,-0.536621,0.303467,1.646484,-0.245605,10.554688,20518,19056,20319,19271,0.450000,-0.550000,0.300000,0.000000,1772907716198.147,0.460294,-0.535164,0.303048,0.000000,0.000000,0.000000,1.000000,position_only
2026-03-07T18:21:56.211233+00:00,1772907716211.232,0.458740,-0.536621,0.303711,1.630859,-0.274170,10.531250,19433,19983,19238,20443,0.450000,-0.550000,0.300000,0.000000,1772907716206.652,0.460020,-0.535040,0.303150,0.000000,0.000000,0.000000,1.000000,position_only
2026-03-07T18:21:56.220453+00:00,1772907716220.452,0.458496,-0.536621,0.303711,1.604492,-0.315186,10.492188,19991,19421,19849,19794,0.450000,-0.550000,0.300000,0.000000,1772907716215.668,0.459755,-0.534936,0.303224,0.000000,0.000000,0.000000,1.000000,position_only
2026-03-07T18:21:56.229866+00:00,1772907716229.865,0.458252,-0.536133,0.303955,1.577148,-0.329102,10.476562,21311,17970,21367,18373,0.450000,-0.550000,0.300000,0.000000,1772907716224.153,0.459516,-0.534756,0.303349,0.000000,0.000000,0.000000,1.000000,position_only
2026-03-07T18:21:56.239706+00:00,1772907716239.705,0.458008,-0.536133,0.303955,1.531250,-0.331055,10.484375,19896,19445,19912,19740,0.450000,-0.550000,0.300000,0.000000,1772907716232.640,0.459234,-0.534656,0.303471,0.000000,0.000000,0.000000,1.000000,position_only
2026-03-07T18:21:56.250116+00:00,1772907716250.115,0.457520,-0.536133,0.303955,1.479492,-0.345459,10.453125,18901,20188,18810,21065,0.450000,-0.550000,0.300000,0.000000,1772907716249.857,0.458808,-0.534444,0.303640,0.000000,0.000000,0.000000,1.000000,position_only
2026-03-07T18:21:56.260234+00:00,1772907716260.233,0.457275,-0.536133,0.304199,1.396484,-0.414551,10.406250,20124,19065,20039,19705,0.450000,-0.550000,0.300000,0.000000,1772907716258.702,0.458605,-0.534375,0.303742,0.000000,0.000000,0.000000,1.000000,position_only
2026-03-07T18:21:56.270050+00:00,1772907716270.049,0.457031,-0.536133,0.304199,1.333984,-0.458740,10.390625,21474,17690,21400,18349,0.450000,-0.550000,0.300000,0.000000,1772907716267.182,0.458446,-0.534287,0.303797,0.000000,0.000000,0.000000,1.000000,position_only
2026-03-07T18:21:56.280911+00:00,1772907716280.910,0.456787,-0.536133,0.304443,1.266602,-0.505859,10.398438,20355,18757,20347,19432,0.450000,-0.550000,0.300000,0.000000,1772907716275.648,0.458257,-0.534168,0.303931,0.000000,0.000000,0.000000,1.000000,position_only
2026-03-07T18:21:56.290356+00:00,1772907716290.356,0.456543,-0.536133,0.304443,1.194336,-0.535645,10.382812,18745,20398,18793,20931,0.450000,-0.550000,0.300000,0.000000,1772907716284.309,0.458069,-0.534099,0.304008,0.000000,0.000000,0.000000,1.000000,position_only
2026-03-07T18:21:56.300887+00:00,1772907716300.887,0.456299,-0.536133,0.304443,1.131836,-0.558594,10.328125,18959,20199,18873,20826,0.450000,-0.550000,0.300000,0.000000,1772907716292.846,0.457971,-0.534015,0.304077,0.000000,0.000000,0.000000,1.000000,position_only
2026-03-07T18:21:56.310891+00:00,1772907716310.890,0.456055,-0.536133,0.304688,1.080078,-0.576172,10.289062,20497,18494,20511,19337,0.450000,-0.550000,0.300000,0.000000,1772907716310.335,0.457724,-0.533953,0.304206,0.000000,0.000000,0.000000,1.000000,position_only
2026-03-07T18:21:56.320234+00:00,1772907716320.234,0.456055,-0.536133,0.304688,1.009766,-0.600586,10.289062,20934,18161,21028,18708,0.450000,-0.550000,0.300000,0.000000,1772907716318.881,0.457616,-0.533910,0.304280,0.000000,0.000000,0.000000,1.000000,position_only
2026-03-07T18:21:56.330521+00:00,1772907716330.521,0.455811,-0.536133,0.304688,0.948730,-0.603516,10.281250,19594,19490,19639,20087,0.450000,-0.550000,0.300000,0.000000,1772907716327.398,0.457518,-0.533897,0.304332,0.000000,0.000000,0.000000,1.000000,position_only
2026-03-07T18:21:56.340577+00:00,1772907716340.577,0.455566,-0.536133,0.304932,0.895020,-0.613281,10.250000,19677,19343,19763,20010,0.450000,-0.550000,0.300000,0.000000,1772907716336.119,0.457457,-0.533847,0.304400,0.000000,0.000000,0.000000,1.000000,position_only
2026-03-07T18:21:56.350785+00:00,1772907716350.785,0.455566,-0.536133,0.304932,0.830566,-0.617676,10.226562,20618,18440,20785,18956,0.450000,-0.550000,0.300000,0.000000,1772907716344.620,0.457371,-0.533865,0.304463,0.000000,0.000000,0.000000,1.000000,position_only
2026-03-07T18:21:56.360165+00:00,1772907716360.164,0.455566,-0.536133,0.304932,0.773926,-0.606445,10.218750,20751,18369,20955,18744,0.450000,-0.550000,0.300000,0.000000,1772907716353.320,0.457296,-0.533865,0.304489,0.000000,0.000000,0.000000,1.000000,position_only
2026-03-07T18:21:56.370552+00:00,1772907716370.551,0.455566,-0.536133,0.304932,0.733398,-0.568359,10.210938,19560,19535,19707,20049,0.450000,-0.550000,0.300000,0.000000,1772907716370.470,0.457205,-0.533714,0.304655,0.000000,0.000000,0.000000,1.000000,position_only
2026-03-07T18:21:56.380653+00:00,1772907716380.652,0.455322,-0.536133,0.305176,0.693359,-0.528320,10.179688,19414,19673,19720,20078,0.450000,-0.550000,0.300000,0.000000,1772907716378.996,0.457205,-0.533714,0.304655,0.000000,0.000000,0.000000,1.000000,position_only
2026-03-07T18:21:56.390460+00:00,1772907716390.460,0.455322,-0.536133,0.305176,0.649902,-0.472900,10.148438,20466,18600,20770,19075,0.450000,-0.550000,0.300000,0.000000,1772907716387.505,0.457145,-0.533695,0.304710,0.000000,0.000000,0.000000,1.000000,position_only
2026-03-07T18:21:56.401263+00:00,1772907716401.262,0.455322,-0.536133,0.305176,0.591309,-0.430176,10.140625,20630,18460,21021,18836,0.450000,-0.550000,0.300000,0.000000,1772907716396.025,0.457132,-0.533667,0.304740,0.000000,0.000000,0.000000,1.000000,position_only
2026-03-07T18:21:56.411138+00:00,1772907716411.138,0.455322,-0.536133,0.305176,0.541992,-0.375000,10.140625,19786,19437,20088,19684,0.450000,-0.550000,0.300000,0.000000,1772907716404.774,0.457141,-0.533648,0.304759,0.000000,0.000000,0.000000,1.000000,position_only
2026-03-07T18:21:56.420899+00:00,1772907716420.899,0.455322,-0.536133,0.305176,0.508301,-0.324219,10.109375,18927,20226,19167,20720,0.450000,-0.550000,0.300000,0.000000,1772907716413.607,0.457182,-0.533621,0.304765,0.000000,0.000000,0.000000,1.000000,position_only
2026-03-07T18:21:56.429972+00:00,1772907716429.971,0.455322,-0.536133,0.305176,0.459229,-0.298340,10.070312,20665,18468,20937,19001,0.450000,-0.550000,0.300000,0.000000,1772907716422.130,0.457171,-0.533627,0.304792,0.000000,0.000000,0.000000,1.000000,position_only
2026-03-07T18:21:56.440488+00:00,1772907716440.488,0.455322,-0.536133,0.305176,0.418701,-0.258057,10.070312,20824,18377,21041,18859,0.450000,-0.550000,0.300000,0.000000,1772907716439.487,0.457244,-0.533562,0.304790,0.000000,0.000000,0.000000,1.000000,position_only
2026-03-07T18:21:56.451235+00:00,1772907716451.234,0.455566,-0.536133,0.305176,0.394287,-0.224854,10.070312,19283,19972,19448,20436,0.450000,-0.550000,0.300000,0.000000,1772907716448.027,0.457301,-0.533531,0.304779,0.000000,0.000000,0.000000,1.000000,position_only
2026-03-07T18:21:56.461457+00:00,1772907716461.456,0.455566,-0.536133,0.305176,0.370117,-0.208374,10.031250,19619,19625,19691,20239,0.450000,-0.550000,0.300000,0.000000,1772907716456.921,0.457404,-0.533485,0.304765,0.000000,0.000000,0.000000,1.000000,position_only
2026-03-07T18:21:56.471237+00:00,1772907716471.237,0.455566,-0.536133,0.305176,0.349121,-0.206177,10.000000,21503,17904,21619,18182,0.450000,-0.550000,0.300000,0.000000,1772907716465.446,0.457420,-0.533507,0.304770,0.000000,0.000000,0.000000,1.000000,position_only
2026-03-07T18:21:56.480463+00:00,1772907716480.462,0.455811,-0.536133,0.305176,0.347412,-0.179443,10.007812,21030,18322,21076,18808,0.450000,-0.550000,0.300000,0.000000,1772907716473.926,0.457505,-0.533459,0.304733,0.000000,0.000000,0.000000,1.000000,position_only
2026-03-07T18:21:56.491019+00:00,1772907716491.018,0.455811,-0.536133,0.305176,0.342529,-0.170654,10.000000,19157,20274,19175,20658,0.450000,-0.550000,0.300000,0.000000,1772907716490.872,0.457663,-0.533407,0.304713,0.000000,0.000000,0.000000,1.000000,position_only
2026-03-07T18:21:56.500169+00:00,1772907716500.168,0.455811,-0.536133,0.305176,0.353516,-0.146606,9.953125,20309,19192,20386,19398,0.450000,-0.550000,0.300000,0.000000,1772907716499.616,0.457823,-0.533381,0.304665,0.000000,0.000000,0.000000,1.000000,position_only
2026-03-07T18:21:56.510862+00:00,1772907716510.862,0.456055,-0.536133,0.305176,0.374512,-0.102600,9.945312,20892,18485,20981,18943,0.450000,-0.550000,0.300000,0.000000,1772907716508.511,0.457874,-0.533377,0.304649,0.000000,0.000000,0.000000,1.000000,position_only
2026-03-07T18:21:56.521377+00:00,1772907716521.376,0.456055,-0.536133,0.305176,0.368896,-0.069153,9.945312,20083,19301,20340,19593,0.450000,-0.550000,0.300000,0.000000,1772907716517.131,0.457948,-0.533337,0.304620,0.000000,0.000000,0.000000,1.000000,position_only
2026-03-07T18:21:56.530610+00:00,1772907716530.609,0.456299,-0.536133,0.304932,0.366699,-0.015533,9.921875,19830,19563,20046,19897,0.450000,-0.550000,0.300000,0.000000,1772907716525.675,0.458041,-0.533264,0.304606,0.000000,0.000000,0.000000,1.000000,position_only
2026-03-07T18:21:56.541137+00:00,1772907716541.136,0.456299,-0.536133,0.304932,0.367188,0.033356,9.898438,19986,19463,20232,19678,0.450000,-0.550000,0.300000,0.000000,1772907716534.174,0.458127,-0.533223,0.304589,0.000000,0.000000,0.000000,1.000000,position_only
2026-03-07T18:21:56.551010+00:00,1772907716551.009,0.456543,-0.536133,0.304932,0.369385,0.094849,9.882812,20867,18651,21041,18826,0.450000,-0.550000,0.300000,0.000000,1772907716542.644,0.458212,-0.533199,0.304551,0.000000,0.000000,0.000000,1.000000,position_only
2026-03-07T18:21:56.560371+00:00,1772907716560.370,0.456543,-0.536133,0.304932,0.384277,0.148193,9.875000,20317,19264,20404,19434,0.450000,-0.550000,0.300000,0.000000,1772907716559.599,0.458428,-0.533093,0.304495,0.000000,0.000000,0.000000,1.000000,position_only
2026-03-07T18:21:56.571338+00:00,1772907716571.338,0.456787,-0.536133,0.304932,0.407227,0.193115,9.851562,19601,19811,19696,20343,0.450000,-0.550000,0.300000,0.000000,1772907716568.123,0.458566,-0.533005,0.304485,0.000000,0.000000,0.000000,1.000000,position_only
2026-03-07T18:21:56.582086+00:00,1772907716582.085,0.456787,-0.536133,0.304932,0.402588,0.202881,9.820312,20421,19059,20507,19488,0.450000,-0.550000,0.300000,0.000000,1772907716576.700,0.458649,-0.532990,0.304445,0.000000,0.000000,0.000000,1.000000,position_only
2026-03-07T18:21:56.590460+00:00,1772907716590.460,0.457031,-0.536133,0.304688,0.399658,0.220947,9.812500,21782,17702,21988,18036,0.450000,-0.550000,0.300000,0.000000,1772907716585.217,0.458793,-0.532915,0.304375,0.000000,0.000000,0.000000,1.000000,position_only
2026-03-07T18:21:56.601063+00:00,1772907716601.063,0.457275,-0.535645,0.304688,0.389160,0.255615,9.828125,20036,19334,20272,19898,0.450000,-0.550000,0.300000,0.000000,1772907716593.742,0.458916,-0.532861,0.304324,0.000000,0.000000,0.000000,1.000000,position_only
2026-03-07T18:21:56.610995+00:00,1772907716610.994,0.457275,-0.535645,0.304688,0.354004,0.277100,9.796875,19385,19995,19731,20461,0.450000,-0.550000,0.300000,0.000000,1772907716610.730,0.459157,-0.532767,0.304226,0.000000,0.000000,0.000000,1.000000,position_only
2026-03-07T18:21:56.621845+00:00,1772907716621.845,0.457520,-0.535645,0.304688,0.324219,0.314209,9.757812,20199,19192,20584,19626,0.450000,-0.550000,0.300000,0.000000,1772907716619.203,0.459237,-0.532737,0.304182,0.000000,0.000000,0.000000,1.000000,position_only
2026-03-07T18:21:56.630960+00:00,1772907716630.959,0.457520,-0.535645,0.304688,0.299316,0.352295,9.750000,21131,18345,21458,18682,0.450000,-0.550000,0.300000,0.000000,1772907716627.975,0.459332,-0.532680,0.304132,0.000000,0.000000,0.000000,1.000000,position_only
2026-03-07T18:21:56.641416+00:00,1772907716641.416,0.457764,-0.535645,0.304688,0.294922,0.407471,9.750000,20353,19108,20784,19397,0.450000,-0.550000,0.300000,0.000000,1772907716636.501,0.459476,-0.532588,0.304105,0.000000,0.000000,0.000000,1.000000,position_only
2026-03-07T18:21:56.650638+00:00,1772907716650.638,0.458008,-0.535645,0.304443,0.279785,0.459473,9.734375,19372,20130,19801,20354,0.450000,-0.550000,0.300000,0.000000,1772907716644.927,0.459578,-0.532580,0.304072,0.000000,0.000000,0.000000,1.000000,position_only
2026-03-07T18:21:56.661313+00:00,1772907716661.312,0.458008,-0.535645,0.304443,0.278564,0.524902,9.695312,19865,19654,20333,19796,0.450000,-0.550000,0.300000,0.000000,1772907716653.430,0.459697,-0.532564,0.303992,0.000000,0.000000,0.000000,1.000000,position_only
2026-03-07T18:21:56.671370+00:00,1772907716671.370,0.458252,-0.535645,0.304443,0.285645,0.603027,9.679688,21120,18345,21722,18458,0.450000,-0.550000,0.300000,0.000000,1772907716670.353,0.459924,-0.532436,0.303921,0.000000,0.000000,0.000000,1.000000,position_only
2026-03-07T18:21:56.681484+00:00,1772907716681.484,0.458252,-0.535645,0.304443,0.283447,0.693848,9.687500,20433,19090,20908,19212,0.450000,-0.550000,0.300000,0.000000,1772907716678.890,0.460109,-0.532361,0.303893,0.000000,0.000000,0.000000,1.000000,position_only
2026-03-07T18:21:56.691315+00:00,1772907716691.315,0.458496,-0.535645,0.304443,0.288330,0.761230,9.671875,18992,20508,19482,20671,0.450000,-0.550000,0.300000,0.000000,1772907716687.475,0.460191,-0.532280,0.303834,0.000000,0.000000,0.000000,1.000000,position_only
2026-03-07T18:21:56.700460+00:00,1772907716700.460,0.458740,-0.535156,0.304199,0.285156,0.820801,9.625000,19521,19926,19897,20300,0.450000,-0.550000,0.300000,0.000000,1772907716695.939,0.460287,-0.532220,0.303808,0.000000,0.000000,0.000000,1.000000,position_only
2026-03-07T18:21:56.711422+00:00,1772907716711.421,0.458740,-0.535156,0.304199,0.278564,0.844238,9.601562,21440,18069,21846,18278,0.450000,-0.550000,0.300000,0.000000,1772907716704.453,0.460370,-0.532189,0.303780,0.000000,0.000000,0.000000,1.000000,position_only
2026-03-07T18:21:56.721091+00:00,1772907716721.090,0.458984,-0.535156,0.304199,0.278809,0.874023,9.609375,21106,18267,21588,18646,0.450000,-0.550000,0.300000,0.000000,1772907716712.953,0.460482,-0.532113,0.303749,0.000000,0.000000,0.000000,1.000000,position_only
2026-03-07T18:21:56.731731+00:00,1772907716731.731,0.458984,-0.535156,0.304199,0.265625,0.895996,9.617188,19922,19493,20463,19718,0.450000,-0.550000,0.300000,0.000000,1772907716730.134,0.460561,-0.532030,0.303713,0.000000,0.000000,0.000000,1.000000,position_only
2026-03-07T18:21:56.741578+00:00,1772907716741.577,0.458984,-0.535156,0.304199,0.255859,0.934082,9.585938,19375,20050,19852,20312,0.450000,-0.550000,0.300000,0.000000,1772907716738.589,0.460612,-0.531959,0.303714,0.000000,0.000000,0.000000,1.000000,position_only
2026-03-07T18:21:56.751571+00:00,1772907716751.571,0.458984,-0.535156,0.304199,0.253418,0.958984,9.554688,20304,19142,20813,19325,0.450000,-0.550000,0.300000,0.000000,1772907716747.083,0.460649,-0.531929,0.303711,0.000000,0.000000,0.000000,1.000000,position_only
2026-03-07T18:21:56.761818+00:00,1772907716761.818,0.459229,-0.534668,0.304199,0.256348,0.999023,9.546875,20888,18440,21402,18839,0.450000,-0.550000,0.300000,0.000000,1772907716755.531,0.460689,-0.531886,0.303676,0.000000,0.000000,0.000000,1.000000,position_only
2026-03-07T18:21:56.771070+00:00,1772907716771.069,0.459229,-0.534668,0.304199,0.251465,1.021484,9.546875,19882,19452,20376,19838,0.450000,-0.550000,0.300000,0.000000,1772907716764.023,0.460715,-0.531816,0.303682,0.000000,0.000000,0.000000,1.000000,position_only
2026-03-07T18:21:56.781669+00:00,1772907716781.669,0.459229,-0.534668,0.304199,0.244019,1.027344,9.523438,18818,20507,19244,20964,0.450000,-0.550000,0.300000,0.000000,1772907716781.310,0.460773,-0.531701,0.303674,0.000000,0.000000,0.000000,1.000000,position_only
2026-03-07T18:21:56.791236+00:00,1772907716791.235,0.459229,-0.534668,0.304199,0.229492,1.001953,9.484375,20812,18535,21137,19040,0.450000,-0.550000,0.300000,0.000000,1772907716789.802,0.460741,-0.531695,0.303679,0.000000,0.000000,0.000000,1.000000,position_only
2026-03-07T18:21:56.801273+00:00,1772907716801.273,0.459229,-0.534668,0.304199,0.228760,0.967285,9.492188,21393,17985,21685,18441,0.450000,-0.550000,0.300000,0.000000,1772907716798.279,0.460747,-0.531637,0.303659,0.000000,0.000000,0.000000,1.000000,position_only
2026-03-07T18:21:56.811816+00:00,1772907716811.816,0.459229,-0.534668,0.304199,0.229126,0.934082,9.492188,19650,19708,19961,20151,0.450000,-0.550000,0.300000,0.000000,1772907716806.777,0.460746,-0.531585,0.303677,0.000000,0.000000,0.000000,1.000000,position_only
2026-03-07T18:21:56.821823+00:00,1772907716821.822,0.459229,-0.534180,0.304199,0.243530,0.900391,9.460938,19264,20120,19484,20571,0.450000,-0.550000,0.300000,0.000000,1772907716815.254,0.460730,-0.531549,0.303671,0.000000,0.000000,0.000000,1.000000,position_only
2026-03-07T18:21:56.830653+00:00,1772907716830.653,0.459229,-0.534180,0.304199,0.266846,0.869629,9.429688,20567,18877,20743,19227,0.450000,-0.550000,0.300000,0.000000,1772907716824.103,0.460753,-0.531483,0.303680,0.000000,0.000000,0.000000,1.000000,position_only
2026-03-07T18:21:56.841051+00:00,1772907716841.050,0.459229,-0.534180,0.304199,0.292725,0.824707,9.429688,20955,18473,21048,18910,0.450000,-0.550000,0.300000,0.000000,1772907716832.586,0.460704,-0.531477,0.303702,0.000000,0.000000,0.000000,1.000000,position_only
2026-03-07T18:21:56.851313+00:00,1772907716851.312,0.459229,-0.534180,0.304199,0.322510,0.778320,9.429688,19791,19613,19935,20019,0.450000,-0.550000,0.300000,0.000000,1772907716849.831,0.460658,-0.531399,0.303691,0.000000,0.000000,0.000000,1.000000,position_only
2026-03-07T18:21:56.862596+00:00,1772907716862.595,0.458984,-0.534180,0.304199,0.354980,0.736816,9.398438,19564,19790,19766,20219,0.450000,-0.550000,0.300000,0.000000,1772907716858.305,0.460607,-0.531378,0.303696,0.000000,0.000000,0.000000,1.000000,position_only
2026-03-07T18:21:56.871287+00:00,1772907716871.287,0.458984,-0.534180,0.304199,0.372314,0.689941,9.367188,20426,18917,20618,19369,0.450000,-0.550000,0.300000,0.000000,1772907716866.853,0.460595,-0.531323,0.303710,0.000000,0.000000,0.000000,1.000000,position_only
2026-03-07T18:21:56.881925+00:00,1772907716881.925,0.458984,-0.533691,0.304199,0.383301,0.648926,9.367188,21027,18228,21322,18744,0.450000,-0.550000,0.300000,0.000000,1772907716875.477,0.460511,-0.531299,0.303746,0.000000,0.000000,0.000000,1.000000,position_only
2026-03-07T18:21:56.891961+00:00,1772907716891.961,0.458984,-0.533691,0.304199,0.384277,0.613281,9.367188,19735,19554,20007,20009,0.450000,-0.550000,0.300000,0.000000,1772907716883.928,0.460450,-0.531265,0.303728,0.000000,0.000000,0.000000,1.000000,position_only
2026-03-07T18:21:56.901002+00:00,1772907716901.002,0.458740,-0.533691,0.304199,0.404541,0.608398,9.343750,19656,19694,20112,19831,0.450000,-0.550000,0.300000,0.000000,1772907716892.514,0.460386,-0.531211,0.303753,0.000000,0.000000,0.000000,1.000000,position_only
2026-03-07T18:21:56.912489+00:00,1772907716912.489,0.458740,-0.533691,0.304443,0.425293,0.622559,9.320312,20403,18864,20814,19206,0.450000,-0.550000,0.300000,0.000000,1772907716909.643,0.460249,-0.531167,0.303756,0.000000,0.000000,0.000000,1.000000,position_only
2026-03-07T18:21:56.921521+00:00,1772907716921.520,0.458496,-0.533691,0.304443,0.437012,0.630859,9.312500,20283,19030,20777,19188,0.450000,-0.550000,0.300000,0.000000,1772907716918.135,0.460152,-0.531067,0.303819,0.000000,0.000000,0.000000,1.000000,position_only
2026-03-07T18:21:56.932039+00:00,1772907716932.038,0.458496,-0.533691,0.304443,0.452148,0.650879,9.304688,20244,19006,20656,19367,0.450000,-0.550000,0.300000,0.000000,1772907716926.904,0.460046,-0.531031,0.303825,0.000000,0.000000,0.000000,1.000000,position_only
2026-03-07T18:21:56.941156+00:00,1772907716941.156,0.458496,-0.533691,0.304443,0.456055,0.641113,9.289062,20023,19334,20444,19458,0.450000,-0.550000,0.300000,0.000000,1772907716935.400,0.459946,-0.530989,0.303834,0.000000,0.000000,0.000000,1.000000,position_only
2026-03-07T18:21:56.952030+00:00,1772907716952.029,0.458496,-0.533691,0.304443,0.484863,0.665527,9.281250,20236,19184,20674,19161,0.450000,-0.550000,0.300000,0.000000,1772907716943.884,0.459825,-0.530983,0.303861,0.000000,0.000000,0.000000,1.000000,position_only
2026-03-07T18:21:56.961607+00:00,1772907716961.606,0.458252,-0.533691,0.304443,0.522949,0.682617,9.265625,20020,19351,20362,19516,0.450000,-0.550000,0.300000,0.000000,1772907716960.979,0.459601,-0.530927,0.303882,0.000000,0.000000,0.000000,1.000000,position_only
2026-03-07T18:21:56.972323+00:00,1772907716972.323,0.458008,-0.533691,0.304443,0.546387,0.679199,9.250000,20261,19102,20630,19257,0.450000,-0.550000,0.300000,0.000000,1772907716969.491,0.459479,-0.530969,0.303849,0.000000,0.000000,0.000000,1.000000,position_only
2026-03-07T18:21:56.982220+00:00,1772907716982.219,0.458008,-0.533691,0.304443,0.574219,0.666504,9.234375,19917,19574,20173,19597,0.450000,-0.550000,0.300000,0.000000,1772907716978.027,0.459374,-0.530931,0.303858,0.000000,0.000000,0.000000,1.000000,position_only
2026-03-07T18:21:56.992139+00:00,1772907716992.139,0.458008,-0.533203,0.304443,0.613770,0.643066,9.210938,19974,19435,20044,19824,0.450000,-0.550000,0.300000,0.000000,1772907716986.529,0.459245,-0.530947,0.303875,0.000000,0.000000,0.000000,1.000000,position_only
2026-03-07T18:21:57.001360+00:00,1772907717001.359,0.457764,-0.533203,0.304443,0.643555,0.583008,9.195312,20330,19027,20488,19435,0.450000,-0.550000,0.300000,0.000000,1772907716995.011,0.459145,-0.530955,0.303831,0.000000,0.000000,0.000000,1.000000,position_only
2026-03-07T18:21:57.011608+00:00,1772907717011.607,0.457520,-0.533203,0.304443,0.651367,0.523926,9.187500,20730,18699,20824,19040,0.450000,-0.550000,0.300000,0.000000,1772907717003.689,0.458940,-0.530935,0.303806,0.000000,0.000000,0.000000,1.000000,position_only
2026-03-07T18:21:57.022305+00:00,1772907717022.304,0.457520,-0.533203,0.304443,0.663086,0.440430,9.179688,20583,18713,20529,19485,0.450000,-0.550000,0.300000,0.000000,1772907717020.846,0.458757,-0.530944,0.303812,0.000000,0.000000,0.000000,1.000000,position_only
2026-03-07T18:21:57.032150+00:00,1772907717032.150,0.457275,-0.533203,0.304443,0.666504,0.340332,9.164062,20099,19331,19958,19930,0.450000,-0.550000,0.300000,0.000000,1772907717029.374,0.458651,-0.530926,0.303786,0.000000,0.000000,0.000000,1.000000,position_only
2026-03-07T18:21:57.042657+00:00,1772907717042.657,0.457031,-0.533203,0.304443,0.676758,0.249023,9.148438,20060,19363,20003,19903,0.450000,-0.550000,0.300000,0.000000,1772907717037.939,0.458550,-0.530899,0.303799,0.000000,0.000000,0.000000,1.000000,position_only
2026-03-07T18:21:57.052490+00:00,1772907717052.490,0.457031,-0.533203,0.304443,0.673340,0.150879,9.132812,20863,18473,20773,19232,0.450000,-0.550000,0.300000,0.000000,1772907717046.529,0.458442,-0.530926,0.303784,0.000000,0.000000,0.000000,1.000000,position_only
2026-03-07T18:21:57.062390+00:00,1772907717062.390,0.456787,-0.533203,0.304443,0.668945,0.061279,9.132812,20204,19157,20164,19850,0.450000,-0.550000,0.300000,0.000000,1772907717055.066,0.458387,-0.530912,0.303771,0.000000,0.000000,0.000000,1.000000,position_only
2026-03-07T18:21:57.071423+00:00,1772907717071.423,0.456787,-0.533203,0.304443,0.665527,-0.006969,9.117188,19817,19566,19829,20214,0.450000,-0.550000,0.300000,0.000000,1772907717063.588,0.458240,-0.530968,0.303766,0.000000,0.000000,0.000000,1.000000,position_only
2026-03-07T18:21:57.081907+00:00,1772907717081.907,0.456543,-0.533203,0.304443,0.649414,-0.073853,9.093750,20676,18714,20761,19302,0.450000,-0.550000,0.300000,0.000000,1772907717080.794,0.458046,-0.530978,0.303737,0.000000,0.000000,0.000000,1.000000,position_only
2026-03-07T18:21:57.091221+00:00,1772907717091.221,0.456543,-0.533203,0.304199,0.633301,-0.116089,9.093750,20724,18612,20897,19239,0.450000,-0.550000,0.300000,0.000000,1772907717089.565,0.457952,-0.530955,0.303776,0.000000,0.000000,0.000000,1.000000,position_only
2026-03-07T18:21:57.102660+00:00,1772907717102.660,0.456299,-0.533203,0.304199,0.634277,-0.132568,9.093750,20593,18963,20768,19165,0.450000,-0.550000,0.300000,0.000000,1772907717098.062,0.457855,-0.530967,0.303759,0.000000,0.000000,0.000000,1.000000,position_only
2026-03-07T18:21:57.112078+00:00,1772907717112.077,0.456299,-0.533203,0.304199,0.648438,-0.097473,9.085938,20148,19345,20536,19473,0.450000,-0.550000,0.300000,0.000000,1772907717106.529,0.457796,-0.530984,0.303750,0.000000,0.000000,0.000000,1.000000,position_only
2026-03-07T18:21:57.121622+00:00,1772907717121.621,0.456299,-0.533203,0.304199,0.659180,-0.051239,9.070312,19680,19780,20059,19984,0.450000,-0.550000,0.300000,0.000000,1772907717115.043,0.457690,-0.531038,0.303734,0.000000,0.000000,0.000000,1.000000,position_only
2026-03-07T18:21:57.132185+00:00,1772907717132.184,0.456055,-0.533203,0.304199,0.677734,0.002501,9.046875,20545,19047,20857,19062,0.450000,-0.550000,0.300000,0.000000,1772907717123.787,0.457623,-0.531066,0.303732,0.000000,0.000000,0.000000,1.000000,position_only
2026-03-07T18:21:57.141974+00:00,1772907717141.974,0.456055,-0.533691,0.304199,0.693848,0.038483,9.046875,21457,18190,21666,18205,0.450000,-0.550000,0.300000,0.000000,1772907717140.765,0.457465,-0.531146,0.303700,0.000000,0.000000,0.000000,1.000000,position_only
2026-03-07T18:21:57.152532+00:00,1772907717152.531,0.455811,-0.533691,0.304199,0.723145,0.073425,9.046875,19885,19746,20106,19782,0.450000,-0.550000,0.300000,0.000000,1772907717149.271,0.457410,-0.531170,0.303707,0.000000,0.000000,0.000000,1.000000,position_only
2026-03-07T18:21:57.163499+00:00,1772907717163.498,0.455811,-0.533691,0.304199,0.741699,0.102539,9.023438,19525,20115,19693,20181,0.450000,-0.550000,0.300000,0.000000,1772907717158.180,0.457300,-0.531223,0.303717,0.000000,0.000000,0.000000,1.000000,position_only
2026-03-07T18:21:57.172547+00:00,1772907717172.546,0.455811,-0.533691,0.304199,0.772461,0.127930,8.992188,21167,18583,21268,18488,0.450000,-0.550000,0.300000,0.000000,1772907717166.769,0.457239,-0.531268,0.303695,0.000000,0.000000,0.000000,1.000000,position_only
2026-03-07T18:21:57.182218+00:00,1772907717182.217,0.455811,-0.533691,0.304199,0.807129,0.152222,9.015625,21526,18204,21596,18184,0.450000,-0.550000,0.300000,0.000000,1772907717175.251,0.457173,-0.531301,0.303694,0.000000,0.000000,0.000000,1.000000,position_only
2026-03-07T18:21:57.192782+00:00,1772907717192.782,0.455811,-0.533691,0.304199,0.826172,0.143799,9.015625,20014,19679,19981,19847,0.450000,-0.550000,0.300000,0.000000,1772907717192.507,0.457072,-0.531408,0.303682,0.000000,0.000000,0.000000,1.000000,position_only
2026-03-07T18:21:57.202661+00:00,1772907717202.661,0.455566,-0.533691,0.304199,0.846680,0.115845,8.992188,19622,19941,19569,20385,0.450000,-0.550000,0.300000,0.000000,1772907717201.017,0.457038,-0.531432,0.303682,0.000000,0.000000,0.000000,1.000000,position_only
2026-03-07T18:21:57.212503+00:00,1772907717212.502,0.455566,-0.533691,0.304199,0.831543,0.064575,8.968750,20755,18770,20690,19296,0.450000,-0.550000,0.300000,0.000000,1772907717209.504,0.456977,-0.531487,0.303697,0.000000,0.000000,0.000000,1.000000,position_only
2026-03-07T18:21:57.223062+00:00,1772907717223.062,0.455566,-0.534180,0.304199,0.802734,0.023407,8.968750,20674,18754,20825,19250,0.450000,-0.550000,0.300000,0.000000,1772907717218.116,0.456984,-0.531524,0.303698,0.000000,0.000000,0.000000,1.000000,position_only
2026-03-07T18:21:57.231494+00:00,1772907717231.493,0.455566,-0.534180,0.304199,0.754395,-0.005314,8.976562,20629,18703,20760,19402,0.450000,-0.550000,0.300000,0.000000,1772907717226.768,0.456928,-0.531568,0.303711,0.000000,0.000000,0.000000,1.000000,position_only
2026-03-07T18:21:57.242192+00:00,1772907717242.192,0.455566,-0.534180,0.304199,0.699219,-0.040619,8.960938,19554,19754,19706,20469,0.450000,-0.550000,0.300000,0.000000,1772907717235.295,0.456873,-0.531637,0.303702,0.000000,0.000000,0.000000,1.000000,position_only
2026-03-07T18:21:57.252266+00:00,1772907717252.266,0.455566,-0.534180,0.304199,0.635254,-0.068359,8.937500,20144,19117,20401,19816,0.450000,-0.550000,0.300000,0.000000,1772907717243.760,0.456905,-0.531657,0.303716,0.000000,0.000000,0.000000,1.000000,position_only
2026-03-07T18:21:57.262380+00:00,1772907717262.379,0.455322,-0.534180,0.304199,0.573242,-0.084717,8.937500,21304,17972,21609,18584,0.450000,-0.550000,0.300000,0.000000,1772907717260.846,0.456789,-0.531785,0.303722,0.000000,0.000000,0.000000,1.000000,position_only
2026-03-07T18:21:57.272097+00:00,1772907717272.096,0.455322,-0.534668,0.304199,0.518555,-0.065613,8.945312,20271,19091,20618,19473,0.450000,-0.550000,0.300000,0.000000,1772907717269.365,0.456777,-0.531810,0.303740,0.000000,0.000000,0.000000,1.000000,position_only
2026-03-07T18:21:57.282744+00:00,1772907717282.743,0.455322,-0.534668,0.304199,0.469727,-0.055115,8.921875,19453,19804,19825,20350,0.450000,-0.550000,0.300000,0.000000,1772907717277.985,0.456729,-0.531897,0.303790,0.000000,0.000000,0.000000,1.000000,position_only
2026-03-07T18:21:57.292369+00:00,1772907717292.368,0.455322,-0.534668,0.304199,0.416748,-0.035858,8.890625,20361,18910,20818,19311,0.450000,-0.550000,0.300000,0.000000,1772907717286.483,0.456712,-0.531926,0.303757,0.000000,0.000000,0.000000,1.000000,position_only
2026-03-07T18:21:57.301696+00:00,1772907717301.695,0.455322,-0.534668,0.304199,0.371338,-0.008186,8.890625,20733,18612,20976,19037,0.450000,-0.550000,0.300000,0.000000,1772907717295.064,0.456694,-0.532000,0.303782,0.000000,0.000000,0.000000,1.000000,position_only
2026-03-07T18:21:57.312065+00:00,1772907717312.064,0.455322,-0.534668,0.304199,0.350342,0.014351,8.898438,20534,18824,20861,19116,0.450000,-0.550000,0.300000,0.000000,1772907717303.532,0.456654,-0.532085,0.303784,0.000000,0.000000,0.000000,1.000000,position_only
2026-03-07T18:21:57.322164+00:00,1772907717322.163,0.455322,-0.534668,0.304199,0.332764,0.028168,8.882812,19426,19974,19562,20356,0.450000,-0.550000,0.300000,0.000000,1772907717320.945,0.456633,-0.532254,0.303857,0.000000,0.000000,0.000000,1.000000,position_only
