time_wall,time_ms,state_x,state_y,state_z,roll,pitch,yaw,u1_16,u2_16,u3_16,u4_16,setpoint_x,setpoint_y,setpoint_z,setpoint_yaw_deg,mocap_time_ms,mocap_x,mocap_y,mocap_z,mocap_qx,mocap_qy,mocap_qz,mocap_qw,mocap_mode
2026-03-07T15:40:40.093784+00:00,1772898040093.781,0.441406,-0.557617,0.300293,-0.195923,-0.157471,-0.058960,0,0,0,0,0.450000,-0.550000,0.300000,0.000000,1772898040086.439,0.440405,-0.558699,0.300101,0.000000,0.000000,0.000000,1.000000,position_only
2026-03-07T15:40:40.103178+00:00,1772898040103.177,0.441406,-0.557617,0.300293,-0.188721,-0.120789,-0.054993,0,0,0,0,0.450000,-0.550000,0.300000,0.000000,1772898040095.164,0.440433,-0.558681,0.300101,0.000000,0.000000,0.000000,1.000000,position_only
2026-03-07T15:40:40.113034+00:00,1772898040113.033,0.441406,-0.557617,0.300293,-0.178833,-0.105713,-0.057648,0,0,0,0,0.450000,-0.550000,0.300000,0.000000,1772898040112.148,0.440551,-0.558602,0.300074,0.000000,0.000000,0.000000,1.000000,position_only
2026-03-07T15:40:40.122172+00:00,1772898040122.172,0.441650,-0.557617,0.300293,-0.173218,-0.119019,-0.066895,0,0,0,0,0.450000,-0.550000,0.300000,0.000000,1772898040120.778,0.440628,-0.558591,0.300088,0.000000,0.000000,0.000000,1.000000,position_only
2026-03-07T15:40:40.131927+00:00,1772898040131.926,0.441650,-0.557617,0.300293,-0.152832,-0.114502,-0.077515,0,0,0,0,0.450000,-0.550000,0.300000,0.000000,1772898040129.382,0.440721,-0.558550,0.300075,0.000000,0.000000,0.000000,1.000000,position_only
2026-03-07T15:40:40.142330+00:00,1772898040142.329,0.441650,-0.557617,0.300293,-0.147827,-0.120972,-0.083008,0,0,0,0,0.450000,-0.550000,0.300000,0.000000,1772898040137.918,0.440774,-0.558547,0.300056,0.000000,0.000000,0.000000,1.000000,position_only
2026-03-07T15:40:40.152936+00:00,1772898040152.936,0.441650,-0.557617,0.300293,-0.155273,-0.147339,-0.097351,0,0,0,0,0.450000,-0.550000,0.300000,0.000000,1772898040146.417,0.440856,-0.558522,0.300050,0.000000,0.000000,0.000000,1.000000,position_only
2026-03-07T15:40:40.162832+00:00,1772898040162.831,0.441895,-0.557617,0.300293,-0.162964,-0.168579,-0.107605,0,0,0,0,0.450000,-0.550000,0.300000,0.000000,1772898040155.043,0.440938,-0.558461,0.300035,0.000000,0.000000,0.000000,1.000000,position_only
2026-03-07T15:40:40.173108+00:00,1772898040173.107,0.441895,-0.557617,0.300293,-0.177979,-0.184570,-0.115967,0,0,0,0,0.450000,-0.550000,0.300000,0.000000,1772898040172.423,0.441060,-0.558401,0.300023,0.000000,0.000000,0.000000,1.000000,position_only
2026-03-07T15:40:40.183520+00:00,1772898040183.518,0.441895,-0.557617,0.300293,-0.187500,-0.191406,-0.125610,0,0,0,0,0.450000,-0.550000,0.300000,0.000000,1772898040180.896,0.441181,-0.558336,0.300022,0.000000,0.000000,0.000000,1.000000,position_only
2026-03-07T15:40:40.193060+00:00,1772898040193.059,0.442139,-0.557129,0.300293,-0.198120,-0.185059,-0.126709,0,0,0,0,0.450000,-0.550000,0.300000,0.000000,1772898040189.587,0.441229,-0.558311,0.300015,0.000000,0.000000,0.000000,1.000000,position_only
2026-03-07T15:40:40.203179+00:00,1772898040203.178,0.442139,-0.557129,0.300293,-0.198486,-0.173462,-0.125732,0,0,0,0,0.450000,-0.550000,0.300000,0.000000,1772898040198.162,0.441274,-0.558280,0.300009,0.000000,0.000000,0.000000,1.000000,position_only
2026-03-07T15:40:40.212850+00:00,1772898040212.850,0.442139,-0.557129,0.300293,-0.186279,-0.180298,-0.129883,0,0,0,0,0.450000,-0.550000,0.300000,0.000000,1772898040206.648,0.441341,-0.558245,0.299981,0.000000,0.000000,0.000000,1.000000,position_only
2026-03-07T15:40:40.223286+00:00,1772898040223.285,0.442383,-0.557129,0.300293,-0.162598,-0.187378,-0.138062,0,0,0,0,0.450000,-0.550000,0.300000,0.000000,1772898040215.178,0.441393,-0.558219,0.299980,0.000000,0.000000,0.000000,1.000000,position_only
2026-03-07T15:40:40.233135+00:00,1772898040233.134,0.442383,-0.557129,0.300293,-0.142456,-0.168335,-0.142090,0,0,0,0,0.450000,-0.550000,0.300000,0.000000,1772898040232.339,0.441522,-0.558139,0.299954,0.000000,0.000000,0.000000,1.000000,position_only
2026-03-07T15:40:40.243376+00:00,1772898040243.375,0.442383,-0.557129,0.300293,-0.133545,-0.139771,-0.142822,0,0,0,0,0.450000,-0.550000,0.300000,0.000000,1772898040240.841,0.441580,-0.558107,0.299946,0.000000,0.000000,0.000000,1.000000,position_only
2026-03-07T15:40:40.253563+00:00,1772898040253.562,0.442627,-0.557129,0.300293,-0.132690,-0.119263,-0.145020,0,0,0,0,0.450000,-0.550000,0.300000,0.000000,1772898040249.349,0.441631,-0.558066,0.299936,0.000000,0.000000,0.000000,1.000000,position_only
2026-03-07T15:40:40.262346+00:00,1772898040262.345,0.442627,-0.557129,0.300293,-0.130493,-0.086060,-0.149048,0,0,0,0,0.450000,-0.550000,0.300000,0.000000,1772898040257.958,0.441667,-0.558031,0.299907,0.000000,0.000000,0.000000,1.000000,position_only
2026-03-07T15:40:40.272933+00:00,1772898040272.933,0.442627,-0.557129,0.300049,-0.137207,-0.041992,-0.144409,0,0,0,0,0.450000,-0.550000,0.300000,0.000000,1772898040266.981,0.441730,-0.557991,0.299890,0.000000,0.000000,0.000000,1.000000,position_only
2026-03-07T15:40:40.282846+00:00,1772898040282.846,0.442627,-0.557129,0.300049,-0.151978,-0.029907,-0.152588,0,0,0,0,0.450000,-0.550000,0.300000,0.000000,1772898040275.530,0.441797,-0.557956,0.299872,0.000000,0.000000,0.000000,1.000000,position_only
2026-03-07T15:40:40.294216+00:00,1772898040294.215,0.442871,-0.557129,0.300049,-0.149780,-0.014008,-0.148682,0,0,0,0,0.450000,-0.550000,0.300000,0.000000,1772898040292.534,0.441961,-0.557891,0.299788,0.000000,0.000000,0.000000,1.000000,position_only
2026-03-07T15:40:40.302675+00:00,1772898040302.674,0.442871,-0.557129,0.300049,-0.142212,-0.021439,-0.159302,0,0,0,0,0.450000,-0.550000,0.300000,0.000000,1772898040301.313,0.442023,-0.557864,0.299751,0.000000,0.000000,0.000000,1.000000,position_only
2026-03-07T15:40:40.312532+00:00,1772898040312.532,0.442871,-0.556641,0.300049,-0.139893,-0.046173,-0.167480,0,0,0,0,0.450000,-0.550000,0.300000,0.000000,1772898040309.799,0.442079,-0.557823,0.299722,0.000000,0.000000,0.000000,1.000000,position_only
2026-03-07T15:40:40.322442+00:00,1772898040322.441,0.442871,-0.557129,0.300049,-0.129883,-0.066162,-0.173096,0,0,0,0,0.450000,-0.550000,0.300000,0.000000,1772898040318.384,0.442139,-0.557802,0.299674,0.000000,0.000000,0.000000,1.000000,position_only
2026-03-07T15:40:40.333126+00:00,1772898040333.125,0.443115,-0.556641,0.300049,-0.105896,-0.061554,-0.168213,0,0,0,0,0.450000,-0.550000,0.300000,0.000000,1772898040326.887,0.442216,-0.557773,0.299655,0.000000,0.000000,0.000000,1.000000,position_only
2026-03-07T15:40:40.343029+00:00,1772898040343.029,0.443115,-0.556641,0.300049,-0.093872,-0.066895,-0.176392,0,0,0,0,0.450000,-0.550000,0.300000,0.000000,1772898040335.457,0.442301,-0.557735,0.299626,0.000000,0.000000,0.000000,1.000000,position_only
2026-03-07T15:40:40.353178+00:00,1772898040353.177,0.443115,-0.556641,0.300049,-0.092102,-0.069641,-0.180786,0,0,0,0,0.450000,-0.550000,0.300000,0.000000,1772898040352.589,0.442447,-0.557650,0.299529,0.000000,0.000000,0.000000,1.000000,position_only
2026-03-07T15:40:40.362783+00:00,1772898040362.783,0.443359,-0.556641,0.300049,-0.095337,-0.083618,-0.182251,0,0,0,0,0.450000,-0.550000,0.300000,0.000000,1772898040361.339,0.442510,-0.557606,0.299502,0.000000,0.000000,0.000000,1.000000,position_only
2026-03-07T15:40:40.373409+00:00,1772898040373.408,0.443359,-0.556641,0.299805,-0.096008,-0.080017,-0.187500,0,0,0,0,0.450000,-0.550000,0.300000,0.000000,1772898040369.878,0.442584,-0.557564,0.299486,0.000000,0.000000,0.000000,1.000000,position_only
2026-03-07T15:40:40.382504+00:00,1772898040382.504,0.443359,-0.556641,0.299805,-0.093323,-0.079651,-0.197876,0,0,0,0,0.450000,-0.550000,0.300000,0.000000,1772898040378.403,0.442672,-0.557522,0.299461,0.000000,0.000000,0.000000,1.000000,position_only
2026-03-07T15:40:40.392365+00:00,1772898040392.365,0.443359,-0.556641,0.299805,-0.101196,-0.096436,-0.210815,0,0,0,0,0.450000,-0.550000,0.300000,0.000000,1772898040386.932,0.442711,-0.557502,0.299431,0.000000,0.000000,0.000000,1.000000,position_only
2026-03-07T15:40:40.402871+00:00,1772898040402.870,0.443604,-0.556641,0.299805,-0.114746,-0.111267,-0.216309,0,0,0,0,0.450000,-0.550000,0.300000,0.000000,1772898040395.427,0.442741,-0.557480,0.299410,0.000000,0.000000,0.000000,1.000000,position_only
2026-03-07T15:40:40.412812+00:00,1772898040412.811,0.443604,-0.556641,0.299805,-0.114197,-0.101624,-0.217407,0,0,0,0,0.450000,-0.550000,0.300000,0.000000,1772898040412.473,0.442809,-0.557419,0.299339,0.000000,0.000000,0.000000,1.000000,position_only
2026-03-07T15:40:40.423928+00:00,1772898040423.927,0.443604,-0.556641,0.299805,-0.123047,-0.110718,-0.222534,0,0,0,0,0.450000,-0.550000,0.300000,0.000000,1772898040421.031,0.442871,-0.557398,0.299322,0.000000,0.000000,0.000000,1.000000,position_only
2026-03-07T15:40:40.433619+00:00,1772898040433.619,0.443848,-0.556641,0.299805,-0.125366,-0.092163,-0.222778,0,0,0,0,0.450000,-0.550000,0.300000,0.000000,1772898040429.531,0.442950,-0.557358,0.299278,0.000000,0.000000,0.000000,1.000000,position_only
2026-03-07T15:40:40.443389+00:00,1772898040443.388,0.443848,-0.556641,0.299561,-0.126709,-0.068542,-0.225952,0,0,0,0,0.450000,-0.550000,0.300000,0.000000,1772898040438.031,0.443020,-0.557352,0.299234,0.000000,0.000000,0.000000,1.000000,position_only
2026-03-07T15:40:40.452674+00:00,1772898040452.673,0.443848,-0.556641,0.299561,-0.126709,-0.057739,-0.236450,0,0,0,0,0.450000,-0.550000,0.300000,0.000000,1772898040446.590,0.443038,-0.557345,0.299209,0.000000,0.000000,0.000000,1.000000,position_only
2026-03-07T15:40:40.463284+00:00,1772898040463.284,0.443848,-0.556152,0.299561,-0.121582,-0.067261,-0.247437,0,0,0,0,0.450000,-0.550000,0.300000,0.000000,1772898040455.352,0.443060,-0.557326,0.299172,0.000000,0.000000,0.000000,1.000000,position_only
2026-03-07T15:40:40.473897+00:00,1772898040473.896,0.443848,-0.556152,0.299561,-0.109741,-0.087097,-0.264160,0,0,0,0,0.450000,-0.550000,0.300000,0.000000,1772898040472.431,0.443177,-0.557279,0.299105,0.000000,0.000000,0.000000,1.000000,position_only
2026-03-07T15:40:40.483657+00:00,1772898040483.656,0.444092,-0.556152,0.299561,-0.088501,-0.101501,-0.277832,0,0,0,0,0.450000,-0.550000,0.300000,0.000000,1772898040480.885,0.443256,-0.557247,0.299075,0.000000,0.000000,0.000000,1.000000,position_only
2026-03-07T15:40:40.493229+00:00,1772898040493.229,0.444092,-0.556152,0.299561,-0.087402,-0.099915,-0.282471,0,0,0,0,0.450000,-0.550000,0.300000,0.000000,1772898040489.814,0.443334,-0.557232,0.299017,0.000000,0.000000,0.000000,1.000000,position_only
2026-03-07T15:40:40.503424+00:00,1772898040503.424,0.444092,-0.556152,0.299316,-0.095703,-0.106445,-0.290283,0,0,0,0,0.450000,-0.550000,0.300000,0.000000,1772898040498.360,0.443348,-0.557226,0.298998,0.000000,0.000000,0.000000,1.000000,position_only
2026-03-07T15:40:40.512805+00:00,1772898040512.805,0.444092,-0.556152,0.299316,-0.095703,-0.097595,-0.296631,0,0,0,0,0.450000,-0.550000,0.300000,0.000000,1772898040506.971,0.443375,-0.557220,0.298956,0.000000,0.000000,0.000000,1.000000,position_only
2026-03-07T15:40:40.523631+00:00,1772898040523.630,0.444336,-0.556152,0.299316,-0.100220,-0.095947,-0.302490,0,0,0,0,0.450000,-0.550000,0.300000,0.000000,1772898040515.588,0.443416,-0.557181,0.298902,0.000000,0.000000,0.000000,1.000000,position_only
2026-03-07T15:40:40.533442+00:00,1772898040533.442,0.444336,-0.556152,0.299316,-0.115723,-0.085022,-0.300537,0,0,0,0,0.450000,-0.550000,0.300000,0.000000,1772898040532.727,0.443506,-0.557149,0.298858,0.000000,0.000000,0.000000,1.000000,position_only
2026-03-07T15:40:40.542912+00:00,1772898040542.911,0.444336,-0.556152,0.299072,-0.124084,-0.088928,-0.309082,0,0,0,0,0.450000,-0.550000,0.300000,0.000000,1772898040541.226,0.443569,-0.557126,0.298824,0.000000,0.000000,0.000000,1.000000,position_only
2026-03-07T15:40:40.553184+00:00,1772898040553.183,0.444336,-0.556152,0.299072,-0.115662,-0.093750,-0.317383,0,0,0,0,0.450000,-0.550000,0.300000,0.000000,1772898040549.798,0.443573,-0.557130,0.298791,0.000000,0.000000,0.000000,1.000000,position_only
2026-03-07T15:40:40.563631+00:00,1772898040563.631,0.444336,-0.556152,0.299072,-0.104980,-0.065613,-0.319580,0,0,0,0,0.450000,-0.550000,0.300000,0.000000,1772898040558.530,0.443585,-0.557124,0.298768,0.000000,0.000000,0.000000,1.000000,position_only
2026-03-07T15:40:40.572726+00:00,1772898040572.726,0.444580,-0.556152,0.299072,-0.088440,-0.057068,-0.330322,0,0,0,0,0.450000,-0.550000,0.300000,0.000000,1772898040567.034,0.443616,-0.557101,0.298722,0.000000,0.000000,0.000000,1.000000,position_only
2026-03-07T15:40:40.583336+00:00,1772898040583.336,0.444580,-0.556152,0.299072,-0.071655,-0.048523,-0.342041,0,0,0,0,0.450000,-0.550000,0.300000,0.000000,1772898040575.695,0.443645,-0.557089,0.298708,0.000000,0.000000,0.000000,1.000000,position_only
2026-03-07T15:40:40.593350+00:00,1772898040593.350,0.444580,-0.556152,0.298828,-0.057220,-0.027084,-0.351562,0,0,0,0,0.450000,-0.550000,0.300000,0.000000,1772898040592.748,0.443730,-0.557081,0.298662,0.000000,0.000000,0.000000,1.000000,position_only
2026-03-07T15:40:40.604103+00:00,1772898040604.102,0.444580,-0.556152,0.298828,-0.062622,-0.039429,-0.360352,0,0,0,0,0.450000,-0.550000,0.300000,0.000000,1772898040601.334,0.443767,-0.557084,0.298642,0.000000,0.000000,0.000000,1.000000,position_only
2026-03-07T15:40:40.613960+00:00,1772898040613.960,0.444580,-0.556152,0.298828,-0.065125,-0.063599,-0.376465,0,0,0,0,0.450000,-0.550000,0.300000,0.000000,1772898040609.827,0.443796,-0.557082,0.298625,0.000000,0.000000,0.000000,1.000000,position_only
2026-03-07T15:40:40.623865+00:00,1772898040623.864,0.444580,-0.556152,0.298828,-0.065918,-0.085449,-0.391113,0,0,0,0,0.450000,-0.550000,0.300000,0.000000,1772898040618.392,0.443831,-0.557058,0.298589,0.000000,0.000000,0.000000,1.000000,position_only
2026-03-07T15:40:40.633508+00:00,1772898040633.508,0.444824,-0.556152,0.298828,-0.069153,-0.121155,-0.412842,0,0,0,0,0.450000,-0.550000,0.300000,0.000000,1772898040627.020,0.443980,-0.557048,0.298570,0.000000,0.000000,0.000000,1.000000,position_only
2026-03-07T15:40:40.643402+00:00,1772898040643.401,0.444824,-0.556152,0.298828,-0.080444,-0.134521,-0.428955,0,0,0,0,0.450000,-0.550000,0.300000,0.000000,1772898040635.530,0.444026,-0.557037,0.298549,0.000000,0.000000,0.000000,1.000000,position_only
2026-03-07T15:40:40.653116+00:00,1772898040653.116,0.444824,-0.556152,0.298828,-0.070251,-0.113220,-0.441162,0,0,0,0,0.450000,-0.550000,0.300000,0.000000,1772898040652.855,0.444063,-0.557054,0.298521,0.000000,0.000000,0.000000,1.000000,position_only
2026-03-07T15:40:40.663923+00:00,1772898040663.923,0.444824,-0.556152,0.298828,-0.069641,-0.105835,-0.450684,0,0,0,0,0.450000,-0.550000,0.300000,0.000000,1772898040661.410,0.444090,-0.557030,0.298500,0.000000,0.000000,0.000000,1.000000,position_only
2026-03-07T15:40:40.673910+00:00,1772898040673.908,0.444824,-0.556152,0.298584,-0.076233,-0.087158,-0.465820,0,0,0,0,0.450000,-0.550000,0.300000,0.000000,1772898040670.018,0.444132,-0.557030,0.298497,0.000000,0.000000,0.000000,1.000000,position_only
2026-03-07T15:40:40.683932+00:00,1772898040683.932,0.444824,-0.556152,0.298584,-0.088135,-0.070740,-0.479980,0,0,0,0,0.450000,-0.550000,0.300000,0.000000,1772898040678.550,0.444153,-0.557052,0.298495,0.000000,0.000000,0.000000,1.000000,position_only
2026-03-07T15:40:40.693392+00:00,1772898040693.390,0.445068,-0.556152,0.298584,-0.095825,-0.068481,-0.488525,0,0,0,0,0.450000,-0.550000,0.300000,0.000000,1772898040687.598,0.444170,-0.557055,0.298488,0.000000,0.000000,0.000000,1.000000,position_only
2026-03-07T15:40:40.703407+00:00,1772898040703.406,0.445068,-0.556152,0.298584,-0.101379,-0.039734,-0.492432,0,0,0,0,0.450000,-0.550000,0.300000,0.000000,1772898040696.202,0.444180,-0.557056,0.298479,0.000000,0.000000,0.000000,1.000000,position_only
2026-03-07T15:40:40.713946+00:00,1772898040713.946,0.445068,-0.556152,0.298584,-0.084717,-0.010742,-0.499512,0,0,0,0,0.450000,-0.550000,0.300000,0.000000,1772898040713.234,0.444213,-0.557083,0.298472,0.000000,0.000000,0.000000,1.000000,position_only
2026-03-07T15:40:40.723186+00:00,1772898040723.185,0.445068,-0.556152,0.298584,-0.071350,0.000996,-0.514160,0,0,0,0,0.450000,-0.550000,0.300000,0.000000,1772898040721.745,0.444265,-0.557076,0.298475,0.000000,0.000000,0.000000,1.000000,position_only
2026-03-07T15:40:40.735010+00:00,1772898040735.009,0.445068,-0.556152,0.298584,-0.059387,-0.000406,-0.528320,0,0,0,0,0.450000,-0.550000,0.300000,0.000000,1772898040730.366,0.444266,-0.557108,0.298477,0.000000,0.000000,0.000000,1.000000,position_only
2026-03-07T15:40:40.744277+00:00,1772898040744.277,0.445068,-0.556152,0.298584,-0.060852,-0.004055,-0.542480,0,0,0,0,0.450000,-0.550000,0.300000,0.000000,1772898040738.999,0.444258,-0.557129,0.298482,0.000000,0.000000,0.000000,1.000000,position_only
2026-03-07T15:40:40.754117+00:00,1772898040754.117,0.445068,-0.556152,0.298584,-0.059204,-0.013580,-0.559570,0,0,0,0,0.450000,-0.550000,0.300000,0.000000,1772898040747.530,0.444287,-0.557135,0.298478,0.000000,0.000000,0.000000,1.000000,position_only
2026-03-07T15:40:40.763903+00:00,1772898040763.902,0.445068,-0.556152,0.298584,-0.070312,-0.031708,-0.575195,0,0,0,0,0.450000,-0.550000,0.300000,0.000000,1772898040756.045,0.444312,-0.557139,0.298492,0.000000,0.000000,0.000000,1.000000,position_only
2026-03-07T15:40:40.773673+00:00,1772898040773.672,0.445068,-0.556152,0.298584,-0.080444,-0.042725,-0.583984,0,0,0,0,0.450000,-0.550000,0.300000,0.000000,1772898040773.163,0.444353,-0.557161,0.298507,0.000000,0.000000,0.000000,1.000000,position_only
2026-03-07T15:40:40.784515+00:00,1772898040784.514,0.445312,-0.556152,0.298584,-0.099121,-0.064575,-0.592285,0,0,0,0,0.450000,-0.550000,0.300000,0.000000,1772898040781.677,0.444349,-0.557185,0.298511,0.000000,0.000000,0.000000,1.000000,position_only
2026-03-07T15:40:40.794960+00:00,1772898040794.959,0.445312,-0.556152,0.298584,-0.119507,-0.081116,-0.602539,0,0,0,0,0.450000,-0.550000,0.300000,0.000000,1772898040790.194,0.444338,-0.557222,0.298518,0.000000,0.000000,0.000000,1.000000,position_only
2026-03-07T15:40:40.803397+00:00,1772898040803.397,0.445068,-0.556152,0.298584,-0.132690,-0.092651,-0.608887,0,0,0,0,0.450000,-0.550000,0.300000,0.000000,1772898040798.647,0.444352,-0.557199,0.298523,0.000000,0.000000,0.000000,1.000000,position_only
2026-03-07T15:40:40.814648+00:00,1772898040814.647,0.445312,-0.556152,0.298584,-0.143677,-0.116882,-0.609863,0,0,0,0,0.450000,-0.550000,0.300000,0.000000,1772898040807.168,0.444381,-0.557215,0.298540,0.000000,0.000000,0.000000,1.000000,position_only
2026-03-07T15:40:40.824391+00:00,1772898040824.390,0.445312,-0.556152,0.298584,-0.146729,-0.120667,-0.607910,0,0,0,0,0.450000,-0.550000,0.300000,0.000000,1772898040824.271,0.444388,-0.557267,0.298560,0.000000,0.000000,0.000000,1.000000,position_only
2026-03-07T15:40:40.833374+00:00,1772898040833.374,0.445312,-0.556152,0.298584,-0.151489,-0.129517,-0.610352,0,0,0,0,0.450000,-0.550000,0.300000,0.000000,1772898040832.815,0.444378,-0.557289,0.298561,0.000000,0.000000,0.000000,1.000000,position_only
2026-03-07T15:40:40.843967+00:00,1772898040843.966,0.445312,-0.556152,0.298584,-0.160522,-0.134521,-0.610840,0,0,0,0,0.450000,-0.550000,0.300000,0.000000,1772898040841.313,0.444373,-0.557304,0.298583,0.000000,0.000000,0.000000,1.000000,position_only
2026-03-07T15:40:40.854706+00:00,1772898040854.705,0.445312,-0.556152,0.298584,-0.168701,-0.125122,-0.609863,0,0,0,0,0.450000,-0.550000,0.300000,0.000000,1772898040849.861,0.444374,-0.557306,0.298588,0.000000,0.000000,0.000000,1.000000,position_only
2026-03-07T15:40:40.864613+00:00,1772898040864.612,0.445312,-0.556641,0.298584,-0.169800,-0.122192,-0.609375,0,0,0,0,0.450000,-0.550000,0.300000,0.000000,1772898040858.583,0.444399,-0.557320,0.298603,0.000000,0.000000,0.000000,1.000000,position_only
2026-03-07T15:40:40.874364+00:00,1772898040874.364,0.445312,-0.556641,0.298584,-0.175659,-0.119934,-0.604004,0,0,0,0,0.450000,-0.550000,0.300000,0.000000,1772898040867.093,0.444396,-0.557351,0.298612,0.000000,0.000000,0.000000,1.000000,position_only
2026-03-07T15:40:40.884009+00:00,1772898040884.009,0.445312,-0.556641,0.298828,-0.189087,-0.112549,-0.598145,0,0,0,0,0.450000,-0.550000,0.300000,0.000000,1772898040875.592,0.444375,-0.557382,0.298625,0.000000,0.000000,0.000000,1.000000,position_only
2026-03-07T15:40:40.894655+00:00,1772898040894.655,0.445312,-0.556641,0.298828,-0.196533,-0.099365,-0.594238,0,0,0,0,0.450000,-0.550000,0.300000,0.000000,1772898040892.705,0.444319,-0.557437,0.298626,0.000000,0.000000,0.000000,1.000000,position_only
2026-03-07T15:40:40.904641+00:00,1772898040904.641,0.445312,-0.556641,0.298828,-0.205566,-0.085327,-0.594238,0,0,0,0,0.450000,-0.550000,0.300000,0.000000,1772898040901.198,0.444322,-0.557455,0.298635,0.000000,0.000000,0.000000,1.000000,position_only
2026-03-07T15:40:40.914556+00:00,1772898040914.555,0.445312,-0.556641,0.298828,-0.206543,-0.071045,-0.586426,0,0,0,0,0.450000,-0.550000,0.300000,0.000000,1772898040909.785,0.444340,-0.557473,0.298635,0.000000,0.000000,0.000000,1.000000,position_only
2026-03-07T15:40:40.924358+00:00,1772898040924.357,0.445312,-0.556641,0.298828,-0.211304,-0.082031,-0.592285,0,0,0,0,0.450000,-0.550000,0.300000,0.000000,1772898040918.557,0.444291,-0.557544,0.298646,0.000000,0.000000,0.000000,1.000000,position_only
2026-03-07T15:40:40.934805+00:00,1772898040934.804,0.445312,-0.556641,0.298828,-0.208984,-0.082825,-0.598633,0,0,0,0,0.450000,-0.550000,0.300000,0.000000,1772898040927.055,0.444277,-0.557553,0.298643,0.000000,0.000000,0.000000,1.000000,position_only
2026-03-07T15:40:40.945192+00:00,1772898040945.191,0.445312,-0.556641,0.298828,-0.206299,-0.085693,-0.610840,0,0,0,0,0.450000,-0.550000,0.300000,0.000000,1772898040944.154,0.444250,-0.557612,0.298659,0.000000,0.000000,0.000000,1.000000,position_only
2026-03-07T15:40:40.953980+00:00,1772898040953.979,0.445312,-0.556641,0.298828,-0.202637,-0.088501,-0.620605,0,0,0,0,0.450000,-0.550000,0.300000,0.000000,1772898040952.648,0.444257,-0.557645,0.298646,0.000000,0.000000,0.000000,1.000000,position_only
2026-03-07T15:40:40.964553+00:00,1772898040964.552,0.445312,-0.556641,0.298828,-0.185913,-0.094788,-0.630371,0,0,0,0,0.450000,-0.550000,0.300000,0.000000,1772898040961.453,0.444240,-0.557695,0.298649,0.000000,0.000000,0.000000,1.000000,position_only
2026-03-07T15:40:40.974381+00:00,1772898040974.381,0.445312,-0.556641,0.298828,-0.181519,-0.119446,-0.643066,0,0,0,0,0.450000,-0.550000,0.300000,0.000000,1772898040970.054,0.444229,-0.557718,0.298658,0.000000,0.000000,0.000000,1.000000,position_only
2026-03-07T15:40:40.984821+00:00,1772898040984.820,0.445068,-0.556641,0.298828,-0.182129,-0.150391,-0.663574,0,0,0,0,0.450000,-0.550000,0.300000,0.000000,1772898040978.768,0.444200,-0.557732,0.298643,0.000000,0.000000,0.000000,1.000000,position_only
2026-03-07T15:40:40.994811+00:00,1772898040994.811,0.445068,-0.556641,0.298828,-0.178711,-0.174438,-0.677734,0,0,0,0,0.450000,-0.550000,0.300000,0.000000,1772898040987.327,0.444192,-0.557749,0.298637,0.000000,0.000000,0.000000,1.000000,position_only
2026-03-07T15:40:41.004612+00:00,1772898041004.611,0.445068,-0.556641,0.298828,-0.178711,-0.215088,-0.702148,0,0,0,0,0.450000,-0.550000,0.300000,0.000000,1772898041004.433,0.444132,-0.557809,0.298655,0.000000,0.000000,0.000000,1.000000,position_only
2026-03-07T15:40:41.014530+00:00,1772898041014.530,0.445068,-0.556641,0.298828,-0.184570,-0.235718,-0.717285,0,0,0,0,0.450000,-0.550000,0.300000,0.000000,1772898041012.877,0.444124,-0.557845,0.298640,0.000000,0.000000,0.000000,1.000000,position_only
2026-03-07T15:40:41.024246+00:00,1772898041024.245,0.445068,-0.556641,0.298828,-0.189453,-0.235840,-0.728027,0,0,0,0,0.450000,-0.550000,0.300000,0.000000,1772898041021.368,0.444102,-0.557880,0.298633,0.000000,0.000000,0.000000,1.000000,position_only
2026-03-07T15:40:41.034003+00:00,1772898041034.002,0.445068,-0.556641,0.298828,-0.186279,-0.231323,-0.735352,0,0,0,0,0.450000,-0.550000,0.300000,0.000000,1772898041029.822,0.444080,-0.557909,0.298623,0.000000,0.000000,0.000000,1.000000,position_only
2026-03-07T15:40:41.046360+00:00,1772898041046.359,0.445068,-0.556641,0.298828,-0.180298,-0.227417,-0.747559,19330,19967,19354,20000,0.450000,-0.550000,0.300000,0.000000,1772898041038.584,0.444088,-0.557943,0.298595,0.000000,0.000000,0.000000,1.000000,position_only
2026-03-07T15:40:41.056106+00:00,1772898041056.106,0.445068,-0.556641,0.298828,-0.187012,-0.219238,-0.765137,19416,19896,19414,19920,0.450000,-0.550000,0.300000,0.000000,1772898041055.458,0.444023,-0.558055,0.298590,0.000000,0.000000,0.000000,1.000000,position_only
2026-03-07T15:40:41.065445+00:00,1772898041065.445,0.445068,-0.557129,0.298828,-0.195801,-0.214233,-0.776855,19586,19680,19557,19801,0.450000,-0.550000,0.300000,0.000000,1772898041064.011,0.444024,-0.558077,0.298568,0.000000,0.000000,0.000000,1.000000,position_only
2026-03-07T15:40:41.074179+00:00,1772898041074.178,0.445068,-0.557129,0.298828,-0.218018,-0.230713,-0.776855,19732,19529,19794,19509,0.450000,-0.550000,0.300000,0.000000,1772898041072.505,0.443998,-0.558104,0.298615,0.000000,0.000000,0.000000,1.000000,position_only
2026-03-07T15:40:41.084799+00:00,1772898041084.799,0.445068,-0.557129,0.299072,-0.227417,-0.217407,-0.758301,19631,19595,19625,19627,0.450000,-0.550000,0.300000,0.000000,1772898041080.998,0.443995,-0.558143,0.298681,0.000000,0.000000,0.000000,1.000000,position_only
2026-03-07T15:40:41.096124+00:00,1772898041096.124,0.445068,-0.557129,0.299072,-0.236938,-0.218994,-0.746582,19496,19681,19514,19661,0.450000,-0.550000,0.300000,0.000000,1772898041089.531,0.443979,-0.558207,0.298821,0.000000,0.000000,0.000000,1.000000,position_only
2026-03-07T15:40:41.106007+00:00,1772898041106.007,0.445068,-0.557129,0.299316,-0.239014,-0.209106,-0.742188,19490,19616,19594,19518,0.450000,-0.550000,0.300000,0.000000,1772898041098.019,0.443956,-0.558239,0.299020,0.000000,0.000000,0.000000,1.000000,position_only
2026-03-07T15:40:41.114345+00:00,1772898041114.345,0.445068,-0.557129,0.299805,-0.239380,-0.172485,-0.731445,19352,19681,19386,19629,0.450000,-0.550000,0.300000,0.000000,1772898041106.529,0.443940,-0.558298,0.299277,0.000000,0.000000,0.000000,1.000000,position_only
2026-03-07T15:40:41.125785+00:00,1772898041125.785,0.445068,-0.557129,0.300293,-0.231323,-0.156860,-0.730957,19550,19423,19598,19307,0.450000,-0.550000,0.300000,0.000000,1772898041123.531,0.443804,-0.558327,0.300059,0.000000,0.000000,0.000000,1.000000,position_only
2026-03-07T15:40:41.136253+00:00,1772898041136.252,0.445068,-0.557129,0.300781,-0.218384,-0.129150,-0.714355,19440,19472,19514,19250,0.450000,-0.550000,0.300000,0.000000,1772898041132.239,0.443754,-0.558357,0.300576,0.000000,0.000000,0.000000,1.000000,position_only
2026-03-07T15:40:41.147006+00:00,1772898041147.005,0.445068,-0.557129,0.301514,-0.200928,-0.094604,-0.702637,19196,19593,19159,19516,0.450000,-0.550000,0.300000,0.000000,1772898041140.762,0.443741,-0.558418,0.301137,0.000000,0.000000,0.000000,1.000000,position_only
2026-03-07T15:40:41.155658+00:00,1772898041155.658,0.444824,-0.557129,0.301514,-0.200928,-0.094604,-0.702637,19251,19575,19063,19572,0.450000,-0.550000,0.300000,0.000000,1772898041149.262,0.443737,-0.558494,0.301753,0.000000,0.000000,0.000000,1.000000,position_only
2026-03-07T15:40:41.164917+00:00,1772898041164.917,0.444824,-0.557129,0.303467,-0.147583,-0.112854,-0.716797,19305,19455,19222,19280,0.450000,-0.550000,0.300000,0.000000,1772898041157.801,0.443634,-0.558546,0.302507,0.000000,0.000000,0.000000,1.000000,position_only
2026-03-07T15:40:41.176314+00:00,1772898041176.313,0.444824,-0.557129,0.304443,-0.100647,-0.104797,-0.704590,19339,19230,19244,19004,0.450000,-0.550000,0.300000,0.000000,1772898041174.834,0.443496,-0.558565,0.304221,0.000000,0.000000,0.000000,1.000000,position_only
2026-03-07T15:40:41.186975+00:00,1772898041186.974,0.444824,-0.557129,0.304443,-0.100647,-0.104797,-0.704590,19116,19416,18923,19360,0.450000,-0.550000,0.300000,0.000000,1772898041183.446,0.443434,-0.558640,0.305236,0.000000,0.000000,0.000000,1.000000,position_only
2026-03-07T15:40:41.194675+00:00,1772898041194.675,0.444824,-0.557617,0.305908,-0.060608,-0.101196,-0.696289,18888,19524,18602,19567,0.450000,-0.550000,0.300000,0.000000,1772898041192.017,0.443363,-0.558705,0.306257,0.000000,0.000000,0.000000,1.000000,position_only
2026-03-07T15:40:41.206102+00:00,1772898041206.102,0.444824,-0.557617,0.307129,-0.027603,-0.138306,-0.714844,19117,19246,18839,19171,0.450000,-0.550000,0.300000,0.000000,1772898041200.529,0.443371,-0.558797,0.307322,0.000000,0.000000,0.000000,1.000000,position_only
2026-03-07T15:40:41.217268+00:00,1772898041217.268,0.444580,-0.557617,0.308594,0.016296,-0.188354,-0.727539,19145,19109,18805,19081,0.450000,-0.550000,0.300000,0.000000,1772898041209.028,0.443287,-0.558861,0.308579,0.000000,0.000000,0.000000,1.000000,position_only
2026-03-07T15:40:41.226229+00:00,1772898041226.229,0.444580,-0.557617,0.310059,0.068970,-0.222900,-0.723633,19183,19009,18850,18894,0.450000,-0.550000,0.300000,0.000000,1772898041217.702,0.443245,-0.558904,0.309812,0.000000,0.000000,0.000000,1.000000,position_only
2026-03-07T15:40:41.235309+00:00,1772898041235.308,0.444580,-0.557617,0.311768,0.114990,-0.274902,-0.720703,18982,19075,18502,19177,0.450000,-0.550000,0.300000,0.000000,1772898041234.762,0.443234,-0.559089,0.312495,0.000000,0.000000,0.000000,1.000000,position_only
2026-03-07T15:40:41.244066+00:00,1772898041244.066,0.444580,-0.557617,0.313477,0.155396,-0.354736,-0.731445,18927,19050,18479,19058,0.450000,-0.550000,0.300000,0.000000,1772898041242.900,0.443177,-0.559148,0.313942,0.000000,0.000000,0.000000,1.000000,position_only
2026-03-07T15:40:41.257518+00:00,1772898041257.518,0.444580,-0.557617,0.315430,0.193481,-0.420166,-0.741699,19050,18813,18681,18773,0.450000,-0.550000,0.300000,0.000000,1772898041251.412,0.443165,-0.559268,0.315464,0.000000,0.000000,0.000000,1.000000,position_only
2026-03-07T15:40:41.265842+00:00,1772898041265.842,0.444580,-0.557617,0.317383,0.234985,-0.463867,-0.734375,18925,18809,18553,18801,0.450000,-0.550000,0.300000,0.000000,1772898041259.879,0.443153,-0.559405,0.316969,0.000000,0.000000,0.000000,1.000000,position_only
2026-03-07T15:40:41.276276+00:00,1772898041276.275,0.444336,-0.558105,0.319336,0.262695,-0.511719,-0.732910,18830,18785,18523,18759,0.450000,-0.550000,0.300000,0.000000,1772898041267.918,0.443079,-0.559441,0.318701,0.000000,0.000000,0.000000,1.000000,position_only
2026-03-07T15:40:41.286553+00:00,1772898041286.553,0.444336,-0.558105,0.321533,0.282715,-0.541992,-0.729980,18688,18826,18324,18849,0.450000,-0.550000,0.300000,0.000000,1772898041284.946,0.442986,-0.559623,0.322083,0.000000,0.000000,0.000000,1.000000,position_only
2026-03-07T15:40:41.296228+00:00,1772898041296.228,0.444336,-0.558105,0.323486,0.299805,-0.577148,-0.734863,18782,18639,18547,18541,0.450000,-0.550000,0.300000,0.000000,1772898041293.432,0.442964,-0.559802,0.323864,0.000000,0.000000,0.000000,1.000000,position_only
2026-03-07T15:40:41.305409+00:00,1772898041305.408,0.444336,-0.558594,0.325928,0.312744,-0.584961,-0.726562,18545,18705,18283,18769,0.450000,-0.550000,0.300000,0.000000,1772898041302.212,0.442957,-0.560019,0.327528,0.000000,0.000000,0.000000,1.000000,position_only
2026-03-07T15:40:41.315620+00:00,1772898041315.619,0.444336,-0.558594,0.328369,0.305176,-0.606445,-0.729492,18594,18594,18316,18602,0.450000,-0.550000,0.300000,0.000000,1772898041310.757,0.442957,-0.560019,0.327528,0.000000,0.000000,0.000000,1.000000,position_only
2026-03-07T15:40:41.326265+00:00,1772898041326.264,0.444336,-0.558594,0.330811,0.302979,-0.624512,-0.728516,18568,18521,18316,18520,0.450000,-0.550000,0.300000,0.000000,1772898041319.297,0.442870,-0.560278,0.331373,0.000000,0.000000,0.000000,1.000000,position_only
2026-03-07T15:40:41.335852+00:00,1772898041335.852,0.444336,-0.559082,0.333252,0.298828,-0.637207,-0.724609,18499,18477,18260,18506,0.450000,-0.550000,0.300000,0.000000,1772898041327.764,0.442850,-0.560427,0.333341,0.000000,0.000000,0.000000,1.000000,position_only
2026-03-07T15:40:41.344363+00:00,1772898041344.363,0.444336,-0.559082,0.335693,0.290039,-0.656250,-0.721680,18569,18305,18297,18386,0.450000,-0.550000,0.300000,0.000000,1772898041336.530,0.442832,-0.560577,0.335299,0.000000,0.000000,0.000000,1.000000,position_only
2026-03-07T15:40:41.356770+00:00,1772898041356.770,0.444336,-0.559082,0.337891,0.275391,-0.686523,-0.713379,18467,18349,18207,18388,0.450000,-0.550000,0.300000,0.000000,1772898041353.531,0.442868,-0.560966,0.339423,0.000000,0.000000,0.000000,1.000000,position_only
2026-03-07T15:40:41.365908+00:00,1772898041365.907,0.444336,-0.559570,0.340820,0.257324,-0.711914,-0.706055,18418,18309,18123,18352,0.450000,-0.550000,0.300000,0.000000,1772898041362.053,0.442864,-0.561108,0.341491,0.000000,0.000000,0.000000,1.000000,position_only
2026-03-07T15:40:41.377286+00:00,1772898041377.285,0.444336,-0.559570,0.343506,0.246826,-0.732422,-0.702148,18389,18236,18129,18257,0.450000,-0.550000,0.300000,0.000000,1772898041370.972,0.442812,-0.561271,0.343616,0.000000,0.000000,0.000000,1.000000,position_only
2026-03-07T15:40:41.386625+00:00,1772898041386.625,0.444336,-0.560059,0.346436,0.236816,-0.739746,-0.694336,18408,18122,18122,18171,0.450000,-0.550000,0.300000,0.000000,1772898041379.522,0.442866,-0.561533,0.345732,0.000000,0.000000,0.000000,1.000000,position_only
2026-03-07T15:40:41.397028+00:00,1772898041397.028,0.444336,-0.560059,0.348877,0.216919,-0.753418,-0.679199,18418,17999,18154,18106,0.450000,-0.550000,0.300000,0.000000,1772898041396.530,0.442891,-0.561891,0.350101,0.000000,0.000000,0.000000,1.000000,position_only
2026-03-07T15:40:41.406515+00:00,1772898041406.515,0.444336,-0.560547,0.352051,0.190552,-0.766602,-0.660645,18295,18043,18065,18084,0.450000,-0.550000,0.300000,0.000000,1772898041405.164,0.443007,-0.562113,0.352294,0.000000,0.000000,0.000000,1.000000,position_only
2026-03-07T15:40:41.416634+00:00,1772898041416.634,0.444580,-0.560547,0.354736,0.167236,-0.772461,-0.651367,18246,18017,18023,18034,0.450000,-0.550000,0.300000,0.000000,1772898041413.746,0.442977,-0.562341,0.354545,0.000000,0.000000,0.000000,1.000000,position_only
2026-03-07T15:40:41.426617+00:00,1772898041426.617,0.444580,-0.561035,0.357666,0.137695,-0.776855,-0.639648,18159,18034,17919,18204,0.450000,-0.550000,0.300000,0.000000,1772898041422.251,0.442982,-0.562533,0.356811,0.000000,0.000000,0.000000,1.000000,position_only
2026-03-07T15:40:41.437940+00:00,1772898041437.939,0.444336,-0.561035,0.357666,0.137695,-0.776855,-0.639648,18081,18026,17950,18085,0.450000,-0.550000,0.300000,0.000000,1772898041430.705,0.443094,-0.562707,0.359012,0.000000,0.000000,0.000000,1.000000,position_only
2026-03-07T15:40:41.446356+00:00,1772898041446.356,0.444336,-0.561523,0.360352,0.093445,-0.777832,-0.629395,18086,18018,17870,18027,0.450000,-0.550000,0.300000,0.000000,1772898041439.216,0.443252,-0.562976,0.361241,0.000000,0.000000,0.000000,1.000000,position_only
2026-03-07T15:40:41.455508+00:00,1772898041455.508,0.444580,-0.561523,0.363525,0.053925,-0.780762,-0.625488,18120,17881,17885,17942,0.450000,-0.550000,0.300000,0.000000,1772898041447.705,0.443258,-0.563141,0.363555,0.000000,0.000000,0.000000,1.000000,position_only
2026-03-07T15:40:41.466322+00:00,1772898041466.322,0.444580,-0.562012,0.366211,0.033905,-0.774902,-0.614746,18057,17860,17796,17968,0.450000,-0.550000,0.300000,0.000000,1772898041464.899,0.443361,-0.563622,0.368174,0.000000,0.000000,0.000000,1.000000,position_only
2026-03-07T15:40:41.476335+00:00,1772898041476.334,0.444824,-0.562500,0.369385,0.002834,-0.780762,-0.602539,18074,17773,17759,17923,0.450000,-0.550000,0.300000,0.000000,1772898041473.446,0.443433,-0.563868,0.370533,0.000000,0.000000,0.000000,1.000000,position_only
2026-03-07T15:40:41.485466+00:00,1772898041485.466,0.444824,-0.562500,0.372070,-0.025284,-0.805664,-0.596680,18021,17745,17676,17954,0.450000,-0.550000,0.300000,0.000000,1772898041481.898,0.443655,-0.564071,0.372878,0.000000,0.000000,0.000000,1.000000,position_only
2026-03-07T15:40:41.494821+00:00,1772898041494.821,0.445068,-0.562988,0.375244,-0.051819,-0.835938,-0.586426,18104,17581,17711,17839,0.450000,-0.550000,0.300000,0.000000,1772898041490.647,0.443651,-0.564269,0.375204,0.000000,0.000000,0.000000,1.000000,position_only
2026-03-07T15:40:41.506363+00:00,1772898041506.363,0.445068,-0.563477,0.378174,-0.078369,-0.883301,-0.576660,18035,17577,17680,17814,0.450000,-0.550000,0.300000,0.000000,1772898041499.185,0.443724,-0.564490,0.377535,0.000000,0.000000,0.000000,1.000000,position_only
2026-03-07T15:40:41.516809+00:00,1772898041516.809,0.445312,-0.563477,0.380859,-0.111450,-0.926758,-0.565430,17948,17614,17597,17838,0.450000,-0.550000,0.300000,0.000000,1772898041516.290,0.444024,-0.565038,0.382100,0.000000,0.000000,0.000000,1.000000,position_only
2026-03-07T15:40:41.525083+00:00,1772898041525.083,0.445557,-0.563965,0.383789,-0.145020,-0.966797,-0.556641,17943,17585,17525,17831,0.450000,-0.550000,0.300000,0.000000,1772898041516.290,0.444024,-0.565038,0.382100,0.000000,0.000000,0.000000,1.000000,position_only
2026-03-07T15:40:41.534924+00:00,1772898041534.924,0.445557,-0.563965,0.386475,-0.170776,-1.010742,-0.550781,17956,17499,17554,17779,0.450000,-0.550000,0.300000,0.000000,1772898041533.589,0.444352,-0.565527,0.386710,0.000000,0.000000,0.000000,1.000000,position_only
2026-03-07T15:40:41.548528+00:00,1772898041548.528,0.445801,-0.564453,0.389648,-0.199951,-1.049805,-0.538574,18027,17411,17660,17560,0.450000,-0.550000,0.300000,0.000000,1772898041542.106,0.444584,-0.565798,0.388964,0.000000,0.000000,0.000000,1.000000,position_only
2026-03-07T15:40:41.557912+00:00,1772898041557.911,0.446045,-0.564941,0.392334,-0.218506,-1.059570,-0.518555,17998,17342,17701,17516,0.450000,-0.550000,0.300000,0.000000,1772898041550.712,0.444688,-0.566030,0.391247,0.000000,0.000000,0.000000,1.000000,position_only
2026-03-07T15:40:41.566295+00:00,1772898041566.295,0.446289,-0.564941,0.395264,-0.245117,-1.059570,-0.491211,17861,17396,17586,17615,0.450000,-0.550000,0.300000,0.000000,1772898041559.200,0.444784,-0.566297,0.393553,0.000000,0.000000,0.000000,1.000000,position_only
2026-03-07T15:40:41.575762+00:00,1772898041575.762,0.446533,-0.565430,0.397949,-0.278809,-1.059570,-0.477295,17755,17526,17422,17680,0.450000,-0.550000,0.300000,0.000000,1772898041567.736,0.444905,-0.566456,0.395808,0.000000,0.000000,0.000000,1.000000,position_only
2026-03-07T15:40:41.586319+00:00,1772898041586.319,0.446777,-0.565918,0.400879,-0.303467,-1.060547,-0.472168,17771,17456,17492,17543,0.450000,-0.550000,0.300000,0.000000,1772898041584.881,0.445369,-0.566979,0.400311,0.000000,0.000000,0.000000,1.000000,position_only
2026-03-07T15:40:41.596266+00:00,1772898041596.265,0.447021,-0.565918,0.403564,-0.323975,-1.049805,-0.460205,17760,17398,17466,17555,0.450000,-0.550000,0.300000,0.000000,1772898041593.385,0.445513,-0.567173,0.402525,0.000000,0.000000,0.000000,1.000000,position_only
2026-03-07T15:40:41.604864+00:00,1772898041604.864,0.447266,-0.566406,0.406250,-0.349121,-1.042969,-0.448975,17862,17302,17565,17382,0.450000,-0.550000,0.300000,0.000000,1772898041601.827,0.445786,-0.567492,0.404716,0.000000,0.000000,0.000000,1.000000,position_only
2026-03-07T15:40:41.617523+00:00,1772898041617.522,0.447510,-0.566406,0.408691,-0.364502,-1.029297,-0.432617,17780,17305,17516,17445,0.450000,-0.550000,0.300000,0.000000,1772898041610.521,0.446182,-0.567935,0.409113,0.000000,0.000000,0.000000,1.000000,position_only
2026-03-07T15:40:41.627305+00:00,1772898041627.305,0.447754,-0.566895,0.411377,-0.384766,-1.015625,-0.417480,17814,17238,17460,17460,0.450000,-0.550000,0.300000,0.000000,1772898041619.219,0.446475,-0.568213,0.411308,0.000000,0.000000,0.000000,1.000000,position_only
2026-03-07T15:40:41.636568+00:00,1772898041636.567,0.447998,-0.567383,0.414062,-0.405029,-1.015625,-0.402344,17716,17301,17346,17552,0.450000,-0.550000,0.300000,0.000000,1772898041636.503,0.446946,-0.568714,0.415643,0.000000,0.000000,0.000000,1.000000,position_only
2026-03-07T15:40:41.646664+00:00,1772898041646.664,0.448486,-0.567383,0.416992,-0.432617,-1.026367,-0.395020,17681,17264,17284,17592,0.450000,-0.550000,0.300000,0.000000,1772898041645.048,0.447207,-0.568969,0.417710,0.000000,0.000000,0.000000,1.000000,position_only
2026-03-07T15:40:41.657110+00:00,1772898041657.110,0.448730,-0.567871,0.419434,-0.463379,-1.042969,-0.384521,17792,17081,17454,17405,0.450000,-0.550000,0.300000,0.000000,1772898041653.530,0.447505,-0.569189,0.419760,0.000000,0.000000,0.000000,1.000000,position_only
2026-03-07T15:40:41.666942+00:00,1772898041666.941,0.449219,-0.567871,0.422119,-0.502930,-1.052734,-0.365967,17709,17150,17362,17441,0.450000,-0.550000,0.300000,0.000000,1772898041662.052,0.447743,-0.569428,0.421780,0.000000,0.000000,0.000000,1.000000,position_only
2026-03-07T15:40:41.678128+00:00,1772898041678.127,0.449463,-0.568359,0.424561,-0.536133,-1.058594,-0.351562,17674,17172,17380,17376,0.450000,-0.550000,0.300000,0.000000,1772898041670.917,0.447998,-0.569620,0.423813,0.000000,0.000000,0.000000,1.000000,position_only
2026-03-07T15:40:41.685237+00:00,1772898041685.237,0.449951,-0.568848,0.427002,-0.564453,-1.045898,-0.335693,17682,17122,17337,17404,0.450000,-0.550000,0.300000,0.000000,1772898041679.677,0.448333,-0.569843,0.425848,0.000000,0.000000,0.000000,1.000000,position_only
2026-03-07T15:40:41.697111+00:00,1772898041697.110,0.450195,-0.568848,0.429199,-0.588867,-1.036133,-0.317383,17721,17075,17496,17195,0.450000,-0.550000,0.300000,0.000000,1772898041697.015,0.448948,-0.570264,0.429803,0.000000,0.000000,0.000000,1.000000,position_only
2026-03-07T15:40:41.706169+00:00,1772898041706.169,0.450684,-0.569336,0.431641,-0.610840,-0.997559,-0.293945,17648,17088,17340,17350,0.450000,-0.550000,0.300000,0.000000,1772898041705.512,0.449263,-0.570460,0.431762,0.000000,0.000000,0.000000,1.000000,position_only
2026-03-07T15:40:41.715672+00:00,1772898041715.672,0.451172,-0.569336,0.434082,-0.635254,-0.983398,-0.277344,17668,17017,17392,17293,0.450000,-0.550000,0.300000,0.000000,1772898041714.161,0.449642,-0.570672,0.433628,0.000000,0.000000,0.000000,1.000000,position_only
2026-03-07T15:40:41.725662+00:00,1772898041725.662,0.451416,-0.569824,0.436279,-0.665039,-0.956055,-0.253906,17651,17005,17438,17219,0.450000,-0.550000,0.300000,0.000000,1772898041722.642,0.450038,-0.570859,0.435496,0.000000,0.000000,0.000000,1.000000,position_only
2026-03-07T15:40:41.736559+00:00,1772898041736.559,0.451904,-0.569824,0.438477,-0.692871,-0.919922,-0.237793,17530,17128,17339,17267,0.450000,-0.550000,0.300000,0.000000,1772898041731.356,0.450341,-0.571013,0.437320,0.000000,0.000000,0.000000,1.000000,position_only
2026-03-07T15:40:41.747194+00:00,1772898041747.194,0.452148,-0.570312,0.440674,-0.717773,-0.866211,-0.225220,17436,17183,17273,17355,0.450000,-0.550000,0.300000,0.000000,1772898041739.905,0.450705,-0.571299,0.439173,0.000000,0.000000,0.000000,1.000000,position_only
2026-03-07T15:40:41.756892+00:00,1772898041756.892,0.452881,-0.570312,0.443115,-0.744629,-0.813477,-0.217651,17515,17139,17313,17233,0.450000,-0.550000,0.300000,0.000000,1772898041748.381,0.451068,-0.571463,0.440932,0.000000,0.000000,0.000000,1.000000,position_only
2026-03-07T15:40:41.765990+00:00,1772898041765.990,0.453369,-0.570801,0.445068,-0.758789,-0.757812,-0.194946,17751,16860,17612,16933,0.450000,-0.550000,0.300000,0.000000,1772898041765.763,0.451759,-0.571816,0.444465,0.000000,0.000000,0.000000,1.000000,position_only
2026-03-07T15:40:41.777354+00:00,1772898041777.351,0.453613,-0.570801,0.447266,-0.776367,-0.694824,-0.158936,17655,16975,17531,16999,0.450000,-0.550000,0.300000,0.000000,1772898041774.592,0.452091,-0.571970,0.446204,0.000000,0.000000,0.000000,1.000000,position_only
2026-03-07T15:40:41.786367+00:00,1772898041786.367,0.454102,-0.570801,0.449219,-0.794922,-0.627930,-0.136230,17514,17059,17448,17079,0.450000,-0.550000,0.300000,0.000000,1772898041783.239,0.452386,-0.572099,0.447952,0.000000,0.000000,0.000000,1.000000,position_only
2026-03-07T15:40:41.797989+00:00,1772898041797.989,0.454590,-0.571289,0.451172,-0.816406,-0.567871,-0.117310,17441,17102,17292,17252,0.450000,-0.550000,0.300000,0.000000,1772898041791.790,0.452798,-0.572271,0.449612,0.000000,0.000000,0.000000,1.000000,position_only
2026-03-07T15:40:41.806250+00:00,1772898041806.250,0.454346,-0.571289,0.450928,-0.816406,-0.567871,-0.117310,17599,16997,17396,17108,0.450000,-0.550000,0.300000,0.000000,1772898041800.532,0.453176,-0.572409,0.451252,0.000000,0.000000,0.000000,1.000000,position_only
2026-03-07T15:40:41.815291+00:00,1772898041815.291,0.455078,-0.571289,0.453369,-0.835938,-0.520508,-0.100159,17601,16982,17436,17052,0.450000,-0.550000,0.300000,0.000000,1772898041809.016,0.453433,-0.572464,0.452851,0.000000,0.000000,0.000000,1.000000,position_only
2026-03-07T15:40:41.827417+00:00,1772898041827.417,0.455566,-0.571777,0.455322,-0.842773,-0.464111,-0.071655,17544,17027,17348,17146,0.450000,-0.550000,0.300000,0.000000,1772898041826.240,0.454335,-0.572756,0.455971,0.000000,0.000000,0.000000,1.000000,position_only
2026-03-07T15:40:41.836892+00:00,1772898041836.892,0.456055,-0.571777,0.457031,-0.854980,-0.421143,-0.046997,17578,17021,17446,17024,0.450000,-0.550000,0.300000,0.000000,1772898041834.707,0.454677,-0.572833,0.457601,0.000000,0.000000,0.000000,1.000000,position_only
2026-03-07T15:40:41.846278+00:00,1772898041846.278,0.456543,-0.571777,0.458740,-0.854004,-0.356445,-0.021362,17499,17063,17366,17146,0.450000,-0.550000,0.300000,0.000000,1772898041843.365,0.455048,-0.572908,0.458978,0.000000,0.000000,0.000000,1.000000,position_only
2026-03-07T15:40:41.859278+00:00,1772898041859.278,0.457520,-0.572266,0.461914,-0.852539,-0.248047,0.023697,17595,17039,17379,17058,0.450000,-0.550000,0.300000,0.000000,1772898041851.823,0.455562,-0.573073,0.460473,0.000000,0.000000,0.000000,1.000000,position_only
2026-03-07T15:40:41.868362+00:00,1772898041868.362,0.457520,-0.572266,0.462158,-0.852539,-0.248047,0.023697,17677,16973,17476,16932,0.450000,-0.550000,0.300000,0.000000,1772898041860.558,0.456201,-0.573231,0.463270,0.000000,0.000000,0.000000,1.000000,position_only
2026-03-07T15:40:41.875908+00:00,1772898041875.908,0.458008,-0.572266,0.463867,-0.831055,-0.200562,0.047058,17680,16928,17433,17002,0.450000,-0.550000,0.300000,0.000000,1772898041869.154,0.456670,-0.573349,0.464590,0.000000,0.000000,0.000000,1.000000,position_only
2026-03-07T15:40:41.886029+00:00,1772898041886.029,0.458496,-0.572266,0.465576,-0.820312,-0.166260,0.073425,17658,16917,17360,17093,0.450000,-0.550000,0.300000,0.000000,1772898041877.770,0.457103,-0.573491,0.465924,0.000000,0.000000,0.000000,1.000000,position_only
2026-03-07T15:40:41.896903+00:00,1772898041896.903,0.458984,-0.572266,0.467041,-0.817871,-0.154663,0.094421,17677,16904,17360,17083,0.450000,-0.550000,0.300000,0.000000,1772898041894.707,0.457449,-0.573542,0.467186,0.000000,0.000000,0.000000,1.000000,position_only
2026-03-07T15:40:41.907000+00:00,1772898041907.000,0.459473,-0.572754,0.468750,-0.814941,-0.156494,0.115417,17761,16835,17457,16983,0.450000,-0.550000,0.300000,0.000000,1772898041903.343,0.458199,-0.573702,0.469712,0.000000,0.000000,0.000000,1.000000,position_only
2026-03-07T15:40:41.916802+00:00,1772898041916.802,0.459961,-0.572754,0.470215,-0.806152,-0.149292,0.138550,17705,16882,17364,17080,0.450000,-0.550000,0.300000,0.000000,1772898041911.828,0.458631,-0.573711,0.470942,0.000000,0.000000,0.000000,1.000000,position_only
2026-03-07T15:40:41.926609+00:00,1772898041926.608,0.460449,-0.572754,0.471680,-0.800781,-0.141113,0.163330,17696,16860,17378,17095,0.450000,-0.550000,0.300000,0.000000,1772898041920.313,0.459002,-0.573757,0.472035,0.000000,0.000000,0.000000,1.000000,position_only
2026-03-07T15:40:41.937394+00:00,1772898041937.393,0.460938,-0.572754,0.473145,-0.806641,-0.146118,0.182617,17750,16812,17434,17031,0.450000,-0.550000,0.300000,0.000000,1772898041928.826,0.459462,-0.573767,0.473308,0.000000,0.000000,0.000000,1.000000,position_only
2026-03-07T15:40:41.946536+00:00,1772898041946.535,0.461426,-0.572754,0.474365,-0.809570,-0.146729,0.206177,17801,16745,17493,16986,0.450000,-0.550000,0.300000,0.000000,1772898041946.127,0.460339,-0.573719,0.475370,0.000000,0.000000,0.000000,1.000000,position_only
2026-03-07T15:40:41.956264+00:00,1772898041956.263,0.461914,-0.572754,0.475830,-0.812988,-0.136841,0.237793,17712,16826,17476,17003,0.450000,-0.550000,0.300000,0.000000,1772898041954.613,0.460679,-0.573800,0.476514,0.000000,0.000000,0.000000,1.000000,position_only
2026-03-07T15:40:41.966146+00:00,1772898041966.146,0.462402,-0.572754,0.477051,-0.818359,-0.114502,0.263428,17610,16941,17362,17103,0.450000,-0.550000,0.300000,0.000000,1772898041963.099,0.461063,-0.573865,0.477495,0.000000,0.000000,0.000000,1.000000,position_only
2026-03-07T15:40:41.977388+00:00,1772898041977.387,0.463135,-0.572754,0.478516,-0.818359,-0.096619,0.281494,17645,16913,17344,17114,0.450000,-0.550000,0.300000,0.000000,1772898041971.584,0.461432,-0.573902,0.478472,0.000000,0.000000,0.000000,1.000000,position_only
2026-03-07T15:40:41.988552+00:00,1772898041988.552,0.463379,-0.572754,0.479736,-0.814941,-0.073425,0.301025,17577,16977,17315,17152,0.450000,-0.550000,0.300000,0.000000,1772898041980.484,0.461747,-0.573833,0.479497,0.000000,0.000000,0.000000,1.000000,position_only
2026-03-07T15:40:41.996349+00:00,1772898041996.349,0.463867,-0.572754,0.480957,-0.818848,-0.053986,0.317139,17504,17014,17271,17242,0.450000,-0.550000,0.300000,0.000000,1772898041989.117,0.462058,-0.573846,0.480403,0.000000,0.000000,0.000000,1.000000,position_only
2026-03-07T15:40:42.007638+00:00,1772898042007.637,0.464355,-0.572754,0.481934,-0.824707,-0.035278,0.331299,17672,16919,17465,16989,0.450000,-0.550000,0.300000,0.000000,1772898042006.189,0.462897,-0.573922,0.482203,0.000000,0.000000,0.000000,1.000000,position_only
2026-03-07T15:40:42.017341+00:00,1772898042017.340,0.464844,-0.572754,0.483154,-0.820312,-0.001415,0.352051,17707,16823,17494,17034,0.450000,-0.550000,0.300000,0.000000,1772898042014.754,0.463380,-0.573849,0.483039,0.000000,0.000000,0.000000,1.000000,position_only
2026-03-07T15:40:42.027283+00:00,1772898042027.283,0.465332,-0.572754,0.484131,-0.834961,0.003832,0.373779,17631,16889,17373,17173,0.450000,-0.550000,0.300000,0.000000,1772898042023.315,0.463740,-0.573734,0.483790,0.000000,0.000000,0.000000,1.000000,position_only
2026-03-07T15:40:42.036402+00:00,1772898042036.402,0.465820,-0.572754,0.484863,-0.849609,-0.006374,0.390625,17695,16822,17449,17115,0.450000,-0.550000,0.300000,0.000000,1772898042031.757,0.464051,-0.573686,0.484602,0.000000,0.000000,0.000000,1.000000,position_only
2026-03-07T15:40:42.046365+00:00,1772898042046.364,0.466309,-0.572266,0.485840,-0.868652,-0.016586,0.412598,17619,16899,17379,17188,0.450000,-0.550000,0.300000,0.000000,1772898042040.253,0.464417,-0.573624,0.485396,0.000000,0.000000,0.000000,1.000000,position_only
2026-03-07T15:40:42.057980+00:00,1772898042057.979,0.466553,-0.572266,0.486816,-0.878418,-0.010826,0.428223,17721,16837,17464,17092,0.450000,-0.550000,0.300000,0.000000,1772898042057.176,0.465170,-0.573543,0.486765,0.000000,0.000000,0.000000,1.000000,position_only
2026-03-07T15:40:42.066997+00:00,1772898042066.997,0.466553,-0.572266,0.486816,-0.878418,-0.010826,0.428223,17749,16785,17531,17050,0.450000,-0.550000,0.300000,0.000000,1772898042065.836,0.465469,-0.573532,0.487428,0.000000,0.000000,0.000000,1.000000,position_only
2026-03-07T15:40:42.076890+00:00,1772898042076.890,0.467041,-0.572266,0.487549,-0.892578,-0.012451,0.448486,17772,16779,17577,16996,0.450000,-0.550000,0.300000,0.000000,1772898042074.348,0.465728,-0.573481,0.488084,0.000000,0.000000,0.000000,1.000000,position_only
2026-03-07T15:40:42.087549+00:00,1772898042087.549,0.467529,-0.572266,0.488281,-0.900391,0.006329,0.478027,17685,16899,17466,17092,0.450000,-0.550000,0.300000,0.000000,1772898042082.954,0.466097,-0.573413,0.488766,0.000000,0.000000,0.000000,1.000000,position_only
2026-03-07T15:40:42.097253+00:00,1772898042097.253,0.467773,-0.572266,0.489258,-0.902832,0.011665,0.499756,17523,17084,17346,17219,0.450000,-0.550000,0.300000,0.000000,1772898042091.438,0.466569,-0.573282,0.489322,0.000000,0.000000,0.000000,1.000000,position_only
2026-03-07T15:40:42.106942+00:00,1772898042106.942,0.468262,-0.572266,0.489990,-0.899414,0.037598,0.509277,17614,16980,17367,17227,0.450000,-0.550000,0.300000,0.000000,1772898042099.904,0.466891,-0.573187,0.489814,0.000000,0.000000,0.000000,1.000000,position_only
2026-03-07T15:40:42.116701+00:00,1772898042116.701,0.468750,-0.571777,0.490479,-0.895508,0.056366,0.516113,17717,16902,17474,17113,0.450000,-0.550000,0.300000,0.000000,1772898042108.645,0.467181,-0.573041,0.490317,0.000000,0.000000,0.000000,1.000000,position_only
2026-03-07T15:40:42.127288+00:00,1772898042127.288,0.468994,-0.571777,0.491211,-0.890625,0.067200,0.529785,17764,16886,17569,17010,0.450000,-0.550000,0.300000,0.000000,1772898042125.615,0.467812,-0.572741,0.491349,0.000000,0.000000,0.000000,1.000000,position_only
2026-03-07T15:40:42.137305+00:00,1772898042137.305,0.469482,-0.571777,0.491699,-0.877441,0.092651,0.548828,17692,17037,17373,17158,0.450000,-0.550000,0.300000,0.000000,1772898042134.154,0.468146,-0.572649,0.491789,0.000000,0.000000,0.000000,1.000000,position_only
2026-03-07T15:40:42.147281+00:00,1772898042147.280,0.469971,-0.571289,0.492432,-0.848145,0.103638,0.565430,17801,16923,17524,17042,0.450000,-0.550000,0.300000,0.000000,1772898042142.964,0.468482,-0.572547,0.492200,0.000000,0.000000,0.000000,1.000000,position_only
2026-03-07T15:40:42.158521+00:00,1772898042158.521,0.470215,-0.571289,0.492920,-0.818359,0.115784,0.583984,17876,16919,17475,17042,0.450000,-0.550000,0.300000,0.000000,1772898042151.472,0.468775,-0.572482,0.492576,0.000000,0.000000,0.000000,1.000000,position_only
2026-03-07T15:40:42.167893+00:00,1772898042167.892,0.470703,-0.571289,0.493408,-0.776367,0.106750,0.604492,17919,16929,17452,17040,0.450000,-0.550000,0.300000,0.000000,1772898042159.953,0.469066,-0.572339,0.492938,0.000000,0.000000,0.000000,1.000000,position_only
2026-03-07T15:40:42.176737+00:00,1772898042176.736,0.470947,-0.570801,0.493652,-0.724121,0.087402,0.623535,18009,16823,17588,16938,0.450000,-0.550000,0.300000,0.000000,1772898042168.806,0.469666,-0.572028,0.493559,0.000000,0.000000,0.000000,1.000000,position_only
2026-03-07T15:40:42.186833+00:00,1772898042186.833,0.471436,-0.570801,0.494141,-0.672852,0.063293,0.650879,17812,17004,17339,17238,0.450000,-0.550000,0.300000,0.000000,1772898042185.898,0.469989,-0.571908,0.493819,0.000000,0.000000,0.000000,1.000000,position_only
2026-03-07T15:40:42.195996+00:00,1772898042195.996,0.471924,-0.570312,0.494629,-0.637207,0.027161,0.660156,17933,16903,17461,17126,0.450000,-0.550000,0.300000,0.000000,1772898042194.437,0.470709,-0.571592,0.494296,0.000000,0.000000,0.000000,1.000000,position_only
2026-03-07T15:40:42.208191+00:00,1772898042208.191,0.472168,-0.570312,0.494873,-0.598633,-0.011024,0.679199,17881,16921,17344,17292,0.450000,-0.550000,0.300000,0.000000,1772898042202.932,0.470709,-0.571592,0.494296,0.000000,0.000000,0.000000,1.000000,position_only
2026-03-07T15:40:42.218390+00:00,1772898042218.390,0.472656,-0.569824,0.495117,-0.576172,-0.065613,0.689453,17841,17024,17334,17258,0.450000,-0.550000,0.300000,0.000000,1772898042211.770,0.471328,-0.571291,0.494768,0.000000,0.000000,0.000000,1.000000,position_only
2026-03-07T15:40:42.226778+00:00,1772898042226.778,0.472900,-0.569824,0.495361,-0.541992,-0.098999,0.698242,17898,16943,17466,17191,0.450000,-0.550000,0.300000,0.000000,1772898042220.316,0.471606,-0.571180,0.494942,0.000000,0.000000,0.000000,1.000000,position_only
2026-03-07T15:40:42.238689+00:00,1772898042238.688,0.473389,-0.569336,0.495605,-0.513184,-0.128418,0.713867,17910,16954,17428,17252,0.450000,-0.550000,0.300000,0.000000,1772898042237.250,0.472116,-0.570880,0.495179,0.000000,0.000000,0.000000,1.000000,position_only
2026-03-07T15:40:42.249645+00:00,1772898042249.644,0.473633,-0.569336,0.495850,-0.489258,-0.155151,0.724121,17871,17029,17408,17275,0.450000,-0.550000,0.300000,0.000000,1772898042246.079,0.472382,-0.570734,0.495292,0.000000,0.000000,0.000000,1.000000,position_only
2026-03-07T15:40:42.257381+00:00,1772898042257.380,0.474121,-0.568848,0.496094,-0.469971,-0.172485,0.732910,17888,16978,17583,17169,0.450000,-0.550000,0.300000,0.000000,1772898042254.667,0.472683,-0.570536,0.495360,0.000000,0.000000,0.000000,1.000000,position_only
2026-03-07T15:40:42.267128+00:00,1772898042267.127,0.474365,-0.568848,0.496094,-0.470215,-0.169800,0.748535,17877,16958,17569,17256,0.450000,-0.550000,0.300000,0.000000,1772898042263.179,0.473011,-0.570333,0.495407,0.000000,0.000000,0.000000,1.000000,position_only
2026-03-07T15:40:42.278351+00:00,1772898042278.351,0.474365,-0.568848,0.496094,-0.470215,-0.169800,0.748535,17915,16927,17710,17115,0.450000,-0.550000,0.300000,0.000000,1772898042271.229,0.473315,-0.570142,0.495426,0.000000,0.000000,0.000000,1.000000,position_only
2026-03-07T15:40:42.288281+00:00,1772898042288.281,0.475098,-0.568359,0.496094,-0.488037,-0.132324,0.787598,17727,17100,17612,17294,0.450000,-0.550000,0.300000,0.000000,1772898042279.763,0.473566,-0.569980,0.495435,0.000000,0.000000,0.000000,1.000000,position_only
2026-03-07T15:40:42.299090+00:00,1772898042299.090,0.475098,-0.568359,0.496094,-0.488037,-0.132324,0.787598,17849,16986,17819,17088,0.450000,-0.550000,0.300000,0.000000,1772898042296.770,0.474072,-0.569534,0.495319,0.000000,0.000000,0.000000,1.000000,position_only
2026-03-07T15:40:42.308893+00:00,1772898042308.893,0.475342,-0.568359,0.496094,-0.509277,-0.082947,0.804199,17760,17088,17749,17180,0.450000,-0.550000,0.300000,0.000000,1772898042305.298,0.474309,-0.569347,0.495268,0.000000,0.000000,0.000000,1.000000,position_only
2026-03-07T15:40:42.316823+00:00,1772898042316.823,0.475830,-0.567871,0.496094,-0.530762,-0.011292,0.831543,17829,17040,17906,17042,0.450000,-0.550000,0.300000,0.000000,1772898042313.760,0.474492,-0.569156,0.495197,0.000000,0.000000,0.000000,1.000000,position_only
2026-03-07T15:40:42.328155+00:00,1772898042328.155,0.476318,-0.567383,0.496094,-0.567871,0.161377,0.888672,17832,17060,17916,17053,0.450000,-0.550000,0.300000,0.000000,1772898042322.258,0.474711,-0.568942,0.495091,0.000000,0.000000,0.000000,1.000000,position_only
2026-03-07T15:40:42.337413+00:00,1772898042337.413,0.476318,-0.567383,0.496094,-0.567871,0.161377,0.888672,17796,17111,17895,17096,0.450000,-0.550000,0.300000,0.000000,1772898042330.777,0.474929,-0.568751,0.494981,0.000000,0.000000,0.000000,1.000000,position_only
2026-03-07T15:40:42.347052+00:00,1772898042347.051,0.476562,-0.566895,0.495850,-0.586914,0.252197,0.916016,17747,17170,17729,17303,0.450000,-0.550000,0.300000,0.000000,1772898042339.306,0.475168,-0.568561,0.494856,0.000000,0.000000,0.000000,1.000000,position_only
2026-03-07T15:40:42.358421+00:00,1772898042358.420,0.477051,-0.566895,0.495605,-0.603027,0.307861,0.932129,17808,17154,17816,17218,0.450000,-0.550000,0.300000,0.000000,1772898042356.313,0.475632,-0.568097,0.494539,0.000000,0.000000,0.000000,1.000000,position_only
2026-03-07T15:40:42.369945+00:00,1772898042369.944,0.477051,-0.566895,0.495361,-0.613770,0.361328,0.949707,17907,17130,17820,17196,0.450000,-0.550000,0.300000,0.000000,1772898042364.818,0.475921,-0.567856,0.494321,0.000000,0.000000,0.000000,1.000000,position_only
2026-03-07T15:40:42.377164+00:00,1772898042377.164,0.477539,-0.566406,0.495361,-0.615234,0.415039,0.973633,17938,17174,17752,17222,0.450000,-0.550000,0.300000,0.000000,1772898042373.310,0.476219,-0.567643,0.494068,0.000000,0.000000,0.000000,1.000000,position_only
2026-03-07T15:40:42.387840+00:00,1772898042387.840,0.477783,-0.565918,0.495117,-0.599121,0.428711,0.988770,17975,17162,17740,17251,0.450000,-0.550000,0.300000,0.000000,1772898042381.760,0.476437,-0.567434,0.493841,0.000000,0.000000,0.000000,1.000000,position_only
2026-03-07T15:40:42.397100+00:00,1772898042397.100,0.478027,-0.565918,0.494629,-0.578125,0.434326,1.004883,18080,17107,17739,17258,0.450000,-0.550000,0.300000,0.000000,1772898042390.239,0.476644,-0.567225,0.493626,0.000000,0.000000,0.000000,1.000000,position_only
2026-03-07T15:40:42.408304+00:00,1772898042408.303,0.478271,-0.565430,0.494385,-0.550293,0.409180,1.018555,18216,17033,17840,17149,0.450000,-0.550000,0.300000,0.000000,1772898042407.516,0.476957,-0.566828,0.493143,0.000000,0.000000,0.000000,1.000000,position_only
2026-03-07T15:40:42.417529+00:00,1772898042417.529,0.478516,-0.565430,0.494141,-0.514648,0.369629,1.041016,18307,17017,17784,17177,0.450000,-0.550000,0.300000,0.000000,1772898042416.090,0.477140,-0.566658,0.492852,0.000000,0.000000,0.000000,1.000000,position_only
2026-03-07T15:40:42.427860+00:00,1772898042427.860,0.478760,-0.564941,0.493652,-0.466064,0.310059,1.059570,18239,17090,17720,17274,0.450000,-0.550000,0.300000,0.000000,1772898042424.586,0.477408,-0.566397,0.492553,0.000000,0.000000,0.000000,1.000000,position_only
2026-03-07T15:40:42.440873+00:00,1772898042440.873,0.478760,-0.564453,0.493164,-0.412598,0.233398,1.074219,18248,17039,17763,17319,0.450000,-0.550000,0.300000,0.000000,1772898042433.346,0.477567,-0.566158,0.492289,0.000000,0.000000,0.000000,1.000000,position_only
2026-03-07T15:40:42.448375+00:00,1772898042448.374,0.479004,-0.564453,0.492920,-0.385742,0.146240,1.084961,18244,17041,17706,17438,0.450000,-0.550000,0.300000,0.000000,1772898042441.838,0.477699,-0.565894,0.492015,0.000000,0.000000,0.000000,1.000000,position_only
2026-03-07T15:40:42.458264+00:00,1772898042458.264,0.479248,-0.563965,0.492432,-0.368896,0.042847,1.096680,18305,17047,17821,17315,0.450000,-0.550000,0.300000,0.000000,1772898042450.338,0.477879,-0.565631,0.491700,0.000000,0.000000,0.000000,1.000000,position_only
2026-03-07T15:40:42.467553+00:00,1772898042467.552,0.479492,-0.563965,0.492188,-0.347656,-0.030899,1.110352,18289,17095,17820,17323,0.450000,-0.550000,0.300000,0.000000,1772898042467.382,0.478269,-0.565143,0.490826,0.000000,0.000000,0.000000,1.000000,position_only
2026-03-07T15:40:42.477999+00:00,1772898042477.999,0.479736,-0.563477,0.491699,-0.328857,-0.089966,1.125000,18214,17115,17763,17485,0.450000,-0.550000,0.300000,0.000000,1772898042476.040,0.478413,-0.564886,0.490470,0.000000,0.000000,0.000000,1.000000,position_only
2026-03-07T15:40:42.488526+00:00,1772898042488.523,0.479980,-0.562988,0.491211,-0.329834,-0.161377,1.134766,18245,17067,17919,17417,0.450000,-0.550000,0.300000,0.000000,1772898042484.531,0.478598,-0.564651,0.490113,0.000000,0.000000,0.000000,1.000000,position_only
2026-03-07T15:40:42.497626+00:00,1772898042497.626,0.479980,-0.562988,0.490723,-0.347656,-0.206909,1.150391,18205,17091,17924,17486,0.450000,-0.550000,0.300000,0.000000,1772898042493.040,0.478751,-0.564419,0.489763,0.000000,0.000000,0.000000,1.000000,position_only
2026-03-07T15:40:42.507601+00:00,1772898042507.600,0.480225,-0.562500,0.489990,-0.379883,-0.249634,1.165039,18209,17090,18027,17431,0.450000,-0.550000,0.300000,0.000000,1772898042501.619,0.478904,-0.564136,0.489359,0.000000,0.000000,0.000000,1.000000,position_only
2026-03-07T15:40:42.518393+00:00,1772898042518.393,0.480469,-0.562012,0.489502,-0.416992,-0.262451,1.182617,18135,17196,17978,17456,0.450000,-0.550000,0.300000,0.000000,1772898042510.185,0.479115,-0.563878,0.488926,0.000000,0.000000,0.000000,1.000000,position_only
2026-03-07T15:40:42.527362+00:00,1772898042527.362,0.480713,-0.562012,0.488770,-0.442627,-0.263916,1.198242,18156,17202,18072,17447,0.450000,-0.550000,0.300000,0.000000,1772898042518.815,0.479276,-0.563446,0.488162,0.000000,0.000000,0.000000,1.000000,position_only
2026-03-07T15:40:42.537176+00:00,1772898042537.175,0.480713,-0.561523,0.488281,-0.474121,-0.252930,1.211914,18046,17300,18057,17526,0.450000,-0.550000,0.300000,0.000000,1772898042535.876,0.479609,-0.562847,0.487144,0.000000,0.000000,0.000000,1.000000,position_only
2026-03-07T15:40:42.547952+00:00,1772898042547.951,0.480957,-0.561035,0.487549,-0.517578,-0.220581,1.225586,17959,17428,17968,17585,0.450000,-0.550000,0.300000,0.000000,1772898042544.383,0.479755,-0.562597,0.486731,0.000000,0.000000,0.000000,1.000000,position_only
2026-03-07T15:40:42.559363+00:00,1772898042559.363,0.481201,-0.561035,0.487061,-0.547852,-0.162842,1.243164,18016,17369,18124,17509,0.450000,-0.550000,0.300000,0.000000,1772898042552.881,0.479918,-0.562288,0.486328,0.000000,0.000000,0.000000,1.000000,position_only
2026-03-07T15:40:42.568443+00:00,1772898042568.442,0.480957,-0.561035,0.486816,-0.547852,-0.162842,1.243164,18183,17288,18238,17325,0.450000,-0.550000,0.300000,0.000000,1772898042561.477,0.480057,-0.562028,0.485916,0.000000,0.000000,0.000000,1.000000,position_only
2026-03-07T15:40:42.577663+00:00,1772898042577.662,0.481201,-0.560547,0.486328,-0.572266,-0.111877,1.260742,18176,17319,18098,17486,0.450000,-0.550000,0.300000,0.000000,1772898042570.017,0.480273,-0.561763,0.485421,0.000000,0.000000,0.000000,1.000000,position_only
2026-03-07T15:40:42.588040+00:00,1772898042588.039,0.481445,-0.560059,0.485596,-0.580566,-0.063354,1.286133,18151,17348,18068,17553,0.450000,-0.550000,0.300000,0.000000,1772898042587.117,0.480509,-0.561213,0.484481,0.000000,0.000000,0.000000,1.000000,position_only
2026-03-07T15:40:42.599288+00:00,1772898042599.288,0.481689,-0.560059,0.485107,-0.592773,-0.058197,1.299805,18280,17318,18190,17359,0.450000,-0.550000,0.300000,0.000000,1772898042595.772,0.480554,-0.560917,0.484024,0.000000,0.000000,0.000000,1.000000,position_only
2026-03-07T15:40:42.608555+00:00,1772898042608.554,0.481934,-0.559570,0.484375,-0.589844,-0.046265,1.316406,18165,17453,17923,17644,0.450000,-0.550000,0.300000,0.000000,1772898042604.435,0.480655,-0.560660,0.483520,0.000000,0.000000,0.000000,1.000000,position_only
2026-03-07T15:40:42.617000+00:00,1772898042617.000,0.481934,-0.559082,0.483643,-0.581543,-0.056854,1.323242,18281,17347,17992,17610,0.450000,-0.550000,0.300000,0.000000,1772898042613.045,0.480839,-0.560364,0.483029,0.000000,0.000000,0.000000,1.000000,position_only
2026-03-07T15:40:42.629373+00:00,1772898042629.373,0.482178,-0.558594,0.482910,-0.567383,-0.094788,1.328125,18371,17308,18080,17516,0.450000,-0.550000,0.300000,0.000000,1772898042621.781,0.480985,-0.560108,0.482580,0.000000,0.000000,0.000000,1.000000,position_only
2026-03-07T15:40:42.638604+00:00,1772898042638.604,0.482422,-0.558594,0.482422,-0.558594,-0.143433,1.341797,18357,17347,17990,17605,0.450000,-0.550000,0.300000,0.000000,1772898042630.327,0.481054,-0.559918,0.482132,0.000000,0.000000,0.000000,1.000000,position_only
2026-03-07T15:40:42.648533+00:00,1772898042648.532,0.482422,-0.558105,0.481689,-0.531250,-0.203247,1.356445,18423,17289,18038,17570,0.450000,-0.550000,0.300000,0.000000,1772898042647.434,0.481415,-0.559277,0.481077,0.000000,0.000000,0.000000,1.000000,position_only
2026-03-07T15:40:42.657720+00:00,1772898042657.719,0.482666,-0.557617,0.481201,-0.505859,-0.259277,1.368164,18461,17242,18115,17541,0.450000,-0.550000,0.300000,0.000000,1772898042656.060,0.481530,-0.558917,0.480620,0.000000,0.000000,0.000000,1.000000,position_only
2026-03-07T15:40:42.668407+00:00,1772898042668.406,0.482910,-0.557129,0.480469,-0.494629,-0.323730,1.381836,18296,17407,17971,17718,0.450000,-0.550000,0.300000,0.000000,1772898042664.591,0.481639,-0.558596,0.480178,0.000000,0.000000,0.000000,1.000000,position_only
2026-03-07T15:40:42.680539+00:00,1772898042680.538,0.482910,-0.556641,0.479736,-0.490479,-0.379150,1.386719,18467,17233,18218,17488,0.450000,-0.550000,0.300000,0.000000,1772898042673.645,0.481777,-0.558286,0.479660,0.000000,0.000000,0.000000,1.000000,position_only
2026-03-07T15:40:42.690208+00:00,1772898042690.207,0.483154,-0.556641,0.479248,-0.490479,-0.419434,1.403320,18344,17327,18139,17624,0.450000,-0.550000,0.300000,0.000000,1772898042682.448,0.481975,-0.558025,0.479171,0.000000,0.000000,0.000000,1.000000,position_only
2026-03-07T15:40:42.697174+00:00,1772898042697.174,0.483398,-0.556152,0.478516,-0.500977,-0.451660,1.417969,18421,17299,18265,17482,0.450000,-0.550000,0.300000,0.000000,1772898042690.992,0.482164,-0.557741,0.478673,0.000000,0.000000,0.000000,1.000000,position_only
2026-03-07T15:40:42.708562+00:00,1772898042708.561,0.483398,-0.555664,0.478027,-0.502441,-0.449951,1.436523,18305,17380,18240,17562,0.450000,-0.550000,0.300000,0.000000,1772898042708.437,0.482305,-0.557116,0.477682,0.000000,0.000000,0.000000,1.000000,position_only
2026-03-07T15:40:42.718824+00:00,1772898042718.824,0.483643,-0.555176,0.477295,-0.522949,-0.443359,1.449219,18217,17489,18158,17650,0.450000,-0.550000,0.300000,0.000000,1772898042716.971,0.482420,-0.556771,0.477213,0.000000,0.000000,0.000000,1.000000,position_only
2026-03-07T15:40:42.728756+00:00,1772898042728.756,0.483887,-0.554688,0.476562,-0.539062,-0.431641,1.458984,18262,17439,18271,17580,0.450000,-0.550000,0.300000,0.000000,1772898042725.475,0.482556,-0.556435,0.476753,0.000000,0.000000,0.000000,1.000000,position_only
2026-03-07T15:40:42.740124+00:00,1772898042740.124,0.483887,-0.555176,0.476562,-0.539062,-0.431641,1.458984,18247,17455,18216,17633,0.450000,-0.550000,0.300000,0.000000,1772898042733.968,0.482648,-0.556125,0.476328,0.000000,0.000000,0.000000,1.000000,position_only
2026-03-07T15:40:42.749150+00:00,1772898042749.149,0.483887,-0.554688,0.476074,-0.558594,-0.413086,1.478516,18183,17537,18122,17743,0.450000,-0.550000,0.300000,0.000000,1772898042742.490,0.482796,-0.555823,0.475852,0.000000,0.000000,0.000000,1.000000,position_only
2026-03-07T15:40:42.758376+00:00,1772898042758.375,0.484131,-0.554199,0.475342,-0.572754,-0.412598,1.485352,18341,17393,18303,17564,0.450000,-0.550000,0.300000,0.000000,1772898042751.111,0.482992,-0.555506,0.475328,0.000000,0.000000,0.000000,1.000000,position_only
2026-03-07T15:40:42.768301+00:00,1772898042768.300,0.484375,-0.553711,0.474854,-0.594238,-0.412354,1.494141,18273,17463,18183,17705,0.450000,-0.550000,0.300000,0.000000,1772898042768.144,0.483264,-0.554762,0.474373,0.000000,0.000000,0.000000,1.000000,position_only
2026-03-07T15:40:42.778220+00:00,1772898042778.219,0.484619,-0.553223,0.474121,-0.607910,-0.416748,1.508789,18202,17518,18082,17844,0.450000,-0.550000,0.300000,0.000000,1772898042776.729,0.483392,-0.554399,0.473958,0.000000,0.000000,0.000000,1.000000,position_only
2026-03-07T15:40:42.788700+00:00,1772898042788.699,0.484619,-0.552734,0.473633,-0.631348,-0.449707,1.508789,18226,17494,18123,17818,0.450000,-0.550000,0.300000,0.000000,1772898042785.413,0.483659,-0.553726,0.473067,0.000000,0.000000,0.000000,1.000000,position_only
2026-03-07T15:40:42.800740+00:00,1772898042800.740,0.484863,-0.552246,0.472900,-0.658691,-0.490967,1.505859,18359,17385,18161,17778,0.450000,-0.550000,0.300000,0.000000,1772898042794.042,0.483823,-0.553382,0.472624,0.000000,0.000000,0.000000,1.000000,position_only
2026-03-07T15:40:42.808742+00:00,1772898042808.741,0.485107,-0.551758,0.472412,-0.682129,-0.539551,1.507812,18363,17441,18162,17739,0.450000,-0.550000,0.300000,0.000000,1772898042802.529,0.483823,-0.553382,0.472624,0.000000,0.000000,0.000000,1.000000,position_only
2026-03-07T15:40:42.818121+00:00,1772898042818.120,0.485352,-0.551270,0.471680,-0.693359,-0.604980,1.512695,18392,17403,18182,17744,0.450000,-0.550000,0.300000,0.000000,1772898042811.033,0.484151,-0.552660,0.471714,0.000000,0.000000,0.000000,1.000000,position_only
2026-03-07T15:40:42.828910+00:00,1772898042828.909,0.485596,-0.550781,0.470947,-0.701172,-0.666016,1.518555,18475,17376,18202,17679,0.450000,-0.550000,0.300000,0.000000,1772898042828.179,0.484569,-0.551883,0.470876,0.000000,0.000000,0.000000,1.000000,position_only
2026-03-07T15:40:42.839640+00:00,1772898042839.640,0.485840,-0.550293,0.470459,-0.692871,-0.730957,1.522461,18336,17507,18047,17854,0.450000,-0.550000,0.300000,0.000000,1772898042836.694,0.484719,-0.551506,0.470473,0.000000,0.000000,0.000000,1.000000,position_only
2026-03-07T15:40:42.848665+00:00,1772898042848.664,0.486084,-0.549805,0.469971,-0.689941,-0.798340,1.516602,18381,17449,18028,17896,0.450000,-0.550000,0.300000,0.000000,1772898042845.177,0.484924,-0.551142,0.470057,0.000000,0.000000,0.000000,1.000000,position_only
2026-03-07T15:40:42.860053+00:00,1772898042860.052,0.486328,-0.549316,0.469482,-0.688477,-0.887207,1.514648,18525,17320,18174,17733,0.450000,-0.550000,0.300000,0.000000,1772898042853.645,0.485179,-0.550773,0.469612,0.000000,0.000000,0.000000,1.000000,position_only
2026-03-07T15:40:42.869309+00:00,1772898042869.309,0.486328,-0.549316,0.469482,-0.688477,-0.887207,1.514648,18450,17358,18099,17845,0.450000,-0.550000,0.300000,0.000000,1772898042862.226,0.485343,-0.550385,0.469207,0.000000,0.000000,0.000000,1.000000,position_only
2026-03-07T15:40:42.879774+00:00,1772898042879.773,0.486572,-0.548828,0.468994,-0.690430,-0.969727,1.519531,18362,17448,18110,17839,0.450000,-0.550000,0.300000,0.000000,1772898042879.370,0.485731,-0.549635,0.468409,0.000000,0.000000,0.000000,1.000000,position_only
2026-03-07T15:40:42.888827+00:00,1772898042888.826,0.486816,-0.548340,0.468262,-0.701172,-1.065430,1.512695,18410,17422,18200,17734,0.450000,-0.550000,0.300000,0.000000,1772898042887.815,0.485986,-0.549143,0.468036,0.000000,0.000000,0.000000,1.000000,position_only
2026-03-07T15:40:42.897919+00:00,1772898042897.918,0.487061,-0.547852,0.468018,-0.702637,-1.112305,1.519531,18453,17332,18298,17685,0.450000,-0.550000,0.300000,0.000000,1772898042896.296,0.486200,-0.548760,0.467670,0.000000,0.000000,0.000000,1.000000,position_only
2026-03-07T15:40:42.911317+00:00,1772898042911.316,0.487305,-0.547363,0.467529,-0.719238,-1.149414,1.528320,18243,17552,18201,17771,0.450000,-0.550000,0.300000,0.000000,1772898042904.817,0.486427,-0.548353,0.467325,0.000000,0.000000,0.000000,1.000000,position_only
2026-03-07T15:40:42.919828+00:00,1772898042919.827,0.487549,-0.546875,0.467041,-0.732910,-1.152344,1.539062,18193,17537,18189,17853,0.450000,-0.550000,0.300000,0.000000,1772898042913.336,0.486731,-0.547911,0.466966,0.000000,0.000000,0.000000,1.000000,position_only
2026-03-07T15:40:42.929956+00:00,1772898042929.955,0.488037,-0.546387,0.466553,-0.748047,-1.140625,1.541992,18178,17562,18254,17788,0.450000,-0.550000,0.300000,0.000000,1772898042921.823,0.486986,-0.547545,0.466538,0.000000,0.000000,0.000000,1.000000,position_only
2026-03-07T15:40:42.937702+00:00,1772898042937.702,0.488281,-0.545898,0.466064,-0.777832,-1.120117,1.546875,18281,17465,18466,17569,0.450000,-0.550000,0.300000,0.000000,1772898042930.356,0.487164,-0.547191,0.466168,0.000000,0.000000,0.000000,1.000000,position_only
2026-03-07T15:40:42.948842+00:00,1772898042948.841,0.488770,-0.544922,0.465820,-0.799805,-1.065430,1.564453,18230,17537,18341,17682,0.450000,-0.550000,0.300000,0.000000,1772898042947.354,0.487633,-0.546230,0.465461,0.000000,0.000000,0.000000,1.000000,position_only
2026-03-07T15:40:42.958799+00:00,1772898042958.798,0.489014,-0.544434,0.465332,-0.822266,-1.019531,1.576172,18183,17623,18308,17691,0.450000,-0.550000,0.300000,0.000000,1772898042955.838,0.487931,-0.545775,0.465111,0.000000,0.000000,0.000000,1.000000,position_only
2026-03-07T15:40:42.967852+00:00,1772898042967.851,0.489502,-0.543945,0.464844,-0.833008,-0.969727,1.583984,18287,17528,18405,17592,0.450000,-0.550000,0.300000,0.000000,1772898042964.322,0.488281,-0.545325,0.464801,0.000000,0.000000,0.000000,1.000000,position_only
2026-03-07T15:40:42.979469+00:00,1772898042979.468,0.489990,-0.543457,0.464355,-0.832520,-0.910156,1.600586,18324,17536,18422,17535,0.450000,-0.550000,0.300000,0.000000,1772898042972.854,0.488537,-0.544955,0.464504,0.000000,0.000000,0.000000,1.000000,position_only
2026-03-07T15:40:42.988893+00:00,1772898042988.892,0.490234,-0.542969,0.464111,-0.825195,-0.862305,1.616211,18379,17485,18524,17440,0.450000,-0.550000,0.300000,0.000000,1772898042981.337,0.488752,-0.544514,0.464186,0.000000,0.000000,0.000000,1.000000,position_only
2026-03-07T15:40:42.998077+00:00,1772898042998.076,0.490479,-0.542480,0.463623,-0.812012,-0.797363,1.638672,18193,17693,18251,17701,0.450000,-0.550000,0.300000,0.000000,1772898042989.817,0.489006,-0.544023,0.463857,0.000000,0.000000,0.000000,1.000000,position_only
2026-03-07T15:40:43.007980+00:00,1772898043007.980,0.490967,-0.541504,0.463379,-0.787109,-0.750000,1.647461,18235,17670,18293,17636,0.450000,-0.550000,0.300000,0.000000,1772898043006.795,0.489600,-0.543073,0.463300,0.000000,0.000000,0.000000,1.000000,position_only
2026-03-07T15:40:43.018031+00:00,1772898043018.030,0.491455,-0.541016,0.462891,-0.754883,-0.702637,1.656250,18324,17627,18296,17575,0.450000,-0.550000,0.300000,0.000000,1772898043015.271,0.489918,-0.542568,0.463000,0.000000,0.000000,0.000000,1.000000,position_only
2026-03-07T15:40:43.028908+00:00,1772898043028.907,0.491699,-0.540527,0.462646,-0.704590,-0.667480,1.667969,18285,17704,18197,17625,0.450000,-0.550000,0.300000,0.000000,1772898043023.857,0.490267,-0.542141,0.462655,0.000000,0.000000,0.000000,1.000000,position_only
2026-03-07T15:40:43.038937+00:00,1772898043038.937,0.492432,-0.539551,0.462402,-0.651367,-0.646484,1.673828,18451,17576,18339,17434,0.450000,-0.550000,0.300000,0.000000,1772898043032.340,0.490566,-0.541713,0.462393,0.000000,0.000000,0.000000,1.000000,position_only
2026-03-07T15:40:43.048400+00:00,1772898043048.399,0.492676,-0.539062,0.461914,-0.578613,-0.624023,1.689453,18422,17646,18251,17464,0.450000,-0.550000,0.300000,0.000000,1772898043040.820,0.490767,-0.541259,0.462187,0.000000,0.000000,0.000000,1.000000,position_only
2026-03-07T15:40:43.058385+00:00,1772898043058.384,0.493164,-0.538574,0.461670,-0.504883,-0.617676,1.699219,18373,17664,18150,17589,0.450000,-0.550000,0.300000,0.000000,1772898043057.835,0.491428,-0.540265,0.461703,0.000000,0.000000,0.000000,1.000000,position_only
2026-03-07T15:40:43.070037+00:00,1772898043070.036,0.493652,-0.538086,0.461426,-0.432617,-0.628906,1.702148,18488,17549,18218,17514,0.450000,-0.550000,0.300000,0.000000,1772898043066.343,0.491796,-0.539788,0.461466,0.000000,0.000000,0.000000,1.000000,position_only
2026-03-07T15:40:43.078407+00:00,1772898043078.406,0.493896,-0.537109,0.461182,-0.378418,-0.673828,1.707031,18407,17573,17997,17777,0.450000,-0.550000,0.300000,0.000000,1772898043075.227,0.492162,-0.539291,0.461215,0.000000,0.000000,0.000000,1.000000,position_only
2026-03-07T15:40:43.090570+00:00,1772898043090.570,0.493896,-0.537598,0.461182,-0.378418,-0.673828,1.707031,18479,17487,18025,17763,0.450000,-0.550000,0.300000,0.000000,1772898043083.760,0.492492,-0.538869,0.461005,0.000000,0.000000,0.000000,1.000000,position_only
2026-03-07T15:40:43.099862+00:00,1772898043099.860,0.494873,-0.536133,0.460693,-0.307129,-0.883789,1.691406,18459,17469,17975,17845,0.450000,-0.550000,0.300000,0.000000,1772898043092.245,0.492844,-0.538474,0.460800,0.000000,0.000000,0.000000,1.000000,position_only
2026-03-07T15:40:43.109397+00:00,1772898043109.396,0.495117,-0.535645,0.460449,-0.295654,-1.005859,1.683594,18563,17308,18075,17807,0.450000,-0.550000,0.300000,0.000000,1772898043109.231,0.493605,-0.537435,0.460394,0.000000,0.000000,0.000000,1.000000,position_only
2026-03-07T15:40:43.118546+00:00,1772898043118.546,0.495117,-0.535645,0.460449,-0.295654,-1.005859,1.683594,18520,17365,18003,17865,0.450000,-0.550000,0.300000,0.000000,1772898043117.703,0.494089,-0.536899,0.460145,0.000000,0.000000,0.000000,1.000000,position_only
2026-03-07T15:40:43.130052+00:00,1772898043130.051,0.495605,-0.535156,0.460205,-0.302246,-1.150391,1.683594,18560,17366,18113,17702,0.450000,-0.550000,0.300000,0.000000,1772898043126.292,0.494450,-0.536408,0.459976,0.000000,0.000000,0.000000,1.000000,position_only
2026-03-07T15:40:43.140945+00:00,1772898043140.944,0.496094,-0.534180,0.459961,-0.298584,-1.274414,1.681641,18570,17289,18167,17720,0.450000,-0.550000,0.300000,0.000000,1772898043134.781,0.494710,-0.535994,0.459872,0.000000,0.000000,0.000000,1.000000,position_only
2026-03-07T15:40:43.148726+00:00,1772898043148.725,0.496582,-0.533691,0.459717,-0.293945,-1.394531,1.687500,18411,17381,18033,17929,0.450000,-0.550000,0.300000,0.000000,1772898043143.286,0.495113,-0.535469,0.459671,0.000000,0.000000,0.000000,1.000000,position_only
2026-03-07T15:40:43.159378+00:00,1772898043159.377,0.497070,-0.533203,0.459717,-0.316406,-1.502930,1.687500,18419,17369,18127,17826,0.450000,-0.550000,0.300000,0.000000,1772898043151.844,0.495586,-0.534946,0.459502,0.000000,0.000000,0.000000,1.000000,position_only
2026-03-07T15:40:43.169168+00:00,1772898043169.167,0.497559,-0.532715,0.459473,-0.347412,-1.604492,1.684570,18474,17289,18322,17637,0.450000,-0.550000,0.300000,0.000000,1772898043168.899,0.497051,-0.533570,0.459033,0.000000,0.000000,0.000000,1.000000,position_only
2026-03-07T15:40:43.180753+00:00,1772898043180.752,0.498291,-0.531738,0.459229,-0.380859,-1.649414,1.696289,18306,17433,18240,17742,0.450000,-0.550000,0.300000,0.000000,1772898043177.471,0.497480,-0.533059,0.458934,0.000000,0.000000,0.000000,1.000000,position_only
2026-03-07T15:40:43.189858+00:00,1772898043189.857,0.498779,-0.531250,0.458984,-0.421387,-1.668945,1.706055,18246,17510,18239,17716,0.450000,-0.550000,0.300000,0.000000,1772898043186.084,0.497918,-0.532521,0.458833,0.000000,0.000000,0.000000,1.000000,position_only
2026-03-07T15:40:43.199636+00:00,1772898043199.635,0.499512,-0.530762,0.458984,-0.451416,-1.658203,1.708984,18175,17542,18193,17794,0.450000,-0.550000,0.300000,0.000000,1772898043194.586,0.498384,-0.531982,0.458707,0.000000,0.000000,0.000000,1.000000,position_only
2026-03-07T15:40:43.208712+00:00,1772898043208.711,0.500000,-0.530273,0.458740,-0.491699,-1.647461,1.709961,18262,17478,18391,17568,0.450000,-0.550000,0.300000,0.000000,1772898043203.060,0.498829,-0.531470,0.458533,0.000000,0.000000,0.000000,1.000000,position_only
2026-03-07T15:40:43.220373+00:00,1772898043220.373,0.500977,-0.529297,0.458740,-0.528320,-1.598633,1.723633,18190,17599,18319,17584,0.450000,-0.550000,0.300000,0.000000,1772898043220.251,0.499329,-0.530939,0.458441,0.000000,0.000000,0.000000,1.000000,position_only
2026-03-07T15:40:43.230322+00:00,1772898043230.322,0.501465,-0.528809,0.458496,-0.543945,-1.532227,1.734375,18284,17480,18433,17479,0.450000,-0.550000,0.300000,0.000000,1772898043228.763,0.500443,-0.530060,0.458251,0.000000,0.000000,0.000000,1.000000,position_only
2026-03-07T15:40:43.239205+00:00,1772898043239.205,0.502441,-0.527832,0.458496,-0.557129,-1.458008,1.752930,18265,17578,18356,17451,0.450000,-0.550000,0.300000,0.000000,1772898043237.334,0.500973,-0.529583,0.458134,0.000000,0.000000,0.000000,1.000000,position_only
2026-03-07T15:40:43.248800+00:00,1772898043248.799,0.502930,-0.527344,0.458252,-0.544434,-1.386719,1.766602,18176,17669,18258,17544,0.450000,-0.550000,0.300000,0.000000,1772898043245.899,0.501490,-0.529050,0.458002,0.000000,0.000000,0.000000,1.000000,position_only
2026-03-07T15:40:43.260732+00:00,1772898043260.731,0.503906,-0.526855,0.458252,-0.520508,-1.305664,1.777344,18276,17601,18310,17461,0.450000,-0.550000,0.300000,0.000000,1772898043254.401,0.501972,-0.528563,0.457942,0.000000,0.000000,0.000000,1.000000,position_only
2026-03-07T15:40:43.270622+00:00,1772898043270.622,0.504395,-0.525879,0.458252,-0.491455,-1.253906,1.787109,18320,17562,18266,17484,0.450000,-0.550000,0.300000,0.000000,1772898043262.905,0.502544,-0.528059,0.457902,0.000000,0.000000,0.000000,1.000000,position_only
2026-03-07T15:40:43.278704+00:00,1772898043278.704,0.504395,-0.526367,0.458252,-0.491455,-1.253906,1.787109,18312,17673,18144,17505,0.450000,-0.550000,0.300000,0.000000,1772898043271.449,0.503212,-0.527580,0.457823,0.000000,0.000000,0.000000,1.000000,position_only
2026-03-07T15:40:43.290163+00:00,1772898043290.162,0.505859,-0.524902,0.458008,-0.400146,-1.200195,1.799805,18511,17482,18342,17275,0.450000,-0.550000,0.300000,0.000000,1772898043288.529,0.504288,-0.526604,0.457684,0.000000,0.000000,0.000000,1.000000,position_only
2026-03-07T15:40:43.300095+00:00,1772898043300.094,0.506836,-0.524414,0.458008,-0.345947,-1.187500,1.811523,18417,17583,18121,17466,0.450000,-0.550000,0.300000,0.000000,1772898043297.027,0.504874,-0.526089,0.457677,0.000000,0.000000,0.000000,1.000000,position_only
2026-03-07T15:40:43.309879+00:00,1772898043309.879,0.507812,-0.523438,0.458008,-0.280273,-1.191406,1.813477,18379,17667,18035,17485,0.450000,-0.550000,0.300000,0.000000,1772898043305.529,0.505580,-0.525530,0.457633,0.000000,0.000000,0.000000,1.000000,position_only
2026-03-07T15:40:43.320626+00:00,1772898043320.626,0.507812,-0.523438,0.458008,-0.280273,-1.191406,1.813477,18535,17483,18162,17388,0.450000,-0.550000,0.300000,0.000000,1772898043314.029,0.506308,-0.525060,0.457517,0.000000,0.000000,0.000000,1.000000,position_only
2026-03-07T15:40:43.328940+00:00,1772898043328.939,0.508301,-0.522949,0.457764,-0.213867,-1.204102,1.812500,18414,17626,17954,17578,0.450000,-0.550000,0.300000,0.000000,1772898043322.529,0.506865,-0.524626,0.457509,0.000000,0.000000,0.000000,1.000000,position_only
2026-03-07T15:40:43.339629+00:00,1772898043339.629,0.510254,-0.521484,0.457764,-0.092102,-1.302734,1.815430,18448,17492,18090,17516,0.450000,-0.550000,0.300000,0.000000,1772898043331.110,0.507473,-0.524155,0.457511,0.000000,0.000000,0.000000,1.000000,position_only
2026-03-07T15:40:43.349670+00:00,1772898043349.670,0.510254,-0.521973,0.457764,-0.092102,-1.302734,1.815430,18461,17535,18106,17447,0.450000,-0.550000,0.300000,0.000000,1772898043348.316,0.508954,-0.523143,0.457443,0.000000,0.000000,0.000000,1.000000,position_only
2026-03-07T15:40:43.360396+00:00,1772898043360.395,0.510742,-0.520996,0.457764,-0.049469,-1.338867,1.822266,18461,17444,18151,17471,0.450000,-0.550000,0.300000,0.000000,1772898043356.801,0.509623,-0.522671,0.457422,0.000000,0.000000,0.000000,1.000000,position_only
2026-03-07T15:40:43.370435+00:00,1772898043370.435,0.511719,-0.520508,0.457764,-0.028229,-1.379883,1.828125,18352,17499,18095,17572,0.450000,-0.550000,0.300000,0.000000,1772898043365.302,0.510259,-0.522214,0.457431,0.000000,0.000000,0.000000,1.000000,position_only
2026-03-07T15:40:43.381963+00:00,1772898043381.963,0.512695,-0.520020,0.457764,-0.025909,-1.407227,1.835938,18341,17499,18225,17444,0.450000,-0.550000,0.300000,0.000000,1772898043373.851,0.510959,-0.521698,0.457477,0.000000,0.000000,0.000000,1.000000,position_only
2026-03-07T15:40:43.390375+00:00,1772898043390.375,0.513672,-0.519531,0.457764,-0.035706,-1.416016,1.841797,18212,17544,18117,17634,0.450000,-0.550000,0.300000,0.000000,1772898043382.473,0.511801,-0.521207,0.457443,0.000000,0.000000,0.000000,1.000000,position_only
2026-03-07T15:40:43.399601+00:00,1772898043399.600,0.514648,-0.518555,0.457764,-0.058197,-1.422852,1.845703,18282,17448,18289,17485,0.450000,-0.550000,0.300000,0.000000,1772898043391.047,0.512439,-0.520787,0.457430,0.000000,0.000000,0.000000,1.000000,position_only
2026-03-07T15:40:43.408634+00:00,1772898043408.634,0.515625,-0.518066,0.457764,-0.102051,-1.416992,1.850586,18129,17559,18097,17702,0.450000,-0.550000,0.300000,0.000000,1772898043408.208,0.513953,-0.519686,0.457472,0.000000,0.000000,0.000000,1.000000,position_only
2026-03-07T15:40:43.419825+00:00,1772898043419.824,0.516602,-0.517578,0.458008,-0.151001,-1.413086,1.850586,18103,17569,18197,17599,0.450000,-0.550000,0.300000,0.000000,1772898043416.802,0.514694,-0.519258,0.457476,0.000000,0.000000,0.000000,1.000000,position_only
2026-03-07T15:40:43.429605+00:00,1772898043429.605,0.517578,-0.517090,0.458008,-0.208008,-1.392578,1.853516,18114,17564,18235,17549,0.450000,-0.550000,0.300000,0.000000,1772898043425.326,0.515350,-0.518872,0.457520,0.000000,0.000000,0.000000,1.000000,position_only
2026-03-07T15:40:43.439629+00:00,1772898043439.629,0.518555,-0.516113,0.458008,-0.266602,-1.356445,1.856445,18161,17503,18251,17547,0.450000,-0.550000,0.300000,0.000000,1772898043433.891,0.516121,-0.518280,0.457611,0.000000,0.000000,0.000000,1.000000,position_only
2026-03-07T15:40:43.450614+00:00,1772898043450.614,0.519531,-0.515625,0.458008,-0.322510,-1.318359,1.861328,18146,17516,18298,17488,0.450000,-0.550000,0.300000,0.000000,1772898043442.532,0.516930,-0.517802,0.457647,0.000000,0.000000,0.000000,1.000000,position_only
2026-03-07T15:40:43.459845+00:00,1772898043459.844,0.520508,-0.515137,0.458008,-0.362793,-1.262695,1.869141,18160,17590,18237,17452,0.450000,-0.550000,0.300000,0.000000,1772898043459.646,0.518491,-0.516877,0.457765,0.000000,0.000000,0.000000,1.000000,position_only
2026-03-07T15:40:43.469241+00:00,1772898043469.241,0.521484,-0.514648,0.458252,-0.393311,-1.212891,1.877930,18132,17606,18170,17519,0.450000,-0.550000,0.300000,0.000000,1772898043468.151,0.519267,-0.516390,0.457779,0.000000,0.000000,0.000000,1.000000,position_only
2026-03-07T15:40:43.478633+00:00,1772898043478.633,0.522461,-0.514160,0.458252,-0.420654,-1.202148,1.878906,18255,17493,18249,17407,0.450000,-0.550000,0.300000,0.000000,1772898043476.949,0.520931,-0.515387,0.457859,0.000000,0.000000,0.000000,1.000000,position_only
2026-03-07T15:40:43.489272+00:00,1772898043489.272,0.523438,-0.513184,0.458252,-0.438965,-1.193359,1.885742,18258,17497,18142,17481,0.450000,-0.550000,0.300000,0.000000,1772898043485.460,0.521681,-0.514898,0.457985,0.000000,0.000000,0.000000,1.000000,position_only
2026-03-07T15:40:43.500648+00:00,1772898043500.647,0.524414,-0.512695,0.458496,-0.447021,-1.208008,1.891602,18302,17448,18147,17466,0.450000,-0.550000,0.300000,0.000000,1772898043494.064,0.522639,-0.514447,0.458057,0.000000,0.000000,0.000000,1.000000,position_only
2026-03-07T15:40:43.509843+00:00,1772898043509.842,0.525879,-0.512207,0.458496,-0.451904,-1.230469,1.895508,18250,17533,18016,17559,0.450000,-0.550000,0.300000,0.000000,1772898043502.536,0.523469,-0.513973,0.458140,0.000000,0.000000,0.000000,1.000000,position_only
2026-03-07T15:40:43.519706+00:00,1772898043519.706,0.526855,-0.511719,0.458740,-0.435059,-1.251953,1.890625,18343,17493,18095,17419,0.450000,-0.550000,0.300000,0.000000,1772898043511.331,0.524282,-0.513468,0.458198,0.000000,0.000000,0.000000,1.000000,position_only
2026-03-07T15:40:43.529536+00:00,1772898043529.536,0.527832,-0.510742,0.458740,-0.427979,-1.291016,1.892578,18404,17407,18104,17430,0.450000,-0.550000,0.300000,0.000000,1772898043528.450,0.526110,-0.512529,0.458301,0.000000,0.000000,0.000000,1.000000,position_only
2026-03-07T15:40:43.540209+00:00,1772898043540.209,0.529297,-0.510254,0.458740,-0.423096,-1.333984,1.899414,18389,17503,18114,17346,0.450000,-0.550000,0.300000,0.000000,1772898043537.019,0.526960,-0.512030,0.458477,0.000000,0.000000,0.000000,1.000000,position_only
2026-03-07T15:40:43.549588+00:00,1772898043549.588,0.530273,-0.509766,0.458984,-0.401367,-1.353516,1.907227,18349,17465,18088,17439,0.450000,-0.550000,0.300000,0.000000,1772898043545.532,0.527923,-0.511627,0.458563,0.000000,0.000000,0.000000,1.000000,position_only
2026-03-07T15:40:43.561637+00:00,1772898043561.637,0.530273,-0.509766,0.458984,-0.396973,-1.347656,1.906250,18272,17541,18090,17443,0.450000,-0.550000,0.300000,0.000000,1772898043554.235,0.528771,-0.511110,0.458661,0.000000,0.000000,0.000000,1.000000,position_only
2026-03-07T15:40:43.569895+00:00,1772898043569.895,0.532715,-0.508301,0.459229,-0.395508,-1.404297,1.905273,18213,17542,18022,17526,0.450000,-0.550000,0.300000,0.000000,1772898043562.773,0.529696,-0.510605,0.458774,0.000000,0.000000,0.000000,1.000000,position_only
2026-03-07T15:40:43.579785+00:00,1772898043579.785,0.533691,-0.507812,0.459229,-0.411133,-1.413086,1.903320,18212,17533,18102,17449,0.450000,-0.550000,0.300000,0.000000,1772898043571.289,0.530582,-0.510251,0.458850,0.000000,0.000000,0.000000,1.000000,position_only
2026-03-07T15:40:43.590146+00:00,1772898043590.145,0.533691,-0.507812,0.459229,-0.411133,-1.413086,1.903320,18283,17490,18168,17358,0.450000,-0.550000,0.300000,0.000000,1772898043588.416,0.532596,-0.509165,0.459094,0.000000,0.000000,0.000000,1.000000,position_only
2026-03-07T15:40:43.600885+00:00,1772898043600.885,0.535156,-0.507324,0.459473,-0.420166,-1.405273,1.908203,18190,17602,18132,17371,0.450000,-0.550000,0.300000,0.000000,1772898043596.973,0.533545,-0.508785,0.459120,0.000000,0.000000,0.000000,1.000000,position_only
2026-03-07T15:40:43.611617+00:00,1772898043611.617,0.536133,-0.506836,0.459473,-0.427734,-1.380859,1.915039,18254,17550,18200,17297,0.450000,-0.550000,0.300000,0.000000,1772898043605.504,0.534352,-0.508348,0.459292,0.000000,0.000000,0.000000,1.000000,position_only
2026-03-07T15:40:43.620381+00:00,1772898043620.380,0.537109,-0.506348,0.459717,-0.430176,-1.361328,1.917969,18182,17591,18199,17337,0.450000,-0.550000,0.300000,0.000000,1772898043614.016,0.535462,-0.507751,0.459359,0.000000,0.000000,0.000000,1.000000,position_only
2026-03-07T15:40:43.629587+00:00,1772898043629.587,0.538574,-0.505859,0.459717,-0.444580,-1.337891,1.925781,18125,17620,18119,17432,0.450000,-0.550000,0.300000,0.000000,1772898043622.529,0.536387,-0.507261,0.459469,0.000000,0.000000,0.000000,1.000000,position_only
2026-03-07T15:40:43.640956+00:00,1772898043640.956,0.540039,-0.504883,0.459961,-0.459961,-1.311523,1.928711,18090,17652,18097,17442,0.450000,-0.550000,0.300000,0.000000,1772898043639.704,0.538477,-0.506265,0.459689,0.000000,0.000000,0.000000,1.000000,position_only
2026-03-07T15:40:43.649982+00:00,1772898043649.981,0.541016,-0.504395,0.459961,-0.484131,-1.288086,1.925781,18146,17620,18186,17322,0.450000,-0.550000,0.300000,0.000000,1772898043648.208,0.539455,-0.505827,0.459744,0.000000,0.000000,0.000000,1.000000,position_only
2026-03-07T15:40:43.659973+00:00,1772898043659.973,0.542480,-0.503906,0.460205,-0.499023,-1.230469,1.933594,18155,17667,18077,17356,0.450000,-0.550000,0.300000,0.000000,1772898043656.922,0.540453,-0.505336,0.459850,0.000000,0.000000,0.000000,1.000000,position_only
2026-03-07T15:40:43.669995+00:00,1772898043669.995,0.543945,-0.502930,0.460205,-0.500977,-1.200195,1.935547,18169,17613,18106,17348,0.450000,-0.550000,0.300000,0.000000,1772898043665.594,0.541437,-0.504759,0.459933,0.000000,0.000000,0.000000,1.000000,position_only
2026-03-07T15:40:43.681639+00:00,1772898043681.637,0.544922,-0.502441,0.460449,-0.508301,-1.183594,1.936523,18155,17675,18054,17343,0.450000,-0.550000,0.300000,0.000000,1772898043674.111,0.542476,-0.504262,0.460118,0.000000,0.000000,0.000000,1.000000,position_only
2026-03-07T15:40:43.691387+00:00,1772898043691.387,0.546387,-0.501953,0.460449,-0.501953,-1.158203,1.930664,18083,17730,18027,17384,0.450000,-0.550000,0.300000,0.000000,1772898043691.161,0.544613,-0.503247,0.460317,0.000000,0.000000,0.000000,1.000000,position_only
2026-03-07T15:40:43.700617+00:00,1772898043700.616,0.547363,-0.501465,0.460693,-0.495605,-1.139648,1.927734,18179,17617,18124,17286,0.450000,-0.550000,0.300000,0.000000,1772898043699.686,0.545728,-0.502769,0.460392,0.000000,0.000000,0.000000,1.000000,position_only
2026-03-07T15:40:43.709799+00:00,1772898043709.799,0.548828,-0.500488,0.460938,-0.495361,-1.114258,1.931641,18120,17668,18008,17405,0.450000,-0.550000,0.300000,0.000000,1772898043708.473,0.546643,-0.502315,0.460541,0.000000,0.000000,0.000000,1.000000,position_only
2026-03-07T15:40:43.723246+00:00,1772898043723.246,0.550293,-0.250000,0.460938,-0.503418,-1.125000,1.926758,18086,17690,18009,17429,0.450000,-0.550000,0.300000,0.000000,1772898043716.968,0.547790,-0.501734,0.460704,0.000000,0.000000,0.000000,1.000000,position_only
2026-03-07T15:40:43.731101+00:00,1772898043731.100,0.551758,-0.499268,0.461182,-0.513184,-1.129883,1.922852,18133,17685,17983,17417,0.450000,-0.550000,0.300000,0.000000,1772898043725.530,0.548849,-0.501134,0.460865,0.000000,0.000000,0.000000,1.000000,position_only
2026-03-07T15:40:43.740164+00:00,1772898043740.164,0.553223,-0.498535,0.461182,-0.515137,-1.147461,1.915039,18167,17638,17940,17475,0.450000,-0.550000,0.300000,0.000000,1772898043734.044,0.549898,-0.500737,0.460959,0.000000,0.000000,0.000000,1.000000,position_only
2026-03-07T15:40:43.749385+00:00,1772898043749.385,0.552734,-0.498779,0.461182,-0.510742,-1.140625,1.914062,18203,17641,18013,17367,0.450000,-0.550000,0.300000,0.000000,1772898043742.590,0.551015,-0.500227,0.461099,0.000000,0.000000,0.000000,1.000000,position_only
2026-03-07T15:40:43.760920+00:00,1772898043760.920,0.555664,-0.497314,0.461426,-0.531250,-1.223633,1.896484,18149,17659,17868,17554,0.450000,-0.550000,0.300000,0.000000,1772898043759.592,0.553285,-0.499141,0.461283,0.000000,0.000000,0.000000,1.000000,position_only
2026-03-07T15:40:43.770651+00:00,1772898043770.651,0.557129,-0.496826,0.461670,-0.549805,-1.284180,1.887695,18280,17484,18033,17431,0.450000,-0.550000,0.300000,0.000000,1772898043768.128,0.554352,-0.498497,0.461468,0.000000,0.000000,0.000000,1.000000,position_only
2026-03-07T15:40:43.784107+00:00,1772898043784.106,0.558594,-0.496094,0.461670,-0.568359,-1.339844,1.885742,18132,17681,17801,17605,0.450000,-0.550000,0.300000,0.000000,1772898043776.645,0.555544,-0.498028,0.461538,0.000000,0.000000,0.000000,1.000000,position_only
2026-03-07T15:40:43.792396+00:00,1772898043792.395,0.559570,-0.495605,0.461914,-0.577148,-1.403320,1.872070,18344,17474,18032,17375,0.450000,-0.550000,0.300000,0.000000,1772898043785.336,0.557866,-0.496979,0.461726,0.000000,0.000000,0.000000,1.000000,position_only
2026-03-07T15:40:43.800785+00:00,1772898043800.785,0.561035,-0.494873,0.461914,-0.590332,-1.464844,1.870117,18230,17573,17845,17569,0.450000,-0.550000,0.300000,0.000000,1772898043793.864,0.559046,-0.496429,0.461824,0.000000,0.000000,0.000000,1.000000,position_only
2026-03-07T15:40:43.811427+00:00,1772898043811.427,0.562988,-0.494141,0.462158,-0.611816,-1.562500,1.856445,18213,17573,17801,17607,0.450000,-0.550000,0.300000,0.000000,1772898043810.880,0.561421,-0.495266,0.462079,0.000000,0.000000,0.000000,1.000000,position_only
2026-03-07T15:40:43.820576+00:00,1772898043820.576,0.564453,-0.493408,0.462158,-0.633789,-1.645508,1.845703,18243,17514,17915,17515,0.450000,-0.550000,0.300000,0.000000,1772898043819.453,0.562653,-0.494795,0.462211,0.000000,0.000000,0.000000,1.000000,position_only
2026-03-07T15:40:43.829613+00:00,1772898043829.613,0.564453,-0.493408,0.462158,-0.633789,-1.645508,1.845703,18228,17492,17876,17591,0.450000,-0.550000,0.300000,0.000000,1772898043828.018,0.563885,-0.494209,0.462316,0.000000,0.000000,0.000000,1.000000,position_only
2026-03-07T15:40:43.840900+00:00,1772898043840.900,0.565918,-0.492676,0.462402,-0.681152,-1.749023,1.832031,18292,17432,17989,17467,0.450000,-0.550000,0.300000,0.000000,1772898043836.531,0.565170,-0.493684,0.462430,0.000000,0.000000,0.000000,1.000000,position_only
2026-03-07T15:40:43.852319+00:00,1772898043852.318,0.567383,-0.491943,0.462402,-0.726562,-1.827148,1.829102,18107,17613,17877,17576,0.450000,-0.550000,0.300000,0.000000,1772898043845.027,0.566362,-0.493155,0.462543,0.000000,0.000000,0.000000,1.000000,position_only
2026-03-07T15:40:43.862213+00:00,1772898043862.213,0.568848,-0.491455,0.462646,-0.760742,-1.890625,1.818359,18210,17525,17949,17489,0.450000,-0.550000,0.300000,0.000000,1772898043862.039,0.568959,-0.491940,0.462823,0.000000,0.000000,0.000000,1.000000,position_only
2026-03-07T15:40:43.869653+00:00,1772898043869.652,0.570801,-0.490479,0.462891,-0.807617,-1.947266,1.808594,18270,17507,18065,17335,0.450000,-0.550000,0.300000,0.000000,1772898043862.039,0.568959,-0.491940,0.462823,0.000000,0.000000,0.000000,1.000000,position_only
2026-03-07T15:40:43.879463+00:00,1772898043879.463,0.572266,-0.489746,0.462891,-0.840332,-1.985352,1.808594,18146,17584,17774,17671,0.450000,-0.550000,0.300000,0.000000,1772898043879.318,0.571624,-0.490741,0.463017,0.000000,0.000000,0.000000,1.000000,position_only
2026-03-07T15:40:43.891248+00:00,1772898043891.247,0.574219,-0.489014,0.463135,-0.873535,-2.039062,1.802734,18221,17517,17883,17546,0.450000,-0.550000,0.300000,0.000000,1772898043887.941,0.572952,-0.490166,0.463120,0.000000,0.000000,0.000000,1.000000,position_only
2026-03-07T15:40:43.902258+00:00,1772898043902.258,0.575684,-0.488281,0.463135,-0.904297,-2.087891,1.796875,18229,17495,17978,17471,0.450000,-0.550000,0.300000,0.000000,1772898043896.528,0.574328,-0.489618,0.463285,0.000000,0.000000,0.000000,1.000000,position_only
2026-03-07T15:40:43.911623+00:00,1772898043911.622,0.577637,-0.487549,0.463379,-0.950684,-2.136719,1.792969,18217,17503,17929,17528,0.450000,-0.550000,0.300000,0.000000,1772898043905.219,0.575662,-0.488950,0.463298,0.000000,0.000000,0.000000,1.000000,position_only
2026-03-07T15:40:43.919645+00:00,1772898043919.644,0.579102,-0.486816,0.463379,-0.982422,-2.171875,1.788086,18327,17395,18092,17350,0.450000,-0.550000,0.300000,0.000000,1772898043913.773,0.577065,-0.488286,0.463392,0.000000,0.000000,0.000000,1.000000,position_only
2026-03-07T15:40:43.930577+00:00,1772898043930.576,0.581055,-0.485840,0.463623,-1.012695,-2.189453,1.794922,18272,17445,18084,17354,0.450000,-0.550000,0.300000,0.000000,1772898043922.279,0.578461,-0.487706,0.463561,0.000000,0.000000,0.000000,1.000000,position_only
2026-03-07T15:40:43.940266+00:00,1772898043940.266,0.582520,-0.485107,0.463623,-1.041992,-2.191406,1.802734,18240,17513,18003,17403,0.450000,-0.550000,0.300000,0.000000,1772898043939.660,0.581372,-0.486339,0.463720,0.000000,0.000000,0.000000,1.000000,position_only
2026-03-07T15:40:43.951815+00:00,1772898043951.815,0.584961,-0.484131,0.463867,-1.071289,-2.199219,1.809570,18288,17456,18092,17319,0.450000,-0.550000,0.300000,0.000000,1772898043948.216,0.582713,-0.485797,0.463836,0.000000,0.000000,0.000000,1.000000,position_only
2026-03-07T15:40:43.961253+00:00,1772898043961.253,0.586426,-0.483398,0.463867,-1.089844,-2.195312,1.818359,18269,17506,18057,17328,0.450000,-0.550000,0.300000,0.000000,1772898043956.813,0.584293,-0.484989,0.463971,0.000000,0.000000,0.000000,1.000000,position_only
2026-03-07T15:40:43.972315+00:00,1772898043972.315,0.588379,-0.482666,0.463867,-1.098633,-2.185547,1.820312,18162,17660,17928,17410,0.450000,-0.550000,0.300000,0.000000,1772898043965.325,0.585733,-0.484334,0.464063,0.000000,0.000000,0.000000,1.000000,position_only
2026-03-07T15:40:43.980321+00:00,1772898043980.321,0.590332,-0.481689,0.464111,-1.098633,-2.162109,1.817383,18326,17489,18104,17233,0.450000,-0.550000,0.300000,0.000000,1772898043974.164,0.587264,-0.483687,0.464123,0.000000,0.000000,0.000000,1.000000,position_only
2026-03-07T15:40:43.991489+00:00,1772898043991.489,0.592285,-0.480957,0.464111,-1.087891,-2.121094,1.826172,18294,17558,18114,17175,0.450000,-0.550000,0.300000,0.000000,1772898043991.169,0.590338,-0.482242,0.464293,0.000000,0.000000,0.000000,1.000000,position_only
2026-03-07T15:40:44.001163+00:00,1772898044001.162,0.594238,-0.479980,0.464355,-1.074219,-2.087891,1.833008,18175,17726,17888,17353,0.450000,-0.550000,0.300000,0.000000,1772898043999.650,0.591872,-0.481539,0.464392,0.000000,0.000000,0.000000,1.000000,position_only
2026-03-07T15:40:44.011580+00:00,1772898044011.579,0.596191,-0.479004,0.464355,-1.045898,-2.054688,1.835938,18341,17634,18152,17007,0.450000,-0.550000,0.300000,0.000000,1772898044008.153,0.593479,-0.480800,0.464452,0.000000,0.000000,0.000000,1.000000,position_only
2026-03-07T15:40:44.022304+00:00,1772898044022.304,0.598633,-0.478027,0.464600,-0.993164,-1.990234,1.850586,18384,17578,18017,17154,0.450000,-0.550000,0.300000,0.000000,1772898044016.765,0.595094,-0.480103,0.464470,0.000000,0.000000,0.000000,1.000000,position_only
2026-03-07T15:40:44.032412+00:00,1772898044032.411,0.600586,-0.477051,0.464600,-0.948730,-1.973633,1.856445,18316,17672,17869,17283,0.450000,-0.550000,0.300000,0.000000,1772898044025.274,0.596747,-0.479403,0.464522,0.000000,0.000000,0.000000,1.000000,position_only
2026-03-07T15:40:44.041737+00:00,1772898044041.737,0.602539,-0.476318,0.464600,-0.903320,-1.968750,1.853516,18345,17668,17841,17284,0.450000,-0.550000,0.300000,0.000000,1772898044033.761,0.598360,-0.478720,0.464571,0.000000,0.000000,0.000000,1.000000,position_only
2026-03-07T15:40:44.051645+00:00,1772898044051.644,0.604492,-0.475342,0.464844,-0.862793,-1.985352,1.847656,18326,17587,17787,17430,0.450000,-0.550000,0.300000,0.000000,1772898044051.147,0.601651,-0.477176,0.464717,0.000000,0.000000,0.000000,1.000000,position_only
2026-03-07T15:40:44.060631+00:00,1772898044060.631,0.606445,-0.474365,0.464844,-0.833984,-2.011719,1.839844,18322,17666,17779,17361,0.450000,-0.550000,0.300000,0.000000,1772898044059.704,0.603398,-0.476491,0.464712,0.000000,0.000000,0.000000,1.000000,position_only
2026-03-07T15:40:44.070092+00:00,1772898044070.091,0.608887,-0.473389,0.465088,-0.797363,-2.039062,1.828125,18330,17667,17800,17332,0.450000,-0.550000,0.300000,0.000000,1772898044068.202,0.605081,-0.475686,0.464809,0.000000,0.000000,0.000000,1.000000,position_only
2026-03-07T15:40:44.083391+00:00,1772898044083.391,0.610840,-0.472412,0.465088,-0.766113,-2.076172,1.825195,18445,17568,17833,17303,0.450000,-0.550000,0.300000,0.000000,1772898044076.777,0.606780,-0.474982,0.464918,0.000000,0.000000,0.000000,1.000000,position_only
2026-03-07T15:40:44.090370+00:00,1772898044090.369,0.610840,-0.472656,0.465088,-0.760742,-2.066406,1.825195,18463,17496,17886,17305,0.450000,-0.550000,0.300000,0.000000,1772898044085.310,0.610335,-0.473393,0.464952,0.000000,0.000000,0.000000,1.000000,position_only
2026-03-07T15:40:44.100964+00:00,1772898044100.963,0.613281,-0.471436,0.465088,-0.743652,-2.125000,1.823242,18501,17424,17918,17306,0.450000,-0.550000,0.300000,0.000000,1772898044093.883,0.612061,-0.472694,0.465049,0.000000,0.000000,0.000000,1.000000,position_only
2026-03-07T15:40:44.111629+00:00,1772898044111.629,0.615234,-0.470459,0.465088,-0.739746,-2.185547,1.830078,18342,17565,17837,17405,0.450000,-0.550000,0.300000,0.000000,1772898044110.885,0.615758,-0.471103,0.465117,0.000000,0.000000,0.000000,1.000000,position_only
2026-03-07T15:40:44.120634+00:00,1772898044120.633,0.617676,-0.469482,0.465332,-0.748535,-2.242188,1.825195,18415,17464,17935,17330,0.450000,-0.550000,0.300000,0.000000,1772898044119.380,0.617568,-0.470314,0.465175,0.000000,0.000000,0.000000,1.000000,position_only
2026-03-07T15:40:44.131018+00:00,1772898044131.017,0.620117,-0.468506,0.465332,-0.768555,-2.277344,1.825195,18298,17562,17897,17388,0.450000,-0.550000,0.300000,0.000000,1772898044128.003,0.619382,-0.469412,0.465171,0.000000,0.000000,0.000000,1.000000,position_only
2026-03-07T15:40:44.140313+00:00,1772898044140.313,0.622559,-0.467285,0.465332,-0.796875,-2.287109,1.825195,18238,17624,17797,17494,0.450000,-0.550000,0.300000,0.000000,1772898044136.735,0.621259,-0.468588,0.465262,0.000000,0.000000,0.000000,1.000000,position_only
2026-03-07T15:40:44.153937+00:00,1772898044153.937,0.625000,-0.466309,0.465332,-0.822754,-2.300781,1.819336,18285,17589,18007,17283,0.450000,-0.550000,0.300000,0.000000,1772898044153.877,0.625171,-0.466979,0.465175,0.000000,0.000000,0.000000,1.000000,position_only
2026-03-07T15:40:44.161568+00:00,1772898044161.568,0.626953,-0.465332,0.465332,-0.850098,-2.273438,1.820312,18263,17637,17995,17280,0.450000,-0.550000,0.300000,0.000000,1772898044153.877,0.625171,-0.466979,0.465175,0.000000,0.000000,0.000000,1.000000,position_only
2026-03-07T15:40:44.171410+00:00,1772898044171.410,0.629883,-0.464355,0.465332,-0.872559,-2.228516,1.831055,18232,17647,18002,17307,0.450000,-0.550000,0.300000,0.000000,1772898044170.952,0.628982,-0.465258,0.465261,0.000000,0.000000,0.000000,1.000000,position_only
2026-03-07T15:40:44.180394+00:00,1772898044180.392,0.631836,-0.463379,0.465332,-0.887695,-2.173828,1.833984,18221,17709,18044,17222,0.450000,-0.550000,0.300000,0.000000,1772898044179.530,0.630871,-0.464430,0.465251,0.000000,0.000000,0.000000,1.000000,position_only
2026-03-07T15:40:44.191585+00:00,1772898044191.584,0.634766,-0.462158,0.465332,-0.897461,-2.083984,1.841797,18245,17704,18060,17191,0.450000,-0.550000,0.300000,0.000000,1772898044188.038,0.632864,-0.463658,0.465236,0.000000,0.000000,0.000000,1.000000,position_only
2026-03-07T15:40:44.203628+00:00,1772898044203.628,0.637207,-0.460938,0.465332,-0.902344,-1.999023,1.850586,18082,17856,17829,17429,0.450000,-0.550000,0.300000,0.000000,1772898044196.807,0.634973,-0.462743,0.465206,0.000000,0.000000,0.000000,1.000000,position_only
2026-03-07T15:40:44.211772+00:00,1772898044211.771,0.640137,-0.459961,0.465332,-0.917480,-1.930664,1.846680,18220,17766,17942,17285,0.450000,-0.550000,0.300000,0.000000,1772898044205.471,0.636905,-0.462018,0.465241,0.000000,0.000000,0.000000,1.000000,position_only
2026-03-07T15:40:44.220127+00:00,1772898044220.126,0.642578,-0.458740,0.465332,-0.911621,-1.857422,1.850586,18333,17720,18065,17110,0.450000,-0.550000,0.300000,0.000000,1772898044214.073,0.638951,-0.461078,0.465256,0.000000,0.000000,0.000000,1.000000,position_only
2026-03-07T15:40:44.231992+00:00,1772898044231.991,0.645020,-0.457764,0.465332,-0.889648,-1.762695,1.860352,18232,17813,17923,17262,0.450000,-0.550000,0.300000,0.000000,1772898044231.257,0.642994,-0.459409,0.465264,0.000000,0.000000,0.000000,1.000000,position_only
2026-03-07T15:40:44.242011+00:00,1772898044242.011,0.647461,-0.456787,0.465332,-0.878906,-1.710938,1.861328,18364,17671,17941,17240,0.450000,-0.550000,0.300000,0.000000,1772898044239.767,0.645106,-0.458466,0.465295,0.000000,0.000000,0.000000,1.000000,position_only
2026-03-07T15:40:44.250963+00:00,1772898044250.962,0.649902,-0.455566,0.465332,-0.863281,-1.677734,1.868164,18337,17769,17922,17192,0.450000,-0.550000,0.300000,0.000000,1772898044248.315,0.647143,-0.457654,0.465289,0.000000,0.000000,0.000000,1.000000,position_only
2026-03-07T15:40:44.263586+00:00,1772898044263.585,0.652832,-0.454346,0.465332,-0.829590,-1.625000,1.875000,18407,17704,17918,17189,0.450000,-0.550000,0.300000,0.000000,1772898044256.796,0.649278,-0.456737,0.465207,0.000000,0.000000,0.000000,1.000000,position_only
2026-03-07T15:40:44.271918+00:00,1772898044271.917,0.655273,-0.453369,0.465332,-0.794922,-1.586914,1.879883,18431,17719,17887,17179,0.450000,-0.550000,0.300000,0.000000,1772898044265.327,0.651349,-0.455875,0.465242,0.000000,0.000000,0.000000,1.000000,position_only
2026-03-07T15:40:44.283636+00:00,1772898044283.635,0.658203,-0.452148,0.465332,-0.756348,-1.566406,1.880859,18424,17721,17887,17204,0.450000,-0.550000,0.300000,0.000000,1772898044282.375,0.655648,-0.454107,0.465220,0.000000,0.000000,0.000000,1.000000,position_only
2026-03-07T15:40:44.291386+00:00,1772898044291.386,0.660645,-0.450928,0.465332,-0.731934,-1.544922,1.885742,18439,17724,17948,17142,0.450000,-0.550000,0.300000,0.000000,1772898044290.896,0.657780,-0.453250,0.465206,0.000000,0.000000,0.000000,1.000000,position_only
2026-03-07T15:40:44.302450+00:00,1772898044302.449,0.663574,-0.449707,0.465332,-0.710449,-1.527344,1.883789,18288,17826,17751,17390,0.450000,-0.550000,0.300000,0.000000,1772898044299.418,0.660030,-0.452313,0.465193,0.000000,0.000000,0.000000,1.000000,position_only
2026-03-07T15:40:44.312903+00:00,1772898044312.902,0.666504,-0.448730,0.465332,-0.711426,-1.526367,1.879883,18447,17578,17977,17265,0.450000,-0.550000,0.300000,0.000000,1772898044307.998,0.662257,-0.451395,0.465174,0.000000,0.000000,0.000000,1.000000,position_only
2026-03-07T15:40:44.324089+00:00,1772898044324.088,0.666016,-0.448730,0.465332,-0.706055,-1.518555,1.879883,18306,17739,17926,17299,0.450000,-0.550000,0.300000,0.000000,1772898044316.704,0.664341,-0.450454,0.465173,0.000000,0.000000,0.000000,1.000000,position_only
2026-03-07T15:40:44.331688+00:00,1772898044331.688,0.668457,-0.447754,0.465332,-0.715332,-1.502930,1.887695,18350,17665,17985,17281,0.450000,-0.550000,0.300000,0.000000,1772898044325.235,0.666624,-0.449553,0.465162,0.000000,0.000000,0.000000,1.000000,position_only
2026-03-07T15:40:44.342186+00:00,1772898044342.186,0.671387,-0.446533,0.465088,-0.738770,-1.477539,1.889648,18338,17679,18055,17214,0.450000,-0.550000,0.300000,0.000000,1772898044333.714,0.668750,-0.448583,0.465169,0.000000,0.000000,0.000000,1.000000,position_only
2026-03-07T15:40:44.352344+00:00,1772898044352.344,0.674316,-0.445312,0.465088,-0.775391,-1.444336,1.894531,18255,17737,17960,17332,0.450000,-0.550000,0.300000,0.000000,1772898044350.898,0.673064,-0.446676,0.465172,0.000000,0.000000,0.000000,1.000000,position_only
2026-03-07T15:40:44.363061+00:00,1772898044363.061,0.676758,-0.444336,0.465088,-0.812012,-1.401367,1.905273,18228,17821,17962,17287,0.450000,-0.550000,0.300000,0.000000,1772898044359.504,0.675265,-0.445757,0.465107,0.000000,0.000000,0.000000,1.000000,position_only
2026-03-07T15:40:44.372851+00:00,1772898044372.851,0.679688,-0.443115,0.465088,-0.851562,-1.341797,1.906250,18191,17760,18022,17322,0.450000,-0.550000,0.300000,0.000000,1772898044368.062,0.677448,-0.444850,0.465104,0.000000,0.000000,0.000000,1.000000,position_only
2026-03-07T15:40:44.383403+00:00,1772898044383.403,0.682617,-0.441895,0.465088,-0.905273,-1.294922,1.908203,18250,17716,18044,17272,0.450000,-0.550000,0.300000,0.000000,1772898044376.589,0.679746,-0.443818,0.465096,0.000000,0.000000,0.000000,1.000000,position_only
2026-03-07T15:40:44.391617+00:00,1772898044391.617,0.685059,-0.440674,0.465088,-0.954590,-1.236328,1.911133,18268,17725,18174,17106,0.450000,-0.550000,0.300000,0.000000,1772898044385.319,0.684130,-0.441941,0.465048,0.000000,0.000000,0.000000,1.000000,position_only
2026-03-07T15:40:44.402179+00:00,1772898044402.178,0.687988,-0.439453,0.465088,-0.992676,-1.137695,1.926758,18256,17723,18146,17133,0.450000,-0.550000,0.300000,0.000000,1772898044393.898,0.684130,-0.441941,0.465048,0.000000,0.000000,0.000000,1.000000,position_only
2026-03-07T15:40:44.411504+00:00,1772898044411.503,0.690918,-0.438232,0.465088,-1.033203,-1.050781,1.941406,18252,17807,18125,17065,0.450000,-0.550000,0.300000,0.000000,1772898044410.934,0.690947,-0.439010,0.464983,0.000000,0.000000,0.000000,1.000000,position_only
2026-03-07T15:40:44.422264+00:00,1772898044422.263,0.693848,-0.437012,0.465088,-1.050781,-0.933594,1.958008,18219,17815,18087,17122,0.450000,-0.550000,0.300000,0.000000,1772898044419.449,0.693261,-0.437981,0.464992,0.000000,0.000000,0.000000,1.000000,position_only
2026-03-07T15:40:44.434411+00:00,1772898044434.411,0.696777,-0.435547,0.465088,-1.071289,-0.839844,1.969727,18184,17891,18010,17156,0.450000,-0.550000,0.300000,0.000000,1772898044427.999,0.695477,-0.437054,0.464989,0.000000,0.000000,0.000000,1.000000,position_only
2026-03-07T15:40:44.443237+00:00,1772898044443.237,0.700195,-0.434082,0.465088,-1.087891,-0.757324,1.974609,18157,17933,17990,17162,0.450000,-0.550000,0.300000,0.000000,1772898044436.689,0.697753,-0.436000,0.464952,0.000000,0.000000,0.000000,1.000000,position_only
2026-03-07T15:40:44.451616+00:00,1772898044451.616,0.703125,-0.432861,0.465088,-1.090820,-0.676270,1.977539,18276,17806,17956,17211,0.450000,-0.550000,0.300000,0.000000,1772898044445.338,0.700094,-0.435006,0.464916,0.000000,0.000000,0.000000,1.000000,position_only
2026-03-07T15:40:44.462393+00:00,1772898044462.393,0.705566,-0.431641,0.465088,-1.080078,-0.612305,1.983398,18358,17776,18017,17098,0.450000,-0.550000,0.300000,0.000000,1772898044453.919,0.700094,-0.435006,0.464916,0.000000,0.000000,0.000000,1.000000,position_only
2026-03-07T15:40:44.472341+00:00,1772898044472.341,0.708496,-0.430420,0.465088,-1.074219,-0.575195,1.988281,18317,17757,18026,17136,0.450000,-0.550000,0.300000,0.000000,1772898044471.046,0.706934,-0.431955,0.465014,0.000000,0.000000,0.000000,1.000000,position_only
2026-03-07T15:40:44.480975+00:00,1772898044480.975,0.711426,-0.429199,0.465088,-1.080078,-0.547363,1.993164,18341,17788,17900,17197,0.450000,-0.550000,0.300000,0.000000,1772898044479.823,0.709258,-0.430939,0.464980,0.000000,0.000000,0.000000,1.000000,position_only
2026-03-07T15:40:44.491652+00:00,1772898044491.652,0.714355,-0.427734,0.465088,-1.080078,-0.547852,1.996094,18360,17756,17904,17202,0.450000,-0.550000,0.300000,0.000000,1772898044488.590,0.711547,-0.429900,0.464964,0.000000,0.000000,0.000000,1.000000,position_only
2026-03-07T15:40:44.502753+00:00,1772898044502.753,0.717285,-0.426514,0.465088,-1.073242,-0.548340,1.997070,18346,17775,17871,17222,0.450000,-0.550000,0.300000,0.000000,1772898044497.115,0.713781,-0.428820,0.465000,0.000000,0.000000,0.000000,1.000000,position_only
2026-03-07T15:40:44.511732+00:00,1772898044511.732,0.720215,-0.425049,0.465088,-1.074219,-0.558594,1.995117,18368,17692,17879,17265,0.450000,-0.550000,0.300000,0.000000,1772898044505.687,0.716079,-0.427794,0.464964,0.000000,0.000000,0.000000,1.000000,position_only
2026-03-07T15:40:44.521444+00:00,1772898044521.444,0.720215,-0.425049,0.465088,-1.069336,-0.549316,1.996094,18428,17666,18062,17049,0.450000,-0.550000,0.300000,0.000000,1772898044514.184,0.718378,-0.426709,0.464974,0.000000,0.000000,0.000000,1.000000,position_only
2026-03-07T15:40:44.531962+00:00,1772898044531.962,0.725586,-0.422363,0.465088,-1.092773,-0.566895,2.001953,18311,17755,17911,17236,0.450000,-0.550000,0.300000,0.000000,1772898044531.433,0.722976,-0.424533,0.464965,0.000000,0.000000,0.000000,1.000000,position_only
2026-03-07T15:40:44.542612+00:00,1772898044542.612,0.728516,-0.420898,0.465088,-1.118164,-0.556152,2.007812,18341,17668,18046,17157,0.450000,-0.550000,0.300000,0.000000,1772898044539.890,0.725289,-0.423483,0.464937,0.000000,0.000000,0.000000,1.000000,position_only
2026-03-07T15:40:44.554207+00:00,1772898044554.206,0.728516,-0.421143,0.465088,-1.113281,-0.548828,2.007812,18186,17810,17815,17408,0.450000,-0.550000,0.300000,0.000000,1772898044548.724,0.727565,-0.422310,0.464991,0.000000,0.000000,0.000000,1.000000,position_only
2026-03-07T15:40:44.561714+00:00,1772898044561.714,0.731445,-0.419678,0.465088,-1.167969,-0.553223,2.007812,18100,17852,17829,17448,0.450000,-0.550000,0.300000,0.000000,1772898044557.230,0.729865,-0.421238,0.464958,0.000000,0.000000,0.000000,1.000000,position_only
2026-03-07T15:40:44.572857+00:00,1772898044572.857,0.733887,-0.418457,0.465088,-1.215820,-0.563965,1.994141,18243,17693,18074,17218,0.450000,-0.550000,0.300000,0.000000,1772898044565.763,0.732130,-0.420093,0.464916,0.000000,0.000000,0.000000,1.000000,position_only
2026-03-07T15:40:44.582167+00:00,1772898044582.167,0.736816,-0.417236,0.465088,-1.278320,-0.549316,1.991211,18275,17669,18175,17099,0.450000,-0.550000,0.300000,0.000000,1772898044574.361,0.734427,-0.419015,0.464898,0.000000,0.000000,0.000000,1.000000,position_only
2026-03-07T15:40:44.592234+00:00,1772898044592.234,0.739746,-0.415527,0.465088,-1.340820,-0.489990,2.005859,18223,17731,18118,17134,0.450000,-0.550000,0.300000,0.000000,1772898044591.386,0.738960,-0.416743,0.464921,0.000000,0.000000,0.000000,1.000000,position_only
2026-03-07T15:40:44.601563+00:00,1772898044601.563,0.742676,-0.414307,0.465088,-1.389648,-0.425049,2.017578,18148,17863,17999,17189,0.450000,-0.550000,0.300000,0.000000,1772898044599.881,0.741187,-0.415553,0.464861,0.000000,0.000000,0.000000,1.000000,position_only
2026-03-07T15:40:44.611751+00:00,1772898044611.750,0.745605,-0.412598,0.465088,-1.424805,-0.353760,2.027344,18098,17878,17919,17301,0.450000,-0.550000,0.300000,0.000000,1772898044608.677,0.743400,-0.414413,0.464912,0.000000,0.000000,0.000000,1.000000,position_only
2026-03-07T15:40:44.624827+00:00,1772898044624.827,0.748047,-0.411377,0.465088,-1.456055,-0.305420,2.021484,18154,17903,17875,17270,0.450000,-0.550000,0.300000,0.000000,1772898044617.190,0.745726,-0.413179,0.464909,0.000000,0.000000,0.000000,1.000000,position_only
2026-03-07T15:40:44.632424+00:00,1772898044632.423,0.750977,-0.409912,0.465088,-1.476562,-0.259277,2.021484,18178,17901,17878,17235,0.450000,-0.550000,0.300000,0.000000,1772898044625.707,0.748088,-0.412034,0.464919,0.000000,0.000000,0.000000,1.000000,position_only
2026-03-07T15:40:44.642259+00:00,1772898044642.259,0.753418,-0.408447,0.465088,-1.484375,-0.240112,2.011719,18323,17776,17999,17091,0.450000,-0.550000,0.300000,0.000000,1772898044634.438,0.750331,-0.410928,0.464924,0.000000,0.000000,0.000000,1.000000,position_only
2026-03-07T15:40:44.651543+00:00,1772898044651.542,0.756348,-0.406738,0.465088,-1.473633,-0.202881,2.017578,18271,17898,17867,17150,0.450000,-0.550000,0.300000,0.000000,1772898044643.035,0.752577,-0.409715,0.464964,0.000000,0.000000,0.000000,1.000000,position_only
2026-03-07T15:40:44.662403+00:00,1772898044662.403,0.759277,-0.405273,0.465332,-1.447266,-0.179199,2.017578,18332,17838,17819,17209,0.450000,-0.550000,0.300000,0.000000,1772898044660.111,0.757164,-0.407292,0.464933,0.000000,0.000000,0.000000,1.000000,position_only
2026-03-07T15:40:44.671639+00:00,1772898044671.638,0.761719,-0.403809,0.465332,-1.428711,-0.196655,2.015625,18405,17811,17895,17087,0.450000,-0.550000,0.300000,0.000000,1772898044668.646,0.759363,-0.406102,0.464981,0.000000,0.000000,0.000000,1.000000,position_only
2026-03-07T15:40:44.681918+00:00,1772898044681.917,0.765137,-0.402100,0.465332,-1.399414,-0.211548,2.017578,18454,17720,17842,17195,0.450000,-0.550000,0.300000,0.000000,1772898044677.257,0.763946,-0.403671,0.464937,0.000000,0.000000,0.000000,1.000000,position_only
2026-03-07T15:40:44.694894+00:00,1772898044694.894,0.767578,-0.400391,0.465332,-1.376953,-0.253662,2.015625,18384,17866,17743,17245,0.450000,-0.550000,0.300000,0.000000,1772898044694.261,0.768493,-0.401198,0.464880,0.000000,0.000000,0.000000,1.000000,position_only
2026-03-07T15:40:44.703462+00:00,1772898044703.461,0.770508,-0.398926,0.465088,-1.347656,-0.293213,2.005859,18472,17701,17933,17143,0.450000,-0.550000,0.300000,0.000000,1772898044702.833,0.770777,-0.399944,0.464872,0.000000,0.000000,0.000000,1.000000,position_only
2026-03-07T15:40:44.711716+00:00,1772898044711.716,0.773438,-0.397461,0.465088,-1.338867,-0.321289,2.007812,18465,17705,17938,17144,0.450000,-0.550000,0.300000,0.000000,1772898044711.530,0.773012,-0.398721,0.464875,0.000000,0.000000,0.000000,1.000000,position_only
2026-03-07T15:40:44.722185+00:00,1772898044722.185,0.776367,-0.395508,0.465088,-1.336914,-0.349365,2.007812,18372,17772,17843,17266,0.450000,-0.550000,0.300000,0.000000,1772898044720.060,0.775247,-0.397373,0.464864,0.000000,0.000000,0.000000,1.000000,position_only
2026-03-07T15:40:44.732703+00:00,1772898044732.703,0.779297,-0.394043,0.465088,-1.349609,-0.385010,2.003906,18466,17660,17930,17199,0.450000,-0.550000,0.300000,0.000000,1772898044728.593,0.777522,-0.396116,0.464834,0.000000,0.000000,0.000000,1.000000,position_only
2026-03-07T15:40:44.743409+00:00,1772898044743.408,0.782227,-0.392334,0.465088,-1.359375,-0.410400,2.003906,18238,17841,17766,17416,0.450000,-0.550000,0.300000,0.000000,1772898044737.171,0.779764,-0.394791,0.464813,0.000000,0.000000,0.000000,1.000000,position_only
2026-03-07T15:40:44.753465+00:00,1772898044753.465,0.784668,-0.390625,0.465088,-1.382812,-0.427002,1.992188,18357,17727,17900,17283,0.450000,-0.550000,0.300000,0.000000,1772898044745.709,0.782004,-0.393469,0.464807,0.000000,0.000000,0.000000,1.000000,position_only
2026-03-07T15:40:44.762115+00:00,1772898044762.114,0.787598,-0.388916,0.465088,-1.406250,-0.431152,1.991211,18341,17791,17916,17235,0.450000,-0.550000,0.300000,0.000000,1772898044754.420,0.784263,-0.392164,0.464747,0.000000,0.000000,0.000000,1.000000,position_only
2026-03-07T15:40:44.772765+00:00,1772898044772.765,0.790527,-0.386963,0.465088,-1.426758,-0.443848,1.990234,18329,17792,17831,17334,0.450000,-0.550000,0.300000,0.000000,1772898044771.431,0.788696,-0.389419,0.464738,0.000000,0.000000,0.000000,1.000000,position_only
2026-03-07T15:40:44.783301+00:00,1772898044783.300,0.790527,-0.387207,0.465088,-1.426758,-0.443848,1.990234,18260,17826,17833,17374,0.450000,-0.550000,0.300000,0.000000,1772898044780.017,0.790852,-0.388081,0.464680,0.000000,0.000000,0.000000,1.000000,position_only
2026-03-07T15:40:44.792309+00:00,1772898044792.309,0.793945,-0.385254,0.464844,-1.458984,-0.459473,1.979492,18321,17846,17861,17281,0.450000,-0.550000,0.300000,0.000000,1772898044788.647,0.793049,-0.386650,0.464698,0.000000,0.000000,0.000000,1.000000,position_only
2026-03-07T15:40:44.803602+00:00,1772898044803.602,0.796875,-0.383301,0.464844,-1.477539,-0.456787,1.976562,18408,17720,17993,17197,0.450000,-0.550000,0.300000,0.000000,1772898044797.280,0.795354,-0.385224,0.464668,0.000000,0.000000,0.000000,1.000000,position_only
2026-03-07T15:40:44.812927+00:00,1772898044812.926,0.799805,-0.381592,0.464844,-1.492188,-0.449707,1.980469,18369,17783,17935,17244,0.450000,-0.550000,0.300000,0.000000,1772898044805.776,0.797624,-0.383935,0.464608,0.000000,0.000000,0.000000,1.000000,position_only
2026-03-07T15:40:44.823434+00:00,1772898044823.434,0.802734,-0.379639,0.464844,-1.508789,-0.440918,1.979492,18269,17898,17814,17354,0.450000,-0.550000,0.300000,0.000000,1772898044822.929,0.802044,-0.381133,0.464555,0.000000,0.000000,0.000000,1.000000,position_only
2026-03-07T15:40:44.832703+00:00,1772898044832.703,0.805664,-0.377686,0.464844,-1.509766,-0.421875,1.974609,18203,17980,17754,17400,0.450000,-0.550000,0.300000,0.000000,1772898044831.504,0.804354,-0.379704,0.464530,0.000000,0.000000,0.000000,1.000000,position_only
2026-03-07T15:40:44.841717+00:00,1772898044841.717,0.808594,-0.375977,0.464600,-1.522461,-0.408691,1.963867,18358,17807,17935,17243,0.450000,-0.550000,0.300000,0.000000,1772898044840.033,0.806715,-0.378284,0.464421,0.000000,0.000000,0.000000,1.000000,position_only
2026-03-07T15:40:44.853305+00:00,1772898044853.304,0.812012,-0.373779,0.464600,-1.530273,-0.385254,1.966797,18420,17786,18058,17086,0.450000,-0.550000,0.300000,0.000000,1772898044848.530,0.808930,-0.376979,0.464400,0.000000,0.000000,0.000000,1.000000,position_only
2026-03-07T15:40:44.863718+00:00,1772898044863.717,0.814941,-0.371826,0.464600,-1.514648,-0.322510,1.984375,18377,17861,17945,17175,0.450000,-0.550000,0.300000,0.000000,1772898044857.030,0.811062,-0.375462,0.464411,0.000000,0.000000,0.000000,1.000000,position_only
2026-03-07T15:40:44.872191+00:00,1772898044872.190,0.814453,-0.372070,0.464600,-1.506836,-0.314209,1.986328,18312,17932,17897,17219,0.450000,-0.550000,0.300000,0.000000,1772898044865.597,0.813282,-0.373970,0.464337,0.000000,0.000000,0.000000,1.000000,position_only
2026-03-07T15:40:44.882591+00:00,1772898044882.591,0.820312,-0.368164,0.464355,-1.479492,-0.221191,1.986328,18311,17994,17794,17275,0.450000,-0.550000,0.300000,0.000000,1772898044874.384,0.815494,-0.372500,0.464300,0.000000,0.000000,0.000000,1.000000,position_only
2026-03-07T15:40:44.893145+00:00,1772898044893.145,0.822754,-0.366455,0.464355,-1.454102,-0.196167,1.982422,18396,17947,17833,17211,0.450000,-0.550000,0.300000,0.000000,1772898044891.410,0.819942,-0.369541,0.464235,0.000000,0.000000,0.000000,1.000000,position_only
2026-03-07T15:40:44.906826+00:00,1772898044906.825,0.822754,-0.366699,0.464355,-1.448242,-0.189941,1.984375,18463,17881,17859,17193,0.450000,-0.550000,0.300000,0.000000,1772898044900.000,0.822244,-0.368009,0.464245,0.000000,0.000000,0.000000,1.000000,position_only
2026-03-07T15:40:44.915249+00:00,1772898044915.248,0.825684,-0.364502,0.464355,-1.415039,-0.156006,1.987305,18479,17813,17840,17262,0.450000,-0.550000,0.300000,0.000000,1772898044908.649,0.824579,-0.366535,0.464149,0.000000,0.000000,0.000000,1.000000,position_only
2026-03-07T15:40:44.924383+00:00,1772898044924.382,0.828125,-0.362793,0.464355,-1.390625,-0.155396,1.987305,18610,17710,17964,17118,0.450000,-0.550000,0.300000,0.000000,1772898044917.216,0.826767,-0.365045,0.464093,0.000000,0.000000,0.000000,1.000000,position_only
2026-03-07T15:40:44.934864+00:00,1772898044934.864,0.830566,-0.361084,0.464111,-1.377930,-0.173096,1.988281,18522,17807,17814,17268,0.450000,-0.550000,0.300000,0.000000,1772898044934.414,0.831212,-0.361991,0.464098,0.000000,0.000000,0.000000,1.000000,position_only
2026-03-07T15:40:44.945412+00:00,1772898044945.412,0.833496,-0.358887,0.464111,-1.349609,-0.188110,1.995117,18597,17719,17889,17196,0.450000,-0.550000,0.300000,0.000000,1772898044942.914,0.833439,-0.360404,0.464052,0.000000,0.000000,0.000000,1.000000,position_only
2026-03-07T15:40:44.952555+00:00,1772898044952.555,0.836426,-0.357178,0.464111,-1.335938,-0.207642,1.995117,18632,17702,17882,17194,0.450000,-0.550000,0.300000,0.000000,1772898044951.468,0.835654,-0.358898,0.464005,0.000000,0.000000,0.000000,1.000000,position_only
2026-03-07T15:40:44.961662+00:00,1772898044961.661,0.838867,-0.355225,0.464111,-1.315430,-0.237671,1.000000,18677,17605,17964,17157,0.450000,-0.550000,0.300000,0.000000,1772898044960.030,0.837720,-0.357350,0.463987,0.000000,0.000000,0.000000,1.000000,position_only
2026-03-07T15:40:44.975882+00:00,1772898044975.881,0.841797,-0.353271,0.464111,-1.313477,-0.261963,2.011719,18570,17777,17927,17126,0.450000,-0.550000,0.300000,0.000000,1772898044968.776,0.842312,-0.354230,0.463874,0.000000,0.000000,0.000000,1.000000,position_only
2026-03-07T15:40:44.983439+00:00,1772898044983.439,0.844238,-0.351318,0.463867,-1.316406,-0.272461,2.013672,18459,17801,17824,17325,0.450000,-0.550000,0.300000,0.000000,1772898044977.445,0.844668,-0.352708,0.463836,0.000000,0.000000,0.000000,1.000000,position_only
2026-03-07T15:40:44.993990+00:00,1772898044993.990,0.847168,-0.349121,0.463867,-1.318359,-0.269043,2.015625,18447,17810,17857,17313,0.450000,-0.550000,0.300000,0.000000,1772898044986.028,0.846821,-0.351075,0.463846,0.000000,0.000000,0.000000,1.000000,position_only
2026-03-07T15:40:45.003447+00:00,1772898045003.447,0.850098,-0.347412,0.463867,-1.325195,-0.258301,2.019531,18514,17797,17994,17134,0.450000,-0.550000,0.300000,0.000000,1772898045003.323,0.851119,-0.347849,0.463733,0.000000,0.000000,0.000000,1.000000,position_only
2026-03-07T15:40:45.012835+00:00,1772898045012.834,0.852539,-0.345215,0.463867,-1.326172,-0.221558,2.027344,18387,17936,17937,17184,0.450000,-0.550000,0.300000,0.000000,1772898045011.915,0.853302,-0.346226,0.463717,0.000000,0.000000,0.000000,1.000000,position_only
2026-03-07T15:40:45.023021+00:00,1772898045023.020,0.855469,-0.343262,0.463867,-1.310547,-0.134277,2.039062,18368,17938,17953,17199,0.450000,-0.550000,0.300000,0.000000,1772898045020.447,0.855533,-0.344639,0.463706,0.000000,0.000000,0.000000,1.000000,position_only
2026-03-07T15:40:45.031956+00:00,1772898045031.956,0.858398,-0.341064,0.463623,-1.320312,-0.064331,2.041016,18423,17882,18076,17068,0.450000,-0.550000,0.300000,0.000000,1772898045029.178,0.857727,-0.343084,0.463609,0.000000,0.000000,0.000000,1.000000,position_only
2026-03-07T15:40:45.044946+00:00,1772898045044.946,0.861328,-0.338867,0.463623,-1.322266,0.041595,2.052734,18361,17975,17946,17159,0.450000,-0.550000,0.300000,0.000000,1772898045037.740,0.859937,-0.341392,0.463586,0.000000,0.000000,0.000000,1.000000,position_only
2026-03-07T15:40:45.053553+00:00,1772898045053.552,0.864258,-0.336426,0.463623,-1.320312,0.144531,2.062500,18301,18045,17899,17180,0.450000,-0.550000,0.300000,0.000000,1772898045046.247,0.862140,-0.339682,0.463548,0.000000,0.000000,0.000000,1.000000,position_only
2026-03-07T15:40:45.062171+00:00,1772898045062.170,0.866699,-0.334717,0.463623,-1.294922,0.256104,2.068359,18337,17981,17933,17174,0.450000,-0.550000,0.300000,0.000000,1772898045054.742,0.864375,-0.338071,0.463475,0.000000,0.000000,0.000000,1.000000,position_only
2026-03-07T15:40:45.072905+00:00,1772898045072.904,0.869141,-0.332764,0.463623,-1.276367,0.355957,2.072266,18388,17950,18003,17094,0.450000,-0.550000,0.300000,0.000000,1772898045071.842,0.868612,-0.334769,0.463514,0.000000,0.000000,0.000000,1.000000,position_only
2026-03-07T15:40:45.083438+00:00,1772898045083.437,0.872070,-0.330322,0.463623,-1.272461,0.454346,2.080078,18394,17933,17987,17112,0.450000,-0.550000,0.300000,0.000000,1772898045080.385,0.870781,-0.333168,0.463450,0.000000,0.000000,0.000000,1.000000,position_only
2026-03-07T15:40:45.093267+00:00,1772898045093.267,0.875000,-0.328369,0.463623,-1.255859,0.538086,2.087891,18440,17878,17980,17131,0.450000,-0.550000,0.300000,0.000000,1772898045088.998,0.873059,-0.331450,0.463407,0.000000,0.000000,0.000000,1.000000,position_only
2026-03-07T15:40:45.104706+00:00,1772898045104.706,0.877930,-0.325928,0.463623,-1.245117,0.613770,2.101562,18490,17852,17945,17144,0.450000,-0.550000,0.300000,0.000000,1772898045097.530,0.875910,-0.329853,0.463196,0.000000,0.000000,0.000000,1.000000,position_only
2026-03-07T15:40:45.113715+00:00,1772898045113.715,0.880371,-0.323975,0.463623,-1.222656,0.665527,2.111328,18450,17868,17891,17226,0.450000,-0.550000,0.300000,0.000000,1772898045106.035,0.878048,-0.328239,0.463145,0.000000,0.000000,0.000000,1.000000,position_only
2026-03-07T15:40:45.123840+00:00,1772898045123.840,0.883301,-0.321777,0.463379,-1.208008,0.712891,2.117188,18486,17888,17857,17216,0.450000,-0.550000,0.300000,0.000000,1772898045123.185,0.882285,-0.324819,0.463202,0.000000,0.000000,0.000000,1.000000,position_only
2026-03-07T15:40:45.133219+00:00,1772898045133.218,0.885742,-0.319824,0.463379,-1.195312,0.727051,2.117188,18504,17817,17843,17272,0.450000,-0.550000,0.300000,0.000000,1772898045131.798,0.884447,-0.323073,0.463129,0.000000,0.000000,0.000000,1.000000,position_only
2026-03-07T15:40:45.144078+00:00,1772898045144.078,0.885742,-0.320068,0.463379,-1.188477,0.729980,2.117188,18681,17694,17951,17122,0.450000,-0.550000,0.300000,0.000000,1772898045140.314,0.886560,-0.321311,0.463069,0.000000,0.000000,0.000000,1.000000,position_only
2026-03-07T15:40:45.154043+00:00,1772898045154.043,0.888672,-0.317627,0.463379,-1.178711,0.729980,2.123047,18476,17844,17779,17337,0.450000,-0.550000,0.300000,0.000000,1772898045149.095,0.888560,-0.319565,0.463171,0.000000,0.000000,0.000000,1.000000,position_only
2026-03-07T15:40:45.165403+00:00,1772898045165.403,0.891113,-0.315674,0.463379,-1.174805,0.726074,2.125000,18681,17654,17949,17152,0.450000,-0.550000,0.300000,0.000000,1772898045157.721,0.890553,-0.317864,0.463171,0.000000,0.000000,0.000000,1.000000,position_only
2026-03-07T15:40:45.172957+00:00,1772898045172.956,0.893066,-0.313721,0.463379,-1.170898,0.730469,2.132812,18532,17738,17810,17349,0.450000,-0.550000,0.300000,0.000000,1772898045166.416,0.892748,-0.316124,0.463096,0.000000,0.000000,0.000000,1.000000,position_only
2026-03-07T15:40:45.182881+00:00,1772898045182.880,0.895996,-0.311523,0.463379,-1.185547,0.713867,2.140625,18613,17607,17973,17227,0.450000,-0.550000,0.300000,0.000000,1772898045175.180,0.894862,-0.314245,0.463203,0.000000,0.000000,0.000000,1.000000,position_only
2026-03-07T15:40:45.193870+00:00,1772898045193.870,0.898438,-0.309326,0.463379,-1.216797,0.700684,2.142578,18607,17640,18038,17126,0.450000,-0.550000,0.300000,0.000000,1772898045192.248,0.898873,-0.310748,0.463209,0.000000,0.000000,0.000000,1.000000,position_only
2026-03-07T15:40:45.207346+00:00,1772898045207.346,0.900879,-0.306885,0.463379,-1.243164,0.720215,2.162109,18465,17697,17980,17251,0.450000,-0.550000,0.300000,0.000000,1772898045200.814,0.900854,-0.308960,0.463346,0.000000,0.000000,0.000000,1.000000,position_only
2026-03-07T15:40:45.212894+00:00,1772898045212.894,0.903320,-0.304932,0.463379,-1.266602,0.770020,2.177734,18423,17759,17969,17235,0.450000,-0.550000,0.300000,0.000000,1772898045209.310,0.902880,-0.307187,0.463398,0.000000,0.000000,0.000000,1.000000,position_only
2026-03-07T15:40:45.224964+00:00,1772898045224.963,0.906250,-0.302490,0.463623,-1.319336,0.823730,2.185547,18639,17519,18251,16972,0.450000,-0.550000,0.300000,0.000000,1772898045217.939,0.904958,-0.305393,0.463347,0.000000,0.000000,0.000000,1.000000,position_only
2026-03-07T15:40:45.233405+00:00,1772898045233.404,0.908203,-0.300537,0.463623,-1.357422,0.886230,2.197266,18550,17635,18122,17089,0.450000,-0.550000,0.300000,0.000000,1772898045226.467,0.906966,-0.303523,0.463388,0.000000,0.000000,0.000000,1.000000,position_only
2026-03-07T15:40:45.244095+00:00,1772898045244.095,0.911133,-0.298096,0.463623,-1.396484,0.976074,2.226562,18502,17672,18162,17047,0.450000,-0.550000,0.300000,0.000000,1772898045243.442,0.910805,-0.300019,0.463423,0.000000,0.000000,0.000000,1.000000,position_only
2026-03-07T15:40:45.252428+00:00,1772898045252.427,0.913086,-0.295898,0.463623,-1.427734,1.067383,2.246094,18528,17612,18201,17039,0.450000,-0.550000,0.300000,0.000000,1772898045251.978,0.912743,-0.298138,0.463499,0.000000,0.000000,0.000000,1.000000,position_only
2026-03-07T15:40:45.263992+00:00,1772898045263.992,0.915527,-0.293945,0.463867,-1.461914,1.160156,2.269531,18599,17642,18199,16952,0.450000,-0.550000,0.300000,0.000000,1772898045260.636,0.916756,-0.294472,0.463492,0.000000,0.000000,0.000000,1.000000,position_only
2026-03-07T15:40:45.274307+00:00,1772898045274.307,0.917969,-0.291260,0.463867,-1.481445,1.254883,2.291016,18704,17545,18277,16855,0.450000,-0.550000,0.300000,0.000000,1772898045269.151,0.918591,-0.292617,0.463565,0.000000,0.000000,0.000000,1.000000,position_only
2026-03-07T15:40:45.285060+00:00,1772898045285.060,0.920410,-0.289062,0.463867,-1.485352,1.339844,2.320312,18726,17598,18212,16853,0.450000,-0.550000,0.300000,0.000000,1772898045277.648,0.920370,-0.290765,0.463655,0.000000,0.000000,0.000000,1.000000,position_only
2026-03-07T15:40:45.292579+00:00,1772898045292.579,0.922852,-0.286621,0.463867,-1.463867,1.442383,2.355469,18675,17612,18103,16994,0.450000,-0.550000,0.300000,0.000000,1772898045286.173,0.920370,-0.290765,0.463655,0.000000,0.000000,0.000000,1.000000,position_only
2026-03-07T15:40:45.302532+00:00,1772898045302.532,0.925293,-0.284424,0.463867,-1.442383,1.508789,2.378906,18778,17586,18191,16825,0.450000,-0.550000,0.300000,0.000000,1772898045294.859,0.924088,-0.286952,0.463712,0.000000,0.000000,0.000000,1.000000,position_only
2026-03-07T15:40:45.314643+00:00,1772898045314.643,0.927734,-0.281494,0.464111,-1.416992,1.592773,2.414062,18921,17391,18333,16735,0.450000,-0.550000,0.300000,0.000000,1772898045311.980,0.927662,-0.283245,0.463750,0.000000,0.000000,0.000000,1.000000,position_only
2026-03-07T15:40:45.323713+00:00,1772898045323.713,0.930176,-0.279297,0.464111,-1.399414,1.655273,2.453125,18759,17553,18177,16899,0.450000,-0.550000,0.300000,0.000000,1772898045320.502,0.927662,-0.283245,0.463750,0.000000,0.000000,0.000000,1.000000,position_only
2026-03-07T15:40:45.332869+00:00,1772898045332.869,0.932129,-0.276611,0.464111,-1.366211,1.729492,2.486328,18699,17672,18064,16961,0.450000,-0.550000,0.300000,0.000000,1772898045329.058,0.931358,-0.279301,0.463802,0.000000,0.000000,0.000000,1.000000,position_only
2026-03-07T15:40:45.344917+00:00,1772898045344.917,0.934570,-0.274414,0.464111,-1.333008,1.796875,2.509766,18751,17543,18170,16915,0.450000,-0.550000,0.300000,0.000000,1772898045337.675,0.933260,-0.277407,0.463760,0.000000,0.000000,0.000000,1.000000,position_only
2026-03-07T15:40:45.354906+00:00,1772898045354.906,0.936523,-0.272217,0.464355,-1.299805,1.861328,2.541016,18792,17547,18129,16908,0.450000,-0.550000,0.300000,0.000000,1772898045354.679,0.936408,-0.273504,0.464020,0.000000,0.000000,0.000000,1.000000,position_only
2026-03-07T15:40:45.364048+00:00,1772898045364.047,0.938477,-0.269531,0.464355,-1.273438,1.930664,2.570312,18771,17547,18175,16868,0.450000,-0.550000,0.300000,0.000000,1772898045363.193,0.938085,-0.271599,0.464014,0.000000,0.000000,0.000000,1.000000,position_only
2026-03-07T15:40:45.373394+00:00,1772898045373.394,0.940430,-0.267090,0.464355,-1.251953,1.989258,2.595703,18747,17584,17986,17041,0.450000,-0.550000,0.300000,0.000000,1772898045371.982,0.939798,-0.269557,0.464084,0.000000,0.000000,0.000000,1.000000,position_only
2026-03-07T15:40:45.383114+00:00,1772898045383.114,0.942871,-0.264404,0.464600,-1.228516,2.027344,2.615234,18812,17513,18106,16931,0.450000,-0.550000,0.300000,0.000000,1772898045380.536,0.941431,-0.267458,0.464219,0.000000,0.000000,0.000000,1.000000,position_only
2026-03-07T15:40:45.394872+00:00,1772898045394.871,0.942871,-0.264648,0.464600,-1.221680,2.029297,2.615234,18909,17418,18154,16870,0.450000,-0.550000,0.300000,0.000000,1772898045389.031,0.943012,-0.265539,0.464245,0.000000,0.000000,0.000000,1.000000,position_only
2026-03-07T15:40:45.405426+00:00,1772898045405.426,0.944336,-0.262207,0.464600,-1.193359,2.068359,2.644531,18960,17382,18210,16801,0.450000,-0.550000,0.300000,0.000000,1772898045397.529,0.944599,-0.263641,0.464283,0.000000,0.000000,0.000000,1.000000,position_only
2026-03-07T15:40:45.413646+00:00,1772898045413.645,0.946777,-0.259521,0.464600,-1.177734,2.089844,2.673828,18848,17471,18020,16995,0.450000,-0.550000,0.300000,0.000000,1772898045406.157,0.946139,-0.261572,0.464404,0.000000,0.000000,0.000000,1.000000,position_only
2026-03-07T15:40:45.424553+00:00,1772898045424.552,0.948730,-0.257080,0.464844,-1.156250,2.128906,2.703125,18936,17353,18109,16934,0.450000,-0.550000,0.300000,0.000000,1772898045423.342,0.949257,-0.257481,0.464500,0.000000,0.000000,0.000000,1.000000,position_only
2026-03-07T15:40:45.434517+00:00,1772898045434.516,0.950684,-0.254395,0.464844,-1.137695,2.136719,2.730469,18850,17386,17984,17098,0.450000,-0.550000,0.300000,0.000000,1772898045431.895,0.950669,-0.255519,0.464637,0.000000,0.000000,0.000000,1.000000,position_only
2026-03-07T15:40:45.446208+00:00,1772898045446.207,0.952148,-0.252197,0.465088,-1.127930,2.125000,2.753906,19040,17236,18269,16781,0.450000,-0.550000,0.300000,0.000000,1772898045440.441,0.952169,-0.253496,0.464670,0.000000,0.000000,0.000000,1.000000,position_only
2026-03-07T15:40:45.453562+00:00,1772898045453.562,0.954102,-0.249512,0.465088,-1.124023,2.148438,2.777344,18887,17341,18110,16963,0.450000,-0.550000,0.300000,0.000000,1772898045449.143,0.953705,-0.251347,0.464778,0.000000,0.000000,0.000000,1.000000,position_only
2026-03-07T15:40:45.464290+00:00,1772898045464.289,0.956055,-0.246704,0.465332,-1.125977,2.177734,2.810547,18968,17232,18225,16850,0.450000,-0.550000,0.300000,0.000000,1772898045457.668,0.955043,-0.249268,0.464919,0.000000,0.000000,0.000000,1.000000,position_only
2026-03-07T15:40:45.474208+00:00,1772898045474.207,0.957520,-0.244385,0.465332,-1.119141,2.205078,2.839844,18956,17306,18199,16823,0.450000,-0.550000,0.300000,0.000000,1772898045466.191,0.956474,-0.247336,0.464850,0.000000,0.000000,0.000000,1.000000,position_only
2026-03-07T15:40:45.484131+00:00,1772898045484.130,0.958984,-0.241699,0.465576,-1.107422,2.253906,2.875000,18869,17336,18145,16923,0.450000,-0.550000,0.300000,0.000000,1772898045483.299,0.959184,-0.243090,0.465179,0.000000,0.000000,0.000000,1.000000,position_only
2026-03-07T15:40:45.492608+00:00,1772898045492.608,0.960449,-0.239380,0.465576,-1.094727,2.304688,2.904297,18941,17327,18197,16797,0.450000,-0.550000,0.300000,0.000000,1772898045491.856,0.960536,-0.241026,0.465198,0.000000,0.000000,0.000000,1.000000,position_only
2026-03-07T15:40:45.503404+00:00,1772898045503.402,0.962402,-0.236450,0.465820,-1.078125,2.373047,2.939453,18970,17260,18235,16787,0.450000,-0.550000,0.300000,0.000000,1772898045500.358,0.961833,-0.239040,0.465257,0.000000,0.000000,0.000000,1.000000,position_only
2026-03-07T15:40:45.515929+00:00,1772898045515.929,0.963867,-0.233887,0.466064,-1.062500,2.425781,2.972656,18925,17322,18146,16870,0.450000,-0.550000,0.300000,0.000000,1772898045508.828,0.962966,-0.236946,0.465393,0.000000,0.000000,0.000000,1.000000,position_only
2026-03-07T15:40:45.524414+00:00,1772898045524.414,0.965332,-0.231201,0.466064,-1.043945,2.490234,3.005859,18923,17275,18186,16865,0.450000,-0.550000,0.300000,0.000000,1772898045517.365,0.964295,-0.234790,0.465493,0.000000,0.000000,0.000000,1.000000,position_only
2026-03-07T15:40:45.532717+00:00,1772898045532.717,0.966797,-0.228760,0.466309,-1.033203,2.552734,3.037109,18943,17251,18292,16744,0.450000,-0.550000,0.300000,0.000000,1772898045525.906,0.965488,-0.232800,0.465602,0.000000,0.000000,0.000000,1.000000,position_only
2026-03-07T15:40:45.543461+00:00,1772898045543.460,0.967773,-0.226562,0.466309,-1.003906,2.632812,3.082031,18932,17239,18231,16838,0.450000,-0.550000,0.300000,0.000000,1772898045543.142,0.967763,-0.228579,0.465853,0.000000,0.000000,0.000000,1.000000,position_only
2026-03-07T15:40:45.556038+00:00,1772898045556.037,0.969238,-0.223755,0.466553,-1.008789,2.712891,3.123047,19041,17101,18487,16616,0.450000,-0.550000,0.300000,0.000000,1772898045551.735,0.968922,-0.226449,0.465920,0.000000,0.000000,0.000000,1.000000,position_only
2026-03-07T15:40:45.563444+00:00,1772898045563.443,0.970703,-0.221191,0.466553,-1.014648,2.804688,3.169922,19083,17090,18491,16573,0.450000,-0.550000,0.300000,0.000000,1772898045560.321,0.969862,-0.224311,0.466157,0.000000,0.000000,0.000000,1.000000,position_only
2026-03-07T15:40:45.575287+00:00,1772898045575.287,0.971680,-0.218384,0.466797,-1.019531,2.914062,3.220703,18965,17158,18398,16698,0.450000,-0.550000,0.300000,0.000000,1772898045568.833,0.971873,-0.220005,0.466320,0.000000,0.000000,0.000000,1.000000,position_only
2026-03-07T15:40:45.584702+00:00,1772898045584.702,0.973145,-0.215942,0.467041,-1.028320,3.011719,3.259766,18948,17192,18375,16714,0.450000,-0.550000,0.300000,0.000000,1772898045577.453,0.971873,-0.220005,0.466320,0.000000,0.000000,0.000000,1.000000,position_only
2026-03-07T15:40:45.594656+00:00,1772898045594.655,0.974121,-0.212891,0.467285,-1.031250,3.109375,3.304688,19000,17163,18390,16638,0.450000,-0.550000,0.300000,0.000000,1772898045586.010,0.973644,-0.215701,0.466670,0.000000,0.000000,0.000000,1.000000,position_only
2026-03-07T15:40:45.603336+00:00,1772898045603.336,0.975098,-0.210083,0.467285,-1.021484,3.199219,3.347656,19025,17111,18404,16628,0.450000,-0.550000,0.300000,0.000000,1772898045594.710,0.974675,-0.213619,0.466708,0.000000,0.000000,0.000000,1.000000,position_only
2026-03-07T15:40:45.613202+00:00,1772898045613.202,0.976562,-0.207153,0.467529,-1.010742,3.273438,3.390625,19133,17026,18380,16639,0.450000,-0.550000,0.300000,0.000000,1772898045611.885,0.976197,-0.209250,0.467055,0.000000,0.000000,0.000000,1.000000,position_only
2026-03-07T15:40:45.623583+00:00,1772898045623.583,0.977539,-0.204590,0.467773,-0.998535,3.345703,3.427734,18978,17168,18295,16723,0.450000,-0.550000,0.300000,0.000000,1772898045620.420,0.977015,-0.207192,0.467078,0.000000,0.000000,0.000000,1.000000,position_only
2026-03-07T15:40:45.636514+00:00,1772898045636.513,0.978027,-0.202148,0.467773,-0.971680,3.421875,3.478516,19198,16991,18445,16539,0.450000,-0.550000,0.300000,0.000000,1772898045628.930,0.977991,-0.204963,0.467173,0.000000,0.000000,0.000000,1.000000,position_only
2026-03-07T15:40:45.644375+00:00,1772898045644.374,0.978027,-0.202148,0.467773,-0.971680,3.421875,3.478516,19283,16886,18519,16484,0.450000,-0.550000,0.300000,0.000000,1772898045637.530,0.978720,-0.202681,0.467308,0.000000,0.000000,0.000000,1.000000,position_only
2026-03-07T15:40:45.653884+00:00,1772898045653.883,0.979004,-0.199219,0.468018,-0.950684,3.501953,3.533203,19093,16988,18262,16821,0.450000,-0.550000,0.300000,0.000000,1772898045646.171,0.979065,-0.200579,0.467529,0.000000,0.000000,0.000000,1.000000,position_only
2026-03-07T15:40:45.664565+00:00,1772898045664.564,0.979980,-0.196533,0.468262,-0.947754,3.535156,3.574219,19152,16941,18343,16716,0.450000,-0.550000,0.300000,0.000000,1772898045663.246,0.980518,-0.196139,0.467784,0.000000,0.000000,0.000000,1.000000,position_only
2026-03-07T15:40:45.674810+00:00,1772898045674.809,0.980469,-0.193848,0.468262,-0.949707,3.554688,3.603516,19075,16973,18299,16793,0.450000,-0.550000,0.300000,0.000000,1772898045671.751,0.981059,-0.193995,0.467847,0.000000,0.000000,0.000000,1.000000,position_only
2026-03-07T15:40:45.684130+00:00,1772898045684.129,0.980957,-0.191284,0.468506,-0.943359,3.599609,3.646484,19080,16990,18234,16833,0.450000,-0.550000,0.300000,0.000000,1772898045680.317,0.981785,-0.191768,0.467879,0.000000,0.000000,0.000000,1.000000,position_only
2026-03-07T15:40:45.697161+00:00,1772898045697.160,0.981934,-0.188721,0.468750,-0.946289,3.634766,3.683594,19158,16929,18340,16701,0.450000,-0.550000,0.300000,0.000000,1772898045688.859,0.982208,-0.189633,0.468123,0.000000,0.000000,0.000000,1.000000,position_only
2026-03-07T15:40:45.704871+00:00,1772898045704.870,0.982422,-0.183105,0.468994,-0.938965,3.714844,3.761719,19306,16785,18431,16615,0.450000,-0.550000,0.300000,0.000000,1772898045697.420,0.982487,-0.187469,0.468355,0.000000,0.000000,0.000000,1.000000,position_only
2026-03-07T15:40:45.714660+00:00,1772898045714.659,0.982910,-0.183350,0.468994,-0.938965,3.714844,3.761719,19293,16771,18448,16631,0.450000,-0.550000,0.300000,0.000000,1772898045714.476,0.983303,-0.183001,0.468641,0.000000,0.000000,0.000000,1.000000,position_only
2026-03-07T15:40:45.724285+00:00,1772898045724.285,0.982910,-0.180664,0.469238,-0.940918,3.750000,3.806641,19166,16917,18424,16644,0.450000,-0.550000,0.300000,0.000000,1772898045723.087,0.983684,-0.180775,0.468731,0.000000,0.000000,0.000000,1.000000,position_only
2026-03-07T15:40:45.735176+00:00,1772898045735.175,0.983398,-0.177734,0.469238,-0.928711,3.792969,3.855469,19080,17023,18218,16832,0.450000,-0.550000,0.300000,0.000000,1772898045731.603,0.984213,-0.178537,0.468672,0.000000,0.000000,0.000000,1.000000,position_only
2026-03-07T15:40:45.747028+00:00,1772898045747.027,0.983887,-0.175171,0.469482,-0.909180,3.839844,3.886719,19141,16988,18245,16778,0.450000,-0.550000,0.300000,0.000000,1772898045740.104,0.984075,-0.176380,0.468841,0.000000,0.000000,0.000000,1.000000,position_only
2026-03-07T15:40:45.754744+00:00,1772898045754.743,0.983887,-0.172241,0.469482,-0.873535,3.896484,3.919922,19304,16880,18269,16717,0.450000,-0.550000,0.300000,0.000000,1772898045748.622,0.984503,-0.174093,0.468899,0.000000,0.000000,0.000000,1.000000,position_only
2026-03-07T15:40:45.763849+00:00,1772898045763.848,0.984375,-0.169678,0.469727,-0.837402,3.929688,3.955078,19228,16966,18320,16663,0.450000,-0.550000,0.300000,0.000000,1772898045757.125,0.984720,-0.171882,0.468904,0.000000,0.000000,0.000000,1.000000,position_only
2026-03-07T15:40:45.775208+00:00,1772898045775.207,0.984375,-0.166992,0.469727,-0.786621,3.996094,3.996094,19236,16988,18208,16767,0.450000,-0.550000,0.300000,0.000000,1772898045774.282,0.985084,-0.167481,0.469065,0.000000,0.000000,0.000000,1.000000,position_only
2026-03-07T15:40:45.784583+00:00,1772898045784.583,0.984375,-0.164429,0.469971,-0.738770,4.042969,4.031250,19399,16867,18354,16591,0.450000,-0.550000,0.300000,0.000000,1772898045782.812,0.984888,-0.165239,0.469302,0.000000,0.000000,0.000000,1.000000,position_only
2026-03-07T15:40:45.794773+00:00,1772898045794.772,0.984375,-0.161865,0.469971,-0.677246,4.097656,4.070312,19390,16806,18380,16635,0.450000,-0.550000,0.300000,0.000000,1772898045791.331,0.985184,-0.162969,0.469361,0.000000,0.000000,0.000000,1.000000,position_only
2026-03-07T15:40:45.803185+00:00,1772898045803.185,0.983887,-0.159058,0.469971,-0.631836,4.136719,4.113281,19307,16917,18205,16782,0.450000,-0.550000,0.300000,0.000000,1772898045799.840,0.984979,-0.160851,0.469479,0.000000,0.000000,0.000000,1.000000,position_only
2026-03-07T15:40:45.815925+00:00,1772898045815.925,0.983887,-0.156250,0.470215,-0.584961,4.171875,4.148438,19261,16961,18270,16723,0.450000,-0.550000,0.300000,0.000000,1772898045808.367,0.984934,-0.158571,0.469538,0.000000,0.000000,0.000000,1.000000,position_only
2026-03-07T15:40:45.825173+00:00,1772898045825.172,0.983887,-0.153564,0.470215,-0.534180,4.226562,4.179688,19234,16943,18195,16852,0.450000,-0.550000,0.300000,0.000000,1772898045816.831,0.984866,-0.156274,0.469622,0.000000,0.000000,0.000000,1.000000,position_only
2026-03-07T15:40:45.835027+00:00,1772898045835.027,0.983398,-0.151001,0.470215,-0.497803,4.269531,4.207031,19238,16929,18249,16822,0.450000,-0.550000,0.300000,0.000000,1772898045833.818,0.984619,-0.151887,0.469631,0.000000,0.000000,0.000000,1.000000,position_only
2026-03-07T15:40:45.844419+00:00,1772898045844.418,0.982910,-0.147949,0.470215,-0.474365,4.320312,4.238281,19323,16882,18316,16735,0.450000,-0.550000,0.300000,0.000000,1772898045842.322,0.984109,-0.149680,0.469768,0.000000,0.000000,0.000000,1.000000,position_only
2026-03-07T15:40:45.853829+00:00,1772898045853.828,0.982422,-0.145264,0.470459,-0.447754,4.386719,4.273438,19259,16863,18334,16815,0.450000,-0.550000,0.300000,0.000000,1772898045850.857,0.984165,-0.147461,0.469846,0.000000,0.000000,0.000000,1.000000,position_only
2026-03-07T15:40:45.865971+00:00,1772898045865.970,0.981934,-0.142334,0.470459,-0.436768,4.445312,4.304688,19087,17016,18210,16982,0.450000,-0.550000,0.300000,0.000000,1772898045859.384,0.983535,-0.145293,0.469976,0.000000,0.000000,0.000000,1.000000,position_only
2026-03-07T15:40:45.875140+00:00,1772898045875.139,0.981445,-0.139771,0.470459,-0.423584,4.496094,4.328125,19218,16971,18282,16838,0.450000,-0.550000,0.300000,0.000000,1772898045867.896,0.983461,-0.143002,0.469888,0.000000,0.000000,0.000000,1.000000,position_only
2026-03-07T15:40:45.885136+00:00,1772898045885.136,0.980957,-0.136963,0.470459,-0.392334,4.566406,4.359375,19174,17021,18193,16942,0.450000,-0.550000,0.300000,0.000000,1772898045884.949,0.982591,-0.138564,0.469947,0.000000,0.000000,0.000000,1.000000,position_only
2026-03-07T15:40:45.895228+00:00,1772898045895.228,0.979980,-0.134277,0.470459,-0.365479,4.621094,4.382812,19289,16945,18193,16916,0.450000,-0.550000,0.300000,0.000000,1772898045893.449,0.981690,-0.136349,0.470097,0.000000,0.000000,0.000000,1.000000,position_only
2026-03-07T15:40:45.905153+00:00,1772898045905.152,0.979492,-0.131348,0.470459,-0.327637,4.664062,4.406250,19357,16846,18289,16866,0.450000,-0.550000,0.300000,0.000000,1772898045901.979,0.981330,-0.134110,0.470086,0.000000,0.000000,0.000000,1.000000,position_only
2026-03-07T15:40:45.916137+00:00,1772898045916.136,0.978516,-0.128784,0.470459,-0.291504,4.699219,4.437500,19335,16904,18102,17022,0.450000,-0.550000,0.300000,0.000000,1772898045910.522,0.980211,-0.129738,0.470160,0.000000,0.000000,0.000000,1.000000,position_only
2026-03-07T15:40:45.923801+00:00,1772898045923.800,0.978516,-0.128784,0.470459,-0.291504,4.699219,4.437500,19156,17088,17947,17173,0.450000,-0.550000,0.300000,0.000000,1772898045919.094,0.979267,-0.127555,0.470213,0.000000,0.000000,0.000000,1.000000,position_only
2026-03-07T15:40:45.935518+00:00,1772898045935.517,0.976562,-0.122925,0.470215,-0.238037,4.738281,4.460938,19231,16931,18107,17110,0.450000,-0.550000,0.300000,0.000000,1772898045927.589,0.978763,-0.125314,0.470154,0.000000,0.000000,0.000000,1.000000,position_only
2026-03-07T15:40:45.946466+00:00,1772898045946.466,0.976562,-0.122925,0.470215,-0.238037,4.738281,4.460938,19406,16833,18150,16981,0.450000,-0.550000,0.300000,0.000000,1772898045944.968,0.977147,-0.121038,0.470156,0.000000,0.000000,0.000000,1.000000,position_only
2026-03-07T15:40:45.955164+00:00,1772898045955.164,0.975586,-0.119934,0.470215,-0.220947,4.750000,4.476562,19426,16793,18196,16968,0.450000,-0.550000,0.300000,0.000000,1772898045953.518,0.976342,-0.118812,0.470239,0.000000,0.000000,0.000000,1.000000,position_only
2026-03-07T15:40:45.965421+00:00,1772898045965.419,0.974121,-0.117310,0.470215,-0.194092,4.769531,4.500000,19415,16813,18185,16974,0.450000,-0.550000,0.300000,0.000000,1772898045962.052,0.975172,-0.116747,0.470250,0.000000,0.000000,0.000000,1.000000,position_only
2026-03-07T15:40:45.975214+00:00,1772898045975.213,0.973145,-0.114441,0.470215,-0.160034,4.808594,4.535156,19186,16980,18027,17219,0.450000,-0.550000,0.300000,0.000000,1772898045970.583,0.974498,-0.114506,0.470147,0.000000,0.000000,0.000000,1.000000,position_only
2026-03-07T15:40:45.984763+00:00,1772898045984.762,0.971680,-0.111938,0.470215,-0.138916,4.835938,4.550781,19198,17019,18012,17203,0.450000,-0.550000,0.300000,0.000000,1772898045979.092,0.973377,-0.112402,0.470082,0.000000,0.000000,0.000000,1.000000,position_only
2026-03-07T15:40:45.994826+00:00,1772898045994.825,0.970215,-0.109009,0.470215,-0.123413,4.890625,4.562500,19216,16986,18119,17119,0.450000,-0.550000,0.300000,0.000000,1772898045987.590,0.972280,-0.110300,0.470086,0.000000,0.000000,0.000000,1.000000,position_only
2026-03-07T15:40:46.005619+00:00,1772898046005.618,0.968750,-0.106445,0.469971,-0.102783,4.964844,4.578125,19129,17094,18077,17141,0.450000,-0.550000,0.300000,0.000000,1772898046004.742,0.969778,-0.105995,0.470158,0.000000,0.000000,0.000000,1.000000,position_only
2026-03-07T15:40:46.014559+00:00,1772898046014.558,0.967285,-0.103638,0.469971,-0.063477,5.046875,4.589844,19111,17136,17965,17219,0.450000,-0.550000,0.300000,0.000000,1772898046013.253,0.968562,-0.103789,0.470046,0.000000,0.000000,0.000000,1.000000,position_only
2026-03-07T15:40:46.025131+00:00,1772898046025.130,0.965820,-0.101135,0.469971,-0.021286,5.121094,4.597656,19045,17192,17984,17214,0.450000,-0.550000,0.300000,0.000000,1772898046021.773,0.967501,-0.101670,0.470119,0.000000,0.000000,0.000000,1.000000,position_only
2026-03-07T15:40:46.035701+00:00,1772898046035.700,0.963867,-0.098450,0.469971,0.018250,5.214844,4.601562,19148,17113,17944,17219,0.450000,-0.550000,0.300000,0.000000,1772898046030.300,0.966018,-0.099706,0.470146,0.000000,0.000000,0.000000,1.000000,position_only
2026-03-07T15:40:46.046361+00:00,1772898046046.360,0.961914,-0.095581,0.469971,0.062225,5.308594,4.605469,19100,17163,17895,17264,0.450000,-0.550000,0.300000,0.000000,1772898046038.771,0.964667,-0.097629,0.470099,0.000000,0.000000,0.000000,1.000000,position_only
2026-03-07T15:40:46.054786+00:00,1772898046054.784,0.960449,-0.093262,0.469727,0.115112,5.375000,4.609375,19172,17118,17882,17239,0.450000,-0.550000,0.300000,0.000000,1772898046047.402,0.963522,-0.095477,0.469870,0.000000,0.000000,0.000000,1.000000,position_only
2026-03-07T15:40:46.064419+00:00,1772898046064.417,0.958496,-0.090576,0.469727,0.180054,5.449219,4.613281,19193,17097,18017,17119,0.450000,-0.550000,0.300000,0.000000,1772898046056.008,0.961922,-0.093482,0.469831,0.000000,0.000000,0.000000,1.000000,position_only
2026-03-07T15:40:46.075864+00:00,1772898046075.863,0.956543,-0.088013,0.469727,0.230835,5.539062,4.621094,19090,17220,17939,17196,0.450000,-0.550000,0.300000,0.000000,1772898046073.140,0.958682,-0.089323,0.469979,0.000000,0.000000,0.000000,1.000000,position_only
2026-03-07T15:40:46.085115+00:00,1772898046085.114,0.954102,-0.085205,0.469727,0.298340,5.640625,4.621094,19097,17200,17926,17220,0.450000,-0.550000,0.300000,0.000000,1772898046081.648,0.957196,-0.087240,0.469849,0.000000,0.000000,0.000000,1.000000,position_only
2026-03-07T15:40:46.097134+00:00,1772898046097.133,0.951660,-0.082764,0.469482,0.354004,5.730469,4.625000,19129,17189,18059,17069,0.450000,-0.550000,0.300000,0.000000,1772898046090.135,0.955352,-0.085278,0.469802,0.000000,0.000000,0.000000,1.000000,position_only
2026-03-07T15:40:46.104186+00:00,1772898046104.185,0.949707,-0.080322,0.469482,0.429443,5.847656,4.636719,19117,17195,17941,17175,0.450000,-0.550000,0.300000,0.000000,1772898046098.670,0.953461,-0.083251,0.469808,0.000000,0.000000,0.000000,1.000000,position_only
2026-03-07T15:40:46.114650+00:00,1772898046114.649,0.947266,-0.078064,0.469482,0.488525,5.968750,4.644531,19076,17250,17885,17231,0.450000,-0.550000,0.300000,0.000000,1772898046107.164,0.951680,-0.081288,0.469736,0.000000,0.000000,0.000000,1.000000,position_only
2026-03-07T15:40:46.125115+00:00,1772898046125.114,0.944824,-0.075623,0.469238,0.543457,6.070312,4.632812,18962,17357,17891,17253,0.450000,-0.550000,0.300000,0.000000,1772898046124.477,0.948273,-0.077345,0.469439,0.000000,0.000000,0.000000,1.000000,position_only
2026-03-07T15:40:46.135850+00:00,1772898046135.849,0.942383,-0.072998,0.469238,0.607422,6.195312,4.628906,19012,17294,17955,17206,0.450000,-0.550000,0.300000,0.000000,1772898046132.941,0.946136,-0.075486,0.469478,0.000000,0.000000,0.000000,1.000000,position_only
2026-03-07T15:40:46.144263+00:00,1772898046144.262,0.939941,-0.070679,0.469238,0.656250,6.300781,4.625000,18900,17388,17721,17466,0.450000,-0.550000,0.300000,0.000000,1772898046141.426,0.944023,-0.073556,0.469413,0.000000,0.000000,0.000000,1.000000,position_only
2026-03-07T15:40:46.157852+00:00,1772898046157.851,0.937012,-0.068237,0.468994,0.698730,6.367188,4.605469,18880,17383,17622,17580,0.450000,-0.550000,0.300000,0.000000,1772898046149.988,0.941935,-0.071651,0.469269,0.000000,0.000000,0.000000,1.000000,position_only
2026-03-07T15:40:46.165557+00:00,1772898046165.556,0.937012,-0.068481,0.468994,0.706543,6.359375,4.613281,18983,17239,17622,17619,0.450000,-0.550000,0.300000,0.000000,1772898046158.819,0.939877,-0.069663,0.469226,0.000000,0.000000,0.000000,1.000000,position_only
2026-03-07T15:40:46.175579+00:00,1772898046175.578,0.934570,-0.066223,0.468994,0.731445,6.390625,4.589844,19194,17046,17709,17504,0.450000,-0.550000,0.300000,0.000000,1772898046167.343,0.937645,-0.067745,0.469226,0.000000,0.000000,0.000000,1.000000,position_only
2026-03-07T15:40:46.184609+00:00,1772898046184.607,0.931641,-0.063782,0.468750,0.754395,6.421875,4.585938,19108,17095,17715,17550,0.450000,-0.550000,0.300000,0.000000,1772898046184.461,0.932988,-0.063931,0.469011,0.000000,0.000000,0.000000,1.000000,position_only
2026-03-07T15:40:46.195818+00:00,1772898046195.817,0.928711,-0.061615,0.468750,0.775879,6.429688,4.582031,19014,17242,17657,17572,0.450000,-0.550000,0.300000,0.000000,1772898046193.035,0.930548,-0.062080,0.468974,0.000000,0.000000,0.000000,1.000000,position_only
2026-03-07T15:40:46.205638+00:00,1772898046205.637,0.925293,-0.059265,0.468506,0.798340,6.429688,4.562500,19147,17065,17683,17577,0.450000,-0.550000,0.300000,0.000000,1772898046201.531,0.927961,-0.060259,0.468984,0.000000,0.000000,0.000000,1.000000,position_only
2026-03-07T15:40:46.218564+00:00,1772898046218.562,0.922363,-0.057220,0.468506,0.813477,6.425781,4.554688,18948,17202,17604,17713,0.450000,-0.550000,0.300000,0.000000,1772898046210.088,0.925465,-0.058391,0.468800,0.000000,0.000000,0.000000,1.000000,position_only
2026-03-07T15:40:46.224741+00:00,1772898046224.740,0.918945,-0.054840,0.468506,0.819336,6.425781,4.539062,19051,17110,17718,17571,0.450000,-0.550000,0.300000,0.000000,1772898046218.625,0.922904,-0.056631,0.468776,0.000000,0.000000,0.000000,1.000000,position_only
2026-03-07T15:40:46.235831+00:00,1772898046235.830,0.915527,-0.052765,0.468262,0.819336,6.445312,4.523438,19004,17147,17676,17629,0.450000,-0.550000,0.300000,0.000000,1772898046235.649,0.914795,-0.051386,0.468477,0.000000,0.000000,0.000000,1.000000,position_only
2026-03-07T15:40:46.246131+00:00,1772898046246.130,0.912109,-0.050629,0.468262,0.816895,6.468750,4.507812,18902,17257,17444,17843,0.450000,-0.550000,0.300000,0.000000,1772898046244.133,0.911975,-0.049661,0.468427,0.000000,0.000000,0.000000,1.000000,position_only
2026-03-07T15:40:46.255776+00:00,1772898046255.774,0.908203,-0.048340,0.468018,0.818848,6.492188,4.484375,18988,17156,17635,17660,0.450000,-0.550000,0.300000,0.000000,1772898046252.681,0.909041,-0.047997,0.468368,0.000000,0.000000,0.000000,1.000000,position_only
2026-03-07T15:40:46.264305+00:00,1772898046264.304,0.904297,-0.046173,0.468018,0.823242,6.527344,4.460938,18901,17243,17620,17676,0.450000,-0.550000,0.300000,0.000000,1772898046261.174,0.906097,-0.046186,0.468198,0.000000,0.000000,0.000000,1.000000,position_only
2026-03-07T15:40:46.278322+00:00,1772898046278.321,0.899902,-0.043854,0.468018,0.833984,6.562500,4.441406,18895,17245,17434,17857,0.450000,-0.550000,0.300000,0.000000,1772898046269.680,0.903047,-0.044524,0.468181,0.000000,0.000000,0.000000,1.000000,position_only
2026-03-07T15:40:46.285936+00:00,1772898046285.935,0.895996,-0.041809,0.467773,0.847656,6.562500,4.410156,18950,17157,17581,17751,0.450000,-0.550000,0.300000,0.000000,1772898046278.354,0.899827,-0.042894,0.468096,0.000000,0.000000,0.000000,1.000000,position_only
2026-03-07T15:40:46.295063+00:00,1772898046295.062,0.892090,-0.039856,0.467773,0.853516,6.546875,4.394531,19020,17131,17592,17684,0.450000,-0.550000,0.300000,0.000000,1772898046286.823,0.899827,-0.042894,0.468096,0.000000,0.000000,0.000000,1.000000,position_only
2026-03-07T15:40:46.304166+00:00,1772898046304.165,0.888184,-0.037964,0.467529,0.866211,6.562500,4.378906,19004,17138,17634,17663,0.450000,-0.550000,0.300000,0.000000,1772898046304.010,0.890095,-0.038033,0.467856,0.000000,0.000000,0.000000,1.000000,position_only
2026-03-07T15:40:46.316164+00:00,1772898046316.163,0.883789,-0.035767,0.467529,0.873535,6.597656,4.355469,18848,17267,17391,17931,0.450000,-0.550000,0.300000,0.000000,1772898046312.656,0.886812,-0.036494,0.467719,0.000000,0.000000,0.000000,1.000000,position_only
2026-03-07T15:40:46.326806+00:00,1772898046326.805,0.879395,-0.033844,0.467529,0.879395,6.613281,4.332031,19001,17099,17638,17698,0.450000,-0.550000,0.300000,0.000000,1772898046321.208,0.886812,-0.036494,0.467719,0.000000,0.000000,0.000000,1.000000,position_only
2026-03-07T15:40:46.338192+00:00,1772898046338.191,0.875000,-0.032074,0.467285,0.886719,6.617188,4.320312,18988,17090,17563,17783,0.450000,-0.550000,0.300000,0.000000,1772898046329.773,0.880079,-0.033344,0.467562,0.000000,0.000000,0.000000,1.000000,position_only
2026-03-07T15:40:46.344456+00:00,1772898046344.454,0.870605,-0.030182,0.467285,0.895020,6.640625,4.308594,18941,17146,17586,17748,0.450000,-0.550000,0.300000,0.000000,1772898046338.282,0.876525,-0.031749,0.467521,0.000000,0.000000,0.000000,1.000000,position_only
2026-03-07T15:40:46.355923+00:00,1772898046355.921,0.866699,-0.028458,0.467041,0.908203,6.687500,4.296875,18839,17263,17636,17686,0.450000,-0.550000,0.300000,0.000000,1772898046355.800,0.869120,-0.028749,0.467403,0.000000,0.000000,0.000000,1.000000,position_only
2026-03-07T15:40:46.365412+00:00,1772898046365.412,0.861328,-0.026443,0.467041,0.912109,6.777344,4.273438,18747,17346,17497,17838,0.450000,-0.550000,0.300000,0.000000,1772898046364.298,0.865494,-0.027282,0.467223,0.000000,0.000000,0.000000,1.000000,position_only
2026-03-07T15:40:46.375936+00:00,1772898046375.935,0.856445,-0.024673,0.466797,0.920898,6.843750,4.246094,18796,17236,17667,17725,0.450000,-0.550000,0.300000,0.000000,1772898046373.093,0.861585,-0.025815,0.467210,0.000000,0.000000,0.000000,1.000000,position_only
2026-03-07T15:40:46.387433+00:00,1772898046387.432,0.851074,-0.022781,0.466797,0.918457,6.914062,4.226562,18805,17239,17644,17728,0.450000,-0.550000,0.300000,0.000000,1772898046381.657,0.857741,-0.024362,0.467075,0.000000,0.000000,0.000000,1.000000,position_only
2026-03-07T15:40:46.396706+00:00,1772898046396.705,0.851562,-0.022888,0.466797,0.922363,6.902344,4.234375,18785,17293,17524,17813,0.450000,-0.550000,0.300000,0.000000,1772898046390.146,0.853826,-0.022838,0.467012,0.000000,0.000000,0.000000,1.000000,position_only
2026-03-07T15:40:46.405632+00:00,1772898046405.631,0.847168,-0.021271,0.466797,0.927246,6.976562,4.222656,18788,17301,17559,17776,0.450000,-0.550000,0.300000,0.000000,1772898046398.883,0.849696,-0.021451,0.466982,0.000000,0.000000,0.000000,1.000000,position_only
2026-03-07T15:40:46.416048+00:00,1772898046416.047,0.842285,-0.019562,0.466553,0.933594,7.031250,4.199219,18790,17310,17363,17970,0.450000,-0.550000,0.300000,0.000000,1772898046407.468,0.845608,-0.019953,0.466908,0.000000,0.000000,0.000000,1.000000,position_only
2026-03-07T15:40:46.426576+00:00,1772898046426.575,0.836426,-0.017761,0.466553,0.957031,7.074219,4.175781,18880,17227,17510,17829,0.450000,-0.550000,0.300000,0.000000,1772898046424.589,0.837395,-0.017226,0.466690,0.000000,0.000000,0.000000,1.000000,position_only
2026-03-07T15:40:46.439440+00:00,1772898046439.438,0.831055,-0.016006,0.466309,0.980469,7.078125,4.152344,19096,17029,17514,17820,0.450000,-0.550000,0.300000,0.000000,1772898046433.079,0.833202,-0.015981,0.466581,0.000000,0.000000,0.000000,1.000000,position_only
2026-03-07T15:40:46.446449+00:00,1772898046446.448,0.825684,-0.014481,0.466309,1.016602,7.058594,4.132812,19163,16967,17670,17667,0.450000,-0.550000,0.300000,0.000000,1772898046441.764,0.828876,-0.014561,0.466540,0.000000,0.000000,0.000000,1.000000,position_only
2026-03-07T15:40:46.459263+00:00,1772898046459.261,0.814453,-0.011269,0.466064,1.073242,6.984375,4.109375,19049,17064,17347,18016,0.450000,-0.550000,0.300000,0.000000,1772898046458.895,0.819938,-0.011825,0.466421,0.000000,0.000000,0.000000,1.000000,position_only
2026-03-07T15:40:46.466124+00:00,1772898046466.124,0.814453,-0.011269,0.466064,1.073242,6.984375,4.109375,19063,17072,17484,17864,0.450000,-0.550000,0.300000,0.000000,1772898046458.895,0.819938,-0.011825,0.466421,0.000000,0.000000,0.000000,1.000000,position_only
2026-03-07T15:40:46.476576+00:00,1772898046476.575,0.809570,-0.009811,0.466064,1.102539,6.921875,4.093750,19071,17061,17451,17905,0.450000,-0.550000,0.300000,0.000000,1772898046475.907,0.810876,-0.009306,0.466223,0.000000,0.000000,0.000000,1.000000,position_only
2026-03-07T15:40:46.485939+00:00,1772898046485.938,0.803223,-0.008224,0.465820,1.133789,6.843750,4.074219,19176,16920,17505,17909,0.450000,-0.550000,0.300000,0.000000,1772898046484.611,0.806289,-0.008132,0.466097,0.000000,0.000000,0.000000,1.000000,position_only
2026-03-07T15:40:46.495648+00:00,1772898046495.647,0.797852,-0.006836,0.465820,1.147461,6.753906,4.062500,19144,16959,17520,17902,0.450000,-0.550000,0.300000,0.000000,1772898046493.112,0.801533,-0.006882,0.466009,0.000000,0.000000,0.000000,1.000000,position_only
2026-03-07T15:40:46.507707+00:00,1772898046507.706,0.791016,-0.005241,0.465576,1.161133,6.679688,4.042969,19037,16998,17364,18139,0.450000,-0.550000,0.300000,0.000000,1772898046501.652,0.796793,-0.005587,0.466009,0.000000,0.000000,0.000000,1.000000,position_only
2026-03-07T15:40:46.516632+00:00,1772898046516.631,0.785645,-0.003801,0.465576,1.166016,6.597656,4.019531,19036,16995,17529,17984,0.450000,-0.550000,0.300000,0.000000,1772898046510.438,0.787193,-0.003256,0.465777,0.000000,0.000000,0.000000,1.000000,position_only
2026-03-07T15:40:46.526471+00:00,1772898046526.470,0.778320,-0.002268,0.465332,1.157227,6.546875,3.994141,19079,16942,17565,17981,0.450000,-0.550000,0.300000,0.000000,1772898046519.021,0.782256,-0.002112,0.465665,0.000000,0.000000,0.000000,1.000000,position_only
2026-03-07T15:40:46.534928+00:00,1772898046534.927,0.772461,-0.000883,0.465332,1.148438,6.507812,3.984375,18843,17154,17449,18113,0.450000,-0.550000,0.300000,0.000000,1772898046527.586,0.777132,-0.000793,0.465699,0.000000,0.000000,0.000000,1.000000,position_only
2026-03-07T15:40:46.544947+00:00,1772898046544.946,0.766113,0.000448,0.465088,1.141602,6.480469,3.960938,18872,17115,17561,18006,0.450000,-0.550000,0.300000,0.000000,1772898046544.589,0.766780,0.001444,0.465647,0.000000,0.000000,0.000000,1.000000,position_only
2026-03-07T15:40:46.556607+00:00,1772898046556.606,0.758789,0.001959,0.465088,1.135742,6.457031,3.929688,18851,17143,17416,18156,0.450000,-0.550000,0.300000,0.000000,1772898046553.378,0.761748,0.002551,0.465542,0.000000,0.000000,0.000000,1.000000,position_only
2026-03-07T15:40:46.566109+00:00,1772898046566.108,0.751953,0.003284,0.464844,1.133789,6.429688,3.904297,18844,17166,17533,18018,0.450000,-0.550000,0.300000,0.000000,1772898046561.950,0.756392,0.003621,0.465499,0.000000,0.000000,0.000000,1.000000,position_only
2026-03-07T15:40:46.578265+00:00,1772898046578.263,0.745117,0.004696,0.464844,1.141602,6.398438,3.884766,18897,17086,17465,18128,0.450000,-0.550000,0.300000,0.000000,1772898046570.552,0.751111,0.004762,0.465493,0.000000,0.000000,0.000000,1.000000,position_only
2026-03-07T15:40:46.586582+00:00,1772898046586.581,0.738770,0.005917,0.464844,1.151367,6.359375,3.863281,18864,17165,17507,18039,0.450000,-0.550000,0.300000,0.000000,1772898046579.375,0.745827,0.005812,0.465412,0.000000,0.000000,0.000000,1.000000,position_only
2026-03-07T15:40:46.597042+00:00,1772898046597.041,0.730957,0.007301,0.464844,1.168945,6.347656,3.832031,18781,17203,17293,18313,0.450000,-0.550000,0.300000,0.000000,1772898046596.318,0.734903,0.007860,0.465400,0.000000,0.000000,0.000000,1.000000,position_only
2026-03-07T15:40:46.606034+00:00,1772898046606.033,0.724121,0.008514,0.464844,1.178711,6.289062,3.792969,18828,17171,17389,18210,0.450000,-0.550000,0.300000,0.000000,1772898046604.765,0.729457,0.008874,0.465336,0.000000,0.000000,0.000000,1.000000,position_only
2026-03-07T15:40:46.615932+00:00,1772898046615.931,0.716309,0.009804,0.464600,1.195312,6.226562,3.763672,18819,17186,17328,18261,0.450000,-0.550000,0.300000,0.000000,1772898046613.286,0.723917,0.009886,0.465333,0.000000,0.000000,0.000000,1.000000,position_only
2026-03-07T15:40:46.626572+00:00,1772898046626.571,0.709473,0.010933,0.464600,1.210938,6.140625,3.730469,18902,17122,17322,18288,0.450000,-0.550000,0.300000,0.000000,1772898046622.001,0.718289,0.010792,0.465298,0.000000,0.000000,0.000000,1.000000,position_only
2026-03-07T15:40:46.636471+00:00,1772898046636.470,0.709961,0.010918,0.464600,1.211914,6.121094,3.736328,18919,17121,17398,18202,0.450000,-0.550000,0.300000,0.000000,1772898046630.530,0.712677,0.011730,0.465327,0.000000,0.000000,0.000000,1.000000,position_only
2026-03-07T15:40:46.645681+00:00,1772898046645.680,0.703125,0.011993,0.464600,1.238281,6.035156,3.710938,19000,17056,17344,18273,0.450000,-0.550000,0.300000,0.000000,1772898046639.052,0.706948,0.012677,0.465263,0.000000,0.000000,0.000000,1.000000,position_only
2026-03-07T15:40:46.655664+00:00,1772898046655.663,0.695801,0.013237,0.464600,1.271484,5.949219,3.685547,18799,17298,17133,18438,0.450000,-0.550000,0.300000,0.000000,1772898046647.531,0.701141,0.013634,0.465244,0.000000,0.000000,0.000000,1.000000,position_only
2026-03-07T15:40:46.666825+00:00,1772898046666.824,0.688477,0.014290,0.464600,1.312500,5.855469,3.646484,18879,17226,17351,18214,0.450000,-0.550000,0.300000,0.000000,1772898046664.708,0.689527,0.015444,0.465223,0.000000,0.000000,0.000000,1.000000,position_only
2026-03-07T15:40:46.676602+00:00,1772898046676.601,0.680664,0.015404,0.464600,1.362305,5.757812,3.609375,19021,17119,17398,18165,0.450000,-0.550000,0.300000,0.000000,1772898046673.294,0.683578,0.016343,0.465236,0.000000,0.000000,0.000000,1.000000,position_only
2026-03-07T15:40:46.686413+00:00,1772898046686.413,0.673828,0.016373,0.464600,1.419922,5.664062,3.583984,18913,17206,17270,18286,0.450000,-0.550000,0.300000,0.000000,1772898046681.805,0.677598,0.017307,0.465305,0.000000,0.000000,0.000000,1.000000,position_only
2026-03-07T15:40:46.695713+00:00,1772898046695.712,0.664551,0.017578,0.464600,1.487305,5.566406,3.546875,18862,17266,17191,18390,0.450000,-0.550000,0.300000,0.000000,1772898046690.292,0.671596,0.018085,0.465291,0.000000,0.000000,0.000000,1.000000,position_only
2026-03-07T15:40:46.706591+00:00,1772898046706.590,0.656738,0.018631,0.464600,1.554688,5.437500,3.511719,18910,17250,17238,18295,0.450000,-0.550000,0.300000,0.000000,1772898046698.823,0.665620,0.018928,0.465299,0.000000,0.000000,0.000000,1.000000,position_only
2026-03-07T15:40:46.716591+00:00,1772898046716.590,0.649414,0.019531,0.464600,1.623047,5.320312,3.478516,19108,17005,17307,18304,0.450000,-0.550000,0.300000,0.000000,1772898046716.062,0.653375,0.020575,0.465385,0.000000,0.000000,0.000000,1.000000,position_only
2026-03-07T15:40:46.726444+00:00,1772898046726.444,0.641602,0.020462,0.464600,1.689453,5.175781,3.455078,18994,17112,17240,18362,0.450000,-0.550000,0.300000,0.000000,1772898046724.531,0.647267,0.021334,0.465396,0.000000,0.000000,0.000000,1.000000,position_only
2026-03-07T15:40:46.735686+00:00,1772898046735.686,0.633789,0.021332,0.464600,1.741211,5.046875,3.427734,19005,17130,17352,18198,0.450000,-0.550000,0.300000,0.000000,1772898046733.036,0.641084,0.022136,0.465418,0.000000,0.000000,0.000000,1.000000,position_only
2026-03-07T15:40:46.749311+00:00,1772898046749.311,0.625488,0.022247,0.464600,1.803711,4.925781,3.404297,18952,17103,17249,18421,0.450000,-0.550000,0.300000,0.000000,1772898046741.713,0.634884,0.022876,0.465393,0.000000,0.000000,0.000000,1.000000,position_only
2026-03-07T15:40:46.757162+00:00,1772898046757.161,0.617676,0.023026,0.464844,1.845703,4.792969,3.376953,18947,17129,17342,18300,0.450000,-0.550000,0.300000,0.000000,1772898046750.380,0.628609,0.023567,0.465428,0.000000,0.000000,0.000000,1.000000,position_only
2026-03-07T15:40:46.766485+00:00,1772898046766.484,0.609375,0.023849,0.464844,1.892578,4.660156,3.347656,19005,17081,17338,18347,0.450000,-0.550000,0.300000,0.000000,1772898046758.929,0.622315,0.024287,0.465479,0.000000,0.000000,0.000000,1.000000,position_only
2026-03-07T15:40:46.775435+00:00,1772898046775.435,0.602539,0.024612,0.465088,1.939453,4.527344,3.328125,18995,17100,17325,18325,0.450000,-0.550000,0.300000,0.000000,1772898046767.426,0.616011,0.024935,0.465559,0.000000,0.000000,0.000000,1.000000,position_only
2026-03-07T15:40:46.788426+00:00,1772898046788.426,0.593750,0.025375,0.465088,1.994141,4.394531,3.296875,18974,17135,17255,18433,0.450000,-0.550000,0.300000,0.000000,1772898046784.414,0.603194,0.026220,0.465744,0.000000,0.000000,0.000000,1.000000,position_only
2026-03-07T15:40:46.796675+00:00,1772898046796.675,0.585938,0.026031,0.465088,2.052734,4.273438,3.269531,19019,17108,17364,18285,0.450000,-0.550000,0.300000,0.000000,1772898046793.162,0.596738,0.026845,0.465847,0.000000,0.000000,0.000000,1.000000,position_only
2026-03-07T15:40:46.807891+00:00,1772898046807.891,0.586426,0.026093,0.465332,2.050781,4.250000,3.273438,18952,17175,17223,18421,0.450000,-0.550000,0.300000,0.000000,1772898046801.646,0.590288,0.027527,0.465928,0.000000,0.000000,0.000000,1.000000,position_only
2026-03-07T15:40:46.817584+00:00,1772898046817.584,0.578125,0.026764,0.465332,2.117188,4.113281,3.248047,19082,17101,17228,18408,0.450000,-0.550000,0.300000,0.000000,1772898046810.153,0.583889,0.027943,0.466025,0.000000,0.000000,0.000000,1.000000,position_only
2026-03-07T15:40:46.826868+00:00,1772898046826.868,0.570801,0.027435,0.465576,2.187500,3.966797,3.220703,19044,17118,17143,18491,0.450000,-0.550000,0.300000,0.000000,1772898046819.005,0.570844,0.028977,0.466196,0.000000,0.000000,0.000000,1.000000,position_only
2026-03-07T15:40:46.836689+00:00,1772898046836.688,0.561523,0.028076,0.465576,2.269531,3.826172,3.189453,19150,17045,17216,18443,0.450000,-0.550000,0.300000,0.000000,1772898046836.103,0.557507,0.030064,0.466457,0.000000,0.000000,0.000000,1.000000,position_only
2026-03-07T15:40:46.847562+00:00,1772898046847.561,0.553223,0.028625,0.465820,2.349609,3.675781,3.158203,19214,16968,17388,18252,0.450000,-0.550000,0.300000,0.000000,1772898046844.588,0.551003,0.030412,0.466605,0.000000,0.000000,0.000000,1.000000,position_only
2026-03-07T15:40:46.860323+00:00,1772898046860.322,0.544922,0.029114,0.466064,2.427734,3.535156,3.138672,19110,17088,17185,18499,0.450000,-0.550000,0.300000,0.000000,1772898046853.620,0.544357,0.030827,0.466782,0.000000,0.000000,0.000000,1.000000,position_only
2026-03-07T15:40:46.866438+00:00,1772898046866.437,0.536133,0.029602,0.466309,2.509766,3.367188,3.119141,19024,17199,17157,18470,0.450000,-0.550000,0.300000,0.000000,1772898046862.140,0.537715,0.031233,0.466956,0.000000,0.000000,0.000000,1.000000,position_only
2026-03-07T15:40:46.880011+00:00,1772898046880.010,0.527832,0.030014,0.466309,2.593750,3.214844,3.093750,19082,17074,17203,18527,0.450000,-0.550000,0.300000,0.000000,1772898046879.476,0.524382,0.031894,0.467288,0.000000,0.000000,0.000000,1.000000,position_only
2026-03-07T15:40:46.886074+00:00,1772898046886.074,0.518555,0.030426,0.466553,2.683594,3.076172,3.062500,19131,17054,17338,18325,0.450000,-0.550000,0.300000,0.000000,1772898046879.476,0.524382,0.031894,0.467288,0.000000,0.000000,0.000000,1.000000,position_only
2026-03-07T15:40:46.896749+00:00,1772898046896.749,0.509277,0.030884,0.467041,2.767578,2.896484,3.039062,19099,17023,17406,18271,0.450000,-0.550000,0.300000,0.000000,1772898046896.448,0.510893,0.032542,0.467713,0.000000,0.000000,0.000000,1.000000,position_only
2026-03-07T15:40:46.906616+00:00,1772898046906.615,0.499512,0.031189,0.467285,2.835938,2.765625,3.015625,18919,17237,17100,18599,0.450000,-0.550000,0.300000,0.000000,1772898046904.999,0.504196,0.032686,0.467886,0.000000,0.000000,0.000000,1.000000,position_only
2026-03-07T15:40:46.916459+00:00,1772898046916.459,0.490967,0.031403,0.467529,2.904297,2.619141,2.982422,18949,17187,17243,18442,0.450000,-0.550000,0.300000,0.000000,1772898046913.510,0.497471,0.032881,0.468097,0.000000,0.000000,0.000000,1.000000,position_only
2026-03-07T15:40:46.928073+00:00,1772898046928.073,0.481689,0.031586,0.468018,2.972656,2.478516,2.957031,19033,17077,17346,18428,0.450000,-0.550000,0.300000,0.000000,1772898046921.997,0.490723,0.033095,0.468287,0.000000,0.000000,0.000000,1.000000,position_only
2026-03-07T15:40:46.937950+00:00,1772898046937.949,0.473389,0.031708,0.468262,3.031250,2.341797,2.937500,19102,17049,17365,18337,0.450000,-0.550000,0.300000,0.000000,1772898046930.504,0.483883,0.033227,0.468480,0.000000,0.000000,0.000000,1.000000,position_only
2026-03-07T15:40:46.946875+00:00,1772898046946.875,0.463623,0.031891,0.468506,3.103516,2.162109,2.923828,19137,17021,17476,18181,0.450000,-0.550000,0.300000,0.000000,1772898046938.982,0.477129,0.033384,0.468752,0.000000,0.000000,0.000000,1.000000,position_only
2026-03-07T15:40:46.956883+00:00,1772898046956.882,0.464111,0.032013,0.468750,3.101562,2.146484,2.927734,19081,17046,17295,18485,0.450000,-0.550000,0.300000,0.000000,1772898046955.995,0.463648,0.033496,0.469261,0.000000,0.000000,0.000000,1.000000,position_only
2026-03-07T15:40:46.967401+00:00,1772898046967.401,0.446045,0.031891,0.469238,3.238281,1.850586,2.888672,18908,17198,17175,18584,0.450000,-0.550000,0.300000,0.000000,1772898046964.529,0.456952,0.033608,0.469441,0.000000,0.000000,0.000000,1.000000,position_only
2026-03-07T15:40:46.978097+00:00,1772898046978.096,0.446777,0.032013,0.469238,3.236328,1.826172,2.894531,19071,17051,17330,18465,0.450000,-0.550000,0.300000,0.000000,1772898046973.002,0.450138,0.033607,0.469731,0.000000,0.000000,0.000000,1.000000,position_only
2026-03-07T15:40:46.988655+00:00,1772898046988.655,0.437988,0.031921,0.469727,3.294922,1.648438,2.869141,19038,17065,17318,18448,0.450000,-0.550000,0.300000,0.000000,1772898046981.529,0.443271,0.033528,0.470072,0.000000,0.000000,0.000000,1.000000,position_only
2026-03-07T15:40:46.996132+00:00,1772898046996.132,0.421143,0.031586,0.470459,3.396484,1.324219,2.830078,19046,16997,17329,18549,0.450000,-0.550000,0.300000,0.000000,1772898046990.095,0.436510,0.033446,0.470356,0.000000,0.000000,0.000000,1.000000,position_only
2026-03-07T15:40:47.006852+00:00,1772898047006.852,0.421631,0.031708,0.470459,3.394531,1.305664,2.835938,19076,17070,17287,18473,0.450000,-0.550000,0.300000,0.000000,1772898046998.530,0.429845,0.033334,0.470643,0.000000,0.000000,0.000000,1.000000,position_only
2026-03-07T15:40:47.016749+00:00,1772898047016.749,0.412598,0.031464,0.470947,3.453125,1.109375,2.818359,19065,17024,17362,18414,0.450000,-0.550000,0.300000,0.000000,1772898047015.586,0.416227,0.033107,0.471370,0.000000,0.000000,0.000000,1.000000,position_only
2026-03-07T15:40:47.026675+00:00,1772898047026.675,0.404785,0.031189,0.471436,3.509766,0.925293,2.804688,19117,16970,17412,18421,0.450000,-0.550000,0.300000,0.000000,1772898047024.113,0.409447,0.032803,0.471670,0.000000,0.000000,0.000000,1.000000,position_only
2026-03-07T15:40:47.037148+00:00,1772898047037.148,0.395996,0.030823,0.471680,3.564453,0.723633,2.794922,19245,16883,17481,18264,0.450000,-0.550000,0.300000,0.000000,1772898047032.588,0.402662,0.032564,0.471950,0.000000,0.000000,0.000000,1.000000,position_only
2026-03-07T15:40:47.047752+00:00,1772898047047.752,0.387695,0.030426,0.472168,3.619141,0.548828,2.789062,19118,16966,17258,18579,0.450000,-0.550000,0.300000,0.000000,1772898047041.135,0.395906,0.032314,0.472340,0.000000,0.000000,0.000000,1.000000,position_only
2026-03-07T15:40:47.057844+00:00,1772898047057.844,0.379395,0.030045,0.472656,3.671875,0.298828,2.783203,19106,16981,17336,18455,0.450000,-0.550000,0.300000,0.000000,1772898047049.646,0.389202,0.031925,0.472775,0.000000,0.000000,0.000000,1.000000,position_only
2026-03-07T15:40:47.066872+00:00,1772898047066.871,0.371582,0.029556,0.473145,3.724609,0.091125,2.771484,19165,16906,17366,18473,0.450000,-0.550000,0.300000,0.000000,1772898047066.668,0.375766,0.031185,0.473527,0.000000,0.000000,0.000000,1.000000,position_only
2026-03-07T15:40:47.075748+00:00,1772898047075.748,0.362793,0.028961,0.473633,3.785156,-0.145996,2.763672,19121,16932,17326,18493,0.450000,-0.550000,0.300000,0.000000,1772898047075.214,0.369167,0.030782,0.473994,0.000000,0.000000,0.000000,1.000000,position_only
2026-03-07T15:40:47.087303+00:00,1772898047087.302,0.354736,0.028320,0.474121,3.835938,-0.348633,2.750000,19080,17004,17297,18452,0.450000,-0.550000,0.300000,0.000000,1772898047083.701,0.362487,0.030212,0.474422,0.000000,0.000000,0.000000,1.000000,position_only
2026-03-07T15:40:47.097807+00:00,1772898047097.806,0.347168,0.027771,0.474854,3.882812,-0.562988,2.742188,19092,16942,17370,18480,0.450000,-0.550000,0.300000,0.000000,1772898047092.179,0.355894,0.029686,0.474809,0.000000,0.000000,0.000000,1.000000,position_only
2026-03-07T15:40:47.106167+00:00,1772898047106.167,0.337891,0.026794,0.475342,3.937500,-0.749512,2.724609,19040,16987,17310,18500,0.450000,-0.550000,0.300000,0.000000,1772898047100.687,0.349218,0.029108,0.475218,0.000000,0.000000,0.000000,1.000000,position_only
2026-03-07T15:40:47.116247+00:00,1772898047116.247,0.331055,0.026199,0.475830,3.968750,-0.982422,2.726562,19114,16877,17497,18403,0.450000,-0.550000,0.300000,0.000000,1772898047109.180,0.342600,0.028600,0.475756,0.000000,0.000000,0.000000,1.000000,position_only
2026-03-07T15:40:47.127490+00:00,1772898047127.489,0.322754,0.025299,0.476562,4.007812,-1.188477,2.724609,19098,16841,17453,18452,0.450000,-0.550000,0.300000,0.000000,1772898047126.438,0.329533,0.027211,0.476720,0.000000,0.000000,0.000000,1.000000,position_only
2026-03-07T15:40:47.138890+00:00,1772898047138.890,0.314941,0.024353,0.477051,4.023438,-1.378906,2.720703,19016,16875,17419,18552,0.450000,-0.550000,0.300000,0.000000,1772898047135.033,0.323068,0.026503,0.477170,0.000000,0.000000,0.000000,1.000000,position_only
2026-03-07T15:40:47.146663+00:00,1772898047146.663,0.306396,0.023254,0.477783,4.042969,-1.590820,2.714844,19001,16890,17341,18578,0.450000,-0.550000,0.300000,0.000000,1772898047143.517,0.316566,0.025777,0.477725,0.000000,0.000000,0.000000,1.000000,position_only
2026-03-07T15:40:47.157800+00:00,1772898047157.798,0.298828,0.022247,0.478271,4.054688,-1.791992,2.710938,19002,16908,17389,18456,0.450000,-0.550000,0.300000,0.000000,1772898047152.387,0.303690,0.024132,0.478760,0.000000,0.000000,0.000000,1.000000,position_only
2026-03-07T15:40:47.168918+00:00,1772898047168.917,0.290527,0.021149,0.479004,4.070312,-1.996094,2.710938,19075,16803,17585,18361,0.450000,-0.550000,0.300000,0.000000,1772898047160.878,0.297318,0.023293,0.479278,0.000000,0.000000,0.000000,1.000000,position_only
2026-03-07T15:40:47.177704+00:00,1772898047177.703,0.283203,0.020020,0.479736,4.101562,-2.150391,2.714844,19012,16898,17490,18320,0.450000,-0.550000,0.300000,0.000000,1772898047169.964,0.290932,0.022432,0.479828,0.000000,0.000000,0.000000,1.000000,position_only
2026-03-07T15:40:47.186450+00:00,1772898047186.450,0.275146,0.018723,0.480469,4.132812,-2.277344,2.710938,18959,16854,17590,18330,0.450000,-0.550000,0.300000,0.000000,1772898047178.560,0.284627,0.021420,0.480426,0.000000,0.000000,0.000000,1.000000,position_only
2026-03-07T15:40:47.198690+00:00,1772898047198.689,0.266602,0.017242,0.481201,4.160156,-2.421875,2.708984,18985,16854,17623,18266,0.450000,-0.550000,0.300000,0.000000,1772898047195.604,0.272013,0.019406,0.481612,0.000000,0.000000,0.000000,1.000000,position_only
2026-03-07T15:40:47.208447+00:00,1772898047208.446,0.259033,0.015884,0.481934,4.195312,-2.550781,2.705078,18873,16967,17581,18234,0.450000,-0.550000,0.300000,0.000000,1772898047204.237,0.265817,0.018334,0.482132,0.000000,0.000000,0.000000,1.000000,position_only
2026-03-07T15:40:47.219166+00:00,1772898047219.165,0.259521,0.016052,0.481934,4.191406,-2.564453,2.714844,18894,16932,17529,18304,0.450000,-0.550000,0.300000,0.000000,1772898047212.702,0.259699,0.017258,0.482742,0.000000,0.000000,0.000000,1.000000,position_only
2026-03-07T15:40:47.228316+00:00,1772898047228.316,0.251465,0.014633,0.482910,4.238281,-2.718750,2.714844,19018,16899,17569,18116,0.450000,-0.550000,0.300000,0.000000,1772898047221.200,0.253638,0.016075,0.483345,0.000000,0.000000,0.000000,1.000000,position_only
2026-03-07T15:40:47.238142+00:00,1772898047238.141,0.243774,0.012985,0.483643,4.296875,-2.853516,2.703125,18919,16931,17629,18128,0.450000,-0.550000,0.300000,0.000000,1772898047229.700,0.247556,0.014847,0.483962,0.000000,0.000000,0.000000,1.000000,position_only
2026-03-07T15:40:47.248321+00:00,1772898047248.320,0.235962,0.011398,0.484375,4.359375,-3.005859,2.714844,18983,16881,17554,18131,0.450000,-0.550000,0.300000,0.000000,1772898047246.774,0.235558,0.012298,0.485241,0.000000,0.000000,0.000000,1.000000,position_only
2026-03-07T15:40:47.257020+00:00,1772898047257.019,0.228760,0.009804,0.485107,4.421875,-3.156250,2.720703,18964,16815,17644,18121,0.450000,-0.550000,0.300000,0.000000,1772898047255.410,0.229697,0.011029,0.485897,0.000000,0.000000,0.000000,1.000000,position_only
2026-03-07T15:40:47.266939+00:00,1772898047266.939,0.221191,0.008011,0.486084,4.488281,-3.332031,2.732422,18969,16838,17562,18129,0.450000,-0.550000,0.300000,0.000000,1772898047263.922,0.223810,0.009613,0.486523,0.000000,0.000000,0.000000,1.000000,position_only
2026-03-07T15:40:47.278276+00:00,1772898047278.275,0.213867,0.006199,0.486816,4.539062,-3.509766,2.740234,18935,16757,17584,18197,0.450000,-0.550000,0.300000,0.000000,1772898047272.428,0.217967,0.008161,0.487182,0.000000,0.000000,0.000000,1.000000,position_only
2026-03-07T15:40:47.288296+00:00,1772898047288.295,0.206787,0.004349,0.487549,4.585938,-3.687500,2.738281,18812,16926,17400,18294,0.450000,-0.550000,0.300000,0.000000,1772898047280.925,0.212181,0.006810,0.487859,0.000000,0.000000,0.000000,1.000000,position_only
2026-03-07T15:40:47.297618+00:00,1772898047297.618,0.199585,0.002476,0.488525,4.636719,-3.927734,2.751953,18823,16928,17300,18323,0.450000,-0.550000,0.300000,0.000000,1772898047289.476,0.206547,0.005286,0.488574,0.000000,0.000000,0.000000,1.000000,position_only
2026-03-07T15:40:47.307025+00:00,1772898047307.024,0.192993,0.000589,0.489258,4.679688,-4.160156,2.753906,18902,16770,17425,18248,0.450000,-0.550000,0.300000,0.000000,1772898047306.530,0.195368,0.002087,0.489776,0.000000,0.000000,0.000000,1.000000,position_only
2026-03-07T15:40:47.316214+00:00,1772898047316.214,0.185913,-0.001539,0.490234,4.726562,-4.433594,2.761719,18879,16790,17365,18264,0.450000,-0.550000,0.300000,0.000000,1772898047315.100,0.189841,0.000484,0.490499,0.000000,0.000000,0.000000,1.000000,position_only
2026-03-07T15:40:47.328642+00:00,1772898047328.642,0.179199,-0.003662,0.490967,4.765625,-4.667969,2.761719,18828,16757,17357,18320,0.450000,-0.550000,0.300000,0.000000,1772898047323.656,0.184341,-0.001205,0.491158,0.000000,0.000000,0.000000,1.000000,position_only
2026-03-07T15:40:47.337764+00:00,1772898047337.764,0.171997,-0.006062,0.491943,4.800781,-4.941406,2.767578,18897,16725,17478,18113,0.450000,-0.550000,0.300000,0.000000,1772898047332.188,0.178917,-0.002910,0.491793,0.000000,0.000000,0.000000,1.000000,position_only
2026-03-07T15:40:47.346309+00:00,1772898047346.309,0.165649,-0.008247,0.492676,4.835938,-5.183594,2.777344,18990,16595,17477,18099,0.450000,-0.550000,0.300000,0.000000,1772898047340.711,0.173603,-0.004703,0.492475,0.000000,0.000000,0.000000,1.000000,position_only
2026-03-07T15:40:47.358202+00:00,1772898047358.201,0.159668,-0.010399,0.493652,4.843750,-5.492188,2.812500,18871,16599,17504,18137,0.450000,-0.550000,0.300000,0.000000,1772898047357.709,0.163172,-0.008350,0.493847,0.000000,0.000000,0.000000,1.000000,position_only
2026-03-07T15:40:47.367599+00:00,1772898047367.598,0.153320,-0.012802,0.494385,4.859375,-5.738281,2.816406,18830,16655,17422,18168,0.450000,-0.550000,0.300000,0.000000,1772898047366.186,0.158036,-0.010254,0.494513,0.000000,0.000000,0.000000,1.000000,position_only
2026-03-07T15:40:47.377443+00:00,1772898047377.442,0.146606,-0.015503,0.495361,4.863281,-6.011719,2.820312,18676,16676,17345,18325,0.450000,-0.550000,0.300000,0.000000,1772898047374.702,0.153003,-0.012124,0.495175,0.000000,0.000000,0.000000,1.000000,position_only
2026-03-07T15:40:47.388810+00:00,1772898047388.809,0.140869,-0.017960,0.496094,4.859375,-6.281250,2.822266,18785,16544,17484,18175,0.450000,-0.550000,0.300000,0.000000,1772898047383.260,0.148047,-0.014156,0.495811,0.000000,0.000000,0.000000,1.000000,position_only
2026-03-07T15:40:47.399430+00:00,1772898047399.429,0.134644,-0.020721,0.497070,4.839844,-6.558594,2.837891,18753,16497,17658,18020,0.450000,-0.550000,0.300000,0.000000,1772898047391.706,0.143133,-0.016125,0.496443,0.000000,0.000000,0.000000,1.000000,position_only
2026-03-07T15:40:47.408924+00:00,1772898047408.923,0.135254,-0.020370,0.497070,4.832031,-6.574219,2.855469,18638,16551,17593,18150,0.450000,-0.550000,0.300000,0.000000,1772898047408.732,0.133704,-0.020378,0.497696,0.000000,0.000000,0.000000,1.000000,position_only
2026-03-07T15:40:47.417435+00:00,1772898047417.435,0.123779,-0.025833,0.498535,4.773438,-7.027344,2.890625,18592,16564,17561,18196,0.450000,-0.550000,0.300000,0.000000,1772898047417.216,0.129040,-0.022433,0.498358,0.000000,0.000000,0.000000,1.000000,position_only
2026-03-07T15:40:47.429615+00:00,1772898047429.614,0.118469,-0.028534,0.499512,4.738281,-7.218750,2.896484,18493,16621,17638,18086,0.450000,-0.550000,0.300000,0.000000,1772898047425.710,0.124484,-0.024572,0.499012,0.000000,0.000000,0.000000,1.000000,position_only
2026-03-07T15:40:47.437991+00:00,1772898047437.990,0.118896,-0.028244,0.499268,4.730469,-7.234375,2.912109,18542,16569,17723,18007,0.450000,-0.550000,0.300000,0.000000,1772898047434.402,0.119944,-0.026865,0.499651,0.000000,0.000000,0.000000,1.000000,position_only
2026-03-07T15:40:47.446689+00:00,1772898047446.688,0.113342,-0.031219,0.500000,4.687500,-7.425781,2.927734,18322,16670,17672,18095,0.450000,-0.550000,0.300000,0.000000,1772898047442.874,0.115532,-0.029156,0.500280,0.000000,0.000000,0.000000,1.000000,position_only
2026-03-07T15:40:47.459327+00:00,1772898047459.326,0.108704,-0.033752,0.500977,4.648438,-7.589844,2.949219,18400,16680,17754,17906,0.450000,-0.550000,0.300000,0.000000,1772898047451.541,0.111270,-0.031372,0.500925,0.000000,0.000000,0.000000,1.000000,position_only
2026-03-07T15:40:47.467936+00:00,1772898047467.936,0.103271,-0.036957,0.501465,4.617188,-7.734375,2.949219,18352,16610,17856,17832,0.450000,-0.550000,0.300000,0.000000,1772898047460.066,0.107039,-0.033698,0.501556,0.000000,0.000000,0.000000,1.000000,position_only
2026-03-07T15:40:47.477441+00:00,1772898047477.441,0.098572,-0.039856,0.502441,4.609375,-7.843750,2.962891,18433,16619,17832,17752,0.450000,-0.550000,0.300000,0.000000,1772898047477.254,0.094812,-0.041217,0.503407,0.000000,0.000000,0.000000,1.000000,position_only
2026-03-07T15:40:47.486643+00:00,1772898047486.642,0.093323,-0.043274,0.503418,4.617188,-7.957031,2.968750,18378,16747,17732,17774,0.450000,-0.550000,0.300000,0.000000,1772898047485.776,0.094812,-0.041217,0.503407,0.000000,0.000000,0.000000,1.000000,position_only
2026-03-07T15:40:47.498229+00:00,1772898047498.229,0.089050,-0.046204,0.503906,4.628906,-8.054688,2.984375,18364,16697,17799,17696,0.450000,-0.550000,0.300000,0.000000,1772898047494.254,0.087358,-0.046208,0.504595,0.000000,0.000000,0.000000,1.000000,position_only
2026-03-07T15:40:47.508713+00:00,1772898047508.713,0.083862,-0.049866,0.504883,4.671875,-8.156250,2.980469,18383,16769,17623,17758,0.450000,-0.550000,0.300000,0.000000,1772898047502.702,0.083634,-0.048853,0.505104,0.000000,0.000000,0.000000,1.000000,position_only
2026-03-07T15:40:47.518170+00:00,1772898047518.170,0.079468,-0.053314,0.505371,4.726562,-8.281250,2.972656,18287,16752,17645,17744,0.450000,-0.550000,0.300000,0.000000,1772898047511.178,0.080098,-0.051432,0.505638,0.000000,0.000000,0.000000,1.000000,position_only
2026-03-07T15:40:47.528799+00:00,1772898047528.798,0.075317,-0.056519,0.505859,4.773438,-8.421875,2.980469,18245,16821,17460,17898,0.450000,-0.550000,0.300000,0.000000,1772898047528.458,0.073327,-0.056863,0.506643,0.000000,0.000000,0.000000,1.000000,position_only
2026-03-07T15:40:47.538893+00:00,1772898047538.892,0.070984,-0.060211,0.506836,4.824219,-8.609375,2.976562,18317,16683,17633,17692,0.450000,-0.550000,0.300000,0.000000,1772898047536.933,0.069965,-0.059634,0.507168,0.000000,0.000000,0.000000,1.000000,position_only
2026-03-07T15:40:47.548138+00:00,1772898047548.137,0.067200,-0.063538,0.507324,4.882812,-8.789062,2.988281,18388,16612,17622,17719,0.450000,-0.550000,0.300000,0.000000,1772898047545.468,0.066827,-0.062364,0.507679,0.000000,0.000000,0.000000,1.000000,position_only
2026-03-07T15:40:47.557719+00:00,1772898047557.718,0.062988,-0.067566,0.507812,4.933594,-9.007812,2.984375,18478,16577,17541,17776,0.450000,-0.550000,0.300000,0.000000,1772898047554.348,0.063780,-0.065258,0.508148,0.000000,0.000000,0.000000,1.000000,position_only
2026-03-07T15:40:47.570926+00:00,1772898047570.926,0.059418,-0.071167,0.508301,4.964844,-9.226562,2.990234,18364,16582,17613,17727,0.450000,-0.550000,0.300000,0.000000,1772898047562.833,0.060827,-0.068187,0.508532,0.000000,0.000000,0.000000,1.000000,position_only
2026-03-07T15:40:47.578468+00:00,1772898047578.468,0.055695,-0.075195,0.509277,5.003906,-9.484375,3.000000,18549,16420,17680,17666,0.450000,-0.550000,0.300000,0.000000,1772898047571.328,0.057929,-0.071153,0.508955,0.000000,0.000000,0.000000,1.000000,position_only
2026-03-07T15:40:47.587961+00:00,1772898047587.960,0.052765,-0.078491,0.509277,5.015625,-9.726562,3.041016,18372,16487,17708,17662,0.450000,-0.550000,0.300000,0.000000,1772898047579.943,0.055330,-0.074046,0.509387,0.000000,0.000000,0.000000,1.000000,position_only
2026-03-07T15:40:47.597855+00:00,1772898047597.854,0.049347,-0.082764,0.509766,5.042969,-9.968750,3.046875,18244,16646,17441,17947,0.450000,-0.550000,0.300000,0.000000,1772898047597.460,0.050117,-0.080209,0.510118,0.000000,0.000000,0.000000,1.000000,position_only
2026-03-07T15:40:47.607039+00:00,1772898047607.039,0.046448,-0.086670,0.510254,5.039062,-10.234375,3.041016,18198,16535,17669,17806,0.450000,-0.550000,0.300000,0.000000,1772898047605.943,0.047770,-0.083239,0.510514,0.000000,0.000000,0.000000,1.000000,position_only
2026-03-07T15:40:47.618944+00:00,1772898047618.943,0.043793,-0.090515,0.510742,5.027344,-10.476562,3.050781,18327,16485,17681,17743,0.450000,-0.550000,0.300000,0.000000,1772898047614.671,0.045471,-0.086420,0.510861,0.000000,0.000000,0.000000,1.000000,position_only
2026-03-07T15:40:47.630911+00:00,1772898047630.910,0.041077,-0.094849,0.510742,5.011719,-10.734375,3.070312,18116,16490,17717,17851,0.450000,-0.550000,0.300000,0.000000,1772898047623.323,0.043262,-0.089652,0.511116,0.000000,0.000000,0.000000,1.000000,position_only
2026-03-07T15:40:47.639217+00:00,1772898047639.217,0.041229,-0.094421,0.510742,5.003906,-10.734375,3.089844,18040,16531,17662,17923,0.450000,-0.550000,0.300000,0.000000,1772898047631.825,0.041290,-0.092820,0.511358,0.000000,0.000000,0.000000,1.000000,position_only
2026-03-07T15:40:47.648760+00:00,1772898047648.760,0.039032,-0.098267,0.511230,4.960938,-10.984375,3.107422,18092,16546,17635,17935,0.450000,-0.550000,0.300000,0.000000,1772898047640.336,0.039307,-0.096093,0.511608,0.000000,0.000000,0.000000,1.000000,position_only
2026-03-07T15:40:47.658692+00:00,1772898047658.691,0.034729,-0.106934,0.511719,4.871094,-11.468750,3.111328,18076,16470,17797,17825,0.450000,-0.550000,0.300000,0.000000,1772898047657.590,0.035855,-0.102682,0.511982,0.000000,0.000000,0.000000,1.000000,position_only
2026-03-07T15:40:47.670160+00:00,1772898047670.160,0.034821,-0.106628,0.511719,4.863281,-11.468750,3.126953,18100,16492,17775,17799,0.450000,-0.550000,0.300000,0.000000,1772898047666.166,0.034273,-0.106036,0.512170,0.000000,0.000000,0.000000,1.000000,position_only
2026-03-07T15:40:47.677704+00:00,1772898047677.704,0.032959,-0.111084,0.511719,4.812500,-11.703125,3.142578,18066,16393,18023,17614,0.450000,-0.550000,0.300000,0.000000,1772898047674.650,0.032807,-0.109482,0.512315,0.000000,0.000000,0.000000,1.000000,position_only
2026-03-07T15:40:47.689755+00:00,1772898047689.755,0.031525,-0.114990,0.511719,4.769531,-11.906250,3.171875,18071,16488,17856,17702,0.450000,-0.550000,0.300000,0.000000,1772898047683.273,0.031541,-0.112898,0.512386,0.000000,0.000000,0.000000,1.000000,position_only
2026-03-07T15:40:47.699333+00:00,1772898047699.332,0.030029,-0.119934,0.511719,4.750000,-12.101562,3.179688,18157,16474,17848,17699,0.450000,-0.550000,0.300000,0.000000,1772898047691.826,0.030336,-0.116465,0.512446,0.000000,0.000000,0.000000,1.000000,position_only
2026-03-07T15:40:47.709005+00:00,1772898047709.005,0.028946,-0.124023,0.511719,4.710938,-12.296875,3.201172,18110,16447,17976,17562,0.450000,-0.550000,0.300000,0.000000,1772898047700.445,0.029274,-0.120031,0.512488,0.000000,0.000000,0.000000,1.000000,position_only
2026-03-07T15:40:47.718171+00:00,1772898047718.171,0.028046,-0.128296,0.511719,4.699219,-12.460938,3.220703,18091,16526,17889,17650,0.450000,-0.550000,0.300000,0.000000,1772898047717.615,0.027531,-0.127162,0.512488,0.000000,0.000000,0.000000,1.000000,position_only
2026-03-07T15:40:47.728940+00:00,1772898047728.940,0.027298,-0.132935,0.511719,4.683594,-12.640625,3.240234,17964,16567,17997,17550,0.450000,-0.550000,0.300000,0.000000,1772898047726.390,0.026836,-0.130759,0.512578,0.000000,0.000000,0.000000,1.000000,position_only
2026-03-07T15:40:47.739498+00:00,1772898047739.497,0.026825,-0.137207,0.511719,4.675781,-12.796875,3.257812,18071,16540,18066,17465,0.450000,-0.550000,0.300000,0.000000,1772898047734.900,0.026388,-0.134424,0.512462,0.000000,0.000000,0.000000,1.000000,position_only
2026-03-07T15:40:47.751164+00:00,1772898047751.164,0.026520,-0.142334,0.511719,4.679688,-12.921875,3.265625,17931,16642,18248,17264,0.450000,-0.550000,0.300000,0.000000,1772898047743.402,0.025842,-0.138201,0.512382,0.000000,0.000000,0.000000,1.000000,position_only
2026-03-07T15:40:47.758415+00:00,1772898047758.415,0.026443,-0.146851,0.511230,4.703125,-12.992188,3.279297,17896,16773,18070,17416,0.450000,-0.550000,0.300000,0.000000,1772898047751.915,0.025588,-0.141953,0.512275,0.000000,0.000000,0.000000,1.000000,position_only
2026-03-07T15:40:47.767092+00:00,1772898047767.092,0.026611,-0.151855,0.511230,4.734375,-13.046875,3.287109,18020,16769,18094,17352,0.450000,-0.550000,0.300000,0.000000,1772898047760.622,0.025393,-0.149572,0.512017,0.000000,0.000000,0.000000,1.000000,position_only
2026-03-07T15:40:47.778326+00:00,1772898047778.325,0.026855,-0.156494,0.510742,4.761719,-13.085938,3.298828,17842,16828,18167,17343,0.450000,-0.550000,0.300000,0.000000,1772898047777.852,0.025784,-0.157259,0.511609,0.000000,0.000000,0.000000,1.000000,position_only
2026-03-07T15:40:47.788836+00:00,1772898047788.836,0.027496,-0.161987,0.510742,4.800781,-13.132812,3.285156,17857,16965,17991,17463,0.450000,-0.550000,0.300000,0.000000,1772898047786.532,0.026250,-0.161214,0.511317,0.000000,0.000000,0.000000,1.000000,position_only
2026-03-07T15:40:47.798190+00:00,1772898047798.189,0.028290,-0.166992,0.510254,4.843750,-13.171875,3.265625,17742,17010,18108,17386,0.450000,-0.550000,0.300000,0.000000,1772898047795.068,0.026250,-0.161214,0.511317,0.000000,0.000000,0.000000,1.000000,position_only
2026-03-07T15:40:47.807163+00:00,1772898047807.163,0.029251,-0.171753,0.509766,4.882812,-13.210938,3.265625,17918,16932,18102,17380,0.450000,-0.550000,0.300000,0.000000,1772898047803.602,0.027339,-0.169313,0.510705,0.000000,0.000000,0.000000,1.000000,position_only
2026-03-07T15:40:47.819010+00:00,1772898047819.010,0.030426,-0.176758,0.509277,4.929688,-13.250000,3.263672,17994,16812,18372,17155,0.450000,-0.550000,0.300000,0.000000,1772898047812.195,0.028148,-0.173347,0.510327,0.000000,0.000000,0.000000,1.000000,position_only
2026-03-07T15:40:47.828312+00:00,1772898047828.311,0.031799,-0.181763,0.508789,4.984375,-13.296875,3.277344,18010,16840,18223,17347,0.450000,-0.550000,0.300000,0.000000,1772898047821.026,0.029023,-0.177424,0.509973,0.000000,0.000000,0.000000,1.000000,position_only
2026-03-07T15:40:47.838197+00:00,1772898047838.197,0.033112,-0.186401,0.508301,5.000000,-13.359375,3.306641,18046,16875,18126,17461,0.450000,-0.550000,0.300000,0.000000,1772898047838.031,0.031290,-0.185913,0.509060,0.000000,0.000000,0.000000,1.000000,position_only
2026-03-07T15:40:47.849736+00:00,1772898047849.736,0.034943,-0.191772,0.507812,5.027344,-13.453125,3.298828,18042,16782,18395,17303,0.450000,-0.550000,0.300000,0.000000,1772898047846.588,0.032724,-0.189960,0.508713,0.000000,0.000000,0.000000,1.000000,position_only
2026-03-07T15:40:47.859171+00:00,1772898047859.170,0.036957,-0.197021,0.506836,5.042969,-13.539062,3.300781,18042,16845,18217,17518,0.450000,-0.550000,0.300000,0.000000,1772898047855.354,0.034237,-0.194243,0.508183,0.000000,0.000000,0.000000,1.000000,position_only
2026-03-07T15:40:47.868332+00:00,1772898047868.332,0.039154,-0.202393,0.506348,5.042969,-13.640625,3.302734,17879,16939,18326,17512,0.450000,-0.550000,0.300000,0.000000,1772898047863.884,0.035781,-0.198474,0.507689,0.000000,0.000000,0.000000,1.000000,position_only
2026-03-07T15:40:47.879573+00:00,1772898047879.573,0.041534,-0.207642,0.505371,5.035156,-13.734375,3.304688,18079,16821,18498,17368,0.450000,-0.550000,0.300000,0.000000,1772898047872.397,0.037563,-0.202835,0.507133,0.000000,0.000000,0.000000,1.000000,position_only
2026-03-07T15:40:47.887434+00:00,1772898047887.433,0.044067,-0.212891,0.504883,5.019531,-13.789062,3.322266,18135,16885,18419,17435,0.450000,-0.550000,0.300000,0.000000,1772898047880.878,0.039549,-0.207213,0.506489,0.000000,0.000000,0.000000,1.000000,position_only
2026-03-07T15:40:47.898758+00:00,1772898047898.757,0.046417,-0.217651,0.503906,4.988281,-13.820312,3.361328,17865,16976,18542,17527,0.450000,-0.550000,0.300000,0.000000,1772898047898.112,0.043640,-0.216098,0.505214,0.000000,0.000000,0.000000,1.000000,position_only
2026-03-07T15:40:47.908422+00:00,1772898047908.421,0.049469,-0.223267,0.502930,4.953125,-13.867188,3.359375,18007,16977,18529,17509,0.450000,-0.550000,0.300000,0.000000,1772898047906.826,0.046015,-0.220475,0.504529,0.000000,0.000000,0.000000,1.000000,position_only
2026-03-07T15:40:47.918164+00:00,1772898047918.164,0.052704,-0.228882,0.501953,4.917969,-13.898438,3.361328,17752,17159,18504,17688,0.450000,-0.550000,0.300000,0.000000,1772898047915.345,0.048459,-0.225013,0.503900,0.000000,0.000000,0.000000,1.000000,position_only
2026-03-07T15:40:47.930451+00:00,1772898047930.450,0.056488,-0.234985,0.500977,4.867188,-13.937500,3.349609,17849,17156,18501,17711,0.450000,-0.550000,0.300000,0.000000,1772898047923.858,0.051005,-0.229577,0.503166,0.000000,0.000000,0.000000,1.000000,position_only
2026-03-07T15:40:47.940269+00:00,1772898047940.269,0.059601,-0.239990,0.500488,4.796875,-13.945312,3.367188,17798,17169,18634,17696,0.450000,-0.550000,0.300000,0.000000,1772898047932.521,0.053687,-0.234190,0.502448,0.000000,0.000000,0.000000,1.000000,position_only
2026-03-07T15:40:47.949662+00:00,1772898047949.662,0.059601,-0.239990,0.500488,4.796875,-13.945312,3.367188,17785,17194,18665,17636,0.450000,-0.550000,0.300000,0.000000,1772898047949.549,0.059624,-0.243351,0.500894,0.000000,0.000000,0.000000,1.000000,position_only
2026-03-07T15:40:47.963551+00:00,1772898047963.550,0.067749,-0.251709,0.498047,4.707031,-13.992188,3.367188,17952,17210,18527,17785,0.450000,-0.550000,0.300000,0.000000,1772898047957.592,0.062769,-0.248085,0.500070,0.000000,0.000000,0.000000,1.000000,position_only
2026-03-07T15:40:47.971928+00:00,1772898047971.928,0.072083,-0.257568,0.497070,4.648438,-14.000000,3.378906,17843,17304,18627,17824,0.450000,-0.550000,0.300000,0.000000,1772898047966.077,0.066094,-0.252867,0.499212,0.000000,0.000000,0.000000,1.000000,position_only
2026-03-07T15:40:47.980237+00:00,1772898047980.236,0.076538,-0.263428,0.495850,4.605469,-14.015625,3.375000,18088,17163,18780,17675,0.450000,-0.550000,0.300000,0.000000,1772898047974.588,0.069546,-0.257586,0.498395,0.000000,0.000000,0.000000,1.000000,position_only
2026-03-07T15:40:47.991608+00:00,1772898047991.607,0.081604,-0.269775,0.494629,4.550781,-14.039062,3.376953,17930,17305,18827,17799,0.450000,-0.550000,0.300000,0.000000,1772898047983.473,0.073121,-0.262409,0.497553,0.000000,0.000000,0.000000,1.000000,position_only
2026-03-07T15:40:47.999136+00:00,1772898047999.136,0.080994,-0.269287,0.494873,4.539062,-14.015625,3.400391,17895,17347,18854,17745,0.450000,-0.550000,0.300000,0.000000,1772898047991.978,0.076786,-0.267203,0.496741,0.000000,0.000000,0.000000,1.000000,position_only
2026-03-07T15:40:48.009719+00:00,1772898048009.718,0.085632,-0.274902,0.493652,4.496094,-14.015625,3.396484,17830,17390,19067,17699,0.450000,-0.550000,0.300000,0.000000,1772898048008.937,0.084555,-0.276924,0.494956,0.000000,0.000000,0.000000,1.000000,position_only
2026-03-07T15:40:48.018982+00:00,1772898048018.981,0.091248,-0.281494,0.492432,4.453125,-13.984375,3.398438,17748,17571,18838,17921,0.450000,-0.550000,0.300000,0.000000,1772898048017.423,0.088751,-0.281876,0.494008,0.000000,0.000000,0.000000,1.000000,position_only
2026-03-07T15:40:48.029679+00:00,1772898048029.678,0.096436,-0.287354,0.491211,4.417969,-13.945312,3.392578,17934,17509,18946,17776,0.450000,-0.550000,0.300000,0.000000,1772898048026.136,0.093012,-0.286846,0.493017,0.000000,0.000000,0.000000,1.000000,position_only
2026-03-07T15:40:48.041171+00:00,1772898048041.171,0.102295,-0.293701,0.489990,4.375000,-13.890625,3.386719,17843,17624,19098,17798,0.450000,-0.550000,0.300000,0.000000,1772898048034.646,0.097433,-0.291928,0.492012,0.000000,0.000000,0.000000,1.000000,position_only
2026-03-07T15:40:48.050422+00:00,1772898048050.422,0.108154,-0.300049,0.488525,4.347656,-13.828125,3.369141,17879,17690,18952,17926,0.450000,-0.550000,0.300000,0.000000,1772898048043.124,0.101925,-0.296883,0.491102,0.000000,0.000000,0.000000,1.000000,position_only
2026-03-07T15:40:48.059241+00:00,1772898048059.240,0.114136,-0.306152,0.487305,4.320312,-13.750000,3.353516,17740,17903,19037,17969,0.450000,-0.550000,0.300000,0.000000,1772898048051.682,0.106547,-0.301979,0.490193,0.000000,0.000000,0.000000,1.000000,position_only
2026-03-07T15:40:48.068424+00:00,1772898048068.424,0.120605,-0.312988,0.486084,4.292969,-13.656250,3.328125,17971,17786,19122,17835,0.450000,-0.550000,0.300000,0.000000,1772898048060.385,0.116291,-0.312235,0.488132,0.000000,0.000000,0.000000,1.000000,position_only
2026-03-07T15:40:48.078860+00:00,1772898048078.860,0.127075,-0.319336,0.484863,4.285156,-13.562500,3.306641,17776,17976,19087,18105,0.450000,-0.550000,0.300000,0.000000,1772898048077.448,0.126495,-0.322538,0.486201,0.000000,0.000000,0.000000,1.000000,position_only
2026-03-07T15:40:48.088741+00:00,1772898048088.740,0.134277,-0.326172,0.483398,4.277344,-13.453125,3.287109,17970,17962,19208,17877,0.450000,-0.550000,0.300000,0.000000,1772898048085.969,0.131787,-0.327743,0.485281,0.000000,0.000000,0.000000,1.000000,position_only
2026-03-07T15:40:48.098570+00:00,1772898048098.569,0.141479,-0.333008,0.481934,4.281250,-13.359375,3.251953,18007,18031,19018,18015,0.450000,-0.550000,0.300000,0.000000,1772898048094.669,0.137235,-0.333102,0.484264,0.000000,0.000000,0.000000,1.000000,position_only
2026-03-07T15:40:48.110721+00:00,1772898048110.720,0.149536,-0.340332,0.480469,4.285156,-13.226562,3.214844,18046,18021,19183,18058,0.450000,-0.550000,0.300000,0.000000,1772898048103.224,0.142899,-0.338375,0.483249,0.000000,0.000000,0.000000,1.000000,position_only
2026-03-07T15:40:48.119867+00:00,1772898048119.867,0.156250,-0.346680,0.479492,4.269531,-13.117188,3.195312,18193,17952,19169,18026,0.450000,-0.550000,0.300000,0.000000,1772898048111.833,0.148640,-0.343606,0.482344,0.000000,0.000000,0.000000,1.000000,position_only
2026-03-07T15:40:48.129077+00:00,1772898048129.076,0.164307,-0.353760,0.478027,4.253906,-13.007812,3.181641,18116,18059,19361,18067,0.450000,-0.550000,0.300000,0.000000,1772898048128.816,0.160316,-0.354399,0.480381,0.000000,0.000000,0.000000,1.000000,position_only
2026-03-07T15:40:48.138217+00:00,1772898048138.217,0.172241,-0.360840,0.476807,4.246094,-12.898438,3.158203,18246,18019,19446,17950,0.450000,-0.550000,0.300000,0.000000,1772898048137.591,0.166477,-0.359781,0.479430,0.000000,0.000000,0.000000,1.000000,position_only
2026-03-07T15:40:48.150274+00:00,1772898048150.274,0.180298,-0.367676,0.475586,4.226562,-12.750000,3.140625,18052,18207,19428,18217,0.450000,-0.550000,0.300000,0.000000,1772898048146.068,0.172701,-0.365186,0.478504,0.000000,0.000000,0.000000,1.000000,position_only
2026-03-07T15:40:48.159481+00:00,1772898048159.480,0.189209,-0.375000,0.474121,4.183594,-12.593750,3.119141,18132,18191,19423,18220,0.450000,-0.550000,0.300000,0.000000,1772898048154.821,0.178994,-0.370672,0.477561,0.000000,0.000000,0.000000,1.000000,position_only
2026-03-07T15:40:48.170021+00:00,1772898048170.020,0.197388,-0.381836,0.472900,4.132812,-12.429688,3.103516,18106,18277,19361,18242,0.450000,-0.550000,0.300000,0.000000,1772898048163.485,0.185447,-0.376128,0.476698,0.000000,0.000000,0.000000,1.000000,position_only
2026-03-07T15:40:48.179951+00:00,1772898048179.950,0.205444,-0.388672,0.471924,4.046875,-12.179688,3.107422,18076,18182,19849,18101,0.450000,-0.550000,0.300000,0.000000,1772898048172.201,0.192031,-0.381681,0.475765,0.000000,0.000000,0.000000,1.000000,position_only
2026-03-07T15:40:48.189952+00:00,1772898048189.952,0.213501,-0.395264,0.470947,3.962891,-11.945312,3.115234,18184,18183,19848,18020,0.450000,-0.550000,0.300000,0.000000,1772898048189.241,0.205405,-0.392770,0.474077,0.000000,0.000000,0.000000,1.000000,position_only
2026-03-07T15:40:48.199325+00:00,1772898048199.324,0.223267,-0.402832,0.469727,3.886719,-11.679688,3.101562,18020,18441,19757,18289,0.450000,-0.550000,0.300000,0.000000,1772898048197.965,0.212282,-0.398402,0.473258,0.000000,0.000000,0.000000,1.000000,position_only
2026-03-07T15:40:48.209163+00:00,1772898048209.162,0.232178,-0.409668,0.468750,3.806641,-11.437500,3.085938,18128,18404,19736,18240,0.450000,-0.550000,0.300000,0.000000,1772898048206.484,0.219280,-0.403987,0.472434,0.000000,0.000000,0.000000,1.000000,position_only
2026-03-07T15:40:48.219904+00:00,1772898048219.903,0.241943,-0.417236,0.467529,3.714844,-11.156250,3.072266,17959,18539,19901,18326,0.450000,-0.550000,0.300000,0.000000,1772898048215.282,0.226389,-0.409652,0.471633,0.000000,0.000000,0.000000,1.000000,position_only
2026-03-07T15:40:48.229790+00:00,1772898048229.790,0.240845,-0.416748,0.467773,3.699219,-11.117188,3.087891,18024,18487,19750,18473,0.450000,-0.550000,0.300000,0.000000,1772898048223.762,0.233581,-0.415390,0.470937,0.000000,0.000000,0.000000,1.000000,position_only
2026-03-07T15:40:48.238841+00:00,1772898048238.840,0.259033,-0.430664,0.466064,3.529297,-10.664062,3.062500,18182,18423,19665,18404,0.450000,-0.550000,0.300000,0.000000,1772898048232.373,0.240849,-0.421041,0.470214,0.000000,0.000000,0.000000,1.000000,position_only
2026-03-07T15:40:48.249471+00:00,1772898048249.470,0.258301,-0.430176,0.466309,3.521484,-10.640625,3.070312,18243,18386,19988,18324,0.450000,-0.550000,0.300000,0.000000,1772898048249.322,0.255773,-0.432525,0.468837,0.000000,0.000000,0.000000,1.000000,position_only
2026-03-07T15:40:48.260074+00:00,1772898048260.073,0.268555,-0.437988,0.465332,3.429688,-10.390625,3.058594,18372,18283,19961,18291,0.450000,-0.550000,0.300000,0.000000,1772898048257.882,0.263323,-0.438337,0.468274,0.000000,0.000000,0.000000,1.000000,position_only
2026-03-07T15:40:48.269923+00:00,1772898048269.922,0.277832,-0.444824,0.464600,3.347656,-10.187500,3.058594,18274,18444,20075,18378,0.450000,-0.550000,0.300000,0.000000,1772898048266.376,0.270991,-0.444058,0.467633,0.000000,0.000000,0.000000,1.000000,position_only
2026-03-07T15:40:48.282069+00:00,1772898048282.069,0.288086,-0.452393,0.463867,3.250000,-9.937500,3.064453,18245,18478,19892,18514,0.450000,-0.550000,0.300000,0.000000,1772898048274.825,0.278779,-0.449926,0.467100,0.000000,0.000000,0.000000,1.000000,position_only
2026-03-07T15:40:48.289429+00:00,1772898048289.429,0.297363,-0.459473,0.463379,3.160156,-9.703125,3.054688,18306,18430,20153,18429,0.450000,-0.550000,0.300000,0.000000,1772898048283.534,0.286645,-0.455757,0.466625,0.000000,0.000000,0.000000,1.000000,position_only
2026-03-07T15:40:48.299994+00:00,1772898048299.993,0.309326,-0.467529,0.462402,3.078125,-9.492188,3.044922,18249,18524,19985,18561,0.450000,-0.550000,0.300000,0.000000,1772898048292.043,0.294680,-0.461620,0.466140,0.000000,0.000000,0.000000,1.000000,position_only
2026-03-07T15:40:48.309973+00:00,1772898048309.972,0.318115,-0.474121,0.462158,2.964844,-9.226562,3.048828,18368,18438,19991,18430,0.450000,-0.550000,0.300000,0.000000,1772898048309.051,0.310827,-0.473380,0.465425,0.000000,0.000000,0.000000,1.000000,position_only
2026-03-07T15:40:48.319333+00:00,1772898048319.332,0.328857,-0.481934,0.461670,2.863281,-8.937500,3.048828,18244,18620,20117,18454,0.450000,-0.550000,0.300000,0.000000,1772898048317.531,0.319060,-0.479251,0.465166,0.000000,0.000000,0.000000,1.000000,position_only
2026-03-07T15:40:48.329446+00:00,1772898048329.445,0.338623,-0.488770,0.461426,2.781250,-8.625000,3.052734,18256,18622,19989,18473,0.450000,-0.550000,0.300000,0.000000,1772898048326.158,0.327293,-0.485160,0.464889,0.000000,0.000000,0.000000,1.000000,position_only
2026-03-07T15:40:48.341580+00:00,1772898048341.579,0.350098,-0.496826,0.460938,2.705078,-8.328125,3.041016,18170,18725,19977,18665,0.450000,-0.550000,0.300000,0.000000,1772898048334.653,0.335636,-0.491112,0.464590,0.000000,0.000000,0.000000,1.000000,position_only
2026-03-07T15:40:48.350744+00:00,1772898048350.744,0.360596,-0.503906,0.460693,2.632812,-8.046875,3.023438,18274,18707,19942,18509,0.450000,-0.550000,0.300000,0.000000,1772898048343.286,0.343980,-0.497103,0.464414,0.000000,0.000000,0.000000,1.000000,position_only
2026-03-07T15:40:48.361163+00:00,1772898048361.163,0.370850,-0.511230,0.460693,2.570312,-7.750000,3.009766,18194,18770,20023,18593,0.450000,-0.550000,0.300000,0.000000,1772898048360.644,0.369803,-0.515088,0.464127,0.000000,0.000000,0.000000,1.000000,position_only
2026-03-07T15:40:48.369718+00:00,1772898048369.718,0.382080,-0.519043,0.460938,2.513672,-7.398438,2.996094,18255,18750,19933,18538,0.450000,-0.550000,0.300000,0.000000,1772898048369.126,0.378388,-0.521055,0.464301,0.000000,0.000000,0.000000,1.000000,position_only
2026-03-07T15:40:48.380456+00:00,1772898048380.456,0.393555,-0.526855,0.460938,2.476562,-7.117188,2.976562,18366,18641,19961,18393,0.450000,-0.550000,0.300000,0.000000,1772898048377.627,0.386991,-0.527110,0.464416,0.000000,0.000000,0.000000,1.000000,position_only
2026-03-07T15:40:48.390418+00:00,1772898048390.417,0.406250,-0.535156,0.460938,2.437500,-6.781250,2.968750,18373,18698,20060,18379,0.450000,-0.550000,0.300000,0.000000,1772898048386.351,0.395972,-0.533128,0.464478,0.000000,0.000000,0.000000,1.000000,position_only
2026-03-07T15:40:48.402087+00:00,1772898048402.087,0.417480,-0.542969,0.461182,2.404297,-6.449219,2.960938,18324,18719,19890,18440,0.450000,-0.550000,0.300000,0.000000,1772898048394.855,0.404557,-0.539151,0.464796,0.000000,0.000000,0.000000,1.000000,position_only
2026-03-07T15:40:48.409638+00:00,1772898048409.637,0.416504,-0.542480,0.461426,2.394531,-6.421875,2.964844,18250,18777,20072,18515,0.450000,-0.550000,0.300000,0.000000,1772898048403.377,0.413707,-0.545234,0.464952,0.000000,0.000000,0.000000,1.000000,position_only
2026-03-07T15:40:48.420436+00:00,1772898048420.435,0.439453,-0.558105,0.462402,2.281250,-5.679688,2.947266,18197,18759,20060,18433,0.450000,-0.550000,0.300000,0.000000,1772898048411.929,0.422316,-0.551269,0.465400,0.000000,0.000000,0.000000,1.000000,position_only
2026-03-07T15:40:48.430358+00:00,1772898048430.358,0.450928,-0.565918,0.462891,2.224609,-5.312500,2.937500,18166,18714,20058,18405,0.450000,-0.550000,0.300000,0.000000,1772898048428.994,0.440145,-0.563376,0.466290,0.000000,0.000000,0.000000,1.000000,position_only
2026-03-07T15:40:48.439047+00:00,1772898048439.046,0.463623,-0.574219,0.463623,2.152344,-4.882812,2.933594,18216,18646,20135,18205,0.450000,-0.550000,0.300000,0.000000,1772898048437.529,0.449383,-0.569660,0.466632,0.000000,0.000000,0.000000,1.000000,position_only
2026-03-07T15:40:48.449445+00:00,1772898048449.445,0.462646,-0.574219,0.463623,2.140625,-4.851562,2.937500,18027,18759,19983,18407,0.450000,-0.550000,0.300000,0.000000,1772898048446.337,0.458097,-0.575660,0.467415,0.000000,0.000000,0.000000,1.000000,position_only
2026-03-07T15:40:48.462144+00:00,1772898048462.143,0.487305,-0.589844,0.465088,1.959961,-3.955078,2.927734,17955,18792,19972,18370,0.450000,-0.550000,0.300000,0.000000,1772898048454.827,0.467432,-0.581884,0.467813,0.000000,0.000000,0.000000,1.000000,position_only
2026-03-07T15:40:48.471196+00:00,1772898048471.195,0.497559,-0.597168,0.466309,1.855469,-3.466797,2.925781,17960,18722,19920,18297,0.450000,-0.550000,0.300000,0.000000,1772898048463.512,0.476249,-0.587847,0.468601,0.000000,0.000000,0.000000,1.000000,position_only
2026-03-07T15:40:48.480434+00:00,1772898048480.433,0.497559,-0.597168,0.466309,1.855469,-3.466797,2.925781,17890,18768,20102,18331,0.450000,-0.550000,0.300000,0.000000,1772898048472.039,0.485214,-0.593865,0.469506,0.000000,0.000000,0.000000,1.000000,position_only
2026-03-07T15:40:48.489234+00:00,1772898048489.233,0.509277,-0.605469,0.467529,1.732422,-2.931641,2.925781,18007,18576,20104,18181,0.450000,-0.550000,0.300000,0.000000,1772898048489.058,0.503375,-0.606118,0.471124,0.000000,0.000000,0.000000,1.000000,position_only
2026-03-07T15:40:48.500581+00:00,1772898048500.580,0.520020,-0.612793,0.468506,1.625000,-2.458984,2.927734,17996,18602,20005,18082,0.450000,-0.550000,0.300000,0.000000,1772898048497.590,0.512339,-0.612182,0.472255,0.000000,0.000000,0.000000,1.000000,position_only
2026-03-07T15:40:48.510615+00:00,1772898048510.614,0.532227,-0.620605,0.469971,1.512695,-1.939453,2.935547,17907,18554,19931,18248,0.450000,-0.550000,0.300000,0.000000,1772898048506.436,0.521420,-0.618320,0.473189,0.000000,0.000000,0.000000,1.000000,position_only
2026-03-07T15:40:48.522714+00:00,1772898048522.713,0.555664,-0.636719,0.472656,1.300781,-1.000000,2.947266,17989,18462,19993,18003,0.450000,-0.550000,0.300000,0.000000,1772898048515.035,0.530387,-0.624398,0.474198,0.000000,0.000000,0.000000,1.000000,position_only
2026-03-07T15:40:48.528945+00:00,1772898048528.944,0.555664,-0.636719,0.472656,1.300781,-1.000000,2.947266,17848,18473,19951,18086,0.450000,-0.550000,0.300000,0.000000,1772898048523.532,0.539442,-0.630548,0.475314,0.000000,0.000000,0.000000,1.000000,position_only
2026-03-07T15:40:48.538650+00:00,1772898048538.649,0.565430,-0.643555,0.474365,1.186523,-0.497803,2.958984,17893,18348,19992,17935,0.450000,-0.550000,0.300000,0.000000,1772898048532.286,0.548340,-0.636702,0.476467,0.000000,0.000000,0.000000,1.000000,position_only
2026-03-07T15:40:48.549983+00:00,1772898048549.982,0.577148,-0.651367,0.476074,1.058594,0.025574,2.972656,17714,18367,19951,18021,0.450000,-0.550000,0.300000,0.000000,1772898048549.306,0.566236,-0.648825,0.479023,0.000000,0.000000,0.000000,1.000000,position_only
2026-03-07T15:40:48.559395+00:00,1772898048559.394,0.587891,-0.658691,0.477539,0.925293,0.526855,2.990234,17620,18427,19832,18000,0.450000,-0.550000,0.300000,0.000000,1772898048557.840,0.575126,-0.654977,0.480273,0.000000,0.000000,0.000000,1.000000,position_only
2026-03-07T15:40:48.569695+00:00,1772898048569.694,0.598145,-0.665527,0.479248,0.793945,1.033203,2.996094,17611,18354,19856,17887,0.450000,-0.550000,0.300000,0.000000,1772898048566.357,0.583978,-0.661036,0.481728,0.000000,0.000000,0.000000,1.000000,position_only
2026-03-07T15:40:48.582589+00:00,1772898048582.588,0.609863,-0.674316,0.481201,0.662598,1.559570,3.011719,17620,18215,19792,17935,0.450000,-0.550000,0.300000,0.000000,1772898048575.053,0.592782,-0.667093,0.483110,0.000000,0.000000,0.000000,1.000000,position_only
2026-03-07T15:40:48.590916+00:00,1772898048590.915,0.620605,-0.681641,0.482910,0.534180,2.033203,3.031250,17658,18132,19889,17694,0.450000,-0.550000,0.300000,0.000000,1772898048583.530,0.601518,-0.673106,0.484534,0.000000,0.000000,0.000000,1.000000,position_only
2026-03-07T15:40:48.599889+00:00,1772898048599.888,0.630859,-0.688965,0.485107,0.368408,2.607422,3.046875,17481,18146,19837,17736,0.450000,-0.550000,0.300000,0.000000,1772898048592.186,0.610213,-0.679209,0.486014,0.000000,0.000000,0.000000,1.000000,position_only
2026-03-07T15:40:48.609906+00:00,1772898048609.905,0.641602,-0.696289,0.487061,0.250732,3.087891,3.072266,17451,18156,19712,17683,0.450000,-0.550000,0.300000,0.000000,1772898048609.239,0.627210,-0.691276,0.489258,0.000000,0.000000,0.000000,1.000000,position_only
2026-03-07T15:40:48.620679+00:00,1772898048620.678,0.654297,-0.705566,0.489502,0.117920,3.644531,3.097656,17422,18011,19585,17732,0.450000,-0.550000,0.300000,0.000000,1772898048618.037,0.635654,-0.697292,0.490932,0.000000,0.000000,0.000000,1.000000,position_only
2026-03-07T15:40:48.630245+00:00,1772898048630.244,0.665527,-0.713379,0.491943,-0.001724,4.140625,3.119141,17360,18073,19313,17796,0.450000,-0.550000,0.300000,0.000000,1772898048626.531,0.644104,-0.703277,0.492608,0.000000,0.000000,0.000000,1.000000,position_only
2026-03-07T15:40:48.642044+00:00,1772898048642.043,0.675293,-0.720703,0.494141,-0.106995,4.562500,3.121094,17371,17902,19337,17704,0.450000,-0.550000,0.300000,0.000000,1772898048635.151,0.662479,-0.716164,0.495370,0.000000,0.000000,0.000000,1.000000,position_only
2026-03-07T15:40:48.651396+00:00,1772898048651.395,0.674316,-0.720215,0.494141,-0.118469,4.593750,3.119141,17476,17813,19455,17552,0.450000,-0.550000,0.300000,0.000000,1772898048643.777,0.670840,-0.722219,0.497103,0.000000,0.000000,0.000000,1.000000,position_only
2026-03-07T15:40:48.660686+00:00,1772898048660.685,0.695801,-0.735840,0.499023,-0.287842,5.433594,3.171875,17473,17750,19400,17482,0.450000,-0.550000,0.300000,0.000000,1772898048652.273,0.678807,-0.728267,0.499021,0.000000,0.000000,0.000000,1.000000,position_only
2026-03-07T15:40:48.669944+00:00,1772898048669.942,0.695312,-0.735840,0.499023,-0.292725,5.453125,3.173828,17332,17735,19136,17616,0.450000,-0.550000,0.300000,0.000000,1772898048669.320,0.694920,-0.739889,0.502608,0.000000,0.000000,0.000000,1.000000,position_only
2026-03-07T15:40:48.679388+00:00,1772898048679.387,0.706055,-0.744141,0.501465,-0.383789,5.871094,3.197266,17389,17646,19066,17545,0.450000,-0.550000,0.300000,0.000000,1772898048677.963,0.702770,-0.745914,0.504452,0.000000,0.000000,0.000000,1.000000,position_only
2026-03-07T15:40:48.690863+00:00,1772898048690.862,0.715820,-0.751465,0.503906,-0.462646,6.234375,3.212891,17332,17502,18980,17559,0.450000,-0.550000,0.300000,0.000000,1772898048686.484,0.710553,-0.751967,0.506367,0.000000,0.000000,0.000000,1.000000,position_only
2026-03-07T15:40:48.701432+00:00,1772898048701.431,0.725586,-0.759277,0.506348,-0.563965,6.652344,3.232422,17272,17461,18966,17501,0.450000,-0.550000,0.300000,0.000000,1772898048694.961,0.718263,-0.757927,0.508141,0.000000,0.000000,0.000000,1.000000,position_only
2026-03-07T15:40:48.710626+00:00,1772898048710.625,0.735840,-0.767090,0.508789,-0.652832,6.957031,3.251953,17283,17375,19038,17379,0.450000,-0.550000,0.300000,0.000000,1772898048703.591,0.725923,-0.763585,0.509964,0.000000,0.000000,0.000000,1.000000,position_only
2026-03-07T15:40:48.720297+00:00,1772898048720.296,0.744629,-0.773926,0.511230,-0.777832,7.328125,3.273438,17093,17280,18868,17524,0.450000,-0.550000,0.300000,0.000000,1772898048712.125,0.733472,-0.769377,0.511866,0.000000,0.000000,0.000000,1.000000,position_only
2026-03-07T15:40:48.734384+00:00,1772898048734.383,0.754395,-0.781738,0.514160,-0.943848,7.714844,3.291016,16996,17308,18952,17385,0.450000,-0.550000,0.300000,0.000000,1772898048729.157,0.748240,-0.781198,0.515706,0.000000,0.000000,0.000000,1.000000,position_only
2026-03-07T15:40:48.741335+00:00,1772898048741.334,0.763184,-0.789062,0.516113,-1.109375,8.101562,3.302734,16938,17113,18872,17390,0.450000,-0.550000,0.300000,0.000000,1772898048737.651,0.755035,-0.786808,0.517623,0.000000,0.000000,0.000000,1.000000,position_only
2026-03-07T15:40:48.750704+00:00,1772898048750.703,0.773438,-0.796875,0.519043,-1.281250,8.539062,3.345703,16812,17216,18763,17383,0.450000,-0.550000,0.300000,0.000000,1772898048746.150,0.762003,-0.792543,0.519434,0.000000,0.000000,0.000000,1.000000,position_only
2026-03-07T15:40:48.762742+00:00,1772898048762.740,0.781738,-0.804199,0.521484,-1.450195,8.937500,3.373047,16776,17075,18817,17158,0.450000,-0.550000,0.300000,0.000000,1772898048754.787,0.769027,-0.798468,0.521240,0.000000,0.000000,0.000000,1.000000,position_only
2026-03-07T15:40:48.770585+00:00,1772898048770.584,0.791016,-0.812012,0.523926,-1.634766,9.429688,3.412109,16695,17110,18758,17165,0.450000,-0.550000,0.300000,0.000000,1772898048763.531,0.775686,-0.803932,0.523139,0.000000,0.000000,0.000000,1.000000,position_only
2026-03-07T15:40:48.780948+00:00,1772898048780.948,0.797852,-0.818359,0.526367,-1.835938,9.929688,3.410156,16572,17164,18819,17100,0.450000,-0.550000,0.300000,0.000000,1772898048780.721,0.789085,-0.815257,0.526951,0.000000,0.000000,0.000000,1.000000,position_only
2026-03-07T15:40:48.790788+00:00,1772898048790.787,0.806152,-0.825684,0.528809,-2.046875,10.445312,3.427734,16534,16983,18748,17061,0.450000,-0.550000,0.300000,0.000000,1772898048789.529,0.795363,-0.820761,0.528866,0.000000,0.000000,0.000000,1.000000,position_only
2026-03-07T15:40:48.801443+00:00,1772898048801.442,0.813965,-0.832520,0.530762,-2.226562,10.906250,3.472656,16410,17142,18635,17082,0.450000,-0.550000,0.300000,0.000000,1772898048798.102,0.801340,-0.826154,0.530720,0.000000,0.000000,0.000000,1.000000,position_only
2026-03-07T15:40:48.809855+00:00,1772898048809.854,0.821289,-0.839355,0.533203,-2.396484,11.375000,3.505859,16412,16969,18502,17036,0.450000,-0.550000,0.300000,0.000000,1772898048806.630,0.807439,-0.831838,0.532428,0.000000,0.000000,0.000000,1.000000,position_only
2026-03-07T15:40:48.822678+00:00,1772898048822.677,0.829102,-0.846680,0.535645,-2.564453,11.882812,3.542969,16543,16903,18560,16854,0.450000,-0.550000,0.300000,0.000000,1772898048815.217,0.813455,-0.837365,0.534084,0.000000,0.000000,0.000000,1.000000,position_only
2026-03-07T15:40:48.830967+00:00,1772898048830.966,0.835938,-0.853516,0.537598,-2.703125,12.328125,3.568359,16494,16739,18317,17000,0.450000,-0.550000,0.300000,0.000000,1772898048823.914,0.819217,-0.842780,0.535800,0.000000,0.000000,0.000000,1.000000,position_only
2026-03-07T15:40:48.840299+00:00,1772898048840.297,0.841797,-0.859375,0.539551,-2.880859,12.812500,3.546875,16502,16808,18274,16943,0.450000,-0.550000,0.300000,0.000000,1772898048832.608,0.824909,-0.848183,0.537538,0.000000,0.000000,0.000000,1.000000,position_only
2026-03-07T15:40:48.851150+00:00,1772898048851.149,0.848145,-0.866211,0.541504,-2.976562,13.210938,3.583984,16527,16857,18308,16828,0.450000,-0.550000,0.300000,0.000000,1772898048849.648,0.835650,-0.858953,0.540923,0.000000,0.000000,0.000000,1.000000,position_only
2026-03-07T15:40:48.864961+00:00,1772898048864.959,0.854980,-0.873047,0.543945,-3.070312,13.609375,3.619141,16569,16646,18126,16840,0.450000,-0.550000,0.300000,0.000000,1772898048858.197,0.840781,-0.864149,0.542574,0.000000,0.000000,0.000000,1.000000,position_only
2026-03-07T15:40:48.869781+00:00,1772898048869.780,0.860352,-0.879395,0.545898,-3.154297,13.960938,3.638672,16647,16642,18210,16682,0.450000,-0.550000,0.300000,0.000000,1772898048867.152,0.846111,-0.869582,0.544058,0.000000,0.000000,0.000000,1.000000,position_only
2026-03-07T15:40:48.881915+00:00,1772898048881.914,0.866699,-0.886230,0.547852,-3.232422,14.320312,3.662109,16657,16435,17936,16826,0.450000,-0.550000,0.300000,0.000000,1772898048875.680,0.851020,-0.874773,0.545622,0.000000,0.000000,0.000000,1.000000,position_only
2026-03-07T15:40:48.891925+00:00,1772898048891.924,0.870117,-0.891113,0.549316,-3.316406,14.648438,3.613281,16705,16468,18108,16643,0.450000,-0.550000,0.300000,0.000000,1772898048884.328,0.855747,-0.880017,0.547070,0.000000,0.000000,0.000000,1.000000,position_only
2026-03-07T15:40:48.900977+00:00,1772898048900.976,0.869629,-0.890625,0.549316,-3.326172,14.671875,3.597656,16722,16274,17894,16747,0.450000,-0.550000,0.300000,0.000000,1772898048892.444,0.860448,-0.885480,0.548300,0.000000,0.000000,0.000000,1.000000,position_only
2026-03-07T15:40:48.910766+00:00,1772898048910.764,0.875977,-0.897949,0.550781,-3.392578,15.000000,3.621094,16824,16190,18060,16562,0.450000,-0.550000,0.300000,0.000000,1772898048909.653,0.868963,-0.895491,0.550971,0.000000,0.000000,0.000000,1.000000,position_only
2026-03-07T15:40:48.921779+00:00,1772898048921.778,0.880859,-0.904297,0.552734,-3.451172,15.304688,3.644531,16680,16408,17916,16694,0.450000,-0.550000,0.300000,0.000000,1772898048918.513,0.876622,-0.905428,0.553554,0.000000,0.000000,0.000000,1.000000,position_only
2026-03-07T15:40:48.931699+00:00,1772898048931.698,0.885254,-0.910645,0.554199,-3.496094,15.570312,3.675781,16842,16123,17890,16571,0.450000,-0.550000,0.300000,0.000000,1772898048927.116,0.880517,-0.910412,0.554604,0.000000,0.000000,0.000000,1.000000,position_only
2026-03-07T15:40:48.943306+00:00,1772898048943.305,0.890137,-0.917480,0.555664,-3.537109,15.820312,3.742188,16798,16239,17861,16594,0.450000,-0.550000,0.300000,0.000000,1772898048935.589,0.883868,-0.915256,0.555787,0.000000,0.000000,0.000000,1.000000,position_only
2026-03-07T15:40:48.952461+00:00,1772898048952.460,0.894531,-0.923828,0.557129,-3.562500,16.078125,3.792969,16827,16124,17752,16538,0.450000,-0.550000,0.300000,0.000000,1772898048944.091,0.887534,-0.920464,0.556601,0.000000,0.000000,0.000000,1.000000,position_only
2026-03-07T15:40:48.960688+00:00,1772898048960.687,0.898926,-0.931152,0.558594,-3.593750,16.359375,3.845703,16703,16370,17607,16664,0.450000,-0.550000,0.300000,0.000000,1772898048952.624,0.887534,-0.920464,0.556601,0.000000,0.000000,0.000000,1.000000,position_only
2026-03-07T15:40:48.971729+00:00,1772898048971.728,0.901855,-0.936523,0.559570,-3.634766,16.656250,3.812500,16654,16314,17514,16730,0.450000,-0.550000,0.300000,0.000000,1772898048970.210,0.896378,-0.934613,0.559250,0.000000,0.000000,0.000000,1.000000,position_only
2026-03-07T15:40:48.980380+00:00,1772898048980.380,0.905273,-0.942871,0.560547,-3.650391,16.906250,3.847656,16745,16296,17655,16587,0.450000,-0.550000,0.300000,0.000000,1772898048978.733,0.899294,-0.939607,0.559906,0.000000,0.000000,0.000000,1.000000,position_only
2026-03-07T15:40:48.990256+00:00,1772898048990.255,0.908203,-0.949219,0.561523,-3.667969,17.187500,3.890625,16751,16438,17689,16538,0.450000,-0.550000,0.300000,0.000000,1772898048987.409,0.901650,-0.944141,0.560563,0.000000,0.000000,0.000000,1.000000,position_only
2026-03-07T15:40:49.002447+00:00,1772898049002.447,0.911133,-0.955078,0.562012,-3.675781,17.453125,3.921875,16759,16364,17540,16610,0.450000,-0.550000,0.300000,0.000000,1772898048995.897,0.904141,-0.949064,0.561072,0.000000,0.000000,0.000000,1.000000,position_only
2026-03-07T15:40:49.011231+00:00,1772898049011.230,0.912598,-0.959961,0.562500,-3.689453,17.734375,3.910156,16674,16559,17484,16699,0.450000,-0.550000,0.300000,0.000000,1772898049004.379,0.906186,-0.953649,0.561467,0.000000,0.000000,0.000000,1.000000,position_only
2026-03-07T15:40:49.020501+00:00,1772898049020.501,0.915039,-0.966309,0.562988,-3.685547,18.000000,3.951172,16885,16294,17531,16618,0.450000,-0.550000,0.300000,0.000000,1772898049012.831,0.908096,-0.958373,0.561959,0.000000,0.000000,0.000000,1.000000,position_only
2026-03-07T15:40:49.030442+00:00,1772898049030.441,0.914551,-0.965820,0.562988,-3.693359,18.015625,3.939453,16872,16255,17587,16621,0.450000,-0.550000,0.300000,0.000000,1772898049030.045,0.911500,-0.967492,0.562530,0.000000,0.000000,0.000000,1.000000,position_only
2026-03-07T15:40:49.042862+00:00,1772898049042.862,0.918457,-0.978027,0.563477,-3.738281,18.515625,4.023438,16882,16325,17720,16574,0.450000,-0.550000,0.300000,0.000000,1772898049038.530,0.912939,-0.971931,0.562685,0.000000,0.000000,0.000000,1.000000,position_only
2026-03-07T15:40:49.053874+00:00,1772898049053.874,0.919434,-0.983398,0.563477,-3.785156,18.750000,4.035156,17050,16252,17794,16550,0.450000,-0.550000,0.300000,0.000000,1772898049047.134,0.914140,-0.976469,0.562792,0.000000,0.000000,0.000000,1.000000,position_only
2026-03-07T15:40:49.062052+00:00,1772898049062.052,0.918945,-0.982910,0.563477,-3.794922,18.750000,4.000000,16951,16287,17710,16705,0.450000,-0.550000,0.300000,0.000000,1772898049055.625,0.915074,-0.980777,0.562781,0.000000,0.000000,0.000000,1.000000,position_only
2026-03-07T15:40:49.070462+00:00,1772898049070.461,0.919922,-0.988281,0.563477,-3.861328,19.000000,4.019531,16992,16257,17564,16907,0.450000,-0.550000,0.300000,0.000000,1772898049064.252,0.916113,-0.985350,0.562709,0.000000,0.000000,0.000000,1.000000,position_only
2026-03-07T15:40:49.080323+00:00,1772898049080.322,0.919922,-0.993652,0.563477,-3.939453,19.218750,4.027344,17314,16032,17964,16613,0.450000,-0.550000,0.300000,0.000000,1772898049072.870,0.916517,-0.989407,0.562639,0.000000,0.000000,0.000000,1.000000,position_only
2026-03-07T15:40:49.093261+00:00,1772898049093.260,0.920410,-0.999023,0.562988,-4.027344,19.406250,4.054688,17387,16007,17794,16870,0.450000,-0.550000,0.300000,0.000000,1772898049089.989,0.917482,-0.998242,0.561994,0.000000,0.000000,0.000000,1.000000,position_only
2026-03-07T15:40:49.100231+00:00,1772898049100.230,0.920410,-1.003906,0.562500,-4.125000,19.578125,4.070312,17268,16224,17817,16947,0.450000,-0.550000,0.300000,0.000000,1772898049098.566,0.917546,-1.002665,0.561513,0.000000,0.000000,0.000000,1.000000,position_only
2026-03-07T15:40:49.110736+00:00,1772898049110.734,0.919922,-1.008789,0.562012,-4.222656,19.718750,4.074219,17357,16212,17991,16898,0.450000,-0.550000,0.300000,0.000000,1772898049107.349,0.917270,-1.006693,0.561096,0.000000,0.000000,0.000000,1.000000,position_only
2026-03-07T15:40:49.124338+00:00,1772898049124.337,0.919434,-1.013672,0.561035,-4.332031,19.843750,4.078125,17416,16245,17843,17121,0.450000,-0.550000,0.300000,0.000000,1772898049115.821,0.917103,-1.010939,0.560542,0.000000,0.000000,0.000000,1.000000,position_only
2026-03-07T15:40:49.131172+00:00,1772898049131.170,0.917969,-1.018555,0.560059,-4.453125,19.984375,4.089844,17469,16277,17938,17142,0.450000,-0.550000,0.300000,0.000000,1772898049124.392,0.916602,-1.014966,0.559884,0.000000,0.000000,0.000000,1.000000,position_only
2026-03-07T15:40:49.140850+00:00,1772898049140.849,0.916992,-1.023438,0.559082,-4.574219,20.093750,4.101562,17730,16127,17964,17269,0.450000,-0.550000,0.300000,0.000000,1772898049132.956,0.915941,-1.019063,0.559130,0.000000,0.000000,0.000000,1.000000,position_only
2026-03-07T15:40:49.150828+00:00,1772898049150.826,0.915527,-1.028320,0.558105,-4.695312,20.156250,4.101562,17737,16283,17961,17321,0.450000,-0.550000,0.300000,0.000000,1772898049150.264,0.914118,-1.027186,0.557470,0.000000,0.000000,0.000000,1.000000,position_only
2026-03-07T15:40:49.161695+00:00,1772898049161.695,0.913574,-1.033203,0.557129,-4.808594,20.187500,4.093750,17926,16215,17923,17555,0.450000,-0.550000,0.300000,0.000000,1772898049158.925,0.912793,-1.031299,0.556505,0.000000,0.000000,0.000000,1.000000,position_only
2026-03-07T15:40:49.171479+00:00,1772898049171.478,0.911133,-1.038086,0.555664,-4.933594,20.218750,4.117188,17966,16369,17979,17547,0.450000,-0.550000,0.300000,0.000000,1772898049167.414,0.911164,-1.035095,0.555640,0.000000,0.000000,0.000000,1.000000,position_only
2026-03-07T15:40:49.180600+00:00,1772898049180.599,0.908691,-1.042969,0.554199,-5.031250,20.218750,4.113281,18194,16278,18297,17303,0.450000,-0.550000,0.300000,0.000000,1772898049175.928,0.909601,-1.039040,0.554496,0.000000,0.000000,0.000000,1.000000,position_only
2026-03-07T15:40:49.191780+00:00,1772898049191.779,0.905762,-1.047852,0.552734,-5.128906,20.203125,4.128906,18315,16345,18202,17608,0.450000,-0.550000,0.300000,0.000000,1772898049184.434,0.907728,-1.042797,0.553336,0.000000,0.000000,0.000000,1.000000,position_only
2026-03-07T15:40:49.201605+00:00,1772898049201.604,0.902832,-1.051758,0.551270,-5.234375,20.156250,4.078125,18303,16432,18195,17742,0.450000,-0.550000,0.300000,0.000000,1772898049201.413,0.903518,-1.050425,0.550899,0.000000,0.000000,0.000000,1.000000,position_only
2026-03-07T15:40:49.211597+00:00,1772898049211.596,0.899414,-1.056641,0.549316,-5.347656,20.078125,4.042969,18466,16529,18041,18084,0.450000,-0.550000,0.300000,0.000000,1772898049209.932,0.901013,-1.054085,0.549557,0.000000,0.000000,0.000000,1.000000,position_only
2026-03-07T15:40:49.222183+00:00,1772898049222.183,0.895508,-1.060547,0.547363,-5.437500,20.000000,4.031250,18639,16518,18388,17801,0.450000,-0.550000,0.300000,0.000000,1772898049218.702,0.895600,-1.061390,0.546765,0.000000,0.000000,0.000000,1.000000,position_only
2026-03-07T15:40:49.232800+00:00,1772898049232.799,0.891113,-1.066406,0.545410,-5.523438,19.906250,4.050781,18956,16502,18394,18033,0.450000,-0.550000,0.300000,0.000000,1772898049227.301,0.892571,-1.065046,0.545311,0.000000,0.000000,0.000000,1.000000,position_only
2026-03-07T15:40:49.241900+00:00,1772898049241.899,0.886719,-1.070312,0.543457,-5.601562,19.796875,4.039062,18940,16665,18489,17997,0.450000,-0.550000,0.300000,0.000000,1772898049235.786,0.889365,-1.068389,0.543787,0.000000,0.000000,0.000000,1.000000,position_only
2026-03-07T15:40:49.251294+00:00,1772898049251.293,0.882324,-1.074219,0.541504,-5.671875,19.703125,4.031250,18864,16817,18510,18084,0.450000,-0.550000,0.300000,0.000000,1772898049244.274,0.885971,-1.072028,0.542211,0.000000,0.000000,0.000000,1.000000,position_only
2026-03-07T15:40:49.260746+00:00,1772898049260.745,0.876465,-1.079102,0.539062,-5.742188,19.609375,4.042969,18952,17062,18429,18403,0.450000,-0.550000,0.300000,0.000000,1772898049252.766,0.882371,-1.075505,0.540562,0.000000,0.000000,0.000000,1.000000,position_only
2026-03-07T15:40:49.272712+00:00,1772898049272.711,0.871582,-1.083008,0.536621,-5.808594,19.500000,4.007812,19021,17063,18612,18341,0.450000,-0.550000,0.300000,0.000000,1772898049269.814,0.874896,-1.082506,0.537133,0.000000,0.000000,0.000000,1.000000,position_only
2026-03-07T15:40:49.281778+00:00,1772898049281.777,0.865234,-1.087891,0.534180,-5.890625,19.390625,4.007812,19349,17063,18896,18333,0.450000,-0.550000,0.300000,0.000000,1772898049278.301,0.874896,-1.082506,0.537133,0.000000,0.000000,0.000000,1.000000,position_only
2026-03-07T15:40:49.293173+00:00,1772898049293.173,0.859863,-1.090820,0.532227,-5.976562,19.312500,3.982422,19279,17162,18991,18368,0.450000,-0.550000,0.300000,0.000000,1772898049286.848,0.866005,-1.088742,0.533870,0.000000,0.000000,0.000000,1.000000,position_only
2026-03-07T15:40:49.303107+00:00,1772898049303.106,0.860352,-1.090820,0.532227,-5.976562,19.296875,3.958984,19461,17271,18855,18647,0.450000,-0.550000,0.300000,0.000000,1772898049295.357,0.861246,-1.091773,0.532183,0.000000,0.000000,0.000000,1.000000,position_only
2026-03-07T15:40:49.312953+00:00,1772898049312.952,0.847168,-1.098633,0.527344,-6.160156,19.140625,3.941406,19422,17410,19087,18626,0.450000,-0.550000,0.300000,0.000000,1772898049312.412,0.851663,-1.098131,0.528604,0.000000,0.000000,0.000000,1.000000,position_only
2026-03-07T15:40:49.322032+00:00,1772898049322.031,0.847168,-1.098633,0.527344,-6.156250,19.125000,3.929688,19368,17423,19035,18713,0.450000,-0.550000,0.300000,0.000000,1772898049321.034,0.846351,-1.100997,0.526737,0.000000,0.000000,0.000000,1.000000,position_only
2026-03-07T15:40:49.332696+00:00,1772898049332.695,0.839844,-1.102539,0.524902,-6.269531,19.031250,3.917969,19691,17502,19151,18827,0.450000,-0.550000,0.300000,0.000000,1772898049329.536,0.841069,-1.104175,0.524953,0.000000,0.000000,0.000000,1.000000,position_only
2026-03-07T15:40:49.340961+00:00,1772898049340.960,0.833008,-1.106445,0.522461,-6.367188,18.906250,3.892578,19724,17493,19202,18889,0.450000,-0.550000,0.300000,0.000000,1772898049338.064,0.835585,-1.106879,0.523149,0.000000,0.000000,0.000000,1.000000,position_only
2026-03-07T15:40:49.353134+00:00,1772898049353.133,0.826172,-1.109375,0.520020,-6.460938,18.765625,3.861328,19901,17637,19143,19259,0.450000,-0.550000,0.300000,0.000000,1772898049346.529,0.829589,-1.109673,0.521449,0.000000,0.000000,0.000000,1.000000,position_only
2026-03-07T15:40:49.363202+00:00,1772898049363.201,0.817871,-1.113281,0.517578,-6.578125,18.562500,3.835938,19885,17706,19242,19228,0.450000,-0.550000,0.300000,0.000000,1772898049355.295,0.823835,-1.112389,0.519782,0.000000,0.000000,0.000000,1.000000,position_only
2026-03-07T15:40:49.371484+00:00,1772898049371.483,0.809570,-1.116211,0.515137,-6.683594,18.390625,3.812500,20263,17671,19509,19167,0.450000,-0.550000,0.300000,0.000000,1772898049363.927,0.817825,-1.115236,0.517721,0.000000,0.000000,0.000000,1.000000,position_only
2026-03-07T15:40:49.382591+00:00,1772898049382.590,0.801270,-1.120117,0.512695,-6.796875,18.140625,3.757812,20281,17688,19619,19155,0.450000,-0.550000,0.300000,0.000000,1772898049381.354,0.805011,-1.120295,0.514409,0.000000,0.000000,0.000000,1.000000,position_only
2026-03-07T15:40:49.392450+00:00,1772898049392.449,0.792969,-1.122070,0.510742,-6.898438,17.937500,3.732422,20201,17842,19649,19113,0.450000,-0.550000,0.300000,0.000000,1772898049389.826,0.798528,-1.122960,0.512558,0.000000,0.000000,0.000000,1.000000,position_only
2026-03-07T15:40:49.402215+00:00,1772898049402.214,0.783691,-1.125977,0.508301,-6.992188,17.703125,3.687500,20403,17991,19561,19444,0.450000,-0.550000,0.300000,0.000000,1772898049398.324,0.791338,-1.124999,0.511101,0.000000,0.000000,0.000000,1.000000,position_only
2026-03-07T15:40:49.413607+00:00,1772898049413.606,0.774902,-1.127930,0.506348,-7.070312,17.468750,3.662109,20423,18028,19666,19329,0.450000,-0.550000,0.300000,0.000000,1772898049406.834,0.784351,-1.127516,0.509413,0.000000,0.000000,0.000000,1.000000,position_only
2026-03-07T15:40:49.421198+00:00,1772898049421.197,0.764160,-1.130859,0.503906,-7.136719,17.203125,3.632812,20653,18163,19730,19472,0.450000,-0.550000,0.300000,0.000000,1772898049415.532,0.777392,-1.130099,0.507720,0.000000,0.000000,0.000000,1.000000,position_only
2026-03-07T15:40:49.431674+00:00,1772898049431.673,0.755859,-1.133789,0.501953,-7.179688,16.906250,3.558594,20584,18229,19727,19465,0.450000,-0.550000,0.300000,0.000000,1772898049424.094,0.769789,-1.132098,0.506406,0.000000,0.000000,0.000000,1.000000,position_only
2026-03-07T15:40:49.442385+00:00,1772898049442.384,0.746582,-1.135742,0.500000,-7.222656,16.625000,3.507812,20779,18250,19725,19707,0.450000,-0.550000,0.300000,0.000000,1772898049441.087,0.754750,-1.136310,0.503141,0.000000,0.000000,0.000000,1.000000,position_only
2026-03-07T15:40:49.451492+00:00,1772898049451.492,0.735352,-1.138672,0.498047,-7.285156,16.296875,3.462891,20840,18234,19832,19612,0.450000,-0.550000,0.300000,0.000000,1772898049449.591,0.746827,-1.138438,0.501791,0.000000,0.000000,0.000000,1.000000,position_only
2026-03-07T15:40:49.461614+00:00,1772898049461.613,0.725098,-1.140625,0.496094,-7.328125,15.953125,3.410156,20770,18278,19729,19710,0.450000,-0.550000,0.300000,0.000000,1772898049458.088,0.738808,-1.140443,0.500484,0.000000,0.000000,0.000000,1.000000,position_only
2026-03-07T15:40:49.474283+00:00,1772898049474.282,0.713379,-1.143555,0.494385,-7.367188,15.515625,3.332031,21085,18209,19802,19833,0.450000,-0.550000,0.300000,0.000000,1772898049466.968,0.730606,-1.142428,0.499278,0.000000,0.000000,0.000000,1.000000,position_only
2026-03-07T15:40:49.482679+00:00,1772898049482.678,0.704590,-1.144531,0.493164,-7.402344,15.015625,3.220703,21068,18124,19847,19768,0.450000,-0.550000,0.300000,0.000000,1772898049475.506,0.722092,-1.144045,0.497969,0.000000,0.000000,0.000000,1.000000,position_only
2026-03-07T15:40:49.491882+00:00,1772898049491.880,0.704590,-1.144531,0.493164,-7.402344,15.015625,3.220703,21453,18119,19920,19795,0.450000,-0.550000,0.300000,0.000000,1772898049484.039,0.713513,-1.145801,0.496853,0.000000,0.000000,0.000000,1.000000,position_only
2026-03-07T15:40:49.501622+00:00,1772898049501.621,0.681641,-1.148438,0.490234,-7.492188,14.039062,3.072266,21172,18174,19900,19858,0.450000,-0.550000,0.300000,0.000000,1772898049501.277,0.696274,-1.149114,0.494676,0.000000,0.000000,0.000000,1.000000,position_only
2026-03-07T15:40:49.513784+00:00,1772898049513.782,0.668945,-1.150391,0.489014,-7.558594,13.507812,2.992188,21139,18392,19650,20189,0.450000,-0.550000,0.300000,0.000000,1772898049509.823,0.687530,-1.150676,0.493889,0.000000,0.000000,0.000000,1.000000,position_only
2026-03-07T15:40:49.521325+00:00,1772898049521.324,0.657715,-1.151367,0.487793,-7.613281,12.976562,2.888672,21117,18383,19661,20136,0.450000,-0.550000,0.300000,0.000000,1772898049518.345,0.678147,-1.151735,0.493003,0.000000,0.000000,0.000000,1.000000,position_only
2026-03-07T15:40:49.534180+00:00,1772898049534.178,0.646484,-1.153320,0.487061,-7.667969,12.429688,2.789062,21279,18040,20015,19813,0.450000,-0.550000,0.300000,0.000000,1772898049526.956,0.659894,-1.154519,0.491628,0.000000,0.000000,0.000000,1.000000,position_only
2026-03-07T15:40:49.541731+00:00,1772898049541.730,0.647461,-1.153320,0.487305,-7.656250,12.398438,2.775391,21509,18137,20000,19858,0.450000,-0.550000,0.300000,0.000000,1772898049535.479,0.650173,-1.155718,0.491037,0.000000,0.000000,0.000000,1.000000,position_only
2026-03-07T15:40:49.553227+00:00,1772898049553.226,0.620605,-1.155273,0.485596,-7.800781,11.335938,2.654297,21029,18351,19715,20083,0.450000,-0.550000,0.300000,0.000000,1772898049552.518,0.631442,-1.157929,0.490176,0.000000,0.000000,0.000000,1.000000,position_only
2026-03-07T15:40:49.561672+00:00,1772898049561.671,0.621582,-1.156250,0.486084,-7.792969,11.312500,2.646484,21296,18353,19846,19989,0.450000,-0.550000,0.300000,0.000000,1772898049561.055,0.621430,-1.158716,0.489873,0.000000,0.000000,0.000000,1.000000,position_only
2026-03-07T15:40:49.571161+00:00,1772898049571.160,0.607910,-1.157227,0.485596,-7.851562,10.726562,2.546875,21271,18289,19851,19886,0.450000,-0.550000,0.300000,0.000000,1772898049569.721,0.611618,-1.159350,0.489878,0.000000,0.000000,0.000000,1.000000,position_only
2026-03-07T15:40:49.581815+00:00,1772898049581.813,0.595215,-1.157227,0.485107,-7.906250,10.203125,2.462891,20996,18423,19605,20088,0.450000,-0.550000,0.300000,0.000000,1772898049578.261,0.601700,-1.160205,0.489649,0.000000,0.000000,0.000000,1.000000,position_only
2026-03-07T15:40:49.593946+00:00,1772898049593.945,0.582031,-1.158203,0.484863,-7.957031,9.593750,2.353516,21142,18435,19608,19989,0.450000,-0.550000,0.300000,0.000000,1772898049586.765,0.591628,-1.160602,0.489897,0.000000,0.000000,0.000000,1.000000,position_only
2026-03-07T15:40:49.601587+00:00,1772898049601.587,0.568848,-1.159180,0.484863,-7.992188,9.054688,2.263672,21228,18262,19692,19781,0.450000,-0.550000,0.300000,0.000000,1772898049595.260,0.581610,-1.161177,0.489814,0.000000,0.000000,0.000000,1.000000,position_only
2026-03-07T15:40:49.612894+00:00,1772898049612.893,0.555176,-1.159180,0.485352,-8.000000,8.406250,2.152344,21150,18385,19420,19948,0.450000,-0.550000,0.300000,0.000000,1772898049612.457,0.561463,-1.162158,0.490465,0.000000,0.000000,0.000000,1.000000,position_only
2026-03-07T15:40:49.622879+00:00,1772898049622.878,0.542969,-1.160156,0.485840,-8.007812,7.796875,2.041016,21065,18378,19231,20000,0.450000,-0.550000,0.300000,0.000000,1772898049620.986,0.551129,-1.162358,0.490843,0.000000,0.000000,0.000000,1.000000,position_only
2026-03-07T15:40:49.632757+00:00,1772898049632.756,0.530273,-1.160156,0.486328,-4.000000,7.156250,1.915039,21176,18323,19218,19867,0.450000,-0.550000,0.300000,0.000000,1772898049629.484,0.540883,-1.162570,0.491481,0.000000,0.000000,0.000000,1.000000,position_only
2026-03-07T15:40:49.640984+00:00,1772898049640.983,0.515137,-1.160156,0.487061,-7.984375,6.468750,1.799805,20999,18315,19013,19990,0.450000,-0.550000,0.300000,0.000000,1772898049637.945,0.530555,-1.162752,0.491992,0.000000,0.000000,0.000000,1.000000,position_only
2026-03-07T15:40:49.653610+00:00,1772898049653.609,0.501953,-1.160156,0.487793,-7.972656,5.789062,1.671875,21054,18204,18958,19922,0.450000,-0.550000,0.300000,0.000000,1772898049646.480,0.520158,-1.162844,0.492603,0.000000,0.000000,0.000000,1.000000,position_only
2026-03-07T15:40:49.662750+00:00,1772898049662.749,0.488770,-1.160156,0.489258,-7.964844,4.953125,1.499023,21043,17966,18952,19890,0.450000,-0.550000,0.300000,0.000000,1772898049654.947,0.508809,-1.162122,0.493866,0.000000,0.000000,0.000000,1.000000,position_only
2026-03-07T15:40:49.672677+00:00,1772898049672.676,0.476074,-1.159180,0.490234,-7.988281,4.210938,1.360352,20857,17969,18765,20009,0.450000,-0.550000,0.300000,0.000000,1772898049672.028,0.488117,-1.161625,0.495738,0.000000,0.000000,0.000000,1.000000,position_only
2026-03-07T15:40:49.681834+00:00,1772898049681.833,0.462158,-1.158203,0.491455,-8.023438,3.347656,1.183594,20911,17784,18831,19794,0.450000,-0.550000,0.300000,0.000000,1772898049680.531,0.477863,-1.161442,0.496797,0.000000,0.000000,0.000000,1.000000,position_only
2026-03-07T15:40:49.691709+00:00,1772898049691.708,0.448730,-1.158203,0.492920,-8.085938,2.597656,1.047852,20822,17678,18809,19735,0.450000,-0.550000,0.300000,0.000000,1772898049689.083,0.467433,-1.161099,0.498022,0.000000,0.000000,0.000000,1.000000,position_only
2026-03-07T15:40:49.705534+00:00,1772898049705.533,0.434326,-1.157227,0.494629,-8.156250,1.765625,0.899414,20548,17715,18607,19792,0.450000,-0.550000,0.300000,0.000000,1772898049697.667,0.457065,-1.160617,0.499298,0.000000,0.000000,0.000000,1.000000,position_only
2026-03-07T15:40:49.712469+00:00,1772898049712.468,0.421387,-1.156250,0.496338,-8.250000,1.000977,0.751465,20458,17582,18613,19746,0.450000,-0.550000,0.300000,0.000000,1772898049706.394,0.446899,-1.160026,0.500525,0.000000,0.000000,0.000000,1.000000,position_only
2026-03-07T15:40:49.721901+00:00,1772898049721.899,0.409668,-1.155273,0.498535,-8.351562,0.112915,0.561035,20469,17372,18579,19682,0.450000,-0.550000,0.300000,0.000000,1772898049714.980,0.436671,-1.159292,0.501987,0.000000,0.000000,0.000000,1.000000,position_only
2026-03-07T15:40:49.733085+00:00,1772898049733.084,0.395264,-1.153320,0.500977,-8.484375,-0.681152,0.421143,20298,17372,18460,19535,0.450000,-0.550000,0.300000,0.000000,1772898049732.243,0.416218,-1.157585,0.505107,0.000000,0.000000,0.000000,1.000000,position_only
2026-03-07T15:40:49.743005+00:00,1772898049743.004,0.382568,-1.152344,0.502930,-8.601562,-1.408203,0.281250,20182,17325,18453,19456,0.450000,-0.550000,0.300000,0.000000,1772898049740.786,0.406048,-1.156662,0.506692,0.000000,0.000000,0.000000,1.000000,position_only
2026-03-07T15:40:49.752050+00:00,1772898049752.048,0.370361,-1.150391,0.504883,-8.695312,-2.113281,0.139526,19956,17378,18091,19499,0.450000,-0.550000,0.300000,0.000000,1772898049749.458,0.395966,-1.155525,0.508435,0.000000,0.000000,0.000000,1.000000,position_only
2026-03-07T15:40:49.765106+00:00,1772898049765.104,0.359131,-1.149414,0.507812,-8.789062,-2.980469,-0.060791,20084,17297,18199,19315,0.450000,-0.550000,0.300000,0.000000,1772898049758.050,0.385924,-1.154427,0.510292,0.000000,0.000000,0.000000,1.000000,position_only
2026-03-07T15:40:49.774988+00:00,1772898049774.987,0.359131,-1.149414,0.507812,-8.789062,-2.980469,-0.060791,19999,17274,17961,19088,0.450000,-0.550000,0.300000,0.000000,1772898049766.649,0.376083,-1.153317,0.512050,0.000000,0.000000,0.000000,1.000000,position_only
2026-03-07T15:40:49.782600+00:00,1772898049782.597,0.348877,-1.147461,0.510254,-8.859375,-3.736328,-0.234741,19902,17275,17666,19224,0.450000,-0.550000,0.300000,0.000000,1772898049775.281,0.366283,-1.152084,0.513998,0.000000,0.000000,0.000000,1.000000,position_only
2026-03-07T15:40:49.792462+00:00,1772898049792.461,0.335693,-1.145508,0.512695,-8.921875,-4.507812,-0.399170,19840,17176,17563,19233,0.450000,-0.550000,0.300000,0.000000,1772898049792.328,0.346607,-1.148668,0.518020,0.000000,0.000000,0.000000,1.000000,position_only
2026-03-07T15:40:49.803268+00:00,1772898049803.267,0.323975,-1.143555,0.515137,-8.953125,-5.234375,-0.566895,19848,17057,17447,18851,0.450000,-0.550000,0.300000,0.000000,1772898049800.865,0.337033,-1.147228,0.520060,0.000000,0.000000,0.000000,1.000000,position_only
2026-03-07T15:40:49.813802+00:00,1772898049813.801,0.312744,-1.141602,0.517578,-8.953125,-5.964844,-0.738770,19875,16883,17358,18881,0.450000,-0.550000,0.300000,0.000000,1772898049809.647,0.327648,-1.145435,0.522159,0.000000,0.000000,0.000000,1.000000,position_only
2026-03-07T15:40:49.822861+00:00,1772898049822.860,0.300537,-1.138672,0.520508,-8.953125,-6.777344,-0.912109,19698,16927,17097,18616,0.450000,-0.550000,0.300000,0.000000,1772898049818.192,0.318402,-1.143784,0.524217,0.000000,0.000000,0.000000,1.000000,position_only
2026-03-07T15:40:49.831875+00:00,1772898049831.874,0.290039,-1.136719,0.522949,-8.921875,-7.527344,-1.083008,19572,16979,16855,18744,0.450000,-0.550000,0.300000,0.000000,1772898049826.647,0.309082,-1.141846,0.526396,0.000000,0.000000,0.000000,1.000000,position_only
2026-03-07T15:40:49.841614+00:00,1772898049841.613,0.278564,-1.133789,0.526367,-8.867188,-8.351562,-1.285156,19543,16729,16686,18492,0.450000,-0.550000,0.300000,0.000000,1772898049835.285,0.291227,-1.137962,0.530638,0.000000,0.000000,0.000000,1.000000,position_only
2026-03-07T15:40:49.852334+00:00,1772898049852.333,0.267578,-1.131836,0.529297,-8.828125,-9.078125,-1.446289,19489,16661,16610,18427,0.450000,-0.550000,0.300000,0.000000,1772898049843.900,0.282498,-1.135727,0.532811,0.000000,0.000000,0.000000,1.000000,position_only
2026-03-07T15:40:49.864163+00:00,1772898049864.161,0.255615,-1.127930,0.532227,-8.773438,-9.898438,-1.626953,19489,16525,16470,18503,0.450000,-0.550000,0.300000,0.000000,1772898049861.019,0.265280,-1.131309,0.537247,0.000000,0.000000,0.000000,1.000000,position_only
2026-03-07T15:40:49.873516+00:00,1772898049873.515,0.245361,-1.125000,0.535156,-8.703125,-10.640625,-1.796875,19174,16650,16163,18275,0.450000,-0.550000,0.300000,0.000000,1772898049869.780,0.257047,-1.128994,0.539432,0.000000,0.000000,0.000000,1.000000,position_only
2026-03-07T15:40:49.885353+00:00,1772898049885.352,0.233521,-1.122070,0.538574,-8.632812,-11.421875,-1.967773,19236,16378,16259,18217,0.450000,-0.550000,0.300000,0.000000,1772898049878.276,0.257047,-1.128994,0.539432,0.000000,0.000000,0.000000,1.000000,position_only
2026-03-07T15:40:49.893779+00:00,1772898049893.778,0.223877,-1.118164,0.541504,-8.570312,-12.140625,-2.130859,19110,16313,16269,17685,0.450000,-0.550000,0.300000,0.000000,1772898049886.768,0.240996,-1.123943,0.543781,0.000000,0.000000,0.000000,1.000000,position_only
2026-03-07T15:40:49.904549+00:00,1772898049904.549,0.215576,-1.115234,0.544434,-8.492188,-12.843750,-2.302734,18990,16250,16147,17880,0.450000,-0.550000,0.300000,0.000000,1772898049904.119,0.225604,-1.118804,0.548125,0.000000,0.000000,0.000000,1.000000,position_only
2026-03-07T15:40:49.911546+00:00,1772898049911.545,0.206421,-1.112305,0.546875,-8.453125,-13.507812,-2.451172,18608,16435,15722,17857,0.450000,-0.550000,0.300000,0.000000,1772898049904.119,0.225604,-1.118804,0.548125,0.000000,0.000000,0.000000,1.000000,position_only
2026-03-07T15:40:49.923278+00:00,1772898049923.277,0.197632,-1.108398,0.549805,-8.421875,-14.164062,-2.617188,18771,16173,15924,17597,0.450000,-0.550000,0.300000,0.000000,1772898049921.232,0.210883,-1.113260,0.552394,0.000000,0.000000,0.000000,1.000000,position_only
2026-03-07T15:40:49.932447+00:00,1772898049932.446,0.189209,-1.105469,0.552246,-8.375000,-14.781250,-2.761719,18639,16184,15747,17830,0.450000,-0.550000,0.300000,0.000000,1772898049929.707,0.203879,-1.110368,0.554420,0.000000,0.000000,0.000000,1.000000,position_only
2026-03-07T15:40:49.943006+00:00,1772898049943.006,0.180542,-1.101562,0.555176,-8.351562,-15.382812,-2.894531,18369,16216,15546,17565,0.450000,-0.550000,0.300000,0.000000,1772898049938.395,0.196946,-1.107405,0.556535,0.000000,0.000000,0.000000,1.000000,position_only
2026-03-07T15:40:49.954602+00:00,1772898049954.602,0.172241,-1.097656,0.557617,-8.335938,-15.960938,-3.029297,18307,16207,15545,17598,0.450000,-0.550000,0.300000,0.000000,1772898049946.885,0.190228,-1.104399,0.558506,0.000000,0.000000,0.000000,1.000000,position_only
2026-03-07T15:40:49.961685+00:00,1772898049961.684,0.164429,-1.093750,0.560059,-8.312500,-16.515625,-3.166016,18123,16203,15418,17263,0.450000,-0.550000,0.300000,0.000000,1772898049955.381,0.183799,-1.101283,0.560428,0.000000,0.000000,0.000000,1.000000,position_only
2026-03-07T15:40:49.973304+00:00,1772898049973.303,0.158447,-1.089844,0.562500,-8.273438,-17.078125,-3.351562,18125,16150,15391,17359,0.450000,-0.550000,0.300000,0.000000,1772898049972.760,0.171463,-1.094858,0.564058,0.000000,0.000000,0.000000,1.000000,position_only
2026-03-07T15:40:49.982538+00:00,1772898049982.538,0.151611,-1.085938,0.564941,-8.250000,-17.593750,-3.490234,17914,16191,15266,17134,0.450000,-0.550000,0.300000,0.000000,1772898049981.401,0.165616,-1.091695,0.565771,0.000000,0.000000,0.000000,1.000000,position_only
2026-03-07T15:40:49.992354+00:00,1772898049992.353,0.143799,-1.082031,0.567383,-8.242188,-18.109375,-3.607422,18024,15986,15476,16977,0.450000,-0.550000,0.300000,0.000000,1772898049990.021,0.159857,-1.088183,0.567543,0.000000,0.000000,0.000000,1.000000,position_only
2026-03-07T15:40:50.003188+00:00,1772898050003.187,0.137207,-1.077148,0.569336,-8.242188,-18.546875,-3.705078,18073,15898,15556,16995,0.450000,-0.550000,0.300000,0.000000,1772898049998.531,0.154554,-1.084768,0.569301,0.000000,0.000000,0.000000,1.000000,position_only
2026-03-07T15:40:50.012962+00:00,1772898050012.960,0.131104,-1.073242,0.571289,-8.242188,-18.984375,-3.800781,17725,16020,15373,16877,0.450000,-0.550000,0.300000,0.000000,1772898050007.073,0.149326,-1.081267,0.570779,0.000000,0.000000,0.000000,1.000000,position_only
2026-03-07T15:40:50.022682+00:00,1772898050022.681,0.126709,-1.069336,0.573242,-8.250000,-19.421875,-3.958984,17795,15990,15382,16933,0.450000,-0.550000,0.300000,0.000000,1772898050015.707,0.144362,-1.077701,0.572210,0.000000,0.000000,0.000000,1.000000,position_only
2026-03-07T15:40:50.031878+00:00,1772898050031.877,0.120117,-1.064453,0.574707,-8.273438,-19.765625,-4.003906,17541,16140,15264,16709,0.450000,-0.550000,0.300000,0.000000,1772898050024.308,0.139615,-1.074098,0.573595,0.000000,0.000000,0.000000,1.000000,position_only
2026-03-07T15:40:50.041624+00:00,1772898050041.623,0.116760,-1.060547,0.576172,-8.265625,-20.156250,-4.171875,17590,16130,15272,16803,0.450000,-0.550000,0.300000,0.000000,1772898050041.364,0.130791,-1.066783,0.576070,0.000000,0.000000,0.000000,1.000000,position_only
2026-03-07T15:40:50.053412+00:00,1772898050053.411,0.111877,-1.055664,0.577637,-8.281250,-20.484375,-4.246094,17466,16181,15218,16636,0.450000,-0.550000,0.300000,0.000000,1772898050050.111,0.126721,-1.062999,0.577259,0.000000,0.000000,0.000000,1.000000,position_only
2026-03-07T15:40:50.062655+00:00,1772898050062.654,0.107422,-1.051758,0.579102,-8.312500,-20.812500,-4.328125,17448,16178,15301,16652,0.450000,-0.550000,0.300000,0.000000,1772898050058.682,0.122868,-1.059231,0.578179,0.000000,0.000000,0.000000,1.000000,position_only
2026-03-07T15:40:50.074837+00:00,1772898050074.836,0.103394,-1.046875,0.580078,-8.328125,-21.109375,-4.402344,17534,16124,15287,16793,0.450000,-0.550000,0.300000,0.000000,1772898050067.186,0.119100,-1.055317,0.578938,0.000000,0.000000,0.000000,1.000000,position_only
2026-03-07T15:40:50.082611+00:00,1772898050082.610,0.099304,-1.041016,0.581055,-8.351562,-21.437500,-4.488281,17379,16262,15214,16657,0.450000,-0.550000,0.300000,0.000000,1772898050076.090,0.115670,-1.051308,0.579750,0.000000,0.000000,0.000000,1.000000,position_only
2026-03-07T15:40:50.092474+00:00,1772898050092.473,0.097351,-1.037109,0.581543,-8.367188,-21.750000,-4.644531,17541,16175,15384,16626,0.450000,-0.550000,0.300000,0.000000,1772898050084.590,0.112418,-1.047262,0.580518,0.000000,0.000000,0.000000,1.000000,position_only
2026-03-07T15:40:50.103145+00:00,1772898050103.144,0.093872,-1.032227,0.582031,-8.398438,-22.015625,-4.691406,17430,16321,15337,16539,0.450000,-0.550000,0.300000,0.000000,1772898050101.651,0.106752,-1.039031,0.581643,0.000000,0.000000,0.000000,1.000000,position_only
2026-03-07T15:40:50.113812+00:00,1772898050113.811,0.091248,-1.026367,0.582520,-8.429688,-22.265625,-4.750000,17477,16292,15380,16703,0.450000,-0.550000,0.300000,0.000000,1772898050110.183,0.101933,-1.030700,0.582176,0.000000,0.000000,0.000000,1.000000,position_only
2026-03-07T15:40:50.123219+00:00,1772898050123.218,0.088562,-1.020508,0.583008,-8.484375,-22.515625,-4.781250,17351,16556,15417,16582,0.450000,-0.550000,0.300000,0.000000,1772898050118.717,0.099977,-1.026467,0.582333,0.000000,0.000000,0.000000,1.000000,position_only
2026-03-07T15:40:50.134156+00:00,1772898050134.155,0.089417,-1.021484,0.583008,-8.476562,-22.546875,-4.820312,17610,16338,15755,16183,0.450000,-0.550000,0.300000,0.000000,1772898050127.328,0.098026,-1.022077,0.582372,0.000000,0.000000,0.000000,1.000000,position_only
2026-03-07T15:40:50.143922+00:00,1772898050143.921,0.087463,-1.015625,0.583008,-8.515625,-22.750000,-4.871094,17608,16378,15682,16462,0.450000,-0.550000,0.300000,0.000000,1772898050135.828,0.096401,-1.017566,0.582317,0.000000,0.000000,0.000000,1.000000,position_only
2026-03-07T15:40:50.153764+00:00,1772898050153.763,0.086182,-1.009766,0.582520,-8.539062,-22.953125,-4.878906,17612,16526,15874,16273,0.450000,-0.550000,0.300000,0.000000,1772898050152.890,0.093846,-1.008733,0.581795,0.000000,0.000000,0.000000,1.000000,position_only
2026-03-07T15:40:50.162982+00:00,1772898050162.980,0.084778,-1.003906,0.582520,-8.562500,-23.109375,-4.878906,17673,16575,15977,16343,0.450000,-0.550000,0.300000,0.000000,1772898050161.457,0.093093,-1.004075,0.581402,0.000000,0.000000,0.000000,1.000000,position_only
2026-03-07T15:40:50.174568+00:00,1772898050174.567,0.083984,-0.998047,0.582031,-8.585938,-23.234375,-4.894531,17422,17023,15831,16549,0.450000,-0.550000,0.300000,0.000000,1772898050169.943,0.093093,-1.004075,0.581402,0.000000,0.000000,0.000000,1.000000,position_only
2026-03-07T15:40:50.185956+00:00,1772898050185.955,0.084167,-0.993164,0.581055,-8.601562,-23.343750,-4.957031,17569,16989,15960,16582,0.450000,-0.550000,0.300000,0.000000,1772898050178.529,0.092083,-0.994823,0.580167,0.000000,0.000000,0.000000,1.000000,position_only
2026-03-07T15:40:50.196472+00:00,1772898050196.470,0.083679,-0.980469,0.579102,-8.648438,-23.484375,-4.917969,17790,17128,16280,16646,0.450000,-0.550000,0.300000,0.000000,1772898050195.647,0.091742,-0.985096,0.578597,0.000000,0.000000,0.000000,1.000000,position_only
2026-03-07T15:40:50.202627+00:00,1772898050202.626,0.083679,-0.980469,0.579102,-8.648438,-23.484375,-4.917969,17686,17325,16228,16612,0.450000,-0.550000,0.300000,0.000000,1772898050195.647,0.091742,-0.985096,0.578597,0.000000,0.000000,0.000000,1.000000,position_only
2026-03-07T15:40:50.214035+00:00,1772898050214.034,0.084900,-0.974121,0.577637,-8.648438,-23.562500,-4.949219,17888,17187,16391,16700,0.450000,-0.550000,0.300000,0.000000,1772898050212.814,0.092500,-0.975409,0.576433,0.000000,0.000000,0.000000,1.000000,position_only
2026-03-07T15:40:50.224012+00:00,1772898050224.011,0.085876,-0.968262,0.576172,-8.648438,-23.578125,-4.957031,18007,17471,16577,16628,0.450000,-0.550000,0.300000,0.000000,1772898050221.310,0.093319,-0.970428,0.575214,0.000000,0.000000,0.000000,1.000000,position_only
2026-03-07T15:40:50.233238+00:00,1772898050233.237,0.087402,-0.961914,0.574707,-8.632812,-23.593750,-4.964844,18081,17496,16583,16847,0.450000,-0.550000,0.300000,0.000000,1772898050229.828,0.094178,-0.965475,0.573899,0.000000,0.000000,0.000000,1.000000,position_only
2026-03-07T15:40:50.242446+00:00,1772898050242.445,0.089172,-0.955566,0.572754,-8.617188,-23.609375,-4.941406,18218,17742,16932,16774,0.450000,-0.550000,0.300000,0.000000,1772898050238.535,0.095494,-0.960328,0.572635,0.000000,0.000000,0.000000,1.000000,position_only
2026-03-07T15:40:50.254650+00:00,1772898050254.649,0.091553,-0.948730,0.570801,-8.617188,-23.593750,-4.953125,18430,17630,17107,16835,0.450000,-0.550000,0.300000,0.000000,1772898050247.056,0.096971,-0.955145,0.571129,0.000000,0.000000,0.000000,1.000000,position_only
2026-03-07T15:40:50.263476+00:00,1772898050263.475,0.094055,-0.942383,0.568848,-8.601562,-23.578125,-4.886719,18316,17777,17031,17174,0.450000,-0.550000,0.300000,0.000000,1772898050255.061,0.098635,-0.950010,0.569494,0.000000,0.000000,0.000000,1.000000,position_only
2026-03-07T15:40:50.273400+00:00,1772898050273.400,0.097168,-0.936523,0.566895,-8.585938,-23.531250,-4.925781,18423,18174,17368,17075,0.450000,-0.550000,0.300000,0.000000,1772898050272.154,0.102645,-0.939434,0.566075,0.000000,0.000000,0.000000,1.000000,position_only
2026-03-07T15:40:50.283613+00:00,1772898050283.612,0.100769,-0.929199,0.563965,-8.585938,-23.437500,-4.859375,18503,18204,17463,17213,0.450000,-0.550000,0.300000,0.000000,1772898050280.893,0.104954,-0.933900,0.564324,0.000000,0.000000,0.000000,1.000000,position_only
2026-03-07T15:40:50.292785+00:00,1772898050292.785,0.104431,-0.922363,0.561523,-8.562500,-23.296875,-4.804688,18750,18498,17891,17091,0.450000,-0.550000,0.300000,0.000000,1772898050289.634,0.107459,-0.928555,0.562426,0.000000,0.000000,0.000000,1.000000,position_only
2026-03-07T15:40:50.304912+00:00,1772898050304.912,0.108826,-0.915039,0.558594,-8.523438,-23.109375,-4.730469,18803,18495,17997,17237,0.450000,-0.550000,0.300000,0.000000,1772898050298.130,0.110280,-0.923010,0.560514,0.000000,0.000000,0.000000,1.000000,position_only
2026-03-07T15:40:50.314195+00:00,1772898050314.194,0.113098,-0.908691,0.556152,-8.492188,-22.921875,-4.679688,18863,18990,18196,17379,0.450000,-0.550000,0.300000,0.000000,1772898050306.590,0.113370,-0.917448,0.558453,0.000000,0.000000,0.000000,1.000000,position_only
2026-03-07T15:40:50.323443+00:00,1772898050323.442,0.118896,-0.900879,0.552734,-8.453125,-22.656250,-4.628906,18909,18995,18235,17589,0.450000,-0.550000,0.300000,0.000000,1772898050315.074,0.116570,-0.911793,0.556267,0.000000,0.000000,0.000000,1.000000,position_only
2026-03-07T15:40:50.334240+00:00,1772898050334.239,0.124023,-0.893555,0.550293,-8.429688,-22.437500,-4.566406,18918,18992,18266,17550,0.450000,-0.550000,0.300000,0.000000,1772898050332.345,0.123978,-0.900397,0.551886,0.000000,0.000000,0.000000,1.000000,position_only
2026-03-07T15:40:50.343750+00:00,1772898050343.749,0.129395,-0.886719,0.547363,-8.406250,-22.203125,-4.511719,19169,19376,18573,17798,0.450000,-0.550000,0.300000,0.000000,1772898050340.821,0.127773,-0.894586,0.549642,0.000000,0.000000,0.000000,1.000000,position_only
2026-03-07T15:40:50.353011+00:00,1772898050353.010,0.135132,-0.879883,0.544434,-8.375000,-21.968750,-4.468750,19088,19434,18471,18147,0.450000,-0.550000,0.300000,0.000000,1772898050349.310,0.132025,-0.888599,0.547330,0.000000,0.000000,0.000000,1.000000,position_only
2026-03-07T15:40:50.365145+00:00,1772898050365.144,0.141357,-0.873047,0.541504,-8.343750,-21.687500,-4.492188,19546,19575,19031,17727,0.450000,-0.550000,0.300000,0.000000,1772898050357.791,0.136448,-0.882757,0.545076,0.000000,0.000000,0.000000,1.000000,position_only
2026-03-07T15:40:50.373700+00:00,1772898050373.699,0.141357,-0.873047,0.541504,-8.343750,-21.687500,-4.492188,19493,19613,19059,17941,0.450000,-0.550000,0.300000,0.000000,1772898050366.319,0.141099,-0.876709,0.542702,0.000000,0.000000,0.000000,1.000000,position_only
2026-03-07T15:40:50.385193+00:00,1772898050385.191,0.147705,-0.865723,0.538574,-8.312500,-21.421875,-4.433594,19673,19997,19306,18113,0.450000,-0.550000,0.300000,0.000000,1772898050383.590,0.151098,-0.864617,0.537948,0.000000,0.000000,0.000000,1.000000,position_only
2026-03-07T15:40:50.393849+00:00,1772898050393.849,0.155151,-0.857910,0.535156,-8.296875,-21.125000,-4.363281,19589,20113,19153,18431,0.450000,-0.550000,0.300000,0.000000,1772898050392.193,0.156425,-0.858346,0.535527,0.000000,0.000000,0.000000,1.000000,position_only
2026-03-07T15:40:50.403842+00:00,1772898050403.841,0.161987,-0.850586,0.532227,-8.281250,-20.843750,-4.316406,19778,19899,19437,18323,0.450000,-0.550000,0.300000,0.000000,1772898050400.766,0.161958,-0.852065,0.533132,0.000000,0.000000,0.000000,1.000000,position_only
2026-03-07T15:40:50.415809+00:00,1772898050415.808,0.169922,-0.842285,0.528809,-8.250000,-20.484375,-4.257812,19997,20185,19753,18448,0.450000,-0.550000,0.300000,0.000000,1772898050409.530,0.167736,-0.845776,0.530773,0.000000,0.000000,0.000000,1.000000,position_only
2026-03-07T15:40:50.426341+00:00,1772898050426.340,0.186035,-0.826660,0.522461,-8.226562,-19.843750,-4.070312,19832,20300,19702,18782,0.450000,-0.550000,0.300000,0.000000,1772898050418.086,0.173678,-0.839302,0.528484,0.000000,0.000000,0.000000,1.000000,position_only
2026-03-07T15:40:50.433476+00:00,1772898050433.475,0.186035,-0.826660,0.522461,-8.226562,-19.843750,-4.070312,20018,20665,19977,18771,0.450000,-0.550000,0.300000,0.000000,1772898050426.586,0.179804,-0.832890,0.526156,0.000000,0.000000,0.000000,1.000000,position_only
2026-03-07T15:40:50.444065+00:00,1772898050444.064,0.194702,-0.818359,0.519531,-8.210938,-19.406250,-4.027344,20122,20541,20029,18804,0.450000,-0.550000,0.300000,0.000000,1772898050443.678,0.199686,-0.813000,0.519454,0.000000,0.000000,0.000000,1.000000,position_only
2026-03-07T15:40:50.453272+00:00,1772898050453.271,0.203613,-0.810059,0.516602,-8.195312,-19.046875,-3.931641,20289,20871,20282,18910,0.450000,-0.550000,0.300000,0.000000,1772898050452.249,0.206587,-0.806395,0.517287,0.000000,0.000000,0.000000,1.000000,position_only
2026-03-07T15:40:50.463788+00:00,1772898050463.787,0.213623,-0.801270,0.513672,-8.164062,-18.609375,-3.832031,20218,20869,20159,19157,0.450000,-0.550000,0.300000,0.000000,1772898050460.797,0.213961,-0.799470,0.515132,0.000000,0.000000,0.000000,1.000000,position_only
2026-03-07T15:40:50.473707+00:00,1772898050473.706,0.223511,-0.792480,0.510742,-8.148438,-18.234375,-3.714844,20363,20778,20285,19015,0.450000,-0.550000,0.300000,0.000000,1772898050469.287,0.221367,-0.792548,0.513072,0.000000,0.000000,0.000000,1.000000,position_only
2026-03-07T15:40:50.485441+00:00,1772898050485.440,0.234741,-0.782715,0.507324,-8.078125,-17.781250,-3.585938,20674,20904,20588,19043,0.450000,-0.550000,0.300000,0.000000,1772898050477.789,0.228859,-0.785584,0.511198,0.000000,0.000000,0.000000,1.000000,position_only
2026-03-07T15:40:50.493957+00:00,1772898050493.956,0.244385,-0.774414,0.505371,-4.000000,-17.359375,-3.501953,20602,20938,20420,19196,0.450000,-0.550000,0.300000,0.000000,1772898050486.458,0.236574,-0.778546,0.509313,0.000000,0.000000,0.000000,1.000000,position_only
2026-03-07T15:40:50.503944+00:00,1772898050503.943,0.255615,-0.764648,0.502441,-7.886719,-16.875000,-3.404297,20732,21304,20563,19217,0.450000,-0.550000,0.300000,0.000000,1772898050503.461,0.252569,-0.764346,0.505670,0.000000,0.000000,0.000000,1.000000,position_only
2026-03-07T15:40:50.513066+00:00,1772898050513.065,0.266602,-0.755371,0.500000,-7.765625,-16.437500,-3.289062,20714,21212,20498,19340,0.450000,-0.550000,0.300000,0.000000,1772898050511.953,0.261001,-0.757138,0.504144,0.000000,0.000000,0.000000,1.000000,position_only
2026-03-07T15:40:50.524192+00:00,1772898050524.191,0.279053,-0.745117,0.497803,-7.613281,-15.929688,-3.169922,21069,21273,20854,19043,0.450000,-0.550000,0.300000,0.000000,1772898050520.444,0.269416,-0.749842,0.502648,0.000000,0.000000,0.000000,1.000000,position_only
2026-03-07T15:40:50.534186+00:00,1772898050534.185,0.289551,-0.736816,0.496094,-7.414062,-15.390625,-3.082031,20966,21338,20684,19221,0.450000,-0.550000,0.300000,0.000000,1772898050528.959,0.278050,-0.742499,0.501246,0.000000,0.000000,0.000000,1.000000,position_only
2026-03-07T15:40:50.543912+00:00,1772898050543.911,0.301758,-0.726562,0.494141,-7.183594,-14.804688,-2.980469,20861,21273,20685,19200,0.450000,-0.550000,0.300000,0.000000,1772898050537.452,0.286777,-0.735094,0.499993,0.000000,0.000000,0.000000,1.000000,position_only
2026-03-07T15:40:50.554616+00:00,1772898050554.615,0.312988,-0.717773,0.492676,-6.968750,-14.242188,-2.898438,20912,21720,20664,19297,0.450000,-0.550000,0.300000,0.000000,1772898050554.443,0.304791,-0.720070,0.497652,0.000000,0.000000,0.000000,1.000000,position_only
2026-03-07T15:40:50.564409+00:00,1772898050564.408,0.325195,-0.708008,0.491211,-6.753906,-13.687500,-2.792969,20950,21430,20742,19119,0.450000,-0.550000,0.300000,0.000000,1772898050563.133,0.313967,-0.712571,0.496746,0.000000,0.000000,0.000000,1.000000,position_only
2026-03-07T15:40:50.574092+00:00,1772898050574.092,0.338623,-0.697266,0.489746,-6.484375,-13.031250,-2.664062,21127,21430,20964,18984,0.450000,-0.550000,0.300000,0.000000,1772898050571.974,0.323359,-0.704883,0.496055,0.000000,0.000000,0.000000,1.000000,position_only
2026-03-07T15:40:50.584167+00:00,1772898050584.166,0.350830,-0.687988,0.488770,-6.242188,-12.406250,-2.554688,20855,21477,20754,19174,0.450000,-0.550000,0.300000,0.000000,1772898050580.508,0.332785,-0.697185,0.495287,0.000000,0.000000,0.000000,1.000000,position_only
2026-03-07T15:40:50.595570+00:00,1772898050595.569,0.364502,-0.677246,0.487793,-5.980469,-11.703125,-2.455078,20823,21680,20668,19199,0.450000,-0.550000,0.300000,0.000000,1772898050589.010,0.342407,-0.689413,0.494802,0.000000,0.000000,0.000000,1.000000,position_only
2026-03-07T15:40:50.604657+00:00,1772898050604.656,0.375732,-0.668457,0.487793,-5.726562,-11.007812,-2.388672,20829,21486,20775,18957,0.450000,-0.550000,0.300000,0.000000,1772898050597.500,0.351949,-0.681715,0.494452,0.000000,0.000000,0.000000,1.000000,position_only
2026-03-07T15:40:50.614437+00:00,1772898050614.437,0.374756,-0.668945,0.488281,-5.714844,-10.968750,-2.404297,20777,21505,20759,18954,0.450000,-0.550000,0.300000,0.000000,1772898050606.021,0.361706,-0.673829,0.494210,0.000000,0.000000,0.000000,1.000000,position_only
2026-03-07T15:40:50.624510+00:00,1772898050624.509,0.388672,-0.658203,0.487793,-5.433594,-10.218750,-2.287109,20757,21570,20645,19000,0.450000,-0.550000,0.300000,0.000000,1772898050623.130,0.381593,-0.658082,0.494188,0.000000,0.000000,0.000000,1.000000,position_only
2026-03-07T15:40:50.632987+00:00,1772898050632.986,0.401367,-0.648438,0.487793,-5.183594,-9.531250,-2.203125,20698,21353,20649,18956,0.450000,-0.550000,0.300000,0.000000,1772898050631.626,0.391647,-0.650224,0.494358,0.000000,0.000000,0.000000,1.000000,position_only
2026-03-07T15:40:50.648601+00:00,1772898050648.600,0.415039,-0.637695,0.488037,-4.917969,-8.773438,-2.113281,20665,21347,20622,18860,0.450000,-0.550000,0.300000,0.000000,1772898050640.112,0.401670,-0.642257,0.494714,0.000000,0.000000,0.000000,1.000000,position_only
2026-03-07T15:40:50.656325+00:00,1772898050656.325,0.427246,-0.628418,0.488525,-4.675781,-8.078125,-2.037109,20613,21184,20601,18768,0.450000,-0.550000,0.300000,0.000000,1772898050648.660,0.411884,-0.634265,0.495189,0.000000,0.000000,0.000000,1.000000,position_only
2026-03-07T15:40:50.664362+00:00,1772898050664.361,0.439209,-0.618652,0.489746,-4.453125,-7.363281,-1.958984,20661,21038,20665,18494,0.450000,-0.550000,0.300000,0.000000,1772898050657.495,0.422027,-0.626208,0.495875,0.000000,0.000000,0.000000,1.000000,position_only
2026-03-07T15:40:50.674353+00:00,1772898050674.352,0.453613,-0.607910,0.490479,-4.218750,-6.593750,-1.851562,20424,21023,20407,18690,0.450000,-0.550000,0.300000,0.000000,1772898050665.942,0.432282,-0.618063,0.496689,0.000000,0.000000,0.000000,1.000000,position_only
2026-03-07T15:40:50.684218+00:00,1772898050684.217,0.466064,-0.598145,0.491699,-4.003906,-5.882812,-1.766602,20239,20999,20296,18610,0.450000,-0.550000,0.300000,0.000000,1772898050682.892,0.452862,-0.602035,0.498614,0.000000,0.000000,0.000000,1.000000,position_only
2026-03-07T15:40:50.694168+00:00,1772898050694.167,0.479980,-0.587402,0.493164,-3.759766,-5.097656,-1.688477,20395,20699,20446,18192,0.450000,-0.550000,0.300000,0.000000,1772898050691.451,0.463301,-0.593924,0.499814,0.000000,0.000000,0.000000,1.000000,position_only
2026-03-07T15:40:50.703262+00:00,1772898050703.261,0.493408,-0.577148,0.494629,-3.552734,-4.382812,-1.587891,20146,20677,20281,18260,0.450000,-0.550000,0.300000,0.000000,1772898050700.054,0.473616,-0.585784,0.501156,0.000000,0.000000,0.000000,1.000000,position_only
2026-03-07T15:40:50.715193+00:00,1772898050715.192,0.508301,-0.565918,0.496582,-3.326172,-3.585938,-1.480469,20062,20600,20057,18108,0.450000,-0.550000,0.300000,0.000000,1772898050708.587,0.483902,-0.577596,0.502594,0.000000,0.000000,0.000000,1.000000,position_only
2026-03-07T15:40:50.724384+00:00,1772898050724.383,0.519043,-0.557129,0.499023,-3.058594,-2.771484,-1.410156,20076,20437,20204,17708,0.450000,-0.550000,0.300000,0.000000,1772898050717.113,0.494283,-0.569459,0.504274,0.000000,0.000000,0.000000,1.000000,position_only
2026-03-07T15:40:50.734489+00:00,1772898050734.488,0.532715,-0.546387,0.500977,-2.775391,-1.914062,-1.311523,19864,20376,19928,17643,0.450000,-0.550000,0.300000,0.000000,1772898050734.086,0.514962,-0.553302,0.507839,0.000000,0.000000,0.000000,1.000000,position_only
2026-03-07T15:40:50.743994+00:00,1772898050743.993,0.544922,-0.536621,0.503418,-2.511719,-1.099609,-1.226562,19685,20327,19926,17492,0.450000,-0.550000,0.300000,0.000000,1772898050742.618,0.525250,-0.545208,0.509719,0.000000,0.000000,0.000000,1.000000,position_only
2026-03-07T15:40:50.755768+00:00,1772898050755.767,0.559082,-0.525391,0.506348,-2.250000,-0.218262,-1.123047,19572,20196,19915,17339,0.450000,-0.550000,0.300000,0.000000,1772898050751.296,0.535633,-0.537090,0.511660,0.000000,0.000000,0.000000,1.000000,position_only
2026-03-07T15:40:50.764462+00:00,1772898050764.461,0.571777,-0.515625,0.508789,-1.996094,0.601074,-1.031250,19545,19941,19821,17007,0.450000,-0.550000,0.300000,0.000000,1772898050759.773,0.545757,-0.528893,0.513986,0.000000,0.000000,0.000000,1.000000,position_only
2026-03-07T15:40:50.774513+00:00,1772898050774.512,0.583496,-0.505859,0.512207,-1.672852,1.604492,-0.930176,19360,19904,19873,16777,0.450000,-0.550000,0.300000,0.000000,1772898050768.263,0.555863,-0.520835,0.516159,0.000000,0.000000,0.000000,1.000000,position_only
2026-03-07T15:40:50.784903+00:00,1772898050784.902,0.597656,-0.494873,0.515137,-1.450195,2.423828,-0.826172,19133,19763,19515,16724,0.450000,-0.550000,0.300000,0.000000,1772898050776.970,0.575866,-0.504653,0.521016,0.000000,0.000000,0.000000,1.000000,position_only
2026-03-07T15:40:50.794981+00:00,1772898050794.979,0.610352,-0.483643,0.519043,-1.172852,3.412109,-0.730957,19014,19665,19510,16477,0.450000,-0.550000,0.300000,0.000000,1772898050794.097,0.595680,-0.488562,0.526149,0.000000,0.000000,0.000000,1.000000,position_only
2026-03-07T15:40:50.804266+00:00,1772898050804.265,0.623535,-0.473145,0.522949,-0.922363,4.277344,-0.639160,18920,19381,19220,16296,0.450000,-0.550000,0.300000,0.000000,1772898050802.588,0.605397,-0.480683,0.528753,0.000000,0.000000,0.000000,1.000000,position_only
2026-03-07T15:40:50.815194+00:00,1772898050815.193,0.637207,-0.461914,0.526855,-0.640137,5.210938,-0.547363,18898,19427,19152,16215,0.450000,-0.550000,0.300000,0.000000,1772898050811.580,0.614975,-0.472627,0.531508,0.000000,0.000000,0.000000,1.000000,position_only
2026-03-07T15:40:50.828897+00:00,1772898050828.896,0.648926,-0.451904,0.530273,-0.359131,6.082031,-0.466309,18613,19134,18819,15941,0.450000,-0.550000,0.300000,0.000000,1772898050828.530,0.633921,-0.456836,0.537038,0.000000,0.000000,0.000000,1.000000,position_only
2026-03-07T15:40:50.835800+00:00,1772898050835.799,0.646973,-0.452881,0.530762,-0.325928,6.140625,-0.467041,18499,19179,18712,16007,0.450000,-0.550000,0.300000,0.000000,1772898050828.530,0.633921,-0.456836,0.537038,0.000000,0.000000,0.000000,1.000000,position_only
2026-03-07T15:40:50.845645+00:00,1772898050845.644,0.659668,-0.441895,0.535156,-0.013977,7.101562,-0.391602,18438,19055,18817,15689,0.450000,-0.550000,0.300000,0.000000,1772898050837.082,0.643168,-0.448897,0.539971,0.000000,0.000000,0.000000,1.000000,position_only
2026-03-07T15:40:50.855871+00:00,1772898050855.870,0.671387,-0.431885,0.539062,0.275635,7.957031,-0.318604,18243,18785,18286,15730,0.450000,-0.550000,0.300000,0.000000,1772898050854.319,0.661417,-0.433328,0.545792,0.000000,0.000000,0.000000,1.000000,position_only
2026-03-07T15:40:50.866691+00:00,1772898050866.690,0.683594,-0.420898,0.542969,0.587891,8.859375,-0.248291,18135,18745,18336,15508,0.450000,-0.550000,0.300000,0.000000,1772898050862.790,0.670206,-0.425613,0.548796,0.000000,0.000000,0.000000,1.000000,position_only
2026-03-07T15:40:50.874492+00:00,1772898050874.491,0.694336,-0.411377,0.546875,0.889648,9.679688,-0.189087,18054,18431,18047,15311,0.450000,-0.550000,0.300000,0.000000,1772898050871.302,0.678892,-0.418008,0.551832,0.000000,0.000000,0.000000,1.000000,position_only
2026-03-07T15:40:50.886467+00:00,1772898050886.466,0.705566,-0.401123,0.551270,1.215820,10.554688,-0.119202,17920,18330,18002,15159,0.450000,-0.550000,0.300000,0.000000,1772898050879.852,0.687451,-0.410412,0.554684,0.000000,0.000000,0.000000,1.000000,position_only
2026-03-07T15:40:50.894909+00:00,1772898050894.908,0.716309,-0.391357,0.555176,1.478516,11.296875,-0.076660,17816,18318,17914,15261,0.450000,-0.550000,0.300000,0.000000,1772898050888.461,0.695841,-0.402747,0.557605,0.000000,0.000000,0.000000,1.000000,position_only
2026-03-07T15:40:50.905356+00:00,1772898050905.355,0.727051,-0.380859,0.559570,1.829102,12.226562,-0.009697,17598,18080,17505,15121,0.450000,-0.550000,0.300000,0.000000,1772898050897.078,0.704238,-0.395282,0.560478,0.000000,0.000000,0.000000,1.000000,position_only
2026-03-07T15:40:50.914463+00:00,1772898050914.463,0.737793,-0.370850,0.563965,2.128906,13.000000,0.039612,17734,17832,17773,14810,0.450000,-0.550000,0.300000,0.000000,1772898050914.034,0.720246,-0.380402,0.566352,0.000000,0.000000,0.000000,1.000000,position_only
2026-03-07T15:40:50.924364+00:00,1772898050924.363,0.746582,-0.362061,0.567383,2.396484,13.695312,0.101257,17615,17482,17456,14696,0.450000,-0.550000,0.300000,0.000000,1772898050922.531,0.727920,-0.373119,0.569288,0.000000,0.000000,0.000000,1.000000,position_only
2026-03-07T15:40:50.936587+00:00,1772898050936.586,0.757324,-0.351807,0.571777,2.634766,14.398438,0.151733,17407,17544,17239,14917,0.450000,-0.550000,0.300000,0.000000,1772898050931.017,0.735429,-0.365797,0.572119,0.000000,0.000000,0.000000,1.000000,position_only
2026-03-07T15:40:50.945064+00:00,1772898050945.063,0.764648,-0.343994,0.575195,2.880859,15.046875,0.206299,17532,17081,17166,14549,0.450000,-0.550000,0.300000,0.000000,1772898050939.529,0.742896,-0.358590,0.574885,0.000000,0.000000,0.000000,1.000000,position_only
2026-03-07T15:40:50.956623+00:00,1772898050956.622,0.776367,-0.332031,0.579590,3.076172,15.687500,0.244995,17559,16824,17387,14385,0.450000,-0.550000,0.300000,0.000000,1772898050948.057,0.750151,-0.351511,0.577575,0.000000,0.000000,0.000000,1.000000,position_only
2026-03-07T15:40:50.964482+00:00,1772898050964.481,0.774414,-0.333496,0.579590,3.123047,15.750000,0.272217,17236,17121,17066,14751,0.450000,-0.550000,0.300000,0.000000,1772898050956.661,0.757311,-0.344473,0.580128,0.000000,0.000000,0.000000,1.000000,position_only
2026-03-07T15:40:50.975274+00:00,1772898050975.272,0.791992,-0.314941,0.586426,3.414062,16.859375,0.351318,17187,16646,16964,14537,0.450000,-0.550000,0.300000,0.000000,1772898050973.644,0.770715,-0.330591,0.585513,0.000000,0.000000,0.000000,1.000000,position_only
2026-03-07T15:40:50.985250+00:00,1772898050985.249,0.799316,-0.306641,0.589844,3.525391,17.343750,0.398193,17052,16706,16948,14629,0.450000,-0.550000,0.300000,0.000000,1772898050982.130,0.777214,-0.323694,0.587887,0.000000,0.000000,0.000000,1.000000,position_only
2026-03-07T15:40:50.997070+00:00,1772898050997.069,0.797852,-0.307861,0.589844,3.564453,17.390625,0.426270,16954,16473,16448,14752,0.450000,-0.550000,0.300000,0.000000,1772898050990.588,0.783409,-0.316895,0.590433,0.000000,0.000000,0.000000,1.000000,position_only
2026-03-07T15:40:51.005833+00:00,1772898051005.831,0.812500,-0.290527,0.595703,3.736328,18.343750,0.508301,16969,16412,16796,14516,0.450000,-0.550000,0.300000,0.000000,1772898050999.241,0.789335,-0.310191,0.592775,0.000000,0.000000,0.000000,1.000000,position_only
2026-03-07T15:40:51.015987+00:00,1772898051015.986,0.811523,-0.291504,0.595703,3.763672,18.375000,0.529785,16959,16174,16509,14485,0.450000,-0.550000,0.300000,0.000000,1772898051007.706,0.795213,-0.303499,0.594961,0.000000,0.000000,0.000000,1.000000,position_only
2026-03-07T15:40:51.025201+00:00,1772898051025.200,0.818848,-0.282471,0.599121,3.822266,18.875000,0.587891,16920,16155,16592,14429,0.450000,-0.550000,0.300000,0.000000,1772898051024.648,0.806382,-0.290436,0.599161,0.000000,0.000000,0.000000,1.000000,position_only
2026-03-07T15:40:51.034667+00:00,1772898051034.666,0.824707,-0.274902,0.601562,3.884766,19.312500,0.644043,16767,16354,16511,14531,0.450000,-0.550000,0.300000,0.000000,1772898051033.263,0.811526,-0.283943,0.601201,0.000000,0.000000,0.000000,1.000000,position_only
2026-03-07T15:40:51.045509+00:00,1772898051045.508,0.831055,-0.266357,0.604004,3.949219,19.781250,0.705078,16821,16058,16407,14404,0.450000,-0.550000,0.300000,0.000000,1772898051041.958,0.817225,-0.277850,0.602770,0.000000,0.000000,0.000000,1.000000,position_only
2026-03-07T15:40:51.057602+00:00,1772898051057.601,0.838379,-0.256836,0.606934,4.003906,20.281250,0.749023,16716,16199,16362,14538,0.450000,-0.550000,0.300000,0.000000,1772898051050.458,0.821908,-0.271547,0.604571,0.000000,0.000000,0.000000,1.000000,position_only
2026-03-07T15:40:51.065968+00:00,1772898051065.966,0.844727,-0.247559,0.609375,4.070312,20.750000,0.795898,16684,16086,16137,14610,0.450000,-0.550000,0.300000,0.000000,1772898051059.020,0.826597,-0.265364,0.606287,0.000000,0.000000,0.000000,1.000000,position_only
2026-03-07T15:40:51.075040+00:00,1772898051075.039,0.848145,-0.241089,0.611328,4.191406,21.218750,0.900879,16605,16316,16074,14738,0.450000,-0.550000,0.300000,0.000000,1772898051067.708,0.830908,-0.259219,0.607774,0.000000,0.000000,0.000000,1.000000,position_only
2026-03-07T15:40:51.084819+00:00,1772898051084.818,0.853027,-0.233765,0.612793,4.257812,21.578125,0.930664,16684,16344,16276,14608,0.450000,-0.550000,0.300000,0.000000,1772898051084.740,0.839143,-0.247162,0.610372,0.000000,0.000000,0.000000,1.000000,position_only
2026-03-07T15:40:51.097474+00:00,1772898051097.473,0.857422,-0.225708,0.614746,4.351562,21.953125,0.962891,16823,16207,16065,14691,0.450000,-0.550000,0.300000,0.000000,1772898051093.259,0.842778,-0.241153,0.611587,0.000000,0.000000,0.000000,1.000000,position_only
2026-03-07T15:40:51.105372+00:00,1772898051105.371,0.861328,-0.218872,0.615723,4.453125,22.281250,1.012695,16925,16218,16350,14509,0.450000,-0.550000,0.300000,0.000000,1772898051101.958,0.849581,-0.229730,0.613534,0.000000,0.000000,0.000000,1.000000,position_only
2026-03-07T15:40:51.118699+00:00,1772898051118.698,0.863770,-0.212402,0.616699,4.585938,22.687500,1.113281,16880,16211,15799,14932,0.450000,-0.550000,0.300000,0.000000,1772898051110.467,0.849581,-0.229730,0.613534,0.000000,0.000000,0.000000,1.000000,position_only
2026-03-07T15:40:51.127041+00:00,1772898051127.040,0.867188,-0.205688,0.617676,4.687500,22.984375,1.162109,16937,16383,16193,14824,0.450000,-0.550000,0.300000,0.000000,1772898051118.952,0.855639,-0.218470,0.614922,0.000000,0.000000,0.000000,1.000000,position_only
2026-03-07T15:40:51.136390+00:00,1772898051136.389,0.870117,-0.198608,0.618164,4.773438,23.281250,1.192383,17185,16216,16193,14947,0.450000,-0.550000,0.300000,0.000000,1772898051136.083,0.860489,-0.207511,0.615907,0.000000,0.000000,0.000000,1.000000,position_only
2026-03-07T15:40:51.145514+00:00,1772898051145.513,0.869141,-0.199341,0.618164,4.789062,23.312500,1.213867,17076,16335,15978,15175,0.450000,-0.550000,0.300000,0.000000,1772898051144.789,0.862800,-0.202149,0.616154,0.000000,0.000000,0.000000,1.000000,position_only
2026-03-07T15:40:51.153986+00:00,1772898051153.985,0.872070,-0.191895,0.618652,4.867188,23.609375,1.267578,17081,16392,16270,15124,0.450000,-0.550000,0.300000,0.000000,1772898051153.284,0.864787,-0.196775,0.616199,0.000000,0.000000,0.000000,1.000000,position_only
2026-03-07T15:40:51.165149+00:00,1772898051165.147,0.874023,-0.185425,0.618652,4.945312,23.875000,1.315430,17269,16354,16337,15295,0.450000,-0.550000,0.300000,0.000000,1772898051161.768,0.866596,-0.191560,0.616135,0.000000,0.000000,0.000000,1.000000,position_only
2026-03-07T15:40:51.176519+00:00,1772898051176.518,0.875977,-0.178467,0.618652,5.000000,24.171875,1.382812,17320,16433,16472,15364,0.450000,-0.550000,0.300000,0.000000,1772898051170.293,0.868214,-0.186406,0.615950,0.000000,0.000000,0.000000,1.000000,position_only
2026-03-07T15:40:51.185966+00:00,1772898051185.965,0.877441,-0.171997,0.618652,5.023438,24.437500,1.428711,17450,16543,16554,15587,0.450000,-0.550000,0.300000,0.000000,1772898051178.835,0.869458,-0.181228,0.615611,0.000000,0.000000,0.000000,1.000000,position_only
2026-03-07T15:40:51.194703+00:00,1772898051194.703,0.878906,-0.164917,0.618164,5.042969,24.718750,1.482422,17342,16773,16561,15805,0.450000,-0.550000,0.300000,0.000000,1772898051187.766,0.870555,-0.176347,0.615169,0.000000,0.000000,0.000000,1.000000,position_only
2026-03-07T15:40:51.205985+00:00,1772898051205.985,0.878906,-0.159912,0.617188,5.089844,25.000000,1.573242,17580,16795,16703,16073,0.450000,-0.550000,0.300000,0.000000,1772898051204.786,0.872028,-0.166591,0.613832,0.000000,0.000000,0.000000,1.000000,position_only
2026-03-07T15:40:51.215274+00:00,1772898051215.274,0.879395,-0.153564,0.616211,5.097656,25.281250,1.644531,17731,16834,17006,15996,0.450000,-0.550000,0.300000,0.000000,1772898051213.590,0.872229,-0.161788,0.613075,0.000000,0.000000,0.000000,1.000000,position_only
2026-03-07T15:40:51.225019+00:00,1772898051225.019,0.879395,-0.148193,0.614746,5.101562,25.531250,1.729492,17760,17005,17078,16055,0.450000,-0.550000,0.300000,0.000000,1772898051222.176,0.872376,-0.157087,0.612008,0.000000,0.000000,0.000000,1.000000,position_only
2026-03-07T15:40:51.235020+00:00,1772898051235.019,0.878906,-0.142456,0.613770,5.093750,25.750000,1.787109,18029,17081,17123,16514,0.450000,-0.550000,0.300000,0.000000,1772898051230.740,0.872292,-0.152465,0.610874,0.000000,0.000000,0.000000,1.000000,position_only
2026-03-07T15:40:51.245717+00:00,1772898051245.717,0.877930,-0.136230,0.611816,5.078125,25.968750,1.863281,18180,17103,17376,16457,0.450000,-0.550000,0.300000,0.000000,1772898051239.327,0.872088,-0.147939,0.609621,0.000000,0.000000,0.000000,1.000000,position_only
2026-03-07T15:40:51.255884+00:00,1772898051255.883,0.876465,-0.131958,0.609863,5.085938,26.140625,1.993164,18357,17499,17194,17039,0.450000,-0.550000,0.300000,0.000000,1772898051247.961,0.871360,-0.143360,0.608289,0.000000,0.000000,0.000000,1.000000,position_only
2026-03-07T15:40:51.264689+00:00,1772898051264.688,0.874512,-0.126343,0.607910,5.105469,26.281250,2.080078,18487,17573,17355,17023,0.450000,-0.550000,0.300000,0.000000,1772898051256.535,0.870579,-0.138998,0.606851,0.000000,0.000000,0.000000,1.000000,position_only
2026-03-07T15:40:51.275021+00:00,1772898051275.020,0.872559,-0.121643,0.605957,5.140625,26.359375,2.167969,19043,17483,17770,17078,0.450000,-0.550000,0.300000,0.000000,1772898051273.530,0.868122,-0.130479,0.603562,0.000000,0.000000,0.000000,1.000000,position_only
2026-03-07T15:40:51.286271+00:00,1772898051286.271,0.870117,-0.116028,0.603516,5.175781,26.453125,2.253906,19039,17742,17683,17384,0.450000,-0.550000,0.300000,0.000000,1772898051282.190,0.866663,-0.126476,0.601790,0.000000,0.000000,0.000000,1.000000,position_only
2026-03-07T15:40:51.298610+00:00,1772898051298.609,0.867188,-0.111267,0.601074,5.210938,26.453125,2.333984,19260,17982,17730,17909,0.450000,-0.550000,0.300000,0.000000,1772898051290.739,0.864931,-0.122384,0.599957,0.000000,0.000000,0.000000,1.000000,position_only
2026-03-07T15:40:51.305496+00:00,1772898051305.494,0.867188,-0.112122,0.601074,5.226562,26.468750,2.378906,19550,17782,17979,17681,0.450000,-0.550000,0.300000,0.000000,1772898051299.442,0.862780,-0.118424,0.597999,0.000000,0.000000,0.000000,1.000000,position_only
2026-03-07T15:40:51.315246+00:00,1772898051315.245,0.860352,-0.101868,0.595703,5.292969,26.406250,2.513672,19556,18067,18173,17846,0.450000,-0.550000,0.300000,0.000000,1772898051307.958,0.860350,-0.114440,0.595987,0.000000,0.000000,0.000000,1.000000,position_only
2026-03-07T15:40:51.325632+00:00,1772898051325.632,0.855469,-0.097351,0.592285,5.339844,26.328125,2.650391,19807,18369,18279,18398,0.450000,-0.550000,0.300000,0.000000,1772898051325.186,0.855298,-0.107067,0.591701,0.000000,0.000000,0.000000,1.000000,position_only
2026-03-07T15:40:51.336396+00:00,1772898051336.396,0.855469,-0.098083,0.592285,5.351562,26.328125,2.691406,19944,18285,18329,18309,0.450000,-0.550000,0.300000,0.000000,1772898051333.670,0.852032,-0.103352,0.589475,0.000000,0.000000,0.000000,1.000000,position_only
2026-03-07T15:40:51.345471+00:00,1772898051345.470,0.851074,-0.093506,0.589355,5.378906,26.218750,2.777344,20204,18414,18553,18756,0.450000,-0.550000,0.300000,0.000000,1772898051342.296,0.848631,-0.099792,0.587166,0.000000,0.000000,0.000000,1.000000,position_only
2026-03-07T15:40:51.357671+00:00,1772898051357.670,0.846191,-0.090088,0.586426,5.406250,26.093750,2.898438,20343,18539,18844,18567,0.450000,-0.550000,0.300000,0.000000,1772898051350.912,0.845042,-0.096362,0.584817,0.000000,0.000000,0.000000,1.000000,position_only
2026-03-07T15:40:51.368796+00:00,1772898051368.795,0.840332,-0.085083,0.583008,5.390625,25.953125,2.943359,20275,18686,18924,18668,0.450000,-0.550000,0.300000,0.000000,1772898051368.064,0.837048,-0.089705,0.579990,0.000000,0.000000,0.000000,1.000000,position_only
2026-03-07T15:40:51.375651+00:00,1772898051375.650,0.834961,-0.081909,0.580078,5.410156,25.843750,3.064453,20535,18953,19200,18985,0.450000,-0.550000,0.300000,0.000000,1772898051368.064,0.837048,-0.089705,0.579990,0.000000,0.000000,0.000000,1.000000,position_only
2026-03-07T15:40:51.385522+00:00,1772898051385.521,0.829102,-0.078308,0.576660,5.414062,25.750000,3.152344,20501,19132,19170,19069,0.450000,-0.550000,0.300000,0.000000,1772898051385.032,0.828124,-0.083547,0.575167,0.000000,0.000000,0.000000,1.000000,position_only
2026-03-07T15:40:51.394846+00:00,1772898051394.845,0.822266,-0.074585,0.573242,5.437500,25.609375,3.248047,20862,19154,19499,19426,0.450000,-0.550000,0.300000,0.000000,1772898051393.756,0.818039,-0.077781,0.570227,0.000000,0.000000,0.000000,1.000000,position_only
2026-03-07T15:40:51.406795+00:00,1772898051406.794,0.815430,-0.071228,0.570312,5.433594,25.453125,3.324219,20909,19339,19569,19310,0.450000,-0.550000,0.300000,0.000000,1772898051402.388,0.812573,-0.074950,0.567787,0.000000,0.000000,0.000000,1.000000,position_only
2026-03-07T15:40:51.418940+00:00,1772898051418.939,0.807129,-0.067383,0.566406,5.449219,25.265625,3.375000,21199,19551,19719,19706,0.450000,-0.550000,0.300000,0.000000,1772898051411.016,0.806868,-0.072198,0.565416,0.000000,0.000000,0.000000,1.000000,position_only
2026-03-07T15:40:51.426549+00:00,1772898051426.548,0.798828,-0.064148,0.562988,5.496094,25.109375,3.439453,21073,19803,19597,19847,0.450000,-0.550000,0.300000,0.000000,1772898051419.514,0.806868,-0.072198,0.565416,0.000000,0.000000,0.000000,1.000000,position_only
2026-03-07T15:40:51.436785+00:00,1772898051436.784,0.790039,-0.060974,0.559570,5.562500,24.828125,3.515625,21152,19916,19685,19677,0.450000,-0.550000,0.300000,0.000000,1772898051428.184,0.794599,-0.067127,0.560721,0.000000,0.000000,0.000000,1.000000,position_only
2026-03-07T15:40:51.446205+00:00,1772898051446.204,0.782227,-0.058685,0.556641,5.656250,24.578125,3.619141,21581,19866,20082,19775,0.450000,-0.550000,0.300000,0.000000,1772898051445.356,0.781141,-0.062299,0.556098,0.000000,0.000000,0.000000,1.000000,position_only
2026-03-07T15:40:51.456523+00:00,1772898051456.522,0.772461,-0.055878,0.553223,5.750000,24.265625,3.708984,21635,19902,19994,19841,0.450000,-0.550000,0.300000,0.000000,1772898051454.204,0.774098,-0.060046,0.553868,0.000000,0.000000,0.000000,1.000000,position_only
2026-03-07T15:40:51.466648+00:00,1772898051466.647,0.762695,-0.053284,0.550293,5.843750,23.937500,3.763672,21894,20048,20180,20030,0.450000,-0.550000,0.300000,0.000000,1772898051462.754,0.766854,-0.058054,0.551760,0.000000,0.000000,0.000000,1.000000,position_only
2026-03-07T15:40:51.478829+00:00,1772898051478.828,0.752930,-0.051300,0.547363,5.964844,23.562500,3.861328,21893,20156,20208,19917,0.450000,-0.550000,0.300000,0.000000,1772898051471.289,0.759396,-0.056113,0.549703,0.000000,0.000000,0.000000,1.000000,position_only
2026-03-07T15:40:51.488024+00:00,1772898051488.023,0.741211,-0.048462,0.544434,6.105469,23.171875,3.902344,22037,20203,20214,20272,0.450000,-0.550000,0.300000,0.000000,1772898051479.786,0.751647,-0.054179,0.547674,0.000000,0.000000,0.000000,1.000000,position_only
2026-03-07T15:40:51.495811+00:00,1772898051495.811,0.730957,-0.046539,0.541504,6.234375,22.718750,3.976562,21951,20388,20063,20378,0.450000,-0.550000,0.300000,0.000000,1772898051488.300,0.743232,-0.052329,0.545878,0.000000,0.000000,0.000000,1.000000,position_only
2026-03-07T15:40:51.505628+00:00,1772898051505.628,0.719238,-0.044891,0.539062,6.378906,22.156250,4.070312,22025,20299,20026,20347,0.450000,-0.550000,0.300000,0.000000,1772898051497.066,0.735039,-0.050700,0.544048,0.000000,0.000000,0.000000,1.000000,position_only
2026-03-07T15:40:51.515444+00:00,1772898051515.444,0.707520,-0.043213,0.536621,6.492188,21.578125,4.128906,22099,20319,20008,20734,0.450000,-0.550000,0.300000,0.000000,1772898051514.225,0.717684,-0.047679,0.540707,0.000000,0.000000,0.000000,1.000000,position_only
2026-03-07T15:40:51.526671+00:00,1772898051526.671,0.694824,-0.041595,0.534180,6.597656,20.906250,4.203125,22046,20318,20035,20659,0.450000,-0.550000,0.300000,0.000000,1772898051522.717,0.708730,-0.046207,0.539227,0.000000,0.000000,0.000000,1.000000,position_only
2026-03-07T15:40:51.535655+00:00,1772898051535.655,0.683105,-0.040375,0.532227,6.664062,20.234375,4.273438,21994,20375,19989,21006,0.450000,-0.550000,0.300000,0.000000,1772898051531.460,0.699408,-0.045035,0.537954,0.000000,0.000000,0.000000,1.000000,position_only
2026-03-07T15:40:51.545481+00:00,1772898051545.480,0.684570,-0.040985,0.533203,6.671875,20.171875,4.339844,22180,20149,20128,20835,0.450000,-0.550000,0.300000,0.000000,1772898051539.993,0.690051,-0.043815,0.536673,0.000000,0.000000,0.000000,1.000000,position_only
2026-03-07T15:40:51.556941+00:00,1772898051556.940,0.669922,-0.039429,0.530762,6.722656,19.437500,4.367188,22117,20098,20086,20864,0.450000,-0.550000,0.300000,0.000000,1772898051548.816,0.680474,-0.042814,0.535482,0.000000,0.000000,0.000000,1.000000,position_only
2026-03-07T15:40:51.566679+00:00,1772898051566.678,0.644043,-0.037750,0.527832,6.750000,17.953125,4.500000,21871,20184,20023,21023,0.450000,-0.550000,0.300000,0.000000,1772898051565.885,0.660840,-0.041117,0.533562,0.000000,0.000000,0.000000,1.000000,position_only
2026-03-07T15:40:51.575825+00:00,1772898051575.824,0.645508,-0.038025,0.528320,6.750000,17.921875,4.539062,21902,20166,19913,21074,0.450000,-0.550000,0.300000,0.000000,1772898051574.427,0.650607,-0.040456,0.532797,0.000000,0.000000,0.000000,1.000000,position_only
2026-03-07T15:40:51.585613+00:00,1772898051585.613,0.631348,-0.037415,0.526855,6.738281,17.062500,4.613281,21916,19961,20048,21061,0.450000,-0.550000,0.300000,0.000000,1772898051583.026,0.640338,-0.039803,0.532153,0.000000,0.000000,0.000000,1.000000,position_only
2026-03-07T15:40:51.597649+00:00,1772898051597.649,0.618652,-0.037048,0.525879,6.722656,16.218750,4.683594,22008,19781,20049,20892,0.450000,-0.550000,0.300000,0.000000,1772898051591.706,0.629868,-0.039274,0.531640,0.000000,0.000000,0.000000,1.000000,position_only
2026-03-07T15:40:51.608340+00:00,1772898051608.338,0.603027,-0.036743,0.525391,6.683594,15.328125,4.746094,21827,19688,20090,20890,0.450000,-0.550000,0.300000,0.000000,1772898051600.328,0.619156,-0.038854,0.531323,0.000000,0.000000,0.000000,1.000000,position_only
2026-03-07T15:40:51.615943+00:00,1772898051615.942,0.589355,-0.036682,0.524902,6.644531,14.476562,4.812500,21772,19709,19865,20868,0.450000,-0.550000,0.300000,0.000000,1772898051608.823,0.608442,-0.038553,0.531145,0.000000,0.000000,0.000000,1.000000,position_only
2026-03-07T15:40:51.625027+00:00,1772898051625.026,0.575684,-0.036926,0.524902,6.605469,13.468750,4.929688,21780,19534,19655,20875,0.450000,-0.550000,0.300000,0.000000,1772898051617.387,0.597574,-0.038399,0.531110,0.000000,0.000000,0.000000,1.000000,position_only
2026-03-07T15:40:51.637224+00:00,1772898051637.223,0.562012,-0.037201,0.524902,6.570312,12.515625,5.000000,21847,19245,19754,20615,0.450000,-0.550000,0.300000,0.000000,1772898051634.647,0.575436,-0.038324,0.531431,0.000000,0.000000,0.000000,1.000000,position_only
2026-03-07T15:40:51.646256+00:00,1772898051646.255,0.546875,-0.037598,0.525391,6.550781,11.437500,5.093750,21845,19193,19501,20595,0.450000,-0.550000,0.300000,0.000000,1772898051643.191,0.564269,-0.038422,0.531807,0.000000,0.000000,0.000000,1.000000,position_only
2026-03-07T15:40:51.655728+00:00,1772898051655.727,0.532715,-0.038147,0.525879,6.550781,10.460938,5.160156,21653,19037,19415,20494,0.450000,-0.550000,0.300000,0.000000,1772898051651.707,0.552989,-0.038549,0.532357,0.000000,0.000000,0.000000,1.000000,position_only
2026-03-07T15:40:51.667639+00:00,1772898051667.638,0.518066,-0.038849,0.526367,6.570312,9.445312,5.226562,21526,19004,19174,20552,0.450000,-0.550000,0.300000,0.000000,1772898051660.476,0.530064,-0.039197,0.533794,0.000000,0.000000,0.000000,1.000000,position_only
2026-03-07T15:40:51.677340+00:00,1772898051677.339,0.502441,-0.039764,0.528320,6.585938,8.289062,5.300781,21341,18725,19013,20388,0.450000,-0.550000,0.300000,0.000000,1772898051669.087,0.518613,-0.039617,0.534707,0.000000,0.000000,0.000000,1.000000,position_only
2026-03-07T15:40:51.686609+00:00,1772898051686.608,0.488770,-0.040649,0.529297,6.605469,7.214844,5.375000,21358,18609,18998,20159,0.450000,-0.550000,0.300000,0.000000,1772898051686.183,0.495600,-0.040687,0.536881,0.000000,0.000000,0.000000,1.000000,position_only
2026-03-07T15:40:51.695903+00:00,1772898051695.902,0.472900,-0.041809,0.530762,6.640625,6.062500,5.445312,21335,18472,18842,20100,0.450000,-0.550000,0.300000,0.000000,1772898051694.836,0.484065,-0.041427,0.538215,0.000000,0.000000,0.000000,1.000000,position_only
2026-03-07T15:40:51.707173+00:00,1772898051707.172,0.457520,-0.043030,0.532715,6.664062,5.035156,5.496094,21103,18172,18870,19762,0.450000,-0.550000,0.300000,0.000000,1772898051703.379,0.472578,-0.042164,0.539605,0.000000,0.000000,0.000000,1.000000,position_only
2026-03-07T15:40:51.719084+00:00,1772898051719.083,0.440674,-0.044525,0.534668,6.687500,3.906250,5.558594,20913,18156,18602,19844,0.450000,-0.550000,0.300000,0.000000,1772898051711.949,0.460986,-0.043060,0.541145,0.000000,0.000000,0.000000,1.000000,position_only
2026-03-07T15:40:51.726744+00:00,1772898051726.744,0.427734,-0.045868,0.537109,6.691406,2.796875,5.640625,20607,17835,18450,19647,0.450000,-0.550000,0.300000,0.000000,1772898051720.446,0.449445,-0.043919,0.542828,0.000000,0.000000,0.000000,1.000000,position_only
2026-03-07T15:40:51.738521+00:00,1772898051738.520,0.409668,-0.047699,0.539062,6.691406,1.688477,5.671875,20689,17662,18368,19511,0.450000,-0.550000,0.300000,0.000000,1772898051737.740,0.426586,-0.046016,0.546414,0.000000,0.000000,0.000000,1.000000,position_only
2026-03-07T15:40:51.745459+00:00,1772898051745.458,0.398193,-0.049103,0.541504,6.687500,0.514160,5.773438,20309,17367,18207,19396,0.450000,-0.550000,0.300000,0.000000,1772898051737.740,0.426586,-0.046016,0.546414,0.000000,0.000000,0.000000,1.000000,position_only
2026-03-07T15:40:51.756277+00:00,1772898051756.276,0.383301,-0.050903,0.544434,6.675781,-0.558105,5.820312,20299,17189,18057,19312,0.450000,-0.550000,0.300000,0.000000,1772898051754.766,0.403831,-0.048268,0.550361,0.000000,0.000000,0.000000,1.000000,position_only
2026-03-07T15:40:51.766826+00:00,1772898051766.824,0.367188,-0.052979,0.547363,6.656250,-1.749023,5.878906,20380,16945,17923,19267,0.450000,-0.550000,0.300000,0.000000,1772898051763.276,0.392603,-0.049510,0.552399,0.000000,0.000000,0.000000,1.000000,position_only
2026-03-07T15:40:51.775902+00:00,1772898051775.901,0.353271,-0.054901,0.549805,6.632812,-2.888672,5.941406,20045,16624,17711,19050,0.450000,-0.550000,0.300000,0.000000,1772898051772.062,0.381442,-0.050819,0.554565,0.000000,0.000000,0.000000,1.000000,position_only
2026-03-07T15:40:51.789232+00:00,1772898051789.231,0.355469,-0.054626,0.550293,6.628906,-2.958984,5.968750,20083,16578,17658,19071,0.450000,-0.550000,0.300000,0.000000,1772898051789.072,0.359502,-0.053690,0.559077,0.000000,0.000000,0.000000,1.000000,position_only
2026-03-07T15:40:51.796971+00:00,1772898051796.970,0.326660,-0.058960,0.556152,6.582031,-5.410156,6.089844,19722,16105,17196,18916,0.450000,-0.550000,0.300000,0.000000,1772898051789.072,0.359502,-0.053690,0.559077,0.000000,0.000000,0.000000,1.000000,position_only
2026-03-07T15:40:51.806904+00:00,1772898051806.903,0.328125,-0.058685,0.556641,6.578125,-5.464844,6.109375,19707,16086,17150,18953,0.450000,-0.550000,0.300000,0.000000,1772898051806.070,0.338003,-0.056654,0.563840,0.000000,0.000000,0.000000,1.000000,position_only
2026-03-07T15:40:51.816245+00:00,1772898051816.244,0.313477,-0.061066,0.560059,6.566406,-6.792969,6.164062,19442,15749,17043,18590,0.450000,-0.550000,0.300000,0.000000,1772898051814.531,0.327481,-0.058288,0.566263,0.000000,0.000000,0.000000,1.000000,position_only
2026-03-07T15:40:51.825850+00:00,1772898051825.849,0.300537,-0.063293,0.562988,6.566406,-4.000000,6.222656,19493,15543,16864,18574,0.450000,-0.550000,0.300000,0.000000,1772898051823.013,0.317115,-0.059941,0.568619,0.000000,0.000000,0.000000,1.000000,position_only
2026-03-07T15:40:51.837550+00:00,1772898051837.549,0.273926,-0.068237,0.569824,6.613281,-10.539062,6.328125,19530,15526,16634,18554,0.450000,-0.550000,0.300000,0.000000,1772898051831.496,0.306918,-0.061657,0.571130,0.000000,0.000000,0.000000,1.000000,position_only
2026-03-07T15:40:51.846773+00:00,1772898051846.772,0.275391,-0.067871,0.569824,6.605469,-10.593750,6.347656,19157,15138,16460,18280,0.450000,-0.550000,0.300000,0.000000,1772898051839.995,0.296906,-0.063404,0.573673,0.000000,0.000000,0.000000,1.000000,position_only
2026-03-07T15:40:51.856180+00:00,1772898051856.179,0.261475,-0.070740,0.573242,6.652344,-11.734375,6.375000,19159,15178,16329,18204,0.450000,-0.550000,0.300000,0.000000,1772898051848.486,0.286991,-0.065187,0.576112,0.000000,0.000000,0.000000,1.000000,position_only
2026-03-07T15:40:51.865450+00:00,1772898051865.449,0.250244,-0.073059,0.576660,6.703125,-13.085938,6.441406,18725,14984,16076,17920,0.450000,-0.550000,0.300000,0.000000,1772898051856.981,0.277425,-0.067052,0.578542,0.000000,0.000000,0.000000,1.000000,position_only
2026-03-07T15:40:51.877089+00:00,1772898051877.088,0.239014,-0.075500,0.579590,6.796875,-14.226562,6.484375,18751,14969,15913,17946,0.450000,-0.550000,0.300000,0.000000,1772898051874.234,0.258649,-0.070813,0.583392,0.000000,0.000000,0.000000,1.000000,position_only
2026-03-07T15:40:51.886314+00:00,1772898051886.313,0.225952,-0.078552,0.583496,6.921875,-15.398438,6.511719,18420,14748,15855,17577,0.450000,-0.550000,0.300000,0.000000,1772898051882.714,0.249522,-0.072852,0.585768,0.000000,0.000000,0.000000,1.000000,position_only
2026-03-07T15:40:51.898478+00:00,1772898051898.476,0.214966,-0.081238,0.586426,7.046875,-16.453125,6.539062,18457,14746,15724,17459,0.450000,-0.550000,0.300000,0.000000,1772898051891.202,0.240749,-0.074900,0.588058,0.000000,0.000000,0.000000,1.000000,position_only
2026-03-07T15:40:51.905372+00:00,1772898051905.371,0.203247,-0.084351,0.589844,7.214844,-17.562500,6.570312,18515,14773,15614,17416,0.450000,-0.550000,0.300000,0.000000,1772898051899.736,0.232128,-0.076953,0.590449,0.000000,0.000000,0.000000,1.000000,position_only
2026-03-07T15:40:51.917272+00:00,1772898051917.271,0.195679,-0.086426,0.592773,7.390625,-18.578125,6.621094,18174,14492,15599,17087,0.450000,-0.550000,0.300000,0.000000,1772898051917.049,0.215612,-0.081201,0.594958,0.000000,0.000000,0.000000,1.000000,position_only
2026-03-07T15:40:51.926466+00:00,1772898051926.465,0.185425,-0.089417,0.595703,7.593750,-19.578125,6.656250,18292,14488,15498,17097,0.450000,-0.550000,0.300000,0.000000,1772898051925.602,0.207763,-0.083340,0.597167,0.000000,0.000000,0.000000,1.000000,position_only
2026-03-07T15:40:51.935707+00:00,1772898051935.706,0.176025,-0.092346,0.598633,7.785156,-20.437500,6.679688,17803,14347,15455,16897,0.450000,-0.550000,0.300000,0.000000,1772898051934.083,0.200029,-0.085595,0.599170,0.000000,0.000000,0.000000,1.000000,position_only
2026-03-07T15:40:51.949201+00:00,1772898051949.200,0.168945,-0.094788,0.601074,7.957031,-21.296875,6.718750,17754,14535,15400,16861,0.450000,-0.550000,0.300000,0.000000,1772898051942.879,0.192641,-0.087872,0.601148,0.000000,0.000000,0.000000,1.000000,position_only
2026-03-07T15:40:51.957021+00:00,1772898051957.020,0.158691,-0.098267,0.603516,8.156250,-21.968750,6.703125,17385,14423,15550,16565,0.450000,-0.550000,0.300000,0.000000,1772898051951.529,0.185440,-0.090172,0.603082,0.000000,0.000000,0.000000,1.000000,position_only
2026-03-07T15:40:51.966205+00:00,1772898051966.203,0.150879,-0.101257,0.605469,8.335938,-22.640625,6.710938,17487,14395,15495,16539,0.450000,-0.550000,0.300000,0.000000,1772898051960.012,0.178568,-0.092600,0.604831,0.000000,0.000000,0.000000,1.000000,position_only
2026-03-07T15:40:51.976657+00:00,1772898051976.656,0.145264,-0.103699,0.607910,8.515625,-23.312500,6.738281,17372,14603,15260,16792,0.450000,-0.550000,0.300000,0.000000,1772898051968.717,0.165380,-0.097550,0.608001,0.000000,0.000000,0.000000,1.000000,position_only
2026-03-07T15:40:51.987351+00:00,1772898051987.350,0.138062,-0.106873,0.609863,8.695312,-23.890625,6.734375,17269,14263,15627,16297,0.450000,-0.550000,0.300000,0.000000,1772898051985.759,0.153364,-0.102602,0.610888,0.000000,0.000000,0.000000,1.000000,position_only
2026-03-07T15:40:51.997002+00:00,1772898051997.001,0.129883,-0.110657,0.611816,8.882812,-24.421875,6.726562,17324,14391,15587,16315,0.450000,-0.550000,0.300000,0.000000,1772898051994.248,0.147751,-0.105168,0.612042,0.000000,0.000000,0.000000,1.000000,position_only
2026-03-07T15:40:52.008318+00:00,1772898052008.317,0.123230,-0.114136,0.613281,9.054688,-24.875000,6.722656,16904,14439,15658,16208,0.450000,-0.550000,0.300000,0.000000,1772898052002.702,0.142426,-0.107767,0.613147,0.000000,0.000000,0.000000,1.000000,position_only
2026-03-07T15:40:52.016692+00:00,1772898052016.691,0.117126,-0.117554,0.614746,9.218750,-25.296875,6.707031,16953,14583,15517,16355,0.450000,-0.550000,0.300000,0.000000,1772898052011.436,0.137390,-0.110410,0.614126,0.000000,0.000000,0.000000,1.000000,position_only
2026-03-07T15:40:52.026400+00:00,1772898052026.399,0.113098,-0.120422,0.616211,9.367188,-25.734375,6.707031,16952,14568,15638,16260,0.450000,-0.550000,0.300000,0.000000,1772898052019.937,0.132543,-0.113176,0.614925,0.000000,0.000000,0.000000,1.000000,position_only
2026-03-07T15:40:52.037803+00:00,1772898052037.802,0.108093,-0.123840,0.617188,9.523438,-26.093750,6.691406,17007,14496,15898,16098,0.450000,-0.550000,0.300000,0.000000,1772898052036.968,0.128026,-0.115985,0.615618,0.000000,0.000000,0.000000,1.000000,position_only
2026-03-07T15:40:52.046124+00:00,1772898052046.123,0.102783,-0.127808,0.617676,9.703125,-26.421875,6.675781,17082,14712,15832,16178,0.450000,-0.550000,0.300000,0.000000,1772898052045.800,0.119712,-0.121641,0.616601,0.000000,0.000000,0.000000,1.000000,position_only
2026-03-07T15:40:52.057674+00:00,1772898052057.673,0.098328,-0.131592,0.618164,9.875000,-26.703125,6.636719,16637,15017,15793,16398,0.450000,-0.550000,0.300000,0.000000,1772898052054.358,0.115998,-0.124637,0.616804,0.000000,0.000000,0.000000,1.000000,position_only
2026-03-07T15:40:52.066984+00:00,1772898052066.983,0.094421,-0.135254,0.618652,10.031250,-26.953125,6.593750,16870,15000,15949,16351,0.450000,-0.550000,0.300000,0.000000,1772898052062.838,0.112578,-0.127609,0.616847,0.000000,0.000000,0.000000,1.000000,position_only
2026-03-07T15:40:52.077238+00:00,1772898052077.237,0.095703,-0.134766,0.618652,10.023438,-26.984375,6.621094,16642,14997,16379,16082,0.450000,-0.550000,0.300000,0.000000,1772898052071.400,0.109417,-0.130622,0.616778,0.000000,0.000000,0.000000,1.000000,position_only
2026-03-07T15:40:52.088603+00:00,1772898052088.603,0.091919,-0.138794,0.618164,10.187500,-27.234375,6.578125,16644,15258,16110,16464,0.450000,-0.550000,0.300000,0.000000,1772898052080.125,0.106487,-0.133741,0.616529,0.000000,0.000000,0.000000,1.000000,position_only
2026-03-07T15:40:52.097754+00:00,1772898052097.754,0.085999,-0.147095,0.617676,10.515625,-27.578125,6.492188,16990,15160,16379,16314,0.450000,-0.550000,0.300000,0.000000,1772898052097.261,0.101494,-0.140052,0.615601,0.000000,0.000000,0.000000,1.000000,position_only
2026-03-07T15:40:52.106725+00:00,1772898052106.724,0.083801,-0.151123,0.616699,10.679688,-27.718750,6.453125,17133,15506,16624,16444,0.450000,-0.550000,0.300000,0.000000,1772898052105.977,0.099353,-0.143328,0.614907,0.000000,0.000000,0.000000,1.000000,position_only
2026-03-07T15:40:52.117475+00:00,1772898052117.475,0.082092,-0.155273,0.615723,10.851562,-27.859375,6.414062,17263,15603,16462,16785,0.450000,-0.550000,0.300000,0.000000,1772898052114.487,0.097587,-0.146645,0.614019,0.000000,0.000000,0.000000,1.000000,position_only
2026-03-07T15:40:52.128620+00:00,1772898052128.620,0.083191,-0.154663,0.615723,10.835938,-27.875000,6.445312,16989,15813,16875,16713,0.450000,-0.550000,0.300000,0.000000,1772898052122.973,0.096025,-0.150068,0.612979,0.000000,0.000000,0.000000,1.000000,position_only
2026-03-07T15:40:52.139971+00:00,1772898052139.971,0.081055,-0.162720,0.612793,11.156250,-28.109375,6.371094,17289,15803,16950,16754,0.450000,-0.550000,0.300000,0.000000,1772898052131.530,0.094736,-0.153469,0.611782,0.000000,0.000000,0.000000,1.000000,position_only
2026-03-07T15:40:52.147693+00:00,1772898052147.692,0.081055,-0.162720,0.612793,11.156250,-28.109375,6.371094,17256,16062,17386,16912,0.450000,-0.550000,0.300000,0.000000,1772898052140.030,0.093750,-0.156942,0.610425,0.000000,0.000000,0.000000,1.000000,position_only
2026-03-07T15:40:52.157490+00:00,1772898052157.490,0.081238,-0.167236,0.610352,11.312500,-28.234375,6.347656,17514,16100,17329,17148,0.450000,-0.550000,0.300000,0.000000,1772898052157.084,0.092547,-0.164158,0.607306,0.000000,0.000000,0.000000,1.000000,position_only
2026-03-07T15:40:52.166639+00:00,1772898052166.638,0.081177,-0.171631,0.608398,11.460938,-28.296875,6.320312,17599,16291,17241,17388,0.450000,-0.550000,0.300000,0.000000,1772898052165.815,0.092383,-0.167830,0.605451,0.000000,0.000000,0.000000,1.000000,position_only
2026-03-07T15:40:52.177988+00:00,1772898052177.988,0.081482,-0.176147,0.606445,11.578125,-28.390625,6.292969,17740,16502,17817,17457,0.450000,-0.550000,0.300000,0.000000,1772898052174.349,0.092505,-0.171622,0.603524,0.000000,0.000000,0.000000,1.000000,position_only
2026-03-07T15:40:52.187805+00:00,1772898052187.805,0.082275,-0.181030,0.603516,11.703125,-28.453125,6.265625,17814,16677,17795,17684,0.450000,-0.550000,0.300000,0.000000,1772898052182.824,0.092862,-0.175535,0.601464,0.000000,0.000000,0.000000,1.000000,position_only
2026-03-07T15:40:52.197599+00:00,1772898052197.599,0.084167,-0.185181,0.601074,11.789062,-28.500000,6.273438,17889,16986,18260,17958,0.450000,-0.550000,0.300000,0.000000,1772898052191.325,0.093588,-0.179458,0.599335,0.000000,0.000000,0.000000,1.000000,position_only
2026-03-07T15:40:52.206808+00:00,1772898052206.808,0.085266,-0.191162,0.597656,11.875000,-28.484375,6.191406,18124,17128,18313,17978,0.450000,-0.550000,0.300000,0.000000,1772898052199.982,0.094529,-0.183450,0.597036,0.000000,0.000000,0.000000,1.000000,position_only
2026-03-07T15:40:52.216710+00:00,1772898052216.709,0.087952,-0.195435,0.594727,11.937500,-28.468750,6.183594,18260,17399,18840,18147,0.450000,-0.550000,0.300000,0.000000,1772898052208.661,0.095758,-0.187494,0.594628,0.000000,0.000000,0.000000,1.000000,position_only
2026-03-07T15:40:52.227196+00:00,1772898052227.196,0.090454,-0.200439,0.591309,12.015625,-28.390625,6.152344,18393,17559,18878,18316,0.450000,-0.550000,0.300000,0.000000,1772898052225.717,0.099025,-0.195868,0.589381,0.000000,0.000000,0.000000,1.000000,position_only
2026-03-07T15:40:52.237301+00:00,1772898052237.300,0.093567,-0.205933,0.587891,12.085938,-28.281250,6.117188,18510,17774,18826,18471,0.450000,-0.550000,0.300000,0.000000,1772898052234.451,0.101196,-0.200231,0.586623,0.000000,0.000000,0.000000,1.000000,position_only
2026-03-07T15:40:52.248499+00:00,1772898052248.499,0.097046,-0.211426,0.583984,12.148438,-28.156250,6.054688,18607,18220,19365,18686,0.450000,-0.550000,0.300000,0.000000,1772898052243.075,0.103562,-0.204613,0.583749,0.000000,0.000000,0.000000,1.000000,position_only
2026-03-07T15:40:52.260514+00:00,1772898052260.513,0.101318,-0.217529,0.580078,12.210938,-27.953125,5.980469,18833,18312,19480,18684,0.450000,-0.550000,0.300000,0.000000,1772898052260.307,0.112396,-0.218242,0.574711,0.000000,0.000000,0.000000,1.000000,position_only
2026-03-07T15:40:52.268076+00:00,1772898052268.076,0.106079,-0.222656,0.575684,12.265625,-27.734375,5.945312,18893,18817,19801,19108,0.450000,-0.550000,0.300000,0.000000,1772898052260.307,0.112396,-0.218242,0.574711,0.000000,0.000000,0.000000,1.000000,position_only
2026-03-07T15:40:52.277251+00:00,1772898052277.251,0.111389,-0.229126,0.571289,12.320312,-27.484375,5.859375,19107,18915,19788,19183,0.450000,-0.550000,0.300000,0.000000,1772898052269.027,0.115926,-0.223049,0.571626,0.000000,0.000000,0.000000,1.000000,position_only
2026-03-07T15:40:52.287863+00:00,1772898052287.863,0.116577,-0.234985,0.567383,12.382812,-27.203125,5.789062,19343,19160,20287,19372,0.450000,-0.550000,0.300000,0.000000,1772898052286.257,0.123938,-0.232855,0.565134,0.000000,0.000000,0.000000,1.000000,position_only
2026-03-07T15:40:52.297710+00:00,1772898052297.709,0.123169,-0.242065,0.562500,12.453125,-26.906250,5.687500,19449,19414,20199,19600,0.450000,-0.550000,0.300000,0.000000,1772898052294.845,0.128299,-0.237933,0.561814,0.000000,0.000000,0.000000,1.000000,position_only
2026-03-07T15:40:52.307621+00:00,1772898052307.620,0.129517,-0.248535,0.558105,12.507812,-26.625000,5.593750,19666,19490,20230,19575,0.450000,-0.550000,0.300000,0.000000,1772898052303.357,0.132903,-0.243090,0.558718,0.000000,0.000000,0.000000,1.000000,position_only
2026-03-07T15:40:52.318865+00:00,1772898052318.865,0.136963,-0.255859,0.553223,12.562500,-26.265625,5.496094,19766,19948,20501,20011,0.450000,-0.550000,0.300000,0.000000,1772898052311.935,0.137949,-0.248349,0.555293,0.000000,0.000000,0.000000,1.000000,position_only
2026-03-07T15:40:52.328048+00:00,1772898052328.048,0.144531,-0.262207,0.548828,12.617188,-25.937500,5.421875,19994,19947,20548,19975,0.450000,-0.550000,0.300000,0.000000,1772898052320.445,0.143160,-0.253693,0.552038,0.000000,0.000000,0.000000,1.000000,position_only
2026-03-07T15:40:52.337217+00:00,1772898052337.217,0.154053,-0.270752,0.543457,12.664062,-25.515625,5.304688,20184,20243,20944,20323,0.450000,-0.550000,0.300000,0.000000,1772898052329.225,0.148860,-0.259086,0.548897,0.000000,0.000000,0.000000,1.000000,position_only
2026-03-07T15:40:52.347694+00:00,1772898052347.694,0.154053,-0.270264,0.543457,12.656250,-25.500000,5.332031,20032,20317,20966,20368,0.450000,-0.550000,0.300000,0.000000,1772898052346.234,0.160749,-0.270669,0.542202,0.000000,0.000000,0.000000,1.000000,position_only
2026-03-07T15:40:52.358611+00:00,1772898052358.610,0.162964,-0.278076,0.538574,12.664062,-25.093750,5.238281,20210,20493,21459,20520,0.450000,-0.550000,0.300000,0.000000,1772898052354.769,0.167248,-0.276190,0.539175,0.000000,0.000000,0.000000,1.000000,position_only
2026-03-07T15:40:52.367793+00:00,1772898052367.793,0.171387,-0.284912,0.534668,12.640625,-24.671875,5.164062,20383,20486,21666,20402,0.450000,-0.550000,0.300000,0.000000,1772898052363.347,0.174044,-0.282151,0.536022,0.000000,0.000000,0.000000,1.000000,position_only
2026-03-07T15:40:52.377929+00:00,1772898052377.928,0.180908,-0.292725,0.530273,12.593750,-24.125000,5.085938,20265,20648,21592,20542,0.450000,-0.550000,0.300000,0.000000,1772898052371.934,0.181068,-0.288231,0.532908,0.000000,0.000000,0.000000,1.000000,position_only
2026-03-07T15:40:52.387112+00:00,1772898052387.111,0.190430,-0.300049,0.526367,12.500000,-23.593750,5.003906,20271,20976,21900,20829,0.450000,-0.550000,0.300000,0.000000,1772898052380.438,0.188213,-0.294446,0.530030,0.000000,0.000000,0.000000,1.000000,position_only
2026-03-07T15:40:52.398367+00:00,1772898052398.367,0.201294,-0.308594,0.521973,12.375000,-22.953125,4.882812,20490,20824,22029,20697,0.450000,-0.550000,0.300000,0.000000,1772898052397.509,0.203644,-0.306985,0.524305,0.000000,0.000000,0.000000,1.000000,position_only
2026-03-07T15:40:52.408200+00:00,1772898052408.200,0.211426,-0.316162,0.518066,12.242188,-22.328125,4.792969,20327,21230,22195,21075,0.450000,-0.550000,0.300000,0.000000,1772898052406.178,0.211588,-0.313487,0.521649,0.000000,0.000000,0.000000,1.000000,position_only
2026-03-07T15:40:52.418060+00:00,1772898052418.059,0.222778,-0.324707,0.514160,12.062500,-21.609375,4.687500,20528,21131,22267,20869,0.450000,-0.550000,0.300000,0.000000,1772898052414.819,0.219849,-0.320066,0.519070,0.000000,0.000000,0.000000,1.000000,position_only
2026-03-07T15:40:52.427047+00:00,1772898052427.046,0.233276,-0.332520,0.510742,11.882812,-20.921875,4.597656,20500,21301,22566,20966,0.450000,-0.550000,0.300000,0.000000,1772898052423.406,0.228499,-0.326830,0.516496,0.000000,0.000000,0.000000,1.000000,position_only
2026-03-07T15:40:52.439248+00:00,1772898052439.248,0.244995,-0.341064,0.507812,11.718750,-20.218750,4.480469,20443,21438,22279,21190,0.450000,-0.550000,0.300000,0.000000,1772898052431.886,0.237271,-0.333653,0.514185,0.000000,0.000000,0.000000,1.000000,position_only
2026-03-07T15:40:52.448483+00:00,1772898052448.482,0.258057,-0.350586,0.503906,11.515625,-19.437500,4.355469,20654,21306,22369,20905,0.450000,-0.550000,0.300000,0.000000,1772898052440.498,0.246267,-0.340684,0.511971,0.000000,0.000000,0.000000,1.000000,position_only
2026-03-07T15:40:52.458256+00:00,1772898052458.256,0.270264,-0.359131,0.501465,11.289062,-18.578125,4.285156,20668,21360,22550,21007,0.450000,-0.550000,0.300000,0.000000,1772898052457.529,0.264860,-0.354919,0.507982,0.000000,0.000000,0.000000,1.000000,position_only
2026-03-07T15:40:52.467295+00:00,1772898052467.293,0.282227,-0.367676,0.499023,11.101562,-17.812500,4.210938,20656,21289,22429,21022,0.450000,-0.550000,0.300000,0.000000,1772898052466.085,0.274610,-0.362252,0.506115,0.000000,0.000000,0.000000,1.000000,position_only
2026-03-07T15:40:52.477231+00:00,1772898052477.230,0.295166,-0.376953,0.496826,10.898438,-17.062500,4.109375,20517,21441,22403,21297,0.450000,-0.550000,0.300000,0.000000,1772898052474.587,0.284411,-0.369708,0.504449,0.000000,0.000000,0.000000,1.000000,position_only
2026-03-07T15:40:52.489269+00:00,1772898052489.269,0.309814,-0.387451,0.494385,10.664062,-16.250000,3.990234,20624,21317,22331,21142,0.450000,-0.550000,0.300000,0.000000,1772898052483.387,0.294460,-0.377098,0.502943,0.000000,0.000000,0.000000,1.000000,position_only
2026-03-07T15:40:52.498477+00:00,1772898052498.477,0.322998,-0.396729,0.492432,10.429688,-15.507812,3.906250,20655,21165,22533,21099,0.450000,-0.550000,0.300000,0.000000,1772898052491.921,0.304631,-0.384824,0.501717,0.000000,0.000000,0.000000,1.000000,position_only
2026-03-07T15:40:52.506813+00:00,1772898052506.812,0.321777,-0.395752,0.493164,10.398438,-15.460938,3.939453,20572,21175,22597,21084,0.450000,-0.550000,0.300000,0.000000,1772898052500.456,0.315111,-0.392512,0.500521,0.000000,0.000000,0.000000,1.000000,position_only
2026-03-07T15:40:52.518884+00:00,1772898052518.884,0.349121,-0.415283,0.490234,9.835938,-13.796875,3.810547,20509,21090,22416,21091,0.450000,-0.550000,0.300000,0.000000,1772898052517.704,0.336337,-0.408252,0.498775,0.000000,0.000000,0.000000,1.000000,position_only
2026-03-07T15:40:52.530097+00:00,1772898052530.096,0.363281,-0.425293,0.489258,9.554688,-13.031250,3.732422,20379,21029,22228,21038,0.450000,-0.550000,0.300000,0.000000,1772898052526.407,0.347204,-0.416285,0.498153,0.000000,0.000000,0.000000,1.000000,position_only
2026-03-07T15:40:52.537846+00:00,1772898052537.846,0.379150,-0.436523,0.488525,9.242188,-12.187500,3.646484,20376,20917,22181,20831,0.450000,-0.550000,0.300000,0.000000,1772898052534.886,0.358208,-0.424413,0.497783,0.000000,0.000000,0.000000,1.000000,position_only
2026-03-07T15:40:52.547954+00:00,1772898052547.953,0.393066,-0.446533,0.488037,8.945312,-11.375000,3.587891,20441,20664,22241,20677,0.450000,-0.550000,0.300000,0.000000,1772898052543.390,0.369287,-0.432590,0.497498,0.000000,0.000000,0.000000,1.000000,position_only
2026-03-07T15:40:52.558632+00:00,1772898052558.631,0.407471,-0.457031,0.488770,8.601562,-10.429688,3.552734,20090,20782,21961,20713,0.450000,-0.550000,0.300000,0.000000,1772898052552.166,0.391822,-0.449352,0.497585,0.000000,0.000000,0.000000,1.000000,position_only
2026-03-07T15:40:52.568966+00:00,1772898052568.964,0.423096,-0.468262,0.489014,8.320312,-9.617188,3.466797,19956,20668,21957,20522,0.450000,-0.550000,0.300000,0.000000,1772898052561.083,0.403288,-0.457729,0.497937,0.000000,0.000000,0.000000,1.000000,position_only
2026-03-07T15:40:52.577995+00:00,1772898052577.993,0.422607,-0.468018,0.489502,8.312500,-9.585938,3.470703,19909,20632,21916,20555,0.450000,-0.550000,0.300000,0.000000,1772898052569.695,0.414814,-0.466293,0.498449,0.000000,0.000000,0.000000,1.000000,position_only
2026-03-07T15:40:52.589395+00:00,1772898052589.394,0.439453,-0.480225,0.490234,7.988281,-8.632812,3.394531,19865,20561,21891,20253,0.450000,-0.550000,0.300000,0.000000,1772898052586.646,0.437882,-0.483623,0.499955,0.000000,0.000000,0.000000,1.000000,position_only
2026-03-07T15:40:52.602523+00:00,1772898052602.522,0.455811,-0.492188,0.490967,7.656250,-7.652344,3.326172,19669,20384,21826,20058,0.450000,-0.550000,0.300000,0.000000,1772898052595.147,0.449537,-0.492411,0.500894,0.000000,0.000000,0.000000,1.000000,position_only
2026-03-07T15:40:52.610846+00:00,1772898052610.845,0.488281,-0.515625,0.493652,7.023438,-5.652344,3.208984,19436,20456,21602,20021,0.450000,-0.550000,0.300000,0.000000,1772898052603.663,0.461060,-0.501230,0.502098,0.000000,0.000000,0.000000,1.000000,position_only
2026-03-07T15:40:52.619496+00:00,1772898052619.494,0.488281,-0.515625,0.493652,7.023438,-5.652344,3.208984,19211,20254,21429,19838,0.450000,-0.550000,0.300000,0.000000,1772898052612.487,0.472718,-0.510037,0.503371,0.000000,0.000000,0.000000,1.000000,position_only
2026-03-07T15:40:52.628665+00:00,1772898052628.665,0.502441,-0.526855,0.496094,6.695312,-4.609375,3.160156,19047,20158,21273,19738,0.450000,-0.550000,0.300000,0.000000,1772898052620.996,0.484419,-0.518946,0.504907,0.000000,0.000000,0.000000,1.000000,position_only
2026-03-07T15:40:52.638612+00:00,1772898052638.612,0.517090,-0.538086,0.498047,6.355469,-3.593750,3.111328,18941,19814,21234,19415,0.450000,-0.550000,0.300000,0.000000,1772898052638.030,0.507773,-0.536956,0.508353,0.000000,0.000000,0.000000,1.000000,position_only
2026-03-07T15:40:52.648345+00:00,1772898052648.344,0.533691,-0.550293,0.500488,5.972656,-2.462891,3.078125,18682,19825,20992,19374,0.450000,-0.550000,0.300000,0.000000,1772898052646.830,0.519415,-0.545923,0.510235,0.000000,0.000000,0.000000,1.000000,position_only
2026-03-07T15:40:52.659023+00:00,1772898052659.023,0.547852,-0.561035,0.502930,5.605469,-1.418945,3.048828,18632,19688,21054,19067,0.450000,-0.550000,0.300000,0.000000,1772898052655.348,0.531115,-0.555098,0.512322,0.000000,0.000000,0.000000,1.000000,position_only
2026-03-07T15:40:52.668815+00:00,1772898052668.815,0.564941,-0.574219,0.505859,5.222656,-0.287842,3.021484,18411,19312,20854,18859,0.450000,-0.550000,0.300000,0.000000,1772898052663.834,0.542561,-0.564175,0.514546,0.000000,0.000000,0.000000,1.000000,position_only
2026-03-07T15:40:52.678649+00:00,1772898052678.649,0.579590,-0.585938,0.508789,4.843750,0.766113,3.013672,18194,19310,20711,18797,0.450000,-0.550000,0.300000,0.000000,1772898052672.362,0.554119,-0.573430,0.516754,0.000000,0.000000,0.000000,1.000000,position_only
2026-03-07T15:40:52.688614+00:00,1772898052688.614,0.596191,-0.598633,0.512207,4.402344,1.916016,3.007812,17847,19054,20397,18636,0.450000,-0.550000,0.300000,0.000000,1772898052680.872,0.565525,-0.582502,0.519217,0.000000,0.000000,0.000000,1.000000,position_only
2026-03-07T15:40:52.697623+00:00,1772898052697.623,0.607422,-0.608398,0.515625,3.929688,3.070312,3.019531,17697,18933,20474,18395,0.450000,-0.550000,0.300000,0.000000,1772898052689.523,0.576869,-0.591622,0.521713,0.000000,0.000000,0.000000,1.000000,position_only
2026-03-07T15:40:52.708395+00:00,1772898052708.394,0.625488,-0.623047,0.519531,3.425781,4.316406,3.033203,17545,18841,20452,18213,0.450000,-0.550000,0.300000,0.000000,1772898052706.661,0.599202,-0.610004,0.526941,0.000000,0.000000,0.000000,1.000000,position_only
2026-03-07T15:40:52.718196+00:00,1772898052718.196,0.641113,-0.635742,0.523438,2.927734,5.488281,3.064453,17348,18359,20282,17943,0.450000,-0.550000,0.300000,0.000000,1772898052715.175,0.610210,-0.619266,0.529796,0.000000,0.000000,0.000000,1.000000,position_only
2026-03-07T15:40:52.728140+00:00,1772898052728.140,0.654297,-0.646973,0.527344,2.433594,6.542969,3.107422,17086,18341,20140,18023,0.450000,-0.550000,0.300000,0.000000,1772898052723.724,0.621157,-0.628518,0.532563,0.000000,0.000000,0.000000,1.000000,position_only
2026-03-07T15:40:52.739377+00:00,1772898052739.377,0.651855,-0.645508,0.527832,2.382812,6.617188,3.111328,17036,17834,20058,17830,0.450000,-0.550000,0.300000,0.000000,1772898052732.485,0.631777,-0.637585,0.535509,0.000000,0.000000,0.000000,1.000000,position_only
2026-03-07T15:40:52.749174+00:00,1772898052749.174,0.679199,-0.669434,0.535645,1.251953,8.726562,3.234375,16798,17708,20024,17583,0.450000,-0.550000,0.300000,0.000000,1772898052740.956,0.642393,-0.646771,0.538509,0.000000,0.000000,0.000000,1.000000,position_only
2026-03-07T15:40:52.758453+00:00,1772898052758.453,0.677246,-0.668457,0.536133,1.214844,8.781250,3.234375,16612,17338,19702,17564,0.450000,-0.550000,0.300000,0.000000,1772898052757.941,0.663177,-0.665015,0.544525,0.000000,0.000000,0.000000,1.000000,position_only
2026-03-07T15:40:52.767672+00:00,1772898052767.671,0.691406,-0.680664,0.540039,0.599609,9.835938,3.322266,16544,17225,19637,17483,0.450000,-0.550000,0.300000,0.000000,1772898052766.529,0.673371,-0.674193,0.547540,0.000000,0.000000,0.000000,1.000000,position_only
2026-03-07T15:40:52.778740+00:00,1772898052778.740,0.703613,-0.691895,0.543945,0.023529,10.757812,3.406250,16585,17018,19831,17179,0.450000,-0.550000,0.300000,0.000000,1772898052775.161,0.683193,-0.682957,0.550735,0.000000,0.000000,0.000000,1.000000,position_only
2026-03-07T15:40:52.790824+00:00,1772898052790.824,0.716797,-0.703613,0.548340,-0.628418,11.750000,3.519531,16395,16550,19511,17016,0.450000,-0.550000,0.300000,0.000000,1772898052783.644,0.693018,-0.691980,0.553948,0.000000,0.000000,0.000000,1.000000,position_only
2026-03-07T15:40:52.799792+00:00,1772898052799.792,0.729004,-0.715332,0.552734,-1.201172,12.593750,3.636719,16360,16453,19503,16899,0.450000,-0.550000,0.300000,0.000000,1772898052792.141,0.702813,-0.700998,0.557024,0.000000,0.000000,0.000000,1.000000,position_only
2026-03-07T15:40:52.808294+00:00,1772898052808.293,0.739746,-0.726562,0.557129,-1.890625,13.531250,3.769531,15973,16181,19033,16889,0.450000,-0.550000,0.300000,0.000000,1772898052800.644,0.712277,-0.709900,0.560083,0.000000,0.000000,0.000000,1.000000,position_only
2026-03-07T15:40:52.818914+00:00,1772898052818.914,0.750488,-0.737305,0.561035,-2.488281,14.320312,3.892578,15860,16160,19092,16764,0.450000,-0.550000,0.300000,0.000000,1772898052817.706,0.732334,-0.728824,0.565459,0.000000,0.000000,0.000000,1.000000,position_only
2026-03-07T15:40:52.828856+00:00,1772898052828.854,0.762207,-0.748535,0.565430,-3.148438,15.164062,4.031250,15705,15772,18737,16617,0.450000,-0.550000,0.300000,0.000000,1772898052826.217,0.741624,-0.737963,0.568317,0.000000,0.000000,0.000000,1.000000,position_only
2026-03-07T15:40:52.838672+00:00,1772898052838.671,0.773438,-0.759766,0.569336,-3.707031,15.890625,4.171875,15579,15856,18690,16564,0.450000,-0.550000,0.300000,0.000000,1772898052834.715,0.750421,-0.746676,0.571401,0.000000,0.000000,0.000000,1.000000,position_only
2026-03-07T15:40:52.850673+00:00,1772898052850.672,0.783691,-0.770996,0.573242,-4.257812,16.593750,4.312500,15510,15535,18407,16390,0.450000,-0.550000,0.300000,0.000000,1772898052843.216,0.758747,-0.755177,0.574385,0.000000,0.000000,0.000000,1.000000,position_only
2026-03-07T15:40:52.859803+00:00,1772898052859.803,0.794922,-0.782715,0.577148,-4.843750,17.375000,4.480469,15468,15501,18509,16165,0.450000,-0.550000,0.300000,0.000000,1772898052851.789,0.766841,-0.763737,0.577277,0.000000,0.000000,0.000000,1.000000,position_only
2026-03-07T15:40:52.868858+00:00,1772898052868.858,0.802246,-0.791992,0.581055,-5.410156,18.125000,4.621094,15275,15653,18519,16144,0.450000,-0.550000,0.300000,0.000000,1772898052860.395,0.782967,-0.781083,0.582571,0.000000,0.000000,0.000000,1.000000,position_only
2026-03-07T15:40:52.878113+00:00,1772898052878.112,0.812500,-0.803711,0.584961,-5.964844,18.890625,4.796875,15254,15345,18271,15895,0.450000,-0.550000,0.300000,0.000000,1772898052877.454,0.797671,-0.797317,0.588123,0.000000,0.000000,0.000000,1.000000,position_only
2026-03-07T15:40:52.889340+00:00,1772898052889.340,0.822266,-0.814453,0.588867,-6.402344,19.562500,4.968750,15120,15520,18155,15934,0.450000,-0.550000,0.300000,0.000000,1772898052886.004,0.804878,-0.805776,0.590620,0.000000,0.000000,0.000000,1.000000,position_only
2026-03-07T15:40:52.901482+00:00,1772898052901.481,0.832031,-0.826172,0.592285,-6.863281,20.281250,5.144531,15190,15258,17838,15720,0.450000,-0.550000,0.300000,0.000000,1772898052894.760,0.811728,-0.813883,0.593080,0.000000,0.000000,0.000000,1.000000,position_only
2026-03-07T15:40:52.909073+00:00,1772898052909.073,0.840332,-0.836426,0.595703,-7.250000,20.921875,5.300781,15188,15326,17869,15670,0.450000,-0.550000,0.300000,0.000000,1772898052903.355,0.818855,-0.822057,0.595130,0.000000,0.000000,0.000000,1.000000,position_only
2026-03-07T15:40:52.918963+00:00,1772898052918.963,0.847168,-0.846191,0.598633,-7.683594,21.640625,5.460938,15176,15455,17933,15589,0.450000,-0.550000,0.300000,0.000000,1772898052911.826,0.825169,-0.830042,0.597468,0.000000,0.000000,0.000000,1.000000,position_only
2026-03-07T15:40:52.928894+00:00,1772898052928.893,0.854004,-0.855469,0.601562,-8.023438,22.234375,5.605469,15155,15200,17467,15706,0.450000,-0.550000,0.300000,0.000000,1772898052920.446,0.831086,-0.837717,0.599581,0.000000,0.000000,0.000000,1.000000,position_only
2026-03-07T15:40:52.940899+00:00,1772898052940.899,0.861328,-0.865723,0.604492,-8.304688,22.781250,5.753906,15192,15429,17612,15517,0.450000,-0.550000,0.300000,0.000000,1772898052937.490,0.842572,-0.853299,0.603412,0.000000,0.000000,0.000000,1.000000,position_only
2026-03-07T15:40:52.949069+00:00,1772898052949.069,0.868652,-0.876465,0.606934,-8.578125,23.375000,5.921875,15448,15064,17618,15259,0.450000,-0.550000,0.300000,0.000000,1772898052945.955,0.847820,-0.861043,0.605190,0.000000,0.000000,0.000000,1.000000,position_only
2026-03-07T15:40:52.960032+00:00,1772898052960.031,0.875000,-0.885742,0.609375,-8.804688,23.890625,6.066406,15362,15273,17451,15474,0.450000,-0.550000,0.300000,0.000000,1772898052954.484,0.853125,-0.868599,0.606652,0.000000,0.000000,0.000000,1.000000,position_only
2026-03-07T15:40:52.969963+00:00,1772898052969.962,0.873047,-0.884277,0.608887,-8.843750,23.937500,6.046875,15436,14979,17170,15617,0.450000,-0.550000,0.300000,0.000000,1772898052962.719,0.858098,-0.876038,0.608167,0.000000,0.000000,0.000000,1.000000,position_only
2026-03-07T15:40:52.978812+00:00,1772898052978.811,0.878418,-0.893555,0.610840,-9.109375,24.468750,6.164062,15445,15119,17217,15646,0.450000,-0.550000,0.300000,0.000000,1772898052971.218,0.862683,-0.883545,0.609431,0.000000,0.000000,0.000000,1.000000,position_only
2026-03-07T15:40:52.987841+00:00,1772898052987.841,0.884277,-0.903320,0.612793,-9.328125,24.921875,6.273438,15607,15154,17382,15518,0.450000,-0.550000,0.300000,0.000000,1772898052980.020,0.867007,-0.890595,0.610600,0.000000,0.000000,0.000000,1.000000,position_only
2026-03-07T15:40:52.999224+00:00,1772898052999.223,0.889160,-0.912109,0.614258,-9.500000,25.312500,6.375000,15679,15099,17152,15725,0.450000,-0.550000,0.300000,0.000000,1772898052997.025,0.875084,-0.904953,0.612399,0.000000,0.000000,0.000000,1.000000,position_only
2026-03-07T15:40:53.009781+00:00,1772898053009.781,0.893555,-0.921387,0.615723,-9.687500,25.687500,6.472656,15717,15285,17208,15726,0.450000,-0.550000,0.300000,0.000000,1772898053005.530,0.878641,-0.911998,0.613139,0.000000,0.000000,0.000000,1.000000,position_only
2026-03-07T15:40:53.021179+00:00,1772898053021.179,0.897461,-0.929688,0.616699,-9.843750,26.015625,6.550781,16019,15063,17213,15826,0.450000,-0.550000,0.300000,0.000000,1772898053014.060,0.882164,-0.918935,0.613716,0.000000,0.000000,0.000000,1.000000,position_only
2026-03-07T15:40:53.028893+00:00,1772898053028.893,0.901367,-0.938477,0.617188,-9.960938,26.296875,6.632812,15971,15267,17193,15979,0.450000,-0.550000,0.300000,0.000000,1772898053022.586,0.885274,-0.925611,0.614056,0.000000,0.000000,0.000000,1.000000,position_only
2026-03-07T15:40:53.039256+00:00,1772898053039.256,0.904785,-0.947266,0.617676,-10.085938,26.578125,6.695312,16475,14978,17403,15946,0.450000,-0.550000,0.300000,0.000000,1772898053031.215,0.888222,-0.932428,0.614324,0.000000,0.000000,0.000000,1.000000,position_only
2026-03-07T15:40:53.049095+00:00,1772898053049.095,0.906738,-0.955078,0.617676,-10.257812,26.843750,6.714844,16416,15282,17458,16056,0.450000,-0.550000,0.300000,0.000000,1772898053048.229,0.893097,-0.945601,0.614161,0.000000,0.000000,0.000000,1.000000,position_only
2026-03-07T15:40:53.058343+00:00,1772898053058.343,0.908691,-0.962402,0.617676,-10.367188,27.062500,6.746094,16325,15600,17389,16259,0.450000,-0.550000,0.300000,0.000000,1772898053056.712,0.895133,-0.952168,0.613793,0.000000,0.000000,0.000000,1.000000,position_only
2026-03-07T15:40:53.068215+00:00,1772898053068.214,0.911133,-0.972168,0.617188,-10.453125,27.265625,6.792969,16712,15639,17519,16350,0.450000,-0.550000,0.300000,0.000000,1772898053065.293,0.897256,-0.958659,0.613238,0.000000,0.000000,0.000000,1.000000,position_only
2026-03-07T15:40:53.081185+00:00,1772898053081.185,0.912598,-0.980469,0.616699,-10.515625,27.468750,6.820312,16758,15788,17665,16423,0.450000,-0.550000,0.300000,0.000000,1772898053073.801,0.898605,-0.964755,0.612758,0.000000,0.000000,0.000000,1.000000,position_only
2026-03-07T15:40:53.088236+00:00,1772898053088.236,0.913574,-0.987793,0.615723,-10.585938,27.640625,6.832031,17011,15942,17737,16670,0.450000,-0.550000,0.300000,0.000000,1772898053082.390,0.900090,-0.970998,0.611988,0.000000,0.000000,0.000000,1.000000,position_only
2026-03-07T15:40:53.098044+00:00,1772898053098.044,0.913086,-0.994141,0.614258,-10.679688,27.843750,6.789062,16889,16231,17758,16928,0.450000,-0.550000,0.300000,0.000000,1772898053091.222,0.900924,-0.977032,0.611091,0.000000,0.000000,0.000000,1.000000,position_only
2026-03-07T15:40:53.109184+00:00,1772898053109.183,0.913574,-1.000977,0.612793,-10.734375,27.984375,6.785156,17492,16046,18179,16908,0.450000,-0.550000,0.300000,0.000000,1772898053108.528,0.902353,-0.989093,0.608674,0.000000,0.000000,0.000000,1.000000,position_only
2026-03-07T15:40:53.119736+00:00,1772898053119.735,0.913086,-1.008789,0.610840,-10.812500,28.125000,6.789062,17475,16256,18341,17067,0.450000,-0.550000,0.300000,0.000000,1772898053117.119,0.902421,-0.994920,0.607235,0.000000,0.000000,0.000000,1.000000,position_only
2026-03-07T15:40:53.128927+00:00,1772898053128.927,0.912598,-1.015625,0.608887,-10.914062,28.234375,6.773438,17383,16484,18295,17392,0.450000,-0.550000,0.300000,0.000000,1772898053125.587,0.902444,-1.000651,0.605748,0.000000,0.000000,0.000000,1.000000,position_only
2026-03-07T15:40:53.142364+00:00,1772898053142.363,0.911621,-1.014648,0.608887,-10.945312,28.250000,6.742188,17911,16174,18536,17529,0.450000,-0.550000,0.300000,0.000000,1772898053134.341,0.902178,-1.006453,0.603996,0.000000,0.000000,0.000000,1.000000,position_only
2026-03-07T15:40:53.149222+00:00,1772898053149.221,0.910645,-1.022461,0.606445,-11.070312,28.312500,6.691406,17710,16557,18529,17834,0.450000,-0.550000,0.300000,0.000000,1772898053142.894,0.901509,-1.011869,0.602257,0.000000,0.000000,0.000000,1.000000,position_only
2026-03-07T15:40:53.159774+00:00,1772898053159.774,0.908203,-1.028320,0.603516,-11.234375,28.359375,6.640625,18184,16678,18715,18186,0.450000,-0.550000,0.300000,0.000000,1772898053151.410,0.900500,-1.017161,0.600304,0.000000,0.000000,0.000000,1.000000,position_only
2026-03-07T15:40:53.169668+00:00,1772898053169.667,0.906250,-1.034180,0.600586,-11.359375,28.375000,6.578125,18388,16623,18990,18161,0.450000,-0.550000,0.300000,0.000000,1772898053168.653,0.896405,-1.032954,0.593629,0.000000,0.000000,0.000000,1.000000,position_only
2026-03-07T15:40:53.178738+00:00,1772898053178.737,0.903320,-1.041016,0.597656,-11.507812,28.328125,6.539062,18635,16901,18962,18739,0.450000,-0.550000,0.300000,0.000000,1772898053177.190,0.896405,-1.032954,0.593629,0.000000,0.000000,0.000000,1.000000,position_only
2026-03-07T15:40:53.189489+00:00,1772898053189.489,0.900391,-1.046875,0.594727,-11.648438,28.234375,6.453125,18572,17131,18980,19016,0.450000,-0.550000,0.300000,0.000000,1772898053185.645,0.892183,-1.042760,0.588735,0.000000,0.000000,0.000000,1.000000,position_only
2026-03-07T15:40:53.199954+00:00,1772898053199.954,0.896973,-1.051758,0.591309,-11.804688,28.109375,6.339844,18769,17098,19220,19006,0.450000,-0.550000,0.300000,0.000000,1772898053194.169,0.892183,-1.042760,0.588735,0.000000,0.000000,0.000000,1.000000,position_only
2026-03-07T15:40:53.210487+00:00,1772898053210.487,0.893066,-1.058594,0.587891,-11.937500,27.921875,6.265625,19321,17253,19346,19317,0.450000,-0.550000,0.300000,0.000000,1772898053202.699,0.886663,-1.052191,0.583619,0.000000,0.000000,0.000000,1.000000,position_only
2026-03-07T15:40:53.218919+00:00,1772898053218.918,0.887695,-1.064453,0.583496,-12.078125,27.687500,6.152344,19410,17372,19461,19410,0.450000,-0.550000,0.300000,0.000000,1772898053211.398,0.883837,-1.057000,0.580719,0.000000,0.000000,0.000000,1.000000,position_only
2026-03-07T15:40:53.229637+00:00,1772898053229.637,0.882812,-1.069336,0.580078,-12.156250,27.406250,6.035156,20006,17496,19621,19661,0.450000,-0.550000,0.300000,0.000000,1772898053228.503,0.876636,-1.065695,0.575101,0.000000,0.000000,0.000000,1.000000,position_only
2026-03-07T15:40:53.239983+00:00,1772898053239.983,0.876465,-1.076172,0.575195,-12.203125,27.031250,5.914062,20274,17578,19837,19494,0.450000,-0.550000,0.300000,0.000000,1772898053237.059,0.872603,-1.069883,0.572257,0.000000,0.000000,0.000000,1.000000,position_only
2026-03-07T15:40:53.248469+00:00,1772898053248.469,0.870117,-1.082031,0.570801,-12.187500,26.656250,5.792969,20569,17904,19746,19968,0.450000,-0.550000,0.300000,0.000000,1772898053245.530,0.868083,-1.073813,0.569304,0.000000,0.000000,0.000000,1.000000,position_only
2026-03-07T15:40:53.261472+00:00,1772898053261.471,0.863770,-1.086914,0.566895,-12.140625,26.281250,5.656250,20661,18128,19844,19935,0.450000,-0.550000,0.300000,0.000000,1772898053254.300,0.863819,-1.078080,0.566374,0.000000,0.000000,0.000000,1.000000,position_only
2026-03-07T15:40:53.269974+00:00,1772898053269.974,0.863770,-1.085938,0.566895,-12.148438,26.281250,5.628906,20655,18124,19827,19966,0.450000,-0.550000,0.300000,0.000000,1772898053262.771,0.859127,-1.082217,0.563289,0.000000,0.000000,0.000000,1.000000,position_only
2026-03-07T15:40:53.280064+00:00,1772898053280.064,0.849121,-1.094727,0.558594,-11.976562,25.484375,5.355469,21086,18419,20146,20209,0.450000,-0.550000,0.300000,0.000000,1772898053279.880,0.848554,-1.089556,0.557246,0.000000,0.000000,0.000000,1.000000,position_only
2026-03-07T15:40:53.288329+00:00,1772898053288.329,0.841309,-1.099609,0.554688,-11.875000,25.093750,5.238281,21128,18524,20394,20020,0.450000,-0.550000,0.300000,0.000000,1772898053279.880,0.848554,-1.089556,0.557246,0.000000,0.000000,0.000000,1.000000,position_only
2026-03-07T15:40:53.298620+00:00,1772898053298.620,0.832520,-1.103516,0.550293,-11.757812,24.687500,5.109375,21481,18636,20394,20306,0.450000,-0.550000,0.300000,0.000000,1772898053297.017,0.836864,-1.096336,0.551251,0.000000,0.000000,0.000000,1.000000,position_only
2026-03-07T15:40:53.312114+00:00,1772898053312.115,0.833008,-1.103516,0.550293,-11.765625,24.671875,5.078125,21372,18861,20464,20313,0.450000,-0.550000,0.300000,0.000000,1772898053305.031,0.830551,-1.099574,0.548219,0.000000,0.000000,0.000000,1.000000,position_only
2026-03-07T15:40:53.320356+00:00,1772898053320.356,0.824707,-1.106445,0.546387,-11.656250,24.296875,4.933594,21658,18984,20656,20479,0.450000,-0.550000,0.300000,0.000000,1772898053313.583,0.824046,-1.102852,0.545308,0.000000,0.000000,0.000000,1.000000,position_only
2026-03-07T15:40:53.329511+00:00,1772898053329.511,0.814941,-1.110352,0.541992,-11.531250,23.890625,4.839844,21597,19172,20797,20457,0.450000,-0.550000,0.300000,0.000000,1772898053322.085,0.817173,-1.105732,0.542530,0.000000,0.000000,0.000000,1.000000,position_only
2026-03-07T15:40:53.339215+00:00,1772898053339.215,0.805664,-1.114258,0.538574,-11.437500,23.531250,4.718750,21490,19259,20760,20616,0.450000,-0.550000,0.300000,0.000000,1772898053339.147,0.802853,-1.111522,0.537073,0.000000,0.000000,0.000000,1.000000,position_only
2026-03-07T15:40:53.351438+00:00,1772898053351.438,0.795410,-1.117188,0.534180,-11.320312,23.109375,4.585938,21895,19263,21077,20604,0.450000,-0.550000,0.300000,0.000000,1772898053347.645,0.795453,-1.114421,0.534299,0.000000,0.000000,0.000000,1.000000,position_only
2026-03-07T15:40:53.359819+00:00,1772898053359.818,0.785645,-1.120117,0.530762,-11.234375,22.718750,4.460938,21808,19380,21123,20571,0.450000,-0.550000,0.300000,0.000000,1772898053356.224,0.787515,-1.116883,0.531618,0.000000,0.000000,0.000000,1.000000,position_only
2026-03-07T15:40:53.369679+00:00,1772898053369.678,0.775391,-1.122070,0.527344,-11.148438,22.296875,4.339844,21873,19601,21085,20877,0.450000,-0.550000,0.300000,0.000000,1772898053364.707,0.779258,-1.119240,0.529142,0.000000,0.000000,0.000000,1.000000,position_only
2026-03-07T15:40:53.380421+00:00,1772898053380.420,0.763672,-1.125000,0.523926,-11.062500,21.828125,4.207031,21763,19723,21017,20938,0.450000,-0.550000,0.300000,0.000000,1772898053373.294,0.770939,-1.121534,0.526795,0.000000,0.000000,0.000000,1.000000,position_only
2026-03-07T15:40:53.390193+00:00,1772898053390.193,0.752930,-1.126953,0.520996,-10.976562,21.375000,4.074219,22030,19699,21054,20997,0.450000,-0.550000,0.300000,0.000000,1772898053381.769,0.762594,-1.123957,0.524357,0.000000,0.000000,0.000000,1.000000,position_only
2026-03-07T15:40:53.399993+00:00,1772898053399.992,0.740234,-1.129883,0.517578,-10.875000,20.828125,3.919922,22047,19664,21170,20888,0.450000,-0.550000,0.300000,0.000000,1772898053398.766,0.744618,-1.127956,0.519789,0.000000,0.000000,0.000000,1.000000,position_only
2026-03-07T15:40:53.408882+00:00,1772898053408.882,0.729004,-1.131836,0.514648,-10.781250,20.296875,3.767578,22066,19584,21135,20887,0.450000,-0.550000,0.300000,0.000000,1772898053407.264,0.735040,-1.129532,0.517781,0.000000,0.000000,0.000000,1.000000,position_only
2026-03-07T15:40:53.419631+00:00,1772898053419.631,0.716309,-1.133789,0.512207,-10.671875,19.734375,3.636719,22077,19804,20848,21197,0.450000,-0.550000,0.300000,0.000000,1772898053415.817,0.725657,-1.131400,0.515919,0.000000,0.000000,0.000000,1.000000,position_only
2026-03-07T15:40:53.430288+00:00,1772898053430.288,0.702148,-1.134766,0.509277,-10.539062,19.046875,3.460938,22155,19619,21021,20990,0.450000,-0.550000,0.300000,0.000000,1772898053424.314,0.715797,-1.132999,0.514319,0.000000,0.000000,0.000000,1.000000,position_only
2026-03-07T15:40:53.439927+00:00,1772898053439.927,0.687988,-1.136719,0.506836,-10.414062,18.312500,3.283203,22253,19675,20911,21035,0.450000,-0.550000,0.300000,0.000000,1772898053432.794,0.705854,-1.134394,0.512712,0.000000,0.000000,0.000000,1.000000,position_only
2026-03-07T15:40:53.449899+00:00,1772898053449.898,0.676270,-1.137695,0.505371,-10.289062,17.546875,3.060547,22201,19558,20785,21103,0.450000,-0.550000,0.300000,0.000000,1772898053441.295,0.695740,-1.135554,0.511154,0.000000,0.000000,0.000000,1.000000,position_only
2026-03-07T15:40:53.460783+00:00,1772898053460.782,0.663574,-1.138672,0.503418,-10.164062,16.765625,2.863281,22100,19507,20656,21179,0.450000,-0.550000,0.300000,0.000000,1772898053458.495,0.674974,-1.137996,0.508470,0.000000,0.000000,0.000000,1.000000,position_only
2026-03-07T15:40:53.470492+00:00,1772898053470.492,0.648438,-1.139648,0.501465,-10.031250,15.875000,2.654297,22170,19554,20438,21183,0.450000,-0.550000,0.300000,0.000000,1772898053466.957,0.663833,-1.138712,0.507652,0.000000,0.000000,0.000000,1.000000,position_only
2026-03-07T15:40:53.478826+00:00,1772898053478.826,0.634277,-1.139648,0.500488,-9.890625,15.023438,2.451172,22146,19349,20397,21210,0.450000,-0.550000,0.300000,0.000000,1772898053475.461,0.653390,-1.139847,0.506584,0.000000,0.000000,0.000000,1.000000,position_only
2026-03-07T15:40:53.489439+00:00,1772898053489.439,0.620605,-1.139648,0.499512,-9.757812,13.968750,2.183594,22336,19157,20360,20955,0.450000,-0.550000,0.300000,0.000000,1772898053483.953,0.642032,-1.140106,0.505956,0.000000,0.000000,0.000000,1.000000,position_only
2026-03-07T15:40:53.500799+00:00,1772898053500.798,0.620605,-1.139648,0.499512,-9.757812,13.968750,2.183594,22396,19179,20395,20833,0.450000,-0.550000,0.300000,0.000000,1772898053492.648,0.631029,-1.140985,0.505444,0.000000,0.000000,0.000000,1.000000,position_only
2026-03-07T15:40:53.510478+00:00,1772898053510.478,0.590332,-1.140625,0.498047,-9.445312,12.031250,1.774414,21981,19317,19727,21120,0.450000,-0.550000,0.300000,0.000000,1772898053509.763,0.608234,-1.141858,0.504608,0.000000,0.000000,0.000000,1.000000,position_only
2026-03-07T15:40:53.519760+00:00,1772898053519.760,0.575684,-1.140625,0.497803,-9.304688,11.046875,1.547852,21955,19142,19703,21050,0.450000,-0.550000,0.300000,0.000000,1772898053518.258,0.596817,-1.142133,0.504470,0.000000,0.000000,0.000000,1.000000,position_only
2026-03-07T15:40:53.529473+00:00,1772898053529.473,0.577148,-1.140625,0.498291,-9.289062,10.992188,1.520508,22094,18973,19779,20948,0.450000,-0.550000,0.300000,0.000000,1772898053526.992,0.573611,-1.142498,0.504559,0.000000,0.000000,0.000000,1.000000,position_only
2026-03-07T15:40:53.540785+00:00,1772898053540.785,0.560059,-1.139648,0.498047,-9.140625,9.898438,1.292969,22089,18774,19700,20696,0.450000,-0.550000,0.300000,0.000000,1772898053535.607,0.561929,-1.142450,0.504731,0.000000,0.000000,0.000000,1.000000,position_only
2026-03-07T15:40:53.552270+00:00,1772898053552.269,0.545410,-1.139648,0.498291,-9.015625,8.875000,1.087891,22033,18625,19540,20736,0.450000,-0.550000,0.300000,0.000000,1772898053544.135,0.549744,-1.142044,0.505248,0.000000,0.000000,0.000000,1.000000,position_only
2026-03-07T15:40:53.560504+00:00,1772898053560.504,0.530273,-1.139648,0.498779,-8.898438,7.820312,0.880859,21893,18517,19427,20455,0.450000,-0.550000,0.300000,0.000000,1772898053552.644,0.538153,-1.142123,0.505756,0.000000,0.000000,0.000000,1.000000,position_only
2026-03-07T15:40:53.569653+00:00,1772898053569.652,0.513672,-1.138672,0.250000,-8.781250,6.648438,0.665527,21712,18386,19251,20506,0.450000,-0.550000,0.300000,0.000000,1772898053561.321,0.526292,-1.141671,0.506326,0.000000,0.000000,0.000000,1.000000,position_only
2026-03-07T15:40:53.580321+00:00,1772898053580.321,0.498047,-1.137695,0.500977,-8.695312,5.578125,0.465820,21426,18372,18912,20401,0.450000,-0.550000,0.300000,0.000000,1772898053578.545,0.501612,-1.139966,0.508513,0.000000,0.000000,0.000000,1.000000,position_only
2026-03-07T15:40:53.590218+00:00,1772898053590.218,0.481201,-1.136719,0.501953,-8.632812,4.398438,0.238892,21355,18135,18944,20301,0.450000,-0.550000,0.300000,0.000000,1772898053587.095,0.489486,-1.139243,0.509549,0.000000,0.000000,0.000000,1.000000,position_only
2026-03-07T15:40:53.599443+00:00,1772898053599.443,0.466309,-1.135742,0.503418,-8.593750,3.314453,0.027390,21232,17995,18838,20332,0.450000,-0.550000,0.300000,0.000000,1772898053595.587,0.477780,-1.138448,0.510845,0.000000,0.000000,0.000000,1.000000,position_only
2026-03-07T15:40:53.612002+00:00,1772898053612.001,0.448730,-1.133789,0.504883,-8.578125,2.156250,-0.180664,21020,17839,18622,20033,0.450000,-0.550000,0.300000,0.000000,1772898053604.304,0.466202,-1.137819,0.512075,0.000000,0.000000,0.000000,1.000000,position_only
2026-03-07T15:40:53.620509+00:00,1772898053620.508,0.434814,-1.132812,0.507324,-8.562500,1.030273,-0.393311,20798,17769,18343,20190,0.450000,-0.550000,0.300000,0.000000,1772898053612.904,0.454280,-1.136834,0.513593,0.000000,0.000000,0.000000,1.000000,position_only
2026-03-07T15:40:53.629632+00:00,1772898053629.632,0.418213,-1.130859,0.509277,-8.570312,-0.164673,-0.623047,20737,17424,18307,19677,0.450000,-0.550000,0.300000,0.000000,1772898053621.456,0.442466,-1.135893,0.515089,0.000000,0.000000,0.000000,1.000000,position_only
2026-03-07T15:40:53.640215+00:00,1772898053640.214,0.403809,-1.128906,0.511719,-8.585938,-1.265625,-0.827148,20568,17309,17992,19942,0.450000,-0.550000,0.300000,0.000000,1772898053638.830,0.419214,-1.133541,0.518522,0.000000,0.000000,0.000000,1.000000,position_only
2026-03-07T15:40:53.649811+00:00,1772898053649.810,0.389648,-1.126953,0.513672,-8.632812,-2.417969,-1.049805,20343,17181,17634,19762,0.450000,-0.550000,0.300000,0.000000,1772898053647.339,0.407700,-1.132153,0.520495,0.000000,0.000000,0.000000,1.000000,position_only
2026-03-07T15:40:53.662896+00:00,1772898053662.896,0.373047,-1.125000,0.516602,-8.710938,-3.664062,-1.289062,20461,16857,17670,19497,0.450000,-0.550000,0.300000,0.000000,1772898053655.857,0.396433,-1.130853,0.522361,0.000000,0.000000,0.000000,1.000000,position_only
2026-03-07T15:40:53.669860+00:00,1772898053669.860,0.360596,-1.123047,0.519531,-8.742188,-4.875000,-1.519531,20374,16739,17387,19645,0.450000,-0.550000,0.300000,0.000000,1772898053664.393,0.385116,-1.129409,0.524386,0.000000,0.000000,0.000000,1.000000,position_only
2026-03-07T15:40:53.681122+00:00,1772898053681.122,0.343018,-1.120117,0.521973,-8.804688,-6.085938,-1.736328,20260,16501,17381,19003,0.450000,-0.550000,0.300000,0.000000,1772898053673.099,0.373682,-1.127666,0.526633,0.000000,0.000000,0.000000,1.000000,position_only
2026-03-07T15:40:53.689627+00:00,1772898053689.627,0.332031,-1.118164,0.524902,-8.804688,-7.300781,-1.962891,20181,16441,17020,19207,0.450000,-0.550000,0.300000,0.000000,1772898053681.587,0.362735,-1.126007,0.528795,0.000000,0.000000,0.000000,1.000000,position_only
2026-03-07T15:40:53.704802+00:00,1772898053704.802,0.316406,-1.115234,0.528320,-8.820312,-8.523438,-2.185547,19820,16392,16562,19018,0.450000,-0.550000,0.300000,0.000000,1772898053698.589,0.341179,-1.122563,0.533148,0.000000,0.000000,0.000000,1.000000,position_only
2026-03-07T15:40:53.711225+00:00,1772898053711.225,0.304443,-1.113281,0.531250,-8.828125,-9.687500,-2.414062,19896,16198,16514,18959,0.450000,-0.550000,0.300000,0.000000,1772898053706.671,0.330678,-1.120688,0.535452,0.000000,0.000000,0.000000,1.000000,position_only
2026-03-07T15:40:53.721962+00:00,1772898053721.962,0.289795,-1.110352,0.534180,-8.835938,-10.906250,-2.640625,19637,16045,16378,18450,0.450000,-0.550000,0.300000,0.000000,1772898053715.238,0.320411,-1.118789,0.537718,0.000000,0.000000,0.000000,1.000000,position_only
2026-03-07T15:40:53.731725+00:00,1772898053731.725,0.280029,-1.108398,0.537598,-8.820312,-12.054688,-2.859375,19561,16018,16055,18648,0.450000,-0.550000,0.300000,0.000000,1772898053724.208,0.310145,-1.116727,0.540050,0.000000,0.000000,0.000000,1.000000,position_only
2026-03-07T15:40:53.740954+00:00,1772898053740.954,0.268555,-1.105469,0.540527,-8.812500,-13.117188,-3.060547,19495,15972,15926,18730,0.450000,-0.550000,0.300000,0.000000,1772898053732.742,0.300168,-1.114668,0.542345,0.000000,0.000000,0.000000,1.000000,position_only
2026-03-07T15:40:53.750666+00:00,1772898053750.666,0.254883,-1.101562,0.543945,-8.796875,-14.210938,-3.267578,19252,15887,15701,18293,0.450000,-0.550000,0.300000,0.000000,1772898053750.007,0.280796,-1.110356,0.547068,0.000000,0.000000,0.000000,1.000000,position_only
2026-03-07T15:40:53.759695+00:00,1772898053759.694,0.243164,-1.098633,0.546875,-8.773438,-15.179688,-3.449219,19269,15767,15732,18227,0.450000,-0.550000,0.300000,0.000000,1772898053758.531,0.271436,-1.107997,0.549494,0.000000,0.000000,0.000000,1.000000,position_only
2026-03-07T15:40:53.771186+00:00,1772898053771.186,0.230835,-1.094727,0.550293,-8.742188,-16.187500,-3.638672,18868,15980,15359,17967,0.450000,-0.550000,0.300000,0.000000,1772898053767.227,0.262279,-1.105738,0.551818,0.000000,0.000000,0.000000,1.000000,position_only
2026-03-07T15:40:53.781667+00:00,1772898053781.667,0.233276,-1.095703,0.550293,-8.718750,-16.250000,-3.662109,18873,15894,15379,17908,0.450000,-0.550000,0.300000,0.000000,1772898053775.712,0.253401,-1.103196,0.554153,0.000000,0.000000,0.000000,1.000000,position_only
2026-03-07T15:40:53.792195+00:00,1772898053792.195,0.224487,-1.093750,0.553711,-8.656250,-17.203125,-3.847656,18584,15933,15186,17561,0.450000,-0.550000,0.300000,0.000000,1772898053784.253,0.244586,-1.100833,0.556391,0.000000,0.000000,0.000000,1.000000,position_only
2026-03-07T15:40:53.800433+00:00,1772898053800.433,0.211060,-1.088867,0.556641,-8.632812,-18.031250,-3.996094,18370,16035,14953,17744,0.450000,-0.550000,0.300000,0.000000,1772898053792.761,0.236223,-1.098228,0.558595,0.000000,0.000000,0.000000,1.000000,position_only
2026-03-07T15:40:53.811291+00:00,1772898053811.291,0.203003,-1.085938,0.559570,-8.562500,-18.859375,-4.164062,18573,15770,15137,17577,0.450000,-0.550000,0.300000,0.000000,1772898053809.765,0.219992,-1.092817,0.562938,0.000000,0.000000,0.000000,1.000000,position_only
2026-03-07T15:40:53.821160+00:00,1772898053821.159,0.192627,-1.082031,0.562500,-8.515625,-19.671875,-4.320312,18324,15774,14997,17198,0.450000,-0.550000,0.300000,0.000000,1772898053818.572,0.204790,-1.087413,0.566928,0.000000,0.000000,0.000000,1.000000,position_only
2026-03-07T15:40:53.831007+00:00,1772898053831.007,0.183472,-1.079102,0.565430,-8.468750,-20.343750,-4.441406,18175,15878,14790,17447,0.450000,-0.550000,0.300000,0.000000,1772898053827.074,0.197509,-1.084671,0.568833,0.000000,0.000000,0.000000,1.000000,position_only
2026-03-07T15:40:53.840264+00:00,1772898053840.263,0.174683,-1.075195,0.567871,-8.414062,-20.984375,-4.558594,18202,15612,14978,16814,0.450000,-0.550000,0.300000,0.000000,1772898053835.590,0.190738,-1.081732,0.570622,0.000000,0.000000,0.000000,1.000000,position_only
2026-03-07T15:40:53.850714+00:00,1772898053850.713,0.164795,-1.070312,0.570801,-8.382812,-21.640625,-4.667969,17977,15703,14809,17155,0.450000,-0.550000,0.300000,0.000000,1772898053844.091,0.183888,-1.078643,0.572372,0.000000,0.000000,0.000000,1.000000,position_only
2026-03-07T15:40:53.861492+00:00,1772898053861.491,0.157959,-1.067383,0.573242,-8.359375,-22.250000,-4.781250,17751,15785,14805,16799,0.450000,-0.550000,0.300000,0.000000,1772898053861.156,0.171287,-1.072580,0.575716,0.000000,0.000000,0.000000,1.000000,position_only
2026-03-07T15:40:53.870664+00:00,1772898053870.664,0.149536,-1.062500,0.575684,-8.367188,-22.828125,-4.878906,17871,15527,14990,16768,0.450000,-0.550000,0.300000,0.000000,1772898053869.756,0.165195,-1.069564,0.577144,0.000000,0.000000,0.000000,1.000000,position_only
2026-03-07T15:40:53.879820+00:00,1772898053879.820,0.142700,-1.058594,0.577637,-8.382812,-23.312500,-4.949219,17882,15444,15135,16806,0.450000,-0.550000,0.300000,0.000000,1772898053878.296,0.159607,-1.066257,0.578624,0.000000,0.000000,0.000000,1.000000,position_only
2026-03-07T15:40:53.891192+00:00,1772898053891.191,0.134766,-1.054688,0.579590,-8.445312,-23.781250,-5.003906,17517,15681,14914,16731,0.450000,-0.550000,0.300000,0.000000,1772898053886.890,0.154397,-1.062839,0.580098,0.000000,0.000000,0.000000,1.000000,position_only
2026-03-07T15:40:53.902812+00:00,1772898053902.812,0.128296,-1.049805,0.581055,-8.515625,-24.187500,-5.062500,17554,15605,15144,16680,0.450000,-0.550000,0.300000,0.000000,1772898053895.659,0.149171,-1.059788,0.581050,0.000000,0.000000,0.000000,1.000000,position_only
2026-03-07T15:40:53.910472+00:00,1772898053910.471,0.121765,-1.044922,0.583008,-8.593750,-24.562500,-5.105469,17089,16017,14825,16793,0.450000,-0.550000,0.300000,0.000000,1772898053904.220,0.149171,-1.059788,0.581050,0.000000,0.000000,0.000000,1.000000,position_only
2026-03-07T15:40:53.920294+00:00,1772898053920.293,0.118591,-1.041992,0.583984,-8.656250,-24.921875,-5.199219,17288,15877,15096,16684,0.450000,-0.550000,0.300000,0.000000,1772898053912.758,0.139760,-1.052906,0.582970,0.000000,0.000000,0.000000,1.000000,position_only
2026-03-07T15:40:53.930215+00:00,1772898053930.215,0.113892,-1.038086,0.584961,-8.742188,-25.171875,-5.234375,17374,15807,15259,16718,0.450000,-0.550000,0.300000,0.000000,1772898053929.768,0.131417,-1.046078,0.584360,0.000000,0.000000,0.000000,1.000000,position_only
2026-03-07T15:40:53.941538+00:00,1772898053941.538,0.108643,-1.033203,0.585938,-8.843750,-25.390625,-5.250000,17252,15999,15228,16587,0.450000,-0.550000,0.300000,0.000000,1772898053938.390,0.127659,-1.042455,0.585005,0.000000,0.000000,0.000000,1.000000,position_only
2026-03-07T15:40:53.950023+00:00,1772898053950.022,0.104553,-1.028320,0.586426,-8.929688,-25.578125,-5.265625,17189,16156,15254,16715,0.450000,-0.550000,0.300000,0.000000,1772898053946.930,0.124142,-1.038809,0.585435,0.000000,0.000000,0.000000,1.000000,position_only
2026-03-07T15:40:53.962750+00:00,1772898053962.749,0.102417,-1.025391,0.586914,-8.984375,-25.750000,-5.308594,17132,16363,15252,16597,0.450000,-0.550000,0.300000,0.000000,1772898053955.461,0.120885,-1.035184,0.585658,0.000000,0.000000,0.000000,1.000000,position_only
2026-03-07T15:40:53.969563+00:00,1772898053969.562,0.099304,-1.020508,0.587402,-9.054688,-25.890625,-5.332031,17228,16395,15349,16656,0.450000,-0.550000,0.300000,0.000000,1772898053963.984,0.117693,-1.031493,0.585815,0.000000,0.000000,0.000000,1.000000,position_only
2026-03-07T15:40:53.981620+00:00,1772898053981.620,0.096680,-1.016602,0.587402,-9.093750,-25.984375,-5.339844,17286,16609,15394,16522,0.450000,-0.550000,0.300000,0.000000,1772898053981.112,0.112544,-1.023811,0.585671,0.000000,0.000000,0.000000,1.000000,position_only
2026-03-07T15:40:53.990731+00:00,1772898053990.731,0.093811,-1.010742,0.586914,-9.140625,-26.078125,-5.335938,17381,16633,15512,16621,0.450000,-0.550000,0.300000,0.000000,1772898053989.648,0.110520,-1.020043,0.585418,0.000000,0.000000,0.000000,1.000000,position_only
2026-03-07T15:40:53.999747+00:00,1772898053999.746,0.091858,-1.005859,0.586426,-9.156250,-26.140625,-5.328125,17576,16584,15580,16725,0.450000,-0.550000,0.300000,0.000000,1772898053998.213,0.108756,-1.016141,0.585058,0.000000,0.000000,0.000000,1.000000,position_only
2026-03-07T15:40:54.013355+00:00,1772898054013.355,0.090332,-1.000977,0.585938,-9.156250,-26.203125,-5.320312,17506,16935,15619,16740,0.450000,-0.550000,0.300000,0.000000,1772898054006.707,0.107020,-1.012353,0.584418,0.000000,0.000000,0.000000,1.000000,position_only
2026-03-07T15:40:54.021194+00:00,1772898054021.194,0.091553,-1.001953,0.585938,-9.140625,-26.250000,-5.347656,17644,16865,15744,16557,0.450000,-0.550000,0.300000,0.000000,1772898054015.326,0.105672,-1.008139,0.583864,0.000000,0.000000,0.000000,1.000000,position_only
2026-03-07T15:40:54.030896+00:00,1772898054030.896,0.089233,-0.990234,0.583496,-9.140625,-26.343750,-5.324219,17720,17162,15887,16517,0.450000,-0.550000,0.300000,0.000000,1772898054024.010,0.104515,-1.004145,0.583010,0.000000,0.000000,0.000000,1.000000,position_only
2026-03-07T15:40:54.040678+00:00,1772898054040.677,0.090210,-0.991211,0.583496,-9.132812,-26.375000,-5.347656,17822,17153,15929,16798,0.450000,-0.550000,0.300000,0.000000,1772898054032.531,0.103591,-1.000039,0.582081,0.000000,0.000000,0.000000,1.000000,position_only
2026-03-07T15:40:54.052344+00:00,1772898054052.343,0.090027,-0.986328,0.582031,-9.125000,-26.390625,-5.343750,17945,17454,16236,16644,0.450000,-0.550000,0.300000,0.000000,1772898054049.586,0.102614,-0.991579,0.579832,0.000000,0.000000,0.000000,1.000000,position_only
2026-03-07T15:40:54.063061+00:00,1772898054063.061,0.090210,-0.980957,0.580566,-9.125000,-26.406250,-5.332031,17915,17559,16216,16943,0.450000,-0.550000,0.300000,0.000000,1772898054058.113,0.102675,-0.987292,0.578551,0.000000,0.000000,0.000000,1.000000,position_only
2026-03-07T15:40:54.070617+00:00,1772898054070.617,0.090820,-0.976074,0.579102,-9.132812,-26.390625,-5.312500,18077,17489,16398,17015,0.450000,-0.550000,0.300000,0.000000,1772898054066.781,0.102892,-0.982873,0.577141,0.000000,0.000000,0.000000,1.000000,position_only
2026-03-07T15:40:54.085382+00:00,1772898054085.382,0.092529,-0.971680,0.577148,-9.125000,-26.375000,-5.320312,18233,17784,16649,16984,0.450000,-0.550000,0.300000,0.000000,1772898054083.799,0.104073,-0.973912,0.574034,0.000000,0.000000,0.000000,1.000000,position_only
2026-03-07T15:40:54.090725+00:00,1772898054090.725,0.093994,-0.965820,0.574707,-9.156250,-26.312500,-5.289062,18261,17859,16788,17131,0.450000,-0.550000,0.300000,0.000000,1772898054083.799,0.104073,-0.973912,0.574034,0.000000,0.000000,0.000000,1.000000,position_only
2026-03-07T15:40:54.101308+00:00,1772898054101.308,0.095764,-0.960449,0.572754,-9.164062,-26.234375,-5.250000,18384,18205,17088,17129,0.450000,-0.550000,0.300000,0.000000,1772898054100.851,0.106360,-0.964727,0.570436,0.000000,0.000000,0.000000,1.000000,position_only
2026-03-07T15:40:54.110638+00:00,1772898054110.637,0.097900,-0.955078,0.570312,-9.187500,-26.109375,-5.210938,18452,18186,17164,17339,0.450000,-0.550000,0.300000,0.000000,1772898054109.551,0.107807,-0.960105,0.568476,0.000000,0.000000,0.000000,1.000000,position_only
2026-03-07T15:40:54.122025+00:00,1772898054122.025,0.100586,-0.948730,0.567383,-9.218750,-25.953125,-5.160156,18620,18481,17525,17308,0.450000,-0.550000,0.300000,0.000000,1772898054118.102,0.109491,-0.955375,0.566358,0.000000,0.000000,0.000000,1.000000,position_only
2026-03-07T15:40:54.132468+00:00,1772898054132.468,0.103516,-0.943359,0.564941,-9.257812,-25.781250,-5.121094,18553,18590,17497,17679,0.450000,-0.550000,0.300000,0.000000,1772898054126.647,0.111648,-0.950644,0.564299,0.000000,0.000000,0.000000,1.000000,position_only
2026-03-07T15:40:54.140957+00:00,1772898054140.957,0.107910,-0.937500,0.561523,-9.335938,-25.625000,-5.070312,18751,18433,17727,17778,0.450000,-0.550000,0.300000,0.000000,1772898054135.370,0.116537,-0.940891,0.559676,0.000000,0.000000,0.000000,1.000000,position_only
2026-03-07T15:40:54.152340+00:00,1772898054152.340,0.111267,-0.930664,0.558594,-9.437500,-25.437500,-4.988281,18962,18753,18184,17669,0.450000,-0.550000,0.300000,0.000000,1772898054143.921,0.119387,-0.935875,0.557283,0.000000,0.000000,0.000000,1.000000,position_only
2026-03-07T15:40:54.162303+00:00,1772898054162.303,0.116455,-0.924316,0.555176,-9.523438,-25.218750,-4.917969,19032,18679,18265,17953,0.450000,-0.550000,0.300000,0.000000,1772898054160.912,0.125789,-0.925543,0.552383,0.000000,0.000000,0.000000,1.000000,position_only
2026-03-07T15:40:54.172025+00:00,1772898054172.025,0.121155,-0.918457,0.551758,-9.625000,-24.984375,-4.835938,19182,19031,18646,17978,0.450000,-0.550000,0.300000,0.000000,1772898054169.469,0.129355,-0.920346,0.549799,0.000000,0.000000,0.000000,1.000000,position_only
2026-03-07T15:40:54.181063+00:00,1772898054181.063,0.126953,-0.911133,0.547852,-9.750000,-24.718750,-4.718750,19241,19003,18743,18196,0.450000,-0.550000,0.300000,0.000000,1772898054178.178,0.133236,-0.914992,0.547182,0.000000,0.000000,0.000000,1.000000,position_only
2026-03-07T15:40:54.190357+00:00,1772898054190.357,0.132568,-0.904297,0.544434,-9.867188,-24.453125,-4.617188,19292,19514,18885,18338,0.450000,-0.550000,0.300000,0.000000,1772898054186.661,0.137296,-0.909523,0.544509,0.000000,0.000000,0.000000,1.000000,position_only
2026-03-07T15:40:54.200012+00:00,1772898054200.012,0.138550,-0.897461,0.540527,-9.960938,-24.156250,-4.523438,19541,19396,19264,18178,0.450000,-0.550000,0.300000,0.000000,1772898054195.200,0.141559,-0.903986,0.541846,0.000000,0.000000,0.000000,1.000000,position_only
2026-03-07T15:40:54.212139+00:00,1772898054212.139,0.145508,-0.890625,0.537109,-10.015625,-23.765625,-4.417969,19424,19566,19181,18465,0.450000,-0.550000,0.300000,0.000000,1772898054203.712,0.146111,-0.898532,0.539131,0.000000,0.000000,0.000000,1.000000,position_only
2026-03-07T15:40:54.221274+00:00,1772898054221.274,0.151978,-0.884277,0.533203,-10.054688,-23.375000,-4.316406,19557,19975,19425,18538,0.450000,-0.550000,0.300000,0.000000,1772898054220.957,0.156124,-0.887173,0.533539,0.000000,0.000000,0.000000,1.000000,position_only
2026-03-07T15:40:54.230427+00:00,1772898054230.427,0.160034,-0.876465,0.529297,-10.101562,-22.921875,-4.179688,19588,19984,19484,18682,0.450000,-0.550000,0.300000,0.000000,1772898054229.496,0.161453,-0.881405,0.530826,0.000000,0.000000,0.000000,1.000000,position_only
2026-03-07T15:40:54.241823+00:00,1772898054241.822,0.167480,-0.869141,0.525391,-10.109375,-22.484375,-4.054688,19952,20233,19847,18539,0.450000,-0.550000,0.300000,0.000000,1772898054238.016,0.166906,-0.875665,0.527993,0.000000,0.000000,0.000000,1.000000,position_only
2026-03-07T15:40:54.251647+00:00,1772898054251.646,0.176147,-0.860840,0.521484,-10.070312,-21.968750,-3.902344,20098,20150,19992,18520,0.450000,-0.550000,0.300000,0.000000,1772898054246.531,0.172736,-0.869663,0.525155,0.000000,0.000000,0.000000,1.000000,position_only
2026-03-07T15:40:54.262940+00:00,1772898054262.940,0.175903,-0.861816,0.521973,-10.054688,-21.953125,-3.929688,20085,20686,19897,18613,0.450000,-0.550000,0.300000,0.000000,1772898054255.037,0.178725,-0.863693,0.522358,0.000000,0.000000,0.000000,1.000000,position_only
2026-03-07T15:40:54.272035+00:00,1772898054272.034,0.183838,-0.854492,0.518555,-9.984375,-21.468750,-3.808594,20201,20642,20044,18611,0.450000,-0.550000,0.300000,0.000000,1772898054263.886,0.185073,-0.857581,0.519657,0.000000,0.000000,0.000000,1.000000,position_only
2026-03-07T15:40:54.282065+00:00,1772898054282.065,0.194214,-0.845703,0.514160,-9.882812,-20.890625,-3.662109,20215,20596,19995,18833,0.450000,-0.550000,0.300000,0.000000,1772898054280.972,0.198285,-0.845159,0.514295,0.000000,0.000000,0.000000,1.000000,position_only
2026-03-07T15:40:54.291861+00:00,1772898054291.861,0.203857,-0.837402,0.510254,-9.773438,-20.359375,-3.527344,20302,20956,20113,18975,0.450000,-0.550000,0.300000,0.000000,1772898054289.587,0.205245,-0.838744,0.511742,0.000000,0.000000,0.000000,1.000000,position_only
2026-03-07T15:40:54.301800+00:00,1772898054301.799,0.212891,-0.829590,0.506836,-9.671875,-19.843750,-3.416016,20464,20762,20226,18967,0.450000,-0.550000,0.300000,0.000000,1772898054298.110,0.212265,-0.832329,0.509056,0.000000,0.000000,0.000000,1.000000,position_only
2026-03-07T15:40:54.313230+00:00,1772898054313.229,0.224854,-0.819824,0.502930,-9.554688,-19.281250,-3.263672,20776,20859,20627,18808,0.450000,-0.550000,0.300000,0.000000,1772898054306.616,0.219690,-0.825867,0.506568,0.000000,0.000000,0.000000,1.000000,position_only
2026-03-07T15:40:54.322059+00:00,1772898054322.055,0.235840,-0.810547,0.499023,-9.414062,-18.703125,-3.103516,20616,20935,20468,19091,0.450000,-0.550000,0.300000,0.000000,1772898054315.187,0.227174,-0.819251,0.504152,0.000000,0.000000,0.000000,1.000000,position_only
2026-03-07T15:40:54.331897+00:00,1772898054331.896,0.245239,-0.803223,0.496338,-9.273438,-18.156250,-3.011719,20659,21259,20530,19061,0.450000,-0.550000,0.300000,0.000000,1772898054323.798,0.234967,-0.812366,0.501808,0.000000,0.000000,0.000000,1.000000,position_only
2026-03-07T15:40:54.340976+00:00,1772898054340.975,0.256348,-0.794434,0.493164,-9.101562,-17.531250,-2.890625,20765,21104,20680,18995,0.450000,-0.550000,0.300000,0.000000,1772898054340.830,0.251096,-0.798785,0.497332,0.000000,0.000000,0.000000,1.000000,position_only
2026-03-07T15:40:54.352349+00:00,1772898054352.349,0.267578,-0.785645,0.490234,-8.953125,-16.968750,-2.751953,20692,21120,20576,19115,0.450000,-0.550000,0.300000,0.000000,1772898054349.379,0.259376,-0.791767,0.495200,0.000000,0.000000,0.000000,1.000000,position_only
2026-03-07T15:40:54.361575+00:00,1772898054361.574,0.280029,-0.775879,0.487305,-8.765625,-16.343750,-2.609375,20726,21339,20616,19204,0.450000,-0.550000,0.300000,0.000000,1772898054357.899,0.267853,-0.784769,0.493201,0.000000,0.000000,0.000000,1.000000,position_only
2026-03-07T15:40:54.373645+00:00,1772898054373.645,0.290039,-0.768066,0.485107,-8.562500,-15.718750,-2.523438,20708,21231,20568,19286,0.450000,-0.550000,0.300000,0.000000,1772898054366.708,0.276604,-0.777509,0.491266,0.000000,0.000000,0.000000,1.000000,position_only
2026-03-07T15:40:54.381387+00:00,1772898054381.386,0.302490,-0.758789,0.482666,-8.359375,-15.070312,-2.406250,20789,21323,20667,19282,0.450000,-0.550000,0.300000,0.000000,1772898054375.295,0.285380,-0.770408,0.489508,0.000000,0.000000,0.000000,1.000000,position_only
2026-03-07T15:40:54.392452+00:00,1772898054392.451,0.313477,-0.750000,0.480713,-8.164062,-14.460938,-2.306641,20787,21395,20643,19183,0.450000,-0.550000,0.300000,0.000000,1772898054392.366,0.303552,-0.755602,0.486246,0.000000,0.000000,0.000000,1.000000,position_only
2026-03-07T15:40:54.402175+00:00,1772898054402.175,0.325684,-0.740723,0.478516,-7.980469,-13.875000,-2.189453,20817,21052,20652,19211,0.450000,-0.550000,0.300000,0.000000,1772898054400.894,0.312831,-0.748237,0.484861,0.000000,0.000000,0.000000,1.000000,position_only
2026-03-07T15:40:54.412032+00:00,1772898054412.032,0.339355,-0.730469,0.476562,-7.773438,-13.234375,-2.062500,20763,21252,20686,19176,0.450000,-0.550000,0.300000,0.000000,1772898054409.465,0.322197,-0.740689,0.483531,0.000000,0.000000,0.000000,1.000000,position_only
2026-03-07T15:40:54.421370+00:00,1772898054421.370,0.351562,-0.721191,0.475098,-7.578125,-12.609375,-1.952148,20732,21129,20651,19190,0.450000,-0.550000,0.300000,0.000000,1772898054417.955,0.331809,-0.733027,0.482259,0.000000,0.000000,0.000000,1.000000,position_only
2026-03-07T15:40:54.432690+00:00,1772898054432.690,0.363281,-0.712402,0.474121,-7.324219,-11.851562,-1.860352,20785,21337,20762,19004,0.450000,-0.550000,0.300000,0.000000,1772898054426.454,0.341458,-0.725421,0.481208,0.000000,0.000000,0.000000,1.000000,position_only
2026-03-07T15:40:54.444276+00:00,1772898054444.275,0.376221,-0.702637,0.472900,-7.121094,-11.187500,-1.736328,20561,21248,20656,18990,0.450000,-0.550000,0.300000,0.000000,1772898054443.522,0.361034,-0.709819,0.479387,0.000000,0.000000,0.000000,1.000000,position_only
2026-03-07T15:40:54.452548+00:00,1772898054452.547,0.375244,-0.703125,0.473145,-7.105469,-11.148438,-1.750000,20629,21391,20675,18876,0.450000,-0.550000,0.300000,0.000000,1772898054452.154,0.381063,-0.693997,0.478056,0.000000,0.000000,0.000000,1.000000,position_only
2026-03-07T15:40:54.463210+00:00,1772898054463.209,0.389893,-0.691895,0.472168,-6.871094,-10.398438,-1.604492,20563,21280,20759,18722,0.450000,-0.550000,0.300000,0.000000,1772898054460.734,0.391156,-0.686059,0.477644,0.000000,0.000000,0.000000,1.000000,position_only
2026-03-07T15:40:54.472228+00:00,1772898054472.228,0.403076,-0.681641,0.471436,-6.648438,-9.679688,-1.473633,20474,21227,20685,18684,0.450000,-0.550000,0.300000,0.000000,1772898054469.238,0.401406,-0.678002,0.477362,0.000000,0.000000,0.000000,1.000000,position_only
2026-03-07T15:40:54.481894+00:00,1772898054481.894,0.417480,-0.670898,0.470703,-6.371094,-8.843750,-1.330078,20354,21382,20459,18671,0.450000,-0.550000,0.300000,0.000000,1772898054477.699,0.411618,-0.669952,0.477216,0.000000,0.000000,0.000000,1.000000,position_only
2026-03-07T15:40:54.494082+00:00,1772898054494.081,0.430420,-0.660645,0.470459,-6.085938,-8.054688,-1.212891,20275,21302,20450,18569,0.450000,-0.550000,0.300000,0.000000,1772898054486.342,0.421941,-0.661878,0.477186,0.000000,0.000000,0.000000,1.000000,position_only
2026-03-07T15:40:54.502442+00:00,1772898054502.441,0.444580,-0.650391,0.470459,-5.808594,-7.281250,-1.084961,20390,21132,20510,18289,0.450000,-0.550000,0.300000,0.000000,1772898054494.848,0.432246,-0.653633,0.477271,0.000000,0.000000,0.000000,1.000000,position_only
2026-03-07T15:40:54.512317+00:00,1772898054512.317,0.458252,-0.639648,0.470459,-5.515625,-6.488281,-0.954590,20343,20955,20486,18230,0.450000,-0.550000,0.300000,0.000000,1772898054511.817,0.453074,-0.637146,0.477891,0.000000,0.000000,0.000000,1.000000,position_only
2026-03-07T15:40:54.521701+00:00,1772898054521.701,0.469971,-0.630371,0.471436,-5.171875,-5.636719,-0.850586,20288,20973,20294,18021,0.450000,-0.550000,0.300000,0.000000,1772898054520.335,0.463530,-0.628915,0.478438,0.000000,0.000000,0.000000,1.000000,position_only
2026-03-07T15:40:54.531723+00:00,1772898054531.722,0.483154,-0.620117,0.471924,-4.839844,-4.835938,-0.735840,20206,20832,20282,17928,0.450000,-0.550000,0.300000,0.000000,1772898054528.821,0.473942,-0.620581,0.479061,0.000000,0.000000,0.000000,1.000000,position_only
2026-03-07T15:40:54.544733+00:00,1772898054544.733,0.497559,-0.608887,0.472656,-4.464844,-3.953125,-0.611816,20168,20690,20098,17812,0.450000,-0.550000,0.300000,0.000000,1772898054537.379,0.484402,-0.612249,0.479871,0.000000,0.000000,0.000000,1.000000,position_only
2026-03-07T15:40:54.552493+00:00,1772898054552.493,0.511719,-0.597656,0.473877,-4.140625,-3.193359,-0.250000,20111,20575,20037,17687,0.450000,-0.550000,0.300000,0.000000,1772898054545.909,0.494858,-0.603896,0.480798,0.000000,0.000000,0.000000,1.000000,position_only
2026-03-07T15:40:54.561661+00:00,1772898054561.660,0.524902,-0.586426,0.475586,-3.755859,-2.304688,-0.387207,19838,20567,19840,17741,0.450000,-0.550000,0.300000,0.000000,1772898054554.411,0.505297,-0.595384,0.481807,0.000000,0.000000,0.000000,1.000000,position_only
2026-03-07T15:40:54.570794+00:00,1772898054570.793,0.538086,-0.576172,0.477051,-3.406250,-1.528320,-0.295166,19904,20303,19827,17404,0.450000,-0.550000,0.300000,0.000000,1772898054562.926,0.515725,-0.587053,0.482872,0.000000,0.000000,0.000000,1.000000,position_only
2026-03-07T15:40:54.582513+00:00,1772898054582.512,0.552246,-0.564941,0.478760,-3.025391,-0.671387,-0.192627,19781,20192,19877,17250,0.450000,-0.550000,0.300000,0.000000,1772898054580.132,0.536397,-0.570289,0.485387,0.000000,0.000000,0.000000,1.000000,position_only
2026-03-07T15:40:54.592077+00:00,1772898054592.077,0.564941,-0.554688,0.480469,-2.675781,0.139038,-0.101013,19718,20039,19785,16972,0.450000,-0.550000,0.300000,0.000000,1772898054588.924,0.546669,-0.561972,0.486873,0.000000,0.000000,0.000000,1.000000,position_only
2026-03-07T15:40:54.602605+00:00,1772898054602.605,0.579590,-0.542969,0.482666,-2.324219,1.006836,0.008125,19426,20081,19668,16993,0.450000,-0.550000,0.300000,0.000000,1772898054597.502,0.556752,-0.553604,0.488492,0.000000,0.000000,0.000000,1.000000,position_only
2026-03-07T15:40:54.611024+00:00,1772898054611.024,0.592285,-0.532227,0.484619,-2.000000,1.837891,0.101807,19345,19944,19718,16846,0.450000,-0.550000,0.300000,0.000000,1772898054605.944,0.566844,-0.545206,0.490001,0.000000,0.000000,0.000000,1.000000,position_only
2026-03-07T15:40:54.622229+00:00,1772898054622.229,0.604004,-0.521973,0.487305,-1.609375,2.828125,0.197144,19033,20030,19410,16680,0.450000,-0.550000,0.300000,0.000000,1772898054614.422,0.577018,-0.536807,0.491724,0.000000,0.000000,0.000000,1.000000,position_only
2026-03-07T15:40:54.633061+00:00,1772898054633.061,0.616211,-0.512207,0.489746,-1.259766,3.724609,0.277100,18976,19918,19503,16469,0.450000,-0.550000,0.300000,0.000000,1772898054631.615,0.596871,-0.520181,0.495358,0.000000,0.000000,0.000000,1.000000,position_only
2026-03-07T15:40:54.641277+00:00,1772898054641.277,0.629883,-0.500488,0.492432,-0.910645,4.671875,0.367920,18929,19659,19324,16241,0.450000,-0.550000,0.300000,0.000000,1772898054640.140,0.606566,-0.511908,0.497185,0.000000,0.000000,0.000000,1.000000,position_only
2026-03-07T15:40:54.651738+00:00,1772898054651.737,0.642090,-0.489990,0.495117,-0.596680,5.527344,0.449951,18805,19563,19361,16139,0.450000,-0.550000,0.300000,0.000000,1772898054648.883,0.616124,-0.503580,0.499344,0.000000,0.000000,0.000000,1.000000,position_only
2026-03-07T15:40:54.663911+00:00,1772898054663.910,0.651855,-0.480713,0.498047,-0.247192,6.453125,0.527832,18848,19312,19290,15710,0.450000,-0.550000,0.300000,0.000000,1772898054657.660,0.625827,-0.495469,0.501295,0.000000,0.000000,0.000000,1.000000,position_only
2026-03-07T15:40:54.673032+00:00,1772898054673.031,0.666992,-0.468506,0.500488,0.067871,7.343750,0.619629,18570,19352,19030,15945,0.450000,-0.550000,0.300000,0.000000,1772898054666.358,0.635098,-0.487105,0.503435,0.000000,0.000000,0.000000,1.000000,position_only
2026-03-07T15:40:54.683486+00:00,1772898054683.485,0.664551,-0.469971,0.500977,0.112610,7.414062,0.617188,18487,19411,18932,16046,0.450000,-0.550000,0.300000,0.000000,1772898054674.930,0.644493,-0.479036,0.505532,0.000000,0.000000,0.000000,1.000000,position_only
2026-03-07T15:40:54.692885+00:00,1772898054692.884,0.687988,-0.448975,0.506836,0.734375,9.093750,0.735840,18512,19113,18854,15695,0.450000,-0.550000,0.300000,0.000000,1772898054692.530,0.662610,-0.462687,0.509929,0.000000,0.000000,0.000000,1.000000,position_only
2026-03-07T15:40:54.702768+00:00,1772898054702.768,0.698730,-0.438965,0.509766,1.010742,9.882812,0.795898,18355,19091,18832,15627,0.450000,-0.550000,0.300000,0.000000,1772898054701.195,0.671595,-0.454703,0.512135,0.000000,0.000000,0.000000,1.000000,position_only
2026-03-07T15:40:54.713098+00:00,1772898054713.098,0.696777,-0.440186,0.509766,1.046875,9.937500,0.796387,18310,18808,18509,15567,0.450000,-0.550000,0.300000,0.000000,1772898054709.838,0.680185,-0.446728,0.514327,0.000000,0.000000,0.000000,1.000000,position_only
2026-03-07T15:40:54.721920+00:00,1772898054721.920,0.708008,-0.429688,0.513184,1.354492,10.757812,0.855957,18188,18753,18455,15601,0.450000,-0.550000,0.300000,0.000000,1772898054718.364,0.688700,-0.438688,0.516623,0.000000,0.000000,0.000000,1.000000,position_only
2026-03-07T15:40:54.734228+00:00,1772898054734.228,0.717773,-0.420410,0.515625,1.613281,11.460938,0.905762,18222,18437,18287,15361,0.450000,-0.550000,0.300000,0.000000,1772898054726.818,0.697209,-0.430712,0.518867,0.000000,0.000000,0.000000,1.000000,position_only
2026-03-07T15:40:54.742745+00:00,1772898054742.744,0.728516,-0.409424,0.519531,1.918945,12.265625,0.961426,18062,18421,18336,15279,0.450000,-0.550000,0.300000,0.000000,1772898054735.361,0.705371,-0.422918,0.521058,0.000000,0.000000,0.000000,1.000000,position_only
2026-03-07T15:40:54.752885+00:00,1772898054752.884,0.739746,-0.398438,0.522949,2.150391,12.937500,1.012695,17960,18323,18233,15408,0.450000,-0.550000,0.300000,0.000000,1772898054752.706,0.729156,-0.399660,0.527889,0.000000,0.000000,0.000000,1.000000,position_only
2026-03-07T15:40:54.762759+00:00,1772898054762.758,0.749023,-0.388916,0.525879,2.333984,13.515625,1.057617,17815,18164,17912,15358,0.450000,-0.550000,0.300000,0.000000,1772898054761.211,0.736816,-0.392041,0.530106,0.000000,0.000000,0.000000,1.000000,position_only
2026-03-07T15:40:54.773212+00:00,1772898054773.211,0.759277,-0.378418,0.529297,2.533203,14.101562,1.097656,17851,18058,17974,15246,0.450000,-0.550000,0.300000,0.000000,1772898054770.103,0.744157,-0.384465,0.532182,0.000000,0.000000,0.000000,1.000000,position_only
2026-03-07T15:40:54.783702+00:00,1772898054783.702,0.767578,-0.369385,0.531738,2.726562,14.625000,1.137695,17848,17776,17781,15099,0.450000,-0.550000,0.300000,0.000000,1772898054778.644,0.751343,-0.376932,0.534427,0.000000,0.000000,0.000000,1.000000,position_only
2026-03-07T15:40:54.792784+00:00,1772898054792.784,0.777344,-0.358887,0.535156,2.904297,15.156250,1.181641,17868,17693,17808,15037,0.450000,-0.550000,0.300000,0.000000,1772898054787.131,0.758419,-0.369516,0.536538,0.000000,0.000000,0.000000,1.000000,position_only
2026-03-07T15:40:54.801831+00:00,1772898054801.830,0.784668,-0.350342,0.538086,3.103516,15.640625,1.226562,17845,17449,17597,14980,0.450000,-0.550000,0.300000,0.000000,1772898054795.727,0.765266,-0.362171,0.538648,0.000000,0.000000,0.000000,1.000000,position_only
2026-03-07T15:40:54.811406+00:00,1772898054811.406,0.791992,-0.341553,0.541016,3.269531,16.046875,1.267578,17759,17452,17545,14999,0.450000,-0.550000,0.300000,0.000000,1772898054804.530,0.771844,-0.354895,0.540683,0.000000,0.000000,0.000000,1.000000,position_only
2026-03-07T15:40:54.823056+00:00,1772898054823.055,0.801270,-0.331055,0.543945,3.431641,16.453125,1.300781,17747,17383,17635,14959,0.450000,-0.550000,0.300000,0.000000,1772898054821.530,0.784504,-0.340483,0.544653,0.000000,0.000000,0.000000,1.000000,position_only
2026-03-07T15:40:54.831830+00:00,1772898054831.830,0.808594,-0.322021,0.546387,3.570312,16.812500,1.335938,17664,17227,17250,15072,0.450000,-0.550000,0.300000,0.000000,1772898054830.317,0.790460,-0.333305,0.546538,0.000000,0.000000,0.000000,1.000000,position_only
2026-03-07T15:40:54.842495+00:00,1772898054842.494,0.816406,-0.312256,0.549316,3.718750,17.171875,1.369141,17643,17227,17310,15049,0.450000,-0.550000,0.300000,0.000000,1772898054838.784,0.796349,-0.326376,0.548349,0.000000,0.000000,0.000000,1.000000,position_only
2026-03-07T15:40:54.854110+00:00,1772898054854.109,0.823242,-0.303711,0.551758,3.859375,17.484375,1.402344,17610,16974,17001,15204,0.450000,-0.550000,0.300000,0.000000,1772898054847.269,0.802143,-0.319427,0.550026,0.000000,0.000000,0.000000,1.000000,position_only
2026-03-07T15:40:54.863841+00:00,1772898054863.840,0.828613,-0.295898,0.553711,4.027344,17.828125,1.453125,17622,16996,17159,15083,0.450000,-0.550000,0.300000,0.000000,1772898054855.708,0.807705,-0.312605,0.551631,0.000000,0.000000,0.000000,1.000000,position_only
2026-03-07T15:40:54.872283+00:00,1772898054872.282,0.834473,-0.287354,0.555664,4.117188,18.062500,1.489258,17582,16813,16963,15161,0.450000,-0.550000,0.300000,0.000000,1772898054864.197,0.812994,-0.305875,0.553342,0.000000,0.000000,0.000000,1.000000,position_only
2026-03-07T15:40:54.882542+00:00,1772898054882.541,0.840820,-0.278076,0.558105,4.199219,18.312500,1.520508,17440,16905,16788,15337,0.450000,-0.550000,0.300000,0.000000,1772898054881.269,0.822742,-0.292267,0.556398,0.000000,0.000000,0.000000,1.000000,position_only
2026-03-07T15:40:54.893249+00:00,1772898054893.248,0.846191,-0.270020,0.560059,4.250000,18.531250,1.549805,17504,16809,17021,15212,0.450000,-0.550000,0.300000,0.000000,1772898054889.704,0.827435,-0.285733,0.557800,0.000000,0.000000,0.000000,1.000000,position_only
2026-03-07T15:40:54.905728+00:00,1772898054905.727,0.851074,-0.262451,0.561523,4.292969,18.750000,1.585938,17468,16619,17031,15203,0.450000,-0.550000,0.300000,0.000000,1772898054898.254,0.832733,-0.279443,0.558803,0.000000,0.000000,0.000000,1.000000,position_only
2026-03-07T15:40:54.914477+00:00,1772898054914.476,0.849121,-0.264160,0.561035,4.347656,18.812500,1.612305,17462,16654,17116,15111,0.450000,-0.550000,0.300000,0.000000,1772898054906.839,0.836979,-0.273047,0.560012,0.000000,0.000000,0.000000,1.000000,position_only
2026-03-07T15:40:54.923865+00:00,1772898054923.864,0.855469,-0.254639,0.562988,4.339844,19.046875,1.645508,17372,16563,16785,15404,0.450000,-0.550000,0.300000,0.000000,1772898054915.331,0.841020,-0.266581,0.561116,0.000000,0.000000,0.000000,1.000000,position_only
2026-03-07T15:40:54.931463+00:00,1772898054931.462,0.858887,-0.247803,0.564453,4.367188,19.296875,1.696289,17365,16633,16980,15298,0.450000,-0.550000,0.300000,0.000000,1772898054923.903,0.844869,-0.260262,0.562163,0.000000,0.000000,0.000000,1.000000,position_only
2026-03-07T15:40:54.943881+00:00,1772898054943.880,0.863281,-0.239624,0.565430,4.367188,19.546875,1.742188,17357,16598,16842,15393,0.450000,-0.550000,0.300000,0.000000,1772898054941.015,0.852116,-0.248020,0.563870,0.000000,0.000000,0.000000,1.000000,position_only
2026-03-07T15:40:54.954757+00:00,1772898054954.756,0.866699,-0.232544,0.566406,4.367188,19.781250,1.788086,17292,16718,16857,15445,0.450000,-0.550000,0.300000,0.000000,1772898054949.529,0.855135,-0.241768,0.564643,0.000000,0.000000,0.000000,1.000000,position_only
2026-03-07T15:40:54.964226+00:00,1772898054964.225,0.871094,-0.224243,0.567383,4.355469,20.015625,1.813477,17294,16787,17060,15334,0.450000,-0.550000,0.300000,0.000000,1772898054958.029,0.858364,-0.235852,0.565270,0.000000,0.000000,0.000000,1.000000,position_only
2026-03-07T15:40:54.974954+00:00,1772898054974.953,0.874023,-0.216919,0.568359,4.363281,20.281250,1.845703,17384,16734,16825,15465,0.450000,-0.550000,0.300000,0.000000,1772898054966.528,0.861213,-0.229962,0.565848,0.000000,0.000000,0.000000,1.000000,position_only
2026-03-07T15:40:54.982713+00:00,1772898054982.712,0.875977,-0.210205,0.568848,4.421875,20.562500,1.904297,17362,16857,16940,15470,0.450000,-0.550000,0.300000,0.000000,1772898054975.252,0.863764,-0.224006,0.566234,0.000000,0.000000,0.000000,1.000000,position_only
2026-03-07T15:40:54.992661+00:00,1772898054992.660,0.878418,-0.203613,0.569336,4.460938,20.796875,1.940430,17602,16686,16875,15502,0.450000,-0.550000,0.300000,0.000000,1772898054992.224,0.868492,-0.212608,0.566854,0.000000,0.000000,0.000000,1.000000,position_only
2026-03-07T15:40:55.001858+00:00,1772898055001.856,0.880859,-0.195801,0.569336,4.523438,21.031250,1.992188,17556,16906,16926,15523,0.450000,-0.550000,0.300000,0.000000,1772898055000.705,0.870364,-0.206852,0.567052,0.000000,0.000000,0.000000,1.000000,position_only
2026-03-07T15:40:55.013947+00:00,1772898055013.946,0.882812,-0.188354,0.569824,4.589844,21.250000,2.025391,17839,16736,17023,15479,0.450000,-0.550000,0.300000,0.000000,1772898055009.255,0.872205,-0.201292,0.567066,0.000000,0.000000,0.000000,1.000000,position_only
2026-03-07T15:40:55.023838+00:00,1772898055023.837,0.884277,-0.181885,0.569336,4.664062,21.453125,2.070312,17782,16883,16966,15662,0.450000,-0.550000,0.300000,0.000000,1772898055017.990,0.873809,-0.195786,0.566898,0.000000,0.000000,0.000000,1.000000,position_only
2026-03-07T15:40:55.034513+00:00,1772898055034.511,0.885742,-0.174316,0.569336,4.750000,21.640625,2.121094,17845,16977,17126,15623,0.450000,-0.550000,0.300000,0.000000,1772898055026.476,0.875292,-0.190395,0.566770,0.000000,0.000000,0.000000,1.000000,position_only
2026-03-07T15:40:55.042372+00:00,1772898055042.372,0.885742,-0.168335,0.568359,4.855469,21.828125,2.187500,17977,16874,16922,15784,0.450000,-0.550000,0.300000,0.000000,1772898055034.969,0.876424,-0.185007,0.566464,0.000000,0.000000,0.000000,1.000000,position_only
2026-03-07T15:40:55.053300+00:00,1772898055053.299,0.886230,-0.162354,0.567871,4.925781,21.968750,2.234375,18022,17065,17182,15805,0.450000,-0.550000,0.300000,0.000000,1772898055052.151,0.878669,-0.169468,0.565119,0.000000,0.000000,0.000000,1.000000,position_only
2026-03-07T15:40:55.063446+00:00,1772898055063.445,0.885742,-0.162842,0.567871,4.937500,21.984375,2.244141,18308,16834,17136,15851,0.450000,-0.550000,0.300000,0.000000,1772898055060.648,0.878933,-0.164331,0.564474,0.000000,0.000000,0.000000,1.000000,position_only
2026-03-07T15:40:55.072658+00:00,1772898055072.657,0.885742,-0.156006,0.566895,5.007812,22.109375,2.292969,18145,17052,17081,16135,0.450000,-0.550000,0.300000,0.000000,1772898055069.140,0.879125,-0.159429,0.563617,0.000000,0.000000,0.000000,1.000000,position_only
2026-03-07T15:40:55.084064+00:00,1772898055084.063,0.885254,-0.150146,0.565918,5.074219,22.203125,2.335938,18236,17132,17164,16140,0.450000,-0.550000,0.300000,0.000000,1772898055077.645,0.879142,-0.154556,0.562729,0.000000,0.000000,0.000000,1.000000,position_only
2026-03-07T15:40:55.094223+00:00,1772898055094.222,0.884766,-0.142578,0.564453,5.136719,22.265625,2.361328,18526,16970,17263,16327,0.450000,-0.550000,0.300000,0.000000,1772898055086.384,0.878734,-0.149550,0.561876,0.000000,0.000000,0.000000,1.000000,position_only
2026-03-07T15:40:55.103506+00:00,1772898055103.505,0.883301,-0.136719,0.562988,5.195312,22.296875,2.414062,18540,17097,17372,16388,0.450000,-0.550000,0.300000,0.000000,1772898055103.389,0.877513,-0.140096,0.559703,0.000000,0.000000,0.000000,1.000000,position_only
2026-03-07T15:40:55.112889+00:00,1772898055112.888,0.881836,-0.131104,0.561523,5.238281,22.296875,2.464844,18740,17110,17329,16626,0.450000,-0.550000,0.300000,0.000000,1772898055112.039,0.876679,-0.135449,0.558514,0.000000,0.000000,0.000000,1.000000,position_only
2026-03-07T15:40:55.122000+00:00,1772898055121.999,0.880371,-0.125244,0.559570,5.289062,22.281250,2.521484,18707,17245,17334,16810,0.450000,-0.550000,0.300000,0.000000,1772898055120.529,0.875580,-0.130966,0.557228,0.000000,0.000000,0.000000,1.000000,position_only
2026-03-07T15:40:55.136363+00:00,1772898055136.362,0.877930,-0.119690,0.558105,5.316406,22.218750,2.558594,18965,17179,17334,17071,0.450000,-0.550000,0.300000,0.000000,1772898055129.379,0.874176,-0.126458,0.555910,0.000000,0.000000,0.000000,1.000000,position_only
2026-03-07T15:40:55.144231+00:00,1772898055144.230,0.875488,-0.114380,0.555664,5.355469,22.125000,2.619141,18980,17268,17507,17072,0.450000,-0.550000,0.300000,0.000000,1772898055137.892,0.872636,-0.122036,0.554418,0.000000,0.000000,0.000000,1.000000,position_only
2026-03-07T15:40:55.151972+00:00,1772898055151.972,0.873047,-0.108643,0.553711,5.355469,22.015625,2.650391,19061,17253,17736,17025,0.450000,-0.550000,0.300000,0.000000,1772898055146.406,0.870844,-0.117727,0.553028,0.000000,0.000000,0.000000,1.000000,position_only
2026-03-07T15:40:55.164519+00:00,1772898055164.518,0.869629,-0.104004,0.551758,5.363281,21.890625,2.736328,19283,17130,17679,17225,0.450000,-0.550000,0.300000,0.000000,1772898055163.600,0.866704,-0.109360,0.549684,0.000000,0.000000,0.000000,1.000000,position_only
2026-03-07T15:40:55.173737+00:00,1772898055173.736,0.866211,-0.099426,0.549316,5.355469,21.765625,2.796875,19245,17332,17986,17234,0.450000,-0.550000,0.300000,0.000000,1772898055172.105,0.864300,-0.105248,0.548032,0.000000,0.000000,0.000000,1.000000,position_only
2026-03-07T15:40:55.183676+00:00,1772898055183.675,0.862793,-0.094543,0.547363,5.316406,21.671875,2.841797,19215,17516,17926,17647,0.450000,-0.550000,0.300000,0.000000,1772898055180.643,0.861700,-0.101170,0.546301,0.000000,0.000000,0.000000,1.000000,position_only
2026-03-07T15:40:55.194835+00:00,1772898055194.834,0.858398,-0.089417,0.544434,5.261719,21.562500,2.878906,19127,17705,17990,17736,0.450000,-0.550000,0.300000,0.000000,1772898055189.162,0.859033,-0.097388,0.544449,0.000000,0.000000,0.000000,1.000000,position_only
2026-03-07T15:40:55.204126+00:00,1772898055204.125,0.854004,-0.085022,0.542480,5.214844,21.453125,2.917969,19346,17726,18115,17896,0.450000,-0.550000,0.300000,0.000000,1772898055197.646,0.855910,-0.093409,0.542613,0.000000,0.000000,0.000000,1.000000,position_only
2026-03-07T15:40:55.213230+00:00,1772898055213.229,0.848633,-0.080627,0.539551,5.171875,21.375000,2.968750,19341,17887,18190,17906,0.450000,-0.550000,0.300000,0.000000,1772898055206.142,0.852648,-0.089658,0.540713,0.000000,0.000000,0.000000,1.000000,position_only
2026-03-07T15:40:55.223476+00:00,1772898055223.475,0.843750,-0.076294,0.537109,5.144531,21.281250,3.000000,19353,18003,18331,17849,0.450000,-0.550000,0.300000,0.000000,1772898055223.222,0.845409,-0.082339,0.536833,0.000000,0.000000,0.000000,1.000000,position_only
2026-03-07T15:40:55.233457+00:00,1772898055233.456,0.843750,-0.076721,0.537109,5.156250,21.281250,3.015625,19598,17960,18212,18093,0.450000,-0.550000,0.300000,0.000000,1772898055231.849,0.841522,-0.078759,0.534764,0.000000,0.000000,0.000000,1.000000,position_only
2026-03-07T15:40:55.243274+00:00,1772898055243.273,0.832520,-0.067810,0.531250,5.128906,21.062500,3.074219,19712,18003,18457,17900,0.450000,-0.550000,0.300000,0.000000,1772898055240.359,0.837440,-0.075326,0.532732,0.000000,0.000000,0.000000,1.000000,position_only
2026-03-07T15:40:55.256255+00:00,1772898055256.254,0.832520,-0.068359,0.531738,5.140625,21.062500,3.097656,19944,18071,18469,18092,0.450000,-0.550000,0.300000,0.000000,1772898055249.084,0.833023,-0.071842,0.530710,0.000000,0.000000,0.000000,1.000000,position_only
2026-03-07T15:40:55.265061+00:00,1772898055265.060,0.826660,-0.064270,0.528809,5.175781,20.937500,3.156250,19905,18252,18480,18113,0.450000,-0.550000,0.300000,0.000000,1772898055257.586,0.828684,-0.068618,0.528649,0.000000,0.000000,0.000000,1.000000,position_only
2026-03-07T15:40:55.273522+00:00,1772898055273.521,0.820312,-0.060822,0.525879,5.226562,20.828125,3.205078,20195,18195,18583,18248,0.450000,-0.550000,0.300000,0.000000,1772898055266.160,0.823977,-0.065440,0.526556,0.000000,0.000000,0.000000,1.000000,position_only
2026-03-07T15:40:55.284284+00:00,1772898055284.282,0.813965,-0.057220,0.523438,5.281250,20.687500,3.248047,20256,18304,18561,18307,0.450000,-0.550000,0.300000,0.000000,1772898055283.171,0.814135,-0.059291,0.522272,0.000000,0.000000,0.000000,1.000000,position_only
2026-03-07T15:40:55.294288+00:00,1772898055294.287,0.806641,-0.053467,0.520508,5.367188,20.500000,3.298828,20243,18414,18693,18228,0.450000,-0.550000,0.300000,0.000000,1772898055291.781,0.808715,-0.056299,0.520266,0.000000,0.000000,0.000000,1.000000,position_only
2026-03-07T15:40:55.303556+00:00,1772898055303.555,0.799805,-0.050232,0.517578,5.449219,20.296875,3.349609,20512,18317,18787,18434,0.450000,-0.550000,0.300000,0.000000,1772898055300.265,0.803195,-0.053404,0.518094,0.000000,0.000000,0.000000,1.000000,position_only
2026-03-07T15:40:55.312951+00:00,1772898055312.951,0.791504,-0.046539,0.514648,5.523438,20.062500,3.390625,20546,18357,18882,18426,0.450000,-0.550000,0.300000,0.000000,1772898055308.767,0.797552,-0.050607,0.515991,0.000000,0.000000,0.000000,1.000000,position_only
2026-03-07T15:40:55.324288+00:00,1772898055324.287,0.783691,-0.043762,0.512207,5.585938,19.796875,3.460938,20635,18488,18772,18753,0.450000,-0.550000,0.300000,0.000000,1772898055317.256,0.791586,-0.047877,0.513974,0.000000,0.000000,0.000000,1.000000,position_only
2026-03-07T15:40:55.334200+00:00,1772898055334.199,0.775391,-0.040527,0.509277,5.664062,19.500000,3.509766,20666,18504,18846,18743,0.450000,-0.550000,0.300000,0.000000,1772898055325.807,0.785392,-0.045146,0.511917,0.000000,0.000000,0.000000,1.000000,position_only
2026-03-07T15:40:55.343229+00:00,1772898055343.229,0.767578,-0.037781,0.506836,5.722656,19.187500,3.560547,20933,18415,19042,18741,0.450000,-0.550000,0.300000,0.000000,1772898055343.025,0.772773,-0.040111,0.507813,0.000000,0.000000,0.000000,1.000000,position_only
2026-03-07T15:40:55.353152+00:00,1772898055353.151,0.758789,-0.034943,0.503906,5.789062,18.843750,3.626953,20875,18469,19014,18890,0.450000,-0.550000,0.300000,0.000000,1772898055351.508,0.765989,-0.037770,0.505873,0.000000,0.000000,0.000000,1.000000,position_only
2026-03-07T15:40:55.364787+00:00,1772898055364.785,0.749512,-0.032349,0.501465,5.820312,18.484375,3.669922,20754,18630,18825,19100,0.450000,-0.550000,0.300000,0.000000,1772898055360.150,0.759098,-0.035380,0.503948,0.000000,0.000000,0.000000,1.000000,position_only
2026-03-07T15:40:55.374384+00:00,1772898055374.383,0.740723,-0.029984,0.499023,5.851562,18.062500,3.708984,20914,18545,18820,19355,0.450000,-0.550000,0.300000,0.000000,1772898055368.793,0.744612,-0.030928,0.500373,0.000000,0.000000,0.000000,1.000000,position_only
2026-03-07T15:40:55.385186+00:00,1772898055385.185,0.729492,-0.027191,0.496094,5.863281,17.593750,3.736328,20987,18520,18967,19210,0.450000,-0.550000,0.300000,0.000000,1772898055377.314,0.737262,-0.028836,0.498607,0.000000,0.000000,0.000000,1.000000,position_only
2026-03-07T15:40:55.392488+00:00,1772898055392.486,0.719727,-0.024933,0.493652,5.878906,17.125000,3.775391,21224,18435,19068,19241,0.450000,-0.550000,0.300000,0.000000,1772898055385.926,0.729742,-0.026912,0.496815,0.000000,0.000000,0.000000,1.000000,position_only
2026-03-07T15:40:55.403794+00:00,1772898055403.793,0.708984,-0.022629,0.491211,5.914062,16.609375,3.826172,21080,18566,18984,19328,0.450000,-0.550000,0.300000,0.000000,1772898055402.924,0.714278,-0.023221,0.493246,0.000000,0.000000,0.000000,1.000000,position_only
2026-03-07T15:40:55.414647+00:00,1772898055414.646,0.698242,-0.020584,0.489014,5.937500,16.125000,3.855469,21076,18631,18950,19510,0.450000,-0.550000,0.300000,0.000000,1772898055411.671,0.706401,-0.021470,0.491722,0.000000,0.000000,0.000000,1.000000,position_only
2026-03-07T15:40:55.425905+00:00,1772898055425.904,0.686035,-0.018494,0.486572,5.968750,15.570312,3.886719,21110,18595,19005,19470,0.450000,-0.550000,0.300000,0.000000,1772898055420.166,0.698141,-0.019799,0.490307,0.000000,0.000000,0.000000,1.000000,position_only
2026-03-07T15:40:55.435683+00:00,1772898055435.682,0.675293,-0.016800,0.484619,5.988281,15.046875,3.925781,21127,18579,19139,19298,0.450000,-0.550000,0.300000,0.000000,1772898055428.652,0.689752,-0.018210,0.488927,0.000000,0.000000,0.000000,1.000000,position_only
2026-03-07T15:40:55.444668+00:00,1772898055444.667,0.676758,-0.016922,0.484863,5.992188,15.015625,3.941406,21054,18607,18973,19685,0.450000,-0.550000,0.300000,0.000000,1772898055437.172,0.681338,-0.016688,0.487512,0.000000,0.000000,0.000000,1.000000,position_only
2026-03-07T15:40:55.454498+00:00,1772898055454.497,0.653320,-0.013733,0.481201,6.011719,13.937500,4.019531,21006,18702,19012,19466,0.450000,-0.550000,0.300000,0.000000,1772898055445.922,0.672756,-0.015358,0.486175,0.000000,0.000000,0.000000,1.000000,position_only
2026-03-07T15:40:55.463722+00:00,1772898055463.721,0.642090,-0.012390,0.479492,6.023438,13.421875,4.046875,20955,18677,18970,19675,0.450000,-0.550000,0.300000,0.000000,1772898055463.128,0.655330,-0.012803,0.483685,0.000000,0.000000,0.000000,1.000000,position_only
2026-03-07T15:40:55.472994+00:00,1772898055472.992,0.628906,-0.011078,0.477783,6.023438,12.843750,4.078125,21103,18533,19089,19521,0.450000,-0.550000,0.300000,0.000000,1772898055471.589,0.646313,-0.011632,0.482670,0.000000,0.000000,0.000000,1.000000,position_only
2026-03-07T15:40:55.484255+00:00,1772898055484.254,0.617676,-0.010048,0.476562,6.031250,12.304688,4.117188,21010,18535,19126,19494,0.450000,-0.550000,0.300000,0.000000,1772898055480.354,0.637329,-0.010524,0.481642,0.000000,0.000000,0.000000,1.000000,position_only
2026-03-07T15:40:55.495647+00:00,1772898055495.646,0.619141,-0.010094,0.477051,6.031250,12.257812,4.136719,21058,18556,19086,19445,0.450000,-0.550000,0.300000,0.000000,1772898055488.825,0.628173,-0.009615,0.480774,0.000000,0.000000,0.000000,1.000000,position_only
2026-03-07T15:40:55.504707+00:00,1772898055504.706,0.606445,-0.009117,0.475586,6.042969,11.671875,4.183594,20963,18600,19044,19403,0.450000,-0.550000,0.300000,0.000000,1772898055497.381,0.619018,-0.008647,0.479905,0.000000,0.000000,0.000000,1.000000,position_only
2026-03-07T15:40:55.514649+00:00,1772898055514.648,0.594727,-0.008293,0.474609,6.066406,11.164062,4.210938,20912,18508,18980,19570,0.450000,-0.550000,0.300000,0.000000,1772898055506.010,0.609616,-0.007874,0.479147,0.000000,0.000000,0.000000,1.000000,position_only
2026-03-07T15:40:55.526021+00:00,1772898055526.020,0.582520,-0.007526,0.473877,6.078125,10.546875,4.257812,20886,18512,18876,19500,0.450000,-0.550000,0.300000,0.000000,1772898055523.268,0.590647,-0.006330,0.477899,0.000000,0.000000,0.000000,1.000000,position_only
2026-03-07T15:40:55.534307+00:00,1772898055534.306,0.570801,-0.006969,0.473145,6.082031,9.968750,4.289062,20804,18460,18708,19707,0.450000,-0.550000,0.300000,0.000000,1772898055531.863,0.581106,-0.005812,0.477410,0.000000,0.000000,0.000000,1.000000,position_only
2026-03-07T15:40:55.543513+00:00,1772898055543.512,0.558105,-0.006508,0.472656,6.101562,9.304688,4.316406,20975,18272,18841,19419,0.450000,-0.550000,0.300000,0.000000,1772898055540.400,0.571520,-0.005294,0.477001,0.000000,0.000000,0.000000,1.000000,position_only
2026-03-07T15:40:55.554770+00:00,1772898055554.770,0.545410,-0.006184,0.472168,6.121094,8.718750,4.343750,20848,18351,18641,19509,0.450000,-0.550000,0.300000,0.000000,1772898055549.128,0.561832,-0.004872,0.476632,0.000000,0.000000,0.000000,1.000000,position_only
2026-03-07T15:40:55.566283+00:00,1772898055566.282,0.532715,-0.005981,0.471680,6.140625,8.093750,4.367188,20829,18189,18572,19615,0.450000,-0.550000,0.300000,0.000000,1772898055566.203,0.542309,-0.004112,0.476189,0.000000,0.000000,0.000000,1.000000,position_only
2026-03-07T15:40:55.573809+00:00,1772898055573.808,0.519043,-0.005894,0.471436,6.156250,7.378906,4.398438,20901,18053,18609,19455,0.450000,-0.550000,0.300000,0.000000,1772898055566.203,0.542309,-0.004112,0.476189,0.000000,0.000000,0.000000,1.000000,position_only
2026-03-07T15:40:55.583659+00:00,1772898055583.658,0.508789,-0.005775,0.471680,6.156250,6.613281,4.449219,20805,17859,18444,19674,0.450000,-0.550000,0.300000,0.000000,1772898055583.294,0.522653,-0.003745,0.476103,0.000000,0.000000,0.000000,1.000000,position_only
2026-03-07T15:40:55.592682+00:00,1772898055592.681,0.496094,-0.005905,0.471680,6.132812,5.781250,4.488281,20763,17864,18296,19653,0.450000,-0.550000,0.300000,0.000000,1772898055591.906,0.512805,-0.003615,0.476297,0.000000,0.000000,0.000000,1.000000,position_only
2026-03-07T15:40:55.604950+00:00,1772898055604.949,0.483398,-0.006145,0.471924,6.113281,5.042969,4.511719,20870,17494,18514,19437,0.450000,-0.550000,0.300000,0.000000,1772898055600.408,0.502940,-0.003613,0.476466,0.000000,0.000000,0.000000,1.000000,position_only
2026-03-07T15:40:55.614787+00:00,1772898055614.786,0.469482,-0.006538,0.472412,6.074219,4.230469,4.554688,20747,17513,18337,19500,0.450000,-0.550000,0.300000,0.000000,1772898055608.917,0.493028,-0.003612,0.476724,0.000000,0.000000,0.000000,1.000000,position_only
2026-03-07T15:40:55.623730+00:00,1772898055623.730,0.459473,-0.006737,0.473145,6.023438,3.396484,4.605469,20550,17583,18052,19679,0.450000,-0.550000,0.300000,0.000000,1772898055617.431,0.483152,-0.003752,0.477030,0.000000,0.000000,0.000000,1.000000,position_only
2026-03-07T15:40:55.635190+00:00,1772898055635.189,0.446289,-0.007290,0.473877,5.968750,2.537109,4.632812,20589,17276,18195,19487,0.450000,-0.550000,0.300000,0.000000,1772898055634.530,0.463401,-0.004002,0.477944,0.000000,0.000000,0.000000,1.000000,position_only
2026-03-07T15:40:55.644112+00:00,1772898055644.111,0.433838,-0.007919,0.474609,5.910156,1.791016,4.660156,20531,17240,18128,19440,0.450000,-0.550000,0.300000,0.000000,1772898055643.216,0.453630,-0.004289,0.478498,0.000000,0.000000,0.000000,1.000000,position_only
2026-03-07T15:40:55.653310+00:00,1772898055653.309,0.421631,-0.008629,0.475342,5.851562,1.042969,4.687500,20421,17096,18151,19333,0.450000,-0.550000,0.300000,0.000000,1772898055651.917,0.443774,-0.004637,0.479130,0.000000,0.000000,0.000000,1.000000,position_only
2026-03-07T15:40:55.663441+00:00,1772898055663.440,0.408203,-0.009521,0.476318,5.785156,0.242065,4.714844,20423,16969,18123,19274,0.450000,-0.550000,0.300000,0.000000,1772898055660.560,0.424226,-0.005412,0.480696,0.000000,0.000000,0.000000,1.000000,position_only
2026-03-07T15:40:55.674795+00:00,1772898055674.793,0.395996,-0.010391,0.477539,5.714844,-0.474854,4.738281,20161,16961,17969,19324,0.450000,-0.550000,0.300000,0.000000,1772898055669.073,0.414576,-0.005894,0.481578,0.000000,0.000000,0.000000,1.000000,position_only
2026-03-07T15:40:55.685000+00:00,1772898055684.999,0.384277,-0.011070,0.479248,5.632812,-1.306641,4.769531,20132,16922,17905,19214,0.450000,-0.550000,0.300000,0.000000,1772898055677.649,0.404858,-0.006369,0.482507,0.000000,0.000000,0.000000,1.000000,position_only
2026-03-07T15:40:55.694008+00:00,1772898055694.007,0.371582,-0.012131,0.480469,5.582031,-1.967773,4.777344,20056,16931,17795,19181,0.450000,-0.550000,0.300000,0.000000,1772898055686.153,0.395306,-0.006982,0.483460,0.000000,0.000000,0.000000,1.000000,position_only
2026-03-07T15:40:55.703254+00:00,1772898055703.254,0.372559,-0.011803,0.480713,5.574219,-2.003906,4.785156,19951,16829,17874,19080,0.450000,-0.550000,0.300000,0.000000,1772898055694.820,0.385801,-0.007552,0.484446,0.000000,0.000000,0.000000,1.000000,position_only
2026-03-07T15:40:55.714746+00:00,1772898055714.746,0.346191,-0.014542,0.483643,5.507812,-3.322266,4.796875,19885,16814,17686,18991,0.450000,-0.550000,0.300000,0.000000,1772898055711.960,0.367009,-0.009019,0.486617,0.000000,0.000000,0.000000,1.000000,position_only
2026-03-07T15:40:55.724626+00:00,1772898055724.625,0.347900,-0.014137,0.483887,5.500000,-3.375000,4.804688,20007,16521,18008,18594,0.450000,-0.550000,0.300000,0.000000,1772898055720.463,0.357706,-0.009830,0.487822,0.000000,0.000000,0.000000,1.000000,position_only
2026-03-07T15:40:55.735955+00:00,1772898055735.954,0.335205,-0.015442,0.485352,5.484375,-4.085938,4.824219,19813,16725,17586,18817,0.450000,-0.550000,0.300000,0.000000,1772898055728.982,0.348467,-0.010671,0.489020,0.000000,0.000000,0.000000,1.000000,position_only
2026-03-07T15:40:55.744164+00:00,1772898055744.163,0.324707,-0.016403,0.487305,5.492188,-4.726562,4.843750,19809,16490,17697,18528,0.450000,-0.550000,0.300000,0.000000,1772898055737.530,0.339365,-0.011500,0.490282,0.000000,0.000000,0.000000,1.000000,position_only
2026-03-07T15:40:55.755673+00:00,1772898055755.672,0.313232,-0.017746,0.489014,5.542969,-5.335938,4.851562,19761,16561,17383,18628,0.450000,-0.550000,0.300000,0.000000,1772898055754.591,0.321530,-0.013446,0.492928,0.000000,0.000000,0.000000,1.000000,position_only
2026-03-07T15:40:55.764438+00:00,1772898055764.437,0.301270,-0.019287,0.490723,5.621094,-6.003906,4.863281,19723,16586,17191,18668,0.450000,-0.550000,0.300000,0.000000,1772898055763.189,0.312817,-0.014488,0.494276,0.000000,0.000000,0.000000,1.000000,position_only
2026-03-07T15:40:55.775285+00:00,1772898055775.284,0.290527,-0.020691,0.492676,5.710938,-6.652344,4.871094,19675,16425,17178,18480,0.450000,-0.550000,0.300000,0.000000,1772898055771.699,0.304260,-0.015544,0.495664,0.000000,0.000000,0.000000,1.000000,position_only
2026-03-07T15:40:55.783781+00:00,1772898055783.780,0.279297,-0.022308,0.494385,5.820312,-7.367188,4.878906,19727,16361,17054,18464,0.450000,-0.550000,0.300000,0.000000,1772898055780.257,0.295688,-0.016623,0.497137,0.000000,0.000000,0.000000,1.000000,position_only
2026-03-07T15:40:55.797058+00:00,1772898055797.057,0.268799,-0.023941,0.496338,5.941406,-8.000000,4.882812,19562,16209,17088,18323,0.450000,-0.550000,0.300000,0.000000,1772898055788.761,0.287355,-0.017787,0.498619,0.000000,0.000000,0.000000,1.000000,position_only
2026-03-07T15:40:55.804934+00:00,1772898055804.933,0.258789,-0.025314,0.498535,6.058594,-8.750000,4.902344,19475,16271,16798,18492,0.450000,-0.550000,0.300000,0.000000,1772898055797.271,0.279116,-0.019024,0.500028,0.000000,0.000000,0.000000,1.000000,position_only
2026-03-07T15:40:55.814058+00:00,1772898055814.057,0.249268,-0.026962,0.500488,6.171875,-9.382812,4.910156,19344,16078,16856,18388,0.450000,-0.550000,0.300000,0.000000,1772898055805.746,0.271097,-0.020188,0.501505,0.000000,0.000000,0.000000,1.000000,position_only
2026-03-07T15:40:55.824280+00:00,1772898055824.279,0.239014,-0.028839,0.502441,6.281250,-10.078125,4.917969,19343,16028,16891,18256,0.450000,-0.550000,0.300000,0.000000,1772898055822.702,0.255331,-0.022836,0.504401,0.000000,0.000000,0.000000,1.000000,position_only
2026-03-07T15:40:55.834315+00:00,1772898055834.315,0.229370,-0.030731,0.504395,6.375000,-10.648438,4.925781,19364,15992,16785,18269,0.450000,-0.550000,0.300000,0.000000,1772898055831.479,0.247720,-0.024184,0.505848,0.000000,0.000000,0.000000,1.000000,position_only
2026-03-07T15:40:55.847231+00:00,1772898055847.230,0.220093,-0.032654,0.506348,6.457031,-11.218750,4.933594,19064,15926,16851,18169,0.450000,-0.550000,0.300000,0.000000,1772898055839.941,0.240191,-0.025675,0.507332,0.000000,0.000000,0.000000,1.000000,position_only
2026-03-07T15:40:55.855683+00:00,1772898055855.682,0.210327,-0.034851,0.508301,6.539062,-11.796875,4.945312,19073,15920,16824,18100,0.450000,-0.550000,0.300000,0.000000,1772898055848.489,0.232965,-0.027049,0.508812,0.000000,0.000000,0.000000,1.000000,position_only
2026-03-07T15:40:55.866140+00:00,1772898055866.139,0.203735,-0.036224,0.510254,6.582031,-12.343750,4.964844,18874,15839,16854,17973,0.450000,-0.550000,0.300000,0.000000,1772898055865.452,0.218813,-0.030086,0.511716,0.000000,0.000000,0.000000,1.000000,position_only
2026-03-07T15:40:55.875427+00:00,1772898055875.426,0.195068,-0.038391,0.512207,6.648438,-12.859375,4.972656,18909,15792,16842,17943,0.450000,-0.550000,0.300000,0.000000,1772898055874.214,0.212006,-0.031620,0.513090,0.000000,0.000000,0.000000,1.000000,position_only
2026-03-07T15:40:55.886638+00:00,1772898055886.637,0.186890,-0.040588,0.513672,6.703125,-13.273438,4.972656,18571,15888,16783,17932,0.450000,-0.550000,0.300000,0.000000,1772898055882.706,0.205368,-0.033292,0.514475,0.000000,0.000000,0.000000,1.000000,position_only
2026-03-07T15:40:55.894215+00:00,1772898055894.214,0.178345,-0.043091,0.515625,6.765625,-13.679688,4.960938,18522,15950,16657,17981,0.450000,-0.550000,0.300000,0.000000,1772898055891.185,0.198892,-0.034906,0.515882,0.000000,0.000000,0.000000,1.000000,position_only
2026-03-07T15:40:55.905518+00:00,1772898055905.517,0.172729,-0.044647,0.517578,6.804688,-14.093750,4.960938,18565,15959,16623,17967,0.450000,-0.550000,0.300000,0.000000,1772898055899.728,0.192599,-0.036616,0.517185,0.000000,0.000000,0.000000,1.000000,position_only
2026-03-07T15:40:55.914983+00:00,1772898055914.983,0.172729,-0.044647,0.517578,6.804688,-14.093750,4.960938,18396,15890,16864,17664,0.450000,-0.550000,0.300000,0.000000,1772898055908.233,0.186412,-0.038403,0.518511,0.000000,0.000000,0.000000,1.000000,position_only
2026-03-07T15:40:55.924958+00:00,1772898055924.958,0.158325,-0.049561,0.520996,6.953125,-14.726562,4.933594,18458,15987,16690,17715,0.450000,-0.550000,0.300000,0.000000,1772898055916.761,0.180484,-0.040111,0.519819,0.000000,0.000000,0.000000,1.000000,position_only
2026-03-07T15:40:55.934236+00:00,1772898055934.235,0.151733,-0.052002,0.522461,7.050781,-14.968750,4.917969,18312,15976,16760,17532,0.450000,-0.550000,0.300000,0.000000,1772898055933.714,0.169111,-0.043837,0.522264,0.000000,0.000000,0.000000,1.000000,position_only
2026-03-07T15:40:55.944216+00:00,1772898055944.216,0.145508,-0.054474,0.523926,7.156250,-15.195312,4.898438,18167,16104,16596,17715,0.450000,-0.550000,0.300000,0.000000,1772898055942.196,0.163755,-0.045765,0.523339,0.000000,0.000000,0.000000,1.000000,position_only
2026-03-07T15:40:55.957112+00:00,1772898055957.111,0.139771,-0.056976,0.524902,7.265625,-15.421875,4.871094,18165,16049,16737,17431,0.450000,-0.550000,0.300000,0.000000,1772898055950.649,0.158561,-0.047744,0.524443,0.000000,0.000000,0.000000,1.000000,position_only
2026-03-07T15:40:55.966489+00:00,1772898055966.488,0.134399,-0.059509,0.526367,7.386719,-15.625000,4.847656,18254,16025,16746,17420,0.450000,-0.550000,0.300000,0.000000,1772898055959.183,0.153530,-0.049758,0.525486,0.000000,0.000000,0.000000,1.000000,position_only
2026-03-07T15:40:55.975964+00:00,1772898055975.963,0.135742,-0.058777,0.526367,7.371094,-15.671875,4.867188,18239,16054,16691,17469,0.450000,-0.550000,0.300000,0.000000,1772898055967.955,0.148585,-0.051773,0.526418,0.000000,0.000000,0.000000,1.000000,position_only
2026-03-07T15:40:55.985224+00:00,1772898055985.223,0.062500,-0.064392,0.528320,7.640625,-16.046875,4.832031,18036,16113,16614,17499,0.450000,-0.550000,0.300000,0.000000,1772898055984.960,0.139430,-0.056071,0.528308,0.000000,0.000000,0.000000,1.000000,position_only
2026-03-07T15:40:55.995214+00:00,1772898055995.213,0.120239,-0.067200,0.529297,7.773438,-16.234375,4.812500,18169,16169,16507,17599,0.450000,-0.550000,0.300000,0.000000,1772898055993.480,0.135243,-0.058252,0.529150,0.000000,0.000000,0.000000,1.000000,position_only
2026-03-07T15:40:56.005055+00:00,1772898056005.054,0.121338,-0.066528,0.529297,7.757812,-16.265625,4.832031,17960,16086,16749,17405,0.450000,-0.550000,0.300000,0.000000,1772898056001.936,0.131102,-0.060518,0.529855,0.000000,0.000000,0.000000,1.000000,position_only
2026-03-07T15:40:56.015478+00:00,1772898056015.478,0.112671,-0.072327,0.531250,7.992188,-16.593750,4.785156,18141,16082,16729,17458,0.450000,-0.550000,0.300000,0.000000,1772898056010.537,0.123433,-0.065182,0.531112,0.000000,0.000000,0.000000,1.000000,position_only
2026-03-07T15:40:56.026982+00:00,1772898056026.982,0.112671,-0.072327,0.531250,7.992188,-16.593750,4.785156,18077,15896,17076,17166,0.450000,-0.550000,0.300000,0.000000,1772898056019.025,0.119897,-0.067572,0.531679,0.000000,0.000000,0.000000,1.000000,position_only
2026-03-07T15:40:56.034668+00:00,1772898056034.667,0.108704,-0.075317,0.531738,8.093750,-16.734375,4.769531,18014,16046,16942,17299,0.450000,-0.550000,0.300000,0.000000,1772898056027.522,0.116483,-0.070036,0.532145,0.000000,0.000000,0.000000,1.000000,position_only
2026-03-07T15:40:56.044964+00:00,1772898056044.963,0.104980,-0.078552,0.532227,8.195312,-16.890625,4.761719,18127,16022,16995,17289,0.450000,-0.550000,0.300000,0.000000,1772898056044.509,0.110266,-0.075041,0.532907,0.000000,0.000000,0.000000,1.000000,position_only
2026-03-07T15:40:56.055766+00:00,1772898056055.765,0.101440,-0.081787,0.532715,8.289062,-16.984375,4.742188,17956,16020,17177,17200,0.450000,-0.550000,0.300000,0.000000,1772898056053.016,0.107480,-0.077695,0.533164,0.000000,0.000000,0.000000,1.000000,position_only
2026-03-07T15:40:56.067666+00:00,1772898056067.665,0.097961,-0.085449,0.533203,8.367188,-17.062500,4.730469,18043,16043,17252,17166,0.450000,-0.550000,0.300000,0.000000,1772898056061.529,0.107480,-0.077695,0.533164,0.000000,0.000000,0.000000,1.000000,position_only
2026-03-07T15:40:56.074711+00:00,1772898056074.711,0.094421,-0.089661,0.533691,8.445312,-17.125000,4.718750,17823,16212,17256,17215,0.450000,-0.550000,0.300000,0.000000,1772898056070.010,0.102469,-0.083038,0.533547,0.000000,0.000000,0.000000,1.000000,position_only
2026-03-07T15:40:56.086183+00:00,1772898056086.182,0.091858,-0.093262,0.533691,8.500000,-17.156250,4.699219,17924,16199,17338,17198,0.450000,-0.550000,0.300000,0.000000,1772898056078.497,0.100199,-0.085840,0.533593,0.000000,0.000000,0.000000,1.000000,position_only
2026-03-07T15:40:56.095573+00:00,1772898056095.572,0.089294,-0.097290,0.533691,8.554688,-17.156250,4.675781,17889,16405,17187,17343,0.450000,-0.550000,0.300000,0.000000,1772898056095.434,0.096223,-0.091616,0.533574,0.000000,0.000000,0.000000,1.000000,position_only
2026-03-07T15:40:56.105549+00:00,1772898056105.548,0.088074,-0.100220,0.533203,8.578125,-17.156250,4.671875,17633,16472,17288,17425,0.450000,-0.550000,0.300000,0.000000,1772898056103.897,0.094532,-0.094504,0.533457,0.000000,0.000000,0.000000,1.000000,position_only
2026-03-07T15:40:56.115107+00:00,1772898056115.106,0.086121,-0.104553,0.533203,8.617188,-17.125000,4.632812,17802,16490,17416,17293,0.450000,-0.550000,0.300000,0.000000,1772898056112.530,0.093022,-0.097495,0.533312,0.000000,0.000000,0.000000,1.000000,position_only
2026-03-07T15:40:56.127960+00:00,1772898056127.959,0.084717,-0.108521,0.532715,8.640625,-17.078125,4.605469,17681,16502,17547,17316,0.450000,-0.550000,0.300000,0.000000,1772898056121.008,0.091715,-0.100578,0.533011,0.000000,0.000000,0.000000,1.000000,position_only
2026-03-07T15:40:56.136368+00:00,1772898056136.368,0.083557,-0.112915,0.532227,8.648438,-17.031250,4.574219,17670,16658,17400,17514,0.450000,-0.550000,0.300000,0.000000,1772898056129.510,0.090550,-0.103698,0.532719,0.000000,0.000000,0.000000,1.000000,position_only
2026-03-07T15:40:56.146962+00:00,1772898056146.962,0.082825,-0.116821,0.531738,8.648438,-17.000000,4.542969,17502,16783,17439,17591,0.450000,-0.550000,0.300000,0.000000,1772898056146.485,0.088759,-0.110070,0.531807,0.000000,0.000000,0.000000,1.000000,position_only
2026-03-07T15:40:56.154667+00:00,1772898056154.667,0.082825,-0.119995,0.531250,8.625000,-16.984375,4.535156,17790,16605,17667,17417,0.450000,-0.550000,0.300000,0.000000,1772898056146.485,0.088759,-0.110070,0.531807,0.000000,0.000000,0.000000,1.000000,position_only
2026-03-07T15:40:56.164098+00:00,1772898056164.098,0.082520,-0.124756,0.530273,8.632812,-16.953125,4.503906,17895,16667,17549,17567,0.450000,-0.550000,0.300000,0.000000,1772898056163.586,0.087634,-0.116777,0.530673,0.000000,0.000000,0.000000,1.000000,position_only
2026-03-07T15:40:56.175500+00:00,1772898056175.499,0.082520,-0.129517,0.529297,8.625000,-16.937500,4.472656,17686,16803,17547,17771,0.450000,-0.550000,0.300000,0.000000,1772898056172.369,0.087452,-0.120087,0.530056,0.000000,0.000000,0.000000,1.000000,position_only
2026-03-07T15:40:56.185520+00:00,1772898056185.520,0.082886,-0.133911,0.528320,8.609375,-16.953125,4.449219,17969,16683,17764,17568,0.450000,-0.550000,0.300000,0.000000,1772898056180.854,0.087316,-0.123587,0.529351,0.000000,0.000000,0.000000,1.000000,position_only
2026-03-07T15:40:56.196486+00:00,1772898056196.485,0.083557,-0.138184,0.527344,8.585938,-16.937500,4.433594,17898,16722,17887,17610,0.450000,-0.550000,0.300000,0.000000,1772898056189.356,0.087405,-0.127074,0.528605,0.000000,0.000000,0.000000,1.000000,position_only
2026-03-07T15:40:56.204257+00:00,1772898056204.257,0.084045,-0.136841,0.527344,8.554688,-16.953125,4.472656,17977,16588,18062,17483,0.450000,-0.550000,0.300000,0.000000,1772898056197.820,0.087668,-0.130676,0.527734,0.000000,0.000000,0.000000,1.000000,position_only
2026-03-07T15:40:56.215290+00:00,1772898056215.289,0.085938,-0.147217,0.524902,8.539062,-16.906250,4.433594,17950,16837,18089,17615,0.450000,-0.550000,0.300000,0.000000,1772898056215.032,0.088858,-0.137991,0.525831,0.000000,0.000000,0.000000,1.000000,position_only
2026-03-07T15:40:56.226779+00:00,1772898056226.778,0.086121,-0.146484,0.524902,8.523438,-16.906250,4.453125,18017,16740,18199,17530,0.450000,-0.550000,0.300000,0.000000,1772898056223.530,0.089653,-0.141703,0.524825,0.000000,0.000000,0.000000,1.000000,position_only
2026-03-07T15:40:56.235138+00:00,1772898056235.137,0.087646,-0.151611,0.523438,8.500000,-16.875000,4.441406,17969,16979,18017,17714,0.450000,-0.550000,0.300000,0.000000,1772898056232.131,0.090559,-0.145570,0.523719,0.000000,0.000000,0.000000,1.000000,position_only
2026-03-07T15:40:56.246479+00:00,1772898056246.478,0.089233,-0.156128,0.521973,8.484375,-16.812500,4.437500,18009,16920,18456,17479,0.450000,-0.550000,0.300000,0.000000,1772898056240.762,0.091659,-0.149527,0.522592,0.000000,0.000000,0.000000,1.000000,position_only
2026-03-07T15:40:56.256372+00:00,1772898056256.371,0.091614,-0.162231,0.520020,8.484375,-16.718750,4.410156,17957,17177,18222,17739,0.450000,-0.550000,0.300000,0.000000,1772898056249.273,0.092982,-0.153391,0.521439,0.000000,0.000000,0.000000,1.000000,position_only
2026-03-07T15:40:56.265744+00:00,1772898056265.743,0.094177,-0.167114,0.518555,8.445312,-16.625000,4.406250,17952,17204,18523,17644,0.450000,-0.550000,0.300000,0.000000,1772898056257.856,0.094496,-0.157389,0.520262,0.000000,0.000000,0.000000,1.000000,position_only
2026-03-07T15:40:56.274210+00:00,1772898056274.209,0.096558,-0.171875,0.517090,8.421875,-16.500000,4.390625,17975,17338,18433,17754,0.450000,-0.550000,0.300000,0.000000,1772898056266.409,0.096063,-0.161403,0.519038,0.000000,0.000000,0.000000,1.000000,position_only
2026-03-07T15:40:56.284911+00:00,1772898056284.910,0.099487,-0.177368,0.515137,8.398438,-16.359375,4.371094,17877,17431,18632,17777,0.450000,-0.550000,0.300000,0.000000,1772898056283.585,0.099952,-0.169721,0.516314,0.000000,0.000000,0.000000,1.000000,position_only
2026-03-07T15:40:56.296347+00:00,1772898056296.346,0.102600,-0.182617,0.513184,8.382812,-16.218750,4.339844,18156,17310,18753,17664,0.450000,-0.550000,0.300000,0.000000,1772898056292.073,0.102117,-0.173987,0.514915,0.000000,0.000000,0.000000,1.000000,position_only
2026-03-07T15:40:56.307721+00:00,1772898056307.720,0.105896,-0.187988,0.511230,8.359375,-16.078125,4.328125,17990,17495,18845,17781,0.450000,-0.550000,0.300000,0.000000,1772898056300.585,0.104371,-0.178316,0.513557,0.000000,0.000000,0.000000,1.000000,position_only
2026-03-07T15:40:56.316394+00:00,1772898056316.393,0.109192,-0.192505,0.509766,8.304688,-15.937500,4.332031,18070,17552,18835,17826,0.450000,-0.550000,0.300000,0.000000,1772898056309.100,0.106828,-0.182612,0.512116,0.000000,0.000000,0.000000,1.000000,position_only
2026-03-07T15:40:56.324875+00:00,1772898056324.875,0.112793,-0.197876,0.507812,8.265625,-15.781250,4.312500,18176,17591,18704,17954,0.450000,-0.550000,0.300000,0.000000,1772898056317.655,0.109420,-0.187113,0.510612,0.000000,0.000000,0.000000,1.000000,position_only
2026-03-07T15:40:56.335490+00:00,1772898056335.489,0.116638,-0.203125,0.505859,8.226562,-15.648438,4.296875,18091,17677,18915,17974,0.450000,-0.550000,0.300000,0.000000,1772898056334.702,0.115177,-0.196157,0.507672,0.000000,0.000000,0.000000,1.000000,position_only
2026-03-07T15:40:56.347010+00:00,1772898056347.009,0.121826,-0.210205,0.503418,8.187500,-15.500000,4.253906,18216,17683,18806,18134,0.450000,-0.550000,0.300000,0.000000,1772898056343.173,0.118289,-0.200700,0.506179,0.000000,0.000000,0.000000,1.000000,position_only
2026-03-07T15:40:56.356211+00:00,1772898056356.210,0.126709,-0.216553,0.501465,8.132812,-15.375000,4.226562,18287,17669,19093,18029,0.450000,-0.550000,0.300000,0.000000,1772898056351.644,0.121605,-0.205350,0.504589,0.000000,0.000000,0.000000,1.000000,position_only
2026-03-07T15:40:56.367141+00:00,1772898056367.140,0.130981,-0.221313,0.499512,8.054688,-15.242188,4.246094,18358,17662,19071,18100,0.450000,-0.550000,0.300000,0.000000,1772898056360.171,0.125148,-0.210155,0.503056,0.000000,0.000000,0.000000,1.000000,position_only
2026-03-07T15:40:56.375856+00:00,1772898056375.855,0.136841,-0.228516,0.497070,8.000000,-15.125000,4.210938,18400,17753,18935,18259,0.450000,-0.550000,0.300000,0.000000,1772898056368.765,0.132443,-0.219796,0.499858,0.000000,0.000000,0.000000,1.000000,position_only
2026-03-07T15:40:56.385716+00:00,1772898056385.715,0.142334,-0.234863,0.494873,7.941406,-15.023438,4.183594,18481,17751,19246,18121,0.450000,-0.550000,0.300000,0.000000,1772898056377.255,0.136322,-0.224724,0.498254,0.000000,0.000000,0.000000,1.000000,position_only
2026-03-07T15:40:56.396369+00:00,1772898056396.368,0.148560,-0.241943,0.492432,7.875000,-14.906250,4.156250,18300,17863,19065,18363,0.450000,-0.550000,0.300000,0.000000,1772898056394.255,0.144567,-0.234695,0.494987,0.000000,0.000000,0.000000,1.000000,position_only
2026-03-07T15:40:56.406231+00:00,1772898056406.230,0.148315,-0.241455,0.492676,7.859375,-14.890625,4.171875,18225,18000,19189,18444,0.450000,-0.550000,0.300000,0.000000,1772898056402.761,0.148915,-0.239769,0.493399,0.000000,0.000000,0.000000,1.000000,position_only
2026-03-07T15:40:56.415287+00:00,1772898056415.287,0.160278,-0.254639,0.488281,7.699219,-14.656250,4.109375,18590,17881,19285,18342,0.450000,-0.550000,0.300000,0.000000,1772898056411.531,0.153444,-0.244912,0.491794,0.000000,0.000000,0.000000,1.000000,position_only
2026-03-07T15:40:56.427243+00:00,1772898056427.242,0.159668,-0.253662,0.488525,7.671875,-14.632812,4.132812,18404,17882,19634,18259,0.450000,-0.550000,0.300000,0.000000,1772898056420.050,0.158071,-0.250084,0.490127,0.000000,0.000000,0.000000,1.000000,position_only
2026-03-07T15:40:56.435515+00:00,1772898056435.515,0.166870,-0.261475,0.486084,7.578125,-14.500000,4.105469,18354,18064,19451,18464,0.450000,-0.550000,0.300000,0.000000,1772898056428.532,0.162840,-0.255393,0.488487,0.000000,0.000000,0.000000,1.000000,position_only
2026-03-07T15:40:56.446140+00:00,1772898056446.139,0.173096,-0.267822,0.484131,7.457031,-14.320312,4.093750,18471,18059,19516,18391,0.450000,-0.550000,0.300000,0.000000,1772898056445.586,0.172792,-0.266015,0.485315,0.000000,0.000000,0.000000,1.000000,position_only
2026-03-07T15:40:56.456135+00:00,1772898056456.135,0.180298,-0.274902,0.481689,7.312500,-14.109375,4.070312,18303,18213,19625,18513,0.450000,-0.550000,0.300000,0.000000,1772898056454.161,0.178019,-0.271386,0.483742,0.000000,0.000000,0.000000,1.000000,position_only
2026-03-07T15:40:56.465642+00:00,1772898056465.641,0.187012,-0.281494,0.479736,7.171875,-13.898438,4.046875,18389,18183,19676,18482,0.450000,-0.550000,0.300000,0.000000,1772898056462.648,0.183347,-0.276844,0.482152,0.000000,0.000000,0.000000,1.000000,position_only
2026-03-07T15:40:56.477892+00:00,1772898056477.892,0.195801,-0.290039,0.477051,7.011719,-13.625000,4.007812,18318,18301,19898,18461,0.450000,-0.550000,0.300000,0.000000,1772898056471.142,0.188847,-0.282376,0.480566,0.000000,0.000000,0.000000,1.000000,position_only
2026-03-07T15:40:56.488649+00:00,1772898056488.648,0.203979,-0.297852,0.474854,6.843750,-13.335938,3.978516,18430,18375,19883,18361,0.450000,-0.550000,0.300000,0.000000,1772898056488.515,0.200105,-0.293529,0.477509,0.000000,0.000000,0.000000,1.000000,position_only
2026-03-07T15:40:56.496231+00:00,1772898056496.230,0.211304,-0.304688,0.472656,6.703125,-13.039062,3.957031,18376,18434,20044,18361,0.450000,-0.550000,0.300000,0.000000,1772898056488.515,0.200105,-0.293529,0.477509,0.000000,0.000000,0.000000,1.000000,position_only
2026-03-07T15:40:56.505575+00:00,1772898056505.574,0.218750,-0.311523,0.470947,6.527344,-12.648438,3.951172,18371,18515,19956,18392,0.450000,-0.550000,0.300000,0.000000,1772898056497.057,0.205838,-0.299151,0.476001,0.000000,0.000000,0.000000,1.000000,position_only
2026-03-07T15:40:56.516589+00:00,1772898056516.588,0.226074,-0.318115,0.469238,6.390625,-12.320312,3.929688,18392,18539,19819,18498,0.450000,-0.550000,0.300000,0.000000,1772898056514.206,0.217837,-0.310673,0.473097,0.000000,0.000000,0.000000,1.000000,position_only
2026-03-07T15:40:56.525852+00:00,1772898056525.851,0.235107,-0.326172,0.467041,6.257812,-11.984375,3.894531,18433,18526,20104,18351,0.450000,-0.550000,0.300000,0.000000,1772898056522.716,0.223961,-0.316486,0.471686,0.000000,0.000000,0.000000,1.000000,position_only
2026-03-07T15:40:56.538550+00:00,1772898056538.549,0.243164,-0.333496,0.465332,6.128906,-11.664062,3.876953,18445,18592,19906,18481,0.450000,-0.550000,0.300000,0.000000,1772898056531.299,0.230370,-0.322310,0.470285,0.000000,0.000000,0.000000,1.000000,position_only
2026-03-07T15:40:56.547001+00:00,1772898056547.000,0.251221,-0.340576,0.463867,5.960938,-11.281250,3.863281,18272,18681,20107,18460,0.450000,-0.550000,0.300000,0.000000,1772898056539.797,0.236764,-0.328183,0.468920,0.000000,0.000000,0.000000,1.000000,position_only
2026-03-07T15:40:56.556639+00:00,1772898056556.639,0.259277,-0.347412,0.462158,5.835938,-10.945312,3.837891,18364,18688,20054,18409,0.450000,-0.550000,0.300000,0.000000,1772898056548.360,0.243147,-0.334194,0.467646,0.000000,0.000000,0.000000,1.000000,position_only
2026-03-07T15:40:56.567033+00:00,1772898056567.032,0.268799,-0.355713,0.460449,5.722656,-10.593750,3.802734,18393,18678,19924,18413,0.450000,-0.550000,0.300000,0.000000,1772898056565.374,0.256505,-0.346146,0.465151,0.000000,0.000000,0.000000,1.000000,position_only
2026-03-07T15:40:56.575290+00:00,1772898056575.289,0.277588,-0.363281,0.458984,5.625000,-10.250000,3.781250,18469,18668,20062,18387,0.450000,-0.550000,0.300000,0.000000,1772898056573.914,0.263254,-0.352239,0.464035,0.000000,0.000000,0.000000,1.000000,position_only
2026-03-07T15:40:56.585613+00:00,1772898056585.612,0.276611,-0.362549,0.459229,5.597656,-10.218750,3.791016,18431,18717,20036,18365,0.450000,-0.550000,0.300000,0.000000,1772898056582.491,0.270174,-0.358359,0.462933,0.000000,0.000000,0.000000,1.000000,position_only
2026-03-07T15:40:56.598651+00:00,1772898056598.650,0.294678,-0.377686,0.456543,5.371094,-9.523438,3.748047,18406,18752,20036,18442,0.450000,-0.550000,0.300000,0.000000,1772898056591.147,0.277147,-0.364459,0.461877,0.000000,0.000000,0.000000,1.000000,position_only
2026-03-07T15:40:56.606214+00:00,1772898056606.213,0.303955,-0.385498,0.455322,5.281250,-9.234375,3.718750,18475,18747,19856,18484,0.450000,-0.550000,0.300000,0.000000,1772898056599.662,0.284153,-0.370658,0.460810,0.000000,0.000000,0.000000,1.000000,position_only
2026-03-07T15:40:56.617675+00:00,1772898056617.675,0.302979,-0.384766,0.455566,5.261719,-9.210938,3.724609,18419,18686,20183,18355,0.450000,-0.550000,0.300000,0.000000,1772898056617.074,0.298478,-0.383124,0.458875,0.000000,0.000000,0.000000,1.000000,position_only
2026-03-07T15:40:56.626117+00:00,1772898056626.116,0.312988,-0.393311,0.454102,5.160156,-8.875000,3.699219,18401,18684,19960,18548,0.450000,-0.550000,0.300000,0.000000,1772898056625.528,0.305813,-0.389369,0.457994,0.000000,0.000000,0.000000,1.000000,position_only
2026-03-07T15:40:56.636742+00:00,1772898056636.742,0.322021,-0.400879,0.453125,5.039062,-8.585938,3.675781,18372,18743,19874,18547,0.450000,-0.550000,0.300000,0.000000,1772898056634.035,0.313142,-0.395733,0.457145,0.000000,0.000000,0.000000,1.000000,position_only
2026-03-07T15:40:56.646451+00:00,1772898056646.450,0.332031,-0.408936,0.451904,4.894531,-8.257812,3.648438,18328,18738,20061,18442,0.450000,-0.550000,0.300000,0.000000,1772898056642.516,0.320535,-0.401966,0.456361,0.000000,0.000000,0.000000,1.000000,position_only
2026-03-07T15:40:56.657788+00:00,1772898056657.787,0.340820,-0.416260,0.451172,4.757812,-7.941406,3.630859,18243,18758,19965,18547,0.450000,-0.550000,0.300000,0.000000,1772898056651.003,0.328030,-0.408355,0.455577,0.000000,0.000000,0.000000,1.000000,position_only
2026-03-07T15:40:56.666212+00:00,1772898056666.211,0.350586,-0.424316,0.450195,4.613281,-7.636719,3.603516,18290,18635,20229,18399,0.450000,-0.550000,0.300000,0.000000,1772898056659.481,0.335559,-0.414798,0.454862,0.000000,0.000000,0.000000,1.000000,position_only
2026-03-07T15:40:56.676677+00:00,1772898056676.676,0.360107,-0.432129,0.449707,4.417969,-7.250000,3.583984,18102,18803,19925,18642,0.450000,-0.550000,0.300000,0.000000,1772898056676.447,0.350721,-0.427642,0.453568,0.000000,0.000000,0.000000,1.000000,position_only
2026-03-07T15:40:56.686071+00:00,1772898056686.071,0.369385,-0.439941,0.448975,4.234375,-6.917969,3.556641,17990,18814,20021,18611,0.450000,-0.550000,0.300000,0.000000,1772898056685.039,0.358425,-0.434188,0.453057,0.000000,0.000000,0.000000,1.000000,position_only
2026-03-07T15:40:56.696639+00:00,1772898056696.638,0.379639,-0.448242,0.448242,4.027344,-6.558594,3.521484,18154,18658,20118,18392,0.450000,-0.550000,0.300000,0.000000,1772898056693.529,0.366161,-0.440616,0.452617,0.000000,0.000000,0.000000,1.000000,position_only
2026-03-07T15:40:56.705069+00:00,1772898056705.068,0.389404,-0.456299,0.447754,3.861328,-6.242188,3.496094,18053,18746,19774,18630,0.450000,-0.550000,0.300000,0.000000,1772898056702.221,0.381747,-0.453803,0.451848,0.000000,0.000000,0.000000,1.000000,position_only
2026-03-07T15:40:56.719055+00:00,1772898056719.054,0.400879,-0.465576,0.447266,3.687500,-5.929688,3.460938,18281,18479,20226,18167,0.450000,-0.550000,0.300000,0.000000,1772898056710.842,0.389589,-0.460322,0.451582,0.000000,0.000000,0.000000,1.000000,position_only
2026-03-07T15:40:56.726692+00:00,1772898056726.691,0.411133,-0.474121,0.446777,3.531250,-5.609375,3.449219,18142,18621,19875,18416,0.450000,-0.550000,0.300000,0.000000,1772898056719.321,0.397512,-0.466932,0.451277,0.000000,0.000000,0.000000,1.000000,position_only
2026-03-07T15:40:56.735873+00:00,1772898056735.872,0.421143,-0.482422,0.446777,3.332031,-5.230469,3.427734,18079,18595,19919,18371,0.450000,-0.550000,0.300000,0.000000,1772898056727.799,0.405403,-0.473521,0.451065,0.000000,0.000000,0.000000,1.000000,position_only
2026-03-07T15:40:56.745696+00:00,1772898056745.696,0.430908,-0.490479,0.446777,3.173828,-4.910156,3.412109,18245,18437,19971,18202,0.450000,-0.550000,0.300000,0.000000,1772898056744.872,0.421315,-0.486866,0.450716,0.000000,0.000000,0.000000,1.000000,position_only
2026-03-07T15:40:56.757119+00:00,1772898056757.119,0.441406,-0.499023,0.446533,3.033203,-4.617188,3.404297,18088,18483,19999,18224,0.450000,-0.550000,0.300000,0.000000,1772898056753.362,0.429296,-0.493488,0.450749,0.000000,0.000000,0.000000,1.000000,position_only
2026-03-07T15:40:56.766448+00:00,1772898056766.447,0.451904,-0.507324,0.446533,2.880859,-4.296875,3.394531,18061,18489,19925,18206,0.450000,-0.550000,0.300000,0.000000,1772898056761.850,0.437225,-0.500141,0.450758,0.000000,0.000000,0.000000,1.000000,position_only
2026-03-07T15:40:56.778050+00:00,1772898056778.049,0.462158,-0.515625,0.446777,2.720703,-3.968750,3.382812,18130,18413,19967,18056,0.450000,-0.550000,0.300000,0.000000,1772898056770.333,0.445328,-0.506914,0.450789,0.000000,0.000000,0.000000,1.000000,position_only
2026-03-07T15:40:56.786502+00:00,1772898056786.501,0.471924,-0.523926,0.447266,2.505859,-3.548828,3.375000,18007,18377,19987,18078,0.450000,-0.550000,0.300000,0.000000,1772898056778.836,0.453243,-0.513514,0.450885,0.000000,0.000000,0.000000,1.000000,position_only
2026-03-07T15:40:56.797188+00:00,1772898056797.188,0.481689,-0.532227,0.447266,2.310547,-3.197266,3.369141,17928,18359,19909,18134,0.450000,-0.550000,0.300000,0.000000,1772898056796.163,0.469274,-0.526810,0.451208,0.000000,0.000000,0.000000,1.000000,position_only
2026-03-07T15:40:56.806293+00:00,1772898056806.292,0.493164,-0.541504,0.447754,2.095703,-2.832031,3.365234,17896,18230,19944,18136,0.450000,-0.550000,0.300000,0.000000,1772898056804.648,0.477347,-0.533512,0.451429,0.000000,0.000000,0.000000,1.000000,position_only
2026-03-07T15:40:56.816212+00:00,1772898056816.212,0.503418,-0.549805,0.447998,1.875977,-2.521484,3.357422,17816,18247,19822,18184,0.450000,-0.550000,0.300000,0.000000,1772898056813.138,0.485286,-0.540170,0.451732,0.000000,0.000000,0.000000,1.000000,position_only
2026-03-07T15:40:56.829551+00:00,1772898056829.550,0.513184,-0.558105,0.448486,1.636719,-2.203125,3.349609,17823,18022,19963,18128,0.450000,-0.550000,0.300000,0.000000,1772898056821.905,0.493224,-0.546964,0.452066,0.000000,0.000000,0.000000,1.000000,position_only
2026-03-07T15:40:56.836628+00:00,1772898056836.627,0.522461,-0.565918,0.449463,1.322266,-1.820312,3.347656,17792,17961,19917,18122,0.450000,-0.550000,0.300000,0.000000,1772898056830.389,0.501134,-0.553687,0.452464,0.000000,0.000000,0.000000,1.000000,position_only
2026-03-07T15:40:56.846487+00:00,1772898056846.487,0.522461,-0.565918,0.449463,1.322266,-1.820312,3.347656,17754,17941,20008,18064,0.450000,-0.550000,0.300000,0.000000,1772898056838.908,0.509161,-0.560359,0.452962,0.000000,0.000000,0.000000,1.000000,position_only
2026-03-07T15:40:56.857223+00:00,1772898056857.222,0.533691,-0.575684,0.450195,0.985840,-1.438477,3.353516,17594,17964,19860,18156,0.450000,-0.550000,0.300000,0.000000,1772898056855.887,0.525257,-0.573685,0.453798,0.000000,0.000000,0.000000,1.000000,position_only
2026-03-07T15:40:56.866910+00:00,1772898056866.908,0.544434,-0.584473,0.451172,0.686523,-1.099609,3.357422,17717,17787,19918,17991,0.450000,-0.550000,0.300000,0.000000,1772898056864.782,0.533171,-0.580336,0.454376,0.000000,0.000000,0.000000,1.000000,position_only
2026-03-07T15:40:56.876091+00:00,1772898056876.090,0.554199,-0.592285,0.451904,0.409180,-0.809082,3.361328,17634,17707,19848,18079,0.450000,-0.550000,0.300000,0.000000,1772898056873.320,0.541094,-0.587016,0.455017,0.000000,0.000000,0.000000,1.000000,position_only
2026-03-07T15:40:56.889672+00:00,1772898056889.671,0.565430,-0.601562,0.452637,0.128662,-0.539551,3.371094,17753,17562,19845,17984,0.450000,-0.550000,0.300000,0.000000,1772898056881.765,0.549004,-0.593545,0.455581,0.000000,0.000000,0.000000,1.000000,position_only
2026-03-07T15:40:56.897285+00:00,1772898056897.284,0.574219,-0.609375,0.453857,-0.170776,-0.268799,3.380859,17643,17520,19961,17851,0.450000,-0.550000,0.300000,0.000000,1772898056890.284,0.556863,-0.600116,0.456189,0.000000,0.000000,0.000000,1.000000,position_only
2026-03-07T15:40:56.906484+00:00,1772898056906.483,0.584473,-0.618164,0.454834,-0.457275,0.022858,3.404297,17591,17641,19708,17917,0.450000,-0.550000,0.300000,0.000000,1772898056898.766,0.564721,-0.606722,0.456924,0.000000,0.000000,0.000000,1.000000,position_only
2026-03-07T15:40:56.916590+00:00,1772898056916.589,0.593750,-0.625977,0.455811,-0.694336,0.309082,3.416016,17524,17698,19639,17897,0.450000,-0.550000,0.300000,0.000000,1772898056915.820,0.580258,-0.619873,0.458385,0.000000,0.000000,0.000000,1.000000,position_only
2026-03-07T15:40:56.927288+00:00,1772898056927.287,0.603516,-0.634277,0.456787,-0.941895,0.617676,3.423828,17358,17750,19552,17964,0.450000,-0.550000,0.300000,0.000000,1772898056924.311,0.588005,-0.626406,0.459055,0.000000,0.000000,0.000000,1.000000,position_only
2026-03-07T15:40:56.936396+00:00,1772898056936.395,0.613281,-0.642090,0.457764,-1.126953,0.903320,3.431641,17434,17764,19485,17812,0.450000,-0.550000,0.300000,0.000000,1772898056932.786,0.595707,-0.632932,0.459826,0.000000,0.000000,0.000000,1.000000,position_only
2026-03-07T15:40:56.947861+00:00,1772898056947.860,0.624023,-0.650879,0.458984,-1.300781,1.228516,3.443359,17336,17786,19421,17769,0.450000,-0.550000,0.300000,0.000000,1772898056941.276,0.603344,-0.639366,0.460599,0.000000,0.000000,0.000000,1.000000,position_only
2026-03-07T15:40:56.956467+00:00,1772898056956.466,0.632812,-0.658691,0.460205,-1.448242,1.547852,3.451172,17278,17880,19294,17760,0.450000,-0.550000,0.300000,0.000000,1772898056950.111,0.610964,-0.645824,0.461491,0.000000,0.000000,0.000000,1.000000,position_only
2026-03-07T15:40:56.966775+00:00,1772898056966.774,0.641113,-0.665527,0.461426,-1.614258,1.959961,3.447266,17219,17835,19375,17635,0.450000,-0.550000,0.300000,0.000000,1772898056958.742,0.618504,-0.652235,0.462351,0.000000,0.000000,0.000000,1.000000,position_only
2026-03-07T15:40:56.976763+00:00,1772898056976.762,0.649414,-0.672852,0.462402,-1.724609,2.310547,3.451172,17161,17910,19160,17739,0.450000,-0.550000,0.300000,0.000000,1772898056975.766,0.633374,-0.664877,0.464251,0.000000,0.000000,0.000000,1.000000,position_only
2026-03-07T15:40:56.986029+00:00,1772898056986.028,0.659668,-0.681641,0.463867,-1.806641,2.654297,3.455078,17150,17919,19198,17597,0.450000,-0.550000,0.300000,0.000000,1772898056984.523,0.641564,-0.671496,0.464762,0.000000,0.000000,0.000000,1.000000,position_only
2026-03-07T15:40:56.997344+00:00,1772898056997.343,0.668457,-0.688965,0.465088,-1.881836,2.988281,3.455078,17078,17843,19158,17622,0.450000,-0.550000,0.300000,0.000000,1772898056993.135,0.648821,-0.677787,0.465696,0.000000,0.000000,0.000000,1.000000,position_only
2026-03-07T15:40:57.009495+00:00,1772898057009.494,0.676758,-0.696289,0.466064,-1.962891,3.318359,3.460938,17122,17824,19112,17557,0.450000,-0.550000,0.300000,0.000000,1772898057001.646,0.656060,-0.683983,0.466626,0.000000,0.000000,0.000000,1.000000,position_only
2026-03-07T15:40:57.017647+00:00,1772898057017.646,0.685059,-0.703613,0.467529,-2.068359,3.699219,3.457031,16865,17909,18938,17827,0.450000,-0.550000,0.300000,0.000000,1772898057010.415,0.670535,-0.696519,0.468473,0.000000,0.000000,0.000000,1.000000,position_only
2026-03-07T15:40:57.026771+00:00,1772898057026.770,0.694336,-0.711426,0.468750,-2.119141,3.986328,3.453125,16939,17877,18915,17636,0.450000,-0.550000,0.300000,0.000000,1772898057018.920,0.678394,-0.703282,0.469299,0.000000,0.000000,0.000000,1.000000,position_only
2026-03-07T15:40:57.037629+00:00,1772898057037.628,0.704102,-0.720215,0.470215,-2.175781,4.296875,3.449219,16898,17810,18912,17665,0.450000,-0.550000,0.300000,0.000000,1772898057035.910,0.692531,-0.715504,0.471100,0.000000,0.000000,0.000000,1.000000,position_only
2026-03-07T15:40:57.047019+00:00,1772898057047.018,0.712891,-0.727539,0.471436,-2.234375,4.574219,3.445312,16952,17774,18740,17653,0.450000,-0.550000,0.300000,0.000000,1772898057044.402,0.699149,-0.721424,0.472160,0.000000,0.000000,0.000000,1.000000,position_only
2026-03-07T15:40:57.057697+00:00,1772898057057.696,0.711914,-0.727051,0.471680,-2.250000,4.601562,3.443359,16972,17781,18737,17623,0.450000,-0.550000,0.300000,0.000000,1772898057052.882,0.705832,-0.727407,0.473209,0.000000,0.000000,0.000000,1.000000,position_only
2026-03-07T15:40:57.069347+00:00,1772898057069.346,0.720703,-0.735352,0.472900,-2.306641,4.886719,3.435547,16924,17694,18682,17647,0.450000,-0.550000,0.300000,0.000000,1772898057061.450,0.705832,-0.727407,0.473209,0.000000,0.000000,0.000000,1.000000,position_only
2026-03-07T15:40:57.077851+00:00,1772898057077.850,0.728516,-0.741699,0.474121,-2.371094,5.160156,3.417969,17054,17592,18770,17468,0.450000,-0.550000,0.300000,0.000000,1772898057069.949,0.719449,-0.739437,0.475231,0.000000,0.000000,0.000000,1.000000,position_only
2026-03-07T15:40:57.088017+00:00,1772898057088.015,0.736816,-0.749512,0.475586,-2.421875,5.441406,3.414062,17127,17442,18792,17342,0.450000,-0.550000,0.300000,0.000000,1772898057086.889,0.732382,-0.751080,0.477210,0.000000,0.000000,0.000000,1.000000,position_only
2026-03-07T15:40:57.097125+00:00,1772898057097.124,0.744629,-0.756836,0.477051,-2.462891,5.671875,3.417969,17041,17550,18573,17491,0.450000,-0.550000,0.300000,0.000000,1772898057095.402,0.738911,-0.757122,0.478088,0.000000,0.000000,0.000000,1.000000,position_only
2026-03-07T15:40:57.106521+00:00,1772898057106.521,0.752441,-0.763672,0.478271,-2.494141,5.890625,3.416016,17080,17423,18552,17479,0.450000,-0.550000,0.300000,0.000000,1772898057103.908,0.745091,-0.762919,0.479022,0.000000,0.000000,0.000000,1.000000,position_only
2026-03-07T15:40:57.118848+00:00,1772898057118.848,0.761230,-0.771973,0.479492,-2.511719,6.089844,3.416016,17023,17492,18397,17552,0.450000,-0.550000,0.300000,0.000000,1772898057112.518,0.751448,-0.768565,0.479929,0.000000,0.000000,0.000000,1.000000,position_only
2026-03-07T15:40:57.128187+00:00,1772898057128.186,0.768066,-0.778809,0.480957,-2.541016,6.285156,3.404297,17033,17479,18371,17550,0.450000,-0.550000,0.300000,0.000000,1772898057121.042,0.757476,-0.774257,0.480937,0.000000,0.000000,0.000000,1.000000,position_only
2026-03-07T15:40:57.137313+00:00,1772898057137.313,0.777344,-0.787109,0.482178,-2.556641,6.449219,3.392578,17082,17326,18421,17482,0.450000,-0.550000,0.300000,0.000000,1772898057129.531,0.763674,-0.780220,0.481833,0.000000,0.000000,0.000000,1.000000,position_only
2026-03-07T15:40:57.147243+00:00,1772898057147.243,0.784668,-0.794434,0.483643,-2.628906,6.687500,3.380859,17065,17335,18456,17427,0.450000,-0.550000,0.300000,0.000000,1772898057146.516,0.775135,-0.791279,0.483880,0.000000,0.000000,0.000000,1.000000,position_only
2026-03-07T15:40:57.157962+00:00,1772898057157.961,0.793457,-0.803223,0.484863,-2.679688,6.902344,3.380859,17111,17178,18505,17350,0.450000,-0.550000,0.300000,0.000000,1772898057155.009,0.781185,-0.797205,0.484647,0.000000,0.000000,0.000000,1.000000,position_only
2026-03-07T15:40:57.167492+00:00,1772898057167.491,0.801270,-0.810547,0.486328,-2.750000,7.113281,3.388672,17142,17161,18516,17297,0.450000,-0.550000,0.300000,0.000000,1772898057163.522,0.786529,-0.802449,0.485637,0.000000,0.000000,0.000000,1.000000,position_only
2026-03-07T15:40:57.179717+00:00,1772898057179.717,0.807617,-0.816895,0.487305,-2.818359,7.324219,3.394531,16984,17164,18394,17457,0.450000,-0.550000,0.300000,0.000000,1772898057172.161,0.792131,-0.807828,0.486468,0.000000,0.000000,0.000000,1.000000,position_only
2026-03-07T15:40:57.188222+00:00,1772898057188.222,0.806641,-0.816406,0.487305,-2.841797,7.355469,3.390625,16961,17155,18509,17382,0.450000,-0.550000,0.300000,0.000000,1772898057180.648,0.797833,-0.813396,0.487270,0.000000,0.000000,0.000000,1.000000,position_only
2026-03-07T15:40:57.197648+00:00,1772898057197.647,0.820312,-0.830566,0.489502,-3.025391,7.750000,3.392578,16934,17164,18413,17481,0.450000,-0.550000,0.300000,0.000000,1772898057189.173,0.803033,-0.818683,0.488244,0.000000,0.000000,0.000000,1.000000,position_only
2026-03-07T15:40:57.207646+00:00,1772898057207.646,0.819824,-0.830078,0.489502,-3.039062,7.777344,3.390625,16815,17187,18351,17547,0.450000,-0.550000,0.300000,0.000000,1772898057206.435,0.813564,-0.829547,0.489555,0.000000,0.000000,0.000000,1.000000,position_only
2026-03-07T15:40:57.217515+00:00,1772898057217.515,0.826172,-0.836914,0.490479,-3.166016,7.988281,3.388672,16760,17251,18295,17582,0.450000,-0.550000,0.300000,0.000000,1772898057214.885,0.818528,-0.834818,0.490407,0.000000,0.000000,0.000000,1.000000,position_only
2026-03-07T15:40:57.230370+00:00,1772898057230.370,0.831543,-0.843262,0.491455,-3.287109,8.210938,3.378906,16861,16997,18441,17479,0.450000,-0.550000,0.300000,0.000000,1772898057223.378,0.823545,-0.840122,0.491230,0.000000,0.000000,0.000000,1.000000,position_only
2026-03-07T15:40:57.238037+00:00,1772898057238.036,0.837891,-0.850098,0.492432,-3.416016,8.414062,3.380859,16930,16985,18531,17323,0.450000,-0.550000,0.300000,0.000000,1772898057231.870,0.828470,-0.845338,0.491897,0.000000,0.000000,0.000000,1.000000,position_only
2026-03-07T15:40:57.248168+00:00,1772898057248.167,0.843750,-0.856445,0.493408,-3.533203,8.609375,3.390625,16851,16987,18347,17520,0.450000,-0.550000,0.300000,0.000000,1772898057240.483,0.833118,-0.850501,0.492546,0.000000,0.000000,0.000000,1.000000,position_only
2026-03-07T15:40:57.256499+00:00,1772898057256.497,0.849121,-0.862305,0.494385,-3.650391,8.804688,3.392578,16867,16993,18369,17487,0.450000,-0.550000,0.300000,0.000000,1772898057248.954,0.837705,-0.855640,0.493359,0.000000,0.000000,0.000000,1.000000,position_only
2026-03-07T15:40:57.268657+00:00,1772898057268.655,0.854492,-0.869141,0.495117,-3.775391,9.007812,3.394531,16812,17122,18397,17409,0.450000,-0.550000,0.300000,0.000000,1772898057266.060,0.846761,-0.865892,0.494375,0.000000,0.000000,0.000000,1.000000,position_only
2026-03-07T15:40:57.277854+00:00,1772898057277.854,0.859375,-0.874512,0.495850,-3.882812,9.210938,3.394531,16949,16969,18449,17307,0.450000,-0.550000,0.300000,0.000000,1772898057274.531,0.851075,-0.870773,0.495059,0.000000,0.000000,0.000000,1.000000,position_only
2026-03-07T15:40:57.290659+00:00,1772898057290.659,0.865234,-0.881348,0.496582,-3.966797,9.437500,3.410156,16994,16955,18566,17189,0.450000,-0.550000,0.300000,0.000000,1772898057283.036,0.855273,-0.875886,0.495327,0.000000,0.000000,0.000000,1.000000,position_only
2026-03-07T15:40:57.298863+00:00,1772898057298.862,0.869629,-0.887207,0.497314,-4.042969,9.648438,3.425781,16857,17045,18332,17423,0.450000,-0.550000,0.300000,0.000000,1772898057291.532,0.859040,-0.880580,0.496050,0.000000,0.000000,0.000000,1.000000,position_only
2026-03-07T15:40:57.308269+00:00,1772898057308.268,0.874023,-0.893066,0.497803,-4.148438,9.898438,3.433594,16740,17179,18239,17543,0.450000,-0.550000,0.300000,0.000000,1772898057300.030,0.863371,-0.885740,0.496301,0.000000,0.000000,0.000000,1.000000,position_only
2026-03-07T15:40:57.317503+00:00,1772898057317.502,0.877930,-0.898438,0.498291,-4.238281,10.101562,3.427734,16892,16970,18419,17397,0.450000,-0.550000,0.300000,0.000000,1772898057317.162,0.870917,-0.895562,0.497079,0.000000,0.000000,0.000000,1.000000,position_only
2026-03-07T15:40:57.326768+00:00,1772898057326.767,0.882812,-0.904785,0.498779,-4.320312,10.320312,3.443359,16788,17108,18310,17510,0.450000,-0.550000,0.300000,0.000000,1772898057325.647,0.874496,-0.900094,0.497537,0.000000,0.000000,0.000000,1.000000,position_only
2026-03-07T15:40:57.337113+00:00,1772898057337.112,0.886719,-0.910645,0.499268,-4.398438,10.507812,3.449219,16807,17206,18360,17411,0.450000,-0.550000,0.300000,0.000000,1772898057334.418,0.878017,-0.904794,0.497755,0.000000,0.000000,0.000000,1.000000,position_only
2026-03-07T15:40:57.349216+00:00,1772898057349.215,0.890625,-0.916016,0.499756,-4.460938,10.710938,3.455078,16896,17042,18385,17446,0.450000,-0.550000,0.300000,0.000000,1772898057342.909,0.881266,-0.909413,0.498177,0.000000,0.000000,0.000000,1.000000,position_only
2026-03-07T15:40:57.359781+00:00,1772898057359.780,0.894531,-0.921875,0.250000,-4.539062,10.914062,3.464844,16816,17181,18351,17487,0.450000,-0.550000,0.300000,0.000000,1772898057351.407,0.884452,-0.913909,0.498416,0.000000,0.000000,0.000000,1.000000,position_only
2026-03-07T15:40:57.368041+00:00,1772898057368.040,0.896973,-0.926270,0.500000,-4.625000,11.125000,3.460938,16713,17299,18210,17617,0.450000,-0.550000,0.300000,0.000000,1772898057359.900,0.887788,-0.918789,0.498640,0.000000,0.000000,0.000000,1.000000,position_only
2026-03-07T15:40:57.376640+00:00,1772898057376.639,0.900391,-0.932129,0.500488,-4.660156,11.328125,3.457031,16874,17259,18260,17529,0.450000,-0.550000,0.300000,0.000000,1772898057368.377,0.890616,-0.923170,0.498715,0.000000,0.000000,0.000000,1.000000,position_only
2026-03-07T15:40:57.386632+00:00,1772898057386.631,0.903809,-0.937988,0.500488,-4.675781,11.492188,3.460938,16850,17402,18160,17600,0.450000,-0.550000,0.300000,0.000000,1772898057385.531,0.898630,-0.936309,0.498959,0.000000,0.000000,0.000000,1.000000,position_only
2026-03-07T15:40:57.397970+00:00,1772898057397.969,0.906738,-0.943848,0.500488,-4.667969,11.664062,3.455078,16880,17428,18054,17668,0.450000,-0.550000,0.300000,0.000000,1772898057394.121,0.901169,-0.940600,0.498975,0.000000,0.000000,0.000000,1.000000,position_only
2026-03-07T15:40:57.407488+00:00,1772898057407.487,0.909668,-0.948730,0.500488,-4.648438,11.804688,3.443359,17116,17315,18275,17414,0.450000,-0.550000,0.300000,0.000000,1772898057402.587,0.903670,-0.945094,0.498840,0.000000,0.000000,0.000000,1.000000,position_only
2026-03-07T15:40:57.416670+00:00,1772898057416.669,0.909180,-0.948730,0.500488,-4.656250,11.820312,3.441406,17203,17167,18158,17540,0.450000,-0.550000,0.300000,0.000000,1772898057411.096,0.905993,-0.949382,0.498636,0.000000,0.000000,0.000000,1.000000,position_only
2026-03-07T15:40:57.427303+00:00,1772898057427.302,0.912109,-0.954590,0.500000,-4.613281,11.953125,3.445312,17186,17316,18087,17584,0.450000,-0.550000,0.300000,0.000000,1772898057419.850,0.907822,-0.953417,0.498702,0.000000,0.000000,0.000000,1.000000,position_only
2026-03-07T15:40:57.438127+00:00,1772898057438.126,0.914062,-0.959473,0.250000,-4.578125,12.054688,3.437500,17231,17251,18019,17723,0.450000,-0.550000,0.300000,0.000000,1772898057436.873,0.911849,-0.961937,0.498225,0.000000,0.000000,0.000000,1.000000,position_only
2026-03-07T15:40:57.447947+00:00,1772898057447.946,0.916016,-0.964844,0.499756,-4.527344,12.156250,3.419922,17291,17303,18024,17718,0.450000,-0.550000,0.300000,0.000000,1772898057445.383,0.913474,-0.965834,0.497984,0.000000,0.000000,0.000000,1.000000,position_only
2026-03-07T15:40:57.458583+00:00,1772898057458.583,0.917969,-0.969727,0.499268,-4.496094,12.226562,3.406250,17411,17275,18181,17577,0.450000,-0.550000,0.300000,0.000000,1772898057453.823,0.914965,-0.969865,0.497828,0.000000,0.000000,0.000000,1.000000,position_only
2026-03-07T15:40:57.469846+00:00,1772898057469.846,0.919922,-0.975098,0.499023,-4.445312,12.281250,3.396484,17420,17308,17999,17776,0.450000,-0.550000,0.300000,0.000000,1772898057462.305,0.914965,-0.969865,0.497828,0.000000,0.000000,0.000000,1.000000,position_only
2026-03-07T15:40:57.478271+00:00,1772898057478.271,0.921387,-0.979492,0.498535,-4.402344,12.328125,3.376953,17436,17333,18010,17818,0.450000,-0.550000,0.300000,0.000000,1772898057470.938,0.918042,-0.978054,0.497043,0.000000,0.000000,0.000000,1.000000,position_only
2026-03-07T15:40:57.487413+00:00,1772898057487.412,0.922363,-0.984375,0.497803,-4.359375,12.367188,3.357422,17442,17354,17952,17932,0.450000,-0.550000,0.300000,0.000000,1772898057479.504,0.919074,-0.981702,0.496738,0.000000,0.000000,0.000000,1.000000,position_only
2026-03-07T15:40:57.498743+00:00,1772898057498.743,0.923340,-0.989258,0.497314,-4.324219,12.382812,3.330078,17497,17345,18051,17898,0.450000,-0.550000,0.300000,0.000000,1772898057496.500,0.921140,-0.989546,0.495716,0.000000,0.000000,0.000000,1.000000,position_only
2026-03-07T15:40:57.508629+00:00,1772898057508.628,0.923828,-0.993652,0.496826,-4.304688,12.398438,3.306641,17491,17322,17919,18128,0.450000,-0.550000,0.300000,0.000000,1772898057504.960,0.922180,-0.993532,0.495136,0.000000,0.000000,0.000000,1.000000,position_only
2026-03-07T15:40:57.517848+00:00,1772898057517.847,0.924805,-0.998535,0.495850,-4.281250,12.382812,3.273438,17490,17380,18034,18084,0.450000,-0.550000,0.300000,0.000000,1772898057513.741,0.922594,-0.997255,0.494675,0.000000,0.000000,0.000000,1.000000,position_only
2026-03-07T15:40:57.528883+00:00,1772898057528.882,0.925293,-1.002930,0.495117,-4.277344,12.367188,3.248047,17510,17405,18073,18096,0.450000,-0.550000,0.300000,0.000000,1772898057522.242,0.923056,-1.000664,0.494266,0.000000,0.000000,0.000000,1.000000,position_only
2026-03-07T15:40:57.538112+00:00,1772898057538.111,0.925293,-1.007812,0.494385,-4.296875,12.351562,3.214844,17640,17288,18150,18081,0.450000,-0.550000,0.300000,0.000000,1772898057530.722,0.923556,-1.004462,0.493542,0.000000,0.000000,0.000000,1.000000,position_only
2026-03-07T15:40:57.548706+00:00,1772898057548.706,0.925293,-1.011719,0.493408,-4.316406,12.335938,3.187500,17555,17354,18066,18262,0.450000,-0.550000,0.300000,0.000000,1772898057548.075,0.923980,-1.011607,0.492292,0.000000,0.000000,0.000000,1.000000,position_only
2026-03-07T15:40:57.557945+00:00,1772898057557.944,0.924805,-1.015625,0.492676,-4.359375,12.296875,3.150391,17607,17306,18118,18251,0.450000,-0.550000,0.300000,0.000000,1772898057556.587,0.924014,-1.015170,0.491565,0.000000,0.000000,0.000000,1.000000,position_only
2026-03-07T15:40:57.567727+00:00,1772898057567.726,0.924316,-1.020508,0.491699,-4.394531,12.273438,3.128906,17800,17197,18257,18139,0.450000,-0.550000,0.300000,0.000000,1772898057565.096,0.923831,-1.018614,0.490861,0.000000,0.000000,0.000000,1.000000,position_only
2026-03-07T15:40:57.578850+00:00,1772898057578.850,0.923828,-1.024414,0.490723,-4.437500,12.234375,3.113281,17850,17176,18289,18170,0.450000,-0.550000,0.300000,0.000000,1772898057573.529,0.923526,-1.022058,0.490246,0.000000,0.000000,0.000000,1.000000,position_only
2026-03-07T15:40:57.588796+00:00,1772898057588.795,0.922852,-1.028320,0.489746,-4.484375,12.203125,3.093750,17831,17270,18285,18196,0.450000,-0.550000,0.300000,0.000000,1772898057582.083,0.923414,-1.025537,0.489407,0.000000,0.000000,0.000000,1.000000,position_only
2026-03-07T15:40:57.597972+00:00,1772898057597.971,0.921875,-1.032227,0.488770,-4.523438,12.171875,3.072266,17819,17320,18344,18199,0.450000,-0.550000,0.300000,0.000000,1772898057590.757,0.922861,-1.028990,0.488587,0.000000,0.000000,0.000000,1.000000,position_only
2026-03-07T15:40:57.607857+00:00,1772898057607.856,0.920898,-1.036133,0.487549,-4.562500,12.140625,3.058594,17962,17266,18389,18155,0.450000,-0.550000,0.300000,0.000000,1772898057607.701,0.921604,-1.035724,0.486897,0.000000,0.000000,0.000000,1.000000,position_only
2026-03-07T15:40:57.618936+00:00,1772898057618.935,0.919434,-1.040039,0.486572,-4.582031,12.117188,3.052734,17959,17311,18328,18266,0.450000,-0.550000,0.300000,0.000000,1772898057616.177,0.920551,-1.038722,0.486091,0.000000,0.000000,0.000000,1.000000,position_only
2026-03-07T15:40:57.628215+00:00,1772898057628.214,0.917480,-1.043945,0.485352,-4.605469,12.062500,3.037109,18141,17153,18442,18199,0.450000,-0.550000,0.300000,0.000000,1772898057624.700,0.919528,-1.041839,0.485308,0.000000,0.000000,0.000000,1.000000,position_only
2026-03-07T15:40:57.639457+00:00,1772898057639.456,0.916016,-1.047852,0.484375,-4.625000,12.015625,3.031250,18090,17320,18432,18171,0.450000,-0.550000,0.300000,0.000000,1772898057633.529,0.918469,-1.044977,0.484391,0.000000,0.000000,0.000000,1.000000,position_only
2026-03-07T15:40:57.647227+00:00,1772898057647.226,0.916016,-1.047852,0.484131,-4.632812,12.007812,3.025391,18228,17257,18282,18243,0.450000,-0.550000,0.300000,0.000000,1772898057642.032,0.917259,-1.048210,0.483462,0.000000,0.000000,0.000000,1.000000,position_only
2026-03-07T15:40:57.659018+00:00,1772898057659.018,0.911621,-1.055664,0.481934,-4.593750,11.921875,3.000000,18204,17425,18276,18287,0.450000,-0.550000,0.300000,0.000000,1772898057650.585,0.915919,-1.051419,0.482487,0.000000,0.000000,0.000000,1.000000,position_only
2026-03-07T15:40:57.668228+00:00,1772898057668.228,0.911621,-1.055664,0.481934,-4.593750,11.914062,2.998047,18341,17338,18332,18186,0.450000,-0.550000,0.300000,0.000000,1772898057667.858,0.912965,-1.057680,0.480580,0.000000,0.000000,0.000000,1.000000,position_only
2026-03-07T15:40:57.677448+00:00,1772898057677.447,0.909180,-1.058594,0.480469,-4.554688,11.828125,2.976562,18533,17237,18351,18165,0.450000,-0.550000,0.300000,0.000000,1772898057676.377,0.911214,-1.060487,0.479723,0.000000,0.000000,0.000000,1.000000,position_only
2026-03-07T15:40:57.687356+00:00,1772898057687.356,0.907227,-1.062500,0.479492,-4.503906,11.742188,2.958984,18481,17355,18242,18298,0.450000,-0.550000,0.300000,0.000000,1772898057684.874,0.909222,-1.063261,0.478825,0.000000,0.000000,0.000000,1.000000,position_only
2026-03-07T15:40:57.700951+00:00,1772898057700.951,0.904297,-1.065430,0.478271,-4.441406,11.648438,2.945312,18706,17209,18298,18248,0.450000,-0.550000,0.300000,0.000000,1772898057693.636,0.905181,-1.068888,0.476841,0.000000,0.000000,0.000000,1.000000,position_only
2026-03-07T15:40:57.710128+00:00,1772898057710.127,0.901367,-1.069336,0.476562,-4.339844,11.531250,2.935547,18751,17283,18339,18192,0.450000,-0.550000,0.300000,0.000000,1772898057702.178,0.902998,-1.071838,0.475783,0.000000,0.000000,0.000000,1.000000,position_only
2026-03-07T15:40:57.717120+00:00,1772898057717.119,0.897949,-1.073242,0.475342,-4.257812,11.414062,2.921875,18941,17207,18367,18139,0.450000,-0.550000,0.300000,0.000000,1772898057710.647,0.900685,-1.074617,0.474808,0.000000,0.000000,0.000000,1.000000,position_only
2026-03-07T15:40:57.727319+00:00,1772898057727.319,0.894531,-1.076172,0.473877,-4.156250,11.289062,2.919922,18880,17331,18299,18232,0.450000,-0.550000,0.300000,0.000000,1772898057719.145,0.898331,-1.077400,0.473697,0.000000,0.000000,0.000000,1.000000,position_only
2026-03-07T15:40:57.738755+00:00,1772898057738.754,0.891113,-1.079102,0.472656,-4.054688,11.164062,2.914062,18886,17350,18403,18179,0.450000,-0.550000,0.300000,0.000000,1772898057736.118,0.893271,-1.082888,0.471648,0.000000,0.000000,0.000000,1.000000,position_only
2026-03-07T15:40:57.748663+00:00,1772898057748.662,0.887207,-1.083008,0.471191,-3.957031,11.031250,2.912109,19041,17224,18472,18168,0.450000,-0.550000,0.300000,0.000000,1772898057744.883,0.890582,-1.085557,0.470563,0.000000,0.000000,0.000000,1.000000,position_only
2026-03-07T15:40:57.760224+00:00,1772898057760.223,0.883301,-1.085938,0.469727,-3.882812,10.914062,2.916016,19057,17218,18574,18133,0.450000,-0.550000,0.300000,0.000000,1772898057753.425,0.890582,-1.085557,0.470563,0.000000,0.000000,0.000000,1.000000,position_only
2026-03-07T15:40:57.767974+00:00,1772898057767.973,0.879395,-1.089844,0.468262,-3.818359,10.773438,2.917969,19127,17178,18561,18188,0.450000,-0.550000,0.300000,0.000000,1772898057761.876,0.884690,-1.090549,0.468549,0.000000,0.000000,0.000000,1.000000,position_only
2026-03-07T15:40:57.779730+00:00,1772898057779.729,0.875488,-1.092773,0.467041,-3.771484,10.640625,2.921875,19180,17143,18682,18112,0.450000,-0.550000,0.300000,0.000000,1772898057779.337,0.878264,-1.095576,0.466529,0.000000,0.000000,0.000000,1.000000,position_only
2026-03-07T15:40:57.788976+00:00,1772898057788.975,0.871582,-1.095703,0.465820,-3.738281,10.515625,2.929688,19229,17125,18685,18147,0.450000,-0.550000,0.300000,0.000000,1772898057787.835,0.875104,-1.098195,0.465502,0.000000,0.000000,0.000000,1.000000,position_only
2026-03-07T15:40:57.797448+00:00,1772898057797.447,0.866699,-1.098633,0.464111,-3.703125,10.414062,2.951172,19123,17241,18573,18314,0.450000,-0.550000,0.300000,0.000000,1772898057796.382,0.871665,-1.100624,0.464490,0.000000,0.000000,0.000000,1.000000,position_only
2026-03-07T15:40:57.808784+00:00,1772898057808.783,0.861816,-1.101562,0.462891,-3.687500,10.289062,2.955078,19090,17294,18677,18233,0.450000,-0.550000,0.300000,0.000000,1772898057804.882,0.868422,-1.103168,0.463428,0.000000,0.000000,0.000000,1.000000,position_only
2026-03-07T15:40:57.820653+00:00,1772898057820.652,0.856934,-1.104492,0.461426,-3.681641,10.164062,2.962891,19242,17193,18629,18301,0.450000,-0.550000,0.300000,0.000000,1772898057813.645,0.864892,-1.105653,0.462349,0.000000,0.000000,0.000000,1.000000,position_only
2026-03-07T15:40:57.828581+00:00,1772898057828.579,0.852539,-1.107422,0.460205,-3.675781,9.992188,2.962891,19283,17185,18647,18284,0.450000,-0.550000,0.300000,0.000000,1772898057822.190,0.861322,-1.108011,0.461467,0.000000,0.000000,0.000000,1.000000,position_only
2026-03-07T15:40:57.839604+00:00,1772898057839.603,0.852539,-1.107422,0.460205,-3.675781,9.992188,2.962891,19325,17125,18422,18538,0.450000,-0.550000,0.300000,0.000000,1772898057839.351,0.853563,-1.112592,0.459542,0.000000,0.000000,0.000000,1.000000,position_only
2026-03-07T15:40:57.849409+00:00,1772898057849.407,0.842285,-1.112305,0.457764,-3.660156,9.617188,2.958984,19466,17098,18646,18267,0.450000,-0.550000,0.300000,0.000000,1772898057848.153,0.849569,-1.114769,0.458628,0.000000,0.000000,0.000000,1.000000,position_only
2026-03-07T15:40:57.860423+00:00,1772898057860.422,0.836426,-1.115234,0.456299,-3.632812,9.406250,2.962891,19600,17049,18520,18353,0.450000,-0.550000,0.300000,0.000000,1772898057856.697,0.845605,-1.116951,0.457745,0.000000,0.000000,0.000000,1.000000,position_only
2026-03-07T15:40:57.868731+00:00,1772898057868.730,0.831543,-1.118164,0.455322,-3.591797,9.203125,2.970703,19584,17130,18497,18334,0.450000,-0.550000,0.300000,0.000000,1772898057865.405,0.841539,-1.119192,0.456778,0.000000,0.000000,0.000000,1.000000,position_only
2026-03-07T15:40:57.878393+00:00,1772898057878.392,0.826172,-1.120117,0.454102,-3.542969,8.984375,2.966797,19661,17098,18538,18262,0.450000,-0.550000,0.300000,0.000000,1772898057874.144,0.837238,-1.121287,0.455934,0.000000,0.000000,0.000000,1.000000,position_only
2026-03-07T15:40:57.888285+00:00,1772898057888.284,0.826660,-1.120117,0.454346,-3.539062,8.953125,2.962891,19700,17059,18425,18376,0.450000,-0.550000,0.300000,0.000000,1772898057882.697,0.833084,-1.123543,0.455116,0.000000,0.000000,0.000000,1.000000,position_only
2026-03-07T15:40:57.898742+00:00,1772898057898.742,0.815430,-1.125000,0.451904,-3.417969,8.484375,2.953125,19532,17311,18252,18476,0.450000,-0.550000,0.300000,0.000000,1772898057891.216,0.828830,-1.125823,0.454219,0.000000,0.000000,0.000000,1.000000,position_only
2026-03-07T15:40:57.908737+00:00,1772898057908.736,0.815918,-1.125977,0.452148,-3.412109,8.460938,2.951172,19804,17043,18303,18429,0.450000,-0.550000,0.300000,0.000000,1772898057908.218,0.819935,-1.130168,0.452594,0.000000,0.000000,0.000000,1.000000,position_only
2026-03-07T15:40:57.919635+00:00,1772898057919.634,0.803711,-1.129883,0.449951,-3.283203,8.023438,2.935547,19679,17216,18218,18475,0.450000,-0.550000,0.300000,0.000000,1772898057916.873,0.815261,-1.132278,0.451786,0.000000,0.000000,0.000000,1.000000,position_only
2026-03-07T15:40:57.928779+00:00,1772898057928.779,0.797852,-1.132812,0.448975,-3.208984,7.804688,2.925781,19726,17239,18105,18553,0.450000,-0.550000,0.300000,0.000000,1772898057925.413,0.810574,-1.134072,0.451069,0.000000,0.000000,0.000000,1.000000,position_only
2026-03-07T15:40:57.940347+00:00,1772898057940.346,0.798828,-1.132812,0.449219,-3.205078,7.777344,2.921875,19678,17289,18055,18588,0.450000,-0.550000,0.300000,0.000000,1772898057933.883,0.805775,-1.136103,0.450355,0.000000,0.000000,0.000000,1.000000,position_only
2026-03-07T15:40:57.949491+00:00,1772898057949.490,0.786133,-1.136719,0.447266,-3.041016,7.292969,2.886719,19604,17377,18138,18462,0.450000,-0.550000,0.300000,0.000000,1772898057942.449,0.801045,-1.138046,0.449658,0.000000,0.000000,0.000000,1.000000,position_only
2026-03-07T15:40:57.959479+00:00,1772898057959.479,0.786133,-1.136719,0.447266,-3.041016,7.292969,2.886719,19714,17194,18119,18571,0.450000,-0.550000,0.300000,0.000000,1772898057951.169,0.796260,-1.140097,0.448892,0.000000,0.000000,0.000000,1.000000,position_only
2026-03-07T15:40:57.969030+00:00,1772898057969.030,0.780273,-1.139648,0.446533,-2.966797,7.042969,2.871094,19683,17217,18305,18374,0.450000,-0.550000,0.300000,0.000000,1772898057968.246,0.786606,-1.144273,0.447506,0.000000,0.000000,0.000000,1.000000,position_only
2026-03-07T15:40:57.978359+00:00,1772898057978.358,0.774414,-1.141602,0.445557,-2.931641,6.847656,2.863281,19647,17249,18231,18456,0.450000,-0.550000,0.300000,0.000000,1772898057976.705,0.781596,-1.146308,0.446761,0.000000,0.000000,0.000000,1.000000,position_only
2026-03-07T15:40:57.988246+00:00,1772898057988.245,0.767578,-1.144531,0.444824,-2.900391,6.691406,2.863281,19483,17337,18105,18635,0.450000,-0.550000,0.300000,0.000000,1772898057985.428,0.771187,-1.149837,0.445805,0.000000,0.000000,0.000000,1.000000,position_only
2026-03-07T15:40:57.999530+00:00,1772898057999.529,0.761230,-1.146484,0.444092,-2.888672,6.539062,2.855469,19459,17343,18289,18442,0.450000,-0.550000,0.300000,0.000000,1772898057993.873,0.766114,-1.151755,0.445220,0.000000,0.000000,0.000000,1.000000,position_only
2026-03-07T15:40:58.009345+00:00,1772898058009.344,0.754395,-1.148438,0.443359,-2.888672,6.425781,2.853516,19340,17475,18084,18629,0.450000,-0.550000,0.300000,0.000000,1772898058002.391,0.760832,-1.153580,0.444743,0.000000,0.000000,0.000000,1.000000,position_only
2026-03-07T15:40:58.018481+00:00,1772898058018.481,0.747559,-1.150391,0.442627,-2.892578,6.328125,2.843750,19286,17553,18104,18555,0.450000,-0.550000,0.300000,0.000000,1772898058010.911,0.755571,-1.155534,0.444261,0.000000,0.000000,0.000000,1.000000,position_only
2026-03-07T15:40:58.028490+00:00,1772898058028.490,0.741211,-1.153320,0.442383,-2.876953,6.218750,2.830078,19247,17594,17906,18724,0.450000,-0.550000,0.300000,0.000000,1772898058027.888,0.744848,-1.159108,0.443397,0.000000,0.000000,0.000000,1.000000,position_only
2026-03-07T15:40:58.037788+00:00,1772898058037.787,0.734375,-1.155273,0.441650,-2.869141,6.125000,2.812500,19292,17574,18074,18490,0.450000,-0.550000,0.300000,0.000000,1772898058036.411,0.739123,-1.160706,0.442933,0.000000,0.000000,0.000000,1.000000,position_only
2026-03-07T15:40:58.048860+00:00,1772898058048.859,0.727539,-1.157227,0.441162,-2.859375,6.042969,2.794922,19424,17467,18064,18442,0.450000,-0.550000,0.300000,0.000000,1772898058044.970,0.733703,-1.162461,0.442690,0.000000,0.000000,0.000000,1.000000,position_only
2026-03-07T15:40:58.059484+00:00,1772898058059.483,0.719727,-1.159180,0.440674,-2.841797,5.972656,2.789062,19203,17632,17818,18696,0.450000,-0.550000,0.300000,0.000000,1772898058053.476,0.728113,-1.164136,0.442284,0.000000,0.000000,0.000000,1.000000,position_only
2026-03-07T15:40:58.069955+00:00,1772898058069.954,0.713379,-1.161133,0.440430,-2.826172,5.832031,2.763672,19133,17710,17792,18672,0.450000,-0.550000,0.300000,0.000000,1772898058061.955,0.728113,-1.164136,0.442284,0.000000,0.000000,0.000000,1.000000,position_only
2026-03-07T15:40:58.079207+00:00,1772898058079.207,0.706543,-1.163086,0.439941,-2.818359,5.707031,2.732422,19145,17715,17600,18835,0.450000,-0.550000,0.300000,0.000000,1772898058078.969,0.711339,-1.169225,0.441449,0.000000,0.000000,0.000000,1.000000,position_only
2026-03-07T15:40:58.088555+00:00,1772898058088.554,0.699707,-1.165039,0.439697,-2.806641,5.562500,2.691406,19173,17599,17744,18741,0.450000,-0.550000,0.300000,0.000000,1772898058087.499,0.705608,-1.170878,0.441263,0.000000,0.000000,0.000000,1.000000,position_only
2026-03-07T15:40:58.099250+00:00,1772898058099.249,0.692871,-1.166992,0.439453,-2.814453,5.414062,2.656250,19329,17435,17806,18662,0.450000,-0.550000,0.300000,0.000000,1772898058096.040,0.700117,-1.172756,0.440893,0.000000,0.000000,0.000000,1.000000,position_only
2026-03-07T15:40:58.110506+00:00,1772898058110.505,0.684570,-1.168945,0.439209,-2.839844,5.261719,2.632812,19100,17529,17613,18938,0.450000,-0.550000,0.300000,0.000000,1772898058104.588,0.694364,-1.174415,0.440642,0.000000,0.000000,0.000000,1.000000,position_only
2026-03-07T15:40:58.119885+00:00,1772898058119.884,0.677246,-1.170898,0.438965,-2.896484,5.085938,2.595703,19254,17389,17791,18706,0.450000,-0.550000,0.300000,0.000000,1772898058113.132,0.688618,-1.175988,0.440544,0.000000,0.000000,0.000000,1.000000,position_only
2026-03-07T15:40:58.129026+00:00,1772898058129.025,0.670410,-1.172852,0.438965,-2.947266,4.894531,2.562500,19085,17427,17713,18859,0.450000,-0.550000,0.300000,0.000000,1772898058122.089,0.682486,-1.177272,0.440387,0.000000,0.000000,0.000000,1.000000,position_only
2026-03-07T15:40:58.138274+00:00,1772898058138.273,0.662598,-1.174805,0.438721,-3.046875,4.718750,2.531250,19014,17421,17719,18893,0.450000,-0.550000,0.300000,0.000000,1772898058130.613,0.676584,-1.178761,0.440101,0.000000,0.000000,0.000000,1.000000,position_only
2026-03-07T15:40:58.149883+00:00,1772898058149.882,0.655762,-1.176758,0.438721,-3.158203,4.546875,2.496094,19031,17365,17845,18778,0.450000,-0.550000,0.300000,0.000000,1772898058147.588,0.664998,-1.181949,0.440129,0.000000,0.000000,0.000000,1.000000,position_only
2026-03-07T15:40:58.159068+00:00,1772898058159.067,0.647461,-1.178711,0.438477,-3.292969,4.421875,2.470703,18921,17421,17801,18823,0.450000,-0.550000,0.300000,0.000000,1772898058156.109,0.658897,-1.183437,0.440132,0.000000,0.000000,0.000000,1.000000,position_only
2026-03-07T15:40:58.171733+00:00,1772898058171.732,0.639648,-1.180664,0.438477,-3.419922,4.296875,2.443359,18893,17393,17680,18961,0.450000,-0.550000,0.300000,0.000000,1772898058164.702,0.652909,-1.184618,0.440028,0.000000,0.000000,0.000000,1.000000,position_only
2026-03-07T15:40:58.179657+00:00,1772898058179.656,0.631348,-1.181641,0.438477,-3.570312,4.144531,2.406250,18898,17329,17835,18827,0.450000,-0.550000,0.300000,0.000000,1772898058173.226,0.646765,-1.185880,0.439853,0.000000,0.000000,0.000000,1.000000,position_only
2026-03-07T15:40:58.188124+00:00,1772898058188.124,0.625488,-1.183594,0.438721,-3.703125,3.962891,2.378906,18992,17257,17649,18989,0.450000,-0.550000,0.300000,0.000000,1772898058181.712,0.640500,-1.187134,0.440031,0.000000,0.000000,0.000000,1.000000,position_only
2026-03-07T15:40:58.199474+00:00,1772898058199.473,0.616699,-1.185547,0.438721,-3.867188,3.794922,2.347656,18995,17180,17789,18860,0.450000,-0.550000,0.300000,0.000000,1772898058199.164,0.628636,-1.190232,0.440258,0.000000,0.000000,0.000000,1.000000,position_only
2026-03-07T15:40:58.208732+00:00,1772898058208.731,0.609375,-1.186523,0.438721,-4.003906,3.628906,2.320312,18953,17249,17720,18865,0.450000,-0.550000,0.300000,0.000000,1772898058207.643,0.622711,-1.191408,0.440164,0.000000,0.000000,0.000000,1.000000,position_only
2026-03-07T15:40:58.218987+00:00,1772898058218.986,0.601562,-1.188477,0.438721,-4.128906,3.449219,2.287109,19080,17073,17787,18826,0.450000,-0.550000,0.300000,0.000000,1772898058216.214,0.616301,-1.192317,0.440179,0.000000,0.000000,0.000000,1.000000,position_only
2026-03-07T15:40:58.230402+00:00,1772898058230.401,0.602539,-1.188477,0.438965,-4.121094,3.417969,2.287109,19046,17118,17668,18924,0.450000,-0.550000,0.300000,0.000000,1772898058224.701,0.610002,-1.193320,0.440460,0.000000,0.000000,0.000000,1.000000,position_only
2026-03-07T15:40:58.239483+00:00,1772898058239.482,0.585938,-1.191406,0.439209,-4.425781,3.005859,2.220703,19111,17085,17674,18852,0.450000,-0.550000,0.300000,0.000000,1772898058233.176,0.603710,-1.194213,0.440890,0.000000,0.000000,0.000000,1.000000,position_only
2026-03-07T15:40:58.250861+00:00,1772898058250.860,0.586914,-1.191406,0.439453,-4.414062,2.980469,2.218750,19180,16959,17869,18649,0.450000,-0.550000,0.300000,0.000000,1772898058250.326,0.591778,-1.196790,0.440801,0.000000,0.000000,0.000000,1.000000,position_only
2026-03-07T15:40:58.258548+00:00,1772898058258.547,0.579102,-1.192383,0.439453,-4.531250,2.810547,2.197266,19126,17026,17729,18734,0.450000,-0.550000,0.300000,0.000000,1772898058250.326,0.591778,-1.196790,0.440801,0.000000,0.000000,0.000000,1.000000,position_only
2026-03-07T15:40:58.269517+00:00,1772898058269.516,0.571777,-1.194336,0.439697,-4.640625,2.652344,2.177734,19116,16998,17806,18652,0.450000,-0.550000,0.300000,0.000000,1772898058267.367,0.579070,-1.198782,0.441128,0.000000,0.000000,0.000000,1.000000,position_only
2026-03-07T15:40:58.280460+00:00,1772898058280.459,0.563477,-1.195312,0.439941,-4.765625,2.486328,2.158203,18912,17144,17573,18905,0.450000,-0.550000,0.300000,0.000000,1772898058275.929,0.572925,-1.199525,0.441547,0.000000,0.000000,0.000000,1.000000,position_only
2026-03-07T15:40:58.291835+00:00,1772898058291.834,0.556641,-1.196289,0.440186,-4.871094,2.316406,2.130859,18994,17092,17596,18817,0.450000,-0.550000,0.300000,0.000000,1772898058284.454,0.566721,-1.200662,0.441751,0.000000,0.000000,0.000000,1.000000,position_only
2026-03-07T15:40:58.300494+00:00,1772898058300.493,0.548828,-1.197266,0.440674,-4.964844,2.128906,2.095703,18950,17087,17638,18772,0.450000,-0.550000,0.300000,0.000000,1772898058292.967,0.560624,-1.201352,0.441808,0.000000,0.000000,0.000000,1.000000,position_only
2026-03-07T15:40:58.309683+00:00,1772898058309.682,0.540039,-1.198242,0.440674,-5.066406,2.003906,2.068359,19031,17011,17642,18727,0.450000,-0.550000,0.300000,0.000000,1772898058301.608,0.554310,-1.202084,0.441963,0.000000,0.000000,0.000000,1.000000,position_only
2026-03-07T15:40:58.319880+00:00,1772898058319.880,0.533203,-1.199219,0.441162,-5.144531,1.806641,2.039062,19159,16952,17739,18513,0.450000,-0.550000,0.300000,0.000000,1772898058318.663,0.535375,-1.204033,0.443115,0.000000,0.000000,0.000000,1.000000,position_only
2026-03-07T15:40:58.329800+00:00,1772898058329.799,0.525391,-1.200195,0.441650,-5.191406,1.666992,2.017578,18967,17166,17410,18774,0.450000,-0.550000,0.300000,0.000000,1772898058327.182,0.529352,-1.204904,0.443228,0.000000,0.000000,0.000000,1.000000,position_only
2026-03-07T15:40:58.339001+00:00,1772898058339.000,0.516602,-1.200195,0.441895,-5.226562,1.546875,1.989258,19016,17109,17537,18597,0.450000,-0.550000,0.300000,0.000000,1772898058335.646,0.523080,-1.205304,0.443435,0.000000,0.000000,0.000000,1.000000,position_only
2026-03-07T15:40:58.351194+00:00,1772898058351.193,0.508301,-1.201172,0.442383,-5.250000,1.431641,1.964844,18961,17142,17586,18518,0.450000,-0.550000,0.300000,0.000000,1772898058344.154,0.516873,-1.205825,0.443756,0.000000,0.000000,0.000000,1.000000,position_only
2026-03-07T15:40:58.359104+00:00,1772898058359.103,0.500488,-1.201172,0.442871,-5.261719,1.328125,1.947266,19051,17039,17579,18500,0.450000,-0.550000,0.300000,0.000000,1772898058352.647,0.510483,-1.206430,0.444202,0.000000,0.000000,0.000000,1.000000,position_only
2026-03-07T15:40:58.369292+00:00,1772898058369.291,0.492676,-1.202148,0.443359,-5.269531,1.174805,1.921875,19088,17074,17607,18341,0.450000,-0.550000,0.300000,0.000000,1772898058361.131,0.503334,-1.205850,0.445043,0.000000,0.000000,0.000000,1.000000,position_only
2026-03-07T15:40:58.379480+00:00,1772898058379.479,0.485107,-1.202148,0.443848,-5.253906,1.061523,1.907227,19077,17048,17492,18444,0.450000,-0.550000,0.300000,0.000000,1772898058378.154,0.490350,-1.206372,0.445636,0.000000,0.000000,0.000000,1.000000,position_only
2026-03-07T15:40:58.389636+00:00,1772898058389.635,0.476318,-1.203125,0.444336,-5.242188,0.952637,1.888672,19038,17103,17592,18279,0.450000,-0.550000,0.300000,0.000000,1772898058386.643,0.490350,-1.206372,0.445636,0.000000,0.000000,0.000000,1.000000,position_only
2026-03-07T15:40:58.401649+00:00,1772898058401.648,0.468750,-1.203125,0.444824,-5.210938,0.867188,1.878906,19072,17098,17599,18201,0.450000,-0.550000,0.300000,0.000000,1772898058395.148,0.478324,-1.206914,0.446427,0.000000,0.000000,0.000000,1.000000,position_only
2026-03-07T15:40:58.409281+00:00,1772898058409.280,0.460205,-1.203125,0.445312,-5.167969,0.797852,1.869141,18960,17217,17503,18252,0.450000,-0.550000,0.300000,0.000000,1772898058403.586,0.472222,-1.207252,0.446754,0.000000,0.000000,0.000000,1.000000,position_only
2026-03-07T15:40:58.420215+00:00,1772898058420.214,0.453613,-1.203125,0.446045,-5.097656,0.700195,1.852539,19016,17187,17506,18214,0.450000,-0.550000,0.300000,0.000000,1772898058412.077,0.465895,-1.207461,0.447175,0.000000,0.000000,0.000000,1.000000,position_only
2026-03-07T15:40:58.429685+00:00,1772898058429.685,0.445801,-1.203125,0.446533,-5.035156,0.638184,1.839844,19033,17190,17498,18118,0.450000,-0.550000,0.300000,0.000000,1772898058429.005,0.453297,-1.207299,0.447922,0.000000,0.000000,0.000000,1.000000,position_only
2026-03-07T15:40:58.441181+00:00,1772898058441.180,0.437012,-1.203125,0.447021,-4.953125,0.564941,1.820312,18889,17301,17284,18308,0.450000,-0.550000,0.300000,0.000000,1772898058437.734,0.447067,-1.207323,0.448408,0.000000,0.000000,0.000000,1.000000,position_only
2026-03-07T15:40:58.448858+00:00,1772898058448.858,0.429443,-1.203125,0.447754,-4.871094,0.464355,1.794922,18985,17216,17303,18229,0.450000,-0.550000,0.300000,0.000000,1772898058446.222,0.440886,-1.207326,0.448767,0.000000,0.000000,0.000000,1.000000,position_only
2026-03-07T15:40:58.461689+00:00,1772898058461.688,0.421143,-1.202148,0.448242,-4.781250,0.342041,1.768555,19038,17155,17271,18264,0.450000,-0.550000,0.300000,0.000000,1772898058454.701,0.434772,-1.207217,0.449117,0.000000,0.000000,0.000000,1.000000,position_only
2026-03-07T15:40:58.470051+00:00,1772898058470.050,0.422119,-1.203125,0.448242,-4.769531,0.312500,1.763672,18957,17147,17242,18328,0.450000,-0.550000,0.300000,0.000000,1772898058463.199,0.428688,-1.207096,0.449486,0.000000,0.000000,0.000000,1.000000,position_only
2026-03-07T15:40:58.479942+00:00,1772898058479.941,0.414795,-1.203125,0.448975,-4.691406,0.166504,1.731445,19015,17065,17246,18293,0.450000,-0.550000,0.300000,0.000000,1772898058471.644,0.422615,-1.206772,0.449940,0.000000,0.000000,0.000000,1.000000,position_only
2026-03-07T15:40:58.489531+00:00,1772898058489.530,0.406494,-1.202148,0.449707,-4.636719,0.003925,1.694336,18957,17059,17230,18342,0.450000,-0.550000,0.300000,0.000000,1772898058488.731,0.410381,-1.206423,0.450756,0.000000,0.000000,0.000000,1.000000,position_only
2026-03-07T15:40:58.500249+00:00,1772898058500.248,0.399170,-1.202148,0.450195,-4.593750,-0.155396,1.662109,18951,17067,17187,18355,0.450000,-0.550000,0.300000,0.000000,1772898058497.206,0.404279,-1.206102,0.451137,0.000000,0.000000,0.000000,1.000000,position_only
2026-03-07T15:40:58.510127+00:00,1772898058510.127,0.391113,-1.201172,0.450684,-4.550781,-0.327637,1.629883,18912,17024,17293,18302,0.450000,-0.550000,0.300000,0.000000,1772898058505.722,0.398130,-1.205681,0.451581,0.000000,0.000000,0.000000,1.000000,position_only
2026-03-07T15:40:58.522352+00:00,1772898058522.352,0.384277,-1.200195,0.451172,-4.531250,-0.485840,1.599609,18895,17039,17247,18319,0.450000,-0.550000,0.300000,0.000000,1772898058514.200,0.392221,-1.205281,0.452037,0.000000,0.000000,0.000000,1.000000,position_only
2026-03-07T15:40:58.530002+00:00,1772898058530.002,0.376709,-1.200195,0.451904,-4.511719,-0.611816,1.574219,18796,17107,17298,18271,0.450000,-0.550000,0.300000,0.000000,1772898058523.206,0.386187,-1.204799,0.452583,0.000000,0.000000,0.000000,1.000000,position_only
2026-03-07T15:40:58.539500+00:00,1772898058539.499,0.369385,-1.199219,0.452393,-4.484375,-0.757324,1.539062,18726,17131,17338,18254,0.450000,-0.550000,0.300000,0.000000,1772898058531.644,0.380098,-1.204288,0.453032,0.000000,0.000000,0.000000,1.000000,position_only
2026-03-07T15:40:58.550228+00:00,1772898058550.227,0.362305,-1.199219,0.453125,-4.472656,-0.851562,1.513672,18760,17104,17321,18236,0.450000,-0.550000,0.300000,0.000000,1772898058548.641,0.368063,-1.203236,0.453910,0.000000,0.000000,0.000000,1.000000,position_only
2026-03-07T15:40:58.560694+00:00,1772898058560.693,0.354492,-1.198242,0.453613,-4.460938,-0.955566,1.487305,18723,17124,17319,18219,0.450000,-0.550000,0.300000,0.000000,1772898058557.118,0.362166,-1.202678,0.454198,0.000000,0.000000,0.000000,1.000000,position_only
2026-03-07T15:40:58.569398+00:00,1772898058569.397,0.347168,-1.197266,0.454102,-4.441406,-1.028320,1.469727,18591,17259,17056,18421,0.450000,-0.550000,0.300000,0.000000,1772898058565.867,0.356218,-1.201900,0.454759,0.000000,0.000000,0.000000,1.000000,position_only
2026-03-07T15:40:58.581487+00:00,1772898058581.487,0.339355,-1.196289,0.454834,-4.417969,-1.130859,1.431641,18691,17145,17245,18207,0.450000,-0.550000,0.300000,0.000000,1772898058574.493,0.350385,-1.201238,0.455251,0.000000,0.000000,0.000000,1.000000,position_only
2026-03-07T15:40:58.590160+00:00,1772898058590.160,0.333252,-1.195312,0.455322,-4.371094,-1.249023,1.397461,18761,17079,17238,18170,0.450000,-0.550000,0.300000,0.000000,1772898058582.946,0.344466,-1.200493,0.455663,0.000000,0.000000,0.000000,1.000000,position_only
2026-03-07T15:40:58.599807+00:00,1772898058599.806,0.325684,-1.194336,0.456055,-4.339844,-1.346680,1.375977,18705,17109,17211,18202,0.450000,-0.550000,0.300000,0.000000,1772898058591.432,0.338574,-1.199587,0.456191,0.000000,0.000000,0.000000,1.000000,position_only
2026-03-07T15:40:58.609637+00:00,1772898058609.636,0.319092,-1.193359,0.456543,-4.308594,-1.453125,1.348633,18808,16957,17331,18117,0.450000,-0.550000,0.300000,0.000000,1772898058608.370,0.326988,-1.197955,0.457088,0.000000,0.000000,0.000000,1.000000,position_only
2026-03-07T15:40:58.620546+00:00,1772898058620.545,0.312012,-1.191406,0.457031,-4.289062,-1.562500,1.328125,18677,17061,17118,18332,0.450000,-0.550000,0.300000,0.000000,1772898058616.960,0.321193,-1.197001,0.457552,0.000000,0.000000,0.000000,1.000000,position_only
2026-03-07T15:40:58.632595+00:00,1772898058632.594,0.304443,-1.190430,0.457764,-4.277344,-1.708984,1.297852,18719,17039,17179,18231,0.450000,-0.550000,0.300000,0.000000,1772898058625.474,0.315469,-1.196215,0.458032,0.000000,0.000000,0.000000,1.000000,position_only
2026-03-07T15:40:58.639379+00:00,1772898058639.378,0.298584,-1.189453,0.458252,-4.234375,-1.863281,1.262695,18753,17026,17108,18268,0.450000,-0.550000,0.300000,0.000000,1772898058633.977,0.309811,-1.195106,0.458445,0.000000,0.000000,0.000000,1.000000,position_only
2026-03-07T15:40:58.649789+00:00,1772898058649.789,0.290527,-1.187500,0.458740,-4.222656,-1.992188,1.238281,18758,16991,17158,18236,0.450000,-0.550000,0.300000,0.000000,1772898058642.510,0.304076,-1.194152,0.458885,0.000000,0.000000,0.000000,1.000000,position_only
2026-03-07T15:40:58.660523+00:00,1772898058660.522,0.284668,-1.186523,0.459229,-4.175781,-2.146484,1.208008,18829,16943,17201,18133,0.450000,-0.550000,0.300000,0.000000,1772898058659.756,0.292748,-1.191834,0.459862,0.000000,0.000000,0.000000,1.000000,position_only
2026-03-07T15:40:58.670795+00:00,1772898058670.794,0.277344,-1.185547,0.459961,-4.125000,-2.279297,1.179688,18765,17030,17181,18113,0.450000,-0.550000,0.300000,0.000000,1772898058668.473,0.287236,-1.190854,0.460273,0.000000,0.000000,0.000000,1.000000,position_only
2026-03-07T15:40:58.680174+00:00,1772898058680.173,0.270752,-1.183594,0.460449,-4.078125,-2.390625,1.157227,18714,17009,17179,18167,0.450000,-0.550000,0.300000,0.000000,1772898058676.931,0.281739,-1.189688,0.460665,0.000000,0.000000,0.000000,1.000000,position_only
2026-03-07T15:40:58.692263+00:00,1772898058692.263,0.263916,-1.181641,0.460938,-4.027344,-2.509766,1.135742,18776,17018,17205,18034,0.450000,-0.550000,0.300000,0.000000,1772898058685.517,0.270764,-1.187329,0.461447,0.000000,0.000000,0.000000,1.000000,position_only
2026-03-07T15:40:58.701505+00:00,1772898058701.505,0.264404,-1.182617,0.460938,-4.015625,-2.525391,1.128906,18819,17007,17243,17960,0.450000,-0.550000,0.300000,0.000000,1772898058694.058,0.270764,-1.187329,0.461447,0.000000,0.000000,0.000000,1.000000,position_only
2026-03-07T15:40:58.710684+00:00,1772898058710.684,0.251465,-1.178711,0.462158,-3.890625,-2.705078,1.093750,18686,17135,16993,18167,0.450000,-0.550000,0.300000,0.000000,1772898058702.623,0.259597,-1.184335,0.462572,0.000000,0.000000,0.000000,1.000000,position_only
2026-03-07T15:40:58.720644+00:00,1772898058720.644,0.251709,-1.179688,0.462158,-3.882812,-2.708984,1.089844,18788,17078,17054,18054,0.450000,-0.550000,0.300000,0.000000,1772898058719.786,0.248969,-1.181680,0.463251,0.000000,0.000000,0.000000,1.000000,position_only
2026-03-07T15:40:58.729830+00:00,1772898058729.830,0.244385,-1.177734,0.462646,-3.804688,-2.824219,1.059570,18815,17099,17037,18001,0.450000,-0.550000,0.300000,0.000000,1772898058728.289,0.243624,-1.180307,0.463709,0.000000,0.000000,0.000000,1.000000,position_only
2026-03-07T15:40:58.740730+00:00,1772898058740.730,0.237427,-1.175781,0.463379,-3.708984,-2.931641,1.037109,18745,17141,16915,18135,0.450000,-0.550000,0.300000,0.000000,1772898058736.818,0.238335,-1.178871,0.464069,0.000000,0.000000,0.000000,1.000000,position_only
2026-03-07T15:40:58.751486+00:00,1772898058751.486,0.231201,-1.173828,0.463867,-3.613281,-3.048828,1.014648,18752,17090,16944,18128,0.450000,-0.550000,0.300000,0.000000,1772898058745.294,0.233176,-1.177380,0.464439,0.000000,0.000000,0.000000,1.000000,position_only
2026-03-07T15:40:58.759981+00:00,1772898058759.981,0.224731,-1.171875,0.464355,-3.523438,-3.166016,0.990723,18710,17140,16826,18186,0.450000,-0.550000,0.300000,0.000000,1772898058753.817,0.228136,-1.175876,0.464766,0.000000,0.000000,0.000000,1.000000,position_only
2026-03-07T15:40:58.771133+00:00,1772898058771.132,0.218018,-1.169922,0.464844,-3.425781,-3.337891,0.946289,18715,17125,16921,18086,0.450000,-0.550000,0.300000,0.000000,1772898058770.944,0.217929,-1.172764,0.465689,0.000000,0.000000,0.000000,1.000000,position_only
2026-03-07T15:40:58.781139+00:00,1772898058781.138,0.212036,-1.167969,0.465332,-3.335938,-3.480469,0.915039,18769,17129,16864,18064,0.450000,-0.550000,0.300000,0.000000,1772898058779.481,0.212769,-1.171323,0.465941,0.000000,0.000000,0.000000,1.000000,position_only
2026-03-07T15:40:58.791026+00:00,1772898058791.026,0.205444,-1.166016,0.465820,-3.230469,-3.628906,0.880371,18769,17138,16876,18033,0.450000,-0.550000,0.300000,0.000000,1772898058787.944,0.207912,-1.169803,0.466177,0.000000,0.000000,0.000000,1.000000,position_only
2026-03-07T15:40:58.800248+00:00,1772898058800.248,0.199707,-1.164062,0.466309,-3.117188,-3.757812,0.854004,18717,17234,16857,17988,0.450000,-0.550000,0.300000,0.000000,1772898058796.423,0.203211,-1.168191,0.466619,0.000000,0.000000,0.000000,1.000000,position_only
2026-03-07T15:40:58.812387+00:00,1772898058812.386,0.193115,-1.161133,0.466797,-2.998047,-3.859375,0.825195,18542,17379,16728,18134,0.450000,-0.550000,0.300000,0.000000,1772898058804.943,0.198371,-1.166539,0.467007,0.000000,0.000000,0.000000,1.000000,position_only
2026-03-07T15:40:58.820816+00:00,1772898058820.815,0.187744,-1.159180,0.467285,-2.876953,-3.962891,0.784180,18665,17231,16903,17981,0.450000,-0.550000,0.300000,0.000000,1772898058813.650,0.193422,-1.164852,0.467314,0.000000,0.000000,0.000000,1.000000,position_only
2026-03-07T15:40:58.830727+00:00,1772898058830.727,0.181519,-1.157227,0.467773,-2.761719,-4.066406,0.750977,18618,17270,16823,18054,0.450000,-0.550000,0.300000,0.000000,1772898058830.663,0.183788,-1.161212,0.468105,0.000000,0.000000,0.000000,1.000000,position_only
2026-03-07T15:40:58.840547+00:00,1772898058840.547,0.176147,-1.155273,0.468262,-2.671875,-4.164062,0.718750,18584,17276,16843,18067,0.450000,-0.550000,0.300000,0.000000,1772898058839.168,0.179048,-1.159552,0.468370,0.000000,0.000000,0.000000,1.000000,position_only
2026-03-07T15:40:58.850976+00:00,1772898058850.976,0.170532,-1.153320,0.468506,-2.589844,-4.242188,0.692871,18618,17245,16780,18117,0.450000,-0.550000,0.300000,0.000000,1772898058847.643,0.174424,-1.157830,0.468589,0.000000,0.000000,0.000000,1.000000,position_only
2026-03-07T15:40:58.861631+00:00,1772898058861.631,0.164429,-1.150391,0.468994,-2.511719,-4.351562,0.660156,18506,17276,16831,18152,0.450000,-0.550000,0.300000,0.000000,1772898058856.155,0.170004,-1.156056,0.468923,0.000000,0.000000,0.000000,1.000000,position_only
2026-03-07T15:40:58.872083+00:00,1772898058872.082,0.159058,-1.148438,0.469238,-2.458984,-4.441406,0.629883,18620,17200,16948,18001,0.450000,-0.550000,0.300000,0.000000,1772898058864.708,0.165420,-1.154248,0.469272,0.000000,0.000000,0.000000,1.000000,position_only
2026-03-07T15:40:58.879808+00:00,1772898058879.807,0.153931,-1.146484,0.469727,-2.386719,-4.554688,0.599609,18597,17206,16877,18089,0.450000,-0.550000,0.300000,0.000000,1772898058873.273,0.161024,-1.152439,0.469461,0.000000,0.000000,0.000000,1.000000,position_only
2026-03-07T15:40:58.891298+00:00,1772898058891.298,0.148560,-1.143555,0.469971,-2.339844,-4.644531,0.578613,18530,17262,16986,17999,0.450000,-0.550000,0.300000,0.000000,1772898058890.291,0.152324,-1.148804,0.469989,0.000000,0.000000,0.000000,1.000000,position_only
2026-03-07T15:40:58.901386+00:00,1772898058901.385,0.142822,-1.141602,0.470459,-2.281250,-4.710938,0.556641,18504,17340,16814,18108,0.450000,-0.550000,0.300000,0.000000,1772898058898.755,0.148063,-1.146817,0.470289,0.000000,0.000000,0.000000,1.000000,position_only
2026-03-07T15:40:58.911081+00:00,1772898058911.080,0.137939,-1.138672,0.470703,-2.220703,-4.781250,0.531738,18591,17246,16979,17954,0.450000,-0.550000,0.300000,0.000000,1772898058907.229,0.143715,-1.145019,0.470423,0.000000,0.000000,0.000000,1.000000,position_only
2026-03-07T15:40:58.922054+00:00,1772898058922.053,0.132568,-1.136719,0.470947,-2.150391,-4.847656,0.512207,18588,17296,16838,18040,0.450000,-0.550000,0.300000,0.000000,1772898058915.720,0.139513,-1.143124,0.470635,0.000000,0.000000,0.000000,1.000000,position_only
2026-03-07T15:40:58.931381+00:00,1772898058931.380,0.128174,-1.134766,0.471191,-2.074219,-4.933594,0.481201,18587,17317,16849,18021,0.450000,-0.550000,0.300000,0.000000,1772898058924.231,0.135427,-1.141134,0.470922,0.000000,0.000000,0.000000,1.000000,position_only
2026-03-07T15:40:58.940668+00:00,1772898058940.667,0.123352,-1.131836,0.471436,-2.009766,-5.007812,0.459473,18621,17271,16865,18020,0.450000,-0.550000,0.300000,0.000000,1772898058932.701,0.131430,-1.139285,0.471045,0.000000,0.000000,0.000000,1.000000,position_only
2026-03-07T15:40:58.950306+00:00,1772898058950.305,0.123657,-1.131836,0.471436,-1.999023,-5.015625,0.454346,18580,17309,16828,18063,0.450000,-0.550000,0.300000,0.000000,1772898058949.774,0.123450,-1.135436,0.471326,0.000000,0.000000,0.000000,1.000000,position_only
2026-03-07T15:40:58.961657+00:00,1772898058961.656,0.118591,-1.129883,0.471680,-1.942383,-5.113281,0.433594,18626,17299,16861,18011,0.450000,-0.550000,0.300000,0.000000,1772898058958.274,0.119522,-1.133457,0.471525,0.000000,0.000000,0.000000,1.000000,position_only
2026-03-07T15:40:58.971779+00:00,1772898058971.777,0.114197,-1.126953,0.471924,-1.872070,-5.199219,0.406494,18620,17370,16861,17953,0.450000,-0.550000,0.300000,0.000000,1772898058966.994,0.115629,-1.131461,0.471725,0.000000,0.000000,0.000000,1.000000,position_only
2026-03-07T15:40:58.983112+00:00,1772898058983.111,0.109497,-1.125000,0.471924,-1.714844,-5.339844,0.359375,18516,17464,16692,18149,0.450000,-0.550000,0.300000,0.000000,1772898058975.512,0.111824,-1.129489,0.471884,0.000000,0.000000,0.000000,1.000000,position_only
2026-03-07T15:40:58.992335+00:00,1772898058992.334,0.105103,-1.122070,0.472168,-1.714844,-5.339844,0.359375,18641,17374,16882,17926,0.450000,-0.550000,0.300000,0.000000,1772898058984.107,0.108203,-1.127491,0.472022,0.000000,0.000000,0.000000,1.000000,position_only
2026-03-07T15:40:59.000400+00:00,1772898059000.399,0.100403,-1.119141,0.472412,-1.639648,-5.421875,0.331299,18636,17378,16820,18005,0.450000,-0.550000,0.300000,0.000000,1772898058992.702,0.104573,-1.125600,0.472103,0.000000,0.000000,0.000000,1.000000,position_only
2026-03-07T15:40:59.011181+00:00,1772898059011.180,0.096680,-1.117188,0.472412,-1.550781,-5.503906,0.303711,18656,17327,16893,17984,0.450000,-0.550000,0.300000,0.000000,1772898059010.133,0.097428,-1.121491,0.472254,0.000000,0.000000,0.000000,1.000000,position_only
2026-03-07T15:40:59.021488+00:00,1772898059021.488,0.092407,-1.115234,0.472656,-1.474609,-5.582031,0.280518,18672,17333,16951,17914,0.450000,-0.550000,0.300000,0.000000,1772898059018.943,0.090573,-1.117360,0.472440,0.000000,0.000000,0.000000,1.000000,position_only
2026-03-07T15:40:59.030706+00:00,1772898059030.706,0.088440,-1.112305,0.472656,-1.414062,-5.625000,0.265869,18570,17446,16812,18059,0.450000,-0.550000,0.300000,0.000000,1772898059027.456,0.087154,-1.115344,0.472499,0.000000,0.000000,0.000000,1.000000,position_only
2026-03-07T15:40:59.042014+00:00,1772898059042.014,0.084290,-1.109375,0.472900,-1.353516,-5.671875,0.249023,18624,17435,16857,17978,0.450000,-0.550000,0.300000,0.000000,1772898059035.958,0.083929,-1.113326,0.472561,0.000000,0.000000,0.000000,1.000000,position_only
2026-03-07T15:40:59.051983+00:00,1772898059051.982,0.079956,-1.106445,0.472900,-1.287109,-5.718750,0.231567,18726,17299,17002,17885,0.450000,-0.550000,0.300000,0.000000,1772898059044.440,0.080691,-1.111183,0.472680,0.000000,0.000000,0.000000,1.000000,position_only
2026-03-07T15:40:59.060281+00:00,1772898059060.281,0.075562,-1.104492,0.472900,-1.210938,-5.781250,0.214844,18655,17462,16840,17962,0.450000,-0.550000,0.300000,0.000000,1772898059052.883,0.077564,-1.109278,0.472592,0.000000,0.000000,0.000000,1.000000,position_only
2026-03-07T15:40:59.070724+00:00,1772898059070.724,0.071045,-1.100586,0.472900,-1.137695,-5.843750,0.196655,18653,17393,16889,18008,0.450000,-0.550000,0.300000,0.000000,1772898059070.036,0.071570,-1.105086,0.472695,0.000000,0.000000,0.000000,1.000000,position_only
2026-03-07T15:40:59.080076+00:00,1772898059080.075,0.067139,-1.097656,0.472900,-1.088867,-5.917969,0.176270,18616,17452,16894,17985,0.450000,-0.550000,0.300000,0.000000,1772898059078.529,0.071570,-1.105086,0.472695,0.000000,0.000000,0.000000,1.000000,position_only
2026-03-07T15:40:59.093386+00:00,1772898059093.386,0.063965,-1.095703,0.472900,-1.026367,-5.964844,0.161499,18616,17471,16824,18077,0.450000,-0.550000,0.300000,0.000000,1772898059087.036,0.065543,-1.101013,0.472577,0.000000,0.000000,0.000000,1.000000,position_only
2026-03-07T15:40:59.101965+00:00,1772898059101.964,0.064026,-1.095703,0.472900,-1.009766,-5.964844,0.154663,18644,17419,16924,18006,0.450000,-0.550000,0.300000,0.000000,1772898059095.533,0.062837,-1.098845,0.472601,0.000000,0.000000,0.000000,1.000000,position_only
2026-03-07T15:40:59.113397+00:00,1772898059113.396,0.060303,-1.092773,0.472900,-0.964844,-6.027344,0.134277,18740,17338,17058,17880,0.450000,-0.550000,0.300000,0.000000,1772898059112.699,0.057490,-1.094781,0.472419,0.000000,0.000000,0.000000,1.000000,position_only
2026-03-07T15:40:59.121184+00:00,1772898059121.183,0.057068,-1.090820,0.472900,-0.933105,-6.074219,0.131226,18587,17483,16903,18076,0.450000,-0.550000,0.300000,0.000000,1772898059112.699,0.057490,-1.094781,0.472419,0.000000,0.000000,0.000000,1.000000,position_only
2026-03-07T15:40:59.133325+00:00,1772898059133.325,0.053986,-1.087891,0.472656,-0.906250,-6.117188,0.118530,18576,17543,16988,17961,0.450000,-0.550000,0.300000,0.000000,1772898059129.701,0.052186,-1.090546,0.472359,0.000000,0.000000,0.000000,1.000000,position_only
2026-03-07T15:40:59.141058+00:00,1772898059141.058,0.050720,-1.084961,0.472656,-0.871094,-6.128906,0.108582,18490,17576,16901,18134,0.450000,-0.550000,0.300000,0.000000,1772898059138.178,0.049654,-1.088453,0.472270,0.000000,0.000000,0.000000,1.000000,position_only
2026-03-07T15:40:59.152500+00:00,1772898059152.499,0.047943,-1.083008,0.472656,-0.849609,-6.152344,0.092407,18507,17522,16990,18108,0.450000,-0.550000,0.300000,0.000000,1772898059146.661,0.047268,-1.086351,0.472202,0.000000,0.000000,0.000000,1.000000,position_only
2026-03-07T15:40:59.161635+00:00,1772898059161.635,0.044800,-1.080078,0.472412,-0.854004,-6.187500,0.068359,18467,17582,16977,18113,0.450000,-0.550000,0.300000,0.000000,1772898059155.148,0.044907,-1.084293,0.472144,0.000000,0.000000,0.000000,1.000000,position_only
2026-03-07T15:40:59.171926+00:00,1772898059171.925,0.041901,-1.077148,0.472168,-0.846191,-6.195312,0.044739,18582,17429,17222,17927,0.450000,-0.550000,0.300000,0.000000,1772898059163.647,0.042717,-1.082211,0.472079,0.000000,0.000000,0.000000,1.000000,position_only
2026-03-07T15:40:59.180751+00:00,1772898059180.751,0.039368,-1.075195,0.472168,-0.855469,-6.187500,0.042084,18414,17657,17060,18045,0.450000,-0.550000,0.300000,0.000000,1772898059172.149,0.040463,-1.080126,0.471909,0.000000,0.000000,0.000000,1.000000,position_only
2026-03-07T15:40:59.190362+00:00,1772898059190.361,0.036774,-1.072266,0.471924,-0.859375,-6.160156,0.030991,18408,17638,17077,18090,0.450000,-0.550000,0.300000,0.000000,1772898059189.316,0.036172,-1.075921,0.471743,0.000000,0.000000,0.000000,1.000000,position_only
2026-03-07T15:40:59.201821+00:00,1772898059201.820,0.034363,-1.069336,0.471680,-0.873535,-6.136719,0.018829,18516,17577,17172,17976,0.450000,-0.550000,0.300000,0.000000,1772898059197.846,0.034027,-1.073764,0.471570,0.000000,0.000000,0.000000,1.000000,position_only
2026-03-07T15:40:59.211767+00:00,1772898059211.767,0.032074,-1.067383,0.471680,-0.876465,-6.109375,0.012199,18489,17645,17142,17999,0.450000,-0.550000,0.300000,0.000000,1772898059206.372,0.032140,-1.071698,0.471445,0.000000,0.000000,0.000000,1.000000,position_only
2026-03-07T15:40:59.220248+00:00,1772898059220.248,0.029755,-1.064453,0.471436,-0.854492,-6.066406,0.004093,18647,17514,17306,17864,0.450000,-0.550000,0.300000,0.000000,1772898059214.889,0.030288,-1.069634,0.471209,0.000000,0.000000,0.000000,1.000000,position_only
2026-03-07T15:40:59.231544+00:00,1772898059231.543,0.027405,-1.061523,0.471191,-0.831543,-6.023438,0.003555,18502,17708,17114,17998,0.450000,-0.550000,0.300000,0.000000,1772898059223.382,0.028495,-1.067509,0.471086,0.000000,0.000000,0.000000,1.000000,position_only
2026-03-07T15:40:59.241761+00:00,1772898059241.761,0.025070,-1.058594,0.470703,-0.813477,-5.984375,-0.007347,18673,17548,17239,17938,0.450000,-0.550000,0.300000,0.000000,1772898059240.286,0.025044,-1.063440,0.470665,0.000000,0.000000,0.000000,1.000000,position_only
2026-03-07T15:40:59.251834+00:00,1772898059251.834,0.025070,-1.058594,0.470703,-0.803223,-5.984375,-0.010887,18472,17756,17022,18143,0.450000,-0.550000,0.300000,0.000000,1772898059248.759,0.023403,-1.061265,0.470585,0.000000,0.000000,0.000000,1.000000,position_only
2026-03-07T15:40:59.262480+00:00,1772898059262.480,0.023117,-1.055664,0.470459,-0.783203,-5.972656,-0.018768,18470,17737,17074,18141,0.450000,-0.550000,0.300000,0.000000,1772898059257.258,0.021797,-1.059196,0.470397,0.000000,0.000000,0.000000,1.000000,position_only
2026-03-07T15:40:59.273359+00:00,1772898059273.358,0.021378,-1.053711,0.470215,-0.778320,-5.972656,-0.040710,18630,17619,17192,18006,0.450000,-0.550000,0.300000,0.000000,1772898059265.984,0.020200,-1.057026,0.470152,0.000000,0.000000,0.000000,1.000000,position_only
2026-03-07T15:40:59.282285+00:00,1772898059282.284,0.019577,-1.050781,0.469971,-0.776855,-5.964844,-0.050201,18716,17566,17186,18001,0.450000,-0.550000,0.300000,0.000000,1772898059274.492,0.018792,-1.054842,0.469969,0.000000,0.000000,0.000000,1.000000,position_only
2026-03-07T15:40:59.291080+00:00,1772898059291.080,0.018051,-1.048828,0.469727,-0.769531,-5.992188,-0.060486,18702,17565,17337,17882,0.450000,-0.550000,0.300000,0.000000,1772898059283.072,0.017481,-1.052750,0.469730,0.000000,0.000000,0.000000,1.000000,position_only
2026-03-07T15:40:59.301126+00:00,1772898059301.125,0.016525,-1.045898,0.469238,-0.749512,-5.972656,-0.053345,18674,17591,17366,17880,0.450000,-0.550000,0.300000,0.000000,1772898059300.074,0.014928,-1.048583,0.469257,0.000000,0.000000,0.000000,1.000000,position_only
2026-03-07T15:40:59.311756+00:00,1772898059311.756,0.015236,-1.042969,0.468994,-0.747070,-5.957031,-0.055603,18509,17767,17220,18041,0.450000,-0.550000,0.300000,0.000000,1772898059308.816,0.013649,-1.046385,0.469034,0.000000,0.000000,0.000000,1.000000,position_only
2026-03-07T15:40:59.321705+00:00,1772898059321.705,0.013847,-1.040039,0.468750,-0.746582,-5.898438,-0.054596,18450,17802,17211,18102,0.450000,-0.550000,0.300000,0.000000,1772898059317.429,0.012595,-1.044327,0.468747,0.000000,0.000000,0.000000,1.000000,position_only
2026-03-07T15:40:59.330763+00:00,1772898059330.762,0.012703,-1.038086,0.468506,-0.759766,-5.863281,-0.066284,18485,17732,17319,18056,0.450000,-0.550000,0.300000,0.000000,1772898059325.894,0.011554,-1.042215,0.468423,0.000000,0.000000,0.000000,1.000000,position_only
2026-03-07T15:40:59.342061+00:00,1772898059342.061,0.011559,-1.035156,0.468018,-0.779785,-5.808594,-0.072449,18443,17812,17415,17942,0.450000,-0.550000,0.300000,0.000000,1772898059334.439,0.010515,-1.039997,0.468181,0.000000,0.000000,0.000000,1.000000,position_only
2026-03-07T15:40:59.353157+00:00,1772898059353.157,0.010551,-1.033203,0.467773,-0.784180,-5.718750,-0.076355,18431,17853,17324,18028,0.450000,-0.550000,0.300000,0.000000,1772898059351.519,0.008597,-1.035718,0.467700,0.000000,0.000000,0.000000,1.000000,position_only
2026-03-07T15:40:59.361933+00:00,1772898059361.933,0.009651,-1.030273,0.467285,-0.806641,-5.640625,-0.075928,18468,17792,17427,17974,0.450000,-0.550000,0.300000,0.000000,1772898059360.689,0.007075,-1.031527,0.467147,0.000000,0.000000,0.000000,1.000000,position_only
2026-03-07T15:40:59.370790+00:00,1772898059370.789,0.008728,-1.027344,0.467041,-0.831543,-5.542969,-0.073914,18414,17856,17412,18002,0.450000,-0.550000,0.300000,0.000000,1772898059369.216,0.006370,-1.029327,0.466894,0.000000,0.000000,0.000000,1.000000,position_only
2026-03-07T15:40:59.382298+00:00,1772898059382.297,0.007927,-1.024414,0.466553,-0.859863,-5.445312,-0.069641,18522,17775,17587,17837,0.450000,-0.550000,0.300000,0.000000,1772898059377.703,0.005724,-1.027212,0.466666,0.000000,0.000000,0.000000,1.000000,position_only
2026-03-07T15:40:59.392433+00:00,1772898059392.432,0.007282,-1.021484,0.466309,-0.861816,-5.335938,-0.060822,18307,18010,17333,18095,0.450000,-0.550000,0.300000,0.000000,1772898059386.343,0.005006,-1.025032,0.466342,0.000000,0.000000,0.000000,1.000000,position_only
2026-03-07T15:40:59.400982+00:00,1772898059400.982,0.006676,-1.018555,0.465820,-0.869141,-5.234375,-0.068787,18387,17929,17412,18062,0.450000,-0.550000,0.300000,0.000000,1772898059395.040,0.004487,-1.022933,0.465999,0.000000,0.000000,0.000000,1.000000,position_only
2026-03-07T15:40:59.412783+00:00,1772898059412.782,0.006516,-1.019531,0.465820,-0.859863,-5.226562,-0.071777,18581,17824,17534,17849,0.450000,-0.550000,0.300000,0.000000,1772898059412.185,0.003478,-1.018450,0.465487,0.000000,0.000000,0.000000,1.000000,position_only
2026-03-07T15:40:59.422088+00:00,1772898059422.088,0.005638,-1.013672,0.465088,-0.862793,-5.066406,-0.069885,18438,17922,17540,17927,0.450000,-0.550000,0.300000,0.000000,1772898059420.727,0.003071,-1.016337,0.465235,0.000000,0.000000,0.000000,1.000000,position_only
2026-03-07T15:40:59.432032+00:00,1772898059432.031,0.005310,-1.010742,0.464600,-0.868164,-4.976562,-0.060303,18542,17812,17532,17962,0.450000,-0.550000,0.300000,0.000000,1772898059429.255,0.002682,-1.014140,0.464879,0.000000,0.000000,0.000000,1.000000,position_only
2026-03-07T15:40:59.443977+00:00,1772898059443.976,0.005119,-1.011719,0.464600,-0.861816,-4.968750,-0.062622,18427,17975,17404,18035,0.450000,-0.550000,0.300000,0.000000,1772898059437.772,0.002436,-1.012072,0.464585,0.000000,0.000000,0.000000,1.000000,position_only
2026-03-07T15:40:59.453165+00:00,1772898059453.164,0.004871,-1.005859,0.463867,-0.870605,-4.843750,-0.061646,18674,17734,17713,17761,0.450000,-0.550000,0.300000,0.000000,1772898059446.280,0.002048,-1.009825,0.464299,0.000000,0.000000,0.000000,1.000000,position_only
2026-03-07T15:40:59.461426+00:00,1772898059461.425,0.004555,-1.002930,0.463379,-0.850586,-4.777344,-0.052246,18538,17894,17385,18075,0.450000,-0.550000,0.300000,0.000000,1772898059454.762,0.001955,-1.007705,0.463959,0.000000,0.000000,0.000000,1.000000,position_only
2026-03-07T15:40:59.471537+00:00,1772898059471.536,0.004368,-1.002930,0.463623,-0.845703,-4.773438,-0.054077,18609,17763,17552,17966,0.450000,-0.550000,0.300000,0.000000,1772898059463.587,0.001865,-1.005582,0.463648,0.000000,0.000000,0.000000,1.000000,position_only
2026-03-07T15:40:59.480675+00:00,1772898059480.674,0.004337,-1.000000,0.463135,-0.844238,-4.750000,-0.057556,18646,17808,17571,17887,0.450000,-0.550000,0.300000,0.000000,1772898059472.280,0.001658,-1.003310,0.463349,0.000000,0.000000,0.000000,1.000000,position_only
2026-03-07T15:40:59.492535+00:00,1772898059492.535,0.004364,-0.998047,0.462646,-0.844238,-4.722656,-0.051422,18615,17770,17606,17931,0.450000,-0.550000,0.300000,0.000000,1772898059489.350,0.001630,-0.998953,0.462723,0.000000,0.000000,0.000000,1.000000,position_only
2026-03-07T15:40:59.501844+00:00,1772898059501.844,0.004482,-0.995117,0.462402,-0.844238,-4.683594,-0.047760,18510,17812,17707,17898,0.450000,-0.550000,0.300000,0.000000,1772898059498.118,0.001566,-0.996707,0.462466,0.000000,0.000000,0.000000,1.000000,position_only
2026-03-07T15:40:59.513290+00:00,1772898059513.290,0.004627,-0.992676,0.461914,-0.862305,-4.625000,-0.040771,18404,17980,17530,18030,0.450000,-0.550000,0.300000,0.000000,1772898059506.588,0.001556,-0.994395,0.462102,0.000000,0.000000,0.000000,1.000000,position_only
2026-03-07T15:40:59.520643+00:00,1772898059520.642,0.004910,-0.989258,0.461426,-0.879883,-4.542969,-0.039185,18366,17999,17545,18059,0.450000,-0.550000,0.300000,0.000000,1772898059515.073,0.001726,-0.992188,0.461759,0.000000,0.000000,0.000000,1.000000,position_only
2026-03-07T15:40:59.532041+00:00,1772898059532.040,0.004971,-0.986816,0.461182,-0.884277,-4.464844,-0.044830,18333,18055,17540,18045,0.450000,-0.550000,0.300000,0.000000,1772898059523.613,0.001837,-0.989943,0.461537,0.000000,0.000000,0.000000,1.000000,position_only
2026-03-07T15:40:59.541962+00:00,1772898059541.961,0.005363,-0.984375,0.460693,-0.895508,-4.378906,-0.046783,18443,17932,17558,18052,0.450000,-0.550000,0.300000,0.000000,1772898059540.863,0.002237,-0.985399,0.460975,0.000000,0.000000,0.000000,1.000000,position_only
2026-03-07T15:40:59.550692+00:00,1772898059550.691,0.005749,-0.981445,0.460449,-0.899902,-4.324219,-0.051819,18542,17871,17734,17850,0.450000,-0.550000,0.300000,0.000000,1772898059549.429,0.002538,-0.983154,0.460672,0.000000,0.000000,0.000000,1.000000,position_only
2026-03-07T15:40:59.561544+00:00,1772898059561.543,0.006321,-0.978516,0.459961,-0.911621,-4.250000,-0.043121,18338,18063,17472,18124,0.450000,-0.550000,0.300000,0.000000,1772898059557.897,0.002808,-0.980946,0.460414,0.000000,0.000000,0.000000,1.000000,position_only
2026-03-07T15:40:59.574711+00:00,1772898059574.710,0.006866,-0.975586,0.459717,-0.916504,-4.191406,-0.049957,18522,17902,17646,17925,0.450000,-0.550000,0.300000,0.000000,1772898059566.411,0.003062,-0.978717,0.460102,0.000000,0.000000,0.000000,1.000000,position_only
2026-03-07T15:40:59.582688+00:00,1772898059582.687,0.007160,-0.973145,0.459473,-0.897461,-4.125000,-0.046356,18586,17867,17829,17714,0.450000,-0.550000,0.300000,0.000000,1772898059575.235,0.003455,-0.976489,0.459832,0.000000,0.000000,0.000000,1.000000,position_only
2026-03-07T15:40:59.591712+00:00,1772898059591.711,0.007851,-0.970703,0.458984,-0.877441,-4.035156,-0.033905,18546,17876,17690,17889,0.450000,-0.550000,0.300000,0.000000,1772898059583.733,0.003878,-0.974248,0.459570,0.000000,0.000000,0.000000,1.000000,position_only
2026-03-07T15:40:59.601723+00:00,1772898059601.722,0.008492,-0.967773,0.458740,-0.859375,-3.980469,-0.025482,18504,17932,17665,17907,0.450000,-0.550000,0.300000,0.000000,1772898059600.717,0.004792,-0.969733,0.459017,0.000000,0.000000,0.000000,1.000000,position_only
2026-03-07T15:40:59.613122+00:00,1772898059613.121,0.009361,-0.964844,0.458496,-0.845703,-3.927734,-0.018112,18607,17904,17737,17784,0.450000,-0.550000,0.300000,0.000000,1772898059609.221,0.005286,-0.967419,0.458749,0.000000,0.000000,0.000000,1.000000,position_only
2026-03-07T15:40:59.621820+00:00,1772898059621.819,0.010155,-0.961914,0.458008,-0.811035,-3.863281,-0.006725,18631,17903,17799,17704,0.450000,-0.550000,0.300000,0.000000,1772898059617.708,0.005795,-0.965133,0.458484,0.000000,0.000000,0.000000,1.000000,position_only
2026-03-07T15:40:59.634139+00:00,1772898059634.138,0.011093,-0.958984,0.457764,-0.770996,-3.789062,0.006317,18503,17998,17622,17913,0.450000,-0.550000,0.300000,0.000000,1772898059626.497,0.006396,-0.962884,0.458262,0.000000,0.000000,0.000000,1.000000,position_only
2026-03-07T15:40:59.641666+00:00,1772898059641.665,0.011581,-0.956543,0.457520,-0.725098,-3.728516,0.004620,18570,17965,17728,17769,0.450000,-0.550000,0.300000,0.000000,1772898059634.953,0.007006,-0.960585,0.457994,0.000000,0.000000,0.000000,1.000000,position_only
2026-03-07T15:40:59.652847+00:00,1772898059652.846,0.012672,-0.953613,0.457275,-0.680664,-3.646484,0.014389,18481,18057,17678,17824,0.450000,-0.550000,0.300000,0.000000,1772898059651.945,0.008410,-0.956074,0.457516,0.000000,0.000000,0.000000,1.000000,position_only
2026-03-07T15:40:59.662287+00:00,1772898059662.286,0.013657,-0.951172,0.456787,-0.637695,-3.578125,0.017532,18464,18046,17631,17891,0.450000,-0.550000,0.300000,0.000000,1772898059660.553,0.009836,-0.951508,0.457069,0.000000,0.000000,0.000000,1.000000,position_only
2026-03-07T15:40:59.671792+00:00,1772898059671.791,0.014725,-0.948242,0.456543,-0.604004,-3.507812,0.024445,18482,18032,17743,17773,0.450000,-0.550000,0.300000,0.000000,1772898059669.030,0.010630,-0.949170,0.456843,0.000000,0.000000,0.000000,1.000000,position_only
2026-03-07T15:40:59.684043+00:00,1772898059684.042,0.015961,-0.944824,0.456299,-0.558594,-3.423828,0.033081,18549,18016,17706,17766,0.450000,-0.550000,0.300000,0.000000,1772898059677.637,0.011471,-0.946935,0.456573,0.000000,0.000000,0.000000,1.000000,position_only
2026-03-07T15:40:59.692482+00:00,1772898059692.481,0.015625,-0.944824,0.456299,-0.553711,-3.414062,0.031952,18582,18048,17660,17746,0.450000,-0.550000,0.300000,0.000000,1772898059686.219,0.012270,-0.944617,0.456362,0.000000,0.000000,0.000000,1.000000,position_only
2026-03-07T15:40:59.701641+00:00,1772898059701.641,0.017120,-0.941406,0.456055,-0.499023,-3.361328,0.039246,18489,18088,17583,17864,0.450000,-0.550000,0.300000,0.000000,1772898059694.981,0.013141,-0.942307,0.456143,0.000000,0.000000,0.000000,1.000000,position_only
2026-03-07T15:40:59.712554+00:00,1772898059712.553,0.018158,-0.938477,0.455811,-0.437744,-3.308594,0.040894,18435,18156,17562,17859,0.450000,-0.550000,0.300000,0.000000,1772898059712.329,0.014884,-0.937721,0.455816,0.000000,0.000000,0.000000,1.000000,position_only
2026-03-07T15:40:59.721289+00:00,1772898059721.288,0.019348,-0.935547,0.455566,-0.381104,-3.261719,0.034241,18495,18101,17634,17781,0.450000,-0.550000,0.300000,0.000000,1772898059721.041,0.015874,-0.935424,0.455577,0.000000,0.000000,0.000000,1.000000,position_only
2026-03-07T15:40:59.732790+00:00,1772898059732.790,0.020554,-0.933105,0.455322,-0.328613,-3.212891,0.032806,18400,18154,17524,17920,0.450000,-0.550000,0.300000,0.000000,1772898059729.529,0.016780,-0.933172,0.455388,0.000000,0.000000,0.000000,1.000000,position_only
2026-03-07T15:40:59.742581+00:00,1772898059742.580,0.022064,-0.929688,0.455078,-0.279541,-3.173828,0.029358,18454,18108,17558,17869,0.450000,-0.550000,0.300000,0.000000,1772898059738.036,0.017732,-0.930849,0.455238,0.000000,0.000000,0.000000,1.000000,position_only
2026-03-07T15:40:59.754118+00:00,1772898059754.117,0.023407,-0.926758,0.454834,-0.232178,-3.136719,0.026794,18615,17979,17740,17670,0.450000,-0.550000,0.300000,0.000000,1772898059746.530,0.018792,-0.928577,0.455062,0.000000,0.000000,0.000000,1.000000,position_only
2026-03-07T15:40:59.761053+00:00,1772898059761.052,0.024948,-0.923828,0.454590,-0.165283,-3.097656,0.034027,18654,17881,17705,17768,0.450000,-0.550000,0.300000,0.000000,1772898059755.137,0.019794,-0.926259,0.454944,0.000000,0.000000,0.000000,1.000000,position_only
2026-03-07T15:40:59.773155+00:00,1772898059773.154,0.025909,-0.921387,0.454590,-0.110474,-3.074219,0.040497,18548,18029,17672,17751,0.450000,-0.550000,0.300000,0.000000,1772898059772.335,0.022008,-0.921664,0.454641,0.000000,0.000000,0.000000,1.000000,position_only
2026-03-07T15:40:59.781248+00:00,1772898059781.247,0.027435,-0.917969,0.454346,-0.053284,-3.031250,0.050049,18438,18085,17569,17913,0.450000,-0.550000,0.300000,0.000000,1772898059780.818,0.023075,-0.919393,0.454496,0.000000,0.000000,0.000000,1.000000,position_only
2026-03-07T15:40:59.793110+00:00,1772898059793.109,0.028931,-0.915527,0.454102,-0.019119,-3.007812,0.049438,18626,17936,17816,17634,0.450000,-0.550000,0.300000,0.000000,1772898059789.335,0.024172,-0.917133,0.454311,0.000000,0.000000,0.000000,1.000000,position_only
2026-03-07T15:40:59.804014+00:00,1772898059804.013,0.030243,-0.912598,0.453857,0.026962,-2.957031,0.059021,18483,18031,17747,17749,0.450000,-0.550000,0.300000,0.000000,1772898059797.832,0.025331,-0.914897,0.454179,0.000000,0.000000,0.000000,1.000000,position_only
2026-03-07T15:40:59.814646+00:00,1772898059814.645,0.032104,-0.909668,0.453857,0.054779,-2.921875,0.064087,18503,18049,17709,17750,0.450000,-0.550000,0.300000,0.000000,1772898059806.331,0.026524,-0.912617,0.454000,0.000000,0.000000,0.000000,1.000000,position_only
2026-03-07T15:40:59.822361+00:00,1772898059822.360,0.033173,-0.907227,0.453613,0.100830,-2.865234,0.070312,18544,18023,17837,17605,0.450000,-0.550000,0.300000,0.000000,1772898059814.865,0.027658,-0.910365,0.453840,0.000000,0.000000,0.000000,1.000000,position_only
2026-03-07T15:40:59.832270+00:00,1772898059832.269,0.035004,-0.903809,0.453369,0.138184,-2.794922,0.085205,18475,18041,17814,17679,0.450000,-0.550000,0.300000,0.000000,1772898059831.869,0.030154,-0.905782,0.453531,0.000000,0.000000,0.000000,1.000000,position_only
2026-03-07T15:40:59.843241+00:00,1772898059843.240,0.036621,-0.901367,0.453369,0.173218,-2.720703,0.087402,18398,18137,17821,17655,0.450000,-0.550000,0.300000,0.000000,1772898059840.393,0.031534,-0.903583,0.453409,0.000000,0.000000,0.000000,1.000000,position_only
2026-03-07T15:40:59.853439+00:00,1772898059853.438,0.038483,-0.898438,0.453125,0.208618,-2.621094,0.097534,18460,18047,17851,17649,0.450000,-0.550000,0.300000,0.000000,1772898059848.883,0.032762,-0.901368,0.453272,0.000000,0.000000,0.000000,1.000000,position_only
2026-03-07T15:40:59.864378+00:00,1772898059864.377,0.040100,-0.895508,0.452881,0.236816,-2.554688,0.105713,18433,18086,17839,17648,0.450000,-0.550000,0.300000,0.000000,1772898059857.406,0.034030,-0.899137,0.453137,0.000000,0.000000,0.000000,1.000000,position_only
2026-03-07T15:40:59.873650+00:00,1772898059873.649,0.039368,-0.895996,0.452881,0.247192,-2.531250,0.105225,18447,18080,17807,17671,0.450000,-0.550000,0.300000,0.000000,1772898059865.920,0.035338,-0.896894,0.453016,0.000000,0.000000,0.000000,1.000000,position_only
2026-03-07T15:40:59.883344+00:00,1772898059883.343,0.043335,-0.890137,0.452637,0.305664,-2.390625,0.129761,18454,18130,17809,17608,0.450000,-0.550000,0.300000,0.000000,1772898059882.883,0.037993,-0.892441,0.452656,0.000000,0.000000,0.000000,1.000000,position_only
2026-03-07T15:40:59.892582+00:00,1772898059892.582,0.042969,-0.890137,0.452637,0.310791,-2.378906,0.129639,18456,18148,17793,17605,0.450000,-0.550000,0.300000,0.000000,1772898059891.370,0.039367,-0.890211,0.452507,0.000000,0.000000,0.000000,1.000000,position_only
2026-03-07T15:40:59.902494+00:00,1772898059902.493,0.044861,-0.887207,0.452393,0.356689,-2.308594,0.141235,18463,18170,17710,17650,0.450000,-0.550000,0.300000,0.000000,1772898059899.866,0.040847,-0.888090,0.452344,0.000000,0.000000,0.000000,1.000000,position_only
2026-03-07T15:40:59.913167+00:00,1772898059913.166,0.046539,-0.884766,0.452393,0.408691,-2.255859,0.149048,18559,18095,17858,17477,0.450000,-0.550000,0.300000,0.000000,1772898059908.394,0.042219,-0.885899,0.452312,0.000000,0.000000,0.000000,1.000000,position_only
2026-03-07T15:40:59.924988+00:00,1772898059924.987,0.048218,-0.882324,0.452148,0.468994,-2.195312,0.159912,18510,18141,17659,17674,0.450000,-0.550000,0.300000,0.000000,1772898059916.896,0.043590,-0.883758,0.452172,0.000000,0.000000,0.000000,1.000000,position_only
2026-03-07T15:40:59.933488+00:00,1772898059933.488,0.049896,-0.879395,0.452148,0.533691,-2.158203,0.164429,18613,18065,17800,17500,0.450000,-0.550000,0.300000,0.000000,1772898059925.154,0.044950,-0.881594,0.452134,0.000000,0.000000,0.000000,1.000000,position_only
2026-03-07T15:40:59.942701+00:00,1772898059942.700,0.051666,-0.876953,0.451904,0.594238,-2.138672,0.169067,18710,17927,17902,17441,0.450000,-0.550000,0.300000,0.000000,1772898059942.187,0.047910,-0.877252,0.451866,0.000000,0.000000,0.000000,1.000000,position_only
2026-03-07T15:40:59.951921+00:00,1772898059951.920,0.053650,-0.874023,0.451904,0.654297,-2.123047,0.186768,18707,17966,17856,17452,0.450000,-0.550000,0.300000,0.000000,1772898059950.648,0.049394,-0.875110,0.451778,0.000000,0.000000,0.000000,1.000000,position_only
2026-03-07T15:40:59.962544+00:00,1772898059962.543,0.055389,-0.871582,0.451904,0.707520,-2.115234,0.205933,18576,18019,17754,17632,0.450000,-0.550000,0.300000,0.000000,1772898059959.180,0.050880,-0.872992,0.451680,0.000000,0.000000,0.000000,1.000000,position_only
2026-03-07T15:40:59.973096+00:00,1772898059973.095,0.057159,-0.869141,0.451660,0.740723,-2.115234,0.216309,18613,17925,17824,17622,0.450000,-0.550000,0.300000,0.000000,1772898059967.693,0.052372,-0.870851,0.451615,0.000000,0.000000,0.000000,1.000000,position_only
2026-03-07T15:40:59.983726+00:00,1772898059983.725,0.059418,-0.866211,0.451660,0.750488,-2.144531,0.226074,18615,17895,17870,17599,0.450000,-0.550000,0.300000,0.000000,1772898059976.326,0.053935,-0.868822,0.451542,0.000000,0.000000,0.000000,1.000000,position_only
2026-03-07T15:40:59.992513+00:00,1772898059992.512,0.061096,-0.863770,0.451416,0.755371,-2.148438,0.238647,18554,17900,17867,17644,0.450000,-0.550000,0.300000,0.000000,1772898059984.849,0.055436,-0.866682,0.451405,0.000000,0.000000,0.000000,1.000000,position_only
2026-03-07T15:41:00.003337+00:00,1772898060003.335,0.062927,-0.861328,0.451416,0.747559,-2.152344,0.249756,18657,17865,18010,17423,0.450000,-0.550000,0.300000,0.000000,1772898060001.837,0.058549,-0.862574,0.451242,0.000000,0.000000,0.000000,1.000000,position_only
2026-03-07T15:41:00.015044+00:00,1772898060015.043,0.064758,-0.859375,0.451416,0.745117,-2.140625,0.268066,18589,17885,17946,17533,0.450000,-0.550000,0.300000,0.000000,1772898060010.427,0.061791,-0.858387,0.451014,0.000000,0.000000,0.000000,1.000000,position_only
2026-03-07T15:41:00.022796+00:00,1772898060022.795,0.067078,-0.856445,0.451172,0.726074,-2.132812,0.287109,18535,17934,17909,17559,0.450000,-0.550000,0.300000,0.000000,1772898060019.115,0.063434,-0.856328,0.450961,0.000000,0.000000,0.000000,1.000000,position_only
2026-03-07T15:41:00.033431+00:00,1772898060033.430,0.069153,-0.854004,0.451172,0.708008,-2.121094,0.302002,18546,17930,17958,17490,0.450000,-0.550000,0.300000,0.000000,1772898060027.664,0.065027,-0.854347,0.450834,0.000000,0.000000,0.000000,1.000000,position_only
2026-03-07T15:41:00.044098+00:00,1772898060044.097,0.071106,-0.851074,0.451172,0.703613,-2.070312,0.323730,18553,17876,18073,17433,0.450000,-0.550000,0.300000,0.000000,1772898060036.138,0.066578,-0.852272,0.450824,0.000000,0.000000,0.000000,1.000000,position_only
2026-03-07T15:41:00.053300+00:00,1772898060053.299,0.073120,-0.848633,0.450928,0.699707,-2.009766,0.349365,18439,18061,17982,17454,0.450000,-0.550000,0.300000,0.000000,1772898060044.589,0.068370,-0.850263,0.450723,0.000000,0.000000,0.000000,1.000000,position_only
2026-03-07T15:41:00.061693+00:00,1772898060061.692,0.075562,-0.845703,0.450928,0.702148,-1.939453,0.364258,18450,18048,17946,17501,0.450000,-0.550000,0.300000,0.000000,1772898060053.404,0.070049,-0.848295,0.450652,0.000000,0.000000,0.000000,1.000000,position_only
2026-03-07T15:41:00.073818+00:00,1772898060073.817,0.077759,-0.843262,0.450928,0.715332,-1.875977,0.381348,18605,17951,18128,17276,0.450000,-0.550000,0.300000,0.000000,1772898060070.402,0.073295,-0.844407,0.450526,0.000000,0.000000,0.000000,1.000000,position_only
2026-03-07T15:41:00.084492+00:00,1772898060084.491,0.080139,-0.840820,0.450684,0.738770,-1.799805,0.408203,18562,17999,18078,17327,0.450000,-0.550000,0.300000,0.000000,1772898060078.955,0.075046,-0.842449,0.450487,0.000000,0.000000,0.000000,1.000000,position_only
2026-03-07T15:41:00.092913+00:00,1772898060092.913,0.082031,-0.838379,0.450684,0.762207,-1.723633,0.429688,18585,18011,18086,17292,0.450000,-0.550000,0.300000,0.000000,1772898060087.441,0.076836,-0.840434,0.450533,0.000000,0.000000,0.000000,1.000000,position_only
2026-03-07T15:41:00.103995+00:00,1772898060103.994,0.082031,-0.838379,0.450684,0.762207,-1.723633,0.429688,18538,18084,17994,17359,0.450000,-0.550000,0.300000,0.000000,1772898060096.018,0.078572,-0.838549,0.450370,0.000000,0.000000,0.000000,1.000000,position_only
2026-03-07T15:41:00.112647+00:00,1772898060112.646,0.086304,-0.833984,0.450439,0.826660,-1.614258,0.466309,18649,18008,18065,17255,0.450000,-0.550000,0.300000,0.000000,1772898060104.504,0.080215,-0.836646,0.450361,0.000000,0.000000,0.000000,1.000000,position_only
2026-03-07T15:41:00.125370+00:00,1772898060125.369,0.088501,-0.831543,0.450439,0.874512,-1.575195,0.487061,18670,17977,17918,17369,0.450000,-0.550000,0.300000,0.000000,1772898060121.522,0.083749,-0.832841,0.450304,0.000000,0.000000,0.000000,1.000000,position_only
2026-03-07T15:41:00.133341+00:00,1772898060133.340,0.090698,-0.829102,0.450439,0.919434,-1.565430,0.502930,18727,17892,17929,17373,0.450000,-0.550000,0.300000,0.000000,1772898060130.287,0.085579,-0.831023,0.450257,0.000000,0.000000,0.000000,1.000000,position_only
2026-03-07T15:41:00.142555+00:00,1772898060142.554,0.092834,-0.826660,0.450439,0.966797,-1.568359,0.523438,18783,17864,17977,17300,0.450000,-0.550000,0.300000,0.000000,1772898060138.781,0.087372,-0.829158,0.450183,0.000000,0.000000,0.000000,1.000000,position_only
2026-03-07T15:41:00.154102+00:00,1772898060154.101,0.092468,-0.827148,0.450439,0.971680,-1.556641,0.523438,18702,17923,17913,17388,0.450000,-0.550000,0.300000,0.000000,1772898060147.291,0.089171,-0.827373,0.450152,0.000000,0.000000,0.000000,1.000000,position_only
2026-03-07T15:41:00.164017+00:00,1772898060164.017,0.094543,-0.824707,0.450439,1.013672,-1.569336,0.541504,18832,17860,18038,17193,0.450000,-0.550000,0.300000,0.000000,1772898060155.759,0.091053,-0.825493,0.450145,0.000000,0.000000,0.000000,1.000000,position_only
2026-03-07T15:41:00.173008+00:00,1772898060173.007,0.098938,-0.820801,0.450439,1.079102,-1.612305,0.588379,18838,17753,17962,17350,0.450000,-0.550000,0.300000,0.000000,1772898060164.268,0.092863,-0.823721,0.450026,0.000000,0.000000,0.000000,1.000000,position_only
2026-03-07T15:41:00.182967+00:00,1772898060182.966,0.101196,-0.818359,0.450195,1.098633,-1.643555,0.615723,18943,17623,18166,17161,0.450000,-0.550000,0.300000,0.000000,1772898060181.701,0.096546,-0.820070,0.450037,0.000000,0.000000,0.000000,1.000000,position_only
2026-03-07T15:41:00.194319+00:00,1772898060194.318,0.103455,-0.816406,0.450195,1.119141,-1.648438,0.649414,18758,17802,18026,17310,0.450000,-0.550000,0.300000,0.000000,1772898060190.321,0.098369,-0.818285,0.449991,0.000000,0.000000,0.000000,1.000000,position_only
2026-03-07T15:41:00.202814+00:00,1772898060202.814,0.105713,-0.813965,0.450195,1.113281,-1.684570,0.666016,18780,17705,18046,17348,0.450000,-0.550000,0.300000,0.000000,1772898060199.034,0.100259,-0.816507,0.450025,0.000000,0.000000,0.000000,1.000000,position_only
2026-03-07T15:41:00.213137+00:00,1772898060213.136,0.107910,-0.812012,0.450195,1.098633,-1.704102,0.689941,18705,17766,18059,17346,0.450000,-0.550000,0.300000,0.000000,1772898060207.530,0.102093,-0.814677,0.450049,0.000000,0.000000,0.000000,1.000000,position_only
2026-03-07T15:41:00.223497+00:00,1772898060223.496,0.107483,-0.812500,0.450195,1.103516,-1.690430,0.689941,18699,17722,18130,17328,0.450000,-0.550000,0.300000,0.000000,1772898060216.019,0.104017,-0.812917,0.450008,0.000000,0.000000,0.000000,1.000000,position_only
2026-03-07T15:41:00.231989+00:00,1772898060231.988,0.109802,-0.810059,0.450195,1.065430,-1.695312,0.717285,18595,17721,18106,17447,0.450000,-0.550000,0.300000,0.000000,1772898060224.632,0.105911,-0.811230,0.450017,0.000000,0.000000,0.000000,1.000000,position_only
2026-03-07T15:41:00.244875+00:00,1772898060244.874,0.114746,-0.805664,0.450439,0.931641,-1.695312,0.762695,18654,17646,18320,17228,0.450000,-0.550000,0.300000,0.000000,1772898060241.652,0.109718,-0.807826,0.450028,0.000000,0.000000,0.000000,1.000000,position_only
2026-03-07T15:41:00.253345+00:00,1772898060253.344,0.114380,-0.806152,0.450195,0.936035,-1.684570,0.762695,18598,17687,18282,17285,0.450000,-0.550000,0.300000,0.000000,1772898060250.234,0.111612,-0.806150,0.450023,0.000000,0.000000,0.000000,1.000000,position_only
2026-03-07T15:41:00.266241+00:00,1772898060266.240,0.119324,-0.802246,0.450439,0.799316,-1.597656,0.826172,18556,17675,18306,17278,0.450000,-0.550000,0.300000,0.000000,1772898060258.771,0.113634,-0.804437,0.450037,0.000000,0.000000,0.000000,1.000000,position_only
2026-03-07T15:41:00.274242+00:00,1772898060274.241,0.118896,-0.802246,0.450439,0.804688,-1.584961,0.826172,18503,17750,18285,17279,0.450000,-0.550000,0.300000,0.000000,1772898060267.339,0.115531,-0.802768,0.450039,0.000000,0.000000,0.000000,1.000000,position_only
2026-03-07T15:41:00.285020+00:00,1772898060285.019,0.121094,-0.800293,0.450439,0.729492,-1.521484,0.854492,18539,17739,18286,17259,0.450000,-0.550000,0.300000,0.000000,1772898060284.588,0.119459,-0.799442,0.450116,0.000000,0.000000,0.000000,1.000000,position_only
2026-03-07T15:41:00.293534+00:00,1772898060293.533,0.123718,-0.798340,0.450439,0.651855,-1.474609,0.882812,18576,17719,18347,17184,0.450000,-0.550000,0.300000,0.000000,1772898060293.188,0.121452,-0.797858,0.450148,0.000000,0.000000,0.000000,1.000000,position_only
2026-03-07T15:41:00.304325+00:00,1772898060304.324,0.126099,-0.796387,0.450439,0.590820,-1.418945,0.912598,18491,17790,18193,17345,0.450000,-0.550000,0.300000,0.000000,1772898060301.650,0.123404,-0.796119,0.450223,0.000000,0.000000,0.000000,1.000000,position_only
2026-03-07T15:41:00.315071+00:00,1772898060315.070,0.128662,-0.793945,0.450439,0.540527,-1.354492,0.945801,18570,17765,18165,17298,0.450000,-0.550000,0.300000,0.000000,1772898060310.151,0.125452,-0.794525,0.450219,0.000000,0.000000,0.000000,1.000000,position_only
2026-03-07T15:41:00.322876+00:00,1772898060322.875,0.130981,-0.792480,0.450439,0.500488,-1.324219,0.967285,18560,17733,18128,17359,0.450000,-0.550000,0.300000,0.000000,1772898060318.657,0.129489,-0.791283,0.450352,0.000000,0.000000,0.000000,1.000000,position_only
2026-03-07T15:41:00.334268+00:00,1772898060334.267,0.133667,-0.790039,0.450684,0.459229,-1.319336,0.990234,18651,17711,18185,17219,0.450000,-0.550000,0.300000,0.000000,1772898060327.242,0.131543,-0.789665,0.450435,0.000000,0.000000,0.000000,1.000000,position_only
2026-03-07T15:41:00.344302+00:00,1772898060344.301,0.136353,-0.788086,0.450684,0.436035,-1.319336,1.013672,18738,17658,18111,17229,0.450000,-0.550000,0.300000,0.000000,1772898060344.223,0.135572,-0.786522,0.450599,0.000000,0.000000,0.000000,1.000000,position_only
2026-03-07T15:41:00.354194+00:00,1772898060354.193,0.138672,-0.786133,0.450928,0.431152,-1.326172,1.037109,18815,17543,18164,17193,0.450000,-0.550000,0.300000,0.000000,1772898060352.701,0.137636,-0.784965,0.450564,0.000000,0.000000,0.000000,1.000000,position_only
2026-03-07T15:41:00.362504+00:00,1772898060362.503,0.141235,-0.784180,0.450928,0.424805,-1.361328,1.063477,18690,17628,17998,17380,0.450000,-0.550000,0.300000,0.000000,1772898060361.184,0.139850,-0.783337,0.450699,0.000000,0.000000,0.000000,1.000000,position_only
2026-03-07T15:41:00.376422+00:00,1772898060376.420,0.143677,-0.782227,0.450928,0.412842,-1.417969,1.083008,18762,17543,18061,17310,0.450000,-0.550000,0.300000,0.000000,1772898060369.945,0.141892,-0.781746,0.450780,0.000000,0.000000,0.000000,1.000000,position_only
2026-03-07T15:41:00.384816+00:00,1772898060384.815,0.146362,-0.780273,0.451172,0.401855,-1.481445,1.102539,18857,17401,18206,17183,0.450000,-0.550000,0.300000,0.000000,1772898060378.481,0.143990,-0.780170,0.450835,0.000000,0.000000,0.000000,1.000000,position_only
2026-03-07T15:41:00.394760+00:00,1772898060394.759,0.149292,-0.778320,0.451416,0.375488,-1.543945,1.133789,18681,17481,18047,17411,0.450000,-0.550000,0.300000,0.000000,1772898060387.007,0.146059,-0.778600,0.450898,0.000000,0.000000,0.000000,1.000000,position_only
2026-03-07T15:41:00.403206+00:00,1772898060403.206,0.151855,-0.776367,0.451416,0.339355,-1.594727,1.157227,18736,17448,18178,17253,0.450000,-0.550000,0.300000,0.000000,1772898060395.859,0.148273,-0.776987,0.451029,0.000000,0.000000,0.000000,1.000000,position_only
2026-03-07T15:41:00.414513+00:00,1772898060414.511,0.154419,-0.774414,0.451660,0.298340,-1.612305,1.186523,18707,17445,18253,17196,0.450000,-0.550000,0.300000,0.000000,1772898060412.925,0.152535,-0.773846,0.451298,0.000000,0.000000,0.000000,1.000000,position_only
2026-03-07T15:41:00.424242+00:00,1772898060424.240,0.156982,-0.772461,0.451660,0.257568,-1.605469,1.216797,18629,17499,18269,17191,0.450000,-0.550000,0.300000,0.000000,1772898060421.586,0.154598,-0.772345,0.451356,0.000000,0.000000,0.000000,1.000000,position_only
2026-03-07T15:41:00.434325+00:00,1772898060434.324,0.159668,-0.770508,0.451904,0.208008,-1.595703,1.243164,18599,17467,18275,17251,0.450000,-0.550000,0.300000,0.000000,1772898060430.190,0.156771,-0.770713,0.451469,0.000000,0.000000,0.000000,1.000000,position_only
2026-03-07T15:41:00.445073+00:00,1772898060445.073,0.162598,-0.768555,0.452148,0.147339,-1.565430,1.274414,18541,17560,18214,17272,0.450000,-0.550000,0.300000,0.000000,1772898060438.702,0.158969,-0.769098,0.451594,0.000000,0.000000,0.000000,1.000000,position_only
2026-03-07T15:41:00.454562+00:00,1772898060454.562,0.164917,-0.766602,0.452148,0.108521,-1.509766,1.300781,18473,17598,18311,17187,0.450000,-0.550000,0.300000,0.000000,1772898060447.222,0.161081,-0.767518,0.451732,0.000000,0.000000,0.000000,1.000000,position_only
2026-03-07T15:41:00.463827+00:00,1772898060463.826,0.167847,-0.764648,0.452393,0.060791,-1.417969,1.332031,18375,17701,18209,17270,0.450000,-0.550000,0.300000,0.000000,1772898060455.733,0.163221,-0.765935,0.451804,0.000000,0.000000,0.000000,1.000000,position_only
2026-03-07T15:41:00.475856+00:00,1772898060475.855,0.170532,-0.762695,0.452393,0.024948,-1.324219,1.353516,18367,17758,18211,17208,0.450000,-0.550000,0.300000,0.000000,1772898060472.815,0.167556,-0.762880,0.451970,0.000000,0.000000,0.000000,1.000000,position_only
2026-03-07T15:41:00.482872+00:00,1772898060482.872,0.173584,-0.760742,0.452637,0.004494,-1.210938,1.377930,18468,17632,18311,17108,0.450000,-0.550000,0.300000,0.000000,1772898060481.337,0.169821,-0.761329,0.452094,0.000000,0.000000,0.000000,1.000000,position_only
2026-03-07T15:41:00.496814+00:00,1772898060496.813,0.176270,-0.758789,0.452881,-0.010277,-1.102539,1.401367,18419,17732,18263,17085,0.450000,-0.550000,0.300000,0.000000,1772898060489.821,0.172016,-0.759731,0.452231,0.000000,0.000000,0.000000,1.000000,position_only
2026-03-07T15:41:00.504649+00:00,1772898060504.649,0.176025,-0.758789,0.452881,-0.008766,-1.092773,1.401367,18397,17729,18222,17156,0.450000,-0.550000,0.300000,0.000000,1772898060498.427,0.174183,-0.758136,0.452293,0.000000,0.000000,0.000000,1.000000,position_only
2026-03-07T15:41:00.513550+00:00,1772898060513.550,0.181641,-0.754883,0.453125,-0.014275,-0.883301,1.450195,18401,17736,18199,17163,0.450000,-0.550000,0.300000,0.000000,1772898060506.941,0.176470,-0.756629,0.452289,0.000000,0.000000,0.000000,1.000000,position_only
2026-03-07T15:41:00.522996+00:00,1772898060522.996,0.184692,-0.752930,0.453369,0.001264,-0.802246,1.462891,18391,17828,18132,17146,0.450000,-0.550000,0.300000,0.000000,1772898060515.699,0.178652,-0.755071,0.452454,0.000000,0.000000,0.000000,1.000000,position_only
2026-03-07T15:41:00.534087+00:00,1772898060534.086,0.187378,-0.750977,0.453369,0.022705,-0.724609,1.484375,18542,17661,18191,17096,0.450000,-0.550000,0.300000,0.000000,1772898060532.934,0.183045,-0.751985,0.452658,0.000000,0.000000,0.000000,1.000000,position_only
2026-03-07T15:41:00.544823+00:00,1772898060544.823,0.190063,-0.749512,0.453613,0.057495,-0.665527,1.510742,18668,17570,18313,16925,0.450000,-0.550000,0.300000,0.000000,1772898060541.735,0.185210,-0.750381,0.452808,0.000000,0.000000,0.000000,1.000000,position_only
2026-03-07T15:41:00.554107+00:00,1772898060554.107,0.189697,-0.749512,0.453613,0.059448,-0.654785,1.510742,18553,17677,18113,17140,0.450000,-0.550000,0.300000,0.000000,1772898060550.222,0.187464,-0.748819,0.452941,0.000000,0.000000,0.000000,1.000000,position_only
2026-03-07T15:41:00.567316+00:00,1772898060567.316,0.192627,-0.747559,0.453613,0.103210,-0.589355,1.541016,18624,17572,18219,17062,0.450000,-0.550000,0.300000,0.000000,1772898060567.200,0.191895,-0.745706,0.453207,0.000000,0.000000,0.000000,1.000000,position_only
2026-03-07T15:41:00.574464+00:00,1772898060574.463,0.195190,-0.745605,0.453857,0.128052,-0.559082,1.561523,18609,17608,18183,17073,0.450000,-0.550000,0.300000,0.000000,1772898060567.200,0.191895,-0.745706,0.453207,0.000000,0.000000,0.000000,1.000000,position_only
2026-03-07T15:41:00.584471+00:00,1772898060584.471,0.197876,-0.743652,0.453857,0.150757,-0.524902,1.587891,18542,17600,18150,17176,0.450000,-0.550000,0.300000,0.000000,1772898060584.216,0.196357,-0.742741,0.453399,0.000000,0.000000,0.000000,1.000000,position_only
2026-03-07T15:41:00.593983+00:00,1772898060593.983,0.200439,-0.741699,0.454102,0.165405,-0.493896,1.609375,18478,17638,18119,17232,0.450000,-0.550000,0.300000,0.000000,1772898060592.793,0.198542,-0.741163,0.453512,0.000000,0.000000,0.000000,1.000000,position_only
2026-03-07T15:41:00.604653+00:00,1772898060604.653,0.203369,-0.739746,0.454346,0.165405,-0.463135,1.631836,18516,17606,18206,17136,0.450000,-0.550000,0.300000,0.000000,1772898060601.352,0.200821,-0.739554,0.453621,0.000000,0.000000,0.000000,1.000000,position_only
2026-03-07T15:41:00.613314+00:00,1772898060613.314,0.205933,-0.738281,0.454346,0.171387,-0.428711,1.650391,18527,17608,18235,17095,0.450000,-0.550000,0.300000,0.000000,1772898060610.017,0.202997,-0.737988,0.453744,0.000000,0.000000,0.000000,1.000000,position_only
2026-03-07T15:41:00.625205+00:00,1772898060625.205,0.208862,-0.736328,0.454590,0.170166,-0.394775,1.675781,18429,17623,18194,17218,0.450000,-0.550000,0.300000,0.000000,1772898060618.685,0.207560,-0.734848,0.453941,0.000000,0.000000,0.000000,1.000000,position_only
2026-03-07T15:41:00.633680+00:00,1772898060633.680,0.211548,-0.734375,0.454590,0.158325,-0.369629,1.692383,18351,17725,18124,17275,0.450000,-0.550000,0.300000,0.000000,1772898060627.269,0.209758,-0.733261,0.454088,0.000000,0.000000,0.000000,1.000000,position_only
2026-03-07T15:41:00.644880+00:00,1772898060644.880,0.214233,-0.732422,0.454834,0.140625,-0.329590,1.705078,18311,17717,18191,17253,0.450000,-0.550000,0.300000,0.000000,1772898060644.335,0.214185,-0.730173,0.454299,0.000000,0.000000,0.000000,1.000000,position_only
2026-03-07T15:41:00.654152+00:00,1772898060654.150,0.217163,-0.730469,0.454834,0.114868,-0.268799,1.719727,18414,17601,18316,17131,0.450000,-0.550000,0.300000,0.000000,1772898060652.862,0.216322,-0.728581,0.454464,0.000000,0.000000,0.000000,1.000000,position_only
2026-03-07T15:41:00.664025+00:00,1772898060664.024,0.219727,-0.728516,0.455078,0.099243,-0.188599,1.744141,18431,17607,18351,17068,0.450000,-0.550000,0.300000,0.000000,1772898060661.441,0.218549,-0.727009,0.454550,0.000000,0.000000,0.000000,1.000000,position_only
2026-03-07T15:41:00.673894+00:00,1772898060673.892,0.222900,-0.726562,0.455078,0.084656,-0.110535,1.771484,18343,17679,18204,17221,0.450000,-0.550000,0.300000,0.000000,1772898060669.935,0.220738,-0.725486,0.454642,0.000000,0.000000,0.000000,1.000000,position_only
2026-03-07T15:41:00.686020+00:00,1772898060686.019,0.225586,-0.724609,0.455322,0.075500,-0.055115,1.786133,18350,17677,18211,17196,0.450000,-0.550000,0.300000,0.000000,1772898060678.430,0.222868,-0.723944,0.454831,0.000000,0.000000,0.000000,1.000000,position_only
2026-03-07T15:41:00.694877+00:00,1772898060694.876,0.228394,-0.722656,0.455566,0.066589,0.015022,1.799805,18419,17634,18195,17184,0.450000,-0.550000,0.300000,0.000000,1772898060686.879,0.225031,-0.722350,0.454954,0.000000,0.000000,0.000000,1.000000,position_only
2026-03-07T15:41:00.704772+00:00,1772898060704.771,0.230957,-0.720703,0.455566,0.070679,0.051636,1.817383,18525,17543,18322,17047,0.450000,-0.550000,0.300000,0.000000,1772898060703.843,0.229458,-0.719239,0.455179,0.000000,0.000000,0.000000,1.000000,position_only
2026-03-07T15:41:00.713870+00:00,1772898060713.869,0.233643,-0.718750,0.455811,0.083740,0.088501,1.842773,18592,17481,18362,17008,0.450000,-0.550000,0.300000,0.000000,1772898060712.590,0.231661,-0.717651,0.455225,0.000000,0.000000,0.000000,1.000000,position_only
2026-03-07T15:41:00.723792+00:00,1772898060723.791,0.236694,-0.716797,0.455811,0.097412,0.120178,1.867188,18456,17588,18229,17174,0.450000,-0.550000,0.300000,0.000000,1772898060721.135,0.233826,-0.716168,0.455340,0.000000,0.000000,0.000000,1.000000,position_only
2026-03-07T15:41:00.734846+00:00,1772898060734.846,0.239624,-0.714355,0.456055,0.116150,0.155151,1.887695,18579,17545,18267,17062,0.450000,-0.550000,0.300000,0.000000,1772898060729.589,0.235958,-0.714620,0.455477,0.000000,0.000000,0.000000,1.000000,position_only
2026-03-07T15:41:00.746294+00:00,1772898060746.293,0.242188,-0.712891,0.456055,0.139648,0.174805,1.911133,18719,17327,18345,17059,0.450000,-0.550000,0.300000,0.000000,1772898060738.183,0.238113,-0.713007,0.455561,0.000000,0.000000,0.000000,1.000000,position_only
2026-03-07T15:41:00.753122+00:00,1772898060753.120,0.241821,-0.712891,0.456055,0.140015,0.183472,1.911133,18514,17552,18242,17151,0.450000,-0.550000,0.300000,0.000000,1772898060746.911,0.240262,-0.711498,0.455606,0.000000,0.000000,0.000000,1.000000,position_only
2026-03-07T15:41:00.765240+00:00,1772898060765.239,0.247559,-0.708496,0.456299,0.165283,0.174683,1.952148,18491,17593,18160,17209,0.450000,-0.550000,0.300000,0.000000,1772898060763.892,0.244543,-0.708342,0.455842,0.000000,0.000000,0.000000,1.000000,position_only
2026-03-07T15:41:00.775248+00:00,1772898060775.247,0.247314,-0.708496,0.456299,0.164307,0.180786,1.952148,18523,17508,18225,17195,0.450000,-0.550000,0.300000,0.000000,1772898060772.391,0.246573,-0.706835,0.455979,0.000000,0.000000,0.000000,1.000000,position_only
2026-03-07T15:41:00.786680+00:00,1772898060786.679,0.249878,-0.707031,0.456299,0.178955,0.184204,1.966797,18612,17418,18374,17057,0.450000,-0.550000,0.300000,0.000000,1772898060780.874,0.248667,-0.705303,0.456065,0.000000,0.000000,0.000000,1.000000,position_only
2026-03-07T15:41:00.797702+00:00,1772898060797.701,0.252686,-0.705078,0.456543,0.181519,0.198364,1.994141,18583,17438,18382,17048,0.450000,-0.550000,0.300000,0.000000,1772898060789.815,0.250763,-0.703702,0.456137,0.000000,0.000000,0.000000,1.000000,position_only
2026-03-07T15:41:00.805247+00:00,1772898060805.246,0.254883,-0.703125,0.456543,0.187622,0.217407,2.021484,18529,17482,18329,17107,0.450000,-0.550000,0.300000,0.000000,1772898060798.319,0.252856,-0.702212,0.456210,0.000000,0.000000,0.000000,1.000000,position_only
2026-03-07T15:41:00.815925+00:00,1772898060815.924,0.257324,-0.701172,0.456543,0.198120,0.237305,2.042969,18510,17497,18299,17135,0.450000,-0.550000,0.300000,0.000000,1772898060815.412,0.257032,-0.699083,0.456406,0.000000,0.000000,0.000000,1.000000,position_only
2026-03-07T15:41:00.824196+00:00,1772898060824.195,0.260254,-0.699219,0.456787,0.197266,0.266602,2.072266,18452,17501,18250,17232,0.450000,-0.550000,0.300000,0.000000,1772898060824.080,0.259031,-0.697575,0.456506,0.000000,0.000000,0.000000,1.000000,position_only
2026-03-07T15:41:00.834136+00:00,1772898060834.135,0.262939,-0.697266,0.456787,0.198853,0.282471,2.089844,18404,17538,18170,17322,0.450000,-0.550000,0.300000,0.000000,1772898060832.587,0.261068,-0.695956,0.456618,0.000000,0.000000,0.000000,1.000000,position_only
2026-03-07T15:41:00.844764+00:00,1772898060844.763,0.265137,-0.695312,0.457031,0.189331,0.285645,2.103516,18498,17455,18291,17199,0.450000,-0.550000,0.300000,0.000000,1772898060841.618,0.263210,-0.694390,0.456656,0.000000,0.000000,0.000000,1.000000,position_only
2026-03-07T15:41:00.854067+00:00,1772898060854.066,0.267822,-0.693359,0.457031,0.189575,0.300049,2.119141,18574,17404,18318,17164,0.450000,-0.550000,0.300000,0.000000,1772898060850.127,0.265302,-0.692881,0.456785,0.000000,0.000000,0.000000,1.000000,position_only
2026-03-07T15:41:00.865982+00:00,1772898060865.981,0.270264,-0.691406,0.457275,0.189575,0.287842,2.136719,18592,17423,18259,17194,0.450000,-0.550000,0.300000,0.000000,1772898060858.729,0.267321,-0.691312,0.456845,0.000000,0.000000,0.000000,1.000000,position_only
2026-03-07T15:41:00.874501+00:00,1772898060874.500,0.272705,-0.689941,0.457275,0.195312,0.274658,2.154297,18606,17386,18280,17190,0.450000,-0.550000,0.300000,0.000000,1772898060867.222,0.269471,-0.689788,0.456899,0.000000,0.000000,0.000000,1.000000,position_only
2026-03-07T15:41:00.884795+00:00,1772898060884.795,0.275146,-0.687988,0.457275,0.203979,0.251709,2.173828,18486,17493,18082,17402,0.450000,-0.550000,0.300000,0.000000,1772898060884.529,0.273403,-0.686739,0.457075,0.000000,0.000000,0.000000,1.000000,position_only
2026-03-07T15:41:00.894057+00:00,1772898060894.056,0.277344,-0.686035,0.457275,0.216187,0.206665,2.179688,18606,17386,18199,17298,0.450000,-0.550000,0.300000,0.000000,1772898060893.031,0.275484,-0.685239,0.457125,0.000000,0.000000,0.000000,1.000000,position_only
2026-03-07T15:41:00.904815+00:00,1772898060904.814,0.280029,-0.684082,0.457520,0.229614,0.148682,2.191406,18684,17340,18229,17270,0.450000,-0.550000,0.300000,0.000000,1772898060901.530,0.277455,-0.683687,0.457198,0.000000,0.000000,0.000000,1.000000,position_only
2026-03-07T15:41:00.917793+00:00,1772898060917.792,0.282471,-0.682129,0.457520,0.244385,0.087524,2.205078,18574,17440,18090,17433,0.450000,-0.550000,0.300000,0.000000,1772898060910.161,0.279543,-0.682136,0.457260,0.000000,0.000000,0.000000,1.000000,position_only
2026-03-07T15:41:00.925787+00:00,1772898060925.786,0.284912,-0.680176,0.457520,0.255127,0.022324,2.212891,18560,17478,18036,17465,0.450000,-0.550000,0.300000,0.000000,1772898060918.834,0.283478,-0.679003,0.457345,0.000000,0.000000,0.000000,1.000000,position_only
2026-03-07T15:41:00.934784+00:00,1772898060934.783,0.287354,-0.678223,0.457520,0.271484,-0.047272,2.214844,18626,17396,18172,17356,0.450000,-0.550000,0.300000,0.000000,1772898060927.133,0.285546,-0.677513,0.457374,0.000000,0.000000,0.000000,1.000000,position_only
2026-03-07T15:41:00.943933+00:00,1772898060943.932,0.290283,-0.676270,0.457520,0.293945,-0.095215,2.222656,18550,17534,18096,17389,0.450000,-0.550000,0.300000,0.000000,1772898060935.611,0.287406,-0.676069,0.457420,0.000000,0.000000,0.000000,1.000000,position_only
2026-03-07T15:41:00.955689+00:00,1772898060955.688,0.292725,-0.674316,0.457520,0.325195,-0.111084,2.228516,18520,17505,18200,17354,0.450000,-0.550000,0.300000,0.000000,1772898060952.586,0.291455,-0.672926,0.457415,0.000000,0.000000,0.000000,1.000000,position_only
2026-03-07T15:41:00.966962+00:00,1772898060966.961,0.295410,-0.672363,0.457520,0.348389,-0.102539,2.238281,18555,17503,18255,17269,0.450000,-0.550000,0.300000,0.000000,1772898060961.105,0.293439,-0.671421,0.457436,0.000000,0.000000,0.000000,1.000000,position_only
2026-03-07T15:41:00.975175+00:00,1772898060975.174,0.297852,-0.670410,0.457520,0.377441,-0.074402,2.253906,18618,17436,18440,17090,0.450000,-0.550000,0.300000,0.000000,1772898060969.732,0.295502,-0.669949,0.457422,0.000000,0.000000,0.000000,1.000000,position_only
2026-03-07T15:41:00.984254+00:00,1772898060984.253,0.300049,-0.668457,0.457520,0.403564,-0.002342,2.273438,18435,17607,18287,17257,0.450000,-0.550000,0.300000,0.000000,1772898060978.260,0.297313,-0.668498,0.457459,0.000000,0.000000,0.000000,1.000000,position_only
2026-03-07T15:41:00.994791+00:00,1772898060994.790,0.302979,-0.666504,0.457520,0.441895,0.082458,2.279297,18315,17808,18122,17350,0.450000,-0.550000,0.300000,0.000000,1772898060986.764,0.299275,-0.666930,0.457505,0.000000,0.000000,0.000000,1.000000,position_only
2026-03-07T15:41:01.005375+00:00,1772898061005.374,0.302734,-0.666504,0.457520,0.441895,0.082458,2.279297,18391,17728,18200,17270,0.450000,-0.550000,0.300000,0.000000,1772898061003.900,0.303191,-0.663900,0.457525,0.000000,0.000000,0.000000,1.000000,position_only
2026-03-07T15:41:01.015944+00:00,1772898061015.944,0.305420,-0.664551,0.457520,0.494873,0.165894,2.283203,18203,17912,18044,17407,0.450000,-0.550000,0.300000,0.000000,1772898061012.481,0.305119,-0.662460,0.457588,0.000000,0.000000,0.000000,1.000000,position_only
2026-03-07T15:41:01.028022+00:00,1772898061028.021,0.307617,-0.662598,0.457520,0.547363,0.250977,2.287109,18500,17672,18281,17113,0.450000,-0.550000,0.300000,0.000000,1772898061021.069,0.307085,-0.660996,0.457517,0.000000,0.000000,0.000000,1.000000,position_only
2026-03-07T15:41:01.037550+00:00,1772898061037.549,0.309814,-0.660645,0.457520,0.613281,0.342529,2.291016,18482,17730,18263,17110,0.450000,-0.550000,0.300000,0.000000,1772898061029.684,0.308967,-0.659486,0.457578,0.000000,0.000000,0.000000,1.000000,position_only
2026-03-07T15:41:01.045754+00:00,1772898061045.753,0.312744,-0.658691,0.457520,0.694824,0.427002,2.302734,18565,17660,18264,17101,0.450000,-0.550000,0.300000,0.000000,1772898061038.196,0.310847,-0.658000,0.457531,0.000000,0.000000,0.000000,1.000000,position_only
2026-03-07T15:41:01.054835+00:00,1772898061054.834,0.314941,-0.657227,0.457520,0.777832,0.508301,2.316406,18586,17646,18205,17151,0.450000,-0.550000,0.300000,0.000000,1772898061046.758,0.312828,-0.656613,0.457518,0.000000,0.000000,0.000000,1.000000,position_only
2026-03-07T15:41:01.065418+00:00,1772898061065.417,0.317383,-0.655273,0.457520,0.869141,0.562500,2.330078,18511,17733,18121,17236,0.450000,-0.550000,0.300000,0.000000,1772898061064.094,0.316695,-0.653637,0.457484,0.000000,0.000000,0.000000,1.000000,position_only
2026-03-07T15:41:01.075684+00:00,1772898061075.683,0.319580,-0.653320,0.457520,0.953613,0.612793,2.335938,18570,17643,18155,17248,0.450000,-0.550000,0.300000,0.000000,1772898061072.648,0.318564,-0.652167,0.457504,0.000000,0.000000,0.000000,1.000000,position_only
2026-03-07T15:41:01.085503+00:00,1772898061085.502,0.322021,-0.651367,0.457520,1.030273,0.643066,2.341797,18550,17688,17998,17390,0.450000,-0.550000,0.300000,0.000000,1772898061081.335,0.320344,-0.650789,0.457513,0.000000,0.000000,0.000000,1.000000,position_only
2026-03-07T15:41:01.094820+00:00,1772898061094.820,0.324219,-0.649902,0.457520,1.092773,0.619141,2.339844,18585,17623,18076,17348,0.450000,-0.550000,0.300000,0.000000,1772898061089.931,0.322213,-0.649309,0.457516,0.000000,0.000000,0.000000,1.000000,position_only
2026-03-07T15:41:01.105458+00:00,1772898061105.457,0.326660,-0.647949,0.457520,1.155273,0.586426,2.335938,18633,17620,18030,17368,0.450000,-0.550000,0.300000,0.000000,1772898061098.474,0.324103,-0.647860,0.457521,0.000000,0.000000,0.000000,1.000000,position_only
2026-03-07T15:41:01.116078+00:00,1772898061116.078,0.328613,-0.646484,0.457520,1.209961,0.548828,2.335938,18642,17567,18066,17372,0.450000,-0.550000,0.300000,0.000000,1772898061115.467,0.327791,-0.645099,0.457476,0.000000,0.000000,0.000000,1.000000,position_only
2026-03-07T15:41:01.125297+00:00,1772898061125.296,0.330811,-0.644531,0.457520,1.253906,0.513672,2.337891,18623,17569,18063,17378,0.450000,-0.550000,0.300000,0.000000,1772898061123.998,0.329718,-0.643641,0.457461,0.000000,0.000000,0.000000,1.000000,position_only
2026-03-07T15:41:01.134082+00:00,1772898061134.081,0.333252,-0.643066,0.457275,1.299805,0.472900,2.341797,18554,17589,17966,17529,0.450000,-0.550000,0.300000,0.000000,1772898061132.531,0.331543,-0.642314,0.457428,0.000000,0.000000,0.000000,1.000000,position_only
2026-03-07T15:41:01.146973+00:00,1772898061146.972,0.335449,-0.641113,0.457275,1.323242,0.429199,2.341797,18566,17520,18130,17431,0.450000,-0.550000,0.300000,0.000000,1772898061141.021,0.333346,-0.640935,0.457404,0.000000,0.000000,0.000000,1.000000,position_only
2026-03-07T15:41:01.156060+00:00,1772898061156.060,0.337646,-0.639648,0.457275,1.330078,0.412354,2.349609,18470,17621,18145,17410,0.450000,-0.550000,0.300000,0.000000,1772898061149.530,0.335288,-0.639525,0.457352,0.000000,0.000000,0.000000,1.000000,position_only
2026-03-07T15:41:01.165757+00:00,1772898061165.756,0.339844,-0.638184,0.457275,1.332031,0.427246,2.351562,18438,17652,18091,17466,0.450000,-0.550000,0.300000,0.000000,1772898061158.079,0.337046,-0.638234,0.457359,0.000000,0.000000,0.000000,1.000000,position_only
2026-03-07T15:41:01.174913+00:00,1772898061174.912,0.342285,-0.636230,0.457275,1.329102,0.438721,2.347656,18443,17632,18128,17454,0.450000,-0.550000,0.300000,0.000000,1772898061166.586,0.338905,-0.636923,0.457331,0.000000,0.000000,0.000000,1.000000,position_only
2026-03-07T15:41:01.186407+00:00,1772898061186.406,0.344482,-0.634766,0.457275,1.328125,0.454346,2.345703,18385,17684,18050,17532,0.450000,-0.550000,0.300000,0.000000,1772898061183.587,0.342527,-0.634345,0.457265,0.000000,0.000000,0.000000,1.000000,position_only
2026-03-07T15:41:01.195486+00:00,1772898061195.485,0.346680,-0.633301,0.457275,1.327148,0.474854,2.339844,18312,17697,18057,17576,0.450000,-0.550000,0.300000,0.000000,1772898061192.069,0.344253,-0.633061,0.457260,0.000000,0.000000,0.000000,1.000000,position_only
2026-03-07T15:41:01.207540+00:00,1772898061207.539,0.348877,-0.631836,0.457275,1.308594,0.502441,2.335938,18343,17675,18114,17512,0.450000,-0.550000,0.300000,0.000000,1772898061200.529,0.346049,-0.631789,0.457190,0.000000,0.000000,0.000000,1.000000,position_only
2026-03-07T15:41:01.215281+00:00,1772898061215.280,0.348633,-0.631836,0.457275,1.308594,0.508301,2.335938,18343,17667,18100,17534,0.450000,-0.550000,0.300000,0.000000,1772898061209.097,0.347855,-0.630552,0.457191,0.000000,0.000000,0.000000,1.000000,position_only
2026-03-07T15:41:01.226045+00:00,1772898061226.044,0.351074,-0.629883,0.457031,1.286133,0.540039,2.330078,18291,17789,17966,17615,0.450000,-0.550000,0.300000,0.000000,1772898061217.869,0.349606,-0.629240,0.457197,0.000000,0.000000,0.000000,1.000000,position_only
2026-03-07T15:41:01.236543+00:00,1772898061236.541,0.353271,-0.628418,0.457031,1.279297,0.552246,2.320312,18435,17663,18088,17480,0.450000,-0.550000,0.300000,0.000000,1772898061234.836,0.353045,-0.626865,0.457184,0.000000,0.000000,0.000000,1.000000,position_only
2026-03-07T15:41:01.244924+00:00,1772898061244.923,0.355225,-0.626953,0.457031,1.283203,0.561523,2.310547,18306,17798,17925,17639,0.450000,-0.550000,0.300000,0.000000,1772898061243.323,0.354853,-0.625621,0.457113,0.000000,0.000000,0.000000,1.000000,position_only
2026-03-07T15:41:01.254921+00:00,1772898061254.920,0.357422,-0.625488,0.457031,1.291992,0.576660,2.302734,18351,17784,17961,17573,0.450000,-0.550000,0.300000,0.000000,1772898061251.820,0.356621,-0.624489,0.457049,0.000000,0.000000,0.000000,1.000000,position_only
2026-03-07T15:41:01.266854+00:00,1772898061266.853,0.359375,-0.624023,0.457031,1.316406,0.586914,2.289062,18472,17669,18023,17505,0.450000,-0.550000,0.300000,0.000000,1772898061260.421,0.360185,-0.622184,0.456952,0.000000,0.000000,0.000000,1.000000,position_only
2026-03-07T15:41:01.276060+00:00,1772898061276.057,0.362061,-0.622559,0.457031,1.339844,0.577637,2.275391,18457,17670,17999,17548,0.450000,-0.550000,0.300000,0.000000,1772898061269.057,0.361809,-0.621114,0.456931,0.000000,0.000000,0.000000,1.000000,position_only
2026-03-07T15:41:01.285552+00:00,1772898061285.551,0.364258,-0.621094,0.456787,1.358398,0.564453,2.269531,18467,17695,18058,17471,0.450000,-0.550000,0.300000,0.000000,1772898061277.607,0.363549,-0.619977,0.456842,0.000000,0.000000,0.000000,1.000000,position_only
2026-03-07T15:41:01.294736+00:00,1772898061294.735,0.366211,-0.619629,0.456787,1.385742,0.582520,2.265625,18399,17756,17990,17553,0.450000,-0.550000,0.300000,0.000000,1772898061286.123,0.365301,-0.618820,0.456749,0.000000,0.000000,0.000000,1.000000,position_only
2026-03-07T15:41:01.306257+00:00,1772898061306.256,0.368652,-0.618164,0.456787,1.407227,0.599609,2.257812,18450,17687,18025,17542,0.450000,-0.550000,0.300000,0.000000,1772898061303.456,0.368614,-0.616652,0.456705,0.000000,0.000000,0.000000,1.000000,position_only
2026-03-07T15:41:01.316120+00:00,1772898061316.119,0.370850,-0.616699,0.456787,1.421875,0.614258,2.255859,18364,17814,17914,17615,0.450000,-0.550000,0.300000,0.000000,1772898061311.937,0.370337,-0.615580,0.456604,0.000000,0.000000,0.000000,1.000000,position_only
2026-03-07T15:41:01.325283+00:00,1772898061325.282,0.373047,-0.615234,0.456543,1.445312,0.640625,2.244141,18494,17630,18114,17475,0.450000,-0.550000,0.300000,0.000000,1772898061320.539,0.371890,-0.614505,0.456603,0.000000,0.000000,0.000000,1.000000,position_only
2026-03-07T15:41:01.335266+00:00,1772898061335.265,0.375000,-0.614258,0.456543,1.444336,0.664062,2.246094,18416,17671,18110,17513,0.450000,-0.550000,0.300000,0.000000,1772898061328.656,0.373627,-0.613454,0.456521,0.000000,0.000000,0.000000,1.000000,position_only
2026-03-07T15:41:01.346350+00:00,1772898061346.349,0.377197,-0.612793,0.456543,1.430664,0.692871,2.244141,18329,17728,18046,17611,0.450000,-0.550000,0.300000,0.000000,1772898061345.587,0.376911,-0.611345,0.456396,0.000000,0.000000,0.000000,1.000000,position_only
2026-03-07T15:41:01.355449+00:00,1772898061355.448,0.379150,-0.611328,0.456543,1.416992,0.709961,2.236328,18419,17711,18144,17457,0.450000,-0.550000,0.300000,0.000000,1772898061354.341,0.378539,-0.610309,0.456329,0.000000,0.000000,0.000000,1.000000,position_only
2026-03-07T15:41:01.365241+00:00,1772898061365.240,0.381104,-0.610352,0.456299,1.419922,0.767090,2.240234,18471,17654,18285,17339,0.450000,-0.550000,0.300000,0.000000,1772898061362.879,0.380225,-0.609310,0.456213,0.000000,0.000000,0.000000,1.000000,position_only
2026-03-07T15:41:01.377539+00:00,1772898061377.538,0.383301,-0.608887,0.456299,1.410156,0.830078,2.246094,18337,17751,18073,17605,0.450000,-0.550000,0.300000,0.000000,1772898061371.362,0.381833,-0.608354,0.456150,0.000000,0.000000,0.000000,1.000000,position_only
2026-03-07T15:41:01.388350+00:00,1772898061388.349,0.383301,-0.608887,0.456299,1.410156,0.830078,2.246094,18442,17618,18198,17510,0.450000,-0.550000,0.300000,0.000000,1772898061379.862,0.383374,-0.607404,0.456108,0.000000,0.000000,0.000000,1.000000,position_only
2026-03-07T15:41:01.396429+00:00,1772898061396.428,0.385010,-0.607910,0.456055,1.392578,0.864746,2.240234,18426,17672,18225,17461,0.450000,-0.550000,0.300000,0.000000,1772898061388.415,0.384991,-0.606387,0.456016,0.000000,0.000000,0.000000,1.000000,position_only
2026-03-07T15:41:01.405005+00:00,1772898061405.004,0.386963,-0.606445,0.456055,1.372070,0.908203,2.246094,18369,17740,18128,17559,0.450000,-0.550000,0.300000,0.000000,1772898061397.017,0.386495,-0.605487,0.455956,0.000000,0.000000,0.000000,1.000000,position_only
2026-03-07T15:41:01.415543+00:00,1772898061415.542,0.389160,-0.605469,0.455811,1.359375,0.966797,2.244141,18247,17902,18044,17610,0.450000,-0.550000,0.300000,0.000000,1772898061414.003,0.389728,-0.603687,0.455750,0.000000,0.000000,0.000000,1.000000,position_only
2026-03-07T15:41:01.428982+00:00,1772898061428.981,0.391113,-0.604492,0.455811,1.354492,1.015625,2.232422,18377,17778,18098,17551,0.450000,-0.550000,0.300000,0.000000,1772898061422.497,0.391300,-0.602783,0.455696,0.000000,0.000000,0.000000,1.000000,position_only
2026-03-07T15:41:01.435798+00:00,1772898061435.798,0.392822,-0.603027,0.455811,1.362305,1.084961,2.228516,18440,17732,18199,17446,0.450000,-0.550000,0.300000,0.000000,1772898061430.934,0.392784,-0.601933,0.455633,0.000000,0.000000,0.000000,1.000000,position_only
2026-03-07T15:41:01.447282+00:00,1772898061447.281,0.394775,-0.602051,0.455566,1.367188,1.127930,2.228516,18356,17832,18014,17624,0.450000,-0.550000,0.300000,0.000000,1772898061439.719,0.394385,-0.601063,0.455499,0.000000,0.000000,0.000000,1.000000,position_only
2026-03-07T15:41:01.455606+00:00,1772898061455.605,0.396729,-0.601074,0.455566,1.376953,1.148438,2.218750,18376,17800,18039,17608,0.450000,-0.550000,0.300000,0.000000,1772898061448.380,0.395814,-0.600238,0.455449,0.000000,0.000000,0.000000,1.000000,position_only
2026-03-07T15:41:01.466985+00:00,1772898061466.984,0.398438,-0.600098,0.455322,1.383789,1.175781,2.212891,18421,17766,17999,17635,0.450000,-0.550000,0.300000,0.000000,1772898061465.360,0.398893,-0.598575,0.455272,0.000000,0.000000,0.000000,1.000000,position_only
2026-03-07T15:41:01.475107+00:00,1772898061475.105,0.400391,-0.599121,0.455322,1.385742,1.171875,2.203125,18378,17793,17953,17704,0.450000,-0.550000,0.300000,0.000000,1772898061474.035,0.400438,-0.597786,0.455152,0.000000,0.000000,0.000000,1.000000,position_only
2026-03-07T15:41:01.485589+00:00,1772898061485.588,0.402100,-0.598145,0.455078,1.388672,1.169922,2.195312,18521,17674,18114,17516,0.450000,-0.550000,0.300000,0.000000,1772898061482.587,0.401822,-0.596996,0.455080,0.000000,0.000000,0.000000,1.000000,position_only
2026-03-07T15:41:01.497011+00:00,1772898061497.010,0.404053,-0.597168,0.455078,1.394531,1.174805,2.195312,18612,17559,18192,17456,0.450000,-0.550000,0.300000,0.000000,1772898061491.325,0.403334,-0.596164,0.454979,0.000000,0.000000,0.000000,1.000000,position_only
2026-03-07T15:41:01.506998+00:00,1772898061506.997,0.405762,-0.596191,0.454834,1.394531,1.169922,2.201172,18523,17642,18094,17565,0.450000,-0.550000,0.300000,0.000000,1772898061499.847,0.404757,-0.595441,0.454901,0.000000,0.000000,0.000000,1.000000,position_only
2026-03-07T15:41:01.516129+00:00,1772898061516.128,0.407471,-0.595215,0.454834,1.384766,1.147461,2.205078,18578,17596,18215,17436,0.450000,-0.550000,0.300000,0.000000,1772898061508.334,0.406307,-0.594665,0.454742,0.000000,0.000000,0.000000,1.000000,position_only
2026-03-07T15:41:01.525322+00:00,1772898061525.321,0.409180,-0.594238,0.454834,1.381836,1.148438,2.210938,18506,17599,18091,17624,0.450000,-0.550000,0.300000,0.000000,1772898061517.074,0.407718,-0.593929,0.454630,0.000000,0.000000,0.000000,1.000000,position_only
2026-03-07T15:41:01.536710+00:00,1772898061536.708,0.410889,-0.593262,0.454590,1.358398,1.125977,2.207031,18461,17655,18175,17532,0.450000,-0.550000,0.300000,0.000000,1772898061534.113,0.410448,-0.592439,0.454439,0.000000,0.000000,0.000000,1.000000,position_only
2026-03-07T15:41:01.545774+00:00,1772898061545.773,0.412598,-0.592773,0.454590,1.337891,1.144531,2.207031,18417,17705,18125,17590,0.450000,-0.550000,0.300000,0.000000,1772898061542.597,0.411825,-0.591755,0.454330,0.000000,0.000000,0.000000,1.000000,position_only
2026-03-07T15:41:01.556369+00:00,1772898061556.368,0.414307,-0.591797,0.454346,1.320312,1.168945,2.205078,18456,17654,18166,17569,0.450000,-0.550000,0.300000,0.000000,1772898061551.354,0.413248,-0.591015,0.454229,0.000000,0.000000,0.000000,1.000000,position_only
2026-03-07T15:41:01.565549+00:00,1772898061565.548,0.415771,-0.590820,0.454346,1.297852,1.194336,2.205078,18500,17647,18198,17513,0.450000,-0.550000,0.300000,0.000000,1772898061559.822,0.414621,-0.590382,0.454078,0.000000,0.000000,0.000000,1.000000,position_only
2026-03-07T15:41:01.577353+00:00,1772898061577.352,0.415771,-0.590332,0.454102,1.282227,1.214844,2.207031,18456,17655,18221,17551,0.450000,-0.550000,0.300000,0.000000,1772898061576.950,0.417278,-0.589020,0.453925,0.000000,0.000000,0.000000,1.000000,position_only
2026-03-07T15:41:01.586616+00:00,1772898061586.615,0.418945,-0.589355,0.454102,1.245117,1.229492,2.210938,18491,17613,18262,17545,0.450000,-0.550000,0.300000,0.000000,1772898061585.570,0.419998,-0.587686,0.453660,0.000000,0.000000,0.000000,1.000000,position_only
2026-03-07T15:41:01.595704+00:00,1772898061595.702,0.420654,-0.588867,0.453857,1.208008,1.236328,2.214844,18462,17640,18151,17670,0.450000,-0.550000,0.300000,0.000000,1772898061594.114,0.421212,-0.587062,0.453585,0.000000,0.000000,0.000000,1.000000,position_only
2026-03-07T15:41:01.605775+00:00,1772898061605.774,0.420654,-0.588379,0.453857,1.208008,1.236328,2.214844,18331,17766,18063,17765,0.450000,-0.550000,0.300000,0.000000,1772898061602.625,0.422633,-0.586429,0.453467,0.000000,0.000000,0.000000,1.000000,position_only
2026-03-07T15:41:01.617427+00:00,1772898061617.426,0.422363,-0.587891,0.453613,1.167969,1.233398,2.212891,18531,17594,18242,17565,0.450000,-0.550000,0.300000,0.000000,1772898061611.163,0.423879,-0.585856,0.453356,0.000000,0.000000,0.000000,1.000000,position_only
2026-03-07T15:41:01.626603+00:00,1772898061626.602,0.424072,-0.586914,0.453613,1.132812,1.239258,2.210938,18568,17553,18251,17572,0.450000,-0.550000,0.300000,0.000000,1772898061619.889,0.425232,-0.585235,0.453247,0.000000,0.000000,0.000000,1.000000,position_only
2026-03-07T15:41:01.636514+00:00,1772898061636.513,0.425781,-0.586426,0.453369,1.099609,1.235352,2.216797,18571,17532,18129,17713,0.450000,-0.550000,0.300000,0.000000,1772898061628.376,0.426378,-0.584630,0.453175,0.000000,0.000000,0.000000,1.000000,position_only
2026-03-07T15:41:01.647124+00:00,1772898061647.123,0.427246,-0.585449,0.453369,1.066406,1.217773,2.224609,18516,17648,18058,17723,0.450000,-0.550000,0.300000,0.000000,1772898061645.310,0.428906,-0.583486,0.452947,0.000000,0.000000,0.000000,1.000000,position_only
2026-03-07T15:41:01.657635+00:00,1772898061657.634,0.428711,-0.584961,0.453125,1.042969,1.169922,2.220703,18663,17483,18340,17461,0.450000,-0.550000,0.300000,0.000000,1772898061653.886,0.430069,-0.582962,0.452858,0.000000,0.000000,0.000000,1.000000,position_only
2026-03-07T15:41:01.666770+00:00,1772898061666.770,0.430176,-0.583984,0.452881,1.024414,1.163086,2.230469,18534,17573,18215,17625,0.450000,-0.550000,0.300000,0.000000,1772898061662.374,0.431241,-0.582413,0.452822,0.000000,0.000000,0.000000,1.000000,position_only
2026-03-07T15:41:01.677570+00:00,1772898061677.569,0.431641,-0.583496,0.452881,0.999023,1.163086,2.238281,18495,17632,18230,17586,0.450000,-0.550000,0.300000,0.000000,1772898061671.038,0.432442,-0.581801,0.452709,0.000000,0.000000,0.000000,1.000000,position_only
2026-03-07T15:41:01.685863+00:00,1772898061685.862,0.433105,-0.582520,0.452637,0.974609,1.181641,2.242188,18496,17593,18247,17610,0.450000,-0.550000,0.300000,0.000000,1772898061679.521,0.433609,-0.581288,0.452586,0.000000,0.000000,0.000000,1.000000,position_only
2026-03-07T15:41:01.697010+00:00,1772898061697.009,0.434570,-0.582031,0.452637,0.943848,1.193359,2.246094,18516,17626,18291,17515,0.450000,-0.550000,0.300000,0.000000,1772898061688.073,0.434743,-0.580725,0.452534,0.000000,0.000000,0.000000,1.000000,position_only
2026-03-07T15:41:01.707153+00:00,1772898061707.152,0.436035,-0.581543,0.452393,0.921875,1.225586,2.255859,18447,17705,18209,17583,0.450000,-0.550000,0.300000,0.000000,1772898061705.530,0.437013,-0.579739,0.452349,0.000000,0.000000,0.000000,1.000000,position_only
2026-03-07T15:41:01.715754+00:00,1772898061715.753,0.437500,-0.581055,0.452393,0.914551,1.267578,2.257812,18546,17611,18371,17419,0.450000,-0.550000,0.300000,0.000000,1772898061714.174,0.438167,-0.579152,0.452254,0.000000,0.000000,0.000000,1.000000,position_only
2026-03-07T15:41:01.725968+00:00,1772898061725.967,0.438965,-0.580078,0.452393,0.905762,1.325195,2.265625,18502,17650,18280,17521,0.450000,-0.550000,0.300000,0.000000,1772898061722.711,0.439355,-0.578678,0.452099,0.000000,0.000000,0.000000,1.000000,position_only
2026-03-07T15:41:01.737995+00:00,1772898061737.994,0.440186,-0.579590,0.452148,0.894043,1.368164,2.271484,18566,17616,18421,17352,0.450000,-0.550000,0.300000,0.000000,1772898061731.517,0.440300,-0.578209,0.452048,0.000000,0.000000,0.000000,1.000000,position_only
2026-03-07T15:41:01.746927+00:00,1772898061746.926,0.441406,-0.579102,0.452148,0.889648,1.438477,2.287109,18388,17794,18157,17618,0.450000,-0.550000,0.300000,0.000000,1772898061740.006,0.441511,-0.577624,0.452004,0.000000,0.000000,0.000000,1.000000,position_only
2026-03-07T15:41:01.756172+00:00,1772898061756.171,0.442871,-0.578613,0.451904,0.893066,1.484375,2.283203,18506,17717,18299,17438,0.450000,-0.550000,0.300000,0.000000,1772898061748.588,0.442568,-0.577185,0.451887,0.000000,0.000000,0.000000,1.000000,position_only
2026-03-07T15:41:01.765973+00:00,1772898061765.972,0.444092,-0.578125,0.451904,0.903320,1.528320,2.289062,18624,17633,18314,17390,0.450000,-0.550000,0.300000,0.000000,1772898061765.898,0.444610,-0.576244,0.451744,0.000000,0.000000,0.000000,1.000000,position_only
2026-03-07T15:41:01.777451+00:00,1772898061777.450,0.445312,-0.577637,0.451660,0.924316,1.551758,2.300781,18666,17561,18345,17389,0.450000,-0.550000,0.300000,0.000000,1772898061774.519,0.445585,-0.575776,0.451639,0.000000,0.000000,0.000000,1.000000,position_only
2026-03-07T15:41:01.788020+00:00,1772898061788.019,0.446533,-0.576660,0.451660,0.936035,1.559570,2.314453,18719,17509,18368,17356,0.450000,-0.550000,0.300000,0.000000,1772898061783.026,0.446513,-0.575359,0.451583,0.000000,0.000000,0.000000,1.000000,position_only
2026-03-07T15:41:01.797796+00:00,1772898061797.795,0.447754,-0.576172,0.451660,0.947266,1.553711,2.324219,18631,17576,18278,17471,0.450000,-0.550000,0.300000,0.000000,1772898061791.824,0.447590,-0.574869,0.451524,0.000000,0.000000,0.000000,1.000000,position_only
2026-03-07T15:41:01.807001+00:00,1772898061807.000,0.448975,-0.575684,0.451416,0.951660,1.560547,2.335938,18624,17593,18248,17493,0.450000,-0.550000,0.300000,0.000000,1772898061800.458,0.448616,-0.574396,0.451369,0.000000,0.000000,0.000000,1.000000,position_only
2026-03-07T15:41:01.817588+00:00,1772898061817.587,0.450195,-0.575195,0.451416,0.952637,1.548828,2.341797,18632,17529,18256,17538,0.450000,-0.550000,0.300000,0.000000,1772898061817.446,0.450475,-0.573610,0.451286,0.000000,0.000000,0.000000,1.000000,position_only
2026-03-07T15:41:01.826739+00:00,1772898061826.737,0.451172,-0.574707,0.451416,0.938477,1.526367,2.347656,18666,17509,18357,17415,0.450000,-0.550000,0.300000,0.000000,1772898061826.172,0.451405,-0.573078,0.451225,0.000000,0.000000,0.000000,1.000000,position_only
2026-03-07T15:41:01.835751+00:00,1772898061835.750,0.452148,-0.574219,0.451172,0.930664,1.529297,2.359375,18529,17595,18183,17634,0.450000,-0.550000,0.300000,0.000000,1772898061834.701,0.452334,-0.572684,0.451124,0.000000,0.000000,0.000000,1.000000,position_only
2026-03-07T15:41:01.847255+00:00,1772898061847.254,0.453369,-0.573730,0.451172,0.904785,1.512695,2.359375,18458,17666,18144,17675,0.450000,-0.550000,0.300000,0.000000,1772898061843.286,0.453239,-0.572311,0.451019,0.000000,0.000000,0.000000,1.000000,position_only
2026-03-07T15:41:01.858944+00:00,1772898061858.943,0.453369,-0.573730,0.451172,0.904785,1.512695,2.359375,18473,17660,18267,17527,0.450000,-0.550000,0.300000,0.000000,1772898061851.781,0.454099,-0.571842,0.451012,0.000000,0.000000,0.000000,1.000000,position_only
2026-03-07T15:41:01.867092+00:00,1772898061867.091,0.454346,-0.573242,0.451172,0.881836,1.510742,2.357422,18485,17623,18316,17489,0.450000,-0.550000,0.300000,0.000000,1772898061860.470,0.455861,-0.571078,0.450844,0.000000,0.000000,0.000000,1.000000,position_only
2026-03-07T15:41:01.875941+00:00,1772898061875.940,0.455566,-0.572754,0.451172,0.860352,1.544922,2.365234,18523,17585,18314,17490,0.450000,-0.550000,0.300000,0.000000,1772898061868.976,0.456616,-0.570681,0.450843,0.000000,0.000000,0.000000,1.000000,position_only
2026-03-07T15:41:01.887197+00:00,1772898061887.196,0.456543,-0.572266,0.450928,0.844238,1.574219,2.373047,18396,17672,18197,17649,0.450000,-0.550000,0.300000,0.000000,1772898061886.001,0.458424,-0.569867,0.450699,0.000000,0.000000,0.000000,1.000000,position_only
2026-03-07T15:41:01.897096+00:00,1772898061897.095,0.457520,-0.571777,0.450928,0.819336,1.598633,2.376953,18396,17710,18167,17640,0.450000,-0.550000,0.300000,0.000000,1772898061894.529,0.459110,-0.569513,0.450667,0.000000,0.000000,0.000000,1.000000,position_only
2026-03-07T15:41:01.906332+00:00,1772898061906.331,0.458496,-0.571289,0.450928,0.796387,1.604492,2.376953,18463,17640,18207,17606,0.450000,-0.550000,0.300000,0.000000,1772898061903.011,0.459806,-0.569148,0.450630,0.000000,0.000000,0.000000,1.000000,position_only
2026-03-07T15:41:01.917804+00:00,1772898061917.803,0.459473,-0.570801,0.450928,0.779785,1.607422,2.373047,18572,17561,18356,17425,0.450000,-0.550000,0.300000,0.000000,1772898061911.494,0.460638,-0.568780,0.450621,0.000000,0.000000,0.000000,1.000000,position_only
2026-03-07T15:41:01.927258+00:00,1772898061927.258,0.460449,-0.570312,0.450928,0.770020,1.612305,2.382812,18503,17630,18201,17578,0.450000,-0.550000,0.300000,0.000000,1772898061919.970,0.461410,-0.568419,0.450573,0.000000,0.000000,0.000000,1.000000,position_only
2026-03-07T15:41:01.936517+00:00,1772898061936.517,0.461426,-0.569824,0.450684,0.763184,1.618164,2.390625,18477,17674,18165,17594,0.450000,-0.550000,0.300000,0.000000,1772898061928.520,0.461410,-0.568419,0.450573,0.000000,0.000000,0.000000,1.000000,position_only
2026-03-07T15:41:01.945688+00:00,1772898061945.688,0.462158,-0.569336,0.450684,0.761719,1.614258,2.390625,18654,17482,18380,17397,0.450000,-0.550000,0.300000,0.000000,1772898061945.530,0.463621,-0.567426,0.450443,0.000000,0.000000,0.000000,1.000000,position_only
2026-03-07T15:41:01.955688+00:00,1772898061955.688,0.463135,-0.569336,0.450684,0.762695,1.615234,2.400391,18599,17555,18243,17512,0.450000,-0.550000,0.300000,0.000000,1772898061954.052,0.464346,-0.567038,0.450404,0.000000,0.000000,0.000000,1.000000,position_only
2026-03-07T15:41:01.965518+00:00,1772898061965.517,0.463867,-0.568848,0.450684,0.765625,1.594727,2.406250,18529,17596,18236,17541,0.450000,-0.550000,0.300000,0.000000,1772898061962.588,0.464874,-0.566695,0.450376,0.000000,0.000000,0.000000,1.000000,position_only
2026-03-07T15:41:01.978859+00:00,1772898061978.858,0.464844,-0.568359,0.450684,0.763184,1.588867,2.414062,18546,17597,18252,17492,0.450000,-0.550000,0.300000,0.000000,1772898061971.105,0.465538,-0.566386,0.450331,0.000000,0.000000,0.000000,1.000000,position_only
2026-03-07T15:41:01.986564+00:00,1772898061986.563,0.465576,-0.567871,0.450684,0.766602,1.587891,2.417969,18427,17765,18082,17620,0.450000,-0.550000,0.300000,0.000000,1772898061979.195,0.466223,-0.566048,0.450313,0.000000,0.000000,0.000000,1.000000,position_only
2026-03-07T15:41:01.996432+00:00,1772898061996.431,0.466309,-0.567383,0.450439,0.781250,1.596680,2.414062,18483,17702,18266,17451,0.450000,-0.550000,0.300000,0.000000,1772898061996.230,0.467470,-0.565409,0.450248,0.000000,0.000000,0.000000,1.000000,position_only
2026-03-07T15:41:02.007252+00:00,1772898062007.252,0.467041,-0.567383,0.450439,0.797363,1.630859,2.416016,18562,17613,18334,17380,0.450000,-0.550000,0.300000,0.000000,1772898062004.702,0.468011,-0.565108,0.450200,0.000000,0.000000,0.000000,1.000000,position_only
2026-03-07T15:41:02.017811+00:00,1772898062017.810,0.467773,-0.566895,0.450439,0.809570,1.652344,2.423828,18497,17713,18216,17438,0.450000,-0.550000,0.300000,0.000000,1772898062013.203,0.468568,-0.564851,0.450188,0.000000,0.000000,0.000000,1.000000,position_only
2026-03-07T15:41:02.028777+00:00,1772898062028.776,0.468262,-0.566406,0.450439,0.829590,1.673828,2.429688,18407,17715,18179,17549,0.450000,-0.550000,0.300000,0.000000,1772898062021.652,0.469158,-0.564576,0.450143,0.000000,0.000000,0.000000,1.000000,position_only
2026-03-07T15:41:02.035697+00:00,1772898062035.697,0.468994,-0.566406,0.450439,0.827148,1.674805,2.425781,18348,17806,18030,17667,0.450000,-0.550000,0.300000,0.000000,1772898062030.201,0.469697,-0.564279,0.450145,0.000000,0.000000,0.000000,1.000000,position_only
2026-03-07T15:41:02.047905+00:00,1772898062047.904,0.469727,-0.565918,0.450439,0.830566,1.660156,2.412109,18517,17606,18211,17504,0.450000,-0.550000,0.300000,0.000000,1772898062047.130,0.470731,-0.563671,0.450097,0.000000,0.000000,0.000000,1.000000,position_only
2026-03-07T15:41:02.056337+00:00,1772898062056.337,0.470215,-0.565430,0.450439,0.831055,1.645508,2.419922,18568,17573,18189,17480,0.450000,-0.550000,0.300000,0.000000,1772898062055.589,0.471223,-0.563401,0.450096,0.000000,0.000000,0.000000,1.000000,position_only
2026-03-07T15:41:02.067138+00:00,1772898062067.137,0.470947,-0.564941,0.450439,0.842285,1.623047,2.421875,18594,17545,18233,17426,0.450000,-0.550000,0.300000,0.000000,1772898062064.069,0.471691,-0.563194,0.450098,0.000000,0.000000,0.000000,1.000000,position_only
2026-03-07T15:41:02.078426+00:00,1772898062078.425,0.470947,-0.564941,0.450439,0.842285,1.623047,2.421875,18578,17531,18177,17515,0.450000,-0.550000,0.300000,0.000000,1772898062072.592,0.472212,-0.562890,0.450032,0.000000,0.000000,0.000000,1.000000,position_only
2026-03-07T15:41:02.087460+00:00,1772898062087.460,0.471924,-0.564453,0.450684,0.849121,1.541016,2.427734,18636,17471,18262,17433,0.450000,-0.550000,0.300000,0.000000,1772898062081.519,0.472643,-0.562635,0.450028,0.000000,0.000000,0.000000,1.000000,position_only
2026-03-07T15:41:02.098919+00:00,1772898062098.918,0.471924,-0.564453,0.450439,0.849121,1.541016,2.427734,18595,17480,18239,17496,0.450000,-0.550000,0.300000,0.000000,1772898062098.529,0.473504,-0.562077,0.449994,0.000000,0.000000,0.000000,1.000000,position_only
2026-03-07T15:41:02.106615+00:00,1772898062106.615,0.472412,-0.563965,0.450439,0.838379,1.501953,2.437500,18552,17591,18159,17512,0.450000,-0.550000,0.300000,0.000000,1772898062098.529,0.473504,-0.562077,0.449994,0.000000,0.000000,0.000000,1.000000,position_only
2026-03-07T15:41:02.116096+00:00,1772898062116.095,0.472900,-0.563965,0.450439,0.832031,1.456055,2.439453,18550,17569,18155,17548,0.450000,-0.550000,0.300000,0.000000,1772898062115.528,0.474351,-0.561642,0.449950,0.000000,0.000000,0.000000,1.000000,position_only
2026-03-07T15:41:02.128395+00:00,1772898062128.394,0.473389,-0.563477,0.450439,0.833984,1.423828,2.441406,18581,17574,18214,17458,0.450000,-0.550000,0.300000,0.000000,1772898062124.306,0.474768,-0.561391,0.449935,0.000000,0.000000,0.000000,1.000000,position_only
2026-03-07T15:41:02.136681+00:00,1772898062136.681,0.473877,-0.563477,0.450439,0.831543,1.383789,2.433594,18463,17643,18047,17672,0.450000,-0.550000,0.300000,0.000000,1772898062132.819,0.475099,-0.561197,0.449930,0.000000,0.000000,0.000000,1.000000,position_only
2026-03-07T15:41:02.148008+00:00,1772898062148.007,0.474121,-0.562988,0.450439,0.831543,1.350586,2.429688,18571,17558,18171,17529,0.450000,-0.550000,0.300000,0.000000,1772898062141.304,0.475437,-0.560963,0.449902,0.000000,0.000000,0.000000,1.000000,position_only
2026-03-07T15:41:02.157954+00:00,1772898062157.954,0.474609,-0.562500,0.450439,0.832031,1.319336,2.427734,18636,17483,18256,17466,0.450000,-0.550000,0.300000,0.000000,1772898062150.017,0.475803,-0.560706,0.449884,0.000000,0.000000,0.000000,1.000000,position_only
2026-03-07T15:41:02.167545+00:00,1772898062167.544,0.475098,-0.562500,0.450439,0.823242,1.277344,2.431641,18560,17592,18165,17527,0.450000,-0.550000,0.300000,0.000000,1772898062167.328,0.476500,-0.560257,0.449836,0.000000,0.000000,0.000000,1.000000,position_only
2026-03-07T15:41:02.177075+00:00,1772898062177.074,0.475342,-0.562012,0.450439,0.820801,1.242188,2.433594,18558,17588,18092,17613,0.450000,-0.550000,0.300000,0.000000,1772898062175.827,0.476809,-0.560024,0.449804,0.000000,0.000000,0.000000,1.000000,position_only
2026-03-07T15:41:02.187823+00:00,1772898062187.823,0.475830,-0.562012,0.450439,0.826172,1.212891,2.435547,18648,17550,18194,17481,0.450000,-0.550000,0.300000,0.000000,1772898062184.347,0.477127,-0.559815,0.449792,0.000000,0.000000,0.000000,1.000000,position_only
2026-03-07T15:41:02.196589+00:00,1772898062196.588,0.476074,-0.562012,0.450439,0.838867,1.171875,2.435547,18640,17535,18143,17566,0.450000,-0.550000,0.300000,0.000000,1772898062192.979,0.477482,-0.559635,0.449761,0.000000,0.000000,0.000000,1.000000,position_only
2026-03-07T15:41:02.208730+00:00,1772898062208.729,0.476318,-0.561523,0.450195,0.842773,1.125000,2.439453,18671,17494,18232,17474,0.450000,-0.550000,0.300000,0.000000,1772898062201.587,0.477747,-0.559497,0.449733,0.000000,0.000000,0.000000,1.000000,position_only
2026-03-07T15:41:02.217007+00:00,1772898062217.006,0.476807,-0.561523,0.450195,0.851562,1.072266,2.443359,18625,17566,18242,17432,0.450000,-0.550000,0.300000,0.000000,1772898062210.100,0.478021,-0.559295,0.449723,0.000000,0.000000,0.000000,1.000000,position_only
2026-03-07T15:41:02.228544+00:00,1772898062228.543,0.477051,-0.561035,0.450195,0.857422,1.052734,2.451172,18606,17584,18204,17467,0.450000,-0.550000,0.300000,0.000000,1772898062227.351,0.478747,-0.558693,0.449677,0.000000,0.000000,0.000000,1.000000,position_only
2026-03-07T15:41:02.236091+00:00,1772898062236.090,0.477295,-0.561035,0.450195,0.875000,1.042969,2.455078,18551,17652,18070,17578,0.450000,-0.550000,0.300000,0.000000,1772898062235.874,0.478747,-0.558693,0.449677,0.000000,0.000000,0.000000,1.000000,position_only
2026-03-07T15:41:02.247771+00:00,1772898062247.770,0.477539,-0.560547,0.450195,0.886719,1.023438,2.453125,18558,17667,18045,17565,0.450000,-0.550000,0.300000,0.000000,1772898062244.445,0.479270,-0.558404,0.449640,0.000000,0.000000,0.000000,1.000000,position_only
2026-03-07T15:41:02.260191+00:00,1772898062260.190,0.477783,-0.560547,0.450195,0.909668,1.003906,2.451172,18725,17510,18228,17377,0.450000,-0.550000,0.300000,0.000000,1772898062252.987,0.479552,-0.558192,0.449614,0.000000,0.000000,0.000000,1.000000,position_only
2026-03-07T15:41:02.267958+00:00,1772898062267.957,0.478027,-0.560547,0.450195,0.928223,0.979004,2.449219,18687,17554,18186,17416,0.450000,-0.550000,0.300000,0.000000,1772898062261.770,0.479765,-0.558065,0.449593,0.000000,0.000000,0.000000,1.000000,position_only
2026-03-07T15:41:02.277691+00:00,1772898062277.690,0.478516,-0.560059,0.450195,0.951660,0.956055,2.455078,18598,17624,18127,17489,0.450000,-0.550000,0.300000,0.000000,1772898062270.340,0.479985,-0.557893,0.449562,0.000000,0.000000,0.000000,1.000000,position_only
2026-03-07T15:41:02.287686+00:00,1772898062287.685,0.478516,-0.560059,0.450195,0.973633,0.941895,2.457031,18467,17688,17959,17725,0.450000,-0.550000,0.300000,0.000000,1772898062287.383,0.480435,-0.557615,0.449534,0.000000,0.000000,0.000000,1.000000,position_only
2026-03-07T15:41:02.297364+00:00,1772898062297.362,0.478760,-0.560059,0.450195,0.975098,0.901855,2.445312,18528,17612,18078,17635,0.450000,-0.550000,0.300000,0.000000,1772898062296.070,0.480629,-0.557501,0.449502,0.000000,0.000000,0.000000,1.000000,position_only
2026-03-07T15:41:02.308041+00:00,1772898062308.040,0.479004,-0.559570,0.450195,0.972656,0.864258,2.437500,18628,17488,18238,17520,0.450000,-0.550000,0.300000,0.000000,1772898062304.584,0.480810,-0.557379,0.449479,0.000000,0.000000,0.000000,1.000000,position_only
2026-03-07T15:41:02.319041+00:00,1772898062319.040,0.479248,-0.559570,0.450195,0.954102,0.833984,2.441406,18569,17548,18133,17631,0.450000,-0.550000,0.300000,0.000000,1772898062313.110,0.480967,-0.557287,0.449472,0.000000,0.000000,0.000000,1.000000,position_only
2026-03-07T15:41:02.327747+00:00,1772898062327.746,0.479492,-0.559570,0.449951,0.925293,0.789551,2.439453,18606,17524,18125,17648,0.450000,-0.550000,0.300000,0.000000,1772898062321.958,0.481213,-0.557092,0.449422,0.000000,0.000000,0.000000,1.000000,position_only
2026-03-07T15:41:02.337986+00:00,1772898062337.986,0.479736,-0.559082,0.449951,0.897949,0.745605,2.437500,18622,17482,18202,17608,0.450000,-0.550000,0.300000,0.000000,1772898062330.749,0.481402,-0.556967,0.449403,0.000000,0.000000,0.000000,1.000000,position_only
2026-03-07T15:41:02.347108+00:00,1772898062347.108,0.479980,-0.559082,0.449951,0.866699,0.697266,2.437500,18696,17433,18255,17530,0.450000,-0.550000,0.300000,0.000000,1772898062339.270,0.481606,-0.556843,0.449384,0.000000,0.000000,0.000000,1.000000,position_only
2026-03-07T15:41:02.357064+00:00,1772898062357.063,0.480225,-0.559082,0.449951,0.837891,0.661133,2.445312,18663,17438,18320,17480,0.450000,-0.550000,0.300000,0.000000,1772898062356.529,0.481930,-0.556639,0.449359,0.000000,0.000000,0.000000,1.000000,position_only
2026-03-07T15:41:02.368089+00:00,1772898062368.089,0.480225,-0.559082,0.449951,0.803223,0.642578,2.455078,18461,17637,18114,17691,0.450000,-0.550000,0.300000,0.000000,1772898062365.088,0.482081,-0.556520,0.449338,0.000000,0.000000,0.000000,1.000000,position_only
2026-03-07T15:41:02.377257+00:00,1772898062377.256,0.480469,-0.559082,0.449951,0.773926,0.627930,2.453125,18482,17628,18087,17709,0.450000,-0.550000,0.300000,0.000000,1772898062373.587,0.482260,-0.556399,0.449305,0.000000,0.000000,0.000000,1.000000,position_only
2026-03-07T15:41:02.388104+00:00,1772898062388.104,0.480713,-0.559082,0.449951,0.750000,0.604980,2.447266,18621,17505,18329,17441,0.450000,-0.550000,0.300000,0.000000,1772898062382.519,0.482441,-0.556321,0.449313,0.000000,0.000000,0.000000,1.000000,position_only
2026-03-07T15:41:02.398514+00:00,1772898062398.514,0.480713,-0.558594,0.449707,0.732910,0.607422,2.453125,18431,17663,18010,17783,0.450000,-0.550000,0.300000,0.000000,1772898062391.092,0.482678,-0.556198,0.449272,0.000000,0.000000,0.000000,1.000000,position_only
2026-03-07T15:41:02.407722+00:00,1772898062407.721,0.481201,-0.558594,0.449707,0.712891,0.575684,2.443359,18523,17615,18088,17669,0.450000,-0.550000,0.300000,0.000000,1772898062399.623,0.482846,-0.556122,0.449257,0.000000,0.000000,0.000000,1.000000,position_only
2026-03-07T15:41:02.417685+00:00,1772898062417.685,0.481201,-0.558594,0.449707,0.702148,0.555664,2.435547,18599,17590,18175,17533,0.450000,-0.550000,0.300000,0.000000,1772898062416.763,0.483144,-0.555968,0.449211,0.000000,0.000000,0.000000,1.000000,position_only
2026-03-07T15:41:02.429611+00:00,1772898062429.611,0.481445,-0.558594,0.449707,0.705078,0.562500,2.441406,18737,17448,18341,17364,0.450000,-0.550000,0.300000,0.000000,1772898062425.390,0.483269,-0.555908,0.449195,0.000000,0.000000,0.000000,1.000000,position_only
2026-03-07T15:41:02.438277+00:00,1772898062438.277,0.481689,-0.558594,0.449707,0.711914,0.570312,2.458984,18746,17438,18298,17403,0.450000,-0.550000,0.300000,0.000000,1772898062433.917,0.483378,-0.555836,0.449190,0.000000,0.000000,0.000000,1.000000,position_only
2026-03-07T15:41:02.448205+00:00,1772898062448.204,0.481934,-0.558105,0.449707,0.714355,0.562988,2.466797,18598,17562,18106,17619,0.450000,-0.550000,0.300000,0.000000,1772898062442.432,0.483545,-0.555731,0.449180,0.000000,0.000000,0.000000,1.000000,position_only
2026-03-07T15:41:02.457253+00:00,1772898062457.252,0.481934,-0.558105,0.449707,0.714355,0.562988,2.466797,18720,17433,18281,17452,0.450000,-0.550000,0.300000,0.000000,1772898062450.963,0.483665,-0.555683,0.449184,0.000000,0.000000,0.000000,1.000000,position_only
2026-03-07T15:41:02.468651+00:00,1772898062468.650,0.482178,-0.558105,0.449707,0.697754,0.511719,2.472656,18542,17597,18097,17650,0.450000,-0.550000,0.300000,0.000000,1772898062468.093,0.483884,-0.555526,0.449158,0.000000,0.000000,0.000000,1.000000,position_only
2026-03-07T15:41:02.478349+00:00,1772898062478.349,0.482178,-0.558105,0.449707,0.683594,0.484863,2.470703,18609,17489,18215,17547,0.450000,-0.550000,0.300000,0.000000,1772898062476.724,0.484006,-0.555475,0.449159,0.000000,0.000000,0.000000,1.000000,position_only
2026-03-07T15:41:02.488281+00:00,1772898062488.281,0.482422,-0.558105,0.449707,0.669922,0.470215,2.472656,18559,17565,18155,17577,0.450000,-0.550000,0.300000,0.000000,1772898062485.277,0.484155,-0.555365,0.449141,0.000000,0.000000,0.000000,1.000000,position_only
2026-03-07T15:41:02.497438+00:00,1772898062497.438,0.482422,-0.558105,0.449707,0.664551,0.470215,2.478516,18661,17486,18303,17408,0.450000,-0.550000,0.300000,0.000000,1772898062493.935,0.484421,-0.555213,0.449130,0.000000,0.000000,0.000000,1.000000,position_only
2026-03-07T15:41:02.508760+00:00,1772898062508.760,0.482666,-0.557617,0.449707,0.658691,0.465820,2.478516,18565,17560,18155,17582,0.450000,-0.550000,0.300000,0.000000,1772898062502.460,0.484550,-0.555140,0.449128,0.000000,0.000000,0.000000,1.000000,position_only
2026-03-07T15:41:02.518734+00:00,1772898062518.733,0.482910,-0.557617,0.449707,0.651855,0.481445,2.486328,18522,17625,18132,17565,0.450000,-0.550000,0.300000,0.000000,1772898062510.974,0.484657,-0.555071,0.449144,0.000000,0.000000,0.000000,1.000000,position_only
2026-03-07T15:41:02.527652+00:00,1772898062527.652,0.483154,-0.557617,0.449707,0.651855,0.481445,2.486328,18603,17560,18212,17473,0.450000,-0.550000,0.300000,0.000000,1772898062519.500,0.484816,-0.554984,0.449105,0.000000,0.000000,0.000000,1.000000,position_only
2026-03-07T15:41:02.537422+00:00,1772898062537.422,0.483154,-0.557617,0.449707,0.649414,0.489502,2.484375,18524,17631,18081,17610,0.450000,-0.550000,0.300000,0.000000,1772898062536.686,0.485005,-0.554855,0.449108,0.000000,0.000000,0.000000,1.000000,position_only
2026-03-07T15:41:02.548116+00:00,1772898062548.115,0.483398,-0.557617,0.449707,0.652832,0.488037,2.482422,18636,17503,18254,17452,0.450000,-0.550000,0.300000,0.000000,1772898062545.161,0.485005,-0.554855,0.449108,0.000000,0.000000,0.000000,1.000000,position_only
2026-03-07T15:41:02.557511+00:00,1772898062557.511,0.483398,-0.557617,0.449707,0.649902,0.489746,2.486328,18603,17527,18180,17530,0.450000,-0.550000,0.300000,0.000000,1772898062553.713,0.485281,-0.554691,0.449072,0.000000,0.000000,0.000000,1.000000,position_only
2026-03-07T15:41:02.570773+00:00,1772898062570.773,0.483643,-0.557129,0.449707,0.643555,0.478027,2.490234,18412,17733,17821,17874,0.450000,-0.550000,0.300000,0.000000,1772898062562.321,0.485371,-0.554610,0.449073,0.000000,0.000000,0.000000,1.000000,position_only
2026-03-07T15:41:02.577468+00:00,1772898062577.468,0.483643,-0.557617,0.449707,0.646973,0.462158,2.480469,18593,17538,17983,17719,0.450000,-0.550000,0.300000,0.000000,1772898062571.093,0.485484,-0.554559,0.449064,0.000000,0.000000,0.000000,1.000000,position_only
2026-03-07T15:41:02.588944+00:00,1772898062588.944,0.483887,-0.557129,0.449707,0.635742,0.388916,2.464844,18638,17530,18026,17644,0.450000,-0.550000,0.300000,0.000000,1772898062588.086,0.485724,-0.554445,0.449051,0.000000,0.000000,0.000000,1.000000,position_only
2026-03-07T15:41:02.598939+00:00,1772898062598.939,0.484131,-0.557129,0.449707,0.637695,0.333740,2.462891,18674,17474,18048,17642,0.450000,-0.550000,0.300000,0.000000,1772898062596.711,0.485857,-0.554383,0.449049,0.000000,0.000000,0.000000,1.000000,position_only
2026-03-07T15:41:02.608983+00:00,1772898062608.983,0.484131,-0.557129,0.449707,0.630859,0.271973,2.460938,18743,17441,18101,17561,0.450000,-0.550000,0.300000,0.000000,1772898062605.188,0.485967,-0.554346,0.449062,0.000000,0.000000,0.000000,1.000000,position_only
2026-03-07T15:41:02.620034+00:00,1772898062620.034,0.484375,-0.557129,0.449707,0.639160,0.224487,2.466797,18683,17488,18060,17618,0.450000,-0.550000,0.300000,0.000000,1772898062613.646,0.486098,-0.554251,0.449046,0.000000,0.000000,0.000000,1.000000,position_only
2026-03-07T15:41:02.630587+00:00,1772898062630.587,0.484375,-0.557129,0.449707,0.649414,0.176025,2.466797,18742,17339,18207,17548,0.450000,-0.550000,0.300000,0.000000,1772898062622.209,0.486173,-0.554199,0.449059,0.000000,0.000000,0.000000,1.000000,position_only
2026-03-07T15:41:02.638155+00:00,1772898062638.155,0.484619,-0.557129,0.449707,0.627441,0.133423,2.474609,18575,17468,18086,17705,0.450000,-0.550000,0.300000,0.000000,1772898062630.703,0.486279,-0.554147,0.449048,0.000000,0.000000,0.000000,1.000000,position_only
2026-03-07T15:41:02.647819+00:00,1772898062647.819,0.484863,-0.557129,0.449707,0.584961,0.085815,2.474609,18666,17380,18232,17564,0.450000,-0.550000,0.300000,0.000000,1772898062647.713,0.486495,-0.553995,0.449069,0.000000,0.000000,0.000000,1.000000,position_only
2026-03-07T15:41:02.659006+00:00,1772898062659.005,0.484863,-0.556641,0.449707,0.562500,0.073425,2.482422,18653,17355,18186,17647,0.450000,-0.550000,0.300000,0.000000,1772898062656.330,0.486607,-0.553937,0.449066,0.000000,0.000000,0.000000,1.000000,position_only
2026-03-07T15:41:02.668541+00:00,1772898062668.541,0.485107,-0.556641,0.449707,0.517578,0.046143,2.486328,18520,17476,18229,17603,0.450000,-0.550000,0.300000,0.000000,1772898062664.972,0.486658,-0.553868,0.449078,0.000000,0.000000,0.000000,1.000000,position_only
2026-03-07T15:41:02.677588+00:00,1772898062677.586,0.485107,-0.556641,0.449707,0.473633,0.065247,2.492188,18501,17481,18173,17663,0.450000,-0.550000,0.300000,0.000000,1772898062673.587,0.486681,-0.553845,0.449123,0.000000,0.000000,0.000000,1.000000,position_only
2026-03-07T15:41:02.689165+00:00,1772898062689.165,0.485352,-0.556641,0.449707,0.421631,0.081482,2.494141,18602,17422,18376,17419,0.450000,-0.550000,0.300000,0.000000,1772898062682.065,0.486808,-0.553734,0.449092,0.000000,0.000000,0.000000,1.000000,position_only
2026-03-07T15:41:02.699080+00:00,1772898062699.080,0.485596,-0.556641,0.449707,0.393799,0.124695,2.509766,18656,17372,18393,17404,0.450000,-0.550000,0.300000,0.000000,1772898062690.528,0.486888,-0.553659,0.449105,0.000000,0.000000,0.000000,1.000000,position_only
2026-03-07T15:41:02.708085+00:00,1772898062708.085,0.485596,-0.556641,0.449707,0.369629,0.179077,2.525391,18539,17479,18361,17460,0.450000,-0.550000,0.300000,0.000000,1772898062707.979,0.487065,-0.553514,0.449138,0.000000,0.000000,0.000000,1.000000,position_only
2026-03-07T15:41:02.717740+00:00,1772898062717.740,0.485840,-0.556641,0.449707,0.350098,0.249146,2.537109,18595,17459,18455,17319,0.450000,-0.550000,0.300000,0.000000,1772898062716.468,0.487132,-0.553486,0.449145,0.000000,0.000000,0.000000,1.000000,position_only
2026-03-07T15:41:02.727573+00:00,1772898062727.573,0.485840,-0.556641,0.449951,0.345947,0.339355,2.554688,18544,17532,18345,17413,0.450000,-0.550000,0.300000,0.000000,1772898062724.980,0.487193,-0.553406,0.449168,0.000000,0.000000,0.000000,1.000000,position_only
2026-03-07T15:41:02.739241+00:00,1772898062739.241,0.486084,-0.556152,0.449707,0.339844,0.336426,2.554688,18475,17590,18327,17428,0.450000,-0.550000,0.300000,0.000000,1772898062733.589,0.487245,-0.553363,0.449186,0.000000,0.000000,0.000000,1.000000,position_only
2026-03-07T15:41:02.749055+00:00,1772898062749.055,0.486328,-0.556152,0.449707,0.337158,0.423828,2.568359,18487,17603,18276,17440,0.450000,-0.550000,0.300000,0.000000,1772898062742.170,0.487300,-0.553312,0.449226,0.000000,0.000000,0.000000,1.000000,position_only
2026-03-07T15:41:02.760256+00:00,1772898062760.256,0.486328,-0.556152,0.449951,0.341797,0.499512,2.574219,18555,17562,18253,17423,0.450000,-0.550000,0.300000,0.000000,1772898062759.178,0.487484,-0.553161,0.449255,0.000000,0.000000,0.000000,1.000000,position_only
2026-03-07T15:41:02.769177+00:00,1772898062769.177,0.486328,-0.556152,0.449951,0.349609,0.547852,2.580078,18703,17348,18391,17358,0.450000,-0.550000,0.300000,0.000000,1772898062767.746,0.487559,-0.553092,0.449258,0.000000,0.000000,0.000000,1.000000,position_only
2026-03-07T15:41:02.780904+00:00,1772898062780.903,0.486572,-0.555664,0.449951,0.353027,0.572754,2.591797,18727,17337,18368,17371,0.450000,-0.550000,0.300000,0.000000,1772898062776.532,0.487608,-0.553044,0.449271,0.000000,0.000000,0.000000,1.000000,position_only
2026-03-07T15:41:02.789172+00:00,1772898062789.172,0.486572,-0.555664,0.449951,0.348389,0.568359,2.603516,18747,17310,18337,17413,0.450000,-0.550000,0.300000,0.000000,1772898062785.632,0.487738,-0.552940,0.449299,0.000000,0.000000,0.000000,1.000000,position_only
2026-03-07T15:41:02.798982+00:00,1772898062798.981,0.486816,-0.555664,0.449951,0.348389,0.555176,2.617188,18702,17369,18271,17470,0.450000,-0.550000,0.300000,0.000000,1772898062794.265,0.487795,-0.552852,0.449298,0.000000,0.000000,0.000000,1.000000,position_only
2026-03-07T15:41:02.811051+00:00,1772898062811.050,0.486816,-0.555664,0.449951,0.353271,0.540527,2.628906,18737,17332,18322,17429,0.450000,-0.550000,0.300000,0.000000,1772898062802.846,0.487846,-0.552793,0.449348,0.000000,0.000000,0.000000,1.000000,position_only
2026-03-07T15:41:02.818530+00:00,1772898062818.530,0.487061,-0.555664,0.449951,0.354004,0.520020,2.642578,18876,17210,18435,17308,0.450000,-0.550000,0.300000,0.000000,1772898062811.363,0.487940,-0.552700,0.449350,0.000000,0.000000,0.000000,1.000000,position_only
2026-03-07T15:41:02.828965+00:00,1772898062828.964,0.487061,-0.555176,0.449951,0.362305,0.508301,2.664062,18841,17237,18413,17338,0.450000,-0.550000,0.300000,0.000000,1772898062828.645,0.487954,-0.552611,0.449400,0.000000,0.000000,0.000000,1.000000,position_only
2026-03-07T15:41:02.850044+00:00,1772898062850.044,0.487061,-0.555176,0.449951,0.364746,0.491211,2.687500,18764,17290,18368,17412,0.450000,-0.550000,0.300000,0.000000,1772898062845.644,0.488043,-0.552467,0.449425,0.000000,0.000000,0.000000,1.000000,position_only
2026-03-07T15:41:02.853719+00:00,1772898062853.719,0.487061,-0.555176,0.449951,0.360840,0.480713,2.703125,18580,17494,18222,17543,0.450000,-0.550000,0.300000,0.000000,1772898062845.644,0.488043,-0.552467,0.449425,0.000000,0.000000,0.000000,1.000000,position_only
2026-03-07T15:41:02.857705+00:00,1772898062857.705,0.487061,-0.555176,0.449951,0.365234,0.493652,2.712891,18614,17458,18249,17521,0.450000,-0.550000,0.300000,0.000000,1772898062854.140,0.488067,-0.552356,0.449454,0.000000,0.000000,0.000000,1.000000,position_only
2026-03-07T15:41:02.870214+00:00,1772898062870.214,0.487305,-0.555176,0.449951,0.371826,0.505859,2.718750,18648,17426,18389,17372,0.450000,-0.550000,0.300000,0.000000,1772898062863.135,0.488060,-0.552319,0.449480,0.000000,0.000000,0.000000,1.000000,position_only
2026-03-07T15:41:02.879334+00:00,1772898062879.332,0.487305,-0.555176,0.449951,0.379150,0.538574,2.732422,18629,17419,18333,17443,0.450000,-0.550000,0.300000,0.000000,1772898062871.679,0.488070,-0.552286,0.449513,0.000000,0.000000,0.000000,1.000000,position_only
2026-03-07T15:41:02.888303+00:00,1772898062888.302,0.487305,-0.554688,0.449951,0.381836,0.550781,2.738281,18606,17423,18371,17415,0.450000,-0.550000,0.300000,0.000000,1772898062880.182,0.488076,-0.552188,0.449519,0.000000,0.000000,0.000000,1.000000,position_only
2026-03-07T15:41:02.898168+00:00,1772898062898.167,0.487305,-0.554688,0.449951,0.382080,0.585449,2.751953,18614,17403,18377,17412,0.450000,-0.550000,0.300000,0.000000,1772898062897.661,0.488012,-0.552037,0.449594,0.000000,0.000000,0.000000,1.000000,position_only
2026-03-07T15:41:02.909135+00:00,1772898062909.134,0.487305,-0.554688,0.450195,0.381836,0.610840,2.759766,18591,17474,18395,17355,0.450000,-0.550000,0.300000,0.000000,1772898062906.234,0.487988,-0.551974,0.449616,0.000000,0.000000,0.000000,1.000000,position_only
2026-03-07T15:41:02.919238+00:00,1772898062919.237,0.487305,-0.554688,0.450195,0.391846,0.658203,2.771484,18643,17434,18306,17449,0.450000,-0.550000,0.300000,0.000000,1772898062915.020,0.487934,-0.551928,0.449668,0.000000,0.000000,0.000000,1.000000,position_only
2026-03-07T15:41:02.930923+00:00,1772898062930.922,0.487305,-0.554688,0.450195,0.403564,0.670410,2.781250,18680,17397,18387,17367,0.450000,-0.550000,0.300000,0.000000,1772898062923.587,0.487952,-0.551824,0.449695,0.000000,0.000000,0.000000,1.000000,position_only
2026-03-07T15:41:02.939271+00:00,1772898062939.271,0.487305,-0.554199,0.450195,0.403564,0.670410,2.781250,18672,17380,18333,17449,0.450000,-0.550000,0.300000,0.000000,1772898062932.122,0.487905,-0.551780,0.449721,0.000000,0.000000,0.000000,1.000000,position_only
2026-03-07T15:41:02.950092+00:00,1772898062950.092,0.487305,-0.554199,0.450195,0.420410,0.654785,2.794922,18649,17442,18259,17486,0.450000,-0.550000,0.300000,0.000000,1772898062949.527,0.487765,-0.551645,0.449795,0.000000,0.000000,0.000000,1.000000,position_only
2026-03-07T15:41:02.960746+00:00,1772898062960.746,0.487305,-0.554199,0.450195,0.420410,0.654785,2.794922,18598,17471,18081,17690,0.450000,-0.550000,0.300000,0.000000,1772898062958.045,0.487713,-0.551584,0.449834,0.000000,0.000000,0.000000,1.000000,position_only
2026-03-07T15:41:02.969406+00:00,1772898062969.405,0.487061,-0.553711,0.450195,0.439209,0.631836,2.796875,18772,17351,18306,17420,0.450000,-0.550000,0.300000,0.000000,1772898062966.529,0.487657,-0.551498,0.449870,0.000000,0.000000,0.000000,1.000000,position_only
2026-03-07T15:41:02.979594+00:00,1772898062979.594,0.487061,-0.553711,0.450195,0.447510,0.583984,2.796875,18806,17327,18209,17498,0.450000,-0.550000,0.300000,0.000000,1772898062975.026,0.487605,-0.551446,0.449911,0.000000,0.000000,0.000000,1.000000,position_only
2026-03-07T15:41:02.991013+00:00,1772898062991.013,0.487061,-0.553711,0.450195,0.469971,0.520996,2.802734,18678,17390,18151,17604,0.450000,-0.550000,0.300000,0.000000,1772898062983.891,0.487541,-0.551434,0.449951,0.000000,0.000000,0.000000,1.000000,position_only
2026-03-07T15:41:02.998714+00:00,1772898062998.713,0.487061,-0.553711,0.450195,0.481201,0.450928,2.806641,18688,17398,18110,17622,0.450000,-0.550000,0.300000,0.000000,1772898062992.427,0.487536,-0.551358,0.449972,0.000000,0.000000,0.000000,1.000000,position_only
2026-03-07T15:41:03.008807+00:00,1772898063008.807,0.486816,-0.553711,0.450195,0.485352,0.385254,2.802734,18716,17359,18205,17552,0.450000,-0.550000,0.300000,0.000000,1772898063000.897,0.487432,-0.551322,0.450031,0.000000,0.000000,0.000000,1.000000,position_only
2026-03-07T15:41:03.019406+00:00,1772898063019.405,0.486816,-0.553223,0.450195,0.499268,0.333984,2.808594,18745,17325,18271,17504,0.450000,-0.550000,0.300000,0.000000,1772898063017.854,0.487315,-0.551214,0.450112,0.000000,0.000000,0.000000,1.000000,position_only
2026-03-07T15:41:03.029931+00:00,1772898063029.931,0.486816,-0.553223,0.450439,0.501953,0.291016,2.816406,18701,17395,18217,17545,0.450000,-0.550000,0.300000,0.000000,1772898063026.443,0.487229,-0.551173,0.450164,0.000000,0.000000,0.000000,1.000000,position_only
2026-03-07T15:41:03.039039+00:00,1772898063039.038,0.486572,-0.553223,0.450439,0.511719,0.256348,2.820312,18758,17287,18347,17479,0.450000,-0.550000,0.300000,0.000000,1772898063035.042,0.487186,-0.551117,0.450200,0.000000,0.000000,0.000000,1.000000,position_only
2026-03-07T15:41:03.050856+00:00,1772898063050.855,0.486572,-0.553223,0.450439,0.509277,0.230225,2.828125,18722,17342,18370,17448,0.450000,-0.550000,0.300000,0.000000,1772898063043.565,0.487090,-0.551085,0.450240,0.000000,0.000000,0.000000,1.000000,position_only
2026-03-07T15:41:03.059362+00:00,1772898063059.362,0.486328,-0.553223,0.450439,0.503906,0.233032,2.841797,18549,17422,18288,17624,0.450000,-0.550000,0.300000,0.000000,1772898063052.067,0.486989,-0.551065,0.450281,0.000000,0.000000,0.000000,1.000000,position_only
2026-03-07T15:41:03.068958+00:00,1772898063068.958,0.486328,-0.553223,0.450439,0.475830,0.235229,2.841797,18643,17365,18444,17423,0.450000,-0.550000,0.300000,0.000000,1772898063060.644,0.486770,-0.550969,0.450398,0.000000,0.000000,0.000000,1.000000,position_only
2026-03-07T15:41:03.079543+00:00,1772898063079.542,0.486084,-0.553223,0.450439,0.452637,0.260986,2.851562,18723,17298,18562,17290,0.450000,-0.550000,0.300000,0.000000,1772898063077.962,0.486526,-0.550867,0.450496,0.000000,0.000000,0.000000,1.000000,position_only
2026-03-07T15:41:03.089139+00:00,1772898063089.139,0.486084,-0.552734,0.450439,0.442871,0.315430,2.875000,18588,17450,18467,17364,0.450000,-0.550000,0.300000,0.000000,1772898063086.665,0.486393,-0.550859,0.450576,0.000000,0.000000,0.000000,1.000000,position_only
2026-03-07T15:41:03.100706+00:00,1772898063100.706,0.485840,-0.552734,0.450439,0.432861,0.372070,2.888672,18619,17436,18541,17259,0.450000,-0.550000,0.300000,0.000000,1772898063095.192,0.486297,-0.550780,0.450626,0.000000,0.000000,0.000000,1.000000,position_only
2026-03-07T15:41:03.109987+00:00,1772898063109.986,0.485840,-0.552734,0.450439,0.433350,0.450928,2.906250,18603,17428,18495,17320,0.450000,-0.550000,0.300000,0.000000,1772898063103.655,0.486166,-0.550771,0.450680,0.000000,0.000000,0.000000,1.000000,position_only
2026-03-07T15:41:03.120714+00:00,1772898063120.713,0.485596,-0.552734,0.450439,0.432861,0.507324,2.919922,18646,17434,18542,17226,0.450000,-0.550000,0.300000,0.000000,1772898063112.508,0.486012,-0.550745,0.450735,0.000000,0.000000,0.000000,1.000000,position_only
2026-03-07T15:41:03.128604+00:00,1772898063128.604,0.485596,-0.552734,0.450684,0.443359,0.578613,2.939453,18675,17390,18534,17247,0.450000,-0.550000,0.300000,0.000000,1772898063121.024,0.485879,-0.550727,0.450809,0.000000,0.000000,0.000000,1.000000,position_only
2026-03-07T15:41:03.139803+00:00,1772898063139.803,0.485352,-0.552734,0.450684,0.452637,0.625488,2.951172,18529,17561,18318,17419,0.450000,-0.550000,0.300000,0.000000,1772898063138.193,0.485653,-0.550685,0.450950,0.000000,0.000000,0.000000,1.000000,position_only
2026-03-07T15:41:03.150765+00:00,1772898063150.764,0.485107,-0.552734,0.450684,0.468262,0.667480,2.958984,18552,17509,18303,17447,0.450000,-0.550000,0.300000,0.000000,1772898063146.848,0.485474,-0.550705,0.451025,0.000000,0.000000,0.000000,1.000000,position_only
2026-03-07T15:41:03.158970+00:00,1772898063158.970,0.484863,-0.552734,0.450928,0.474854,0.671387,2.958984,18626,17408,18330,17434,0.450000,-0.550000,0.300000,0.000000,1772898063155.505,0.485339,-0.550699,0.451090,0.000000,0.000000,0.000000,1.000000,position_only
2026-03-07T15:41:03.170483+00:00,1772898063170.482,0.485107,-0.552734,0.450928,0.474854,0.671387,2.958984,18757,17301,18398,17339,0.450000,-0.550000,0.300000,0.000000,1772898063164.045,0.485180,-0.550665,0.451159,0.000000,0.000000,0.000000,1.000000,position_only
2026-03-07T15:41:03.180581+00:00,1772898063180.580,0.484619,-0.552246,0.450928,0.499023,0.620605,2.978516,18786,17294,18378,17330,0.450000,-0.550000,0.300000,0.000000,1772898063172.591,0.485005,-0.550662,0.451229,0.000000,0.000000,0.000000,1.000000,position_only
2026-03-07T15:41:03.189938+00:00,1772898063189.938,0.484375,-0.552246,0.451172,0.510254,0.579102,2.990234,18832,17204,18367,17364,0.450000,-0.550000,0.300000,0.000000,1772898063189.843,0.484780,-0.550617,0.451325,0.000000,0.000000,0.000000,1.000000,position_only
2026-03-07T15:41:03.199496+00:00,1772898063199.495,0.484375,-0.552246,0.451172,0.510254,0.579102,2.990234,18807,17237,18391,17328,0.450000,-0.550000,0.300000,0.000000,1772898063198.356,0.484646,-0.550609,0.451403,0.000000,0.000000,0.000000,1.000000,position_only
2026-03-07T15:41:03.208692+00:00,1772898063208.692,0.484131,-0.552246,0.451172,0.518555,0.519043,3.005859,18765,17197,18304,17488,0.450000,-0.550000,0.300000,0.000000,1772898063206.976,0.484547,-0.550576,0.451453,0.000000,0.000000,0.000000,1.000000,position_only
2026-03-07T15:41:03.219842+00:00,1772898063219.841,0.483887,-0.552246,0.451416,0.511230,0.450195,3.015625,18694,17271,18250,17531,0.450000,-0.550000,0.300000,0.000000,1772898063215.815,0.484353,-0.550601,0.451526,0.000000,0.000000,0.000000,1.000000,position_only
2026-03-07T15:41:03.231288+00:00,1772898063231.287,0.483643,-0.552246,0.451416,0.487549,0.364746,3.019531,18628,17292,18170,17637,0.450000,-0.550000,0.300000,0.000000,1772898063224.402,0.484153,-0.550582,0.451594,0.000000,0.000000,0.000000,1.000000,position_only
2026-03-07T15:41:03.239146+00:00,1772898063239.146,0.483643,-0.552246,0.451416,0.469971,0.291504,3.019531,18648,17228,18356,17480,0.450000,-0.550000,0.300000,0.000000,1772898063232.893,0.483974,-0.550543,0.451664,0.000000,0.000000,0.000000,1.000000,position_only
2026-03-07T15:41:03.248709+00:00,1772898063248.708,0.483398,-0.552246,0.451660,0.429932,0.230591,3.025391,18695,17154,18420,17437,0.450000,-0.550000,0.300000,0.000000,1772898063241.466,0.483795,-0.550520,0.451731,0.000000,0.000000,0.000000,1.000000,position_only
2026-03-07T15:41:03.260084+00:00,1772898063260.083,0.483154,-0.552246,0.451660,0.388672,0.183838,3.035156,18699,17112,18445,17432,0.450000,-0.550000,0.300000,0.000000,1772898063258.728,0.483400,-0.550474,0.451847,0.000000,0.000000,0.000000,1.000000,position_only
2026-03-07T15:41:03.269842+00:00,1772898063269.842,0.482910,-0.552246,0.451904,0.343994,0.158691,3.056641,18653,17126,18449,17435,0.450000,-0.550000,0.300000,0.000000,1772898063267.259,0.483215,-0.550477,0.451920,0.000000,0.000000,0.000000,1.000000,position_only
2026-03-07T15:41:03.279240+00:00,1772898063279.239,0.482666,-0.552246,0.451904,0.287598,0.122559,3.064453,18604,17133,18486,17429,0.450000,-0.550000,0.300000,0.000000,1772898063275.764,0.483105,-0.550424,0.451950,0.000000,0.000000,0.000000,1.000000,position_only
2026-03-07T15:41:03.290132+00:00,1772898063290.130,0.482422,-0.552246,0.452148,0.230591,0.114746,3.078125,18559,17201,18490,17408,0.450000,-0.550000,0.300000,0.000000,1772898063284.311,0.482920,-0.550411,0.452021,0.000000,0.000000,0.000000,1.000000,position_only
2026-03-07T15:41:03.300790+00:00,1772898063300.789,0.482178,-0.552246,0.452148,0.174072,0.129517,3.093750,18656,17148,18595,17261,0.450000,-0.550000,0.300000,0.000000,1772898063292.990,0.482749,-0.550373,0.452079,0.000000,0.000000,0.000000,1.000000,position_only
2026-03-07T15:41:03.308589+00:00,1772898063308.588,0.481934,-0.552246,0.452393,0.134399,0.148682,3.113281,18568,17256,18535,17297,0.450000,-0.550000,0.300000,0.000000,1772898063301.590,0.482561,-0.550339,0.452125,0.000000,0.000000,0.000000,1.000000,position_only
2026-03-07T15:41:03.318562+00:00,1772898063318.561,0.481689,-0.552246,0.452393,0.104248,0.191772,3.132812,18619,17207,18625,17195,0.450000,-0.550000,0.300000,0.000000,1772898063310.182,0.482367,-0.550321,0.452212,0.000000,0.000000,0.000000,1.000000,position_only
2026-03-07T15:41:03.330694+00:00,1772898063330.693,0.481445,-0.552246,0.452637,0.087952,0.256592,3.160156,18612,17215,18628,17189,0.450000,-0.550000,0.300000,0.000000,1772898063327.485,0.481830,-0.550220,0.452371,0.000000,0.000000,0.000000,1.000000,position_only
2026-03-07T15:41:03.339083+00:00,1772898063339.082,0.481201,-0.552246,0.452637,0.074158,0.310059,3.181641,18655,17241,18612,17135,0.450000,-0.550000,0.300000,0.000000,1772898063336.072,0.481650,-0.550178,0.452394,0.000000,0.000000,0.000000,1.000000,position_only
2026-03-07T15:41:03.351059+00:00,1772898063351.059,0.480957,-0.552246,0.452637,0.076355,0.361084,3.203125,18662,17264,18592,17123,0.450000,-0.550000,0.300000,0.000000,1772898063344.529,0.481390,-0.550189,0.452461,0.000000,0.000000,0.000000,1.000000,position_only
2026-03-07T15:41:03.359058+00:00,1772898063359.057,0.480713,-0.552246,0.452881,0.100220,0.410156,3.224609,18673,17287,18540,17139,0.450000,-0.550000,0.300000,0.000000,1772898063353.236,0.481200,-0.550157,0.452500,0.000000,0.000000,0.000000,1.000000,position_only
2026-03-07T15:41:03.371969+00:00,1772898063371.969,0.480469,-0.551758,0.452881,0.145386,0.457275,3.250000,18748,17256,18521,17108,0.450000,-0.550000,0.300000,0.000000,1772898063370.407,0.480832,-0.550116,0.452591,0.000000,0.000000,0.000000,1.000000,position_only
2026-03-07T15:41:03.379730+00:00,1772898063379.728,0.480469,-0.551758,0.452881,0.145386,0.457275,3.250000,18664,17340,18404,17228,0.450000,-0.550000,0.300000,0.000000,1772898063379.039,0.480673,-0.550060,0.452631,0.000000,0.000000,0.000000,1.000000,position_only
2026-03-07T15:41:03.388897+00:00,1772898063388.896,0.480225,-0.551758,0.452881,0.193481,0.469971,3.265625,18682,17312,18339,17283,0.450000,-0.550000,0.300000,0.000000,1772898063387.688,0.480458,-0.550038,0.452694,0.000000,0.000000,0.000000,1.000000,position_only
2026-03-07T15:41:03.398839+00:00,1772898063398.839,0.479980,-0.551758,0.453125,0.229370,0.467041,3.271484,18919,17109,18531,17047,0.450000,-0.550000,0.300000,0.000000,1772898063396.295,0.480309,-0.550044,0.452705,0.000000,0.000000,0.000000,1.000000,position_only
2026-03-07T15:41:03.410955+00:00,1772898063410.954,0.479736,-0.551758,0.453125,0.280029,0.444580,3.291016,18924,17145,18454,17095,0.450000,-0.550000,0.300000,0.000000,1772898063404.802,0.480147,-0.550000,0.452728,0.000000,0.000000,0.000000,1.000000,position_only
2026-03-07T15:41:03.420038+00:00,1772898063420.037,0.479492,-0.551758,0.453125,0.337158,0.409180,3.306641,18866,17183,18414,17155,0.450000,-0.550000,0.300000,0.000000,1772898063413.310,0.479964,-0.549987,0.452746,0.000000,0.000000,0.000000,1.000000,position_only
2026-03-07T15:41:03.429690+00:00,1772898063429.689,0.479248,-0.551758,0.453369,0.391602,0.362305,3.322266,18951,17056,18462,17149,0.450000,-0.550000,0.300000,0.000000,1772898063421.827,0.479785,-0.549959,0.452741,0.000000,0.000000,0.000000,1.000000,position_only
2026-03-07T15:41:03.440402+00:00,1772898063440.401,0.478760,-0.551758,0.453369,0.435547,0.288330,3.335938,18870,17060,18375,17317,0.450000,-0.550000,0.300000,0.000000,1772898063438.927,0.479310,-0.549945,0.452779,0.000000,0.000000,0.000000,1.000000,position_only
2026-03-07T15:41:03.450140+00:00,1772898063450.140,0.478516,-0.551270,0.453369,0.446289,0.194824,3.347656,18957,16947,18501,17227,0.450000,-0.550000,0.300000,0.000000,1772898063447.426,0.479128,-0.549879,0.452798,0.000000,0.000000,0.000000,1.000000,position_only
2026-03-07T15:41:03.460008+00:00,1772898063460.007,0.478271,-0.551270,0.453369,0.446045,0.119019,3.365234,18840,17024,18402,17374,0.450000,-0.550000,0.300000,0.000000,1772898063456.108,0.478919,-0.549844,0.452811,0.000000,0.000000,0.000000,1.000000,position_only
2026-03-07T15:41:03.470588+00:00,1772898063470.587,0.478027,-0.551270,0.453369,0.425293,0.029022,3.378906,18935,16946,18515,17254,0.450000,-0.550000,0.300000,0.000000,1772898063464.784,0.478715,-0.549797,0.452811,0.000000,0.000000,0.000000,1.000000,position_only
2026-03-07T15:41:03.480065+00:00,1772898063480.063,0.477783,-0.551270,0.453369,0.406982,-0.049652,3.400391,18875,16960,18435,17395,0.450000,-0.550000,0.300000,0.000000,1772898063473.282,0.478482,-0.549757,0.452846,0.000000,0.000000,0.000000,1.000000,position_only
2026-03-07T15:41:03.490634+00:00,1772898063490.633,0.477539,-0.551270,0.453369,0.378174,-0.132568,3.414062,18861,16994,18568,17267,0.450000,-0.550000,0.300000,0.000000,1772898063490.349,0.478166,-0.549679,0.452863,0.000000,0.000000,0.000000,1.000000,position_only
2026-03-07T15:41:03.500035+00:00,1772898063500.034,0.477295,-0.551270,0.453369,0.345459,-0.182495,3.437500,18812,17008,18528,17369,0.450000,-0.550000,0.300000,0.000000,1772898063498.830,0.477990,-0.549655,0.452890,0.000000,0.000000,0.000000,1.000000,position_only
2026-03-07T15:41:03.510792+00:00,1772898063510.791,0.477051,-0.551270,0.453369,0.300781,-0.229248,3.453125,18828,16962,18596,17341,0.450000,-0.550000,0.300000,0.000000,1772898063507.333,0.477846,-0.549568,0.452884,0.000000,0.000000,0.000000,1.000000,position_only
2026-03-07T15:41:03.520067+00:00,1772898063520.066,0.476807,-0.551270,0.453369,0.251953,-0.270752,3.472656,18861,16972,18620,17273,0.450000,-0.550000,0.300000,0.000000,1772898063515.856,0.477658,-0.549536,0.452897,0.000000,0.000000,0.000000,1.000000,position_only
2026-03-07T15:41:03.530089+00:00,1772898063530.088,0.476562,-0.551270,0.453369,0.208374,-0.300293,3.498047,18852,16938,18746,17208,0.450000,-0.550000,0.300000,0.000000,1772898063524.474,0.477487,-0.549492,0.452900,0.000000,0.000000,0.000000,1.000000,position_only
2026-03-07T15:41:03.539438+00:00,1772898063539.437,0.476318,-0.551270,0.453369,0.157104,-0.312256,3.529297,18823,16962,18694,17279,0.450000,-0.550000,0.300000,0.000000,1772898063533.048,0.477303,-0.549448,0.452896,0.000000,0.000000,0.000000,1.000000,position_only
2026-03-07T15:41:03.549559+00:00,1772898063549.558,0.476074,-0.551270,0.453369,0.112000,-0.322510,3.552734,18820,17012,18741,17191,0.450000,-0.550000,0.300000,0.000000,1772898063541.768,0.477030,-0.549466,0.452909,0.000000,0.000000,0.000000,1.000000,position_only
2026-03-07T15:41:03.560115+00:00,1772898063560.115,0.475830,-0.550781,0.453369,0.079590,-0.302734,3.578125,18836,16974,18794,17159,0.450000,-0.550000,0.300000,0.000000,1772898063558.764,0.476674,-0.549334,0.452895,0.000000,0.000000,0.000000,1.000000,position_only
2026-03-07T15:41:03.570689+00:00,1772898063570.688,0.475830,-0.550781,0.453125,0.044250,-0.278564,3.611328,18814,17003,18761,17183,0.450000,-0.550000,0.300000,0.000000,1772898063567.262,0.476537,-0.549289,0.452861,0.000000,0.000000,0.000000,1.000000,position_only
2026-03-07T15:41:03.579556+00:00,1772898063579.555,0.475586,-0.550781,0.453125,0.030624,-0.248291,3.632812,18721,17238,18656,17149,0.450000,-0.550000,0.300000,0.000000,1772898063575.796,0.476375,-0.549240,0.452871,0.000000,0.000000,0.000000,1.000000,position_only
2026-03-07T15:41:03.589809+00:00,1772898063589.808,0.475586,-0.550781,0.453125,0.030624,-0.248291,3.632812,18850,17097,18763,17059,0.450000,-0.550000,0.300000,0.000000,1772898063583.838,0.476231,-0.549201,0.452871,0.000000,0.000000,0.000000,1.000000,position_only
2026-03-07T15:41:03.599992+00:00,1772898063599.991,0.475342,-0.550781,0.453125,0.053619,-0.181396,3.660156,18820,17167,18688,17106,0.450000,-0.550000,0.300000,0.000000,1772898063592.363,0.476112,-0.549142,0.452870,0.000000,0.000000,0.000000,1.000000,position_only
2026-03-07T15:41:03.610781+00:00,1772898063610.780,0.475098,-0.550781,0.453125,0.110718,-0.095886,3.714844,19019,17049,18848,16865,0.450000,-0.550000,0.300000,0.000000,1772898063609.855,0.475895,-0.549095,0.452854,0.000000,0.000000,0.000000,1.000000,position_only
2026-03-07T15:41:03.619955+00:00,1772898063619.954,0.475098,-0.550781,0.453125,0.110718,-0.095886,3.714844,18876,17201,18574,17133,0.450000,-0.550000,0.300000,0.000000,1772898063618.374,0.475734,-0.549055,0.452879,0.000000,0.000000,0.000000,1.000000,position_only
2026-03-07T15:41:03.629751+00:00,1772898063629.750,0.474854,-0.550293,0.453125,0.168579,-0.055115,3.746094,18995,17121,18649,17011,0.450000,-0.550000,0.300000,0.000000,1772898063626.824,0.475578,-0.548998,0.452890,0.000000,0.000000,0.000000,1.000000,position_only
2026-03-07T15:41:03.641811+00:00,1772898063641.811,0.474854,-0.550293,0.453125,0.228516,-0.048553,3.763672,19044,17075,18615,17043,0.450000,-0.550000,0.300000,0.000000,1772898063635.322,0.475453,-0.548938,0.452900,0.000000,0.000000,0.000000,1.000000,position_only
2026-03-07T15:41:03.650579+00:00,1772898063650.579,0.474609,-0.550293,0.453125,0.290039,-0.049042,3.789062,19123,17036,18665,16950,0.450000,-0.550000,0.300000,0.000000,1772898063643.907,0.475181,-0.548829,0.452921,0.000000,0.000000,0.000000,1.000000,position_only
2026-03-07T15:41:03.659506+00:00,1772898063659.506,0.474365,-0.550293,0.453125,0.363281,-0.063477,3.812500,19155,16961,18678,16974,0.450000,-0.550000,0.300000,0.000000,1772898063652.406,0.475181,-0.548829,0.452921,0.000000,0.000000,0.000000,1.000000,position_only
2026-03-07T15:41:03.669650+00:00,1772898063669.649,0.474365,-0.550293,0.453125,0.431641,-0.084106,3.841797,19108,17007,18602,17034,0.450000,-0.550000,0.300000,0.000000,1772898063669.554,0.474808,-0.548666,0.452939,0.000000,0.000000,0.000000,1.000000,position_only
2026-03-07T15:41:03.681270+00:00,1772898063681.269,0.474121,-0.550293,0.453125,0.483887,-0.124634,3.861328,19090,16968,18580,17115,0.450000,-0.550000,0.300000,0.000000,1772898063678.279,0.474686,-0.548600,0.452944,0.000000,0.000000,0.000000,1.000000,position_only
2026-03-07T15:41:03.689837+00:00,1772898063689.837,0.474121,-0.550293,0.453125,0.520020,-0.183960,3.880859,19173,16864,18744,16990,0.450000,-0.550000,0.300000,0.000000,1772898063686.777,0.474572,-0.548560,0.452947,0.000000,0.000000,0.000000,1.000000,position_only
2026-03-07T15:41:03.700456+00:00,1772898063700.455,0.473877,-0.549805,0.453125,0.541504,-0.228027,3.906250,19083,16953,18729,17016,0.450000,-0.550000,0.300000,0.000000,1772898063695.323,0.474476,-0.548516,0.452953,0.000000,0.000000,0.000000,1.000000,position_only
2026-03-07T15:41:03.710926+00:00,1772898063710.926,0.473633,-0.549805,0.453125,0.555664,-0.240967,3.937500,19049,16905,18686,17132,0.450000,-0.550000,0.300000,0.000000,1772898063703.828,0.474417,-0.548438,0.452943,0.000000,0.000000,0.000000,1.000000,position_only
2026-03-07T15:41:03.720689+00:00,1772898063720.688,0.473633,-0.549805,0.453125,0.544922,-0.275879,3.957031,18930,16928,18756,17159,0.450000,-0.550000,0.300000,0.000000,1772898063712.530,0.474304,-0.548413,0.452961,0.000000,0.000000,0.000000,1.000000,position_only
2026-03-07T15:41:03.730047+00:00,1772898063730.046,0.473389,-0.549805,0.453125,0.511230,-0.291504,3.980469,18894,16955,18717,17199,0.450000,-0.550000,0.300000,0.000000,1772898063729.912,0.474179,-0.548315,0.452957,0.000000,0.000000,0.000000,1.000000,position_only
2026-03-07T15:41:03.740169+00:00,1772898063740.168,0.473389,-0.549805,0.453125,0.472656,-0.295410,4.003906,18904,16953,18800,17103,0.450000,-0.550000,0.300000,0.000000,1772898063738.590,0.474116,-0.548243,0.452930,0.000000,0.000000,0.000000,1.000000,position_only
2026-03-07T15:41:03.751352+00:00,1772898063751.352,0.473389,-0.549805,0.453125,0.431152,-0.277588,4.031250,18880,16941,18814,17119,0.450000,-0.550000,0.300000,0.000000,1772898063747.115,0.474010,-0.548208,0.452965,0.000000,0.000000,0.000000,1.000000,position_only
2026-03-07T15:41:03.762546+00:00,1772898063762.546,0.473145,-0.549805,0.453125,0.391113,-0.258057,4.058594,18891,16963,18836,17059,0.450000,-0.550000,0.300000,0.000000,1772898063755.681,0.473930,-0.548151,0.452966,0.000000,0.000000,0.000000,1.000000,position_only
2026-03-07T15:41:03.771586+00:00,1772898063771.585,0.473145,-0.549805,0.453125,0.358643,-0.225830,4.089844,18813,17033,18733,17159,0.450000,-0.550000,0.300000,0.000000,1772898063764.175,0.473870,-0.548111,0.452971,0.000000,0.000000,0.000000,1.000000,position_only
2026-03-07T15:41:03.779561+00:00,1772898063779.560,0.473145,-0.549316,0.453125,0.332520,-0.200928,4.109375,18871,17016,18716,17123,0.450000,-0.550000,0.300000,0.000000,1772898063772.688,0.473803,-0.548080,0.452978,0.000000,0.000000,0.000000,1.000000,position_only
2026-03-07T15:41:03.790956+00:00,1772898063790.955,0.473145,-0.549316,0.453125,0.320068,-0.183350,4.132812,18958,16941,18771,17053,0.450000,-0.550000,0.300000,0.000000,1772898063789.661,0.473678,-0.548011,0.453019,0.000000,0.000000,0.000000,1.000000,position_only
2026-03-07T15:41:03.802508+00:00,1772898063802.507,0.472900,-0.549316,0.453125,0.318115,-0.177490,4.160156,18933,17018,18689,17081,0.450000,-0.550000,0.300000,0.000000,1772898063798.236,0.473686,-0.547954,0.453007,0.000000,0.000000,0.000000,1.000000,position_only
2026-03-07T15:41:03.810507+00:00,1772898063810.506,0.472900,-0.549316,0.453125,0.330811,-0.178589,4.175781,18969,17035,18676,17038,0.450000,-0.550000,0.300000,0.000000,1772898063806.851,0.473622,-0.547948,0.453042,0.000000,0.000000,0.000000,1.000000,position_only
2026-03-07T15:41:03.823319+00:00,1772898063823.318,0.472900,-0.549316,0.453125,0.362549,-0.176025,4.203125,19026,16980,18653,17060,0.450000,-0.550000,0.300000,0.000000,1772898063815.335,0.473584,-0.547911,0.453032,0.000000,0.000000,0.000000,1.000000,position_only
2026-03-07T15:41:03.830322+00:00,1772898063830.321,0.472900,-0.549316,0.453125,0.362549,-0.176025,4.203125,18950,17112,18500,17160,0.450000,-0.550000,0.300000,0.000000,1772898063823.946,0.473511,-0.547878,0.453051,0.000000,0.000000,0.000000,1.000000,position_only
2026-03-07T15:41:03.840029+00:00,1772898063840.029,0.472900,-0.549316,0.453125,0.395996,-0.193481,4.214844,19044,16989,18668,17027,0.450000,-0.550000,0.300000,0.000000,1772898063832.521,0.473462,-0.547871,0.453071,0.000000,0.000000,0.000000,1.000000,position_only
2026-03-07T15:41:03.849842+00:00,1772898063849.842,0.472900,-0.549316,0.453125,0.437988,-0.210327,4.230469,19142,16903,18720,16960,0.450000,-0.550000,0.300000,0.000000,1772898063849.529,0.473424,-0.547849,0.453102,0.000000,0.000000,0.000000,1.000000,position_only
2026-03-07T15:41:03.859542+00:00,1772898063859.542,0.472900,-0.549316,0.453369,0.472656,-0.224731,4.257812,19109,16937,18655,17025,0.450000,-0.550000,0.300000,0.000000,1772898063858.044,0.473432,-0.547780,0.453087,0.000000,0.000000,0.000000,1.000000,position_only
2026-03-07T15:41:03.873546+00:00,1772898063873.545,0.472900,-0.548828,0.453369,0.501465,-0.257812,4.281250,18990,17008,18524,17187,0.450000,-0.550000,0.300000,0.000000,1772898063866.658,0.473405,-0.547772,0.453115,0.000000,0.000000,0.000000,1.000000,position_only
2026-03-07T15:41:03.881093+00:00,1772898063881.092,0.472656,-0.549316,0.453369,0.523438,-0.293457,4.300781,19086,16952,18640,17020,0.450000,-0.550000,0.300000,0.000000,1772898063875.149,0.473415,-0.547741,0.453111,0.000000,0.000000,0.000000,1.000000,position_only
2026-03-07T15:41:03.889515+00:00,1772898063889.514,0.472900,-0.548828,0.453369,0.554688,-0.313477,4.320312,19201,16825,18790,16891,0.450000,-0.550000,0.300000,0.000000,1772898063883.648,0.473413,-0.547740,0.453131,0.000000,0.000000,0.000000,1.000000,position_only
2026-03-07T15:41:03.899986+00:00,1772898063899.985,0.472900,-0.548828,0.453369,0.582031,-0.325928,4.347656,18989,17039,18546,17145,0.450000,-0.550000,0.300000,0.000000,1772898063892.135,0.473417,-0.547726,0.453133,0.000000,0.000000,0.000000,1.000000,position_only
2026-03-07T15:41:03.911642+00:00,1772898063911.641,0.472900,-0.548828,0.453369,0.603027,-0.333740,4.367188,19068,16908,18724,17027,0.450000,-0.550000,0.300000,0.000000,1772898063909.067,0.473399,-0.547723,0.453145,0.000000,0.000000,0.000000,1.000000,position_only
2026-03-07T15:41:03.920596+00:00,1772898063920.595,0.472900,-0.548828,0.453369,0.611328,-0.341064,4.390625,19055,16940,18774,16951,0.450000,-0.550000,0.300000,0.000000,1772898063917.529,0.473409,-0.547706,0.453156,0.000000,0.000000,0.000000,1.000000,position_only
2026-03-07T15:41:03.930443+00:00,1772898063930.443,0.472900,-0.548828,0.453369,0.618164,-0.324707,4.414062,19133,16863,18848,16867,0.450000,-0.550000,0.300000,0.000000,1772898063926.095,0.473406,-0.547725,0.453176,0.000000,0.000000,0.000000,1.000000,position_only
2026-03-07T15:41:03.939541+00:00,1772898063939.541,0.472900,-0.549316,0.453369,0.630371,-0.289551,4.449219,18978,16964,18722,17049,0.450000,-0.550000,0.300000,0.000000,1772898063934.708,0.473458,-0.547683,0.453156,0.000000,0.000000,0.000000,1.000000,position_only
2026-03-07T15:41:03.951573+00:00,1772898063951.573,0.472900,-0.548828,0.453369,0.626465,-0.272949,4.472656,19065,16908,18813,16932,0.450000,-0.550000,0.300000,0.000000,1772898063943.194,0.473463,-0.547691,0.453177,0.000000,0.000000,0.000000,1.000000,position_only
2026-03-07T15:41:03.960537+00:00,1772898063960.536,0.472900,-0.548828,0.453369,0.629395,-0.239746,4.500000,18948,16975,18684,17106,0.450000,-0.550000,0.300000,0.000000,1772898063960.138,0.473534,-0.547707,0.453194,0.000000,0.000000,0.000000,1.000000,position_only
2026-03-07T15:41:03.969789+00:00,1772898063969.789,0.473145,-0.549316,0.453369,0.618652,-0.222290,4.515625,19030,16914,18769,17001,0.450000,-0.550000,0.300000,0.000000,1772898063968.790,0.473584,-0.547726,0.453196,0.000000,0.000000,0.000000,1.000000,position_only
2026-03-07T15:41:03.983449+00:00,1772898063983.448,0.473145,-0.549316,0.453369,0.607910,-0.198975,4.542969,19033,16921,18800,16944,0.450000,-0.550000,0.300000,0.000000,1772898063977.314,0.473621,-0.547759,0.453201,0.000000,0.000000,0.000000,1.000000,position_only
2026-03-07T15:41:03.991726+00:00,1772898063991.725,0.473145,-0.549316,0.453369,0.598145,-0.174316,4.566406,19051,16862,18848,16931,0.450000,-0.550000,0.300000,0.000000,1772898063985.777,0.473659,-0.547779,0.453192,0.000000,0.000000,0.000000,1.000000,position_only
2026-03-07T15:41:04.001429+00:00,1772898064001.428,0.473145,-0.549316,0.453613,0.579102,-0.150757,4.589844,18957,16930,18693,17112,0.450000,-0.550000,0.300000,0.000000,1772898063994.309,0.473695,-0.547816,0.453202,0.000000,0.000000,0.000000,1.000000,position_only
2026-03-07T15:41:04.010709+00:00,1772898064010.709,0.473389,-0.549316,0.453613,0.547852,-0.149658,4.605469,19056,16816,18809,17014,0.450000,-0.550000,0.300000,0.000000,1772898064002.759,0.473768,-0.547814,0.453173,0.000000,0.000000,0.000000,1.000000,position_only
2026-03-07T15:41:04.021370+00:00,1772898064021.370,0.473389,-0.549316,0.453613,0.518066,-0.154419,4.625000,19013,16898,18786,16980,0.450000,-0.550000,0.300000,0.000000,1772898064019.914,0.473885,-0.547863,0.453166,0.000000,0.000000,0.000000,1.000000,position_only
2026-03-07T15:41:04.031215+00:00,1772898064031.215,0.473389,-0.549316,0.453613,0.497803,-0.140625,4.648438,19042,16837,18859,16926,0.450000,-0.550000,0.300000,0.000000,1772898064028.395,0.473935,-0.547922,0.453164,0.000000,0.000000,0.000000,1.000000,position_only
2026-03-07T15:41:04.040917+00:00,1772898064040.917,0.473633,-0.549316,0.453613,0.475586,-0.114929,4.675781,19003,16846,18824,16989,0.450000,-0.550000,0.300000,0.000000,1772898064037.004,0.474003,-0.547941,0.453131,0.000000,0.000000,0.000000,1.000000,position_only
2026-03-07T15:41:04.052174+00:00,1772898064052.174,0.473633,-0.549316,0.453613,0.475586,-0.114929,4.675781,19018,16822,18873,16954,0.450000,-0.550000,0.300000,0.000000,1772898064045.489,0.474042,-0.547980,0.453116,0.000000,0.000000,0.000000,1.000000,position_only
2026-03-07T15:41:04.061442+00:00,1772898064061.441,0.473877,-0.549316,0.453613,0.409424,-0.074890,4.726562,19064,16785,18898,16933,0.450000,-0.550000,0.300000,0.000000,1772898064053.935,0.474100,-0.548027,0.453099,0.000000,0.000000,0.000000,1.000000,position_only
2026-03-07T15:41:04.072712+00:00,1772898064072.711,0.473877,-0.549316,0.453613,0.409424,-0.074890,4.726562,19035,16738,18943,16970,0.450000,-0.550000,0.300000,0.000000,1772898064070.930,0.474231,-0.548093,0.453075,0.000000,0.000000,0.000000,1.000000,position_only
2026-03-07T15:41:04.080497+00:00,1772898064080.497,0.473877,-0.549316,0.453613,0.363525,-0.058655,4.761719,19029,16791,18937,16926,0.450000,-0.550000,0.300000,0.000000,1772898064079.448,0.474322,-0.548101,0.453025,0.000000,0.000000,0.000000,1.000000,position_only
2026-03-07T15:41:04.091776+00:00,1772898064091.776,0.474121,-0.549316,0.453613,0.326904,-0.028305,4.789062,18967,16810,18949,16951,0.450000,-0.550000,0.300000,0.000000,1772898064088.002,0.474350,-0.548160,0.453014,0.000000,0.000000,0.000000,1.000000,position_only
2026-03-07T15:41:04.102307+00:00,1772898064102.307,0.474121,-0.549805,0.453613,0.283447,0.052856,4.847656,18936,16885,18891,16975,0.450000,-0.550000,0.300000,0.000000,1772898064096.528,0.474439,-0.548173,0.452970,0.000000,0.000000,0.000000,1.000000,position_only
2026-03-07T15:41:04.110516+00:00,1772898064110.516,0.474121,-0.549805,0.453613,0.246338,0.052856,4.847656,18999,16831,18935,16945,0.450000,-0.550000,0.300000,0.000000,1772898064105.012,0.474480,-0.548229,0.452949,0.000000,0.000000,0.000000,1.000000,position_only
2026-03-07T15:41:04.120454+00:00,1772898064120.453,0.474365,-0.549805,0.453613,0.214355,0.102112,4.875000,18861,16956,18734,17165,0.450000,-0.550000,0.300000,0.000000,1772898064113.552,0.474533,-0.548253,0.452906,0.000000,0.000000,0.000000,1.000000,position_only
2026-03-07T15:41:04.130200+00:00,1772898064130.200,0.474365,-0.549805,0.453613,0.176514,0.119995,4.894531,19045,16818,18988,16882,0.450000,-0.550000,0.300000,0.000000,1772898064122.033,0.474586,-0.548295,0.452862,0.000000,0.000000,0.000000,1.000000,position_only
2026-03-07T15:41:04.141769+00:00,1772898064141.768,0.474365,-0.549805,0.453369,0.155396,0.150391,4.914062,18973,16929,18838,17011,0.450000,-0.550000,0.300000,0.000000,1772898064139.058,0.474705,-0.548377,0.452769,0.000000,0.000000,0.000000,1.000000,position_only
2026-03-07T15:41:04.151623+00:00,1772898064151.623,0.474609,-0.549805,0.453369,0.137573,0.180664,4.941406,18912,16948,18732,17172,0.450000,-0.550000,0.300000,0.000000,1772898064147.716,0.474744,-0.548458,0.452737,0.000000,0.000000,0.000000,1.000000,position_only
2026-03-07T15:41:04.162563+00:00,1772898064162.562,0.474609,-0.549805,0.453369,0.119202,0.180176,4.949219,19057,16875,18818,17032,0.450000,-0.550000,0.300000,0.000000,1772898064156.225,0.474849,-0.548459,0.452653,0.000000,0.000000,0.000000,1.000000,position_only
2026-03-07T15:41:04.171984+00:00,1772898064171.984,0.474854,-0.549805,0.453125,0.110535,0.171143,4.968750,19155,16781,18894,16959,0.450000,-0.550000,0.300000,0.000000,1772898064164.750,0.474933,-0.548507,0.452592,0.000000,0.000000,0.000000,1.000000,position_only
2026-03-07T15:41:04.182070+00:00,1772898064182.070,0.474854,-0.549805,0.453125,0.105530,0.159302,4.992188,19184,16789,18865,16961,0.450000,-0.550000,0.300000,0.000000,1772898064181.789,0.475116,-0.548596,0.452450,0.000000,0.000000,0.000000,1.000000,position_only
2026-03-07T15:41:04.191093+00:00,1772898064191.092,0.474854,-0.549805,0.453125,0.107422,0.138428,5.011719,19105,16873,18800,17031,0.450000,-0.550000,0.300000,0.000000,1772898064190.284,0.475190,-0.548629,0.452363,0.000000,0.000000,0.000000,1.000000,position_only
2026-03-07T15:41:04.200190+00:00,1772898064200.190,0.475098,-0.550293,0.453125,0.116272,0.117920,5.035156,19080,16852,18681,17211,0.450000,-0.550000,0.300000,0.000000,1772898064198.833,0.475293,-0.548658,0.452265,0.000000,0.000000,0.000000,1.000000,position_only
2026-03-07T15:41:04.209959+00:00,1772898064209.958,0.475098,-0.550293,0.452881,0.108093,0.063293,5.042969,19123,16847,18806,17058,0.450000,-0.550000,0.300000,0.000000,1772898064207.344,0.475363,-0.548715,0.452184,0.000000,0.000000,0.000000,1.000000,position_only
2026-03-07T15:41:04.222048+00:00,1772898064222.048,0.475098,-0.550293,0.452881,0.106689,0.030914,5.058594,19122,16844,18790,17085,0.450000,-0.550000,0.300000,0.000000,1772898064215.821,0.475443,-0.548729,0.452105,0.000000,0.000000,0.000000,1.000000,position_only
2026-03-07T15:41:04.231910+00:00,1772898064231.910,0.475342,-0.550293,0.452637,0.105652,0.001635,5.074219,19133,16816,18775,17125,0.450000,-0.550000,0.300000,0.000000,1772898064224.387,0.475488,-0.548788,0.452032,0.000000,0.000000,0.000000,1.000000,position_only
2026-03-07T15:41:04.241011+00:00,1772898064241.010,0.475342,-0.550293,0.452637,0.097473,-0.030289,5.089844,19170,16746,18904,17039,0.450000,-0.550000,0.300000,0.000000,1772898064232.903,0.475588,-0.548757,0.451930,0.000000,0.000000,0.000000,1.000000,position_only
2026-03-07T15:41:04.250688+00:00,1772898064250.688,0.475342,-0.550293,0.452393,0.079407,-0.050568,5.113281,19151,16779,18927,17025,0.450000,-0.550000,0.300000,0.000000,1772898064249.874,0.475730,-0.548790,0.451749,0.000000,0.000000,0.000000,1.000000,position_only
2026-03-07T15:41:04.261547+00:00,1772898064261.546,0.475586,-0.550293,0.452393,0.060516,-0.046021,5.140625,19024,16910,18870,17104,0.450000,-0.550000,0.300000,0.000000,1772898064258.407,0.475778,-0.548809,0.451677,0.000000,0.000000,0.000000,1.000000,position_only
2026-03-07T15:41:04.272008+00:00,1772898064272.008,0.475586,-0.550293,0.452148,0.041779,-0.034576,5.156250,19003,16965,18892,17054,0.450000,-0.550000,0.300000,0.000000,1772898064266.899,0.475851,-0.548800,0.451566,0.000000,0.000000,0.000000,1.000000,position_only
2026-03-07T15:41:04.282588+00:00,1772898064282.587,0.475586,-0.550293,0.452148,0.030884,0.006191,5.175781,19002,16945,18910,17064,0.450000,-0.550000,0.300000,0.000000,1772898064275.392,0.475896,-0.548806,0.451481,0.000000,0.000000,0.000000,1.000000,position_only
2026-03-07T15:41:04.291726+00:00,1772898064291.725,0.475830,-0.550293,0.451904,0.018723,0.050781,5.199219,19097,16857,19068,16903,0.450000,-0.550000,0.300000,0.000000,1772898064284.151,0.475960,-0.548796,0.451359,0.000000,0.000000,0.000000,1.000000,position_only
2026-03-07T15:41:04.301533+00:00,1772898064301.532,0.475830,-0.550293,0.451904,0.010643,0.120300,5.226562,18988,17007,19004,16936,0.450000,-0.550000,0.300000,0.000000,1772898064301.360,0.476049,-0.548794,0.451148,0.000000,0.000000,0.000000,1.000000,position_only
2026-03-07T15:41:04.311527+00:00,1772898064311.523,0.475830,-0.550293,0.451660,0.014870,0.182983,5.246094,19127,16870,19091,16867,0.450000,-0.550000,0.300000,0.000000,1772898064309.820,0.476108,-0.548774,0.451052,0.000000,0.000000,0.000000,1.000000,position_only
2026-03-07T15:41:04.322173+00:00,1772898064322.172,0.476074,-0.550293,0.451660,0.020889,0.239868,5.277344,19115,16918,19107,16827,0.450000,-0.550000,0.300000,0.000000,1772898064318.334,0.476166,-0.548782,0.450940,0.000000,0.000000,0.000000,1.000000,position_only
2026-03-07T15:41:04.331924+00:00,1772898064331.924,0.476074,-0.550293,0.451416,0.020889,0.239868,5.277344,19034,17031,19002,16906,0.450000,-0.550000,0.300000,0.000000,1772898064326.825,0.476256,-0.548733,0.450811,0.000000,0.000000,0.000000,1.000000,position_only
2026-03-07T15:41:04.342446+00:00,1772898064342.445,0.476074,-0.550293,0.451416,0.036469,0.322021,5.308594,18964,17072,18909,17029,0.450000,-0.550000,0.300000,0.000000,1772898064335.419,0.476376,-0.548674,0.450591,0.000000,0.000000,0.000000,1.000000,position_only
2026-03-07T15:41:04.350825+00:00,1772898064350.825,0.476318,-0.550293,0.451172,0.053162,0.381592,5.328125,19040,17047,18902,16991,0.450000,-0.550000,0.300000,0.000000,1772898064343.999,0.476376,-0.548674,0.450591,0.000000,0.000000,0.000000,1.000000,position_only
2026-03-07T15:41:04.360619+00:00,1772898064360.619,0.476318,-0.549805,0.450928,0.068970,0.430420,5.343750,19120,16993,18935,16947,0.450000,-0.550000,0.300000,0.000000,1772898064352.486,0.476487,-0.548625,0.450384,0.000000,0.000000,0.000000,1.000000,position_only
2026-03-07T15:41:04.372081+00:00,1772898064372.081,0.476318,-0.549805,0.450928,0.099365,0.451904,5.355469,19256,16882,19045,16824,0.450000,-0.550000,0.300000,0.000000,1772898064369.532,0.476563,-0.548552,0.450174,0.000000,0.000000,0.000000,1.000000,position_only
2026-03-07T15:41:04.381449+00:00,1772898064381.448,0.476318,-0.549805,0.450684,0.141113,0.475342,5.382812,19136,17026,18843,17018,0.450000,-0.550000,0.300000,0.000000,1772898064378.385,0.476609,-0.548505,0.450077,0.000000,0.000000,0.000000,1.000000,position_only
2026-03-07T15:41:04.391397+00:00,1772898064391.396,0.476318,-0.549805,0.450684,0.181763,0.477295,5.402344,19195,17014,18746,17072,0.450000,-0.550000,0.300000,0.000000,1772898064386.942,0.476655,-0.548455,0.449979,0.000000,0.000000,0.000000,1.000000,position_only
2026-03-07T15:41:04.402612+00:00,1772898064402.611,0.476562,-0.549805,0.450439,0.228394,0.454102,5.410156,19401,16758,19006,16861,0.450000,-0.550000,0.300000,0.000000,1772898064395.630,0.476727,-0.548425,0.449874,0.000000,0.000000,0.000000,1.000000,position_only
2026-03-07T15:41:04.412374+00:00,1772898064412.374,0.476562,-0.549805,0.450195,0.266846,0.420898,5.433594,19294,16863,18823,17041,0.450000,-0.550000,0.300000,0.000000,1772898064404.132,0.476762,-0.548392,0.449797,0.000000,0.000000,0.000000,1.000000,position_only
2026-03-07T15:41:04.421554+00:00,1772898064421.553,0.476562,-0.549805,0.450195,0.297363,0.359375,5.449219,19235,16890,18790,17114,0.450000,-0.550000,0.300000,0.000000,1772898064421.200,0.476842,-0.548289,0.449616,0.000000,0.000000,0.000000,1.000000,position_only
2026-03-07T15:41:04.430801+00:00,1772898064430.800,0.476562,-0.549805,0.449951,0.315430,0.302979,5.464844,19246,16865,18768,17166,0.450000,-0.550000,0.300000,0.000000,1772898064429.731,0.476887,-0.548247,0.449519,0.000000,0.000000,0.000000,1.000000,position_only
2026-03-07T15:41:04.441290+00:00,1772898064441.289,0.476562,-0.549805,0.449951,0.330322,0.232300,5.472656,19255,16870,18746,17177,0.450000,-0.550000,0.300000,0.000000,1772898064438.280,0.476936,-0.548222,0.449412,0.000000,0.000000,0.000000,1.000000,position_only
2026-03-07T15:41:04.451768+00:00,1772898064451.767,0.476562,-0.549805,0.449707,0.338135,0.154907,5.476562,19292,16768,18806,17179,0.450000,-0.550000,0.300000,0.000000,1772898064446.795,0.476976,-0.548151,0.449299,0.000000,0.000000,0.000000,1.000000,position_only
2026-03-07T15:41:04.462313+00:00,1772898064462.313,0.476562,-0.549805,0.449707,0.328613,0.061279,5.484375,19304,16723,18856,17161,0.450000,-0.550000,0.300000,0.000000,1772898064455.294,0.476986,-0.548129,0.449214,0.000000,0.000000,0.000000,1.000000,position_only
2026-03-07T15:41:04.471311+00:00,1772898064471.311,0.476807,-0.549805,0.449463,0.313721,-0.021835,5.496094,19210,16811,18853,17170,0.450000,-0.550000,0.300000,0.000000,1772898064463.765,0.477053,-0.548040,0.449111,0.000000,0.000000,0.000000,1.000000,position_only
2026-03-07T15:41:04.482792+00:00,1772898064482.791,0.476807,-0.549316,0.449463,0.291504,-0.082275,5.507812,19228,16790,18753,17281,0.450000,-0.550000,0.300000,0.000000,1772898064480.801,0.477157,-0.547944,0.448887,0.000000,0.000000,0.000000,1.000000,position_only
2026-03-07T15:41:04.492178+00:00,1772898064492.177,0.476807,-0.549316,0.449219,0.268311,-0.159546,5.511719,19152,16809,18835,17259,0.450000,-0.550000,0.300000,0.000000,1772898064489.344,0.477159,-0.547926,0.448824,0.000000,0.000000,0.000000,1.000000,position_only
2026-03-07T15:41:04.502256+00:00,1772898064502.256,0.476807,-0.549316,0.449219,0.229492,-0.219116,5.515625,19110,16850,18791,17307,0.450000,-0.550000,0.300000,0.000000,1772898064497.993,0.477227,-0.547840,0.448723,0.000000,0.000000,0.000000,1.000000,position_only
2026-03-07T15:41:04.511692+00:00,1772898064511.692,0.476807,-0.549316,0.448975,0.185303,-0.279541,5.519531,19219,16777,18943,17121,0.450000,-0.550000,0.300000,0.000000,1772898064506.591,0.477246,-0.547829,0.448667,0.000000,0.000000,0.000000,1.000000,position_only
2026-03-07T15:41:04.521574+00:00,1772898064521.573,0.476807,-0.549316,0.448975,0.160889,-0.300049,5.531250,19272,16693,19015,17075,0.450000,-0.550000,0.300000,0.000000,1772898064515.105,0.477334,-0.547715,0.448545,0.000000,0.000000,0.000000,1.000000,position_only
2026-03-07T15:41:04.532293+00:00,1772898064532.292,0.477051,-0.549316,0.448730,0.129639,-0.315918,5.554688,19175,16765,18976,17132,0.450000,-0.550000,0.300000,0.000000,1772898064532.252,0.477440,-0.547584,0.448362,0.000000,0.000000,0.000000,1.000000,position_only
2026-03-07T15:41:04.541218+00:00,1772898064541.218,0.477051,-0.549316,0.448730,0.092834,-0.320801,5.570312,19100,16806,18975,17165,0.450000,-0.550000,0.300000,0.000000,1772898064540.874,0.477466,-0.547535,0.448283,0.000000,0.000000,0.000000,1.000000,position_only
2026-03-07T15:41:04.551977+00:00,1772898064551.975,0.477051,-0.549316,0.448730,0.048828,-0.313477,5.582031,19135,16779,19040,17088,0.450000,-0.550000,0.300000,0.000000,1772898064549.408,0.477540,-0.547451,0.448176,0.000000,0.000000,0.000000,1.000000,position_only
2026-03-07T15:41:04.564708+00:00,1772898064564.707,0.477295,-0.548828,0.448486,0.012566,-0.282959,5.601562,19208,16717,19207,16898,0.450000,-0.550000,0.300000,0.000000,1772898064557.883,0.477569,-0.547383,0.448088,0.000000,0.000000,0.000000,1.000000,position_only
2026-03-07T15:41:04.572295+00:00,1772898064572.294,0.477295,-0.548828,0.448486,0.012566,-0.282959,5.601562,19102,16827,19147,16959,0.450000,-0.550000,0.300000,0.000000,1772898064566.532,0.477665,-0.547277,0.447976,0.000000,0.000000,0.000000,1.000000,position_only
2026-03-07T15:41:04.582551+00:00,1772898064582.550,0.477295,-0.548828,0.448486,-0.018478,-0.220703,5.636719,19105,16842,19056,17038,0.450000,-0.550000,0.300000,0.000000,1772898064575.222,0.477682,-0.547209,0.447886,0.000000,0.000000,0.000000,1.000000,position_only
2026-03-07T15:41:04.590953+00:00,1772898064590.952,0.477539,-0.548828,0.448242,-0.053467,-0.110901,5.675781,19132,16866,19106,16955,0.450000,-0.550000,0.300000,0.000000,1772898064583.712,0.477733,-0.547127,0.447802,0.000000,0.000000,0.000000,1.000000,position_only
2026-03-07T15:41:04.601551+00:00,1772898064601.550,0.477539,-0.548828,0.448242,-0.061127,-0.038422,5.710938,19286,16730,19273,16796,0.450000,-0.550000,0.300000,0.000000,1772898064600.757,0.477809,-0.546966,0.447607,0.000000,0.000000,0.000000,1.000000,position_only
2026-03-07T15:41:04.612255+00:00,1772898064612.254,0.477539,-0.548828,0.447998,-0.038269,0.032227,5.742188,19164,16958,19116,16878,0.450000,-0.550000,0.300000,0.000000,1772898064609.279,0.477880,-0.546896,0.447506,0.000000,0.000000,0.000000,1.000000,position_only
2026-03-07T15:41:04.623588+00:00,1772898064623.587,0.477539,-0.548340,0.447998,-0.038269,0.032227,5.742188,19132,16977,19058,16954,0.450000,-0.550000,0.300000,0.000000,1772898064618.015,0.477910,-0.546817,0.447402,0.000000,0.000000,0.000000,1.000000,position_only
2026-03-07T15:41:04.634166+00:00,1772898064634.165,0.477783,-0.548340,0.447754,-0.010765,0.107117,5.761719,19350,16777,19236,16762,0.450000,-0.550000,0.300000,0.000000,1772898064626.531,0.477942,-0.546718,0.447322,0.000000,0.000000,0.000000,1.000000,position_only
2026-03-07T15:41:04.642508+00:00,1772898064642.507,0.477783,-0.548340,0.447754,0.025284,0.174683,5.785156,19311,16868,19168,16779,0.450000,-0.550000,0.300000,0.000000,1772898064635.034,0.477960,-0.546651,0.447254,0.000000,0.000000,0.000000,1.000000,position_only
2026-03-07T15:41:04.652873+00:00,1772898064652.871,0.478027,-0.547852,0.447510,0.065063,0.230957,5.820312,19315,16895,19128,16793,0.450000,-0.550000,0.300000,0.000000,1772898064652.013,0.478033,-0.546493,0.447093,0.000000,0.000000,0.000000,1.000000,position_only
2026-03-07T15:41:04.661923+00:00,1772898064661.921,0.478027,-0.547852,0.447510,0.116028,0.279785,5.847656,19177,17000,19044,16911,0.450000,-0.550000,0.300000,0.000000,1772898064660.751,0.478068,-0.546291,0.446958,0.000000,0.000000,0.000000,1.000000,position_only
2026-03-07T15:41:04.672905+00:00,1772898064672.905,0.478027,-0.547852,0.447266,0.171997,0.352295,5.871094,19151,17064,18914,16992,0.450000,-0.550000,0.300000,0.000000,1772898064669.472,0.478107,-0.546169,0.446872,0.000000,0.000000,0.000000,1.000000,position_only
2026-03-07T15:41:04.682806+00:00,1772898064682.805,0.478027,-0.547852,0.447266,0.218384,0.380615,5.882812,19225,16950,19051,16891,0.450000,-0.550000,0.300000,0.000000,1772898064677.978,0.478107,-0.546101,0.446829,0.000000,0.000000,0.000000,1.000000,position_only
2026-03-07T15:41:04.692720+00:00,1772898064692.720,0.478027,-0.547852,0.447266,0.260010,0.419434,5.898438,19161,17019,19008,16933,0.450000,-0.550000,0.300000,0.000000,1772898064686.531,0.478107,-0.546101,0.446829,0.000000,0.000000,0.000000,1.000000,position_only
2026-03-07T15:41:04.702570+00:00,1772898064702.570,0.478271,-0.547363,0.447021,0.298096,0.451660,5.917969,19175,16921,18937,17090,0.450000,-0.550000,0.300000,0.000000,1772898064695.367,0.478166,-0.545838,0.446687,0.000000,0.000000,0.000000,1.000000,position_only
2026-03-07T15:41:04.711730+00:00,1772898064711.729,0.478271,-0.547363,0.447021,0.312500,0.455566,5.929688,19356,16773,19237,16757,0.450000,-0.550000,0.300000,0.000000,1772898064703.875,0.478210,-0.545698,0.446595,0.000000,0.000000,0.000000,1.000000,position_only
2026-03-07T15:41:04.722332+00:00,1772898064722.331,0.478271,-0.547363,0.447021,0.333984,0.481445,5.960938,19298,16819,19048,16952,0.450000,-0.550000,0.300000,0.000000,1772898064720.881,0.478263,-0.545460,0.446469,0.000000,0.000000,0.000000,1.000000,position_only
2026-03-07T15:41:04.732295+00:00,1772898064732.294,0.478271,-0.546875,0.446777,0.347412,0.470947,5.984375,19320,16844,19115,16830,0.450000,-0.550000,0.300000,0.000000,1772898064729.417,0.478255,-0.545358,0.446428,0.000000,0.000000,0.000000,1.000000,position_only
2026-03-07T15:41:04.742694+00:00,1772898064742.693,0.478271,-0.546875,0.446777,0.374756,0.474854,6.003906,19271,16856,18996,16977,0.450000,-0.550000,0.300000,0.000000,1772898064737.911,0.478296,-0.545233,0.446377,0.000000,0.000000,0.000000,1.000000,position_only
2026-03-07T15:41:04.753513+00:00,1772898064753.512,0.478271,-0.546875,0.446777,0.391357,0.453125,6.019531,19236,16885,18894,17081,0.450000,-0.550000,0.300000,0.000000,1772898064746.437,0.478279,-0.545141,0.446352,0.000000,0.000000,0.000000,1.000000,position_only
2026-03-07T15:41:04.762554+00:00,1772898064762.553,0.478271,-0.546387,0.446533,0.406494,0.412598,6.031250,19298,16807,19007,16981,0.450000,-0.550000,0.300000,0.000000,1772898064754.905,0.478306,-0.545034,0.446298,0.000000,0.000000,0.000000,1.000000,position_only
2026-03-07T15:41:04.772515+00:00,1772898064772.515,0.478271,-0.546387,0.446533,0.419434,0.387207,6.050781,19342,16764,18979,17008,0.450000,-0.550000,0.300000,0.000000,1772898064772.306,0.478302,-0.544855,0.446202,0.000000,0.000000,0.000000,1.000000,position_only
2026-03-07T15:41:04.782420+00:00,1772898064782.419,0.478271,-0.546387,0.446533,0.424561,0.326904,6.066406,19318,16746,18912,17116,0.450000,-0.550000,0.300000,0.000000,1772898064781.139,0.478245,-0.544785,0.446172,0.000000,0.000000,0.000000,1.000000,position_only
2026-03-07T15:41:04.793257+00:00,1772898064793.256,0.478271,-0.546387,0.446533,0.415771,0.242310,6.078125,19418,16678,18965,17032,0.450000,-0.550000,0.300000,0.000000,1772898064789.743,0.478270,-0.544659,0.446127,0.000000,0.000000,0.000000,1.000000,position_only
2026-03-07T15:41:04.803697+00:00,1772898064803.696,0.478271,-0.546387,0.446533,0.416748,0.164795,6.089844,19412,16609,19029,17039,0.450000,-0.550000,0.300000,0.000000,1772898064798.267,0.478232,-0.544584,0.446106,0.000000,0.000000,0.000000,1.000000,position_only
2026-03-07T15:41:04.813004+00:00,1772898064813.003,0.478271,-0.545898,0.446533,0.416748,0.164795,6.089844,19267,16760,18897,17169,0.450000,-0.550000,0.300000,0.000000,1772898064806.949,0.478273,-0.544482,0.446051,0.000000,0.000000,0.000000,1.000000,position_only
2026-03-07T15:41:04.823564+00:00,1772898064823.563,0.478271,-0.545898,0.446289,0.396484,0.084412,6.109375,19313,16681,18890,17189,0.450000,-0.550000,0.300000,0.000000,1772898064815.437,0.478244,-0.544404,0.446029,0.000000,0.000000,0.000000,1.000000,position_only
2026-03-07T15:41:04.833400+00:00,1772898064833.399,0.478027,-0.545898,0.446289,0.352783,-0.083435,6.125000,19306,16698,18935,17127,0.450000,-0.550000,0.300000,0.000000,1772898064832.530,0.478218,-0.544199,0.446000,0.000000,0.000000,0.000000,1.000000,position_only
2026-03-07T15:41:04.843541+00:00,1772898064843.540,0.478027,-0.545898,0.446289,0.336914,-0.157715,6.132812,19331,16658,18945,17120,0.450000,-0.550000,0.300000,0.000000,1772898064841.034,0.478246,-0.544080,0.445967,0.000000,0.000000,0.000000,1.000000,position_only
2026-03-07T15:41:04.852568+00:00,1772898064852.567,0.478027,-0.545410,0.446289,0.336914,-0.157715,6.132812,19369,16641,19087,16961,0.450000,-0.550000,0.300000,0.000000,1772898064849.529,0.478236,-0.543961,0.445968,0.000000,0.000000,0.000000,1.000000,position_only
2026-03-07T15:41:04.861761+00:00,1772898064861.760,0.478027,-0.545410,0.446289,0.323486,-0.198364,6.156250,19327,16704,19028,17002,0.450000,-0.550000,0.300000,0.000000,1772898064858.031,0.478265,-0.543837,0.445920,0.000000,0.000000,0.000000,1.000000,position_only
2026-03-07T15:41:04.873969+00:00,1772898064873.968,0.478027,-0.545410,0.446289,0.319092,-0.237427,6.167969,19350,16638,19042,17031,0.450000,-0.550000,0.300000,0.000000,1772898064866.518,0.478218,-0.543761,0.445914,0.000000,0.000000,0.000000,1.000000,position_only
2026-03-07T15:41:04.883714+00:00,1772898064883.713,0.478027,-0.545410,0.446289,0.304199,-0.260986,6.183594,19251,16712,19038,17057,0.450000,-0.550000,0.300000,0.000000,1772898064875.111,0.478234,-0.543613,0.445883,0.000000,0.000000,0.000000,1.000000,position_only
2026-03-07T15:41:04.892735+00:00,1772898064892.734,0.478027,-0.544922,0.446289,0.294678,-0.279053,6.199219,19290,16697,19092,16976,0.450000,-0.550000,0.300000,0.000000,1772898064892.585,0.478220,-0.543399,0.445831,0.000000,0.000000,0.000000,1.000000,position_only
2026-03-07T15:41:04.901751+00:00,1772898064901.750,0.478027,-0.544922,0.446289,0.280029,-0.288330,6.214844,19308,16710,19099,16937,0.450000,-0.550000,0.300000,0.000000,1772898064901.386,0.478189,-0.543330,0.445817,0.000000,0.000000,0.000000,1.000000,position_only
2026-03-07T15:41:04.913275+00:00,1772898064913.274,0.478027,-0.544922,0.446289,0.270264,-0.287354,6.230469,19262,16741,19002,17057,0.450000,-0.550000,0.300000,0.000000,1772898064909.981,0.478218,-0.543179,0.445778,0.000000,0.000000,0.000000,1.000000,position_only
2026-03-07T15:41:04.922969+00:00,1772898064922.968,0.478027,-0.544922,0.446289,0.267822,-0.295898,6.242188,19275,16793,19118,16883,0.450000,-0.550000,0.300000,0.000000,1772898064918.493,0.478196,-0.543121,0.445773,0.000000,0.000000,0.000000,1.000000,position_only
2026-03-07T15:41:04.932965+00:00,1772898064932.964,0.478027,-0.544434,0.446289,0.279297,-0.264893,6.261719,19341,16708,19276,16754,0.450000,-0.550000,0.300000,0.000000,1772898064926.938,0.478233,-0.542976,0.445729,0.000000,0.000000,0.000000,1.000000,position_only
2026-03-07T15:41:04.942757+00:00,1772898064942.756,0.478271,-0.544434,0.446045,0.292480,-0.199219,6.289062,19118,16984,18952,17025,0.450000,-0.550000,0.300000,0.000000,1772898064935.572,0.478257,-0.542796,0.445703,0.000000,0.000000,0.000000,1.000000,position_only
2026-03-07T15:41:04.953090+00:00,1772898064953.089,0.478271,-0.544434,0.446045,0.315674,-0.145386,6.300781,19085,17019,18905,17067,0.450000,-0.550000,0.300000,0.000000,1772898064952.617,0.478280,-0.542635,0.445656,0.000000,0.000000,0.000000,1.000000,position_only
2026-03-07T15:41:04.962496+00:00,1772898064962.495,0.478271,-0.544434,0.446045,0.341797,-0.100708,6.300781,19270,16875,19056,16875,0.450000,-0.550000,0.300000,0.000000,1772898064961.118,0.478245,-0.542562,0.445665,0.000000,0.000000,0.000000,1.000000,position_only
2026-03-07T15:41:04.972295+00:00,1772898064972.294,0.478271,-0.543945,0.446045,0.381592,-0.043365,6.320312,19386,16776,19210,16710,0.450000,-0.550000,0.300000,0.000000,1772898064969.648,0.478277,-0.542457,0.445627,0.000000,0.000000,0.000000,1.000000,position_only
2026-03-07T15:41:04.982307+00:00,1772898064982.306,0.478271,-0.543945,0.446045,0.424561,0.014923,6.343750,19266,16906,19024,16895,0.450000,-0.550000,0.300000,0.000000,1772898064978.198,0.478278,-0.542399,0.445624,0.000000,0.000000,0.000000,1.000000,position_only
2026-03-07T15:41:04.993530+00:00,1772898064993.529,0.478271,-0.543945,0.446045,0.470459,0.049164,6.355469,19260,16910,18933,16986,0.450000,-0.550000,0.300000,0.000000,1772898064986.772,0.478330,-0.542287,0.445588,0.000000,0.000000,0.000000,1.000000,position_only
2026-03-07T15:41:05.002206+00:00,1772898065002.205,0.478271,-0.543945,0.446045,0.513672,0.050110,6.359375,19349,16829,18956,16951,0.450000,-0.550000,0.300000,0.000000,1772898064995.336,0.478371,-0.542202,0.445580,0.000000,0.000000,0.000000,1.000000,position_only
2026-03-07T15:41:05.013035+00:00,1772898065013.034,0.478516,-0.543457,0.445801,0.560059,0.043579,6.367188,19344,16860,18864,17022,0.450000,-0.550000,0.300000,0.000000,1772898065012.323,0.478469,-0.542050,0.445562,0.000000,0.000000,0.000000,1.000000,position_only
2026-03-07T15:41:05.022223+00:00,1772898065022.222,0.478516,-0.543457,0.445801,0.597168,0.006554,6.371094,19411,16752,18921,17010,0.450000,-0.550000,0.300000,0.000000,1772898065021.099,0.478526,-0.541954,0.445537,0.000000,0.000000,0.000000,1.000000,position_only
2026-03-07T15:41:05.033553+00:00,1772898065033.552,0.478516,-0.543457,0.445801,0.623047,-0.039551,6.382812,19465,16690,19030,16908,0.450000,-0.550000,0.300000,0.000000,1772898065029.704,0.478531,-0.541890,0.445545,0.000000,0.000000,0.000000,1.000000,position_only
2026-03-07T15:41:05.044073+00:00,1772898065044.073,0.478516,-0.543457,0.445801,0.636719,-0.080566,6.402344,19474,16618,19060,16932,0.450000,-0.550000,0.300000,0.000000,1772898065038.252,0.478618,-0.541804,0.445508,0.000000,0.000000,0.000000,1.000000,position_only
2026-03-07T15:41:05.052638+00:00,1772898065052.636,0.478516,-0.543457,0.445801,0.636719,-0.080566,6.402344,19474,16589,19021,17003,0.450000,-0.550000,0.300000,0.000000,1772898065046.707,0.478615,-0.541748,0.445513,0.000000,0.000000,0.000000,1.000000,position_only
2026-03-07T15:41:05.061746+00:00,1772898065061.745,0.478516,-0.542969,0.445801,0.636719,-0.130737,6.417969,19437,16545,19101,16997,0.450000,-0.550000,0.300000,0.000000,1772898065055.222,0.478676,-0.541657,0.445488,0.000000,0.000000,0.000000,1.000000,position_only
2026-03-07T15:41:05.073131+00:00,1772898065073.129,0.478760,-0.542969,0.445801,0.572754,-0.224487,6.445312,19255,16678,19035,17104,0.450000,-0.550000,0.300000,0.000000,1772898065072.315,0.478746,-0.541475,0.445476,0.000000,0.000000,0.000000,1.000000,position_only
2026-03-07T15:41:05.083621+00:00,1772898065083.620,0.478760,-0.542969,0.445801,0.572754,-0.224487,6.445312,19309,16582,19174,17008,0.450000,-0.550000,0.300000,0.000000,1772898065080.826,0.478758,-0.541417,0.445482,0.000000,0.000000,0.000000,1.000000,position_only
2026-03-07T15:41:05.092821+00:00,1772898065092.820,0.478760,-0.542969,0.445801,0.517090,-0.235962,6.464844,19262,16585,19134,17093,0.450000,-0.550000,0.300000,0.000000,1772898065089.313,0.478824,-0.541293,0.445431,0.000000,0.000000,0.000000,1.000000,position_only
2026-03-07T15:41:05.105903+00:00,1772898065105.901,0.478760,-0.542969,0.445801,0.450439,-0.245972,6.480469,19391,16488,19380,16812,0.450000,-0.550000,0.300000,0.000000,1772898065098.084,0.478842,-0.541225,0.445441,0.000000,0.000000,0.000000,1.000000,position_only
2026-03-07T15:41:05.114318+00:00,1772898065114.317,0.479004,-0.542480,0.445801,0.388184,-0.230347,6.511719,19235,16657,19238,16932,0.450000,-0.550000,0.300000,0.000000,1772898065106.724,0.478933,-0.541098,0.445408,0.000000,0.000000,0.000000,1.000000,position_only
2026-03-07T15:41:05.123557+00:00,1772898065123.556,0.479004,-0.542480,0.445801,0.329346,-0.198364,6.535156,19106,16801,19078,17064,0.450000,-0.550000,0.300000,0.000000,1772898065115.265,0.478983,-0.541010,0.445432,0.000000,0.000000,0.000000,1.000000,position_only
2026-03-07T15:41:05.132705+00:00,1772898065132.704,0.479004,-0.542480,0.445801,0.286865,-0.157959,6.550781,19240,16693,19202,16911,0.450000,-0.550000,0.300000,0.000000,1772898065132.516,0.479070,-0.540807,0.445403,0.000000,0.000000,0.000000,1.000000,position_only
2026-03-07T15:41:05.142606+00:00,1772898065142.605,0.479004,-0.542480,0.445801,0.258301,-0.104858,6.562500,19323,16622,19283,16820,0.450000,-0.550000,0.300000,0.000000,1772898065141.064,0.479133,-0.540692,0.445391,0.000000,0.000000,0.000000,1.000000,position_only
2026-03-07T15:41:05.153206+00:00,1772898065153.205,0.479248,-0.542480,0.445801,0.239380,-0.055389,6.585938,19319,16713,19269,16751,0.450000,-0.550000,0.300000,0.000000,1772898065149.532,0.479128,-0.540655,0.445410,0.000000,0.000000,0.000000,1.000000,position_only
2026-03-07T15:41:05.163589+00:00,1772898065163.588,0.479248,-0.542480,0.445801,0.244263,0.006836,6.617188,19291,16794,19118,16848,0.450000,-0.550000,0.300000,0.000000,1772898065158.122,0.479206,-0.540529,0.445403,0.000000,0.000000,0.000000,1.000000,position_only
2026-03-07T15:41:05.173038+00:00,1772898065173.037,0.479248,-0.541992,0.445801,0.268555,0.047546,6.628906,19256,16849,19004,16938,0.450000,-0.550000,0.300000,0.000000,1772898065166.818,0.479219,-0.540451,0.445429,0.000000,0.000000,0.000000,1.000000,position_only
2026-03-07T15:41:05.184618+00:00,1772898065184.617,0.479492,-0.541992,0.445801,0.309570,0.088318,6.640625,19361,16784,19000,16888,0.450000,-0.550000,0.300000,0.000000,1772898065183.928,0.479308,-0.540322,0.445420,0.000000,0.000000,0.000000,1.000000,position_only
2026-03-07T15:41:05.193181+00:00,1772898065193.180,0.479492,-0.541992,0.445801,0.359375,0.095032,6.652344,19525,16703,19142,16666,0.450000,-0.550000,0.300000,0.000000,1772898065192.416,0.479365,-0.540229,0.445422,0.000000,0.000000,0.000000,1.000000,position_only
2026-03-07T15:41:05.202586+00:00,1772898065202.584,0.479492,-0.541992,0.445801,0.432617,0.103333,6.675781,19529,16671,19096,16750,0.450000,-0.550000,0.300000,0.000000,1772898065201.174,0.479389,-0.540189,0.445454,0.000000,0.000000,0.000000,1.000000,position_only
2026-03-07T15:41:05.213136+00:00,1772898065213.135,0.479736,-0.541992,0.445801,0.491699,0.097839,6.695312,19493,16750,19042,16773,0.450000,-0.550000,0.300000,0.000000,1772898065209.914,0.479456,-0.540116,0.445444,0.000000,0.000000,0.000000,1.000000,position_only
2026-03-07T15:41:05.225209+00:00,1772898065225.208,0.479736,-0.541992,0.445801,0.553223,0.092712,6.710938,19400,16763,18987,16908,0.450000,-0.550000,0.300000,0.000000,1772898065218.754,0.479520,-0.540006,0.445473,0.000000,0.000000,0.000000,1.000000,position_only
2026-03-07T15:41:05.234329+00:00,1772898065234.328,0.479736,-0.541504,0.445801,0.592773,0.066345,6.722656,19399,16684,19062,16904,0.450000,-0.550000,0.300000,0.000000,1772898065227.445,0.479546,-0.539963,0.445471,0.000000,0.000000,0.000000,1.000000,position_only
2026-03-07T15:41:05.243308+00:00,1772898065243.308,0.479736,-0.541504,0.445801,0.602051,0.051270,6.734375,19354,16747,18960,16989,0.450000,-0.550000,0.300000,0.000000,1772898065235.935,0.479574,-0.539915,0.445469,0.000000,0.000000,0.000000,1.000000,position_only
2026-03-07T15:41:05.253592+00:00,1772898065253.592,0.479980,-0.541504,0.445801,0.614746,0.031174,6.750000,19534,16542,19266,16710,0.450000,-0.550000,0.300000,0.000000,1772898065252.938,0.479607,-0.539821,0.445491,0.000000,0.000000,0.000000,1.000000,position_only
2026-03-07T15:41:05.264302+00:00,1772898065264.301,0.479980,-0.541504,0.445801,0.613281,0.034637,6.769531,19369,16674,19100,16918,0.450000,-0.550000,0.300000,0.000000,1772898065261.597,0.479617,-0.539753,0.445509,0.000000,0.000000,0.000000,1.000000,position_only
2026-03-07T15:41:05.273713+00:00,1772898065273.712,0.479980,-0.541504,0.445801,0.600586,0.030518,6.777344,19285,16749,19169,16870,0.450000,-0.550000,0.300000,0.000000,1772898065270.148,0.479627,-0.539712,0.445512,0.000000,0.000000,0.000000,1.000000,position_only
2026-03-07T15:41:05.285846+00:00,1772898065285.845,0.479980,-0.541016,0.445801,0.588379,0.064758,6.792969,19297,16687,19203,16889,0.450000,-0.550000,0.300000,0.000000,1772898065278.594,0.479685,-0.539646,0.445507,0.000000,0.000000,0.000000,1.000000,position_only
2026-03-07T15:41:05.293413+00:00,1772898065293.412,0.479980,-0.541016,0.445801,0.588379,0.064758,6.792969,19213,16783,19099,16981,0.450000,-0.550000,0.300000,0.000000,1772898065287.102,0.479685,-0.539646,0.445507,0.000000,0.000000,0.000000,1.000000,position_only
2026-03-07T15:41:05.304258+00:00,1772898065304.257,0.480225,-0.541016,0.445801,0.545410,0.135376,6.820312,19261,16768,19275,16765,0.450000,-0.550000,0.300000,0.000000,1772898065304.097,0.479682,-0.539551,0.445533,0.000000,0.000000,0.000000,1.000000,position_only
2026-03-07T15:41:05.314082+00:00,1772898065314.082,0.480225,-0.541016,0.445801,0.537109,0.187866,6.835938,19329,16736,19223,16765,0.450000,-0.550000,0.300000,0.000000,1772898065312.730,0.479714,-0.539506,0.445547,0.000000,0.000000,0.000000,1.000000,position_only
2026-03-07T15:41:05.324751+00:00,1772898065324.750,0.480225,-0.541016,0.445801,0.537109,0.187866,6.835938,19357,16697,19204,16798,0.450000,-0.550000,0.300000,0.000000,1772898065321.440,0.479698,-0.539503,0.445574,0.000000,0.000000,0.000000,1.000000,position_only
2026-03-07T15:41:05.332926+00:00,1772898065332.925,0.480225,-0.541016,0.445801,0.540527,0.229004,6.859375,19429,16653,19212,16756,0.450000,-0.550000,0.300000,0.000000,1772898065329.893,0.479718,-0.539471,0.445564,0.000000,0.000000,0.000000,1.000000,position_only
2026-03-07T15:41:05.344411+00:00,1772898065344.410,0.480225,-0.541016,0.445801,0.546387,0.244629,6.878906,19288,16743,19103,16899,0.450000,-0.550000,0.300000,0.000000,1772898065338.835,0.479674,-0.539469,0.445587,0.000000,0.000000,0.000000,1.000000,position_only
2026-03-07T15:41:05.354327+00:00,1772898065354.326,0.480225,-0.541016,0.445801,0.541992,0.250488,6.890625,19291,16740,19142,16840,0.450000,-0.550000,0.300000,0.000000,1772898065347.323,0.479701,-0.539437,0.445595,0.000000,0.000000,0.000000,1.000000,position_only
2026-03-07T15:41:05.364783+00:00,1772898065364.782,0.480225,-0.541016,0.445801,0.547363,0.280029,6.906250,19350,16667,19116,16856,0.450000,-0.550000,0.300000,0.000000,1772898065364.249,0.479679,-0.539417,0.445622,0.000000,0.000000,0.000000,1.000000,position_only
2026-03-07T15:41:05.373192+00:00,1772898065373.191,0.480225,-0.541016,0.446045,0.539551,0.269043,6.917969,19394,16575,19156,16853,0.450000,-0.550000,0.300000,0.000000,1772898065372.784,0.479649,-0.539450,0.445634,0.000000,0.000000,0.000000,1.000000,position_only
2026-03-07T15:41:05.384738+00:00,1772898065384.737,0.480225,-0.541016,0.446045,0.523438,0.240723,6.929688,19208,16800,18889,17085,0.450000,-0.550000,0.300000,0.000000,1772898065381.435,0.479664,-0.539419,0.445648,0.000000,0.000000,0.000000,1.000000,position_only
2026-03-07T15:41:05.394113+00:00,1772898065394.111,0.480225,-0.541016,0.446045,0.516113,0.199097,6.929688,19389,16640,19031,16932,0.450000,-0.550000,0.300000,0.000000,1772898065390.011,0.479602,-0.539436,0.445662,0.000000,0.000000,0.000000,1.000000,position_only
2026-03-07T15:41:05.404847+00:00,1772898065404.846,0.480225,-0.541016,0.446045,0.517578,0.159302,6.937500,19488,16533,19235,16743,0.450000,-0.550000,0.300000,0.000000,1772898065398.530,0.479613,-0.539417,0.445669,0.000000,0.000000,0.000000,1.000000,position_only
2026-03-07T15:41:05.413252+00:00,1772898065413.251,0.480225,-0.541016,0.446045,0.508301,0.133911,6.960938,19358,16644,19044,16957,0.450000,-0.550000,0.300000,0.000000,1772898065407.046,0.479555,-0.539450,0.445698,0.000000,0.000000,0.000000,1.000000,position_only
2026-03-07T15:41:05.423705+00:00,1772898065423.704,0.479980,-0.541016,0.446045,0.499268,0.106201,6.968750,19241,16753,19039,16974,0.450000,-0.550000,0.300000,0.000000,1772898065415.530,0.479565,-0.539439,0.445712,0.000000,0.000000,0.000000,1.000000,position_only
2026-03-07T15:41:05.433572+00:00,1772898065433.571,0.479980,-0.541016,0.446045,0.486328,0.096741,6.976562,19408,16598,19162,16842,0.450000,-0.550000,0.300000,0.000000,1772898065432.878,0.479499,-0.539500,0.445717,0.000000,0.000000,0.000000,1.000000,position_only
2026-03-07T15:41:05.444867+00:00,1772898065444.865,0.479980,-0.541016,0.446045,0.486328,0.096741,6.976562,19268,16717,19081,16948,0.450000,-0.550000,0.300000,0.000000,1772898065441.374,0.479416,-0.539525,0.445749,0.000000,0.000000,0.000000,1.000000,position_only
2026-03-07T15:41:05.453185+00:00,1772898065453.184,0.479980,-0.541016,0.446045,0.477783,0.091248,6.996094,19258,16771,19087,16900,0.450000,-0.550000,0.300000,0.000000,1772898065450.105,0.479408,-0.539538,0.445750,0.000000,0.000000,0.000000,1.000000,position_only
2026-03-07T15:41:05.465960+00:00,1772898065465.959,0.479980,-0.541016,0.446045,0.468018,0.098755,7.003906,19218,16784,19071,16940,0.450000,-0.550000,0.300000,0.000000,1772898065458.613,0.479325,-0.539569,0.445783,0.000000,0.000000,0.000000,1.000000,position_only
2026-03-07T15:41:05.473853+00:00,1772898065473.852,0.479980,-0.541016,0.446289,0.455811,0.115601,7.003906,19353,16651,19178,16814,0.450000,-0.550000,0.300000,0.000000,1772898065467.112,0.479305,-0.539567,0.445788,0.000000,0.000000,0.000000,1.000000,position_only
2026-03-07T15:41:05.483807+00:00,1772898065483.806,0.479736,-0.541016,0.446289,0.451660,0.134766,7.019531,19294,16707,19150,16832,0.450000,-0.550000,0.300000,0.000000,1772898065475.747,0.479253,-0.539609,0.445818,0.000000,0.000000,0.000000,1.000000,position_only
2026-03-07T15:41:05.494076+00:00,1772898065494.074,0.479736,-0.541016,0.446289,0.440674,0.143433,7.031250,19206,16781,18975,17005,0.450000,-0.550000,0.300000,0.000000,1772898065492.803,0.479125,-0.539643,0.445862,0.000000,0.000000,0.000000,1.000000,position_only
2026-03-07T15:41:05.505095+00:00,1772898065505.094,0.479736,-0.541016,0.446289,0.432861,0.128784,7.031250,19175,16823,18882,17079,0.450000,-0.550000,0.300000,0.000000,1772898065501.425,0.479114,-0.539670,0.445864,0.000000,0.000000,0.000000,1.000000,position_only
2026-03-07T15:41:05.513110+00:00,1772898065513.109,0.479736,-0.541016,0.446289,0.432617,0.109375,7.031250,19289,16716,18967,16997,0.450000,-0.550000,0.300000,0.000000,1772898065510.096,0.479017,-0.539708,0.445890,0.000000,0.000000,0.000000,1.000000,position_only
2026-03-07T15:41:05.525346+00:00,1772898065525.345,0.479492,-0.541016,0.446289,0.429932,0.076538,7.035156,19340,16603,19070,16974,0.450000,-0.550000,0.300000,0.000000,1772898065518.801,0.478910,-0.539762,0.445920,0.000000,0.000000,0.000000,1.000000,position_only
2026-03-07T15:41:05.533838+00:00,1772898065533.837,0.479492,-0.541016,0.446289,0.407959,0.043365,7.046875,19341,16632,19117,16898,0.450000,-0.550000,0.300000,0.000000,1772898065527.308,0.478878,-0.539769,0.445925,0.000000,0.000000,0.000000,1.000000,position_only
2026-03-07T15:41:05.544024+00:00,1772898065544.023,0.479492,-0.541504,0.446533,0.393555,0.020035,7.054688,19373,16570,19145,16897,0.450000,-0.550000,0.300000,0.000000,1772898065535.840,0.478780,-0.539818,0.445952,0.000000,0.000000,0.000000,1.000000,position_only
2026-03-07T15:41:05.553561+00:00,1772898065553.560,0.479492,-0.541504,0.446533,0.369873,-0.007301,7.070312,19445,16501,19195,16836,0.450000,-0.550000,0.300000,0.000000,1772898065552.993,0.478628,-0.539895,0.445967,0.000000,0.000000,0.000000,1.000000,position_only
2026-03-07T15:41:05.563703+00:00,1772898065563.702,0.479248,-0.541504,0.446533,0.347900,-0.035889,7.089844,19370,16552,19163,16899,0.450000,-0.550000,0.300000,0.000000,1772898065561.515,0.478584,-0.539918,0.445958,0.000000,0.000000,0.000000,1.000000,position_only
2026-03-07T15:41:05.574505+00:00,1772898065574.504,0.479248,-0.541504,0.446533,0.330566,-0.042572,7.105469,19426,16556,19227,16792,0.450000,-0.550000,0.300000,0.000000,1772898065570.150,0.478471,-0.540026,0.445990,0.000000,0.000000,0.000000,1.000000,position_only
2026-03-07T15:41:05.584936+00:00,1772898065584.936,0.479004,-0.541504,0.446533,0.321777,-0.041321,7.125000,19418,16529,19241,16835,0.450000,-0.550000,0.300000,0.000000,1772898065578.649,0.478471,-0.540026,0.445990,0.000000,0.000000,0.000000,1.000000,position_only
2026-03-07T15:41:05.594081+00:00,1772898065594.080,0.479004,-0.541504,0.446533,0.302979,-0.047516,7.140625,19348,16658,19184,16832,0.450000,-0.550000,0.300000,0.000000,1772898065587.249,0.478308,-0.540088,0.445983,0.000000,0.000000,0.000000,1.000000,position_only
2026-03-07T15:41:05.603421+00:00,1772898065603.420,0.479004,-0.541504,0.446533,0.296875,-0.040192,7.152344,19294,16686,19145,16895,0.450000,-0.550000,0.300000,0.000000,1772898065595.729,0.478254,-0.540116,0.445963,0.000000,0.000000,0.000000,1.000000,position_only
2026-03-07T15:41:05.614122+00:00,1772898065614.121,0.478760,-0.541504,0.446533,0.278320,-0.042236,7.160156,19359,16627,19154,16866,0.450000,-0.550000,0.300000,0.000000,1772898065613.031,0.478052,-0.540270,0.445962,0.000000,0.000000,0.000000,1.000000,position_only
