time_wall,time_ms,state_x,state_y,state_z,roll,pitch,yaw,u1_16,u2_16,u3_16,u4_16,setpoint_x,setpoint_y,setpoint_z,setpoint_yaw_deg,mocap_time_ms,mocap_x,mocap_y,mocap_z,mocap_qx,mocap_qy,mocap_qz,mocap_qw,mocap_mode
2026-03-06T21:01:15.048945+00:00,1772830875048.943,0.450684,-0.557617,0.308105,0.087463,0.082397,0.211914,21546,18503,21675,17894,0.450000,-0.550000,0.300000,0.000000,1772830875047.594,0.451287,-0.558670,0.307988,0.000000,0.000000,0.000000,1.000000,position_only
2026-03-06T21:01:15.058407+00:00,1772830875058.406,0.450928,-0.557617,0.308350,0.085388,0.047546,0.218384,21546,18503,21675,17894,0.450000,-0.550000,0.300000,0.000000,1772830875056.458,0.451408,-0.558771,0.308191,0.000000,0.000000,0.000000,1.000000,position_only
2026-03-06T21:01:15.069020+00:00,1772830875069.019,0.450928,-0.557617,0.308594,0.068054,0.014977,0.224731,21546,18503,21675,17894,0.450000,-0.550000,0.300000,0.000000,1772830875064.936,0.451507,-0.558799,0.308388,0.000000,0.000000,0.000000,1.000000,position_only
2026-03-06T21:01:15.078796+00:00,1772830875078.796,0.450928,-0.557617,0.308838,0.053253,-0.024277,0.228149,21546,18503,21675,17894,0.450000,-0.550000,0.300000,0.000000,1772830875073.428,0.451632,-0.558882,0.308595,0.000000,0.000000,0.000000,1.000000,position_only
2026-03-06T21:01:15.088773+00:00,1772830875088.773,0.451172,-0.557617,0.309082,0.030029,-0.033630,0.230347,21546,18503,21675,17894,0.450000,-0.550000,0.300000,0.000000,1772830875081.882,0.451706,-0.558976,0.308796,0.000000,0.000000,0.000000,1.000000,position_only
2026-03-06T21:01:15.099114+00:00,1772830875099.114,0.451172,-0.558105,0.309326,0.008118,-0.040741,0.229858,21546,18503,21675,17894,0.450000,-0.550000,0.300000,0.000000,1772830875098.943,0.451957,-0.559172,0.309325,0.000000,0.000000,0.000000,1.000000,position_only
2026-03-06T21:01:15.108969+00:00,1772830875108.968,0.451416,-0.558105,0.309570,-0.005650,-0.033600,0.231812,21546,18503,21675,17894,0.450000,-0.550000,0.300000,0.000000,1772830875107.428,0.451957,-0.559172,0.309325,0.000000,0.000000,0.000000,1.000000,position_only
2026-03-06T21:01:15.118955+00:00,1772830875118.955,0.451416,-0.558105,0.309814,-0.020050,0.002991,0.234741,21546,18503,21675,17894,0.450000,-0.550000,0.300000,0.000000,1772830875115.899,0.452087,-0.559279,0.309667,0.000000,0.000000,0.000000,1.000000,position_only
2026-03-06T21:01:15.129169+00:00,1772830875129.167,0.451660,-0.558105,0.310059,-0.030594,0.042450,0.235718,21546,18503,21675,17894,0.450000,-0.550000,0.300000,0.000000,1772830875124.460,0.452155,-0.559347,0.309852,0.000000,0.000000,0.000000,1.000000,position_only
2026-03-06T21:01:15.138745+00:00,1772830875138.743,0.451660,-0.558105,0.310303,-0.028107,0.060120,0.228149,21546,18503,21675,17894,0.450000,-0.550000,0.300000,0.000000,1772830875132.955,0.452207,-0.559435,0.310037,0.000000,0.000000,0.000000,1.000000,position_only
2026-03-06T21:01:15.148580+00:00,1772830875148.578,0.451904,-0.558594,0.310547,-0.030090,0.043579,0.221069,21546,18503,21675,17894,0.450000,-0.550000,0.300000,0.000000,1772830875141.497,0.452302,-0.559485,0.310227,0.000000,0.000000,0.000000,1.000000,position_only
2026-03-06T21:01:15.159187+00:00,1772830875159.186,0.451904,-0.558594,0.310791,-0.040436,0.019623,0.210815,21546,18503,21675,17894,0.450000,-0.550000,0.300000,0.000000,1772830875158.613,0.452441,-0.559673,0.310588,0.000000,0.000000,0.000000,1.000000,position_only
2026-03-06T21:01:15.168616+00:00,1772830875168.616,0.451904,-0.558594,0.311035,-0.039612,0.010811,0.200439,21546,18503,21675,17894,0.450000,-0.550000,0.300000,0.000000,1772830875167.300,0.452508,-0.559738,0.310790,0.000000,0.000000,0.000000,1.000000,position_only
2026-03-06T21:01:15.179189+00:00,1772830875179.189,0.452148,-0.558594,0.311279,-0.044556,-0.001357,0.185547,21546,18503,21675,17894,0.450000,-0.550000,0.300000,0.000000,1772830875175.960,0.452607,-0.559783,0.310937,0.000000,0.000000,0.000000,1.000000,position_only
2026-03-06T21:01:15.188798+00:00,1772830875188.797,0.452148,-0.558594,0.311523,-0.056000,-0.013962,0.165771,21546,18503,21675,17894,0.450000,-0.550000,0.300000,0.000000,1772830875184.852,0.452702,-0.559841,0.311115,0.000000,0.000000,0.000000,1.000000,position_only
2026-03-06T21:01:15.198771+00:00,1772830875198.771,0.452393,-0.559082,0.311523,-0.061554,-0.015915,0.143311,21546,18503,21675,17894,0.450000,-0.550000,0.300000,0.000000,1772830875193.352,0.452782,-0.559940,0.311292,0.000000,0.000000,0.000000,1.000000,position_only
2026-03-06T21:01:15.209277+00:00,1772830875209.277,0.452393,-0.559082,0.311768,-0.085999,0.028320,0.137085,21546,18503,21675,17894,0.450000,-0.550000,0.300000,0.000000,1772830875201.950,0.452827,-0.559992,0.311497,0.000000,0.000000,0.000000,1.000000,position_only
2026-03-06T21:01:15.218992+00:00,1772830875218.992,0.452637,-0.559082,0.312012,-0.098877,0.043121,0.124878,21546,18503,21675,17894,0.450000,-0.550000,0.300000,0.000000,1772830875210.535,0.452959,-0.560064,0.311655,0.000000,0.000000,0.000000,1.000000,position_only
2026-03-06T21:01:15.228250+00:00,1772830875228.250,0.452637,-0.559082,0.312256,-0.097351,0.059784,0.116333,21546,18503,21675,17894,0.450000,-0.550000,0.300000,0.000000,1772830875227.592,0.453109,-0.560265,0.311958,0.000000,0.000000,0.000000,1.000000,position_only
2026-03-06T21:01:15.238798+00:00,1772830875238.797,0.452637,-0.559570,0.312500,-0.110046,0.059235,0.103882,21546,18503,21675,17894,0.450000,-0.550000,0.300000,0.000000,1772830875236.083,0.453223,-0.560360,0.312090,0.000000,0.000000,0.000000,1.000000,position_only
2026-03-06T21:01:15.249316+00:00,1772830875249.316,0.452881,-0.559570,0.312500,-0.129761,0.061279,0.091736,21546,18503,21675,17894,0.450000,-0.550000,0.300000,0.000000,1772830875244.589,0.453301,-0.560445,0.312238,0.000000,0.000000,0.000000,1.000000,position_only
2026-03-06T21:01:15.258706+00:00,1772830875258.706,0.452881,-0.559570,0.312744,-0.138184,0.066040,0.082825,21546,18503,21675,17894,0.450000,-0.550000,0.300000,0.000000,1772830875253.309,0.453355,-0.560524,0.312386,0.000000,0.000000,0.000000,1.000000,position_only
2026-03-06T21:01:15.269195+00:00,1772830875269.195,0.453125,-0.559570,0.312988,-0.150391,0.071167,0.080933,21546,18503,21675,17894,0.450000,-0.550000,0.300000,0.000000,1772830875261.811,0.453431,-0.560582,0.312495,0.000000,0.000000,0.000000,1.000000,position_only
2026-03-06T21:01:15.278268+00:00,1772830875278.267,0.453125,-0.559570,0.312988,-0.170166,0.077454,0.076721,21546,18503,21675,17894,0.450000,-0.550000,0.300000,0.000000,1772830875270.390,0.453519,-0.560646,0.312625,0.000000,0.000000,0.000000,1.000000,position_only
2026-03-06T21:01:15.288972+00:00,1772830875288.971,0.453369,-0.560059,0.313232,-0.182007,0.091431,0.068237,21546,18503,21675,17894,0.450000,-0.550000,0.300000,0.000000,1772830875287.480,0.453619,-0.560813,0.312876,0.000000,0.000000,0.000000,1.000000,position_only
2026-03-06T21:01:15.298781+00:00,1772830875298.781,0.453369,-0.560059,0.313232,-0.186768,0.091675,0.057892,21546,18503,21675,17894,0.450000,-0.550000,0.300000,0.000000,1772830875296.160,0.453701,-0.560907,0.312988,0.000000,0.000000,0.000000,1.000000,position_only
2026-03-06T21:01:15.309179+00:00,1772830875309.179,0.453369,-0.560059,0.313477,-0.182495,0.121216,0.048584,21546,18503,21675,17894,0.450000,-0.550000,0.300000,0.000000,1772830875304.644,0.453749,-0.561013,0.313128,0.000000,0.000000,0.000000,1.000000,position_only
2026-03-06T21:01:15.319413+00:00,1772830875319.412,0.453613,-0.560059,0.313477,-0.199097,0.145630,0.035553,21546,18503,21675,17894,0.450000,-0.550000,0.300000,0.000000,1772830875313.133,0.453812,-0.561129,0.313260,0.000000,0.000000,0.000000,1.000000,position_only
2026-03-06T21:01:15.329271+00:00,1772830875329.271,0.453613,-0.560547,0.313721,-0.209717,0.146362,0.028473,21546,18503,21675,17894,0.450000,-0.550000,0.300000,0.000000,1772830875321.728,0.453884,-0.561195,0.313378,0.000000,0.000000,0.000000,1.000000,position_only
2026-03-06T21:01:15.339423+00:00,1772830875339.422,0.453857,-0.560547,0.313721,-0.203003,0.152466,0.018784,21546,18503,21675,17894,0.450000,-0.550000,0.300000,0.000000,1772830875339.053,0.454015,-0.561356,0.313590,0.000000,0.000000,0.000000,1.000000,position_only
2026-03-06T21:01:15.348717+00:00,1772830875348.717,0.453857,-0.560547,0.313965,-0.211670,0.137573,0.012375,21546,18503,21675,17894,0.450000,-0.550000,0.300000,0.000000,1772830875347.531,0.454104,-0.561452,0.313692,0.000000,0.000000,0.000000,1.000000,position_only
2026-03-06T21:01:15.359437+00:00,1772830875359.437,0.453857,-0.560547,0.313965,-0.222168,0.148926,0.012451,21546,18503,21675,17894,0.450000,-0.550000,0.300000,0.000000,1772830875356.115,0.454157,-0.561514,0.313785,0.000000,0.000000,0.000000,1.000000,position_only
2026-03-06T21:01:15.369803+00:00,1772830875369.801,0.454102,-0.560547,0.314209,-0.225464,0.143311,0.000546,21546,18503,21675,17894,0.450000,-0.550000,0.300000,0.000000,1772830875364.733,0.454253,-0.561591,0.313871,0.000000,0.000000,0.000000,1.000000,position_only
2026-03-06T21:01:15.379105+00:00,1772830875379.104,0.454102,-0.561035,0.314209,-0.243530,0.117310,0.000765,21546,18503,21675,17894,0.450000,-0.550000,0.300000,0.000000,1772830875373.361,0.454335,-0.561682,0.313965,0.000000,0.000000,0.000000,1.000000,position_only
2026-03-06T21:01:15.389008+00:00,1772830875389.008,0.454102,-0.561035,0.314209,-0.260254,0.151489,0.003716,21546,18503,21675,17894,0.450000,-0.550000,0.300000,0.000000,1772830875381.965,0.454398,-0.561750,0.314061,0.000000,0.000000,0.000000,1.000000,position_only
2026-03-06T21:01:15.399743+00:00,1772830875399.742,0.454346,-0.561035,0.314453,-0.288330,0.150269,-0.000322,21546,18503,21675,17894,0.450000,-0.550000,0.300000,0.000000,1772830875399.093,0.454570,-0.561969,0.314325,0.000000,0.000000,0.000000,1.000000,position_only
2026-03-06T21:01:15.409083+00:00,1772830875409.082,0.454346,-0.561035,0.314453,-0.305420,0.173340,0.002193,21546,18503,21675,17894,0.450000,-0.550000,0.300000,0.000000,1772830875407.587,0.454644,-0.562047,0.314400,0.000000,0.000000,0.000000,1.000000,position_only
2026-03-06T21:01:15.418982+00:00,1772830875418.981,0.454346,-0.561035,0.314697,-0.314941,0.198120,0.002644,21546,18503,21675,17894,0.450000,-0.550000,0.300000,0.000000,1772830875416.070,0.454686,-0.562110,0.314505,0.000000,0.000000,0.000000,1.000000,position_only
2026-03-06T21:01:15.429624+00:00,1772830875429.624,0.454590,-0.561035,0.314697,-0.331787,0.202148,-0.001935,21546,18503,21675,17894,0.450000,-0.550000,0.300000,0.000000,1772830875424.530,0.454733,-0.562190,0.314613,0.000000,0.000000,0.000000,1.000000,position_only
2026-03-06T21:01:15.439359+00:00,1772830875439.358,0.454590,-0.561523,0.314941,-0.348633,0.194458,-0.007656,21546,18503,21675,17894,0.450000,-0.550000,0.300000,0.000000,1772830875433.024,0.454733,-0.562190,0.314613,0.000000,0.000000,0.000000,1.000000,position_only
2026-03-06T21:01:15.449262+00:00,1772830875449.262,0.454590,-0.561523,0.314941,-0.356934,0.183716,-0.010300,21546,18503,21675,17894,0.450000,-0.550000,0.300000,0.000000,1772830875441.930,0.454831,-0.562289,0.314757,0.000000,0.000000,0.000000,1.000000,position_only
2026-03-06T21:01:15.459297+00:00,1772830875459.296,0.454590,-0.561523,0.314941,-0.355225,0.183838,-0.017303,21546,18503,21675,17894,0.450000,-0.550000,0.300000,0.000000,1772830875458.884,0.454884,-0.562411,0.314900,0.000000,0.000000,0.000000,1.000000,position_only
2026-03-06T21:01:15.469163+00:00,1772830875469.162,0.454834,-0.561523,0.315186,-0.348877,0.138062,-0.028519,21546,18503,21675,17894,0.450000,-0.550000,0.300000,0.000000,1772830875467.387,0.454916,-0.562446,0.314955,0.000000,0.000000,0.000000,1.000000,position_only
2026-03-06T21:01:15.479211+00:00,1772830875479.210,0.454834,-0.561523,0.315186,-0.358887,0.110535,-0.040314,21546,18503,21675,17894,0.450000,-0.550000,0.300000,0.000000,1772830875475.893,0.454955,-0.562479,0.315025,0.000000,0.000000,0.000000,1.000000,position_only
2026-03-06T21:01:15.489045+00:00,1772830875489.045,0.454834,-0.561523,0.315430,-0.364990,0.094666,-0.045471,21546,18503,21675,17894,0.450000,-0.550000,0.300000,0.000000,1772830875484.420,0.454933,-0.562549,0.315087,0.000000,0.000000,0.000000,1.000000,position_only
2026-03-06T21:01:15.499619+00:00,1772830875499.618,0.454834,-0.562012,0.315430,-0.356689,0.097473,-0.049713,21546,18503,21675,17894,0.450000,-0.550000,0.300000,0.000000,1772830875493.074,0.454961,-0.562599,0.315162,0.000000,0.000000,0.000000,1.000000,position_only
2026-03-06T21:01:15.508640+00:00,1772830875508.639,0.454834,-0.562012,0.315430,-0.360596,0.098022,-0.045563,21546,18503,21675,17894,0.450000,-0.550000,0.300000,0.000000,1772830875501.534,0.454969,-0.562637,0.315230,0.000000,0.000000,0.000000,1.000000,position_only
2026-03-06T21:01:15.519282+00:00,1772830875519.282,0.455078,-0.562012,0.315674,-0.374512,0.119751,-0.048187,21546,18503,21675,17894,0.450000,-0.550000,0.300000,0.000000,1772830875518.586,0.454967,-0.562744,0.315377,0.000000,0.000000,0.000000,1.000000,position_only
2026-03-06T21:01:15.529818+00:00,1772830875529.817,0.455078,-0.562012,0.315674,-0.390869,0.141602,-0.049194,21546,18503,21675,17894,0.450000,-0.550000,0.300000,0.000000,1772830875527.164,0.454912,-0.562776,0.315473,0.000000,0.000000,0.000000,1.000000,position_only
2026-03-06T21:01:15.539642+00:00,1772830875539.642,0.455078,-0.562012,0.315674,-0.402344,0.184570,-0.036163,21546,18503,21675,17894,0.450000,-0.550000,0.300000,0.000000,1772830875535.833,0.454917,-0.562820,0.315522,0.000000,0.000000,0.000000,1.000000,position_only
2026-03-06T21:01:15.550487+00:00,1772830875550.487,0.455078,-0.562012,0.315918,-0.405273,0.195190,-0.030655,21546,18503,21675,17894,0.450000,-0.550000,0.300000,0.000000,1772830875544.376,0.454901,-0.562850,0.315596,0.000000,0.000000,0.000000,1.000000,position_only
2026-03-06T21:01:15.559992+00:00,1772830875559.992,0.455078,-0.562012,0.315918,-0.409912,0.182739,-0.027756,21546,18503,21675,17894,0.450000,-0.550000,0.300000,0.000000,1772830875552.875,0.454900,-0.562930,0.315668,0.000000,0.000000,0.000000,1.000000,position_only
2026-03-06T21:01:15.569808+00:00,1772830875569.808,0.455078,-0.562012,0.315918,-0.412109,0.186768,-0.023132,21546,18503,21675,17894,0.450000,-0.550000,0.300000,0.000000,1772830875561.802,0.454879,-0.562957,0.315738,0.000000,0.000000,0.000000,1.000000,position_only
2026-03-06T21:01:15.578976+00:00,1772830875578.976,0.455078,-0.562012,0.316162,-0.411621,0.160156,-0.016861,21546,18503,21675,17894,0.450000,-0.550000,0.300000,0.000000,1772830875578.823,0.454833,-0.563022,0.315883,0.000000,0.000000,0.000000,1.000000,position_only
2026-03-06T21:01:15.588954+00:00,1772830875588.954,0.455078,-0.562012,0.316162,-0.407715,0.091675,-0.022415,21546,18503,21675,17894,0.450000,-0.550000,0.300000,0.000000,1772830875587.353,0.454779,-0.563045,0.315988,0.000000,0.000000,0.000000,1.000000,position_only
2026-03-06T21:01:15.600370+00:00,1772830875600.369,0.455078,-0.562012,0.316162,-0.402100,0.058533,-0.015671,21546,18503,21675,17894,0.450000,-0.550000,0.300000,0.000000,1772830875595.919,0.454762,-0.563092,0.316032,0.000000,0.000000,0.000000,1.000000,position_only
2026-03-06T21:01:15.609962+00:00,1772830875609.961,0.455078,-0.562012,0.316406,-0.387695,0.052185,-0.017395,21546,18503,21675,17894,0.450000,-0.550000,0.300000,0.000000,1772830875604.665,0.454728,-0.563111,0.316107,0.000000,0.000000,0.000000,1.000000,position_only
2026-03-06T21:01:15.619279+00:00,1772830875619.279,0.455078,-0.562012,0.316406,-0.369385,0.043091,-0.017563,21546,18503,21675,17894,0.450000,-0.550000,0.300000,0.000000,1772830875613.231,0.454674,-0.563126,0.316183,0.000000,0.000000,0.000000,1.000000,position_only
2026-03-06T21:01:15.629813+00:00,1772830875629.812,0.455078,-0.562012,0.316650,-0.355225,0.039429,-0.011429,21546,18503,21675,17894,0.450000,-0.550000,0.300000,0.000000,1772830875621.788,0.454612,-0.563179,0.316277,0.000000,0.000000,0.000000,1.000000,position_only
2026-03-06T21:01:15.639673+00:00,1772830875639.672,0.455078,-0.562012,0.316650,-0.350098,0.044281,-0.005718,21546,18503,21675,17894,0.450000,-0.550000,0.300000,0.000000,1772830875638.840,0.454493,-0.563229,0.316407,0.000000,0.000000,0.000000,1.000000,position_only
2026-03-06T21:01:15.650238+00:00,1772830875650.236,0.454834,-0.562012,0.316650,-0.357422,0.043488,-0.002855,21546,18503,21675,17894,0.450000,-0.550000,0.300000,0.000000,1772830875647.355,0.454441,-0.563225,0.316478,0.000000,0.000000,0.000000,1.000000,position_only
2026-03-06T21:01:15.660001+00:00,1772830875660.000,0.454834,-0.562012,0.316895,-0.355469,0.046082,0.002468,21546,18503,21675,17894,0.450000,-0.550000,0.300000,0.000000,1772830875655.821,0.454373,-0.563244,0.316572,0.000000,0.000000,0.000000,1.000000,position_only
2026-03-06T21:01:15.669832+00:00,1772830875669.832,0.454834,-0.562500,0.316895,-0.351807,0.055237,0.009567,21546,18503,21675,17894,0.450000,-0.550000,0.300000,0.000000,1772830875664.364,0.454295,-0.563259,0.316640,0.000000,0.000000,0.000000,1.000000,position_only
2026-03-06T21:01:15.680338+00:00,1772830875680.337,0.454834,-0.562500,0.316895,-0.353516,0.070007,0.015068,21546,18503,21675,17894,0.450000,-0.550000,0.300000,0.000000,1772830875672.824,0.454237,-0.563256,0.316702,0.000000,0.000000,0.000000,1.000000,position_only
2026-03-06T21:01:15.689462+00:00,1772830875689.460,0.454834,-0.562500,0.317139,-0.309814,0.100525,0.022568,21546,18503,21675,17894,0.450000,-0.550000,0.300000,0.000000,1772830875681.587,0.454161,-0.563255,0.316770,0.000000,0.000000,0.000000,1.000000,position_only
2026-03-06T21:01:15.699624+00:00,1772830875699.624,0.454590,-0.562012,0.317139,-0.272949,0.121643,0.026138,21546,18503,21675,17894,0.450000,-0.550000,0.300000,0.000000,1772830875698.587,0.454008,-0.563298,0.316899,0.000000,0.000000,0.000000,1.000000,position_only
2026-03-06T21:01:15.710205+00:00,1772830875710.204,0.454590,-0.562012,0.317383,-0.248169,0.144531,0.029694,21546,18503,21675,17894,0.450000,-0.550000,0.300000,0.000000,1772830875707.094,0.453938,-0.563311,0.316958,0.000000,0.000000,0.000000,1.000000,position_only
2026-03-06T21:01:15.720069+00:00,1772830875720.069,0.454590,-0.562012,0.317383,-0.230469,0.149658,0.030029,21546,18503,21675,17894,0.450000,-0.550000,0.300000,0.000000,1772830875715.859,0.453726,-0.563325,0.317113,0.000000,0.000000,0.000000,1.000000,position_only
2026-03-06T21:01:15.729883+00:00,1772830875729.883,0.454346,-0.562500,0.317383,-0.205078,0.176392,0.029602,21546,18503,21675,17894,0.450000,-0.550000,0.300000,0.000000,1772830875724.479,0.453726,-0.563325,0.317113,0.000000,0.000000,0.000000,1.000000,position_only
2026-03-06T21:01:15.740375+00:00,1772830875740.375,0.454346,-0.562500,0.317627,-0.200195,0.189453,0.022202,21546,18503,21675,17894,0.450000,-0.550000,0.300000,0.000000,1772830875733.112,0.453445,-0.563340,0.317291,0.000000,0.000000,0.000000,1.000000,position_only
2026-03-06T21:01:15.749820+00:00,1772830875749.820,0.454346,-0.562012,0.317627,-0.182129,0.169678,0.014175,21546,18503,21675,17894,0.450000,-0.550000,0.300000,0.000000,1772830875741.587,0.453445,-0.563340,0.317291,0.000000,0.000000,0.000000,1.000000,position_only
2026-03-06T21:01:15.760262+00:00,1772830875760.261,0.454102,-0.562012,0.317871,-0.155029,0.168335,0.003246,21546,18503,21675,17894,0.450000,-0.550000,0.300000,0.000000,1772830875758.945,0.453029,-0.563329,0.317581,0.000000,0.000000,0.000000,1.000000,position_only
2026-03-06T21:01:15.770545+00:00,1772830875770.545,0.454102,-0.562012,0.317871,-0.130737,0.143311,-0.008049,21546,18503,21675,17894,0.450000,-0.550000,0.300000,0.000000,1772830875767.764,0.452880,-0.563353,0.317639,0.000000,0.000000,0.000000,1.000000,position_only
2026-03-06T21:01:15.779693+00:00,1772830875779.693,0.453857,-0.562012,0.318115,-0.114563,0.127686,-0.026962,21546,18503,21675,17894,0.450000,-0.550000,0.300000,0.000000,1772830875776.364,0.452750,-0.563388,0.317709,0.000000,0.000000,0.000000,1.000000,position_only
2026-03-06T21:01:15.790427+00:00,1772830875790.427,0.453613,-0.562500,0.318115,-0.102112,0.118958,-0.047699,21546,18503,21675,17894,0.450000,-0.550000,0.300000,0.000000,1772830875784.840,0.452596,-0.563411,0.317809,0.000000,0.000000,0.000000,1.000000,position_only
2026-03-06T21:01:15.800395+00:00,1772830875800.395,0.453613,-0.562500,0.318115,-0.079895,0.094055,-0.068665,21546,18503,21675,17894,0.450000,-0.550000,0.300000,0.000000,1772830875793.632,0.452478,-0.563424,0.317881,0.000000,0.000000,0.000000,1.000000,position_only
2026-03-06T21:01:15.810326+00:00,1772830875810.326,0.453369,-0.562500,0.318359,-0.078247,0.074585,-0.082886,21546,18503,21675,17894,0.450000,-0.550000,0.300000,0.000000,1772830875802.277,0.452310,-0.563428,0.317961,0.000000,0.000000,0.000000,1.000000,position_only
2026-03-06T21:01:15.819789+00:00,1772830875819.788,0.453369,-0.562500,0.318359,-0.085999,0.068970,-0.099487,21546,18503,21675,17894,0.450000,-0.550000,0.300000,0.000000,1772830875810.873,0.452166,-0.563441,0.318059,0.000000,0.000000,0.000000,1.000000,position_only
2026-03-06T21:01:15.829886+00:00,1772830875829.886,0.453125,-0.562500,0.318604,-0.106201,0.032349,-0.118958,21546,18503,21675,17894,0.450000,-0.550000,0.300000,0.000000,1772830875828.508,0.451812,-0.563450,0.318282,0.000000,0.000000,0.000000,1.000000,position_only
2026-03-06T21:01:15.839727+00:00,1772830875839.727,0.452881,-0.562500,0.318604,-0.115356,0.044128,-0.136108,21546,18503,21675,17894,0.450000,-0.550000,0.300000,0.000000,1772830875837.024,0.451651,-0.563460,0.318360,0.000000,0.000000,0.000000,1.000000,position_only
2026-03-06T21:01:15.849755+00:00,1772830875849.755,0.452881,-0.562500,0.318848,-0.122559,0.055389,-0.154053,21546,18503,21675,17894,0.450000,-0.550000,0.300000,0.000000,1772830875845.534,0.451449,-0.563514,0.318464,0.000000,0.000000,0.000000,1.000000,position_only
2026-03-06T21:01:15.860040+00:00,1772830875860.040,0.452637,-0.562500,0.318848,-0.138550,0.071167,-0.171631,21546,18503,21675,17894,0.450000,-0.550000,0.300000,0.000000,1772830875854.239,0.451306,-0.563542,0.318539,0.000000,0.000000,0.000000,1.000000,position_only
2026-03-06T21:01:15.870074+00:00,1772830875870.072,0.452393,-0.562500,0.319092,-0.109497,0.108459,-0.185791,21546,18503,21675,17894,0.450000,-0.550000,0.300000,0.000000,1772830875863.038,0.451152,-0.563553,0.318598,0.000000,0.000000,0.000000,1.000000,position_only
2026-03-06T21:01:15.880598+00:00,1772830875880.597,0.452148,-0.562500,0.319092,-0.114502,0.098450,-0.206421,21546,18503,21675,17894,0.450000,-0.550000,0.300000,0.000000,1772830875880.088,0.450788,-0.563649,0.318742,0.000000,0.000000,0.000000,1.000000,position_only
2026-03-06T21:01:15.889983+00:00,1772830875889.982,0.451904,-0.562500,0.319092,-0.120239,0.084045,-0.231323,21546,18503,21675,17894,0.450000,-0.550000,0.300000,0.000000,1772830875888.763,0.450587,-0.563669,0.318844,0.000000,0.000000,0.000000,1.000000,position_only
2026-03-06T21:01:15.900232+00:00,1772830875900.231,0.451904,-0.562500,0.319336,-0.129028,0.081116,-0.255859,21546,18503,21675,17894,0.450000,-0.550000,0.300000,0.000000,1772830875897.452,0.450357,-0.563649,0.318938,0.000000,0.000000,0.000000,1.000000,position_only
2026-03-06T21:01:15.910514+00:00,1772830875910.513,0.451660,-0.562500,0.319336,-0.126221,0.075195,-0.276367,21546,18503,21675,17894,0.450000,-0.550000,0.300000,0.000000,1772830875905.974,0.450165,-0.563658,0.319031,0.000000,0.000000,0.000000,1.000000,position_only
2026-03-06T21:01:15.920215+00:00,1772830875920.215,0.451172,-0.562500,0.319580,-0.122498,0.065674,-0.300049,21546,18503,21675,17894,0.450000,-0.550000,0.300000,0.000000,1772830875914.532,0.449960,-0.563705,0.319135,0.000000,0.000000,0.000000,1.000000,position_only
2026-03-06T21:01:15.930235+00:00,1772830875930.234,0.451172,-0.562500,0.319580,-0.128662,0.023239,-0.322754,21546,18503,21675,17894,0.450000,-0.550000,0.300000,0.000000,1772830875923.130,0.449789,-0.563725,0.319222,0.000000,0.000000,0.000000,1.000000,position_only
2026-03-06T21:01:15.940709+00:00,1772830875940.708,0.450928,-0.562500,0.319824,-0.148926,-0.018799,-0.342041,21546,18503,21675,17894,0.450000,-0.550000,0.300000,0.000000,1772830875940.254,0.449363,-0.563744,0.319429,0.000000,0.000000,0.000000,1.000000,position_only
2026-03-06T21:01:15.950339+00:00,1772830875950.338,0.450684,-0.562500,0.319824,-0.157593,-0.043335,-0.360596,21546,18503,21675,17894,0.450000,-0.550000,0.300000,0.000000,1772830875948.951,0.448970,-0.563783,0.319643,0.000000,0.000000,0.000000,1.000000,position_only
2026-03-06T21:01:15.960183+00:00,1772830875960.182,0.450439,-0.562500,0.320068,-0.169434,-0.049805,-0.376221,21546,18503,21675,17894,0.450000,-0.550000,0.300000,0.000000,1772830875957.530,0.448748,-0.563821,0.319729,0.000000,0.000000,0.000000,1.000000,position_only
2026-03-06T21:01:15.970653+00:00,1772830875970.652,0.450195,-0.562500,0.320068,-0.180298,-0.056091,-0.395020,21546,18503,21675,17894,0.450000,-0.550000,0.300000,0.000000,1772830875966.103,0.448527,-0.563847,0.319820,0.000000,0.000000,0.000000,1.000000,position_only
2026-03-06T21:01:15.979798+00:00,1772830875979.798,0.449707,-0.562500,0.320312,-0.172852,-0.069946,-0.410156,21546,18503,21675,17894,0.450000,-0.550000,0.300000,0.000000,1772830875974.609,0.448527,-0.563847,0.319820,0.000000,0.000000,0.000000,1.000000,position_only
2026-03-06T21:01:15.990365+00:00,1772830875990.365,0.449463,-0.562500,0.320312,-0.171265,-0.113403,-0.435547,21546,18503,21675,17894,0.450000,-0.550000,0.300000,0.000000,1772830875983.184,0.448155,-0.563940,0.319937,0.000000,0.000000,0.000000,1.000000,position_only
2026-03-06T21:01:16.000160+00:00,1772830876000.159,0.449219,-0.562988,0.320557,-0.192139,-0.125366,-0.454102,21546,18503,21675,17894,0.450000,-0.550000,0.300000,0.000000,1772830875991.969,0.447836,-0.563951,0.320026,0.000000,0.000000,0.000000,1.000000,position_only
2026-03-06T21:01:16.010245+00:00,1772830876010.244,0.448975,-0.562988,0.320557,-0.212036,-0.131836,-0.470215,21546,18503,21675,17894,0.450000,-0.550000,0.300000,0.000000,1772830876008.967,0.447357,-0.564021,0.320169,0.000000,0.000000,0.000000,1.000000,position_only
2026-03-06T21:01:16.020571+00:00,1772830876020.570,0.448730,-0.562988,0.320557,-0.206299,-0.132324,-0.490234,21546,18503,21675,17894,0.450000,-0.550000,0.300000,0.000000,1772830876017.474,0.447156,-0.564044,0.320232,0.000000,0.000000,0.000000,1.000000,position_only
2026-03-06T21:01:16.030586+00:00,1772830876030.584,0.448486,-0.562988,0.320801,-0.207520,-0.158813,-0.515137,21546,18503,21675,17894,0.450000,-0.550000,0.300000,0.000000,1772830876026.017,0.446893,-0.564160,0.320277,0.000000,0.000000,0.000000,1.000000,position_only
2026-03-06T21:01:16.040275+00:00,1772830876040.274,0.448242,-0.562988,0.320801,-0.218628,-0.184082,-0.537598,21546,18503,21675,17894,0.450000,-0.550000,0.300000,0.000000,1772830876034.531,0.446678,-0.564184,0.320342,0.000000,0.000000,0.000000,1.000000,position_only
2026-03-06T21:01:16.050732+00:00,1772830876050.730,0.447998,-0.562988,0.320801,-0.218872,-0.199585,-0.556152,21546,18503,21675,17894,0.450000,-0.550000,0.300000,0.000000,1772830876043.039,0.446480,-0.564196,0.320402,0.000000,0.000000,0.000000,1.000000,position_only
2026-03-06T21:01:16.060516+00:00,1772830876060.515,0.447754,-0.562988,0.321045,-0.236328,-0.266357,-0.576660,21546,18503,21675,17894,0.450000,-0.550000,0.300000,0.000000,1772830876060.062,0.445988,-0.564306,0.320556,0.000000,0.000000,0.000000,1.000000,position_only
2026-03-06T21:01:16.069781+00:00,1772830876069.781,0.447510,-0.562988,0.321045,-0.241455,-0.290283,-0.590820,21546,18503,21675,17894,0.450000,-0.550000,0.300000,0.000000,1772830876068.567,0.445766,-0.564316,0.320604,0.000000,0.000000,0.000000,1.000000,position_only
2026-03-06T21:01:16.080412+00:00,1772830876080.411,0.447021,-0.562988,0.321045,-0.251221,-0.319336,-0.605957,21546,18503,21675,17894,0.450000,-0.550000,0.300000,0.000000,1772830876077.067,0.445573,-0.564330,0.320673,0.000000,0.000000,0.000000,1.000000,position_only
2026-03-06T21:01:16.090758+00:00,1772830876090.757,0.446777,-0.562988,0.321045,-0.291260,-0.376221,-0.629883,21546,18503,21675,17894,0.450000,-0.550000,0.300000,0.000000,1772830876085.571,0.445318,-0.564404,0.320721,0.000000,0.000000,0.000000,1.000000,position_only
2026-03-06T21:01:16.099969+00:00,1772830876099.968,0.446533,-0.562988,0.321289,-0.294189,-0.393799,-0.649902,21546,18503,21675,17894,0.450000,-0.550000,0.300000,0.000000,1772830876094.117,0.445077,-0.564412,0.320754,0.000000,0.000000,0.000000,1.000000,position_only
2026-03-06T21:01:16.110530+00:00,1772830876110.529,0.446289,-0.562988,0.321289,-0.316895,-0.375977,-0.666016,21546,18503,21675,17894,0.450000,-0.550000,0.300000,0.000000,1772830876102.646,0.444856,-0.564399,0.320813,0.000000,0.000000,0.000000,1.000000,position_only
2026-03-06T21:01:16.121041+00:00,1772830876121.039,0.446045,-0.562988,0.321289,-0.328857,-0.359619,-0.685059,21546,18503,21675,17894,0.450000,-0.550000,0.300000,0.000000,1772830876119.737,0.444348,-0.564448,0.320913,0.000000,0.000000,0.000000,1.000000,position_only
2026-03-06T21:01:16.130890+00:00,1772830876130.888,0.445801,-0.562988,0.321289,-0.332520,-0.341064,-0.702148,21546,18503,21675,17894,0.450000,-0.550000,0.300000,0.000000,1772830876128.269,0.444116,-0.564498,0.320937,0.000000,0.000000,0.000000,1.000000,position_only
2026-03-06T21:01:16.140742+00:00,1772830876140.740,0.445557,-0.563477,0.321289,-0.339600,-0.350342,-0.729492,21546,18503,21675,17894,0.450000,-0.550000,0.300000,0.000000,1772830876136.808,0.443906,-0.564507,0.320973,0.000000,0.000000,0.000000,1.000000,position_only
2026-03-06T21:01:16.150276+00:00,1772830876150.274,0.445312,-0.563477,0.321289,-0.338379,-0.366455,-0.754883,21546,18503,21675,17894,0.450000,-0.550000,0.300000,0.000000,1772830876145.344,0.443699,-0.564545,0.321011,0.000000,0.000000,0.000000,1.000000,position_only
2026-03-06T21:01:16.161076+00:00,1772830876161.074,0.444824,-0.563477,0.321289,-0.344482,-0.406982,-0.785156,21546,18503,21675,17894,0.450000,-0.550000,0.300000,0.000000,1772830876154.019,0.443502,-0.564646,0.321004,0.000000,0.000000,0.000000,1.000000,position_only
2026-03-06T21:01:16.171117+00:00,1772830876171.116,0.444580,-0.563477,0.321289,-0.341797,-0.421143,-0.814453,21546,18503,21675,17894,0.450000,-0.550000,0.300000,0.000000,1772830876162.728,0.443338,-0.564666,0.321034,0.000000,0.000000,0.000000,1.000000,position_only
2026-03-06T21:01:16.181343+00:00,1772830876181.343,0.444580,-0.563477,0.321533,-0.361084,-0.474609,-0.854492,21546,18503,21675,17894,0.450000,-0.550000,0.300000,0.000000,1772830876180.035,0.442883,-0.564688,0.321159,0.000000,0.000000,0.000000,1.000000,position_only
2026-03-06T21:01:16.190415+00:00,1772830876190.415,0.444336,-0.563477,0.321533,-0.370605,-0.489258,-0.879883,21546,18503,21675,17894,0.450000,-0.550000,0.300000,0.000000,1772830876188.756,0.442642,-0.564740,0.321204,0.000000,0.000000,0.000000,1.000000,position_only
2026-03-06T21:01:16.200421+00:00,1772830876200.420,0.444092,-0.563477,0.321533,-0.371582,-0.515625,-0.910156,21546,18503,21675,17894,0.450000,-0.550000,0.300000,0.000000,1772830876197.660,0.442411,-0.564786,0.321240,0.000000,0.000000,0.000000,1.000000,position_only
2026-03-06T21:01:16.210292+00:00,1772830876210.291,0.443848,-0.563477,0.321533,-0.406006,-0.575684,-0.942871,21546,18503,21675,17894,0.450000,-0.550000,0.300000,0.000000,1772830876206.301,0.442217,-0.564810,0.321307,0.000000,0.000000,0.000000,1.000000,position_only
2026-03-06T21:01:16.220142+00:00,1772830876220.140,0.443359,-0.563477,0.321533,-0.434570,-0.613281,-0.975586,21546,18503,21675,17894,0.450000,-0.550000,0.300000,0.000000,1772830876215.307,0.442047,-0.564809,0.321344,0.000000,0.000000,0.000000,1.000000,position_only
2026-03-06T21:01:16.230990+00:00,1772830876230.990,0.443359,-0.563477,0.321533,-0.441895,-0.643555,-1.008789,21546,18503,21675,17894,0.450000,-0.550000,0.300000,0.000000,1772830876223.898,0.441878,-0.564889,0.321366,0.000000,0.000000,0.000000,1.000000,position_only
2026-03-06T21:01:16.240834+00:00,1772830876240.833,0.443115,-0.563477,0.321777,-0.458252,-0.635254,-1.035156,21546,18503,21675,17894,0.450000,-0.550000,0.300000,0.000000,1772830876232.540,0.441505,-0.564944,0.321449,0.000000,0.000000,0.000000,1.000000,position_only
2026-03-06T21:01:16.251024+00:00,1772830876251.023,0.442871,-0.563477,0.321777,-0.474854,-0.640137,-1.065430,21546,18503,21675,17894,0.450000,-0.550000,0.300000,0.000000,1772830876249.801,0.441102,-0.564987,0.321556,0.000000,0.000000,0.000000,1.000000,position_only
2026-03-06T21:01:16.261549+00:00,1772830876261.548,0.442627,-0.563477,0.321777,-0.465088,-0.641602,-1.093750,21546,18503,21675,17894,0.450000,-0.550000,0.300000,0.000000,1772830876258.534,0.440933,-0.565016,0.321601,0.000000,0.000000,0.000000,1.000000,position_only
2026-03-06T21:01:16.271413+00:00,1772830876271.413,0.442383,-0.563477,0.321777,-0.466309,-0.613281,-1.116211,21546,18503,21675,17894,0.450000,-0.550000,0.300000,0.000000,1772830876267.119,0.440748,-0.564994,0.321670,0.000000,0.000000,0.000000,1.000000,position_only
2026-03-06T21:01:16.281247+00:00,1772830876281.246,0.442139,-0.563477,0.321777,-0.471436,-0.567871,-1.138672,21546,18503,21675,17894,0.450000,-0.550000,0.300000,0.000000,1772830876275.979,0.440566,-0.565008,0.321726,0.000000,0.000000,0.000000,1.000000,position_only
2026-03-06T21:01:16.290976+00:00,1772830876290.976,0.441895,-0.563477,0.322021,-0.479492,-0.549805,-1.169922,21546,18503,21675,17894,0.450000,-0.550000,0.300000,0.000000,1772830876284.675,0.440402,-0.565025,0.321795,0.000000,0.000000,0.000000,1.000000,position_only
2026-03-06T21:01:16.300953+00:00,1772830876300.952,0.441895,-0.563477,0.322021,-0.474609,-0.516113,-1.194336,21546,18503,21675,17894,0.450000,-0.550000,0.300000,0.000000,1772830876293.308,0.440256,-0.565022,0.321827,0.000000,0.000000,0.000000,1.000000,position_only
2026-03-06T21:01:16.311115+00:00,1772830876311.115,0.441650,-0.563477,0.322021,-0.491943,-0.525391,-1.227539,21546,18503,21675,17894,0.450000,-0.550000,0.300000,0.000000,1772830876310.436,0.439923,-0.565044,0.321928,0.000000,0.000000,0.000000,1.000000,position_only
2026-03-06T21:01:16.321003+00:00,1772830876321.002,0.441406,-0.563477,0.322021,-0.501465,-0.578613,-1.261719,21546,18503,21675,17894,0.450000,-0.550000,0.300000,0.000000,1772830876319.266,0.439766,-0.565046,0.321978,0.000000,0.000000,0.000000,1.000000,position_only
2026-03-06T21:01:16.330464+00:00,1772830876330.463,0.441162,-0.563477,0.322266,-0.482422,-0.582520,-1.293945,21546,18503,21675,17894,0.450000,-0.550000,0.300000,0.000000,1772830876327.827,0.439602,-0.565027,0.322045,0.000000,0.000000,0.000000,1.000000,position_only
2026-03-06T21:01:16.340453+00:00,1772830876340.452,0.441162,-0.563477,0.322266,-0.463623,-0.601562,-1.326172,21546,18503,21675,17894,0.450000,-0.550000,0.300000,0.000000,1772830876336.403,0.439470,-0.565026,0.322116,0.000000,0.000000,0.000000,1.000000,position_only
2026-03-06T21:01:16.351044+00:00,1772830876351.043,0.440918,-0.563477,0.322266,-0.459961,-0.625000,-1.362305,21546,18503,21675,17894,0.450000,-0.550000,0.300000,0.000000,1772830876344.980,0.439284,-0.564997,0.322193,0.000000,0.000000,0.000000,1.000000,position_only
2026-03-06T21:01:16.361533+00:00,1772830876361.531,0.440674,-0.563477,0.322510,-0.473633,-0.627441,-1.393555,21546,18503,21675,17894,0.450000,-0.550000,0.300000,0.000000,1772830876353.586,0.439109,-0.564972,0.322292,0.000000,0.000000,0.000000,1.000000,position_only
2026-03-06T21:01:16.371421+00:00,1772830876371.420,0.440674,-0.563477,0.322510,-0.484863,-0.611328,-1.426758,21546,18503,21675,17894,0.450000,-0.550000,0.300000,0.000000,1772830876370.927,0.438845,-0.564992,0.322396,0.000000,0.000000,0.000000,1.000000,position_only
2026-03-06T21:01:16.380747+00:00,1772830876380.746,0.440430,-0.563477,0.322510,-0.493652,-0.642090,-1.458008,21546,18503,21675,17894,0.450000,-0.550000,0.300000,0.000000,1772830876379.532,0.438736,-0.564948,0.322468,0.000000,0.000000,0.000000,1.000000,position_only
2026-03-06T21:01:16.392115+00:00,1772830876392.115,0.440186,-0.563477,0.322754,-0.501953,-0.657227,-1.489258,21546,18503,21675,17894,0.450000,-0.550000,0.300000,0.000000,1772830876388.073,0.438606,-0.564960,0.322545,0.000000,0.000000,0.000000,1.000000,position_only
2026-03-06T21:01:16.401534+00:00,1772830876401.533,0.440186,-0.563477,0.322754,-0.493164,-0.633301,-1.517578,21546,18503,21675,17894,0.450000,-0.550000,0.300000,0.000000,1772830876396.778,0.438492,-0.564926,0.322611,0.000000,0.000000,0.000000,1.000000,position_only
2026-03-06T21:01:16.411451+00:00,1772830876411.450,0.439941,-0.563477,0.322754,-0.481201,-0.563965,-1.538086,21546,18503,21675,17894,0.450000,-0.550000,0.300000,0.000000,1772830876405.325,0.438361,-0.564903,0.322716,0.000000,0.000000,0.000000,1.000000,position_only
2026-03-06T21:01:16.421876+00:00,1772830876421.876,0.439941,-0.563477,0.322998,-0.470459,-0.541504,-1.569336,21546,18503,21675,17894,0.450000,-0.550000,0.300000,0.000000,1772830876413.661,0.438224,-0.564918,0.322815,0.000000,0.000000,0.000000,1.000000,position_only
2026-03-06T21:01:16.431550+00:00,1772830876431.549,0.439697,-0.563477,0.322998,-0.471680,-0.532227,-1.595703,21546,18503,21675,17894,0.450000,-0.550000,0.300000,0.000000,1772830876430.766,0.437972,-0.564846,0.323042,0.000000,0.000000,0.000000,1.000000,position_only
2026-03-06T21:01:16.440748+00:00,1772830876440.748,0.439697,-0.562988,0.322998,-0.449707,-0.499023,-1.614258,21546,18503,21675,17894,0.450000,-0.550000,0.300000,0.000000,1772830876439.298,0.437851,-0.564802,0.323142,0.000000,0.000000,0.000000,1.000000,position_only
2026-03-06T21:01:16.452018+00:00,1772830876452.018,0.439453,-0.562988,0.323242,-0.440186,-0.507324,-1.639648,21546,18503,21675,17894,0.450000,-0.550000,0.300000,0.000000,1772830876447.775,0.437753,-0.564873,0.323201,0.000000,0.000000,0.000000,1.000000,position_only
2026-03-06T21:01:16.461261+00:00,1772830876461.260,0.439209,-0.562988,0.323242,-0.444824,-0.523926,-1.664062,21546,18503,21675,17894,0.450000,-0.550000,0.300000,0.000000,1772830876456.325,0.437647,-0.564838,0.323283,0.000000,0.000000,0.000000,1.000000,position_only
2026-03-06T21:01:16.471692+00:00,1772830876471.691,0.439209,-0.562988,0.323486,-0.446533,-0.533691,-1.687500,21546,18503,21675,17894,0.450000,-0.550000,0.300000,0.000000,1772830876464.857,0.437568,-0.564823,0.323393,0.000000,0.000000,0.000000,1.000000,position_only
2026-03-06T21:01:16.481310+00:00,1772830876481.309,0.439209,-0.562988,0.323486,-0.450928,-0.540039,-1.704102,21546,18503,21675,17894,0.450000,-0.550000,0.300000,0.000000,1772830876473.411,0.437445,-0.564783,0.323474,0.000000,0.000000,0.000000,1.000000,position_only
2026-03-06T21:01:16.491673+00:00,1772830876491.673,0.438965,-0.562988,0.323730,-0.448730,-0.510742,-1.716797,21546,18503,21675,17894,0.450000,-0.550000,0.300000,0.000000,1772830876490.565,0.437114,-0.564630,0.323800,0.000000,0.000000,0.000000,1.000000,position_only
2026-03-06T21:01:16.500877+00:00,1772830876500.876,0.438965,-0.562988,0.323730,-0.452148,-0.484863,-1.727539,21546,18503,21675,17894,0.450000,-0.550000,0.300000,0.000000,1772830876499.167,0.437048,-0.564606,0.323880,0.000000,0.000000,0.000000,1.000000,position_only
2026-03-06T21:01:16.512697+00:00,1772830876512.697,0.438965,-0.562988,0.323975,-0.460205,-0.479248,-1.750977,21546,18503,21675,17894,0.450000,-0.550000,0.300000,0.000000,1772830876507.701,0.436962,-0.564575,0.323980,0.000000,0.000000,0.000000,1.000000,position_only
2026-03-06T21:01:16.521019+00:00,1772830876521.019,0.438721,-0.562988,0.323975,-0.469727,-0.487305,-1.770508,21546,18503,21675,17894,0.450000,-0.550000,0.300000,0.000000,1772830876516.299,0.436904,-0.564514,0.324064,0.000000,0.000000,0.000000,1.000000,position_only
2026-03-06T21:01:16.530776+00:00,1772830876530.776,0.438721,-0.562988,0.324219,-0.456787,-0.469238,-1.787109,21546,18503,21675,17894,0.450000,-0.550000,0.300000,0.000000,1772830876524.901,0.436904,-0.564514,0.324064,0.000000,0.000000,0.000000,1.000000,position_only
2026-03-06T21:01:16.541999+00:00,1772830876541.999,0.438477,-0.562988,0.324219,-0.447754,-0.471924,-1.812500,21546,18503,21675,17894,0.450000,-0.550000,0.300000,0.000000,1772830876533.588,0.436720,-0.564447,0.324254,0.000000,0.000000,0.000000,1.000000,position_only
2026-03-06T21:01:16.551873+00:00,1772830876551.873,0.438477,-0.562500,0.324463,-0.427979,-0.465332,-1.832031,21546,18503,21675,17894,0.450000,-0.550000,0.300000,0.000000,1772830876550.716,0.436594,-0.564396,0.324423,0.000000,0.000000,0.000000,1.000000,position_only
2026-03-06T21:01:16.560851+00:00,1772830876560.850,0.438477,-0.562500,0.324463,-0.417480,-0.458496,-1.851562,21546,18503,21675,17894,0.450000,-0.550000,0.300000,0.000000,1772830876559.406,0.436512,-0.564322,0.324504,0.000000,0.000000,0.000000,1.000000,position_only
2026-03-06T21:01:16.571984+00:00,1772830876571.983,0.438232,-0.562500,0.324707,-0.403809,-0.468018,-1.869141,21546,18503,21675,17894,0.450000,-0.550000,0.300000,0.000000,1772830876567.921,0.436455,-0.564292,0.324594,0.000000,0.000000,0.000000,1.000000,position_only
2026-03-06T21:01:16.581015+00:00,1772830876581.015,0.438232,-0.562500,0.324707,-0.424561,-0.518555,-1.883789,21546,18503,21675,17894,0.450000,-0.550000,0.300000,0.000000,1772830876576.694,0.436366,-0.564226,0.324699,0.000000,0.000000,0.000000,1.000000,position_only
2026-03-06T21:01:16.591581+00:00,1772830876591.580,0.437988,-0.562500,0.324951,-0.405762,-0.496094,-1.882812,21546,18503,21675,17894,0.450000,-0.550000,0.300000,0.000000,1772830876585.240,0.436343,-0.564194,0.324741,0.000000,0.000000,0.000000,1.000000,position_only
2026-03-06T21:01:16.602087+00:00,1772830876602.086,0.437988,-0.562500,0.324951,-0.404785,-0.452393,-1.879883,21546,18503,21675,17894,0.450000,-0.550000,0.300000,0.000000,1772830876593.805,0.436230,-0.564124,0.324839,0.000000,0.000000,0.000000,1.000000,position_only
2026-03-06T21:01:16.611308+00:00,1772830876611.307,0.437988,-0.562500,0.324951,-0.385986,-0.468506,-1.886719,21546,18503,21675,17894,0.450000,-0.550000,0.300000,0.000000,1772830876610.931,0.436137,-0.564057,0.324985,0.000000,0.000000,0.000000,1.000000,position_only
2026-03-06T21:01:16.621238+00:00,1772830876621.237,0.437988,-0.562012,0.325195,-0.364014,-0.480957,-1.895508,21546,18503,21675,17894,0.450000,-0.550000,0.300000,0.000000,1772830876619.542,0.436061,-0.564013,0.325047,0.000000,0.000000,0.000000,1.000000,position_only
2026-03-06T21:01:16.631548+00:00,1772830876631.547,0.437988,-0.562012,0.325195,-0.354248,-0.447998,-1.888672,21546,18503,21675,17894,0.450000,-0.550000,0.300000,0.000000,1772830876628.050,0.436019,-0.563985,0.325116,0.000000,0.000000,0.000000,1.000000,position_only
2026-03-06T21:01:16.641719+00:00,1772830876641.717,0.437744,-0.562012,0.325195,-0.357910,-0.444824,-1.894531,21546,18503,21675,17894,0.450000,-0.550000,0.300000,0.000000,1772830876636.661,0.435978,-0.563930,0.325171,0.000000,0.000000,0.000000,1.000000,position_only
2026-03-06T21:01:16.652062+00:00,1772830876652.062,0.437744,-0.562012,0.325439,-0.362061,-0.462891,-1.893555,21546,18503,21675,17894,0.450000,-0.550000,0.300000,0.000000,1772830876645.217,0.435901,-0.563919,0.325231,0.000000,0.000000,0.000000,1.000000,position_only
2026-03-06T21:01:16.662196+00:00,1772830876662.196,0.437744,-0.562012,0.325439,-0.357422,-0.472900,-1.894531,21546,18503,21675,17894,0.450000,-0.550000,0.300000,0.000000,1772830876653.855,0.435870,-0.563872,0.325283,0.000000,0.000000,0.000000,1.000000,position_only
2026-03-06T21:01:16.671593+00:00,1772830876671.593,0.437500,-0.562012,0.325439,-0.357178,-0.462158,-1.892578,21546,18503,21675,17894,0.450000,-0.550000,0.300000,0.000000,1772830876671.033,0.435732,-0.563801,0.325412,0.000000,0.000000,0.000000,1.000000,position_only
2026-03-06T21:01:16.681124+00:00,1772830876681.124,0.437500,-0.562012,0.325684,-0.357422,-0.488525,-1.891602,21546,18503,21675,17894,0.450000,-0.550000,0.300000,0.000000,1772830876679.595,0.435672,-0.563719,0.325482,0.000000,0.000000,0.000000,1.000000,position_only
2026-03-06T21:01:16.692514+00:00,1772830876692.514,0.437500,-0.561523,0.325684,-0.368896,-0.546875,-1.889648,21546,18503,21675,17894,0.450000,-0.550000,0.300000,0.000000,1772830876688.223,0.435660,-0.563677,0.325503,0.000000,0.000000,0.000000,1.000000,position_only
2026-03-06T21:01:16.701709+00:00,1772830876701.708,0.437500,-0.562012,0.325684,-0.367920,-0.542969,-1.875977,21546,18503,21675,17894,0.450000,-0.550000,0.300000,0.000000,1772830876696.948,0.435579,-0.563651,0.325572,0.000000,0.000000,0.000000,1.000000,position_only
2026-03-06T21:01:16.712278+00:00,1772830876712.278,0.437256,-0.561523,0.325684,-0.372559,-0.530762,-1.861328,21546,18503,21675,17894,0.450000,-0.550000,0.300000,0.000000,1772830876705.511,0.435486,-0.563558,0.325640,0.000000,0.000000,0.000000,1.000000,position_only
2026-03-06T21:01:16.721988+00:00,1772830876721.988,0.437256,-0.561523,0.325928,-0.392822,-0.523926,-1.847656,21546,18503,21675,17894,0.450000,-0.550000,0.300000,0.000000,1772830876714.045,0.435441,-0.563485,0.325693,0.000000,0.000000,0.000000,1.000000,position_only
2026-03-06T21:01:16.731817+00:00,1772830876731.817,0.437256,-0.561523,0.325928,-0.395020,-0.486816,-1.826172,21546,18503,21675,17894,0.450000,-0.550000,0.300000,0.000000,1772830876731.166,0.435298,-0.563372,0.325773,0.000000,0.000000,0.000000,1.000000,position_only
2026-03-06T21:01:16.741128+00:00,1772830876741.127,0.437256,-0.561523,0.325928,-0.397217,-0.458252,-1.802734,21546,18503,21675,17894,0.450000,-0.550000,0.300000,0.000000,1772830876739.783,0.435214,-0.563299,0.325810,0.000000,0.000000,0.000000,1.000000,position_only
2026-03-06T21:01:16.751587+00:00,1772830876751.587,0.437256,-0.561523,0.326172,-0.401855,-0.456299,-1.775391,21546,18503,21675,17894,0.450000,-0.550000,0.300000,0.000000,1772830876748.392,0.435151,-0.563230,0.325859,0.000000,0.000000,0.000000,1.000000,position_only
2026-03-06T21:01:16.762202+00:00,1772830876762.202,0.437012,-0.561523,0.326172,-0.402344,-0.465088,-1.756836,21546,18503,21675,17894,0.450000,-0.550000,0.300000,0.000000,1772830876757.015,0.435098,-0.563174,0.325894,0.000000,0.000000,0.000000,1.000000,position_only
2026-03-06T21:01:16.771959+00:00,1772830876771.958,0.437012,-0.561035,0.326172,-0.367920,-0.479004,-1.739258,21546,18503,21675,17894,0.450000,-0.550000,0.300000,0.000000,1772830876765.622,0.434947,-0.563057,0.325965,0.000000,0.000000,0.000000,1.000000,position_only
2026-03-06T21:01:16.781852+00:00,1772830876781.851,0.437012,-0.561035,0.326172,-0.358643,-0.492676,-1.721680,21546,18503,21675,17894,0.450000,-0.550000,0.300000,0.000000,1772830876774.305,0.434873,-0.562984,0.325990,0.000000,0.000000,0.000000,1.000000,position_only
2026-03-06T21:01:16.791859+00:00,1772830876791.859,0.437012,-0.561035,0.326172,-0.333740,-0.492676,-1.700195,21546,18503,21675,17894,0.450000,-0.550000,0.300000,0.000000,1772830876791.693,0.434715,-0.562877,0.326077,0.000000,0.000000,0.000000,1.000000,position_only
2026-03-06T21:01:16.801637+00:00,1772830876801.636,0.437012,-0.561035,0.326416,-0.300781,-0.487793,-1.677734,21546,18503,21675,17894,0.450000,-0.550000,0.300000,0.000000,1772830876800.351,0.434610,-0.562764,0.326131,0.000000,0.000000,0.000000,1.000000,position_only
2026-03-06T21:01:16.811687+00:00,1772830876811.687,0.437012,-0.561035,0.326416,-0.270020,-0.501953,-1.659180,21546,18503,21675,17894,0.450000,-0.550000,0.300000,0.000000,1772830876808.870,0.434590,-0.562722,0.326119,0.000000,0.000000,0.000000,1.000000,position_only
2026-03-06T21:01:16.822334+00:00,1772830876822.333,0.436768,-0.561035,0.326416,-0.257324,-0.497559,-1.635742,21546,18503,21675,17894,0.450000,-0.550000,0.300000,0.000000,1772830876817.490,0.434498,-0.562706,0.326154,0.000000,0.000000,0.000000,1.000000,position_only
2026-03-06T21:01:16.832647+00:00,1772830876832.647,0.436768,-0.560547,0.326416,-0.250732,-0.504395,-1.619141,21546,18503,21675,17894,0.450000,-0.550000,0.300000,0.000000,1772830876826.018,0.434391,-0.562595,0.326200,0.000000,0.000000,0.000000,1.000000,position_only
2026-03-06T21:01:16.842089+00:00,1772830876842.088,0.436768,-0.560547,0.326660,-0.240112,-0.527832,-1.601562,21546,18503,21675,17894,0.450000,-0.550000,0.300000,0.000000,1772830876834.589,0.434358,-0.562513,0.326218,0.000000,0.000000,0.000000,1.000000,position_only
2026-03-06T21:01:16.852335+00:00,1772830876852.333,0.436768,-0.560547,0.326660,-0.234741,-0.548340,-1.570312,21462,18341,21025,18207,0.450000,-0.550000,0.300000,0.000000,1772830876852.061,0.434205,-0.562400,0.326229,0.000000,0.000000,0.000000,1.000000,position_only
2026-03-06T21:01:16.862267+00:00,1772830876862.266,0.436768,-0.560547,0.326660,-0.239136,-0.563477,-1.537109,20695,17881,20520,17805,0.450000,-0.550000,0.300000,0.000000,1772830876860.757,0.434140,-0.562322,0.326207,0.000000,0.000000,0.000000,1.000000,position_only
2026-03-06T21:01:16.872066+00:00,1772830876872.065,0.436768,-0.560547,0.326660,-0.259033,-0.537598,-1.506836,20054,17667,19906,17538,0.450000,-0.550000,0.300000,0.000000,1772830876869.379,0.434069,-0.562249,0.326212,0.000000,0.000000,0.000000,1.000000,position_only
2026-03-06T21:01:16.882735+00:00,1772830876882.734,0.436768,-0.560059,0.326660,-0.258301,-0.534180,-1.476562,20045,17043,19979,16933,0.450000,-0.550000,0.300000,0.000000,1772830876878.081,0.433986,-0.562180,0.326214,0.000000,0.000000,0.000000,1.000000,position_only
2026-03-06T21:01:16.891816+00:00,1772830876891.816,0.436523,-0.560547,0.326660,-0.254639,-0.504883,-1.442383,19538,17224,19622,16840,0.450000,-0.550000,0.300000,0.000000,1772830876886.649,0.433926,-0.562114,0.326204,0.000000,0.000000,0.000000,1.000000,position_only
2026-03-06T21:01:16.901824+00:00,1772830876901.823,0.436523,-0.560059,0.326660,-0.236572,-0.482910,-1.414062,19196,17160,19289,17065,0.450000,-0.550000,0.300000,0.000000,1772830876895.218,0.433836,-0.562060,0.326191,0.000000,0.000000,0.000000,1.000000,position_only
2026-03-06T21:01:16.911480+00:00,1772830876911.479,0.436279,-0.560059,0.326660,-0.233765,-0.466797,-1.382812,18868,17474,18750,17280,0.450000,-0.550000,0.300000,0.000000,1772830876903.724,0.433776,-0.562004,0.326174,0.000000,0.000000,0.000000,1.000000,position_only
2026-03-06T21:01:16.922691+00:00,1772830876922.690,0.436279,-0.560059,0.326660,-0.207031,-0.476074,-1.363281,18516,17649,18345,17651,0.450000,-0.550000,0.300000,0.000000,1772830876921.042,0.433613,-0.561873,0.326124,0.000000,0.000000,0.000000,1.000000,position_only
2026-03-06T21:01:16.932739+00:00,1772830876932.739,0.436279,-0.560059,0.326660,-0.171875,-0.508301,-1.349609,18647,17531,18445,17407,0.450000,-0.550000,0.300000,0.000000,1772830876929.648,0.433521,-0.561828,0.326109,0.000000,0.000000,0.000000,1.000000,position_only
2026-03-06T21:01:16.943210+00:00,1772830876943.209,0.436279,-0.560059,0.326660,-0.140015,-0.520996,-1.322266,18960,17127,18839,17030,0.450000,-0.550000,0.300000,0.000000,1772830876938.247,0.433447,-0.561736,0.326078,0.000000,0.000000,0.000000,1.000000,position_only
2026-03-06T21:01:16.952127+00:00,1772830876952.126,0.436035,-0.560059,0.326660,-0.120728,-0.526367,-1.293945,18950,17144,19036,16790,0.450000,-0.550000,0.300000,0.000000,1772830876946.832,0.433338,-0.561656,0.326057,0.000000,0.000000,0.000000,1.000000,position_only
2026-03-06T21:01:16.962104+00:00,1772830876962.103,0.436035,-0.560059,0.326660,-0.111389,-0.515625,-1.261719,19261,16626,19450,16539,0.450000,-0.550000,0.300000,0.000000,1772830876955.390,0.433158,-0.561605,0.326064,0.000000,0.000000,0.000000,1.000000,position_only
2026-03-06T21:01:16.972559+00:00,1772830876972.559,0.436035,-0.559570,0.326660,-0.127075,-0.504395,-1.229492,18416,17530,18544,17406,0.450000,-0.550000,0.300000,0.000000,1772830876964.002,0.433075,-0.561549,0.326031,0.000000,0.000000,0.000000,1.000000,position_only
2026-03-06T21:01:16.981830+00:00,1772830876981.830,0.436035,-0.559570,0.326416,-0.121094,-0.482178,-1.201172,19281,16809,19303,16540,0.450000,-0.550000,0.300000,0.000000,1772830876981.147,0.432849,-0.561349,0.325991,0.000000,0.000000,0.000000,1.000000,position_only
2026-03-06T21:01:16.992414+00:00,1772830876992.414,0.435791,-0.559570,0.326416,-0.107056,-0.495117,-1.175781,18466,17557,18353,17588,0.450000,-0.550000,0.300000,0.000000,1772830876989.790,0.432765,-0.561340,0.325977,0.000000,0.000000,0.000000,1.000000,position_only
2026-03-06T21:01:17.003312+00:00,1772830877003.311,0.435791,-0.559570,0.326416,-0.103516,-0.489014,-1.155273,18496,17502,18636,17366,0.450000,-0.550000,0.300000,0.000000,1772830876998.349,0.432655,-0.561246,0.325936,0.000000,0.000000,0.000000,1.000000,position_only
2026-03-06T21:01:17.011641+00:00,1772830877011.640,0.435547,-0.559570,0.326416,-0.111389,-0.476074,-1.130859,18777,17185,18972,17088,0.450000,-0.550000,0.300000,0.000000,1772830877006.865,0.432587,-0.561160,0.325909,0.000000,0.000000,0.000000,1.000000,position_only
2026-03-06T21:01:17.022887+00:00,1772830877022.887,0.435547,-0.559570,0.326416,-0.122498,-0.487549,-1.110352,18892,17128,19073,16959,0.450000,-0.550000,0.300000,0.000000,1772830877015.410,0.432443,-0.561082,0.325898,0.000000,0.000000,0.000000,1.000000,position_only
2026-03-06T21:01:17.032684+00:00,1772830877032.684,0.435303,-0.559570,0.326416,-0.131348,-0.450684,-1.076172,18691,17321,18975,17116,0.450000,-0.550000,0.300000,0.000000,1772830877024.190,0.432254,-0.560975,0.325838,0.000000,0.000000,0.000000,1.000000,position_only
2026-03-06T21:01:17.041753+00:00,1772830877041.753,0.435303,-0.559570,0.326172,-0.143188,-0.436035,-1.052734,19020,17178,19157,16783,0.450000,-0.550000,0.300000,0.000000,1772830877041.612,0.432046,-0.560856,0.325802,0.000000,0.000000,0.000000,1.000000,position_only
2026-03-06T21:01:17.052985+00:00,1772830877052.984,0.435303,-0.559082,0.326172,-0.128540,-0.388672,-1.017578,19015,17202,19176,16735,0.450000,-0.550000,0.300000,0.000000,1772830877050.233,0.431963,-0.560809,0.325770,0.000000,0.000000,0.000000,1.000000,position_only
2026-03-06T21:01:17.063578+00:00,1772830877063.577,0.435303,-0.559082,0.326172,-0.116150,-0.387451,-0.996094,18603,17546,18705,17252,0.450000,-0.550000,0.300000,0.000000,1772830877058.836,0.431885,-0.560754,0.325757,0.000000,0.000000,0.000000,1.000000,position_only
2026-03-06T21:01:17.072281+00:00,1772830877072.281,0.434814,-0.559082,0.326172,-0.096680,-0.398438,-0.981445,18299,17843,18200,17745,0.450000,-0.550000,0.300000,0.000000,1772830877067.382,0.431748,-0.560696,0.325740,0.000000,0.000000,0.000000,1.000000,position_only
2026-03-06T21:01:17.081990+00:00,1772830877081.990,0.434814,-0.559082,0.326172,-0.093567,-0.426025,-0.969727,18115,18014,18083,17847,0.450000,-0.550000,0.300000,0.000000,1772830877075.937,0.431683,-0.560658,0.325724,0.000000,0.000000,0.000000,1.000000,position_only
2026-03-06T21:01:17.092463+00:00,1772830877092.463,0.434814,-0.559082,0.326172,-0.087280,-0.421143,-0.956543,18399,17740,18540,17368,0.450000,-0.550000,0.300000,0.000000,1772830877084.521,0.431580,-0.560605,0.325712,0.000000,0.000000,0.000000,1.000000,position_only
2026-03-06T21:01:17.102025+00:00,1772830877102.025,0.434570,-0.559082,0.326172,-0.076477,-0.426514,-0.942383,18559,17582,18609,17281,0.450000,-0.550000,0.300000,0.000000,1772830877101.588,0.431311,-0.560503,0.325739,0.000000,0.000000,0.000000,1.000000,position_only
2026-03-06T21:01:17.112991+00:00,1772830877112.991,0.434570,-0.559082,0.326172,-0.062927,-0.381348,-0.913574,18903,17250,19298,16571,0.450000,-0.550000,0.300000,0.000000,1772830877110.132,0.431211,-0.560430,0.325734,0.000000,0.000000,0.000000,1.000000,position_only
2026-03-06T21:01:17.122964+00:00,1772830877122.964,0.434326,-0.559082,0.326172,-0.052948,-0.353760,-0.892090,18467,17653,18687,17207,0.450000,-0.550000,0.300000,0.000000,1772830877118.890,0.431066,-0.560322,0.325774,0.000000,0.000000,0.000000,1.000000,position_only
2026-03-06T21:01:17.133565+00:00,1772830877133.564,0.434082,-0.559082,0.326172,-0.063660,-0.360840,-0.880859,18263,17758,18403,17584,0.450000,-0.550000,0.300000,0.000000,1772830877127.502,0.430966,-0.560308,0.325743,0.000000,0.000000,0.000000,1.000000,position_only
2026-03-06T21:01:17.142815+00:00,1772830877142.814,0.434082,-0.559082,0.326172,-0.087524,-0.395752,-0.869629,18475,17618,18630,17292,0.450000,-0.550000,0.300000,0.000000,1772830877136.021,0.430865,-0.560259,0.325758,0.000000,0.000000,0.000000,1.000000,position_only
2026-03-06T21:01:17.153031+00:00,1772830877153.031,0.433838,-0.559082,0.326172,-0.087952,-0.373047,-0.846680,18691,17481,18997,16837,0.450000,-0.550000,0.300000,0.000000,1772830877144.710,0.430726,-0.560161,0.325794,0.000000,0.000000,0.000000,1.000000,position_only
2026-03-06T21:01:17.162814+00:00,1772830877162.814,0.433838,-0.559082,0.326172,-0.088379,-0.354248,-0.833984,18263,17787,18615,17341,0.450000,-0.550000,0.300000,0.000000,1772830877162.235,0.430474,-0.560140,0.325824,0.000000,0.000000,0.000000,1.000000,position_only
2026-03-06T21:01:17.172090+00:00,1772830877172.089,0.433594,-0.558594,0.326172,-0.089355,-0.321533,-0.818359,18286,17847,18614,17226,0.450000,-0.550000,0.300000,0.000000,1772830877171.053,0.430361,-0.560079,0.325832,0.000000,0.000000,0.000000,1.000000,position_only
2026-03-06T21:01:17.182667+00:00,1772830877182.667,0.433594,-0.558594,0.326172,-0.070190,-0.315186,-0.800781,18666,17467,18761,17034,0.450000,-0.550000,0.300000,0.000000,1772830877179.596,0.430268,-0.560026,0.325856,0.000000,0.000000,0.000000,1.000000,position_only
2026-03-06T21:01:17.193334+00:00,1772830877193.334,0.433105,-0.558594,0.326172,-0.047333,-0.331543,-0.792969,18039,18123,18129,17618,0.450000,-0.550000,0.300000,0.000000,1772830877188.216,0.430121,-0.559989,0.325863,0.000000,0.000000,0.000000,1.000000,position_only
2026-03-06T21:01:17.201877+00:00,1772830877201.877,0.433105,-0.558594,0.326172,-0.028931,-0.324219,-0.777344,18332,17797,18485,17268,0.450000,-0.550000,0.300000,0.000000,1772830877197.313,0.430004,-0.559946,0.325875,0.000000,0.000000,0.000000,1.000000,position_only
2026-03-06T21:01:17.212150+00:00,1772830877212.150,0.432861,-0.558594,0.326172,-0.036835,-0.364258,-0.774414,18002,17999,18166,17693,0.450000,-0.550000,0.300000,0.000000,1772830877205.855,0.429886,-0.559910,0.325897,0.000000,0.000000,0.000000,1.000000,position_only
2026-03-06T21:01:17.222061+00:00,1772830877222.061,0.432861,-0.558594,0.326172,-0.030716,-0.364746,-0.765137,18184,17981,18437,17259,0.450000,-0.550000,0.300000,0.000000,1772830877214.887,0.429749,-0.559858,0.325918,0.000000,0.000000,0.000000,1.000000,position_only
2026-03-06T21:01:17.233528+00:00,1772830877233.523,0.432617,-0.558594,0.326172,-0.013695,-0.365234,-0.754883,18157,18008,18326,17385,0.450000,-0.550000,0.300000,0.000000,1772830877231.987,0.429265,-0.559703,0.326030,0.000000,0.000000,0.000000,1.000000,position_only
2026-03-06T21:01:17.242551+00:00,1772830877242.551,0.432617,-0.558594,0.326172,-0.003380,-0.345459,-0.747070,17896,18175,18258,17533,0.450000,-0.550000,0.300000,0.000000,1772830877241.031,0.429056,-0.559683,0.326017,0.000000,0.000000,0.000000,1.000000,position_only
2026-03-06T21:01:17.253188+00:00,1772830877253.188,0.432373,-0.558594,0.326172,-0.013283,-0.336426,-0.744629,17538,18509,17757,18077,0.450000,-0.550000,0.300000,0.000000,1772830877249.604,0.429056,-0.559683,0.326017,0.000000,0.000000,0.000000,1.000000,position_only
2026-03-06T21:01:17.262402+00:00,1772830877262.402,0.432129,-0.558594,0.326172,-0.004032,-0.354248,-0.750977,17956,18184,18136,17586,0.450000,-0.550000,0.300000,0.000000,1772830877258.275,0.428744,-0.559593,0.326072,0.000000,0.000000,0.000000,1.000000,position_only
2026-03-06T21:01:17.272208+00:00,1772830877272.207,0.431885,-0.558594,0.326172,0.005360,-0.326660,-0.747070,17731,18410,18090,17608,0.450000,-0.550000,0.300000,0.000000,1772830877266.882,0.428606,-0.559575,0.326079,0.000000,0.000000,0.000000,1.000000,position_only
2026-03-06T21:01:17.282806+00:00,1772830877282.805,0.431641,-0.558594,0.326172,0.006298,-0.313721,-0.744629,17941,18158,18331,17428,0.450000,-0.550000,0.300000,0.000000,1772830877275.521,0.428439,-0.559577,0.326105,0.000000,0.000000,0.000000,1.000000,position_only
2026-03-06T21:01:17.293451+00:00,1772830877293.450,0.431641,-0.558594,0.326416,-0.009781,-0.319336,-0.744629,17232,18752,17471,18415,0.450000,-0.550000,0.300000,0.000000,1772830877292.769,0.428166,-0.559506,0.326164,0.000000,0.000000,0.000000,1.000000,position_only
2026-03-06T21:01:17.302391+00:00,1772830877302.390,0.431396,-0.558594,0.326416,-0.031525,-0.364258,-0.754883,17563,18502,17791,17969,0.450000,-0.550000,0.300000,0.000000,1772830877301.315,0.427992,-0.559514,0.326182,0.000000,0.000000,0.000000,1.000000,position_only
2026-03-06T21:01:17.313031+00:00,1772830877313.029,0.431152,-0.558594,0.326416,-0.044342,-0.384277,-0.753906,17566,18442,17729,18078,0.450000,-0.550000,0.300000,0.000000,1772830877309.894,0.427870,-0.559564,0.326200,0.000000,0.000000,0.000000,1.000000,position_only
2026-03-06T21:01:17.323703+00:00,1772830877323.703,0.430908,-0.558594,0.326416,-0.052643,-0.411621,-0.772461,17095,18982,17310,18385,0.450000,-0.550000,0.300000,0.000000,1772830877318.493,0.427719,-0.559555,0.326223,0.000000,0.000000,0.000000,1.000000,position_only
2026-03-06T21:01:17.333327+00:00,1772830877333.326,0.430664,-0.558594,0.326416,-0.059570,-0.437988,-0.788574,17407,18536,17631,18149,0.450000,-0.550000,0.300000,0.000000,1772830877327.377,0.427557,-0.559532,0.326268,0.000000,0.000000,0.000000,1.000000,position_only
2026-03-06T21:01:17.343291+00:00,1772830877343.291,0.430420,-0.558594,0.326416,-0.052673,-0.462158,-0.797363,17016,19038,17204,18464,0.450000,-0.550000,0.300000,0.000000,1772830877335.906,0.427377,-0.559570,0.326320,0.000000,0.000000,0.000000,1.000000,position_only
2026-03-06T21:01:17.352558+00:00,1772830877352.556,0.430176,-0.558594,0.326416,-0.081909,-0.504883,-0.817383,17002,18871,17227,18590,0.450000,-0.550000,0.300000,0.000000,1772830877344.515,0.427138,-0.559534,0.326397,0.000000,0.000000,0.000000,1.000000,position_only
2026-03-06T21:01:17.363368+00:00,1772830877363.368,0.430176,-0.558594,0.326660,-0.102478,-0.528809,-0.826660,17359,18568,17712,17998,0.450000,-0.550000,0.300000,0.000000,1772830877361.953,0.426734,-0.559519,0.326520,0.000000,0.000000,0.000000,1.000000,position_only
2026-03-06T21:01:17.373549+00:00,1772830877373.548,0.429932,-0.558594,0.326660,-0.120056,-0.523926,-0.833984,17345,18565,17685,18018,0.450000,-0.550000,0.300000,0.000000,1772830877370.529,0.426574,-0.559514,0.326561,0.000000,0.000000,0.000000,1.000000,position_only
2026-03-06T21:01:17.383490+00:00,1772830877383.490,0.429443,-0.558594,0.326660,-0.136597,-0.515137,-0.836914,17621,18244,18056,17640,0.450000,-0.550000,0.300000,0.000000,1772830877379.099,0.426439,-0.559518,0.326616,0.000000,0.000000,0.000000,1.000000,position_only
2026-03-06T21:01:17.393225+00:00,1772830877393.225,0.429443,-0.558594,0.326660,-0.155151,-0.512695,-0.838867,17301,18530,17832,17874,0.450000,-0.550000,0.300000,0.000000,1772830877387.840,0.426200,-0.559527,0.326686,0.000000,0.000000,0.000000,1.000000,position_only
2026-03-06T21:01:17.403051+00:00,1772830877403.051,0.429199,-0.558594,0.326660,-0.174194,-0.520996,-0.853516,16942,18880,17281,18422,0.450000,-0.550000,0.300000,0.000000,1772830877396.516,0.426029,-0.559521,0.326746,0.000000,0.000000,0.000000,1.000000,position_only
2026-03-06T21:01:17.413520+00:00,1772830877413.520,0.428955,-0.558594,0.326904,-0.179443,-0.528809,-0.862793,17248,18721,17549,17958,0.450000,-0.550000,0.300000,0.000000,1772830877405.058,0.425853,-0.559488,0.326842,0.000000,0.000000,0.000000,1.000000,position_only
2026-03-06T21:01:17.423501+00:00,1772830877423.500,0.428711,-0.558594,0.326904,-0.165771,-0.561523,-0.879395,17163,18752,17371,18144,0.450000,-0.550000,0.300000,0.000000,1772830877422.324,0.425444,-0.559531,0.326967,0.000000,0.000000,0.000000,1.000000,position_only
2026-03-06T21:01:17.433440+00:00,1772830877433.439,0.428711,-0.558594,0.326904,-0.151855,-0.561523,-0.893555,16550,19282,16742,18811,0.450000,-0.550000,0.300000,0.000000,1772830877430.855,0.425286,-0.559515,0.327023,0.000000,0.000000,0.000000,1.000000,position_only
2026-03-06T21:01:17.444069+00:00,1772830877444.068,0.428467,-0.558594,0.327148,-0.165283,-0.587891,-0.913086,17214,18539,17651,17933,0.450000,-0.550000,0.300000,0.000000,1772830877439.433,0.425128,-0.559529,0.327050,0.000000,0.000000,0.000000,1.000000,position_only
2026-03-06T21:01:17.453817+00:00,1772830877453.817,0.428223,-0.558594,0.327148,-0.177002,-0.605957,-0.928711,16992,18769,17383,18137,0.450000,-0.550000,0.300000,0.000000,1772830877448.335,0.424954,-0.559522,0.327127,0.000000,0.000000,0.000000,1.000000,position_only
2026-03-06T21:01:17.463071+00:00,1772830877463.070,0.427734,-0.558594,0.327148,-0.179321,-0.634766,-0.945801,16860,18837,17001,18538,0.450000,-0.550000,0.300000,0.000000,1772830877457.291,0.424614,-0.559537,0.327215,0.000000,0.000000,0.000000,1.000000,position_only
2026-03-06T21:01:17.473710+00:00,1772830877473.709,0.427734,-0.558594,0.327393,-0.166016,-0.675781,-0.968262,16757,19108,16826,18478,0.450000,-0.550000,0.300000,0.000000,1772830877465.900,0.424468,-0.559538,0.327280,0.000000,0.000000,0.000000,1.000000,position_only
2026-03-06T21:01:17.483315+00:00,1772830877483.314,0.427490,-0.558594,0.327393,-0.139038,-0.681641,-0.975098,17245,18482,17481,17913,0.450000,-0.550000,0.300000,0.000000,1772830877483.034,0.424110,-0.559530,0.327376,0.000000,0.000000,0.000000,1.000000,position_only
2026-03-06T21:01:17.493309+00:00,1772830877493.309,0.427246,-0.558594,0.327393,-0.143921,-0.717285,-0.986328,17246,18433,17562,17838,0.450000,-0.550000,0.300000,0.000000,1772830877491.787,0.423937,-0.559544,0.327430,0.000000,0.000000,0.000000,1.000000,position_only
2026-03-06T21:01:17.503550+00:00,1772830877503.549,0.427002,-0.558594,0.327637,-0.142456,-0.732422,-0.991699,17307,18411,17550,17788,0.450000,-0.550000,0.300000,0.000000,1772830877500.600,0.423760,-0.559564,0.327445,0.000000,0.000000,0.000000,1.000000,position_only
2026-03-06T21:01:17.514416+00:00,1772830877514.415,0.427002,-0.558594,0.327637,-0.172852,-0.747559,-1.003906,16855,18654,17338,18197,0.450000,-0.550000,0.300000,0.000000,1772830877509.377,0.423609,-0.559532,0.327511,0.000000,0.000000,0.000000,1.000000,position_only
2026-03-06T21:01:17.523598+00:00,1772830877523.597,0.426758,-0.558594,0.327637,-0.205200,-0.764160,-1.015625,16921,18620,17262,18198,0.450000,-0.550000,0.300000,0.000000,1772830877517.922,0.423428,-0.559552,0.327565,0.000000,0.000000,0.000000,1.000000,position_only
2026-03-06T21:01:17.532815+00:00,1772830877532.815,0.426270,-0.558594,0.327881,-0.221924,-0.764648,-1.027344,17035,18540,17552,17843,0.450000,-0.550000,0.300000,0.000000,1772830877526.576,0.423272,-0.559534,0.327593,0.000000,0.000000,0.000000,1.000000,position_only
2026-03-06T21:01:17.543384+00:00,1772830877543.383,0.426270,-0.558594,0.327881,-0.211792,-0.747070,-1.032227,17110,18523,17422,17902,0.450000,-0.550000,0.300000,0.000000,1772830877535.134,0.423127,-0.559504,0.327635,0.000000,0.000000,0.000000,1.000000,position_only
2026-03-06T21:01:17.552682+00:00,1772830877552.682,0.426025,-0.558594,0.327881,-0.208984,-0.764648,-1.045898,16829,18820,17060,18243,0.450000,-0.550000,0.300000,0.000000,1772830877552.535,0.422823,-0.559530,0.327699,0.000000,0.000000,0.000000,1.000000,position_only
2026-03-06T21:01:17.562876+00:00,1772830877562.876,0.425781,-0.558594,0.327881,-0.206177,-0.812988,-1.068359,16835,18717,16923,18456,0.450000,-0.550000,0.300000,0.000000,1772830877561.089,0.422716,-0.559523,0.327732,0.000000,0.000000,0.000000,1.000000,position_only
2026-03-06T21:01:17.573566+00:00,1772830877573.565,0.425781,-0.558594,0.328125,-0.220337,-0.891113,-1.087891,17077,18479,17152,18247,0.450000,-0.550000,0.300000,0.000000,1772830877569.844,0.422590,-0.559527,0.327772,0.000000,0.000000,0.000000,1.000000,position_only
2026-03-06T21:01:17.583395+00:00,1772830877583.395,0.425537,-0.558594,0.328125,-0.239014,-0.913086,-1.094727,17207,18313,17561,17856,0.450000,-0.550000,0.300000,0.000000,1772830877578.387,0.422459,-0.559509,0.327800,0.000000,0.000000,0.000000,1.000000,position_only
2026-03-06T21:01:17.593853+00:00,1772830877593.853,0.425293,-0.558594,0.328125,-0.244751,-0.916992,-1.106445,17074,18570,17242,18063,0.450000,-0.550000,0.300000,0.000000,1772830877586.895,0.422338,-0.559490,0.327833,0.000000,0.000000,0.000000,1.000000,position_only
2026-03-06T21:01:17.603969+00:00,1772830877603.969,0.425049,-0.558594,0.328125,-0.264160,-0.974121,-1.122070,16934,18515,17136,18383,0.450000,-0.550000,0.300000,0.000000,1772830877595.441,0.422218,-0.559517,0.327869,0.000000,0.000000,0.000000,1.000000,position_only
2026-03-06T21:01:17.613557+00:00,1772830877613.556,0.425049,-0.558594,0.328125,-0.288574,-1.015625,-1.141602,16778,18646,17191,18333,0.450000,-0.550000,0.300000,0.000000,1772830877612.764,0.421980,-0.559504,0.327872,0.000000,0.000000,0.000000,1.000000,position_only
2026-03-06T21:01:17.622983+00:00,1772830877622.982,0.425049,-0.558594,0.328125,-0.305664,-1.005859,-1.150391,16916,18566,17350,18105,0.450000,-0.550000,0.300000,0.000000,1772830877621.342,0.421799,-0.559512,0.327905,0.000000,0.000000,0.000000,1.000000,position_only
2026-03-06T21:01:17.632836+00:00,1772830877632.836,0.424805,-0.558594,0.328369,-0.330811,-0.990723,-1.160156,16941,18446,17471,18056,0.450000,-0.550000,0.300000,0.000000,1772830877629.877,0.421657,-0.559517,0.327900,0.000000,0.000000,0.000000,1.000000,position_only
2026-03-06T21:01:17.643546+00:00,1772830877643.545,0.424805,-0.558594,0.328369,-0.350342,-0.960938,-1.169922,17193,18223,17827,17690,0.450000,-0.550000,0.300000,0.000000,1772830877638.442,0.421561,-0.559502,0.327898,0.000000,0.000000,0.000000,1.000000,position_only
2026-03-06T21:01:17.654234+00:00,1772830877654.233,0.424561,-0.558594,0.328369,-0.365967,-0.946777,-1.177734,17235,18295,17530,17900,0.450000,-0.550000,0.300000,0.000000,1772830877647.253,0.421463,-0.559515,0.327904,0.000000,0.000000,0.000000,1.000000,position_only
2026-03-06T21:01:17.662987+00:00,1772830877662.987,0.424316,-0.558594,0.328369,-0.352783,-0.951172,-1.190430,17086,18503,17341,18027,0.450000,-0.550000,0.300000,0.000000,1772830877655.815,0.421354,-0.559484,0.327867,0.000000,0.000000,0.000000,1.000000,position_only
2026-03-06T21:01:17.673641+00:00,1772830877673.641,0.424316,-0.558594,0.328369,-0.351562,-0.927734,-1.196289,17114,18375,17619,17851,0.450000,-0.550000,0.300000,0.000000,1772830877673.040,0.421184,-0.559465,0.327872,0.000000,0.000000,0.000000,1.000000,position_only
2026-03-06T21:01:17.684336+00:00,1772830877684.335,0.424316,-0.558594,0.328369,-0.355713,-0.920898,-1.206055,16911,18598,17237,18225,0.450000,-0.550000,0.300000,0.000000,1772830877681.707,0.421110,-0.559433,0.327855,0.000000,0.000000,0.000000,1.000000,position_only
2026-03-06T21:01:17.694174+00:00,1772830877694.172,0.424316,-0.558594,0.328369,-0.359619,-0.927246,-1.223633,16820,18680,17160,18308,0.450000,-0.550000,0.300000,0.000000,1772830877690.243,0.421041,-0.559420,0.327840,0.000000,0.000000,0.000000,1.000000,position_only
2026-03-06T21:01:17.703486+00:00,1772830877703.484,0.424072,-0.558594,0.328369,-0.372314,-0.933105,-1.231445,17014,18456,17402,18110,0.450000,-0.550000,0.300000,0.000000,1772830877699.150,0.420923,-0.559356,0.327827,0.000000,0.000000,0.000000,1.000000,position_only
2026-03-06T21:01:17.713992+00:00,1772830877713.991,0.424072,-0.558594,0.328369,-0.386230,-0.933594,-1.244141,16775,18656,17148,18457,0.450000,-0.550000,0.300000,0.000000,1772830877707.854,0.420886,-0.559306,0.327814,0.000000,0.000000,0.000000,1.000000,position_only
2026-03-06T21:01:17.724564+00:00,1772830877724.563,0.423828,-0.558594,0.328369,-0.403809,-0.943359,-1.256836,16968,18457,17197,18459,0.450000,-0.550000,0.300000,0.000000,1772830877716.390,0.420840,-0.559267,0.327798,0.000000,0.000000,0.000000,1.000000,position_only
2026-03-06T21:01:17.733703+00:00,1772830877733.702,0.423828,-0.558105,0.328369,-0.414795,-0.983887,-1.267578,17340,18145,17691,17947,0.450000,-0.550000,0.300000,0.000000,1772830877733.484,0.420767,-0.559193,0.327740,0.000000,0.000000,0.000000,1.000000,position_only
2026-03-06T21:01:17.743228+00:00,1772830877743.228,0.423828,-0.558105,0.328369,-0.421631,-0.999023,-1.268555,17479,18048,17791,17824,0.450000,-0.550000,0.300000,0.000000,1772830877742.011,0.420757,-0.559119,0.327727,0.000000,0.000000,0.000000,1.000000,position_only
2026-03-06T21:01:17.753817+00:00,1772830877753.817,0.423828,-0.558105,0.328369,-0.426270,-1.012695,-1.269531,17259,18283,17555,18083,0.450000,-0.550000,0.300000,0.000000,1772830877750.598,0.420762,-0.559056,0.327688,0.000000,0.000000,0.000000,1.000000,position_only
2026-03-06T21:01:17.764034+00:00,1772830877764.033,0.423828,-0.558105,0.328369,-0.429199,-1.017578,-1.276367,17290,18217,17711,18032,0.450000,-0.550000,0.300000,0.000000,1772830877759.456,0.420710,-0.559037,0.327659,0.000000,0.000000,0.000000,1.000000,position_only
2026-03-06T21:01:17.774344+00:00,1772830877774.344,0.423584,-0.558105,0.328125,-0.458984,-1.008789,-1.286133,17156,18299,17729,18118,0.450000,-0.550000,0.300000,0.000000,1772830877768.012,0.420692,-0.558952,0.327624,0.000000,0.000000,0.000000,1.000000,position_only
2026-03-06T21:01:17.783583+00:00,1772830877783.583,0.423584,-0.558105,0.328125,-0.490479,-0.974609,-1.289062,17267,18174,18072,17869,0.450000,-0.550000,0.300000,0.000000,1772830877776.587,0.420697,-0.558875,0.327574,0.000000,0.000000,0.000000,1.000000,position_only
2026-03-06T21:01:17.794146+00:00,1772830877794.146,0.423828,-0.558105,0.328125,-0.515137,-0.912598,-1.293945,16855,18653,17591,18369,0.450000,-0.550000,0.300000,0.000000,1772830877793.979,0.420649,-0.558743,0.327472,0.000000,0.000000,0.000000,1.000000,position_only
2026-03-06T21:01:17.803664+00:00,1772830877803.663,0.423828,-0.557617,0.328125,-0.515625,-0.842285,-1.300781,16912,18695,17493,18458,0.450000,-0.550000,0.300000,0.000000,1772830877802.590,0.420634,-0.558663,0.327419,0.000000,0.000000,0.000000,1.000000,position_only
2026-03-06T21:01:17.814314+00:00,1772830877814.314,0.423828,-0.557617,0.327881,-0.531738,-0.835449,-1.316406,17101,18567,17649,18321,0.450000,-0.550000,0.300000,0.000000,1772830877811.210,0.420646,-0.558570,0.327379,0.000000,0.000000,0.000000,1.000000,position_only
2026-03-06T21:01:17.824307+00:00,1772830877824.307,0.423828,-0.557617,0.327881,-0.519531,-0.787109,-1.319336,17501,18234,18147,17799,0.450000,-0.550000,0.300000,0.000000,1772830877819.843,0.420686,-0.558469,0.327323,0.000000,0.000000,0.000000,1.000000,position_only
2026-03-06T21:01:17.833753+00:00,1772830877833.752,0.423584,-0.557617,0.327881,-0.512207,-0.735840,-1.315430,17399,18258,18072,17984,0.450000,-0.550000,0.300000,0.000000,1772830877828.458,0.420659,-0.558419,0.327267,0.000000,0.000000,0.000000,1.000000,position_only
2026-03-06T21:01:17.843981+00:00,1772830877843.981,0.423828,-0.557617,0.327637,-0.505371,-0.728027,-1.322266,17199,18573,17705,18281,0.450000,-0.550000,0.300000,0.000000,1772830877837.141,0.420654,-0.558302,0.327208,0.000000,0.000000,0.000000,1.000000,position_only
2026-03-06T21:01:17.854571+00:00,1772830877854.570,0.423828,-0.557129,0.327637,-0.483887,-0.701660,-1.330078,17306,18520,17832,18145,0.450000,-0.550000,0.300000,0.000000,1772830877846.156,0.420721,-0.558147,0.327182,0.000000,0.000000,0.000000,1.000000,position_only
2026-03-06T21:01:17.864520+00:00,1772830877864.519,0.423828,-0.557129,0.327637,-0.469971,-0.675293,-1.328125,17870,17887,18336,17760,0.450000,-0.550000,0.300000,0.000000,1772830877863.367,0.420772,-0.557949,0.327062,0.000000,0.000000,0.000000,1.000000,position_only
2026-03-06T21:01:17.874364+00:00,1772830877874.363,0.423828,-0.557129,0.327637,-0.451172,-0.681641,-1.314453,18412,17446,18791,17276,0.450000,-0.550000,0.300000,0.000000,1772830877871.979,0.420790,-0.557860,0.327018,0.000000,0.000000,0.000000,1.000000,position_only
2026-03-06T21:01:17.883491+00:00,1772830877883.490,0.424072,-0.557129,0.327393,-0.401123,-0.701172,-1.290039,18845,17158,18952,17095,0.450000,-0.550000,0.300000,0.000000,1772830877880.610,0.420820,-0.557746,0.326946,0.000000,0.000000,0.000000,1.000000,position_only
2026-03-06T21:01:17.894063+00:00,1772830877894.062,0.423828,-0.556641,0.327148,-0.311035,-0.723145,-1.253906,19374,17038,19318,16581,0.450000,-0.550000,0.300000,0.000000,1772830877889.088,0.420877,-0.557662,0.326837,0.000000,0.000000,0.000000,1.000000,position_only
2026-03-06T21:01:17.903846+00:00,1772830877903.845,0.423828,-0.556641,0.327148,-0.190674,-0.774414,-1.230469,18757,18113,18150,17668,0.450000,-0.550000,0.300000,0.000000,1772830877897.529,0.420940,-0.557575,0.326695,0.000000,0.000000,0.000000,1.000000,position_only
2026-03-06T21:01:17.914386+00:00,1772830877914.385,0.424072,-0.556641,0.326904,-0.005886,-0.834961,-1.223633,19029,18402,18170,17545,0.450000,-0.550000,0.300000,0.000000,1772830877906.071,0.420994,-0.557506,0.326524,0.000000,0.000000,0.000000,1.000000,position_only
2026-03-06T21:01:17.924308+00:00,1772830877924.308,0.424072,-0.556641,0.326416,0.232788,-0.871094,-1.201172,20020,18010,18839,16802,0.450000,-0.550000,0.300000,0.000000,1772830877923.396,0.421194,-0.557357,0.325967,0.000000,0.000000,0.000000,1.000000,position_only
2026-03-06T21:01:17.933501+00:00,1772830877933.500,0.424316,-0.556152,0.326172,0.509277,-0.941895,-1.167969,20115,18413,18467,17171,0.450000,-0.550000,0.300000,0.000000,1772830877931.874,0.421295,-0.557307,0.325632,0.000000,0.000000,0.000000,1.000000,position_only
2026-03-06T21:01:17.944380+00:00,1772830877944.380,0.424316,-0.556152,0.325684,0.800781,-0.999023,-1.153320,19703,19267,17907,17819,0.450000,-0.550000,0.300000,0.000000,1772830877940.383,0.421350,-0.557284,0.325274,0.000000,0.000000,0.000000,1.000000,position_only
2026-03-06T21:01:17.954437+00:00,1772830877954.437,0.424316,-0.556152,0.325195,1.114258,-1.044922,-1.141602,20373,19155,18458,17321,0.450000,-0.550000,0.300000,0.000000,1772830877949.039,0.421500,-0.557310,0.324423,0.000000,0.000000,0.000000,1.000000,position_only
2026-03-06T21:01:17.964476+00:00,1772830877964.475,0.424316,-0.556152,0.324707,1.424805,-1.081055,-1.106445,21283,18692,19090,16916,0.450000,-0.550000,0.300000,0.000000,1772830877957.519,0.421500,-0.557310,0.324423,0.000000,0.000000,0.000000,1.000000,position_only
2026-03-06T21:01:17.974579+00:00,1772830877974.578,0.424561,-0.556152,0.323975,1.723633,-1.098633,-1.077148,21166,19244,19127,17157,0.450000,-0.550000,0.300000,0.000000,1772830877966.024,0.421712,-0.557342,0.323379,0.000000,0.000000,0.000000,1.000000,position_only
2026-03-06T21:01:17.984123+00:00,1772830877984.123,0.424561,-0.556152,0.323242,1.988281,-1.072266,-1.048828,21033,19799,19127,17456,0.450000,-0.550000,0.300000,0.000000,1772830877983.484,0.421895,-0.557404,0.322234,0.000000,0.000000,0.000000,1.000000,position_only
2026-03-06T21:01:17.994847+00:00,1772830877994.847,0.424805,-0.556152,0.322510,2.220703,-1.015625,-1.035156,20814,20399,18988,17944,0.450000,-0.550000,0.300000,0.000000,1772830877992.003,0.421988,-0.557450,0.321654,0.000000,0.000000,0.000000,1.000000,position_only
2026-03-06T21:01:18.004659+00:00,1772830878004.658,0.425049,-0.556152,0.321777,2.396484,-0.971680,-1.026367,20808,20598,18983,18468,0.450000,-0.550000,0.300000,0.000000,1772830878000.529,0.422120,-0.557559,0.320899,0.000000,0.000000,0.000000,1.000000,position_only
2026-03-06T21:01:18.014464+00:00,1772830878014.464,0.425049,-0.556152,0.321045,2.517578,-0.923340,-1.016602,21557,20129,19892,17972,0.450000,-0.550000,0.300000,0.000000,1772830878009.032,0.422217,-0.557620,0.320241,0.000000,0.000000,0.000000,1.000000,position_only
2026-03-06T21:01:18.023517+00:00,1772830878023.516,0.425049,-0.556641,0.320068,2.578125,-0.874512,-0.988281,21865,19855,20417,18085,0.450000,-0.550000,0.300000,0.000000,1772830878017.510,0.422362,-0.557707,0.319560,0.000000,0.000000,0.000000,1.000000,position_only
2026-03-06T21:01:18.034159+00:00,1772830878034.158,0.425293,-0.556641,0.319092,2.542969,-0.849609,-0.962402,21751,20163,20541,18434,0.450000,-0.550000,0.300000,0.000000,1772830878026.022,0.422502,-0.557864,0.318837,0.000000,0.000000,0.000000,1.000000,position_only
2026-03-06T21:01:18.044062+00:00,1772830878044.062,0.425537,-0.556641,0.318115,2.457031,-0.822754,-0.942871,21271,20681,20044,19502,0.450000,-0.550000,0.300000,0.000000,1772830878043.003,0.422799,-0.558125,0.317334,0.000000,0.000000,0.000000,1.000000,position_only
2026-03-06T21:01:18.054763+00:00,1772830878054.761,0.425781,-0.557129,0.317139,2.308594,-0.846680,-0.935059,21436,20580,20274,19779,0.450000,-0.550000,0.300000,0.000000,1772830878051.531,0.422936,-0.558260,0.316648,0.000000,0.000000,0.000000,1.000000,position_only
2026-03-06T21:01:18.063819+00:00,1772830878063.818,0.426025,-0.557617,0.316162,2.125000,-0.872559,-0.906738,22613,19558,21633,18731,0.450000,-0.550000,0.300000,0.000000,1772830878060.138,0.423167,-0.558448,0.315879,0.000000,0.000000,0.000000,1.000000,position_only
2026-03-06T21:01:18.075109+00:00,1772830878075.108,0.426025,-0.558105,0.315430,1.911133,-0.865723,-0.859375,22514,19697,21705,18974,0.450000,-0.550000,0.300000,0.000000,1772830878068.873,0.423296,-0.558632,0.315194,0.000000,0.000000,0.000000,1.000000,position_only
2026-03-06T21:01:18.085039+00:00,1772830878085.039,0.426270,-0.558105,0.314453,1.671875,-0.865234,-0.837402,21256,21040,20453,20465,0.450000,-0.550000,0.300000,0.000000,1772830878077.489,0.423451,-0.558894,0.314482,0.000000,0.000000,0.000000,1.000000,position_only
2026-03-06T21:01:18.094628+00:00,1772830878094.628,0.426514,-0.558594,0.313477,1.434570,-0.898926,-0.841797,21201,21089,20278,20905,0.450000,-0.550000,0.300000,0.000000,1772830878094.410,0.423897,-0.559326,0.313044,0.000000,0.000000,0.000000,1.000000,position_only
2026-03-06T21:01:18.103988+00:00,1772830878103.988,0.426758,-0.559082,0.312744,1.180664,-0.952148,-0.821289,22560,19787,21617,19695,0.450000,-0.550000,0.300000,0.000000,1772830878102.883,0.424091,-0.559608,0.312355,0.000000,0.000000,0.000000,1.000000,position_only
2026-03-06T21:01:18.114458+00:00,1772830878114.458,0.427002,-0.559570,0.311768,0.953613,-0.979980,-0.770020,23175,19355,22234,19034,0.450000,-0.550000,0.300000,0.000000,1772830878111.638,0.424268,-0.559889,0.311753,0.000000,0.000000,0.000000,1.000000,position_only
2026-03-06T21:01:18.125192+00:00,1772830878125.192,0.427246,-0.560059,0.311035,0.753906,-0.991699,-0.739258,21850,20852,20769,20397,0.450000,-0.550000,0.300000,0.000000,1772830878120.175,0.424507,-0.560204,0.311096,0.000000,0.000000,0.000000,1.000000,position_only
2026-03-06T21:01:18.134289+00:00,1772830878134.288,0.427246,-0.560547,0.310303,0.571289,-0.996582,-0.738770,21186,21478,20179,21007,0.450000,-0.550000,0.300000,0.000000,1772830878128.644,0.424699,-0.560493,0.310515,0.000000,0.000000,0.000000,1.000000,position_only
2026-03-06T21:01:18.144846+00:00,1772830878144.844,0.427734,-0.561035,0.309570,0.417480,-0.980469,-0.718750,22582,20157,21529,19501,0.450000,-0.550000,0.300000,0.000000,1772830878137.226,0.424897,-0.560850,0.309900,0.000000,0.000000,0.000000,1.000000,position_only
2026-03-06T21:01:18.154708+00:00,1772830878154.707,0.427979,-0.561523,0.309082,0.283691,-0.955078,-0.679199,23173,19552,22123,18785,0.450000,-0.550000,0.300000,0.000000,1772830878154.518,0.425363,-0.561504,0.308846,0.000000,0.000000,0.000000,1.000000,position_only
2026-03-06T21:01:18.164212+00:00,1772830878164.211,0.428223,-0.562012,0.308350,0.170044,-0.908691,-0.639160,22361,20327,21309,19490,0.450000,-0.550000,0.300000,0.000000,1772830878163.074,0.425527,-0.561838,0.308404,0.000000,0.000000,0.000000,1.000000,position_only
2026-03-06T21:01:18.174901+00:00,1772830878174.901,0.428467,-0.562500,0.307861,0.081726,-0.853516,-0.629883,21327,21408,20071,20481,0.450000,-0.550000,0.300000,0.000000,1772830878171.586,0.425747,-0.562210,0.307973,0.000000,0.000000,0.000000,1.000000,position_only
2026-03-06T21:01:18.184863+00:00,1772830878184.863,0.428955,-0.562988,0.307373,0.020020,-0.783203,-0.618652,22084,20596,20940,19455,0.450000,-0.550000,0.300000,0.000000,1772830878180.138,0.425959,-0.562577,0.307564,0.000000,0.000000,0.000000,1.000000,position_only
2026-03-06T21:01:18.194632+00:00,1772830878194.632,0.428955,-0.563477,0.306885,-0.018982,-0.681641,-0.571289,23226,19467,22180,17952,0.450000,-0.550000,0.300000,0.000000,1772830878188.872,0.426159,-0.562921,0.307217,0.000000,0.000000,0.000000,1.000000,position_only
2026-03-06T21:01:18.204834+00:00,1772830878204.833,0.429199,-0.563965,0.306641,-0.045319,-0.581055,-0.534180,22278,20248,21256,18748,0.450000,-0.550000,0.300000,0.000000,1772830878197.348,0.426384,-0.563260,0.306865,0.000000,0.000000,0.000000,1.000000,position_only
2026-03-06T21:01:18.214877+00:00,1772830878214.876,0.429688,-0.564453,0.306152,-0.067688,-0.462158,-0.514648,21740,20690,20668,19130,0.450000,-0.550000,0.300000,0.000000,1772830878214.354,0.426856,-0.564026,0.306217,0.000000,0.000000,0.000000,1.000000,position_only
2026-03-06T21:01:18.224360+00:00,1772830878224.360,0.429932,-0.564453,0.305908,-0.095947,-0.326416,-0.486572,21891,20312,21007,18724,0.450000,-0.550000,0.300000,0.000000,1772830878222.848,0.427071,-0.564394,0.305936,0.000000,0.000000,0.000000,1.000000,position_only
2026-03-06T21:01:18.234863+00:00,1772830878234.863,0.430420,-0.564941,0.305664,-0.121643,-0.216675,-0.464111,21449,20601,20392,19180,0.450000,-0.550000,0.300000,0.000000,1772830878231.588,0.427307,-0.564731,0.305737,0.000000,0.000000,0.000000,1.000000,position_only
2026-03-06T21:01:18.244627+00:00,1772830878244.627,0.430664,-0.565430,0.305664,-0.161011,-0.132446,-0.451416,21442,20446,20442,18978,0.450000,-0.550000,0.300000,0.000000,1772830878240.063,0.427505,-0.565091,0.305559,0.000000,0.000000,0.000000,1.000000,position_only
2026-03-06T21:01:18.254565+00:00,1772830878254.564,0.430664,-0.565918,0.305420,-0.216064,-0.103821,-0.425049,21841,19760,20781,18649,0.450000,-0.550000,0.300000,0.000000,1772830878248.529,0.427750,-0.565452,0.305366,0.000000,0.000000,0.000000,1.000000,position_only
2026-03-06T21:01:18.264379+00:00,1772830878264.378,0.431152,-0.566406,0.305176,-0.290039,-0.082520,-0.390137,21770,19640,20675,18681,0.450000,-0.550000,0.300000,0.000000,1772830878257.262,0.428187,-0.566053,0.305127,0.000000,0.000000,0.000000,1.000000,position_only
2026-03-06T21:01:18.275329+00:00,1772830878275.328,0.431396,-0.566895,0.305176,-0.372559,-0.097534,-0.370850,21192,19972,20101,19269,0.450000,-0.550000,0.300000,0.000000,1772830878274.529,0.428672,-0.566678,0.304934,0.000000,0.000000,0.000000,1.000000,position_only
2026-03-06T21:01:18.284570+00:00,1772830878284.569,0.431641,-0.567383,0.305176,-0.487549,-0.104431,-0.347412,21465,19438,20570,18814,0.450000,-0.550000,0.300000,0.000000,1772830878283.026,0.428901,-0.566985,0.304869,0.000000,0.000000,0.000000,1.000000,position_only
2026-03-06T21:01:18.295091+00:00,1772830878295.091,0.431885,-0.567871,0.304932,-0.594238,-0.109802,-0.313721,21621,19172,20847,18447,0.450000,-0.550000,0.300000,0.000000,1772830878291.530,0.429053,-0.567246,0.304854,0.000000,0.000000,0.000000,1.000000,position_only
2026-03-06T21:01:18.305272+00:00,1772830878305.271,0.432129,-0.568359,0.304932,-0.709473,-0.127686,-0.290771,20972,19622,20172,19136,0.450000,-0.550000,0.300000,0.000000,1772830878300.055,0.429225,-0.567482,0.304828,0.000000,0.000000,0.000000,1.000000,position_only
2026-03-06T21:01:18.314988+00:00,1772830878314.988,0.432373,-0.568359,0.304932,-0.842285,-0.130493,-0.271484,21109,19320,20506,18766,0.450000,-0.550000,0.300000,0.000000,1772830878308.590,0.429431,-0.567735,0.304765,0.000000,0.000000,0.000000,1.000000,position_only
2026-03-06T21:01:18.325215+00:00,1772830878325.215,0.432617,-0.568848,0.304932,-0.954590,-0.107910,-0.236816,21514,18842,21029,18128,0.450000,-0.550000,0.300000,0.000000,1772830878317.136,0.429636,-0.567982,0.304732,0.000000,0.000000,0.000000,1.000000,position_only
2026-03-06T21:01:18.335365+00:00,1772830878335.364,0.432861,-0.569336,0.304932,-1.047852,-0.059265,-0.197510,21312,19010,20720,18330,0.450000,-0.550000,0.300000,0.000000,1772830878334.155,0.430032,-0.568479,0.304695,0.000000,0.000000,0.000000,1.000000,position_only
2026-03-06T21:01:18.345540+00:00,1772830878345.539,0.433105,-0.569336,0.305176,-1.129883,-0.038147,-0.182007,20370,19887,19831,19136,0.450000,-0.550000,0.300000,0.000000,1772830878343.008,0.430234,-0.568670,0.304700,0.000000,0.000000,0.000000,1.000000,position_only
2026-03-06T21:01:18.355332+00:00,1772830878355.332,0.433350,-0.569824,0.305176,-1.164062,0.001107,-0.171387,20644,19686,19883,18888,0.450000,-0.550000,0.300000,0.000000,1772830878351.529,0.430364,-0.568910,0.304676,0.000000,0.000000,0.000000,1.000000,position_only
2026-03-06T21:01:18.364610+00:00,1772830878364.610,0.433594,-0.570312,0.305176,-1.170898,0.030029,-0.143555,21550,18883,20691,17864,0.450000,-0.550000,0.300000,0.000000,1772830878360.037,0.430541,-0.569123,0.304684,0.000000,0.000000,0.000000,1.000000,position_only
2026-03-06T21:01:18.375279+00:00,1772830878375.279,0.433594,-0.570312,0.305176,-1.162109,0.059753,-0.105103,21303,19046,20509,18017,0.450000,-0.550000,0.300000,0.000000,1772830878368.528,0.430691,-0.569321,0.304666,0.000000,0.000000,0.000000,1.000000,position_only
2026-03-06T21:01:18.385206+00:00,1772830878385.205,0.433838,-0.570312,0.305176,-1.132812,0.056061,-0.088318,20764,19702,19758,18544,0.450000,-0.550000,0.300000,0.000000,1772830878377.121,0.430807,-0.569486,0.304674,0.000000,0.000000,0.000000,1.000000,position_only
2026-03-06T21:01:18.395066+00:00,1772830878395.066,0.434082,-0.570801,0.305176,-1.069336,0.055969,-0.073792,20822,19554,19724,18596,0.450000,-0.550000,0.300000,0.000000,1772830878394.142,0.431054,-0.569801,0.304708,0.000000,0.000000,0.000000,1.000000,position_only
2026-03-06T21:01:18.405422+00:00,1772830878405.421,0.434326,-0.570801,0.305420,-1.007812,0.054901,-0.037628,22045,18436,20938,17255,0.450000,-0.550000,0.300000,0.000000,1772830878402.588,0.431210,-0.569948,0.304701,0.000000,0.000000,0.000000,1.000000,position_only
2026-03-06T21:01:18.415337+00:00,1772830878415.337,0.434570,-0.570801,0.305420,-0.928223,0.020828,0.000102,21490,19094,20056,18021,0.450000,-0.550000,0.300000,0.000000,1772830878411.137,0.431326,-0.570079,0.304702,0.000000,0.000000,0.000000,1.000000,position_only
2026-03-06T21:01:18.425154+00:00,1772830878425.154,0.434326,-0.571289,0.305420,-0.842285,-0.034637,0.009056,20549,20044,19043,19040,0.450000,-0.550000,0.300000,0.000000,1772830878419.660,0.431429,-0.570184,0.304699,0.000000,0.000000,0.000000,1.000000,position_only
2026-03-06T21:01:18.434961+00:00,1772830878434.961,0.434570,-0.571289,0.305420,-0.757812,-0.074524,0.022003,21257,19362,19926,18197,0.450000,-0.550000,0.300000,0.000000,1772830878428.391,0.431602,-0.570282,0.304698,0.000000,0.000000,0.000000,1.000000,position_only
2026-03-06T21:01:18.445548+00:00,1772830878445.548,0.434814,-0.571289,0.305420,-0.662109,-0.132935,0.051758,21936,18759,20299,17839,0.450000,-0.550000,0.300000,0.000000,1772830878445.434,0.431833,-0.570499,0.304649,0.000000,0.000000,0.000000,1.000000,position_only
2026-03-06T21:01:18.455357+00:00,1772830878455.356,0.434814,-0.571289,0.305420,-0.583008,-0.202759,0.084473,21384,19270,19883,18381,0.450000,-0.550000,0.300000,0.000000,1772830878453.882,0.431975,-0.570563,0.304628,0.000000,0.000000,0.000000,1.000000,position_only
2026-03-06T21:01:18.465184+00:00,1772830878465.183,0.435059,-0.571289,0.305420,-0.537598,-0.260254,0.095032,20835,19796,19439,18961,0.450000,-0.550000,0.300000,0.000000,1772830878462.399,0.432098,-0.570665,0.304560,0.000000,0.000000,0.000000,1.000000,position_only
2026-03-06T21:01:18.474740+00:00,1772830878474.739,0.435303,-0.571777,0.305420,-0.473877,-0.319092,0.100830,21338,19488,19798,18517,0.450000,-0.550000,0.300000,0.000000,1772830878471.000,0.432197,-0.570744,0.304523,0.000000,0.000000,0.000000,1.000000,position_only
2026-03-06T21:01:18.485267+00:00,1772830878485.266,0.435059,-0.571777,0.305176,-0.432373,-0.362305,0.136230,21911,18745,20586,18030,0.450000,-0.550000,0.300000,0.000000,1772830878479.586,0.432281,-0.570787,0.304489,0.000000,0.000000,0.000000,1.000000,position_only
2026-03-06T21:01:18.495062+00:00,1772830878495.061,0.435303,-0.571777,0.305176,-0.407959,-0.393799,0.169922,21301,19389,19955,18754,0.450000,-0.550000,0.300000,0.000000,1772830878488.063,0.432386,-0.570776,0.304458,0.000000,0.000000,0.000000,1.000000,position_only
2026-03-06T21:01:18.505447+00:00,1772830878505.447,0.435547,-0.571777,0.304932,-0.407715,-0.437744,0.179932,20916,19826,19703,19084,0.450000,-0.550000,0.300000,0.000000,1772830878505.007,0.432551,-0.570835,0.304349,0.000000,0.000000,0.000000,1.000000,position_only
2026-03-06T21:01:18.515010+00:00,1772830878515.010,0.435547,-0.571777,0.304932,-0.394531,-0.453125,0.189575,21205,19562,20079,18824,0.450000,-0.550000,0.300000,0.000000,1772830878513.697,0.432643,-0.570849,0.304293,0.000000,0.000000,0.000000,1.000000,position_only
2026-03-06T21:01:18.525406+00:00,1772830878525.406,0.435791,-0.571777,0.304932,-0.371826,-0.443359,0.219238,21957,19032,20833,17975,0.450000,-0.550000,0.300000,0.000000,1772830878522.309,0.432664,-0.570845,0.304242,0.000000,0.000000,0.000000,1.000000,position_only
2026-03-06T21:01:18.535577+00:00,1772830878535.577,0.435791,-0.571777,0.304688,-0.354004,-0.452393,0.245117,21375,19482,20114,18867,0.450000,-0.550000,0.300000,0.000000,1772830878530.900,0.432765,-0.570846,0.304153,0.000000,0.000000,0.000000,1.000000,position_only
2026-03-06T21:01:18.544822+00:00,1772830878544.821,0.435791,-0.571777,0.304688,-0.338867,-0.445557,0.263184,21114,19801,20018,18938,0.450000,-0.550000,0.300000,0.000000,1772830878539.377,0.432853,-0.570840,0.304087,0.000000,0.000000,0.000000,1.000000,position_only
2026-03-06T21:01:18.555248+00:00,1772830878555.248,0.436035,-0.571777,0.304688,-0.321777,-0.434814,0.272705,21099,19869,19990,18936,0.450000,-0.550000,0.300000,0.000000,1772830878547.896,0.432934,-0.570825,0.304007,0.000000,0.000000,0.000000,1.000000,position_only
2026-03-06T21:01:18.565119+00:00,1772830878565.118,0.436035,-0.571777,0.304443,-0.290039,-0.414062,0.292725,21554,19532,20261,18557,0.450000,-0.550000,0.300000,0.000000,1772830878565.009,0.433125,-0.570819,0.303817,0.000000,0.000000,0.000000,1.000000,position_only
2026-03-06T21:01:18.575417+00:00,1772830878575.416,0.436279,-0.571777,0.304443,-0.247559,-0.410645,0.314209,21199,19891,19830,18998,0.450000,-0.550000,0.300000,0.000000,1772830878573.508,0.433206,-0.570797,0.303750,0.000000,0.000000,0.000000,1.000000,position_only
2026-03-06T21:01:18.584980+00:00,1772830878584.980,0.436279,-0.571777,0.304443,-0.199341,-0.385254,0.336182,21236,19725,20072,18883,0.450000,-0.550000,0.300000,0.000000,1772830878582.295,0.433353,-0.570745,0.303597,0.000000,0.000000,0.000000,1.000000,position_only
2026-03-06T21:01:18.595517+00:00,1772830878595.517,0.436523,-0.571777,0.304199,-0.171143,-0.391602,0.342041,20769,20257,19522,19357,0.450000,-0.550000,0.300000,0.000000,1772830878590.849,0.433464,-0.570692,0.303527,0.000000,0.000000,0.000000,1.000000,position_only
2026-03-06T21:01:18.605535+00:00,1772830878605.535,0.436523,-0.571289,0.304199,-0.131470,-0.386230,0.359375,21118,19876,19734,19155,0.450000,-0.550000,0.300000,0.000000,1772830878599.329,0.433503,-0.570687,0.303460,0.000000,0.000000,0.000000,1.000000,position_only
2026-03-06T21:01:18.615338+00:00,1772830878615.338,0.436523,-0.571289,0.304199,-0.113586,-0.432373,0.373779,21044,19900,19716,19196,0.450000,-0.550000,0.300000,0.000000,1772830878607.763,0.433563,-0.570633,0.303400,0.000000,0.000000,0.000000,1.000000,position_only
2026-03-06T21:01:18.625091+00:00,1772830878625.090,0.436768,-0.571289,0.303955,-0.101257,-0.464355,0.393799,21610,19276,20388,18604,0.450000,-0.550000,0.300000,0.000000,1772830878616.259,0.433656,-0.570554,0.303334,0.000000,0.000000,0.000000,1.000000,position_only
2026-03-06T21:01:18.635131+00:00,1772830878635.130,0.436768,-0.571289,0.303955,-0.107483,-0.478760,0.409912,21060,19826,19884,19135,0.450000,-0.550000,0.300000,0.000000,1772830878633.586,0.433763,-0.570454,0.303234,0.000000,0.000000,0.000000,1.000000,position_only
2026-03-06T21:01:18.645892+00:00,1772830878645.890,0.437012,-0.571289,0.303955,-0.093445,-0.461670,0.427734,21142,19848,19992,18967,0.450000,-0.550000,0.300000,0.000000,1772830878642.104,0.433835,-0.570406,0.303156,0.000000,0.000000,0.000000,1.000000,position_only
2026-03-06T21:01:18.655533+00:00,1772830878655.531,0.436768,-0.571289,0.303711,-0.088684,-0.482666,0.443115,21028,19911,19720,19315,0.450000,-0.550000,0.300000,0.000000,1772830878650.592,0.433918,-0.570340,0.303107,0.000000,0.000000,0.000000,1.000000,position_only
2026-03-06T21:01:18.665593+00:00,1772830878665.593,0.437012,-0.571289,0.303711,-0.083313,-0.499512,0.464355,21517,19419,20460,18598,0.450000,-0.550000,0.300000,0.000000,1772830878659.072,0.433948,-0.570214,0.303102,0.000000,0.000000,0.000000,1.000000,position_only
2026-03-06T21:01:18.675355+00:00,1772830878675.354,0.437012,-0.570801,0.303711,-0.087219,-0.514648,0.490479,21875,19023,20831,18309,0.450000,-0.550000,0.300000,0.000000,1772830878667.698,0.434047,-0.570152,0.303039,0.000000,0.000000,0.000000,1.000000,position_only
2026-03-06T21:01:18.685366+00:00,1772830878685.366,0.437256,-0.570801,0.303711,-0.084045,-0.507812,0.513672,20984,19971,19939,19169,0.450000,-0.550000,0.300000,0.000000,1772830878684.833,0.434201,-0.569989,0.302942,0.000000,0.000000,0.000000,1.000000,position_only
2026-03-06T21:01:18.696214+00:00,1772830878696.214,0.437256,-0.570801,0.303467,-0.094788,-0.520508,0.512207,20557,20321,19341,19861,0.450000,-0.550000,0.300000,0.000000,1772830878693.349,0.434270,-0.569914,0.302905,0.000000,0.000000,0.000000,1.000000,position_only
2026-03-06T21:01:18.706977+00:00,1772830878706.976,0.437500,-0.570801,0.303467,-0.119568,-0.552734,0.521484,21661,19282,20620,18452,0.450000,-0.550000,0.300000,0.000000,1772830878701.876,0.434340,-0.569839,0.302853,0.000000,0.000000,0.000000,1.000000,position_only
2026-03-06T21:01:18.716088+00:00,1772830878716.087,0.437500,-0.570801,0.303467,-0.115845,-0.534180,0.557129,22029,18822,21021,18123,0.450000,-0.550000,0.300000,0.000000,1772830878710.652,0.434384,-0.569754,0.302833,0.000000,0.000000,0.000000,1.000000,position_only
2026-03-06T21:01:18.725323+00:00,1772830878725.322,0.437500,-0.570312,0.303467,-0.128174,-0.527832,0.581543,20974,19873,19921,19198,0.450000,-0.550000,0.300000,0.000000,1772830878719.163,0.434466,-0.569674,0.302813,0.000000,0.000000,0.000000,1.000000,position_only
2026-03-06T21:01:18.735231+00:00,1772830878735.230,0.437744,-0.570312,0.303467,-0.124512,-0.530762,0.577637,20024,20837,18767,20302,0.450000,-0.550000,0.300000,0.000000,1772830878727.646,0.434532,-0.569609,0.302784,0.000000,0.000000,0.000000,1.000000,position_only
2026-03-06T21:01:18.745800+00:00,1772830878745.800,0.437744,-0.570312,0.303467,-0.094910,-0.533691,0.581055,21371,19619,20235,18663,0.450000,-0.550000,0.300000,0.000000,1772830878744.586,0.434652,-0.569461,0.302763,0.000000,0.000000,0.000000,1.000000,position_only
2026-03-06T21:01:18.756235+00:00,1772830878756.234,0.437988,-0.570312,0.303467,-0.056244,-0.465088,0.634277,22688,18293,21836,17037,0.450000,-0.550000,0.300000,0.000000,1772830878753.337,0.434699,-0.569379,0.302752,0.000000,0.000000,0.000000,1.000000,position_only
2026-03-06T21:01:18.766762+00:00,1772830878766.761,0.437988,-0.570312,0.303467,-0.017517,-0.433350,0.661133,20720,20717,19224,19521,0.450000,-0.550000,0.300000,0.000000,1772830878761.896,0.434789,-0.569314,0.302736,0.000000,0.000000,0.000000,1.000000,position_only
2026-03-06T21:01:18.775997+00:00,1772830878775.997,0.437988,-0.569824,0.303223,0.045013,-0.428467,0.638184,19775,21326,18380,20295,0.450000,-0.550000,0.300000,0.000000,1772830878770.390,0.434842,-0.569255,0.302743,0.000000,0.000000,0.000000,1.000000,position_only
2026-03-06T21:01:18.786546+00:00,1772830878786.544,0.437988,-0.569824,0.303223,0.109070,-0.447998,0.631836,21284,19804,19840,18806,0.450000,-0.550000,0.300000,0.000000,1772830878779.114,0.434916,-0.569101,0.302769,0.000000,0.000000,0.000000,1.000000,position_only
2026-03-06T21:01:18.796502+00:00,1772830878796.500,0.438232,-0.569824,0.303223,0.178711,-0.472412,0.657715,22284,18829,20900,17692,0.450000,-0.550000,0.300000,0.000000,1772830878796.419,0.435079,-0.568989,0.302768,0.000000,0.000000,0.000000,1.000000,position_only
2026-03-06T21:01:18.806121+00:00,1772830878806.120,0.438232,-0.569824,0.303223,0.247681,-0.459717,0.699707,21613,19449,20318,18300,0.450000,-0.550000,0.300000,0.000000,1772830878804.889,0.435164,-0.568903,0.302749,0.000000,0.000000,0.000000,1.000000,position_only
2026-03-06T21:01:18.815394+00:00,1772830878815.394,0.438477,-0.569336,0.303467,0.286865,-0.476318,0.705566,20272,20788,18874,19725,0.450000,-0.550000,0.300000,0.000000,1772830878813.666,0.435266,-0.568817,0.302751,0.000000,0.000000,0.000000,1.000000,position_only
2026-03-06T21:01:18.827333+00:00,1772830878827.332,0.438477,-0.569336,0.303467,0.329834,-0.487061,0.698242,20846,20218,19490,19098,0.450000,-0.550000,0.300000,0.000000,1772830878822.272,0.435323,-0.568773,0.302748,0.000000,0.000000,0.000000,1.000000,position_only
2026-03-06T21:01:18.836240+00:00,1772830878836.240,0.438477,-0.569336,0.303223,0.361328,-0.505859,0.710938,21767,19243,20319,18299,0.450000,-0.550000,0.300000,0.000000,1772830878830.761,0.435376,-0.568701,0.302778,0.000000,0.000000,0.000000,1.000000,position_only
2026-03-06T21:01:18.846462+00:00,1772830878846.461,0.438477,-0.569336,0.303467,0.376221,-0.530762,0.746582,21733,19241,20217,18407,0.450000,-0.550000,0.300000,0.000000,1772830878839.259,0.435442,-0.568619,0.302784,0.000000,0.000000,0.000000,1.000000,position_only
2026-03-06T21:01:18.855877+00:00,1772830878855.877,0.438721,-0.569336,0.303467,0.381836,-0.572754,0.765137,20596,20248,19308,19427,0.450000,-0.550000,0.300000,0.000000,1772830878847.758,0.435487,-0.568548,0.302786,0.000000,0.000000,0.000000,1.000000,position_only
2026-03-06T21:01:18.866697+00:00,1772830878866.696,0.438721,-0.568848,0.303467,0.365723,-0.613770,0.762207,20638,20251,19180,19511,0.450000,-0.550000,0.300000,0.000000,1772830878864.979,0.435624,-0.568412,0.302808,0.000000,0.000000,0.000000,1.000000,position_only
2026-03-06T21:01:18.876965+00:00,1772830878876.965,0.438965,-0.568848,0.303467,0.340820,-0.683594,0.766113,21281,19452,20078,18792,0.450000,-0.550000,0.300000,0.000000,1772830878873.505,0.435701,-0.568330,0.302813,0.000000,0.000000,0.000000,1.000000,position_only
2026-03-06T21:01:18.886811+00:00,1772830878886.811,0.438965,-0.568848,0.303467,0.299805,-0.715820,0.789062,21625,19012,20419,18580,0.450000,-0.550000,0.300000,0.000000,1772830878882.125,0.435774,-0.568287,0.302816,0.000000,0.000000,0.000000,1.000000,position_only
2026-03-06T21:01:18.895835+00:00,1772830878895.835,0.438965,-0.568848,0.303467,0.230469,-0.772461,0.813477,20778,19757,19522,19609,0.450000,-0.550000,0.300000,0.000000,1772830878890.877,0.435943,-0.568078,0.302821,0.000000,0.000000,0.000000,1.000000,position_only
2026-03-06T21:01:18.906837+00:00,1772830878906.836,0.438965,-0.568848,0.303467,0.145874,-0.817383,0.813477,20068,20487,19243,19879,0.450000,-0.550000,0.300000,0.000000,1772830878899.591,0.435988,-0.568008,0.302830,0.000000,0.000000,0.000000,1.000000,position_only
2026-03-06T21:01:18.915882+00:00,1772830878915.881,0.439209,-0.568848,0.303467,0.073364,-0.813477,0.811523,20938,19584,20015,19150,0.450000,-0.550000,0.300000,0.000000,1772830878908.423,0.436081,-0.567910,0.302799,0.000000,0.000000,0.000000,1.000000,position_only
2026-03-06T21:01:18.926759+00:00,1772830878926.759,0.439209,-0.568359,0.303467,0.020447,-0.812500,0.828125,21451,19236,20694,18321,0.450000,-0.550000,0.300000,0.000000,1772830878925.645,0.436225,-0.567805,0.302768,0.000000,0.000000,0.000000,1.000000,position_only
2026-03-06T21:01:18.935888+00:00,1772830878935.888,0.439453,-0.568359,0.303467,-0.027023,-0.754395,0.854004,20750,19924,20102,18933,0.450000,-0.550000,0.300000,0.000000,1772830878934.195,0.436287,-0.567693,0.302751,0.000000,0.000000,0.000000,1.000000,position_only
2026-03-06T21:01:18.947134+00:00,1772830878947.133,0.439697,-0.568359,0.303467,-0.071594,-0.689453,0.861816,20694,19975,19983,19071,0.450000,-0.550000,0.300000,0.000000,1772830878943.037,0.436376,-0.567621,0.302740,0.000000,0.000000,0.000000,1.000000,position_only
2026-03-06T21:01:18.956987+00:00,1772830878956.987,0.439453,-0.568359,0.303223,-0.112366,-0.615723,0.876465,20669,20053,20176,18832,0.450000,-0.550000,0.300000,0.000000,1772830878951.586,0.436386,-0.567577,0.302736,0.000000,0.000000,0.000000,1.000000,position_only
2026-03-06T21:01:18.966339+00:00,1772830878966.339,0.439697,-0.568359,0.303223,-0.142334,-0.544434,0.876953,20040,20757,19405,19538,0.450000,-0.550000,0.300000,0.000000,1772830878960.098,0.436483,-0.567507,0.302690,0.000000,0.000000,0.000000,1.000000,position_only
2026-03-06T21:01:18.975602+00:00,1772830878975.601,0.439941,-0.567871,0.303223,-0.150757,-0.501465,0.872559,20902,19839,20303,18718,0.450000,-0.550000,0.300000,0.000000,1772830878968.587,0.436569,-0.567438,0.302690,0.000000,0.000000,0.000000,1.000000,position_only
2026-03-06T21:01:18.986105+00:00,1772830878986.104,0.439941,-0.567871,0.303223,-0.169067,-0.479004,0.886719,21074,19668,20219,18829,0.450000,-0.550000,0.300000,0.000000,1772830878985.934,0.436652,-0.567293,0.302668,0.000000,0.000000,0.000000,1.000000,position_only
2026-03-06T21:01:18.996161+00:00,1772830878996.160,0.440186,-0.567871,0.303223,-0.185303,-0.464600,0.908203,21477,19293,20690,18352,0.450000,-0.550000,0.300000,0.000000,1772830878994.640,0.436714,-0.567205,0.302655,0.000000,0.000000,0.000000,1.000000,position_only
2026-03-06T21:01:19.007449+00:00,1772830879007.448,0.440186,-0.567871,0.303223,-0.191650,-0.439453,0.931641,20479,20246,19662,19441,0.450000,-0.550000,0.300000,0.000000,1772830879003.231,0.436738,-0.567065,0.302724,0.000000,0.000000,0.000000,1.000000,position_only
2026-03-06T21:01:19.016754+00:00,1772830879016.753,0.440186,-0.567871,0.303223,-0.207520,-0.458740,0.926758,19748,21017,18555,20505,0.450000,-0.550000,0.300000,0.000000,1772830879011.795,0.436846,-0.567004,0.302679,0.000000,0.000000,0.000000,1.000000,position_only
2026-03-06T21:01:19.025814+00:00,1772830879025.813,0.440186,-0.567383,0.303223,-0.225586,-0.554688,0.914551,21018,19668,19874,19263,0.450000,-0.550000,0.300000,0.000000,1772830879020.391,0.436982,-0.566895,0.302647,0.000000,0.000000,0.000000,1.000000,position_only
2026-03-06T21:01:19.036983+00:00,1772830879036.982,0.440430,-0.567383,0.303223,-0.256836,-0.644043,0.940430,22032,18648,20866,18303,0.450000,-0.550000,0.300000,0.000000,1772830879028.883,0.437043,-0.566802,0.302643,0.000000,0.000000,0.000000,1.000000,position_only
2026-03-06T21:01:19.046839+00:00,1772830879046.838,0.440674,-0.567383,0.303223,-0.289062,-0.718262,0.980469,21536,19143,20650,18566,0.450000,-0.550000,0.300000,0.000000,1772830879046.096,0.437234,-0.566583,0.302624,0.000000,0.000000,0.000000,1.000000,position_only
2026-03-06T21:01:19.056073+00:00,1772830879056.072,0.440674,-0.567383,0.303223,-0.307373,-0.765137,0.984375,19912,20853,18969,20206,0.450000,-0.550000,0.300000,0.000000,1772830879054.589,0.437310,-0.566460,0.302626,0.000000,0.000000,0.000000,1.000000,position_only
2026-03-06T21:01:19.067577+00:00,1772830879067.575,0.440918,-0.566895,0.303223,-0.326904,-0.828125,0.961426,19978,20712,18828,20465,0.450000,-0.550000,0.300000,0.000000,1772830879063.085,0.437409,-0.566324,0.302609,0.000000,0.000000,0.000000,1.000000,position_only
2026-03-06T21:01:19.076829+00:00,1772830879076.828,0.440674,-0.566895,0.302979,-0.349854,-0.880859,0.967285,21800,18908,20863,18432,0.450000,-0.550000,0.300000,0.000000,1772830879071.584,0.437465,-0.566217,0.302593,0.000000,0.000000,0.000000,1.000000,position_only
2026-03-06T21:01:19.085805+00:00,1772830879085.804,0.440918,-0.566895,0.302979,-0.369385,-0.905273,1.011719,22305,18498,21529,17682,0.450000,-0.550000,0.300000,0.000000,1772830879080.071,0.437541,-0.566085,0.302609,0.000000,0.000000,0.000000,1.000000,position_only
2026-03-06T21:01:19.097126+00:00,1772830879097.125,0.441162,-0.566406,0.302979,-0.368408,-0.884277,1.044922,20466,20325,19992,19186,0.450000,-0.550000,0.300000,0.000000,1772830879097.031,0.437658,-0.565751,0.302646,0.000000,0.000000,0.000000,1.000000,position_only
2026-03-06T21:01:19.107012+00:00,1772830879107.011,0.441162,-0.566406,0.302979,-0.377930,-0.823730,1.032227,19436,21341,18868,20302,0.450000,-0.550000,0.300000,0.000000,1772830879105.718,0.437786,-0.565618,0.302611,0.000000,0.000000,0.000000,1.000000,position_only
2026-03-06T21:01:19.116233+00:00,1772830879116.232,0.441406,-0.566406,0.302979,-0.376221,-0.741699,1.016602,20371,20323,20157,19081,0.450000,-0.550000,0.300000,0.000000,1772830879114.308,0.437874,-0.565453,0.302613,0.000000,0.000000,0.000000,1.000000,position_only
2026-03-06T21:01:19.127594+00:00,1772830879127.594,0.441406,-0.565918,0.302979,-0.389648,-0.672363,1.039062,21486,19237,21156,18025,0.450000,-0.550000,0.300000,0.000000,1772830879122.837,0.437863,-0.565293,0.302650,0.000000,0.000000,0.000000,1.000000,position_only
2026-03-06T21:01:19.137218+00:00,1772830879137.217,0.441406,-0.565918,0.302979,-0.399658,-0.615234,1.066406,20840,19867,20513,18642,0.450000,-0.550000,0.300000,0.000000,1772830879131.318,0.437946,-0.565166,0.302624,0.000000,0.000000,0.000000,1.000000,position_only
2026-03-06T21:01:19.147225+00:00,1772830879147.224,0.441650,-0.565430,0.302979,-0.405518,-0.579590,1.065430,19558,21090,19096,20052,0.450000,-0.550000,0.300000,0.000000,1772830879140.020,0.438026,-0.564970,0.302661,0.000000,0.000000,0.000000,1.000000,position_only
2026-03-06T21:01:19.156391+00:00,1772830879156.390,0.441895,-0.565430,0.303223,-0.405518,-0.579102,1.042969,19783,20805,19296,19868,0.450000,-0.550000,0.300000,0.000000,1772830879148.529,0.438067,-0.564805,0.302678,0.000000,0.000000,0.000000,1.000000,position_only
2026-03-06T21:01:19.167267+00:00,1772830879167.267,0.441895,-0.564941,0.303223,-0.418457,-0.603516,1.046875,21777,18799,21201,17972,0.450000,-0.550000,0.300000,0.000000,1772830879165.555,0.438231,-0.564405,0.302703,0.000000,0.000000,0.000000,1.000000,position_only
2026-03-06T21:01:19.177594+00:00,1772830879177.594,0.442139,-0.564941,0.303223,-0.418701,-0.667969,1.083984,21517,19181,20606,18458,0.450000,-0.550000,0.300000,0.000000,1772830879174.056,0.438390,-0.564226,0.302708,0.000000,0.000000,0.000000,1.000000,position_only
2026-03-06T21:01:19.187386+00:00,1772830879187.385,0.442139,-0.564453,0.303223,-0.416260,-0.717285,1.090820,20027,20546,19397,19796,0.450000,-0.550000,0.300000,0.000000,1772830879182.600,0.438582,-0.563844,0.302740,0.000000,0.000000,0.000000,1.000000,position_only
2026-03-06T21:01:19.197154+00:00,1772830879197.154,0.442139,-0.564453,0.303223,-0.408203,-0.770508,1.071289,19503,21144,18499,20604,0.450000,-0.550000,0.300000,0.000000,1772830879191.102,0.438582,-0.563844,0.302740,0.000000,0.000000,0.000000,1.000000,position_only
2026-03-06T21:01:19.207644+00:00,1772830879207.643,0.442383,-0.563965,0.303223,-0.406982,-0.914551,1.058594,20920,19652,19813,19342,0.450000,-0.550000,0.300000,0.000000,1772830879199.615,0.438847,-0.563365,0.302729,0.000000,0.000000,0.000000,1.000000,position_only
2026-03-06T21:01:19.216984+00:00,1772830879216.983,0.442627,-0.563965,0.303223,-0.409180,-1.042969,1.084961,21776,18764,20911,18263,0.450000,-0.550000,0.300000,0.000000,1772830879208.125,0.438992,-0.563107,0.302768,0.000000,0.000000,0.000000,1.000000,position_only
2026-03-06T21:01:19.226768+00:00,1772830879226.767,0.442627,-0.563477,0.303223,-0.417725,-1.153320,1.107422,20742,19728,19809,19406,0.450000,-0.550000,0.300000,0.000000,1772830879225.696,0.439283,-0.562614,0.302772,0.000000,0.000000,0.000000,1.000000,position_only
2026-03-06T21:01:19.237209+00:00,1772830879237.208,0.442871,-0.562988,0.303223,-0.417725,-1.261719,1.093750,19998,20568,18950,20157,0.450000,-0.550000,0.300000,0.000000,1772830879234.445,0.439427,-0.562405,0.302791,0.000000,0.000000,0.000000,1.000000,position_only
2026-03-06T21:01:19.248307+00:00,1772830879248.306,0.443115,-0.562988,0.303223,-0.412842,-1.365234,1.085938,20802,19646,19855,19377,0.450000,-0.550000,0.300000,0.000000,1772830879243.010,0.439606,-0.562182,0.302788,0.000000,0.000000,0.000000,1.000000,position_only
2026-03-06T21:01:19.256010+00:00,1772830879256.010,0.443115,-0.562500,0.303223,-0.434814,-1.460938,1.094727,20883,19559,19733,19534,0.450000,-0.550000,0.300000,0.000000,1772830879251.532,0.439742,-0.561904,0.302812,0.000000,0.000000,0.000000,1.000000,position_only
2026-03-06T21:01:19.267396+00:00,1772830879267.395,0.443359,-0.562012,0.303223,-0.445557,-1.580078,1.103516,20873,19548,20043,19248,0.450000,-0.550000,0.300000,0.000000,1772830879260.033,0.439965,-0.561618,0.302803,0.000000,0.000000,0.000000,1.000000,position_only
2026-03-06T21:01:19.277616+00:00,1772830879277.615,0.443604,-0.562012,0.303223,-0.466797,-1.655273,1.103516,20296,20058,19450,19878,0.450000,-0.550000,0.300000,0.000000,1772830879277.021,0.440269,-0.561118,0.302850,0.000000,0.000000,0.000000,1.000000,position_only
2026-03-06T21:01:19.287126+00:00,1772830879287.125,0.443848,-0.561523,0.303223,-0.482666,-1.718750,1.098633,20699,19734,19911,19359,0.450000,-0.550000,0.300000,0.000000,1772830879285.534,0.440487,-0.560727,0.302869,0.000000,0.000000,0.000000,1.000000,position_only
2026-03-06T21:01:19.296897+00:00,1772830879296.896,0.444092,-0.561035,0.303223,-0.485596,-1.741211,1.108398,21020,19425,20408,18841,0.450000,-0.550000,0.300000,0.000000,1772830879294.092,0.440738,-0.560403,0.302860,0.000000,0.000000,0.000000,1.000000,position_only
2026-03-06T21:01:19.308231+00:00,1772830879308.229,0.444580,-0.561035,0.303223,-0.491943,-1.754883,1.117188,20513,19964,19681,19534,0.450000,-0.550000,0.300000,0.000000,1772830879302.645,0.440924,-0.560112,0.302845,0.000000,0.000000,0.000000,1.000000,position_only
2026-03-06T21:01:19.317418+00:00,1772830879317.417,0.444580,-0.560547,0.303223,-0.465332,-1.695312,1.124023,20474,20099,20110,19025,0.450000,-0.550000,0.300000,0.000000,1772830879311.147,0.441145,-0.559830,0.302829,0.000000,0.000000,0.000000,1.000000,position_only
2026-03-06T21:01:19.327434+00:00,1772830879327.433,0.444824,-0.560059,0.303223,-0.432129,-1.641602,1.131836,20362,20278,19715,19378,0.450000,-0.550000,0.300000,0.000000,1772830879319.654,0.441359,-0.559527,0.302850,0.000000,0.000000,0.000000,1.000000,position_only
2026-03-06T21:01:19.337454+00:00,1772830879337.453,0.445312,-0.559570,0.303223,-0.383545,-1.598633,1.125000,19833,20805,19064,20025,0.450000,-0.550000,0.300000,0.000000,1772830879336.902,0.441845,-0.558912,0.302814,0.000000,0.000000,0.000000,1.000000,position_only
2026-03-06T21:01:19.346354+00:00,1772830879346.353,0.445557,-0.559082,0.303223,-0.340820,-1.583008,1.119141,20428,20237,19629,19430,0.450000,-0.550000,0.300000,0.000000,1772830879345.449,0.442130,-0.558573,0.302843,0.000000,0.000000,0.000000,1.000000,position_only
2026-03-06T21:01:19.356985+00:00,1772830879356.985,0.446045,-0.558594,0.303223,-0.285156,-1.576172,1.125977,20855,19887,20006,18976,0.450000,-0.550000,0.300000,0.000000,1772830879353.966,0.442436,-0.558249,0.302842,0.000000,0.000000,0.000000,1.000000,position_only
2026-03-06T21:01:19.367364+00:00,1772830879367.364,0.445801,-0.558594,0.303223,-0.286133,-1.570312,1.126953,20586,20177,19608,19345,0.450000,-0.550000,0.300000,0.000000,1772830879362.586,0.442757,-0.557934,0.302854,0.000000,0.000000,0.000000,1.000000,position_only
2026-03-06T21:01:19.377367+00:00,1772830879377.366,0.446533,-0.558105,0.303223,-0.185303,-1.589844,1.127930,20699,19997,19558,19444,0.450000,-0.550000,0.300000,0.000000,1772830879371.136,0.443073,-0.557535,0.302871,0.000000,0.000000,0.000000,1.000000,position_only
2026-03-06T21:01:19.387312+00:00,1772830879387.312,0.447021,-0.557617,0.303223,-0.151001,-1.613281,1.136719,20674,20072,19722,19239,0.450000,-0.550000,0.300000,0.000000,1772830879379.685,0.443442,-0.557211,0.302833,0.000000,0.000000,0.000000,1.000000,position_only
2026-03-06T21:01:19.397368+00:00,1772830879397.367,0.447510,-0.557129,0.303223,-0.112244,-1.659180,1.129883,20210,20547,19018,19987,0.450000,-0.550000,0.300000,0.000000,1772830879396.839,0.444123,-0.556543,0.302908,0.000000,0.000000,0.000000,1.000000,position_only
2026-03-06T21:01:19.407581+00:00,1772830879407.580,0.447998,-0.556641,0.303223,-0.074036,-1.724609,1.113281,20213,20574,18936,20058,0.450000,-0.550000,0.300000,0.000000,1772830879405.488,0.444456,-0.556221,0.302907,0.000000,0.000000,0.000000,1.000000,position_only
2026-03-06T21:01:19.417607+00:00,1772830879417.607,0.448486,-0.556152,0.303223,-0.040924,-1.769531,1.121094,21210,19587,20136,18837,0.450000,-0.550000,0.300000,0.000000,1772830879414.073,0.444844,-0.555794,0.302911,0.000000,0.000000,0.000000,1.000000,position_only
2026-03-06T21:01:19.427412+00:00,1772830879427.411,0.448242,-0.556152,0.303223,-0.041718,-1.763672,1.122070,21057,19690,19846,19184,0.450000,-0.550000,0.300000,0.000000,1772830879422.535,0.445316,-0.555348,0.302925,0.000000,0.000000,0.000000,1.000000,position_only
2026-03-06T21:01:19.437107+00:00,1772830879437.107,0.449219,-0.555176,0.303223,0.021469,-1.789062,1.146484,20884,19933,19916,19047,0.450000,-0.550000,0.300000,0.000000,1772830879431.059,0.445697,-0.555033,0.302926,0.000000,0.000000,0.000000,1.000000,position_only
2026-03-06T21:01:19.447045+00:00,1772830879447.044,0.449951,-0.554688,0.303223,0.029572,-1.809570,1.139648,20068,20590,19068,20076,0.450000,-0.550000,0.300000,0.000000,1772830879439.706,0.446146,-0.554669,0.302890,0.000000,0.000000,0.000000,1.000000,position_only
2026-03-06T21:01:19.457014+00:00,1772830879457.013,0.450439,-0.554199,0.303223,0.004677,-1.813477,1.130859,20485,20148,19565,19623,0.450000,-0.550000,0.300000,0.000000,1772830879456.817,0.447076,-0.553971,0.302914,0.000000,0.000000,0.000000,1.000000,position_only
2026-03-06T21:01:19.467534+00:00,1772830879467.533,0.451172,-0.553711,0.303223,-0.002575,-1.823242,1.137695,20894,19833,19806,19320,0.450000,-0.550000,0.300000,0.000000,1772830879465.347,0.447642,-0.553565,0.302928,0.000000,0.000000,0.000000,1.000000,position_only
2026-03-06T21:01:19.477642+00:00,1772830879477.640,0.451660,-0.553711,0.303223,-0.018311,-1.822266,1.144531,20727,20008,19982,19151,0.450000,-0.550000,0.300000,0.000000,1772830879473.821,0.448057,-0.553198,0.302951,0.000000,0.000000,0.000000,1.000000,position_only
2026-03-06T21:01:19.487287+00:00,1772830879487.286,0.451416,-0.553711,0.303223,-0.018936,-1.816406,1.145508,20202,20464,19466,19759,0.450000,-0.550000,0.300000,0.000000,1772830879482.317,0.448583,-0.552777,0.302916,0.000000,0.000000,0.000000,1.000000,position_only
2026-03-06T21:01:19.497791+00:00,1772830879497.791,0.452881,-0.552734,0.303223,-0.019806,-1.744141,1.143555,20903,19943,20156,18902,0.450000,-0.550000,0.300000,0.000000,1772830879490.991,0.449595,-0.552068,0.302883,0.000000,0.000000,0.000000,1.000000,position_only
2026-03-06T21:01:19.507750+00:00,1772830879507.749,0.453613,-0.552246,0.303223,-0.036957,-1.708008,1.152344,20429,20311,19645,19537,0.450000,-0.550000,0.300000,0.000000,1772830879499.487,0.450184,-0.551636,0.302906,0.000000,0.000000,0.000000,1.000000,position_only
2026-03-06T21:01:19.517530+00:00,1772830879517.529,0.454346,-0.551758,0.303223,-0.040680,-1.671875,1.141602,20005,20709,19284,19939,0.450000,-0.550000,0.300000,0.000000,1772830879516.702,0.451288,-0.550847,0.302899,0.000000,0.000000,0.000000,1.000000,position_only
2026-03-06T21:01:19.527513+00:00,1772830879527.512,0.455078,-0.551270,0.303223,-0.055664,-1.636719,1.145508,20728,20054,19923,19208,0.450000,-0.550000,0.300000,0.000000,1772830879525.241,0.451901,-0.550440,0.302935,0.000000,0.000000,0.000000,1.000000,position_only
2026-03-06T21:01:19.537270+00:00,1772830879537.268,0.455811,-0.550781,0.303223,-0.047485,-1.621094,1.149414,20549,20128,19697,19493,0.450000,-0.550000,0.300000,0.000000,1772830879533.704,0.452458,-0.550100,0.302966,0.000000,0.000000,0.000000,1.000000,position_only
2026-03-06T21:01:19.547816+00:00,1772830879547.815,0.456299,-0.550293,0.303223,-0.071655,-1.610352,1.139648,19799,20882,18943,20206,0.450000,-0.550000,0.300000,0.000000,1772830879542.254,0.453170,-0.549662,0.303021,0.000000,0.000000,0.000000,1.000000,position_only
2026-03-06T21:01:19.557594+00:00,1772830879557.593,0.457275,-0.549805,0.303223,-0.090088,-1.582031,1.137695,20653,20027,19910,19221,0.450000,-0.550000,0.300000,0.000000,1772830879550.729,0.453777,-0.549262,0.303027,0.000000,0.000000,0.000000,1.000000,position_only
2026-03-06T21:01:19.567421+00:00,1772830879567.419,0.458008,-0.549316,0.303223,-0.101379,-1.569336,1.150391,21080,19573,20348,18778,0.450000,-0.550000,0.300000,0.000000,1772830879559.219,0.454425,-0.548841,0.303042,0.000000,0.000000,0.000000,1.000000,position_only
2026-03-06T21:01:19.577698+00:00,1772830879577.697,0.458984,-0.548828,0.303223,-0.114868,-1.547852,1.158203,20588,20103,19804,19263,0.450000,-0.550000,0.300000,0.000000,1772830879576.288,0.455052,-0.548461,0.303026,0.000000,0.000000,0.000000,1.000000,position_only
2026-03-06T21:01:19.587806+00:00,1772830879587.805,0.459717,-0.548340,0.303467,-0.137939,-1.541992,1.140625,19758,20837,19006,20126,0.450000,-0.550000,0.300000,0.000000,1772830879584.762,0.456482,-0.547595,0.303124,0.000000,0.000000,0.000000,1.000000,position_only
2026-03-06T21:01:19.597626+00:00,1772830879597.625,0.460693,-0.547852,0.303467,-0.154907,-1.525391,1.134766,20633,20044,19801,19192,0.450000,-0.550000,0.300000,0.000000,1772830879593.351,0.457124,-0.547182,0.303132,0.000000,0.000000,0.000000,1.000000,position_only
2026-03-06T21:01:19.607602+00:00,1772830879607.601,0.461182,-0.547363,0.303467,-0.162964,-1.480469,1.156250,21209,19338,20494,18575,0.450000,-0.550000,0.300000,0.000000,1772830879602.165,0.457819,-0.546792,0.303159,0.000000,0.000000,0.000000,1.000000,position_only
2026-03-06T21:01:19.617642+00:00,1772830879617.641,0.462158,-0.546387,0.303467,-0.172974,-1.450195,1.165039,20105,20552,19367,19586,0.450000,-0.550000,0.300000,0.000000,1772830879610.729,0.458597,-0.546383,0.303176,0.000000,0.000000,0.000000,1.000000,position_only
2026-03-06T21:01:19.627318+00:00,1772830879627.317,0.463135,-0.545898,0.303467,-0.185547,-1.420898,1.142578,19464,21168,18754,20237,0.450000,-0.550000,0.300000,0.000000,1772830879619.233,0.459326,-0.545906,0.303225,0.000000,0.000000,0.000000,1.000000,position_only
2026-03-06T21:01:19.637987+00:00,1772830879637.985,0.464111,-0.545410,0.303467,-0.194458,-1.392578,1.131836,20589,20105,19818,19112,0.450000,-0.550000,0.300000,0.000000,1772830879636.220,0.460767,-0.545070,0.303204,0.000000,0.000000,0.000000,1.000000,position_only
2026-03-06T21:01:19.647706+00:00,1772830879647.705,0.465088,-0.544922,0.303467,-0.191284,-1.373047,1.152344,21532,19192,20799,18116,0.450000,-0.550000,0.300000,0.000000,1772830879644.706,0.461591,-0.544608,0.303261,0.000000,0.000000,0.000000,1.000000,position_only
2026-03-06T21:01:19.658496+00:00,1772830879658.495,0.466064,-0.544434,0.303467,-0.197021,-1.358398,1.164062,20497,20180,19739,19264,0.450000,-0.550000,0.300000,0.000000,1772830879653.302,0.462386,-0.544187,0.303278,0.000000,0.000000,0.000000,1.000000,position_only
2026-03-06T21:01:19.666968+00:00,1772830879666.968,0.466797,-0.543945,0.303467,-0.204590,-1.336914,1.152344,19540,21188,18665,20335,0.450000,-0.550000,0.300000,0.000000,1772830879661.888,0.463112,-0.543731,0.303303,0.000000,0.000000,0.000000,1.000000,position_only
2026-03-06T21:01:19.677460+00:00,1772830879677.459,0.467773,-0.543457,0.303467,-0.197876,-1.328125,1.141602,20827,19977,20131,18847,0.450000,-0.550000,0.300000,0.000000,1772830879670.406,0.463926,-0.543278,0.303298,0.000000,0.000000,0.000000,1.000000,position_only
2026-03-06T21:01:19.688071+00:00,1772830879688.070,0.468750,-0.542969,0.303467,-0.202148,-1.308594,1.163086,21616,19139,20918,18120,0.450000,-0.550000,0.300000,0.000000,1772830879687.395,0.465659,-0.542417,0.303290,0.000000,0.000000,0.000000,1.000000,position_only
2026-03-06T21:01:19.697695+00:00,1772830879697.694,0.469727,-0.542480,0.303467,-0.202637,-1.283203,1.185547,20605,20248,19824,19130,0.450000,-0.550000,0.300000,0.000000,1772830879696.033,0.466428,-0.541934,0.303332,0.000000,0.000000,0.000000,1.000000,position_only
2026-03-06T21:01:19.707533+00:00,1772830879707.531,0.470947,-0.541992,0.303467,-0.217163,-1.229492,1.175781,19925,20823,19518,19555,0.450000,-0.550000,0.300000,0.000000,1772830879704.586,0.467272,-0.541574,0.303311,0.000000,0.000000,0.000000,1.000000,position_only
2026-03-06T21:01:19.718993+00:00,1772830879718.992,0.471924,-0.541504,0.303467,-0.224121,-1.154297,1.176758,20202,20582,19562,19509,0.450000,-0.550000,0.300000,0.000000,1772830879713.099,0.468079,-0.541034,0.303345,0.000000,0.000000,0.000000,1.000000,position_only
2026-03-06T21:01:19.727576+00:00,1772830879727.576,0.472656,-0.540527,0.303467,-0.230225,-1.115234,1.183594,20725,20129,20157,18860,0.450000,-0.550000,0.300000,0.000000,1772830879721.589,0.468904,-0.540566,0.303316,0.000000,0.000000,0.000000,1.000000,position_only
2026-03-06T21:01:19.736968+00:00,1772830879736.968,0.473877,-0.540039,0.303467,-0.233276,-1.095703,1.183594,20277,20599,19692,19330,0.450000,-0.550000,0.300000,0.000000,1772830879730.191,0.469774,-0.540111,0.303312,0.000000,0.000000,0.000000,1.000000,position_only
2026-03-06T21:01:19.747536+00:00,1772830879747.534,0.474854,-0.539551,0.303467,-0.244629,-1.075195,1.183594,20493,20379,19903,19162,0.450000,-0.550000,0.300000,0.000000,1772830879747.225,0.471446,-0.539101,0.303384,0.000000,0.000000,0.000000,1.000000,position_only
2026-03-06T21:01:19.757698+00:00,1772830879757.698,0.475830,-0.539062,0.303467,-0.262207,-1.063477,1.194336,21149,19774,20571,18454,0.450000,-0.550000,0.300000,0.000000,1772830879755.738,0.472373,-0.538660,0.303339,0.000000,0.000000,0.000000,1.000000,position_only
2026-03-06T21:01:19.767543+00:00,1772830879767.542,0.477051,-0.538574,0.303467,-0.283936,-1.083008,1.199219,20442,20330,19724,19442,0.450000,-0.550000,0.300000,0.000000,1772830879764.349,0.473302,-0.538157,0.303339,0.000000,0.000000,0.000000,1.000000,position_only
2026-03-06T21:01:19.778082+00:00,1772830879778.082,0.476807,-0.538574,0.303467,-0.284424,-1.076172,1.199219,20760,20034,20090,19027,0.450000,-0.550000,0.300000,0.000000,1772830879773.062,0.474202,-0.537615,0.303320,0.000000,0.000000,0.000000,1.000000,position_only
2026-03-06T21:01:19.787830+00:00,1772830879787.829,0.479004,-0.537109,0.303467,-0.348633,-1.158203,1.209961,20989,19782,20207,18928,0.450000,-0.550000,0.300000,0.000000,1772830879781.756,0.475095,-0.537053,0.303361,0.000000,0.000000,0.000000,1.000000,position_only
2026-03-06T21:01:19.798362+00:00,1772830879798.362,0.479980,-0.536621,0.303467,-0.371094,-1.189453,1.220703,20593,20264,20006,19063,0.450000,-0.550000,0.300000,0.000000,1772830879790.320,0.476067,-0.536635,0.303356,0.000000,0.000000,0.000000,1.000000,position_only
2026-03-06T21:01:19.808387+00:00,1772830879808.386,0.481201,-0.536133,0.303467,-0.396729,-1.200195,1.223633,20811,20000,20003,19145,0.450000,-0.550000,0.300000,0.000000,1772830879807.588,0.478880,-0.534956,0.303381,0.000000,0.000000,0.000000,1.000000,position_only
2026-03-06T21:01:19.817705+00:00,1772830879817.705,0.482422,-0.535156,0.303467,-0.422363,-1.257812,1.224609,20488,20321,19738,19446,0.450000,-0.550000,0.300000,0.000000,1772830879816.139,0.479787,-0.534443,0.303332,0.000000,0.000000,0.000000,1.000000,position_only
2026-03-06T21:01:19.827552+00:00,1772830879827.552,0.483643,-0.534668,0.303467,-0.461914,-1.314453,1.219727,20316,20449,19569,19651,0.450000,-0.550000,0.300000,0.000000,1772830879824.588,0.480807,-0.533797,0.303349,0.000000,0.000000,0.000000,1.000000,position_only
2026-03-06T21:01:19.838069+00:00,1772830879838.069,0.484619,-0.534180,0.303467,-0.492676,-1.347656,1.227539,21033,19810,20355,18764,0.450000,-0.550000,0.300000,0.000000,1772830879833.376,0.481822,-0.533308,0.303404,0.000000,0.000000,0.000000,1.000000,position_only
2026-03-06T21:01:19.847314+00:00,1772830879847.314,0.485840,-0.533203,0.303467,-0.530762,-1.387695,1.235352,20657,20056,20058,19160,0.450000,-0.550000,0.300000,0.000000,1772830879841.888,0.482717,-0.532768,0.303411,0.000000,0.000000,0.000000,1.000000,position_only
2026-03-06T21:01:19.858340+00:00,1772830879858.339,0.487061,-0.532715,0.303467,-0.561523,-1.419922,1.231445,20377,20350,19787,19369,0.450000,-0.550000,0.300000,0.000000,1772830879850.379,0.483765,-0.532113,0.303400,0.000000,0.000000,0.000000,1.000000,position_only
2026-03-06T21:01:19.867501+00:00,1772830879867.500,0.488525,-0.531738,0.303467,-0.583008,-1.432617,1.230469,20279,20350,19766,19468,0.450000,-0.550000,0.300000,0.000000,1772830879867.417,0.485679,-0.530988,0.303461,0.000000,0.000000,0.000000,1.000000,position_only
2026-03-06T21:01:19.877419+00:00,1772830879877.418,0.489746,-0.531250,0.303467,-0.610840,-1.431641,1.238281,20707,20039,20188,18905,0.450000,-0.550000,0.300000,0.000000,1772830879875.879,0.486832,-0.530363,0.303464,0.000000,0.000000,0.000000,1.000000,position_only
2026-03-06T21:01:19.887568+00:00,1772830879887.568,0.490967,-0.530273,0.303467,-0.644531,-1.410156,1.244141,20297,20408,19881,19258,0.450000,-0.550000,0.300000,0.000000,1772830879884.408,0.486832,-0.530363,0.303464,0.000000,0.000000,0.000000,1.000000,position_only
2026-03-06T21:01:19.897438+00:00,1772830879897.436,0.490723,-0.530273,0.303467,-0.645020,-1.403320,1.245117,20049,20627,19745,19413,0.450000,-0.550000,0.300000,0.000000,1772830879893.009,0.488786,-0.529129,0.303449,0.000000,0.000000,0.000000,1.000000,position_only
2026-03-06T21:01:19.908378+00:00,1772830879908.377,0.493408,-0.528809,0.303711,-0.688477,-1.351562,1.236328,20418,20240,20043,19090,0.450000,-0.550000,0.300000,0.000000,1772830879901.508,0.489944,-0.528501,0.303499,0.000000,0.000000,0.000000,1.000000,position_only
2026-03-06T21:01:19.918340+00:00,1772830879918.339,0.494629,-0.528320,0.303711,-0.721191,-1.325195,1.236328,20023,20583,19727,19415,0.450000,-0.550000,0.300000,0.000000,1772830879910.102,0.490921,-0.527809,0.303509,0.000000,0.000000,0.000000,1.000000,position_only
2026-03-06T21:01:19.928184+00:00,1772830879928.183,0.496094,-0.527344,0.303711,-0.752441,-1.305664,1.237305,20273,20170,20011,19243,0.450000,-0.550000,0.300000,0.000000,1772830879927.433,0.493146,-0.526514,0.303530,0.000000,0.000000,0.000000,1.000000,position_only
2026-03-06T21:01:19.937434+00:00,1772830879937.433,0.497314,-0.526367,0.303711,-0.795410,-1.311523,1.245117,20467,19975,20271,18949,0.450000,-0.550000,0.300000,0.000000,1772830879935.914,0.494155,-0.525814,0.303529,0.000000,0.000000,0.000000,1.000000,position_only
2026-03-06T21:01:19.948047+00:00,1772830879948.046,0.498779,-0.525879,0.303711,-0.853516,-1.287109,1.250000,19856,20428,19881,19469,0.450000,-0.550000,0.300000,0.000000,1772830879944.439,0.495318,-0.525172,0.303580,0.000000,0.000000,0.000000,1.000000,position_only
2026-03-06T21:01:19.958368+00:00,1772830879958.368,0.498535,-0.525879,0.303711,-0.854492,-1.281250,1.250000,19820,20503,19876,19391,0.450000,-0.550000,0.300000,0.000000,1772830879952.873,0.496384,-0.524414,0.303629,0.000000,0.000000,0.000000,1.000000,position_only
2026-03-06T21:01:19.967576+00:00,1772830879967.575,0.500977,-0.523926,0.303711,-0.957031,-1.237305,1.241211,20036,20275,20061,19198,0.450000,-0.550000,0.300000,0.000000,1772830879961.587,0.497513,-0.523721,0.303554,0.000000,0.000000,0.000000,1.000000,position_only
2026-03-06T21:01:19.978199+00:00,1772830879978.198,0.502441,-0.522949,0.303711,-0.994629,-1.210938,1.248047,20542,19850,20639,18503,0.450000,-0.550000,0.300000,0.000000,1772830879970.064,0.498706,-0.522966,0.303574,0.000000,0.000000,0.000000,1.000000,position_only
2026-03-06T21:01:19.987378+00:00,1772830879987.377,0.503906,-0.522461,0.303955,-1.018555,-1.171875,1.257812,20093,20287,20057,19096,0.450000,-0.550000,0.300000,0.000000,1772830879987.041,0.500926,-0.521482,0.303629,0.000000,0.000000,0.000000,1.000000,position_only
2026-03-06T21:01:19.998139+00:00,1772830879998.138,0.505371,-0.521484,0.303955,-1.016602,-1.129883,1.256836,19902,20536,19953,19136,0.450000,-0.550000,0.300000,0.000000,1772830879995.529,0.502104,-0.520714,0.303607,0.000000,0.000000,0.000000,1.000000,position_only
2026-03-06T21:01:20.009638+00:00,1772830880009.637,0.506836,-0.520508,0.303955,-1.002930,-1.135742,1.248047,19715,20810,19487,19509,0.450000,-0.550000,0.300000,0.000000,1772830880004.213,0.503201,-0.520017,0.303580,0.000000,0.000000,0.000000,1.000000,position_only
2026-03-06T21:01:20.017533+00:00,1772830880017.531,0.506836,-0.520508,0.303955,-1.003906,-1.128906,1.248047,20260,20275,19962,18983,0.450000,-0.550000,0.300000,0.000000,1772830880012.757,0.504416,-0.519224,0.303633,0.000000,0.000000,0.000000,1.000000,position_only
2026-03-06T21:01:20.027474+00:00,1772830880027.473,0.509277,-0.518555,0.303955,-0.940430,-1.155273,1.250977,20218,20299,19927,19049,0.450000,-0.550000,0.300000,0.000000,1772830880021.252,0.505490,-0.518391,0.303600,0.000000,0.000000,0.000000,1.000000,position_only
2026-03-06T21:01:20.038719+00:00,1772830880038.718,0.510742,-0.517578,0.303955,-0.907227,-1.204102,1.251953,20347,20225,19855,19063,0.450000,-0.550000,0.300000,0.000000,1772830880038.287,0.507913,-0.516759,0.303542,0.000000,0.000000,0.000000,1.000000,position_only
2026-03-06T21:01:20.048657+00:00,1772830880048.656,0.512207,-0.516602,0.303955,-0.880371,-1.277344,1.250000,20014,20447,19614,19416,0.450000,-0.550000,0.300000,0.000000,1772830880046.983,0.509057,-0.515946,0.303564,0.000000,0.000000,0.000000,1.000000,position_only
2026-03-06T21:01:20.058598+00:00,1772830880058.598,0.513672,-0.515625,0.303955,-0.848145,-1.335938,1.244141,20177,20389,19729,19218,0.450000,-0.550000,0.300000,0.000000,1772830880055.461,0.510324,-0.515128,0.303579,0.000000,0.000000,0.000000,1.000000,position_only
2026-03-06T21:01:20.068967+00:00,1772830880068.966,0.515137,-0.514648,0.303955,-0.818359,-1.384766,1.251953,20548,19974,19952,19090,0.450000,-0.550000,0.300000,0.000000,1772830880063.959,0.511495,-0.514235,0.303489,0.000000,0.000000,0.000000,1.000000,position_only
2026-03-06T21:01:20.078268+00:00,1772830880078.268,0.516602,-0.513672,0.303955,-0.784668,-1.473633,1.249023,20316,20281,19766,19230,0.450000,-0.550000,0.300000,0.000000,1772830880072.438,0.512819,-0.513400,0.303503,0.000000,0.000000,0.000000,1.000000,position_only
2026-03-06T21:01:20.088173+00:00,1772830880088.172,0.518066,-0.512207,0.303955,-0.763672,-1.506836,1.257812,20560,20029,20290,18746,0.450000,-0.550000,0.300000,0.000000,1772830880080.940,0.514028,-0.512490,0.303461,0.000000,0.000000,0.000000,1.000000,position_only
2026-03-06T21:01:20.098417+00:00,1772830880098.416,0.519531,-0.511230,0.303955,-0.754395,-1.561523,1.258789,20292,20216,20016,19150,0.450000,-0.550000,0.300000,0.000000,1772830880098.095,0.516619,-0.510732,0.303352,0.000000,0.000000,0.000000,1.000000,position_only
2026-03-06T21:01:20.107990+00:00,1772830880107.989,0.521484,-0.510254,0.303955,-0.744141,-1.570312,1.259766,20006,20552,19897,19289,0.450000,-0.550000,0.300000,0.000000,1772830880106.645,0.517875,-0.509839,0.303329,0.000000,0.000000,0.000000,1.000000,position_only
2026-03-06T21:01:20.118146+00:00,1772830880118.145,0.522949,-0.509277,0.303955,-0.736328,-1.588867,1.250977,19810,20796,19502,19684,0.450000,-0.550000,0.300000,0.000000,1772830880115.157,0.519259,-0.508920,0.303269,0.000000,0.000000,0.000000,1.000000,position_only
2026-03-06T21:01:20.129001+00:00,1772830880129.000,0.522461,-0.509277,0.303711,-0.736816,-1.583008,1.251953,20357,20250,20292,18927,0.450000,-0.550000,0.300000,0.000000,1772830880123.587,0.520486,-0.508011,0.303202,0.000000,0.000000,0.000000,1.000000,position_only
2026-03-06T21:01:20.138812+00:00,1772830880138.811,0.525879,-0.506836,0.303711,-0.743652,-1.621094,1.258789,20344,20225,20163,19117,0.450000,-0.550000,0.300000,0.000000,1772830880132.080,0.521844,-0.507036,0.303197,0.000000,0.000000,0.000000,1.000000,position_only
2026-03-06T21:01:20.148814+00:00,1772830880148.813,0.527344,-0.505859,0.303711,-0.742188,-1.650391,1.262695,20240,20345,20054,19250,0.450000,-0.550000,0.300000,0.000000,1772830880140.803,0.524555,-0.505113,0.303093,0.000000,0.000000,0.000000,1.000000,position_only
2026-03-06T21:01:20.158981+00:00,1772830880158.981,0.529297,-0.504395,0.303711,-0.741699,-1.691406,1.256836,19810,20929,19488,19722,0.450000,-0.550000,0.300000,0.000000,1772830880157.819,0.527306,-0.503087,0.303003,0.000000,0.000000,0.000000,1.000000,position_only
2026-03-06T21:01:20.167994+00:00,1772830880167.994,0.530762,-0.503418,0.303711,-0.719238,-1.727539,1.255859,20455,20236,20197,19075,0.450000,-0.550000,0.300000,0.000000,1772830880166.314,0.528605,-0.502096,0.302997,0.000000,0.000000,0.000000,1.000000,position_only
2026-03-06T21:01:20.178659+00:00,1772830880178.658,0.532715,-0.501953,0.303467,-0.703613,-1.763672,1.262695,20508,20179,20182,19136,0.450000,-0.550000,0.300000,0.000000,1772830880174.829,0.530143,-0.501088,0.302924,0.000000,0.000000,0.000000,1.000000,position_only
2026-03-06T21:01:20.188351+00:00,1772830880188.349,0.534180,-0.500488,0.303467,-0.692871,-1.798828,1.271484,21111,19700,20975,18255,0.450000,-0.550000,0.300000,0.000000,1772830880183.442,0.531477,-0.500133,0.302904,0.000000,0.000000,0.000000,1.000000,position_only
2026-03-06T21:01:20.197967+00:00,1772830880197.966,0.536133,-0.499512,0.303467,-0.663086,-1.854492,1.271484,20102,20712,19564,19658,0.450000,-0.550000,0.300000,0.000000,1772830880191.941,0.531477,-0.500133,0.302904,0.000000,0.000000,0.000000,1.000000,position_only
2026-03-06T21:01:20.208710+00:00,1772830880208.708,0.538086,-0.498291,0.303467,-0.652832,-1.932617,1.260742,20078,20574,19467,19945,0.450000,-0.550000,0.300000,0.000000,1772830880200.435,0.534406,-0.498134,0.302839,0.000000,0.000000,0.000000,1.000000,position_only
2026-03-06T21:01:20.218561+00:00,1772830880218.560,0.539551,-0.496826,0.303223,-0.632812,-1.982422,1.276367,21340,19459,20992,18286,0.450000,-0.550000,0.300000,0.000000,1772830880217.417,0.537391,-0.495958,0.302817,0.000000,0.000000,0.000000,1.000000,position_only
2026-03-06T21:01:20.228593+00:00,1772830880228.592,0.541504,-0.495605,0.303223,-0.634766,-2.017578,1.291992,20522,20168,20195,19186,0.450000,-0.550000,0.300000,0.000000,1772830880225.939,0.538957,-0.494922,0.302770,0.000000,0.000000,0.000000,1.000000,position_only
2026-03-06T21:01:20.239601+00:00,1772830880239.600,0.543457,-0.494385,0.303223,-0.651855,-2.066406,1.280273,19667,20924,19363,20124,0.450000,-0.550000,0.300000,0.000000,1772830880234.596,0.540345,-0.493816,0.302754,0.000000,0.000000,0.000000,1.000000,position_only
2026-03-06T21:01:20.248716+00:00,1772830880248.715,0.545410,-0.492920,0.303223,-0.650391,-2.083984,1.272461,20560,20151,20243,19107,0.450000,-0.550000,0.300000,0.000000,1772830880243.072,0.541952,-0.492747,0.302794,0.000000,0.000000,0.000000,1.000000,position_only
2026-03-06T21:01:20.258601+00:00,1772830880258.601,0.547363,-0.491455,0.303223,-0.653320,-2.068359,1.291992,21022,19634,20922,18444,0.450000,-0.550000,0.300000,0.000000,1772830880251.587,0.543498,-0.491603,0.302717,0.000000,0.000000,0.000000,1.000000,position_only
2026-03-06T21:01:20.268269+00:00,1772830880268.268,0.549316,-0.490234,0.303223,-0.636230,-2.042969,1.302734,20199,20447,20132,19222,0.450000,-0.550000,0.300000,0.000000,1772830880260.138,0.545027,-0.490552,0.302781,0.000000,0.000000,0.000000,1.000000,position_only
2026-03-06T21:01:20.279198+00:00,1772830880279.197,0.551270,-0.488770,0.303223,-0.615723,-2.019531,1.291016,19793,20962,19552,19674,0.450000,-0.550000,0.300000,0.000000,1772830880277.511,0.548237,-0.488379,0.302673,0.000000,0.000000,0.000000,1.000000,position_only
2026-03-06T21:01:20.288713+00:00,1772830880288.712,0.553223,-0.487549,0.303223,-0.579590,-1.954102,1.291992,20324,20514,20195,18912,0.450000,-0.550000,0.300000,0.000000,1772830880285.995,0.549954,-0.487121,0.302755,0.000000,0.000000,0.000000,1.000000,position_only
2026-03-06T21:01:20.298994+00:00,1772830880298.993,0.555176,-0.486084,0.303223,-0.553711,-1.921875,1.294922,20438,20300,20125,19086,0.450000,-0.550000,0.300000,0.000000,1772830880294.530,0.551514,-0.486158,0.302631,0.000000,0.000000,0.000000,1.000000,position_only
2026-03-06T21:01:20.308605+00:00,1772830880308.604,0.555176,-0.486084,0.303223,-0.553711,-1.916016,1.296875,20331,20426,20160,18958,0.450000,-0.550000,0.300000,0.000000,1772830880303.486,0.553223,-0.484986,0.302681,0.000000,0.000000,0.000000,1.000000,position_only
2026-03-06T21:01:20.319096+00:00,1772830880319.095,0.559082,-0.483398,0.303223,-0.494629,-1.869141,1.297852,20127,20565,19751,19358,0.450000,-0.550000,0.300000,0.000000,1772830880311.971,0.554884,-0.483806,0.302694,0.000000,0.000000,0.000000,1.000000,position_only
2026-03-06T21:01:20.329157+00:00,1772830880329.157,0.561035,-0.481934,0.303223,-0.479980,-1.873047,1.291992,20083,20554,19764,19348,0.450000,-0.550000,0.300000,0.000000,1772830880329.028,0.558357,-0.481448,0.302707,0.000000,0.000000,0.000000,1.000000,position_only
2026-03-06T21:01:20.338824+00:00,1772830880338.823,0.563477,-0.480469,0.303223,-0.458008,-1.869141,1.297852,20710,19974,20317,18719,0.450000,-0.550000,0.300000,0.000000,1772830880337.958,0.560021,-0.480256,0.302703,0.000000,0.000000,0.000000,1.000000,position_only
2026-03-06T21:01:20.349359+00:00,1772830880349.359,0.565430,-0.479248,0.303223,-0.446045,-1.873047,1.314453,20885,19765,20557,18489,0.450000,-0.550000,0.300000,0.000000,1772830880346.491,0.561805,-0.479129,0.302728,0.000000,0.000000,0.000000,1.000000,position_only
2026-03-06T21:01:20.359345+00:00,1772830880359.344,0.567383,-0.477783,0.303223,-0.452637,-1.863281,1.318359,19871,20634,19487,19676,0.450000,-0.550000,0.300000,0.000000,1772830880354.958,0.563575,-0.477866,0.302693,0.000000,0.000000,0.000000,1.000000,position_only
2026-03-06T21:01:20.369296+00:00,1772830880369.296,0.567383,-0.477783,0.303223,-0.452637,-1.863281,1.318359,20008,20648,19863,19142,0.450000,-0.550000,0.300000,0.000000,1772830880363.471,0.565300,-0.476793,0.302681,0.000000,0.000000,0.000000,1.000000,position_only
2026-03-06T21:01:20.379148+00:00,1772830880379.147,0.571777,-0.474854,0.303223,-0.439209,-1.791016,1.312500,20202,20331,19962,19170,0.450000,-0.550000,0.300000,0.000000,1772830880372.324,0.567177,-0.475411,0.302744,0.000000,0.000000,0.000000,1.000000,position_only
2026-03-06T21:01:20.388272+00:00,1772830880388.271,0.573730,-0.473389,0.303223,-0.441650,-1.785156,1.319336,20707,19902,20464,18556,0.450000,-0.550000,0.300000,0.000000,1772830880380.761,0.569008,-0.474312,0.302719,0.000000,0.000000,0.000000,1.000000,position_only
2026-03-06T21:01:20.399677+00:00,1772830880399.676,0.576172,-0.471924,0.303223,-0.450928,-1.791016,1.321289,20157,20407,19830,19217,0.450000,-0.550000,0.300000,0.000000,1772830880398.034,0.572696,-0.471813,0.302805,0.000000,0.000000,0.000000,1.000000,position_only
2026-03-06T21:01:20.410130+00:00,1772830880410.129,0.578125,-0.470459,0.303223,-0.439453,-1.784180,1.321289,20362,20305,20130,18781,0.450000,-0.550000,0.300000,0.000000,1772830880406.588,0.574507,-0.470707,0.302788,0.000000,0.000000,0.000000,1.000000,position_only
2026-03-06T21:01:20.419025+00:00,1772830880419.024,0.580566,-0.469238,0.303467,-0.420166,-1.732422,1.333008,20425,20231,20053,18843,0.450000,-0.550000,0.300000,0.000000,1772830880415.082,0.576359,-0.469385,0.302792,0.000000,0.000000,0.000000,1.000000,position_only
2026-03-06T21:01:20.429272+00:00,1772830880429.271,0.580078,-0.469238,0.303223,-0.419922,-1.725586,1.333984,20152,20476,19887,18990,0.450000,-0.550000,0.300000,0.000000,1772830880424.060,0.578235,-0.468141,0.302895,0.000000,0.000000,0.000000,1.000000,position_only
2026-03-06T21:01:20.439461+00:00,1772830880439.460,0.584961,-0.466064,0.303467,-0.391113,-1.706055,1.336914,20371,20258,19974,18839,0.450000,-0.550000,0.300000,0.000000,1772830880432.670,0.582064,-0.465650,0.302924,0.000000,0.000000,0.000000,1.000000,position_only
2026-03-06T21:01:20.449340+00:00,1772830880449.340,0.587402,-0.464600,0.303467,-0.369629,-1.703125,1.342773,20658,20013,20262,18439,0.450000,-0.550000,0.300000,0.000000,1772830880441.147,0.583990,-0.464378,0.302943,0.000000,0.000000,0.000000,1.000000,position_only
2026-03-06T21:01:20.458459+00:00,1772830880458.458,0.589844,-0.462891,0.303467,-0.341064,-1.704102,1.354492,20645,20029,20103,18515,0.450000,-0.550000,0.300000,0.000000,1772830880458.155,0.587957,-0.461931,0.302965,0.000000,0.000000,0.000000,1.000000,position_only
2026-03-06T21:01:20.469464+00:00,1772830880469.464,0.592285,-0.461426,0.303467,-0.306885,-1.731445,1.347656,19908,20769,19109,19453,0.450000,-0.550000,0.300000,0.000000,1772830880466.645,0.589879,-0.460609,0.303020,0.000000,0.000000,0.000000,1.000000,position_only
2026-03-06T21:01:20.479297+00:00,1772830880479.297,0.594727,-0.459961,0.303711,-0.280518,-1.791016,1.339844,20252,20295,19465,19177,0.450000,-0.550000,0.300000,0.000000,1772830880475.161,0.591881,-0.459348,0.303018,0.000000,0.000000,0.000000,1.000000,position_only
2026-03-06T21:01:20.489172+00:00,1772830880489.171,0.594727,-0.459717,0.303711,-0.280518,-1.791016,1.339844,20799,19667,20183,18507,0.450000,-0.550000,0.300000,0.000000,1772830880483.794,0.591881,-0.459348,0.303018,0.000000,0.000000,0.000000,1.000000,position_only
2026-03-06T21:01:20.499441+00:00,1772830880499.440,0.599609,-0.456787,0.303711,-0.272949,-1.844727,1.366211,20590,20014,19935,18622,0.450000,-0.550000,0.300000,0.000000,1772830880492.389,0.595967,-0.456670,0.303099,0.000000,0.000000,0.000000,1.000000,position_only
2026-03-06T21:01:20.509203+00:00,1772830880509.201,0.602051,-0.455078,0.303711,-0.276367,-1.873047,1.367188,20323,20149,19729,18992,0.450000,-0.550000,0.300000,0.000000,1772830880501.024,0.597970,-0.455512,0.303137,0.000000,0.000000,0.000000,1.000000,position_only
2026-03-06T21:01:20.519058+00:00,1772830880519.058,0.604492,-0.453613,0.303711,-0.305420,-1.914062,1.361328,19976,20452,19201,19559,0.450000,-0.550000,0.300000,0.000000,1772830880518.235,0.602212,-0.452824,0.303319,0.000000,0.000000,0.000000,1.000000,position_only
2026-03-06T21:01:20.529834+00:00,1772830880529.833,0.607422,-0.451904,0.303955,-0.332520,-1.958008,1.367188,20937,19542,20227,18485,0.450000,-0.550000,0.300000,0.000000,1772830880526.712,0.604373,-0.451709,0.303227,0.000000,0.000000,0.000000,1.000000,position_only
2026-03-06T21:01:20.540123+00:00,1772830880540.122,0.609375,-0.450439,0.303955,-0.341553,-1.941406,1.399414,21592,18991,21072,17515,0.450000,-0.550000,0.300000,0.000000,1772830880535.220,0.606384,-0.450332,0.303295,0.000000,0.000000,0.000000,1.000000,position_only
2026-03-06T21:01:20.549252+00:00,1772830880549.251,0.612305,-0.448730,0.303955,-0.357910,-1.922852,1.408203,19959,20489,19339,19388,0.450000,-0.550000,0.300000,0.000000,1772830880543.812,0.608548,-0.449020,0.303386,0.000000,0.000000,0.000000,1.000000,position_only
2026-03-06T21:01:20.559304+00:00,1772830880559.303,0.615234,-0.447021,0.303955,-0.380615,-1.905273,1.393555,19447,21040,19102,19639,0.450000,-0.550000,0.300000,0.000000,1772830880552.300,0.610720,-0.447627,0.303433,0.000000,0.000000,0.000000,1.000000,position_only
2026-03-06T21:01:20.569980+00:00,1772830880569.980,0.617676,-0.445557,0.303955,-0.401123,-1.837891,1.397461,20784,19748,20450,18290,0.450000,-0.550000,0.300000,0.000000,1772830880569.271,0.614956,-0.445031,0.303474,0.000000,0.000000,0.000000,1.000000,position_only
2026-03-06T21:01:20.579575+00:00,1772830880579.575,0.620605,-0.443848,0.303955,-0.435547,-1.766602,1.424805,20914,19527,20753,18109,0.450000,-0.550000,0.300000,0.000000,1772830880578.150,0.617164,-0.443632,0.303555,0.000000,0.000000,0.000000,1.000000,position_only
2026-03-06T21:01:20.589582+00:00,1772830880589.581,0.623047,-0.442139,0.303955,-0.467773,-1.673828,1.437500,20427,20022,20333,18520,0.450000,-0.550000,0.300000,0.000000,1772830880586.806,0.619324,-0.442327,0.303581,0.000000,0.000000,0.000000,1.000000,position_only
2026-03-06T21:01:20.600277+00:00,1772830880600.276,0.625488,-0.440674,0.303955,-0.514160,-1.567383,1.436523,19570,20842,19654,19218,0.450000,-0.550000,0.300000,0.000000,1772830880595.281,0.621467,-0.440928,0.303585,0.000000,0.000000,0.000000,1.000000,position_only
2026-03-06T21:01:20.609215+00:00,1772830880609.214,0.625488,-0.440674,0.303955,-0.514160,-1.567383,1.436523,20483,20037,20505,18255,0.450000,-0.550000,0.300000,0.000000,1772830880603.760,0.623675,-0.439644,0.303590,0.000000,0.000000,0.000000,1.000000,position_only
2026-03-06T21:01:20.619998+00:00,1772830880619.997,0.630859,-0.437500,0.304199,-0.570312,-1.345703,1.464844,20912,19645,20856,17855,0.450000,-0.550000,0.300000,0.000000,1772830880612.353,0.625831,-0.438171,0.303704,0.000000,0.000000,0.000000,1.000000,position_only
2026-03-06T21:01:20.629833+00:00,1772830880629.833,0.633789,-0.435791,0.304199,-0.584473,-1.249023,1.478516,20140,20363,20162,18574,0.450000,-0.550000,0.300000,0.000000,1772830880629.585,0.630312,-0.435459,0.303685,0.000000,0.000000,0.000000,1.000000,position_only
2026-03-06T21:01:20.639050+00:00,1772830880639.049,0.636230,-0.434082,0.304199,-0.583984,-1.162109,1.479492,19917,20688,19774,18851,0.450000,-0.550000,0.300000,0.000000,1772830880638.092,0.632619,-0.433965,0.303737,0.000000,0.000000,0.000000,1.000000,position_only
2026-03-06T21:01:20.649424+00:00,1772830880649.424,0.639160,-0.432373,0.304199,-0.572754,-1.062500,1.488281,20507,20165,20413,18088,0.450000,-0.550000,0.300000,0.000000,1772830880646.644,0.634817,-0.432604,0.303741,0.000000,0.000000,0.000000,1.000000,position_only
2026-03-06T21:01:20.660119+00:00,1772830880660.119,0.642090,-0.430664,0.304199,-0.552246,-0.991211,1.507812,20701,19951,20474,18015,0.450000,-0.550000,0.300000,0.000000,1772830880655.189,0.637022,-0.431136,0.303877,0.000000,0.000000,0.000000,1.000000,position_only
2026-03-06T21:01:20.670044+00:00,1772830880670.044,0.644531,-0.428955,0.304199,-0.537109,-0.948242,1.519531,20451,20193,20220,18229,0.450000,-0.550000,0.300000,0.000000,1772830880663.768,0.639341,-0.429781,0.303869,0.000000,0.000000,0.000000,1.000000,position_only
2026-03-06T21:01:20.679839+00:00,1772830880679.839,0.646973,-0.427246,0.304443,-0.524902,-0.936035,1.525391,20314,20260,19839,18631,0.450000,-0.550000,0.300000,0.000000,1772830880672.360,0.641549,-0.428348,0.303935,0.000000,0.000000,0.000000,1.000000,position_only
2026-03-06T21:01:20.690024+00:00,1772830880690.024,0.649902,-0.425537,0.304443,-0.516602,-0.964844,1.526367,20234,20382,19719,18694,0.450000,-0.550000,0.300000,0.000000,1772830880689.314,0.646167,-0.425534,0.304109,0.000000,0.000000,0.000000,1.000000,position_only
2026-03-06T21:01:20.699570+00:00,1772830880699.569,0.652832,-0.423828,0.304443,-0.504395,-1.005859,1.532227,20961,19729,20244,18066,0.450000,-0.550000,0.300000,0.000000,1772830880697.792,0.648520,-0.424062,0.304106,0.000000,0.000000,0.000000,1.000000,position_only
2026-03-06T21:01:20.709403+00:00,1772830880709.402,0.655762,-0.422119,0.304443,-0.503418,-1.062500,1.557617,21150,19355,20571,17894,0.450000,-0.550000,0.300000,0.000000,1772830880706.469,0.650826,-0.422650,0.304242,0.000000,0.000000,0.000000,1.000000,position_only
2026-03-06T21:01:20.719322+00:00,1772830880719.322,0.657715,-0.420410,0.304688,-0.493408,-1.100586,1.567383,20167,20508,19310,18973,0.450000,-0.550000,0.300000,0.000000,1772830880715.020,0.653226,-0.421197,0.304232,0.000000,0.000000,0.000000,1.000000,position_only
2026-03-06T21:01:20.729162+00:00,1772830880729.161,0.660645,-0.418701,0.304688,-0.474609,-1.168945,1.561523,20144,20513,19255,19035,0.450000,-0.550000,0.300000,0.000000,1772830880723.587,0.655457,-0.419680,0.304346,0.000000,0.000000,0.000000,1.000000,position_only
2026-03-06T21:01:20.740021+00:00,1772830880740.021,0.663574,-0.416992,0.304688,-0.466553,-1.258789,1.561523,20932,19767,19895,18398,0.450000,-0.550000,0.300000,0.000000,1772830880732.231,0.660098,-0.416814,0.304340,0.000000,0.000000,0.000000,1.000000,position_only
2026-03-06T21:01:20.749728+00:00,1772830880749.727,0.666992,-0.415039,0.304688,-0.467773,-1.315430,1.592773,21769,18948,20832,17509,0.450000,-0.550000,0.300000,0.000000,1772830880749.203,0.662388,-0.415318,0.304360,0.000000,0.000000,0.000000,1.000000,position_only
2026-03-06T21:01:20.760342+00:00,1772830880760.342,0.669434,-0.413330,0.304688,-0.465088,-1.382812,1.615234,21168,19566,20373,18004,0.450000,-0.550000,0.300000,0.000000,1772830880757.767,0.667123,-0.412352,0.304431,0.000000,0.000000,0.000000,1.000000,position_only
2026-03-06T21:01:20.769269+00:00,1772830880769.269,0.672363,-0.411377,0.304688,-0.461426,-1.435547,1.612305,19956,20765,18918,19507,0.450000,-0.550000,0.300000,0.000000,1772830880766.304,0.669522,-0.410924,0.304371,0.000000,0.000000,0.000000,1.000000,position_only
2026-03-06T21:01:20.780322+00:00,1772830880780.322,0.675293,-0.409668,0.304688,-0.461426,-1.482422,1.602539,20390,20345,19458,18990,0.450000,-0.550000,0.300000,0.000000,1772830880774.804,0.671926,-0.409364,0.304419,0.000000,0.000000,0.000000,1.000000,position_only
2026-03-06T21:01:20.789087+00:00,1772830880789.087,0.678223,-0.407715,0.304688,-0.487793,-1.515625,1.621094,21166,19501,20246,18278,0.450000,-0.550000,0.300000,0.000000,1772830880783.586,0.674245,-0.407792,0.304528,0.000000,0.000000,0.000000,1.000000,position_only
2026-03-06T21:01:20.799447+00:00,1772830880799.445,0.681152,-0.405762,0.304932,-0.510254,-1.551758,1.643555,21216,19457,20285,18253,0.450000,-0.550000,0.300000,0.000000,1772830880792.095,0.674245,-0.407792,0.304528,0.000000,0.000000,0.000000,1.000000,position_only
2026-03-06T21:01:20.809617+00:00,1772830880809.616,0.684082,-0.404053,0.304932,-0.545898,-1.568359,1.661133,20826,19841,20128,18454,0.450000,-0.550000,0.300000,0.000000,1772830880809.458,0.681450,-0.403209,0.304534,0.000000,0.000000,0.000000,1.000000,position_only
2026-03-06T21:01:20.819882+00:00,1772830880819.881,0.687012,-0.402100,0.304932,-0.586914,-1.586914,1.665039,20369,20293,19513,19113,0.450000,-0.550000,0.300000,0.000000,1772830880818.042,0.683831,-0.401765,0.304538,0.000000,0.000000,0.000000,1.000000,position_only
2026-03-06T21:01:20.829991+00:00,1772830880829.990,0.689941,-0.400146,0.304932,-0.629395,-1.583984,1.665039,20621,20052,19994,18653,0.450000,-0.550000,0.300000,0.000000,1772830880826.529,0.686206,-0.400124,0.304611,0.000000,0.000000,0.000000,1.000000,position_only
2026-03-06T21:01:20.840072+00:00,1772830880840.071,0.689941,-0.400146,0.304932,-0.629395,-1.577148,1.665039,21312,19292,20671,18050,0.450000,-0.550000,0.300000,0.000000,1772830880835.004,0.688640,-0.398620,0.304510,0.000000,0.000000,0.000000,1.000000,position_only
2026-03-06T21:01:20.850192+00:00,1772830880850.192,0.695801,-0.396484,0.304932,-0.718262,-1.516602,1.710938,20814,19769,20315,18466,0.450000,-0.550000,0.300000,0.000000,1772830880843.491,0.691006,-0.397047,0.304593,0.000000,0.000000,0.000000,1.000000,position_only
2026-03-06T21:01:20.859319+00:00,1772830880859.319,0.699219,-0.394531,0.304932,-0.774902,-1.472656,1.711914,20014,20604,19489,19307,0.450000,-0.550000,0.300000,0.000000,1772830880851.933,0.693494,-0.395455,0.304620,0.000000,0.000000,0.000000,1.000000,position_only
2026-03-06T21:01:20.869163+00:00,1772830880869.162,0.702148,-0.392578,0.304932,-0.823730,-1.407227,1.716797,20736,19862,20461,18356,0.450000,-0.550000,0.300000,0.000000,1772830880860.644,0.696015,-0.393884,0.304570,0.000000,0.000000,0.000000,1.000000,position_only
2026-03-06T21:01:20.880621+00:00,1772830880880.620,0.705078,-0.390625,0.304932,-0.886719,-1.317383,1.743164,21328,19259,21134,17723,0.450000,-0.550000,0.300000,0.000000,1772830880877.644,0.700895,-0.390650,0.304580,0.000000,0.000000,0.000000,1.000000,position_only
2026-03-06T21:01:20.889486+00:00,1772830880889.485,0.708008,-0.388672,0.304932,-0.942383,-1.221680,1.764648,20468,20073,20465,18443,0.450000,-0.550000,0.300000,0.000000,1772830880886.196,0.703301,-0.389069,0.304659,0.000000,0.000000,0.000000,1.000000,position_only
2026-03-06T21:01:20.900863+00:00,1772830880900.862,0.708008,-0.388672,0.304932,-0.941895,-1.213867,1.764648,19847,20741,19687,19130,0.450000,-0.550000,0.300000,0.000000,1772830880894.975,0.705736,-0.387433,0.304652,0.000000,0.000000,0.000000,1.000000,position_only
2026-03-06T21:01:20.910004+00:00,1772830880910.002,0.713867,-0.384766,0.304932,-1.032227,-1.001953,1.766602,20338,20236,20185,18617,0.450000,-0.550000,0.300000,0.000000,1772830880903.530,0.708230,-0.385821,0.304581,0.000000,0.000000,0.000000,1.000000,position_only
2026-03-06T21:01:20.920245+00:00,1772830880920.244,0.716797,-0.382812,0.304932,-1.057617,-0.942383,1.779297,21019,19631,20693,17993,0.450000,-0.550000,0.300000,0.000000,1772830880912.202,0.710672,-0.384212,0.304679,0.000000,0.000000,0.000000,1.000000,position_only
2026-03-06T21:01:20.929888+00:00,1772830880929.887,0.720215,-0.380859,0.304932,-1.069336,-0.880859,1.795898,20947,19653,20645,18048,0.450000,-0.550000,0.300000,0.000000,1772830880929.358,0.715695,-0.380885,0.304622,0.000000,0.000000,0.000000,1.000000,position_only
2026-03-06T21:01:20.939598+00:00,1772830880939.597,0.723145,-0.378662,0.304932,-1.076172,-0.822754,1.812500,20642,19974,20080,18563,0.450000,-0.550000,0.300000,0.000000,1772830880937.883,0.718217,-0.379269,0.304651,0.000000,0.000000,0.000000,1.000000,position_only
2026-03-06T21:01:20.950687+00:00,1772830880950.686,0.726074,-0.376709,0.304932,-1.080078,-0.792480,1.823242,20757,19813,20299,18333,0.450000,-0.550000,0.300000,0.000000,1772830880946.417,0.720647,-0.377573,0.304692,0.000000,0.000000,0.000000,1.000000,position_only
2026-03-06T21:01:20.959639+00:00,1772830880959.638,0.725586,-0.376709,0.304932,-1.079102,-0.783203,1.823242,20248,20329,19648,18943,0.450000,-0.550000,0.300000,0.000000,1772830880954.957,0.723147,-0.375850,0.304669,0.000000,0.000000,0.000000,1.000000,position_only
2026-03-06T21:01:20.970601+00:00,1772830880970.600,0.731934,-0.372803,0.304932,-1.068359,-0.778320,1.836914,21358,19309,20740,17728,0.450000,-0.550000,0.300000,0.000000,1772830880963.434,0.725589,-0.374210,0.304680,0.000000,0.000000,0.000000,1.000000,position_only
2026-03-06T21:01:20.980498+00:00,1772830880980.496,0.734863,-0.370605,0.304932,-1.070312,-0.772949,1.866211,21117,19425,20521,18067,0.450000,-0.550000,0.300000,0.000000,1772830880972.086,0.728107,-0.372491,0.304724,0.000000,0.000000,0.000000,1.000000,position_only
2026-03-06T21:01:20.989463+00:00,1772830880989.462,0.737793,-0.368408,0.304932,-1.085938,-0.802734,1.873047,20551,19978,19925,18725,0.450000,-0.550000,0.300000,0.000000,1772830880989.076,0.733450,-0.369103,0.304556,0.000000,0.000000,0.000000,1.000000,position_only
2026-03-06T21:01:21.000153+00:00,1772830881000.152,0.741211,-0.366455,0.304932,-1.107422,-0.805664,1.875977,20636,19846,20131,18596,0.450000,-0.550000,0.300000,0.000000,1772830880997.649,0.736110,-0.367350,0.304541,0.000000,0.000000,0.000000,1.000000,position_only
2026-03-06T21:01:21.009616+00:00,1772830881009.615,0.744141,-0.364258,0.304932,-1.107422,-0.802246,1.890625,21268,19265,20673,18026,0.450000,-0.550000,0.300000,0.000000,1772830881006.453,0.738627,-0.365628,0.304543,0.000000,0.000000,0.000000,1.000000,position_only
2026-03-06T21:01:21.020709+00:00,1772830881020.708,0.747070,-0.362305,0.304932,-1.137695,-0.810547,1.919922,21120,19332,20619,18183,0.450000,-0.550000,0.300000,0.000000,1772830881015.002,0.740961,-0.363775,0.304618,0.000000,0.000000,0.000000,1.000000,position_only
2026-03-06T21:01:21.029967+00:00,1772830881029.966,0.749512,-0.360107,0.304932,-1.164062,-0.758301,1.937500,20708,19721,20500,18331,0.450000,-0.550000,0.300000,0.000000,1772830881023.512,0.743520,-0.361965,0.304555,0.000000,0.000000,0.000000,1.000000,position_only
2026-03-06T21:01:21.040137+00:00,1772830881040.137,0.752930,-0.357910,0.304932,-1.204102,-0.721680,1.942383,20297,20087,19976,18943,0.450000,-0.550000,0.300000,0.000000,1772830881031.999,0.746086,-0.360217,0.304562,0.000000,0.000000,0.000000,1.000000,position_only
2026-03-06T21:01:21.050205+00:00,1772830881050.204,0.755859,-0.355713,0.304932,-1.231445,-0.683105,1.946289,20470,19994,20319,18595,0.450000,-0.550000,0.300000,0.000000,1772830881049.315,0.753733,-0.354703,0.304496,0.000000,0.000000,0.000000,1.000000,position_only
2026-03-06T21:01:21.060843+00:00,1772830881060.843,0.759277,-0.353271,0.304932,-1.257812,-0.614258,1.967773,20663,19777,20412,18581,0.450000,-0.550000,0.300000,0.000000,1772830881057.759,0.756317,-0.352890,0.304395,0.000000,0.000000,0.000000,1.000000,position_only
2026-03-06T21:01:21.069983+00:00,1772830881069.983,0.762207,-0.351074,0.304932,-1.291016,-0.559082,1.978516,20352,20102,20373,18650,0.450000,-0.550000,0.300000,0.000000,1772830881066.321,0.758719,-0.350926,0.304397,0.000000,0.000000,0.000000,1.000000,position_only
2026-03-06T21:01:21.079724+00:00,1772830881079.724,0.762207,-0.351074,0.304932,-1.291016,-0.553223,1.979492,20391,20135,20384,18582,0.450000,-0.550000,0.300000,0.000000,1772830881074.766,0.761232,-0.349042,0.304391,0.000000,0.000000,0.000000,1.000000,position_only
2026-03-06T21:01:21.090172+00:00,1772830881090.172,0.768555,-0.346436,0.304688,-1.320312,-0.350098,2.007812,20749,19763,20760,18229,0.450000,-0.550000,0.300000,0.000000,1772830881083.273,0.763747,-0.347101,0.304288,0.000000,0.000000,0.000000,1.000000,position_only
2026-03-06T21:01:21.099688+00:00,1772830881099.688,0.771484,-0.343994,0.304688,-1.324219,-0.255371,2.027344,20611,19851,20765,18278,0.450000,-0.550000,0.300000,0.000000,1772830881091.846,0.766203,-0.345230,0.304334,0.000000,0.000000,0.000000,1.000000,position_only
2026-03-06T21:01:21.110209+00:00,1772830881110.208,0.774414,-0.341553,0.304688,-1.336914,-0.167847,2.035156,20055,20476,20035,18967,0.450000,-0.550000,0.300000,0.000000,1772830881109.202,0.771349,-0.341382,0.304175,0.000000,0.000000,0.000000,1.000000,position_only
2026-03-06T21:01:21.120850+00:00,1772830881120.849,0.777832,-0.339355,0.304688,-1.321289,-0.113342,2.025391,19964,20569,19758,19285,0.450000,-0.550000,0.300000,0.000000,1772830881117.903,0.773779,-0.339437,0.304191,0.000000,0.000000,0.000000,1.000000,position_only
2026-03-06T21:01:21.129965+00:00,1772830881129.964,0.780762,-0.336914,0.304688,-1.314453,-0.078613,2.033203,20812,19742,20504,18549,0.450000,-0.550000,0.300000,0.000000,1772830881126.385,0.776223,-0.337402,0.304142,0.000000,0.000000,0.000000,1.000000,position_only
2026-03-06T21:01:21.140063+00:00,1772830881140.063,0.780273,-0.336914,0.304688,-1.314453,-0.071106,2.033203,21222,19365,20845,18182,0.450000,-0.550000,0.300000,0.000000,1772830881134.828,0.778699,-0.335408,0.304187,0.000000,0.000000,0.000000,1.000000,position_only
2026-03-06T21:01:21.150263+00:00,1772830881150.263,0.786621,-0.332031,0.304688,-1.270508,-0.065552,2.066406,20588,20039,20293,18688,0.450000,-0.550000,0.300000,0.000000,1772830881143.353,0.781291,-0.333524,0.304089,0.000000,0.000000,0.000000,1.000000,position_only
2026-03-06T21:01:21.160586+00:00,1772830881160.584,0.789551,-0.329590,0.304443,-1.229492,-0.046082,2.064453,20361,20351,19825,19080,0.450000,-0.550000,0.300000,0.000000,1772830881160.319,0.786196,-0.329457,0.304044,0.000000,0.000000,0.000000,1.000000,position_only
2026-03-06T21:01:21.170131+00:00,1772830881170.130,0.792969,-0.326904,0.304443,-1.190430,-0.031677,2.068359,20714,19909,20354,18630,0.450000,-0.550000,0.300000,0.000000,1772830881169.042,0.788657,-0.327402,0.304015,0.000000,0.000000,0.000000,1.000000,position_only
2026-03-06T21:01:21.180712+00:00,1772830881180.711,0.795898,-0.324463,0.304443,-1.161133,-0.015778,2.087891,21009,19566,20474,18547,0.450000,-0.550000,0.300000,0.000000,1772830881177.643,0.791007,-0.325346,0.304086,0.000000,0.000000,0.000000,1.000000,position_only
2026-03-06T21:01:21.191300+00:00,1772830881191.300,0.798340,-0.322021,0.304443,-1.132812,0.032654,2.095703,20253,20357,20179,18807,0.450000,-0.550000,0.300000,0.000000,1772830881186.190,0.793597,-0.323364,0.304002,0.000000,0.000000,0.000000,1.000000,position_only
2026-03-06T21:01:21.201099+00:00,1772830881201.098,0.801270,-0.319580,0.304443,-1.089844,0.103333,2.101562,20788,19895,20541,18359,0.450000,-0.550000,0.300000,0.000000,1772830881194.657,0.796023,-0.321296,0.303941,0.000000,0.000000,0.000000,1.000000,position_only
2026-03-06T21:01:21.211127+00:00,1772830881211.126,0.804199,-0.317139,0.304443,-1.058594,0.171387,2.119141,20503,20068,20273,18767,0.450000,-0.550000,0.300000,0.000000,1772830881203.488,0.798310,-0.319158,0.303947,0.000000,0.000000,0.000000,1.000000,position_only
2026-03-06T21:01:21.220000+00:00,1772830881219.999,0.807129,-0.314453,0.304443,-1.023438,0.213623,2.123047,20405,20276,20168,18792,0.450000,-0.550000,0.300000,0.000000,1772830881212.044,0.800834,-0.317117,0.303854,0.000000,0.000000,0.000000,1.000000,position_only
2026-03-06T21:01:21.230350+00:00,1772830881230.349,0.810059,-0.312012,0.304443,-0.977539,0.280762,2.130859,20568,20049,20397,18640,0.450000,-0.550000,0.300000,0.000000,1772830881229.098,0.805800,-0.312902,0.303800,0.000000,0.000000,0.000000,1.000000,position_only
2026-03-06T21:01:21.240373+00:00,1772830881240.372,0.812988,-0.309326,0.304199,-0.961914,0.374512,2.152344,20925,19645,20914,18188,0.450000,-0.550000,0.300000,0.000000,1772830881237.822,0.808216,-0.310766,0.303784,0.000000,0.000000,0.000000,1.000000,position_only
2026-03-06T21:01:21.251073+00:00,1772830881251.073,0.815918,-0.306885,0.304199,-0.939941,0.468750,2.162109,20042,20631,19985,19022,0.450000,-0.550000,0.300000,0.000000,1772830881246.330,0.810559,-0.308621,0.303754,0.000000,0.000000,0.000000,1.000000,position_only
2026-03-06T21:01:21.260325+00:00,1772830881260.324,0.815430,-0.306885,0.304199,-0.937500,0.572754,2.162109,20219,20413,20182,18843,0.450000,-0.550000,0.300000,0.000000,1772830881254.840,0.812905,-0.306536,0.303751,0.000000,0.000000,0.000000,1.000000,position_only
2026-03-06T21:01:21.270850+00:00,1772830881270.849,0.821289,-0.301758,0.304199,-0.867676,0.662598,2.181641,21089,19627,21079,17859,0.450000,-0.550000,0.300000,0.000000,1772830881263.322,0.815306,-0.304373,0.303659,0.000000,0.000000,0.000000,1.000000,position_only
2026-03-06T21:01:21.280632+00:00,1772830881280.631,0.824219,-0.299072,0.304199,-0.826172,0.748535,2.203125,20870,19862,20768,18123,0.450000,-0.550000,0.300000,0.000000,1772830881280.379,0.819952,-0.300015,0.303641,0.000000,0.000000,0.000000,1.000000,position_only
2026-03-06T21:01:21.290422+00:00,1772830881290.421,0.827148,-0.296631,0.304199,-0.749512,0.844727,2.214844,20360,20579,20103,18559,0.450000,-0.550000,0.300000,0.000000,1772830881289.138,0.822307,-0.297864,0.303622,0.000000,0.000000,0.000000,1.000000,position_only
2026-03-06T21:01:21.301045+00:00,1772830881301.044,0.829590,-0.293945,0.304199,-0.654297,0.934082,2.214844,20361,20571,20147,18494,0.450000,-0.550000,0.300000,0.000000,1772830881297.667,0.824561,-0.295724,0.303570,0.000000,0.000000,0.000000,1.000000,position_only
2026-03-06T21:01:21.310302+00:00,1772830881310.301,0.832031,-0.291504,0.304199,-0.560547,1.001953,2.222656,20544,20516,19913,18553,0.450000,-0.550000,0.300000,0.000000,1772830881306.157,0.826695,-0.293561,0.303585,0.000000,0.000000,0.000000,1.000000,position_only
2026-03-06T21:01:21.321494+00:00,1772830881321.493,0.834473,-0.289062,0.304199,-0.464600,1.020508,2.226562,20641,20399,19904,18571,0.450000,-0.550000,0.300000,0.000000,1772830881314.698,0.828976,-0.291455,0.303586,0.000000,0.000000,0.000000,1.000000,position_only
2026-03-06T21:01:21.331349+00:00,1772830881331.348,0.837402,-0.286377,0.304199,-0.356445,1.002930,2.232422,20914,20246,19946,18372,0.450000,-0.550000,0.300000,0.000000,1772830881323.294,0.831344,-0.289286,0.303465,0.000000,0.000000,0.000000,1.000000,position_only
2026-03-06T21:01:21.341184+00:00,1772830881341.183,0.839844,-0.283691,0.304199,-0.263428,0.980469,2.238281,20824,20288,19773,18585,0.450000,-0.550000,0.300000,0.000000,1772830881340.321,0.835803,-0.284868,0.303534,0.000000,0.000000,0.000000,1.000000,position_only
2026-03-06T21:01:21.350400+00:00,1772830881350.399,0.842773,-0.281006,0.304199,-0.188599,0.923340,2.236328,20514,20542,19304,19108,0.450000,-0.550000,0.300000,0.000000,1772830881348.988,0.840307,-0.280460,0.303524,0.000000,0.000000,0.000000,1.000000,position_only
2026-03-06T21:01:21.361277+00:00,1772830881361.276,0.845215,-0.278320,0.304199,-0.119446,0.843262,2.236328,20808,20326,19428,18928,0.450000,-0.550000,0.300000,0.000000,1772830881357.531,0.842480,-0.278217,0.303560,0.000000,0.000000,0.000000,1.000000,position_only
2026-03-06T21:01:21.371170+00:00,1772830881371.170,0.847656,-0.275635,0.304199,-0.064575,0.742676,2.240234,21134,19948,19696,18731,0.450000,-0.550000,0.300000,0.000000,1772830881366.086,0.844738,-0.276050,0.303553,0.000000,0.000000,0.000000,1.000000,position_only
2026-03-06T21:01:21.380556+00:00,1772830881380.556,0.850586,-0.272705,0.304199,-0.030228,0.644043,2.246094,21192,19838,19686,18800,0.450000,-0.550000,0.300000,0.000000,1772830881374.590,0.846928,-0.273869,0.303506,0.000000,0.000000,0.000000,1.000000,position_only
2026-03-06T21:01:21.391166+00:00,1772830881391.165,0.853027,-0.270020,0.303955,-0.012566,0.549316,2.244141,20481,20455,18981,19619,0.450000,-0.550000,0.300000,0.000000,1772830881383.117,0.849079,-0.271588,0.303527,0.000000,0.000000,0.000000,1.000000,position_only
2026-03-06T21:01:21.400360+00:00,1772830881400.359,0.855957,-0.267334,0.303955,-0.023911,0.475830,2.238281,20908,19969,19492,19226,0.450000,-0.550000,0.300000,0.000000,1772830881400.146,0.853332,-0.267304,0.303445,0.000000,0.000000,0.000000,1.000000,position_only
2026-03-06T21:01:21.411208+00:00,1772830881411.207,0.858398,-0.264404,0.303955,-0.059937,0.437744,2.251953,21319,19489,20212,18661,0.450000,-0.550000,0.300000,0.000000,1772830881408.656,0.853332,-0.267304,0.303445,0.000000,0.000000,0.000000,1.000000,position_only
2026-03-06T21:01:21.421369+00:00,1772830881421.368,0.860840,-0.261963,0.303955,-0.116699,0.441895,2.267578,20999,19772,19902,19108,0.450000,-0.550000,0.300000,0.000000,1772830881417.381,0.857622,-0.262891,0.303386,0.000000,0.000000,0.000000,1.000000,position_only
2026-03-06T21:01:21.431035+00:00,1772830881431.034,0.863281,-0.259277,0.303955,-0.187622,0.479980,2.271484,20420,20347,19731,19399,0.450000,-0.550000,0.300000,0.000000,1772830881425.650,0.859627,-0.260604,0.303442,0.000000,0.000000,0.000000,1.000000,position_only
2026-03-06T21:01:21.440813+00:00,1772830881440.812,0.865723,-0.256592,0.303955,-0.271484,0.557129,2.263672,20277,20364,19730,19541,0.450000,-0.550000,0.300000,0.000000,1772830881434.321,0.861678,-0.258382,0.303410,0.000000,0.000000,0.000000,1.000000,position_only
2026-03-06T21:01:21.451311+00:00,1772830881451.310,0.868652,-0.253906,0.303711,-0.364502,0.671875,2.267578,20879,19776,20578,18701,0.450000,-0.550000,0.300000,0.000000,1772830881442.827,0.863878,-0.256267,0.303286,0.000000,0.000000,0.000000,1.000000,position_only
2026-03-06T21:01:21.461347+00:00,1772830881461.346,0.871094,-0.251221,0.303711,-0.423828,0.839355,2.294922,21543,19182,21275,17949,0.450000,-0.550000,0.300000,0.000000,1772830881459.884,0.867866,-0.251773,0.303243,0.000000,0.000000,0.000000,1.000000,position_only
2026-03-06T21:01:21.471142+00:00,1772830881471.141,0.873535,-0.248413,0.303711,-0.468018,1.023438,2.306641,20253,20552,19966,19133,0.450000,-0.550000,0.300000,0.000000,1772830881468.438,0.869957,-0.249637,0.303209,0.000000,0.000000,0.000000,1.000000,position_only
2026-03-06T21:01:21.481132+00:00,1772830881481.132,0.875977,-0.245850,0.303711,-0.490479,1.234375,2.292969,19645,21325,19397,19482,0.450000,-0.550000,0.300000,0.000000,1772830881476.947,0.871894,-0.247361,0.303191,0.000000,0.000000,0.000000,1.000000,position_only
2026-03-06T21:01:21.490854+00:00,1772830881490.853,0.878418,-0.243164,0.303711,-0.467773,1.462891,2.294922,20911,20156,20582,18181,0.450000,-0.550000,0.300000,0.000000,1772830881485.570,0.873821,-0.245125,0.303133,0.000000,0.000000,0.000000,1.000000,position_only
2026-03-06T21:01:21.501242+00:00,1772830881501.241,0.880371,-0.240234,0.303711,-0.415527,1.723633,2.322266,21144,19942,20729,18001,0.450000,-0.550000,0.300000,0.000000,1772830881494.164,0.875776,-0.242969,0.303167,0.000000,0.000000,0.000000,1.000000,position_only
2026-03-06T21:01:21.511413+00:00,1772830881511.412,0.882812,-0.237549,0.303711,-0.358887,1.916992,2.326172,20299,20895,19701,18879,0.450000,-0.550000,0.300000,0.000000,1772830881511.244,0.879407,-0.238497,0.303119,0.000000,0.000000,0.000000,1.000000,position_only
2026-03-06T21:01:21.521430+00:00,1772830881521.429,0.885254,-0.234863,0.303711,-0.296387,2.113281,2.322266,20385,20851,19705,18757,0.450000,-0.550000,0.300000,0.000000,1772830881520.007,0.881258,-0.236247,0.303148,0.000000,0.000000,0.000000,1.000000,position_only
2026-03-06T21:01:21.531197+00:00,1772830881531.196,0.887207,-0.232178,0.303711,-0.240845,2.271484,2.326172,20892,20290,20175,18305,0.450000,-0.550000,0.300000,0.000000,1772830881528.531,0.883143,-0.234033,0.303104,0.000000,0.000000,0.000000,1.000000,position_only
2026-03-06T21:01:21.541116+00:00,1772830881541.115,0.887207,-0.232300,0.303711,-0.238159,2.279297,2.328125,21130,19971,20292,18243,0.450000,-0.550000,0.300000,0.000000,1772830881537.098,0.884954,-0.231759,0.303172,0.000000,0.000000,0.000000,1.000000,position_only
2026-03-06T21:01:21.551847+00:00,1772830881551.847,0.891602,-0.226929,0.303711,-0.160278,2.529297,2.351562,20959,20176,20068,18399,0.450000,-0.550000,0.300000,0.000000,1772830881545.588,0.886769,-0.229547,0.303215,0.000000,0.000000,0.000000,1.000000,position_only
2026-03-06T21:01:21.561008+00:00,1772830881561.008,0.893555,-0.224243,0.303711,-0.141357,2.617188,2.353516,20615,20369,19780,18820,0.450000,-0.550000,0.300000,0.000000,1772830881554.117,0.888523,-0.227346,0.303140,0.000000,0.000000,0.000000,1.000000,position_only
2026-03-06T21:01:21.571463+00:00,1772830881571.463,0.895508,-0.221558,0.303711,-0.142212,2.703125,2.357422,20762,20168,19938,18714,0.450000,-0.550000,0.300000,0.000000,1772830881562.980,0.890216,-0.225144,0.303222,0.000000,0.000000,0.000000,1.000000,position_only
2026-03-06T21:01:21.580983+00:00,1772830881580.983,0.897461,-0.218872,0.303711,-0.140259,2.783203,2.373047,20953,20058,19976,18599,0.450000,-0.550000,0.300000,0.000000,1772830881579.625,0.893608,-0.220678,0.303232,0.000000,0.000000,0.000000,1.000000,position_only
2026-03-06T21:01:21.591094+00:00,1772830881591.094,0.899414,-0.216309,0.303711,-0.153076,2.855469,2.380859,20568,20319,19764,18931,0.450000,-0.550000,0.300000,0.000000,1772830881588.247,0.895328,-0.218396,0.303250,0.000000,0.000000,0.000000,1.000000,position_only
2026-03-06T21:01:21.601615+00:00,1772830881601.615,0.898926,-0.216431,0.303711,-0.149902,2.861328,2.382812,20704,20153,19906,18789,0.450000,-0.550000,0.300000,0.000000,1772830881596.778,0.896949,-0.216201,0.303245,0.000000,0.000000,0.000000,1.000000,position_only
2026-03-06T21:01:21.611261+00:00,1772830881611.260,0.902832,-0.211060,0.303711,-0.206909,3.013672,2.388672,20527,20379,19655,19013,0.450000,-0.550000,0.300000,0.000000,1772830881605.598,0.898446,-0.213959,0.303307,0.000000,0.000000,0.000000,1.000000,position_only
2026-03-06T21:01:21.620823+00:00,1772830881620.822,0.904785,-0.208374,0.303711,-0.237061,3.058594,2.394531,21171,19640,20315,18458,0.450000,-0.550000,0.300000,0.000000,1772830881614.146,0.899906,-0.211730,0.303365,0.000000,0.000000,0.000000,1.000000,position_only
2026-03-06T21:01:21.631239+00:00,1772830881631.239,0.906250,-0.205811,0.303711,-0.301758,3.076172,2.412109,21234,19498,20296,18552,0.450000,-0.550000,0.300000,0.000000,1772830881622.721,0.901372,-0.209491,0.303339,0.000000,0.000000,0.000000,1.000000,position_only
2026-03-06T21:01:21.641289+00:00,1772830881641.288,0.907715,-0.203125,0.303711,-0.346436,3.093750,2.419922,20932,19822,19966,18862,0.450000,-0.550000,0.300000,0.000000,1772830881640.209,0.904461,-0.204965,0.303355,0.000000,0.000000,0.000000,1.000000,position_only
2026-03-06T21:01:21.651964+00:00,1772830881651.964,0.907715,-0.203247,0.303711,-0.346436,3.093750,2.419922,21089,19622,20191,18669,0.450000,-0.550000,0.300000,0.000000,1772830881648.807,0.905878,-0.202731,0.303275,0.000000,0.000000,0.000000,1.000000,position_only
2026-03-06T21:01:21.661821+00:00,1772830881661.820,0.910645,-0.197998,0.303711,-0.458496,3.173828,2.437500,20791,19857,20093,18850,0.450000,-0.550000,0.300000,0.000000,1772830881657.496,0.908464,-0.198286,0.303304,0.000000,0.000000,0.000000,1.000000,position_only
2026-03-06T21:01:21.672187+00:00,1772830881672.187,0.910645,-0.197876,0.303711,-0.458496,3.173828,2.437500,21182,19471,20539,18424,0.450000,-0.550000,0.300000,0.000000,1772830881666.130,0.909753,-0.196060,0.303232,0.000000,0.000000,0.000000,1.000000,position_only
2026-03-06T21:01:21.681984+00:00,1772830881681.983,0.912109,-0.195068,0.303711,-0.519043,3.265625,2.457031,20813,19912,20102,18804,0.450000,-0.550000,0.300000,0.000000,1772830881674.750,0.910913,-0.193765,0.303359,0.000000,0.000000,0.000000,1.000000,position_only
2026-03-06T21:01:21.691826+00:00,1772830881691.825,0.915039,-0.189453,0.303711,-0.588379,3.500000,2.480469,20889,19830,20465,18460,0.450000,-0.550000,0.300000,0.000000,1772830881683.638,0.912062,-0.191561,0.303304,0.000000,0.000000,0.000000,1.000000,position_only
2026-03-06T21:01:21.701595+00:00,1772830881701.595,0.915039,-0.189453,0.303711,-0.588379,3.500000,2.480469,20706,20038,20188,18711,0.450000,-0.550000,0.300000,0.000000,1772830881700.865,0.914217,-0.187041,0.303382,0.000000,0.000000,0.000000,1.000000,position_only
2026-03-06T21:01:21.712327+00:00,1772830881712.325,0.916504,-0.186768,0.303711,-0.612793,3.628906,2.486328,20374,20467,19890,18943,0.450000,-0.550000,0.300000,0.000000,1772830881709.592,0.915324,-0.184754,0.303348,0.000000,0.000000,0.000000,1.000000,position_only
2026-03-06T21:01:21.722559+00:00,1772830881722.558,0.918945,-0.181396,0.303711,-0.624512,3.929688,2.498047,20702,20014,20152,18839,0.450000,-0.550000,0.300000,0.000000,1772830881718.386,0.916329,-0.182533,0.303264,0.000000,0.000000,0.000000,1.000000,position_only
2026-03-06T21:01:21.732531+00:00,1772830881732.530,0.918457,-0.181274,0.303711,-0.624512,3.929688,2.498047,21008,19886,20437,18401,0.450000,-0.550000,0.300000,0.000000,1772830881726.925,0.917183,-0.180242,0.303328,0.000000,0.000000,0.000000,1.000000,position_only
2026-03-06T21:01:21.741838+00:00,1772830881741.837,0.919922,-0.178467,0.303711,-0.616699,4.058594,2.509766,20635,20209,19964,18954,0.450000,-0.550000,0.300000,0.000000,1772830881735.535,0.918169,-0.177975,0.303264,0.000000,0.000000,0.000000,1.000000,position_only
2026-03-06T21:01:21.751102+00:00,1772830881751.101,0.920898,-0.175659,0.303711,-0.609375,4.164062,2.511719,20388,20440,19789,19163,0.450000,-0.550000,0.300000,0.000000,1772830881744.149,0.919074,-0.175710,0.303165,0.000000,0.000000,0.000000,1.000000,position_only
2026-03-06T21:01:21.762380+00:00,1772830881762.379,0.921875,-0.172974,0.303711,-0.601074,4.277344,2.513672,20864,20002,20247,18711,0.450000,-0.550000,0.300000,0.000000,1772830881760.875,0.920517,-0.171191,0.303157,0.000000,0.000000,0.000000,1.000000,position_only
2026-03-06T21:01:21.772376+00:00,1772830881772.375,0.922852,-0.170166,0.303711,-0.584961,4.394531,2.521484,20766,20124,19952,19037,0.450000,-0.550000,0.300000,0.000000,1772830881769.516,0.921301,-0.168874,0.303147,0.000000,0.000000,0.000000,1.000000,position_only
2026-03-06T21:01:21.783641+00:00,1772830881783.640,0.924316,-0.164795,0.303467,-0.539062,4.578125,2.531250,20574,20367,19916,19060,0.450000,-0.550000,0.300000,0.000000,1772830881778.074,0.921929,-0.166632,0.303144,0.000000,0.000000,0.000000,1.000000,position_only
2026-03-06T21:01:21.792105+00:00,1772830881792.104,0.923828,-0.164795,0.303467,-0.539062,4.578125,2.531250,20732,20230,20224,18764,0.450000,-0.550000,0.300000,0.000000,1772830881786.750,0.922418,-0.164309,0.303197,0.000000,0.000000,0.000000,1.000000,position_only
2026-03-06T21:01:21.802405+00:00,1772830881802.404,0.924805,-0.161987,0.303467,-0.508301,4.722656,2.541016,20259,20703,19505,19473,0.450000,-0.550000,0.300000,0.000000,1772830881795.365,0.923069,-0.162060,0.303109,0.000000,0.000000,0.000000,1.000000,position_only
2026-03-06T21:01:21.812000+00:00,1772830881811.998,0.925293,-0.159180,0.303467,-0.470947,4.832031,2.535156,19944,20846,19251,19855,0.450000,-0.550000,0.300000,0.000000,1772830881804.228,0.923549,-0.159809,0.303005,0.000000,0.000000,0.000000,1.000000,position_only
2026-03-06T21:01:21.821299+00:00,1772830881821.298,0.925781,-0.156494,0.303467,-0.464844,4.914062,2.517578,20511,20292,19871,19206,0.450000,-0.550000,0.300000,0.000000,1772830881821.164,0.924474,-0.155177,0.302956,0.000000,0.000000,0.000000,1.000000,position_only
2026-03-06T21:01:21.832512+00:00,1772830881832.511,0.926270,-0.153809,0.303467,-0.444824,5.000000,2.513672,20934,19892,20525,18490,0.450000,-0.550000,0.300000,0.000000,1772830881829.664,0.924688,-0.152963,0.302922,0.000000,0.000000,0.000000,1.000000,position_only
2026-03-06T21:01:21.842374+00:00,1772830881842.373,0.926758,-0.148438,0.303467,-0.405762,5.226562,2.521484,19905,20913,19338,19639,0.450000,-0.550000,0.300000,0.000000,1772830881838.144,0.924976,-0.150622,0.302968,0.000000,0.000000,0.000000,1.000000,position_only
2026-03-06T21:01:21.852321+00:00,1772830881852.320,0.926270,-0.148438,0.303467,-0.405762,5.226562,2.521484,19568,21241,18870,20078,0.450000,-0.550000,0.300000,0.000000,1772830881846.644,0.925170,-0.148252,0.303041,0.000000,0.000000,0.000000,1.000000,position_only
2026-03-06T21:01:21.862070+00:00,1772830881862.070,0.926758,-0.145630,0.303467,-0.375977,5.316406,2.498047,19846,20944,18980,19969,0.450000,-0.550000,0.300000,0.000000,1772830881855.512,0.925280,-0.145986,0.303033,0.000000,0.000000,0.000000,1.000000,position_only
2026-03-06T21:01:21.871116+00:00,1772830881871.115,0.926758,-0.142822,0.303467,-0.349365,5.375000,2.472656,21266,19585,20566,18307,0.450000,-0.550000,0.300000,0.000000,1772830881864.015,0.925508,-0.143723,0.302897,0.000000,0.000000,0.000000,1.000000,position_only
2026-03-06T21:01:21.882604+00:00,1772830881882.604,0.926758,-0.140137,0.303467,-0.312012,5.468750,2.490234,20617,20125,19808,19156,0.450000,-0.550000,0.300000,0.000000,1772830881881.114,0.925370,-0.139084,0.302944,0.000000,0.000000,0.000000,1.000000,position_only
2026-03-06T21:01:21.892532+00:00,1772830881892.531,0.926270,-0.137451,0.303467,-0.283203,5.527344,2.496094,19352,21374,18382,20585,0.450000,-0.550000,0.300000,0.000000,1772830881889.755,0.925281,-0.136779,0.302962,0.000000,0.000000,0.000000,1.000000,position_only
2026-03-06T21:01:21.903042+00:00,1772830881903.042,0.925781,-0.132202,0.303467,-0.226196,5.574219,2.443359,20281,20480,19364,19536,0.450000,-0.550000,0.300000,0.000000,1772830881898.406,0.925070,-0.134555,0.302956,0.000000,0.000000,0.000000,1.000000,position_only
2026-03-06T21:01:21.912169+00:00,1772830881912.168,0.925781,-0.132202,0.303467,-0.226196,5.574219,2.443359,21303,19400,20454,18468,0.450000,-0.550000,0.300000,0.000000,1772830881906.934,0.924852,-0.132191,0.302912,0.000000,0.000000,0.000000,1.000000,position_only
2026-03-06T21:01:21.921278+00:00,1772830881921.278,0.925293,-0.129395,0.303467,-0.200195,5.636719,2.455078,20991,19710,20098,18812,0.450000,-0.550000,0.300000,0.000000,1772830881915.443,0.924483,-0.129931,0.302899,0.000000,0.000000,0.000000,1.000000,position_only
2026-03-06T21:01:21.932521+00:00,1772830881932.521,0.924805,-0.126465,0.303467,-0.178589,5.695312,2.470703,19188,21525,18486,20389,0.450000,-0.550000,0.300000,0.000000,1772830881924.060,0.923704,-0.125346,0.302887,0.000000,0.000000,0.000000,1.000000,position_only
2026-03-06T21:01:21.942695+00:00,1772830881942.694,0.924316,-0.123840,0.303467,-0.143921,5.796875,2.443359,19436,21352,18662,20116,0.450000,-0.550000,0.300000,0.000000,1772830881941.196,0.922670,-0.120801,0.302940,0.000000,0.000000,0.000000,1.000000,position_only
2026-03-06T21:01:21.952488+00:00,1772830881952.488,0.923340,-0.121033,0.303467,-0.099976,5.902344,2.414062,20663,20021,19837,19031,0.450000,-0.550000,0.300000,0.000000,1772830881949.649,0.922123,-0.118456,0.302866,0.000000,0.000000,0.000000,1.000000,position_only
2026-03-06T21:01:21.962360+00:00,1772830881962.360,0.921875,-0.115479,0.303467,-0.049683,6.042969,2.416016,20488,20239,19602,19246,0.450000,-0.550000,0.300000,0.000000,1772830881958.279,0.921364,-0.116186,0.302843,0.000000,0.000000,0.000000,1.000000,position_only
2026-03-06T21:01:21.972065+00:00,1772830881972.064,0.921875,-0.115417,0.303467,-0.049683,6.042969,2.416016,19896,20802,19016,19903,0.450000,-0.550000,0.300000,0.000000,1772830881966.761,0.920645,-0.113884,0.302881,0.000000,0.000000,0.000000,1.000000,position_only
2026-03-06T21:01:21.981835+00:00,1772830881981.834,0.920898,-0.112549,0.303467,-0.007782,6.105469,2.400391,20254,20319,19426,19683,0.450000,-0.550000,0.300000,0.000000,1772830881975.328,0.919801,-0.111619,0.302905,0.000000,0.000000,0.000000,1.000000,position_only
2026-03-06T21:01:21.991594+00:00,1772830881991.592,0.919434,-0.109741,0.303467,0.008591,6.160156,2.386719,20523,20078,19600,19532,0.450000,-0.550000,0.300000,0.000000,1772830881983.766,0.918896,-0.109257,0.302929,0.000000,0.000000,0.000000,1.000000,position_only
2026-03-06T21:01:22.002350+00:00,1772830882002.349,0.918457,-0.106934,0.303467,0.014137,6.179688,2.382812,20489,20147,19601,19556,0.450000,-0.550000,0.300000,0.000000,1772830882000.763,0.916921,-0.104806,0.302791,0.000000,0.000000,0.000000,1.000000,position_only
2026-03-06T21:01:22.012300+00:00,1772830882012.299,0.916992,-0.104248,0.303223,0.029587,6.218750,2.376953,20399,20322,19469,19629,0.450000,-0.550000,0.300000,0.000000,1772830882009.501,0.915948,-0.102461,0.302772,0.000000,0.000000,0.000000,1.000000,position_only
2026-03-06T21:01:22.022109+00:00,1772830882022.109,0.915527,-0.101440,0.303223,0.064880,6.265625,2.371094,19707,21077,18587,20481,0.450000,-0.550000,0.300000,0.000000,1772830882018.038,0.914778,-0.100280,0.302695,0.000000,0.000000,0.000000,1.000000,position_only
2026-03-06T21:01:22.032573+00:00,1772830882032.573,0.914062,-0.098633,0.303223,0.109009,6.308594,2.347656,20613,20260,19650,19352,0.450000,-0.550000,0.300000,0.000000,1772830882026.645,0.913541,-0.098017,0.302626,0.000000,0.000000,0.000000,1.000000,position_only
2026-03-06T21:01:22.041761+00:00,1772830882041.760,0.912598,-0.095886,0.303223,0.172974,6.367188,2.337891,20501,20375,19166,19884,0.450000,-0.550000,0.300000,0.000000,1772830882035.352,0.912272,-0.095664,0.302610,0.000000,0.000000,0.000000,1.000000,position_only
2026-03-06T21:01:22.052283+00:00,1772830882052.283,0.910645,-0.093140,0.303223,0.242188,6.398438,2.332031,20130,20905,18954,20019,0.450000,-0.550000,0.300000,0.000000,1772830882044.087,0.910880,-0.093550,0.302575,0.000000,0.000000,0.000000,1.000000,position_only
2026-03-06T21:01:22.062971+00:00,1772830882062.970,0.908691,-0.090454,0.303223,0.325684,6.457031,2.318359,20348,20643,18970,20122,0.450000,-0.550000,0.300000,0.000000,1772830882061.070,0.908016,-0.089000,0.302390,0.000000,0.000000,0.000000,1.000000,position_only
2026-03-06T21:01:22.072068+00:00,1772830882072.068,0.907227,-0.087769,0.302979,0.404785,6.476562,2.300781,20603,20522,19080,19941,0.450000,-0.550000,0.300000,0.000000,1772830882069.529,0.906429,-0.086842,0.302379,0.000000,0.000000,0.000000,1.000000,position_only
2026-03-06T21:01:22.083326+00:00,1772830882083.325,0.902832,-0.082642,0.302979,0.581055,6.476562,2.279297,20740,20453,18874,20171,0.450000,-0.550000,0.300000,0.000000,1772830882078.007,0.904610,-0.084589,0.302433,0.000000,0.000000,0.000000,1.000000,position_only
2026-03-06T21:01:22.092368+00:00,1772830882092.367,0.902832,-0.082581,0.302979,0.581055,6.476562,2.279297,20917,20325,19174,19848,0.450000,-0.550000,0.300000,0.000000,1772830882086.529,0.902998,-0.082354,0.302303,0.000000,0.000000,0.000000,1.000000,position_only
2026-03-06T21:01:22.102223+00:00,1772830882102.222,0.900879,-0.079956,0.302734,0.669922,6.464844,2.273438,20626,20611,18787,20307,0.450000,-0.550000,0.300000,0.000000,1772830882095.016,0.901316,-0.080183,0.302293,0.000000,0.000000,0.000000,1.000000,position_only
2026-03-06T21:01:22.112250+00:00,1772830882112.249,0.898438,-0.077332,0.302734,0.750977,6.441406,2.257812,20644,20717,18943,20096,0.450000,-0.550000,0.300000,0.000000,1772830882111.963,0.897386,-0.075842,0.302252,0.000000,0.000000,0.000000,1.000000,position_only
2026-03-06T21:01:22.121770+00:00,1772830882121.768,0.895996,-0.074768,0.302734,0.845215,6.472656,2.246094,20859,20439,19038,20126,0.450000,-0.550000,0.300000,0.000000,1772830882120.530,0.895553,-0.073689,0.302112,0.000000,0.000000,0.000000,1.000000,position_only
2026-03-06T21:01:22.132596+00:00,1772830882132.594,0.893555,-0.072205,0.302490,0.925781,6.480469,2.230469,21302,20078,19477,19652,0.450000,-0.550000,0.300000,0.000000,1772830882129.441,0.893510,-0.071544,0.302087,0.000000,0.000000,0.000000,1.000000,position_only
2026-03-06T21:01:22.142709+00:00,1772830882142.707,0.891113,-0.069702,0.302490,1.002930,6.527344,2.234375,21047,20300,19406,19829,0.450000,-0.550000,0.300000,0.000000,1772830882137.975,0.891368,-0.069447,0.301994,0.000000,0.000000,0.000000,1.000000,position_only
2026-03-06T21:01:22.152712+00:00,1772830882152.710,0.888184,-0.067139,0.302490,1.065430,6.589844,2.228516,20460,20866,19009,20313,0.450000,-0.550000,0.300000,0.000000,1772830882146.480,0.889178,-0.067371,0.301834,0.000000,0.000000,0.000000,1.000000,position_only
2026-03-06T21:01:22.162864+00:00,1772830882162.862,0.885742,-0.064636,0.302246,1.103516,6.671875,2.212891,20263,20983,18649,20822,0.450000,-0.550000,0.300000,0.000000,1772830882154.986,0.886830,-0.065261,0.301873,0.000000,0.000000,0.000000,1.000000,position_only
2026-03-06T21:01:22.172731+00:00,1772830882172.729,0.882812,-0.062164,0.302246,1.127930,6.718750,2.185547,21318,20031,19906,19526,0.450000,-0.550000,0.300000,0.000000,1772830882172.297,0.882060,-0.060937,0.301845,0.000000,0.000000,0.000000,1.000000,position_only
2026-03-06T21:01:22.182031+00:00,1772830882182.031,0.879883,-0.059723,0.302246,1.153320,6.800781,2.185547,21505,19847,19888,19608,0.450000,-0.550000,0.300000,0.000000,1772830882180.768,0.879544,-0.058807,0.301747,0.000000,0.000000,0.000000,1.000000,position_only
2026-03-06T21:01:22.191899+00:00,1772830882191.898,0.876465,-0.057373,0.302002,1.173828,6.859375,2.191406,20554,20800,18920,20618,0.450000,-0.550000,0.300000,0.000000,1772830882189.339,0.877072,-0.056868,0.301722,0.000000,0.000000,0.000000,1.000000,position_only
2026-03-06T21:01:22.202410+00:00,1772830882202.410,0.873535,-0.055023,0.302002,1.196289,6.910156,2.183594,20279,21085,18631,20928,0.450000,-0.550000,0.300000,0.000000,1772830882197.342,0.874455,-0.054777,0.301579,0.000000,0.000000,0.000000,1.000000,position_only
2026-03-06T21:01:22.211820+00:00,1772830882211.819,0.870117,-0.052612,0.302002,1.215820,6.976562,2.156250,21010,20472,19209,20265,0.450000,-0.550000,0.300000,0.000000,1772830882205.862,0.871700,-0.052793,0.301551,0.000000,0.000000,0.000000,1.000000,position_only
2026-03-06T21:01:22.222835+00:00,1772830882222.834,0.866699,-0.050262,0.301758,1.250977,7.027344,2.140625,21426,19914,19429,20232,0.450000,-0.550000,0.300000,0.000000,1772830882214.417,0.868987,-0.050854,0.301504,0.000000,0.000000,0.000000,1.000000,position_only
2026-03-06T21:01:22.232889+00:00,1772830882232.888,0.863281,-0.047943,0.301758,1.252930,7.035156,2.140625,20966,20309,19099,20637,0.450000,-0.550000,0.300000,0.000000,1772830882231.840,0.863202,-0.046798,0.301413,0.000000,0.000000,0.000000,1.000000,position_only
2026-03-06T21:01:22.242277+00:00,1772830882242.277,0.859863,-0.045685,0.301758,1.251953,7.042969,2.142578,20565,20791,18593,21095,0.450000,-0.550000,0.300000,0.000000,1772830882240.391,0.860196,-0.044893,0.301337,0.000000,0.000000,0.000000,1.000000,position_only
2026-03-06T21:01:22.254293+00:00,1772830882254.292,0.855957,-0.043457,0.301514,1.263672,7.042969,2.125000,21063,20320,19057,20619,0.450000,-0.550000,0.300000,0.000000,1772830882248.886,0.857184,-0.042926,0.301284,0.000000,0.000000,0.000000,1.000000,position_only
2026-03-06T21:01:22.263138+00:00,1772830882263.138,0.852539,-0.041168,0.301514,1.277344,7.023438,2.113281,21697,19742,19657,19986,0.450000,-0.550000,0.300000,0.000000,1772830882257.536,0.850942,-0.039226,0.301163,0.000000,0.000000,0.000000,1.000000,position_only
2026-03-06T21:01:22.272883+00:00,1772830882272.882,0.848145,-0.038818,0.301514,1.291992,7.050781,2.113281,21522,19912,19536,20083,0.450000,-0.550000,0.300000,0.000000,1772830882266.161,0.847727,-0.037259,0.301072,0.000000,0.000000,0.000000,1.000000,position_only
2026-03-06T21:01:22.283593+00:00,1772830882283.593,0.844238,-0.036499,0.301270,1.312500,7.093750,2.115234,20627,20752,18672,20967,0.450000,-0.550000,0.300000,0.000000,1772830882274.841,0.844326,-0.035488,0.301118,0.000000,0.000000,0.000000,1.000000,position_only
2026-03-06T21:01:22.291973+00:00,1772830882291.973,0.839844,-0.034241,0.301270,1.333984,7.152344,2.095703,20271,21014,18244,21445,0.450000,-0.550000,0.300000,0.000000,1772830882283.751,0.840873,-0.033636,0.301086,0.000000,0.000000,0.000000,1.000000,position_only
2026-03-06T21:01:22.303235+00:00,1772830882303.234,0.835449,-0.032043,0.301270,1.344727,7.187500,2.062500,20971,20300,19187,20496,0.450000,-0.550000,0.300000,0.000000,1772830882300.888,0.833704,-0.029855,0.301082,0.000000,0.000000,0.000000,1.000000,position_only
2026-03-06T21:01:22.313151+00:00,1772830882313.150,0.831055,-0.029892,0.301270,1.358398,7.253906,2.048828,21696,19548,19930,19742,0.450000,-0.550000,0.300000,0.000000,1772830882309.659,0.830011,-0.028015,0.301191,0.000000,0.000000,0.000000,1.000000,position_only
2026-03-06T21:01:22.323078+00:00,1772830882323.077,0.826660,-0.027679,0.301270,1.366211,7.312500,2.056641,20861,20521,18951,20552,0.450000,-0.550000,0.300000,0.000000,1772830882318.236,0.826368,-0.026267,0.301104,0.000000,0.000000,0.000000,1.000000,position_only
2026-03-06T21:01:22.332063+00:00,1772830882332.062,0.821777,-0.025513,0.301270,1.404297,7.386719,2.042969,20178,21051,18385,21191,0.450000,-0.550000,0.300000,0.000000,1772830882326.712,0.822641,-0.024594,0.301124,0.000000,0.000000,0.000000,1.000000,position_only
2026-03-06T21:01:22.342595+00:00,1772830882342.594,0.816895,-0.023407,0.301270,1.433594,7.449219,2.007812,21059,20112,19141,20437,0.450000,-0.550000,0.300000,0.000000,1772830882335.398,0.818761,-0.022814,0.301152,0.000000,0.000000,0.000000,1.000000,position_only
2026-03-06T21:01:22.352344+00:00,1772830882352.344,0.812012,-0.021332,0.301270,1.463867,7.496094,1.993164,21706,19466,19801,19732,0.450000,-0.550000,0.300000,0.000000,1772830882343.929,0.814501,-0.020993,0.301281,0.000000,0.000000,0.000000,1.000000,position_only
2026-03-06T21:01:22.362269+00:00,1772830882362.268,0.807129,-0.019318,0.301270,1.492188,7.523438,1.000000,21133,19922,19434,20157,0.450000,-0.550000,0.300000,0.000000,1772830882361.013,0.806249,-0.017614,0.301432,0.000000,0.000000,0.000000,1.000000,position_only
2026-03-06T21:01:22.372804+00:00,1772830882372.804,0.801758,-0.017349,0.301270,1.515625,7.578125,2.001953,19524,21539,17615,21859,0.450000,-0.550000,0.300000,0.000000,1772830882369.607,0.802086,-0.015971,0.301496,0.000000,0.000000,0.000000,1.000000,position_only
2026-03-06T21:01:22.383278+00:00,1772830882383.278,0.796875,-0.015358,0.301270,1.552734,7.601562,1.967773,20422,20577,18625,20799,0.450000,-0.550000,0.300000,0.000000,1772830882378.318,0.797909,-0.014340,0.301600,0.000000,0.000000,0.000000,1.000000,position_only
2026-03-06T21:01:22.393094+00:00,1772830882393.094,0.791504,-0.013390,0.301514,1.584961,7.648438,1.938477,21642,19476,19707,19500,0.450000,-0.550000,0.300000,0.000000,1772830882386.823,0.793535,-0.012770,0.301642,0.000000,0.000000,0.000000,1.000000,position_only
2026-03-06T21:01:22.402134+00:00,1772830882402.134,0.786133,-0.011459,0.301514,1.638672,7.687500,1.940430,21075,19856,19075,20236,0.450000,-0.550000,0.300000,0.000000,1772830882395.328,0.789133,-0.011054,0.301780,0.000000,0.000000,0.000000,1.000000,position_only
2026-03-06T21:01:22.413007+00:00,1772830882413.006,0.780273,-0.009598,0.301514,1.691406,7.714844,1.942383,19863,21079,17784,21428,0.450000,-0.550000,0.300000,0.000000,1772830882412.464,0.780132,-0.008101,0.301893,0.000000,0.000000,0.000000,1.000000,position_only
2026-03-06T21:01:22.422970+00:00,1772830882422.969,0.774902,-0.007790,0.301758,1.752930,7.710938,1.913086,19969,20928,17727,21438,0.450000,-0.550000,0.300000,0.000000,1772830882421.095,0.775508,-0.006572,0.302018,0.000000,0.000000,0.000000,1.000000,position_only
2026-03-06T21:01:22.433416+00:00,1772830882433.415,0.769531,-0.006031,0.301758,1.815430,7.679688,1.883789,21522,19424,19186,19888,0.450000,-0.550000,0.300000,0.000000,1772830882429.588,0.770793,-0.005023,0.302124,0.000000,0.000000,0.000000,1.000000,position_only
2026-03-06T21:01:22.442366+00:00,1772830882442.366,0.763672,-0.004272,0.302002,1.877930,7.621094,1.888672,21729,19147,19389,19656,0.450000,-0.550000,0.300000,0.000000,1772830882438.153,0.766053,-0.003555,0.302275,0.000000,0.000000,0.000000,1.000000,position_only
2026-03-06T21:01:22.453087+00:00,1772830882453.086,0.757812,-0.002522,0.302002,1.943359,7.574219,1.898438,20821,20031,18386,20596,0.450000,-0.550000,0.300000,0.000000,1772830882446.975,0.761126,-0.002089,0.302366,0.000000,0.000000,0.000000,1.000000,position_only
2026-03-06T21:01:22.463542+00:00,1772830882463.541,0.751465,-0.000822,0.302246,2.005859,7.515625,1.886719,20532,20381,18065,20781,0.450000,-0.550000,0.300000,0.000000,1772830882455.478,0.756275,-0.000647,0.302512,0.000000,0.000000,0.000000,1.000000,position_only
2026-03-06T21:01:22.473403+00:00,1772830882473.403,0.745605,0.000817,0.302246,2.093750,7.464844,1.868164,20953,19920,18411,20401,0.450000,-0.550000,0.300000,0.000000,1772830882472.541,0.746320,0.002019,0.302726,0.000000,0.000000,0.000000,1.000000,position_only
2026-03-06T21:01:22.483453+00:00,1772830882483.452,0.739258,0.002399,0.302490,2.173828,7.402344,1.860352,21152,19665,18616,20169,0.450000,-0.550000,0.300000,0.000000,1772830882481.040,0.741182,0.003288,0.302787,0.000000,0.000000,0.000000,1.000000,position_only
2026-03-06T21:01:22.493242+00:00,1772830882493.241,0.733398,0.003922,0.302490,2.253906,7.335938,1.862305,20896,19895,18378,20316,0.450000,-0.550000,0.300000,0.000000,1772830882489.824,0.736038,0.004635,0.302854,0.000000,0.000000,0.000000,1.000000,position_only
2026-03-06T21:01:22.504417+00:00,1772830882504.417,0.727051,0.005386,0.302734,2.332031,7.273438,1.858398,21024,19731,18653,19979,0.450000,-0.550000,0.300000,0.000000,1772830882498.386,0.730763,0.005890,0.303064,0.000000,0.000000,0.000000,1.000000,position_only
2026-03-06T21:01:22.513720+00:00,1772830882513.719,0.721191,0.006817,0.302979,2.414062,7.250000,1.861328,20718,20077,17985,20525,0.450000,-0.550000,0.300000,0.000000,1772830882506.885,0.725415,0.007137,0.303157,0.000000,0.000000,0.000000,1.000000,position_only
2026-03-06T21:01:22.523447+00:00,1772830882523.446,0.714355,0.008270,0.302979,2.498047,7.234375,1.849609,20482,20224,17976,20546,0.450000,-0.550000,0.300000,0.000000,1772830882515.383,0.719791,0.008619,0.303594,0.000000,0.000000,0.000000,1.000000,position_only
2026-03-06T21:01:22.532444+00:00,1772830882532.443,0.707520,0.009659,0.303223,2.576172,7.226562,1.833984,20805,19763,18210,20392,0.450000,-0.550000,0.300000,0.000000,1772830882523.894,0.714305,0.009731,0.303672,0.000000,0.000000,0.000000,1.000000,position_only
2026-03-06T21:01:22.543625+00:00,1772830882543.625,0.701172,0.010986,0.303467,2.621094,7.171875,1.822266,21438,18960,18964,19743,0.450000,-0.550000,0.300000,0.000000,1772830882541.149,0.697542,0.013112,0.304085,0.000000,0.000000,0.000000,1.000000,position_only
2026-03-06T21:01:22.553138+00:00,1772830882553.138,0.693848,0.012329,0.303467,2.642578,7.121094,1.822266,21028,19411,18433,20168,0.450000,-0.550000,0.300000,0.000000,1772830882549.777,0.691783,0.014180,0.304206,0.000000,0.000000,0.000000,1.000000,position_only
2026-03-06T21:01:22.563521+00:00,1772830882563.521,0.687012,0.013718,0.303711,2.654297,7.066406,1.819336,20601,19567,18344,20460,0.450000,-0.550000,0.300000,0.000000,1772830882558.341,0.685987,0.015320,0.304338,0.000000,0.000000,0.000000,1.000000,position_only
2026-03-06T21:01:22.573235+00:00,1772830882573.234,0.679199,0.014999,0.303955,2.638672,7.019531,1.804688,20388,19823,17978,20781,0.450000,-0.550000,0.300000,0.000000,1772830882566.859,0.680118,0.016340,0.304597,0.000000,0.000000,0.000000,1.000000,position_only
2026-03-06T21:01:22.583334+00:00,1772830882583.333,0.671875,0.016220,0.304199,2.623047,6.968750,1.785156,20654,19450,18406,20417,0.450000,-0.550000,0.300000,0.000000,1772830882575.385,0.674173,0.017328,0.304645,0.000000,0.000000,0.000000,1.000000,position_only
2026-03-06T21:01:22.592515+00:00,1772830882592.514,0.664062,0.017395,0.304199,2.597656,6.910156,1.775391,20574,19441,18329,20560,0.450000,-0.550000,0.300000,0.000000,1772830882592.413,0.662081,0.019180,0.304895,0.000000,0.000000,0.000000,1.000000,position_only
2026-03-06T21:01:22.602501+00:00,1772830882602.500,0.656738,0.018494,0.304443,2.564453,6.832031,1.768555,20888,19117,18900,19970,0.450000,-0.550000,0.300000,0.000000,1772830882601.160,0.655985,0.020074,0.305064,0.000000,0.000000,0.000000,1.000000,position_only
2026-03-06T21:01:22.614198+00:00,1772830882614.197,0.649414,0.019547,0.304688,2.542969,6.781250,1.769531,20708,19396,18606,20174,0.450000,-0.550000,0.300000,0.000000,1772830882609.785,0.649876,0.020920,0.305115,0.000000,0.000000,0.000000,1.000000,position_only
2026-03-06T21:01:22.623614+00:00,1772830882623.612,0.641602,0.020599,0.304688,2.523438,6.714844,1.760742,20069,19870,17972,20966,0.450000,-0.550000,0.300000,0.000000,1772830882618.279,0.643581,0.021696,0.305274,0.000000,0.000000,0.000000,1.000000,position_only
2026-03-06T21:01:22.633669+00:00,1772830882633.668,0.633789,0.021591,0.304932,2.517578,6.644531,1.743164,20819,19287,18339,20454,0.450000,-0.550000,0.300000,0.000000,1772830882626.852,0.637293,0.022538,0.305307,0.000000,0.000000,0.000000,1.000000,position_only
2026-03-06T21:01:22.642996+00:00,1772830882642.995,0.625977,0.022522,0.304932,2.527344,6.519531,1.732422,21544,18513,19334,19526,0.450000,-0.550000,0.300000,0.000000,1772830882635.458,0.630972,0.023308,0.305523,0.000000,0.000000,0.000000,1.000000,position_only
2026-03-06T21:01:22.653893+00:00,1772830882653.892,0.618164,0.023407,0.305176,2.539062,6.398438,1.741211,20528,19522,18117,20787,0.450000,-0.550000,0.300000,0.000000,1772830882652.587,0.618147,0.024827,0.305692,0.000000,0.000000,0.000000,1.000000,position_only
2026-03-06T21:01:22.663882+00:00,1772830882663.881,0.609863,0.024231,0.305176,2.552734,6.257812,1.740234,20226,19840,17838,21057,0.450000,-0.550000,0.300000,0.000000,1772830882661.087,0.611554,0.025585,0.305789,0.000000,0.000000,0.000000,1.000000,position_only
2026-03-06T21:01:22.673629+00:00,1772830882673.628,0.602051,0.025024,0.305420,2.576172,6.085938,1.723633,21193,18948,18336,20513,0.450000,-0.550000,0.300000,0.000000,1772830882669.660,0.605056,0.026142,0.305894,0.000000,0.000000,0.000000,1.000000,position_only
2026-03-06T21:01:22.683557+00:00,1772830882683.556,0.594727,0.025803,0.305420,2.611328,5.859375,1.727539,21852,18249,19293,19572,0.450000,-0.550000,0.300000,0.000000,1772830882678.321,0.598401,0.026776,0.305916,0.000000,0.000000,0.000000,1.000000,position_only
2026-03-06T21:01:22.693710+00:00,1772830882693.709,0.586426,0.026520,0.305664,2.652344,5.671875,1.742188,21284,18995,18408,20294,0.450000,-0.550000,0.300000,0.000000,1772830882686.896,0.591840,0.027310,0.306022,0.000000,0.000000,0.000000,1.000000,position_only
2026-03-06T21:01:22.703715+00:00,1772830882703.715,0.578125,0.027176,0.305664,2.716797,5.468750,1.753906,20554,19565,17652,21197,0.450000,-0.550000,0.300000,0.000000,1772830882695.393,0.585096,0.027902,0.306143,0.000000,0.000000,0.000000,1.000000,position_only
2026-03-06T21:01:22.713602+00:00,1772830882713.601,0.569824,0.027786,0.305664,2.773438,5.242188,1.747070,20471,19756,17319,21425,0.450000,-0.550000,0.300000,0.000000,1772830882712.768,0.571656,0.028964,0.306298,0.000000,0.000000,0.000000,1.000000,position_only
2026-03-06T21:01:22.724423+00:00,1772830882724.422,0.561523,0.028336,0.305908,2.845703,4.992188,1.731445,21464,18688,18375,20391,0.450000,-0.550000,0.300000,0.000000,1772830882721.270,0.564838,0.029450,0.306341,0.000000,0.000000,0.000000,1.000000,position_only
2026-03-06T21:01:22.734808+00:00,1772830882734.807,0.553223,0.028839,0.305908,2.906250,4.714844,1.738281,21721,18456,18313,20408,0.450000,-0.550000,0.300000,0.000000,1772830882729.766,0.558068,0.029863,0.306413,0.000000,0.000000,0.000000,1.000000,position_only
2026-03-06T21:01:22.743981+00:00,1772830882743.981,0.545410,0.029358,0.306152,2.970703,4.410156,1.769531,21542,18514,18341,20451,0.450000,-0.550000,0.300000,0.000000,1772830882738.284,0.551126,0.030333,0.306483,0.000000,0.000000,0.000000,1.000000,position_only
2026-03-06T21:01:22.753691+00:00,1772830882753.690,0.537109,0.029785,0.306152,3.031250,4.144531,1.779297,21123,18968,17769,20960,0.450000,-0.550000,0.300000,0.000000,1772830882746.833,0.544191,0.030724,0.306544,0.000000,0.000000,0.000000,1.000000,position_only
2026-03-06T21:01:22.764140+00:00,1772830882764.140,0.528320,0.030167,0.306152,3.087891,3.884766,1.778320,20914,19108,17703,21032,0.450000,-0.550000,0.300000,0.000000,1772830882763.934,0.530346,0.031415,0.306700,0.000000,0.000000,0.000000,1.000000,position_only
2026-03-06T21:01:22.774257+00:00,1772830882774.257,0.520020,0.030487,0.306396,3.146484,3.638672,1.773438,21762,18290,18481,20239,0.450000,-0.550000,0.300000,0.000000,1772830882772.575,0.523348,0.031670,0.306769,0.000000,0.000000,0.000000,1.000000,position_only
2026-03-06T21:01:22.784015+00:00,1772830882784.014,0.511719,0.030762,0.306396,3.199219,3.414062,1.785156,21739,18308,18699,20033,0.450000,-0.550000,0.300000,0.000000,1772830882781.164,0.516290,0.031979,0.306880,0.000000,0.000000,0.000000,1.000000,position_only
2026-03-06T21:01:22.794597+00:00,1772830882794.597,0.503418,0.030991,0.306396,3.263672,3.220703,1.803711,21539,18618,18312,20337,0.450000,-0.550000,0.300000,0.000000,1772830882789.707,0.509331,0.032093,0.306934,0.000000,0.000000,0.000000,1.000000,position_only
2026-03-06T21:01:22.803712+00:00,1772830882803.712,0.495361,0.031219,0.306641,3.339844,3.017578,1.821289,21334,18796,18425,20216,0.450000,-0.550000,0.300000,0.000000,1772830882798.308,0.502185,0.032359,0.306996,0.000000,0.000000,0.000000,1.000000,position_only
2026-03-06T21:01:22.813994+00:00,1772830882813.993,0.486816,0.031342,0.306641,3.427734,2.890625,1.821289,20952,19183,17876,20766,0.450000,-0.550000,0.300000,0.000000,1772830882806.766,0.495113,0.032543,0.307191,0.000000,0.000000,0.000000,1.000000,position_only
2026-03-06T21:01:22.824002+00:00,1772830882824.001,0.478027,0.031433,0.306641,3.505859,2.777344,1.813477,21532,18607,18711,19842,0.450000,-0.550000,0.300000,0.000000,1772830882823.887,0.480798,0.032713,0.307274,0.000000,0.000000,0.000000,1.000000,position_only
2026-03-06T21:01:22.834450+00:00,1772830882834.450,0.469482,0.031433,0.306885,3.593750,2.691406,1.818359,21278,18860,18416,20109,0.450000,-0.550000,0.300000,0.000000,1772830882832.539,0.466577,0.032767,0.307339,0.000000,0.000000,0.000000,1.000000,position_only
2026-03-06T21:01:22.843542+00:00,1772830882843.541,0.460693,0.031403,0.306885,3.681641,2.625000,1.814453,21023,19047,18457,20081,0.450000,-0.550000,0.300000,0.000000,1772830882841.040,0.459412,0.032717,0.307391,0.000000,0.000000,0.000000,1.000000,position_only
2026-03-06T21:01:22.854259+00:00,1772830882854.259,0.451904,0.031342,0.306885,3.757812,2.580078,1.807617,21275,18769,18759,19800,0.450000,-0.550000,0.300000,0.000000,1772830882849.649,0.452232,0.032569,0.307467,0.000000,0.000000,0.000000,1.000000,position_only
2026-03-06T21:01:22.863843+00:00,1772830882863.842,0.443604,0.031250,0.307129,3.820312,2.521484,1.814453,20670,19255,18450,20173,0.450000,-0.550000,0.300000,0.000000,1772830882858.148,0.452232,0.032569,0.307467,0.000000,0.000000,0.000000,1.000000,position_only
2026-03-06T21:01:22.872990+00:00,1772830882872.990,0.434570,0.031036,0.307129,3.878906,2.500000,1.796875,20703,19293,18329,20249,0.450000,-0.550000,0.300000,0.000000,1772830882866.687,0.437712,0.032332,0.307694,0.000000,0.000000,0.000000,1.000000,position_only
2026-03-06T21:01:22.884326+00:00,1772830882884.325,0.425537,0.030762,0.307129,3.935547,2.453125,1.777344,20915,19000,18698,19931,0.450000,-0.550000,0.300000,0.000000,1772830882883.944,0.423335,0.031894,0.307740,0.000000,0.000000,0.000000,1.000000,position_only
2026-03-06T21:01:22.893475+00:00,1772830882893.475,0.416504,0.030441,0.307373,3.984375,2.380859,1.767578,21198,18777,18880,19706,0.450000,-0.550000,0.300000,0.000000,1772830882892.436,0.416024,0.031598,0.307808,0.000000,0.000000,0.000000,1.000000,position_only
2026-03-06T21:01:22.904045+00:00,1772830882904.045,0.407715,0.030045,0.307373,4.042969,2.302734,1.770508,20663,19119,18444,20315,0.450000,-0.550000,0.300000,0.000000,1772830882900.958,0.408869,0.031264,0.307808,0.000000,0.000000,0.000000,1.000000,position_only
2026-03-06T21:01:22.914550+00:00,1772830882914.549,0.398926,0.029602,0.307373,4.074219,2.158203,1.769531,20729,19117,18365,20394,0.450000,-0.550000,0.300000,0.000000,1772830882909.779,0.401725,0.030921,0.307885,0.000000,0.000000,0.000000,1.000000,position_only
2026-03-06T21:01:22.924894+00:00,1772830882924.893,0.390137,0.029099,0.307373,4.105469,1.984375,1.772461,20736,18974,18364,20512,0.450000,-0.550000,0.300000,0.000000,1772830882918.311,0.394497,0.030442,0.307868,0.000000,0.000000,0.000000,1.000000,position_only
2026-03-06T21:01:22.933800+00:00,1772830882933.799,0.381348,0.028580,0.307617,4.117188,1.747070,1.776367,21178,18498,18579,20351,0.450000,-0.550000,0.300000,0.000000,1772830882927.066,0.387399,0.030056,0.307964,0.000000,0.000000,0.000000,1.000000,position_only
2026-03-06T21:01:22.943969+00:00,1772830882943.969,0.372559,0.027939,0.307617,4.121094,1.474609,1.786133,20967,18633,18424,20546,0.450000,-0.550000,0.300000,0.000000,1772830882936.037,0.380120,0.029584,0.307991,0.000000,0.000000,0.000000,1.000000,position_only
2026-03-06T21:01:22.953824+00:00,1772830882953.823,0.363525,0.027237,0.307617,4.121094,1.154297,1.798828,21039,18625,18135,20795,0.450000,-0.550000,0.300000,0.000000,1772830882953.218,0.365857,0.028551,0.307979,0.000000,0.000000,0.000000,1.000000,position_only
2026-03-06T21:01:22.964543+00:00,1772830882964.543,0.354980,0.026489,0.307617,4.117188,0.782227,1.811523,21275,18400,18514,20400,0.450000,-0.550000,0.300000,0.000000,1772830882961.888,0.358702,0.028015,0.308007,0.000000,0.000000,0.000000,1.000000,position_only
2026-03-06T21:01:22.974695+00:00,1772830882974.695,0.346191,0.025681,0.307617,4.136719,0.417969,1.833984,21167,18549,18217,20683,0.450000,-0.550000,0.300000,0.000000,1772830882970.457,0.351582,0.027405,0.308056,0.000000,0.000000,0.000000,1.000000,position_only
2026-03-06T21:01:22.984461+00:00,1772830882984.461,0.337891,0.024841,0.307617,4.164062,0.053650,1.859375,20537,19247,17832,20954,0.450000,-0.550000,0.300000,0.000000,1772830882978.981,0.344441,0.026707,0.308113,0.000000,0.000000,0.000000,1.000000,position_only
2026-03-06T21:01:22.994115+00:00,1772830882994.115,0.329346,0.024002,0.307861,4.203125,-0.294922,1.869141,21150,18667,18190,20570,0.450000,-0.550000,0.300000,0.000000,1772830882987.479,0.337394,0.026005,0.308141,0.000000,0.000000,0.000000,1.000000,position_only
2026-03-06T21:01:23.004483+00:00,1772830883004.483,0.320557,0.023010,0.307861,4.261719,-0.632324,1.877930,21201,18717,18350,20312,0.450000,-0.550000,0.300000,0.000000,1772830882996.263,0.330337,0.025158,0.308127,0.000000,0.000000,0.000000,1.000000,position_only
2026-03-06T21:01:23.014520+00:00,1772830883014.520,0.312012,0.021957,0.307861,4.343750,-0.963867,1.895508,21327,18679,18221,20372,0.450000,-0.550000,0.300000,0.000000,1772830883013.259,0.316227,0.023551,0.308036,0.000000,0.000000,0.000000,1.000000,position_only
2026-03-06T21:01:23.026553+00:00,1772830883026.552,0.303711,0.020859,0.307861,4.437500,-1.305664,1.920898,21199,18885,18203,20314,0.450000,-0.550000,0.300000,0.000000,1772830883021.803,0.309194,0.022620,0.308058,0.000000,0.000000,0.000000,1.000000,position_only
2026-03-06T21:01:23.034737+00:00,1772830883034.737,0.295410,0.019714,0.307861,4.554688,-1.635742,1.942383,21258,18960,18091,20359,0.450000,-0.550000,0.300000,0.000000,1772830883030.294,0.302229,0.021653,0.308026,0.000000,0.000000,0.000000,1.000000,position_only
2026-03-06T21:01:23.044425+00:00,1772830883044.424,0.287354,0.018524,0.307861,4.667969,-1.957031,1.960938,20898,19180,17983,20657,0.450000,-0.550000,0.300000,0.000000,1772830883039.143,0.295332,0.020659,0.307988,0.000000,0.000000,0.000000,1.000000,position_only
2026-03-06T21:01:23.054092+00:00,1772830883054.092,0.279297,0.017334,0.307861,4.773438,-2.273438,1.979492,21592,18523,18597,20121,0.450000,-0.550000,0.300000,0.000000,1772830883047.651,0.288434,0.019653,0.307979,0.000000,0.000000,0.000000,1.000000,position_only
2026-03-06T21:01:23.064610+00:00,1772830883064.609,0.270996,0.015961,0.307617,4.859375,-2.585938,2.001953,22000,18134,19284,19509,0.450000,-0.550000,0.300000,0.000000,1772830883056.255,0.281664,0.018599,0.307981,0.000000,0.000000,0.000000,1.000000,position_only
2026-03-06T21:01:23.074579+00:00,1772830883074.579,0.262695,0.014534,0.307617,4.945312,-2.873047,2.037109,21341,18821,18526,20339,0.450000,-0.550000,0.300000,0.000000,1772830883073.369,0.267976,0.016263,0.307938,0.000000,0.000000,0.000000,1.000000,position_only
2026-03-06T21:01:23.083574+00:00,1772830883083.574,0.254883,0.013054,0.307617,5.019531,-3.160156,2.060547,20884,19221,18395,20565,0.450000,-0.550000,0.300000,0.000000,1772830883082.084,0.261371,0.014967,0.307926,0.000000,0.000000,0.000000,1.000000,position_only
2026-03-06T21:01:23.094208+00:00,1772830883094.208,0.247070,0.011528,0.307617,5.074219,-3.439453,2.074219,21308,18789,18793,20255,0.450000,-0.550000,0.300000,0.000000,1772830883090.850,0.248174,0.012307,0.307794,0.000000,0.000000,0.000000,1.000000,position_only
2026-03-06T21:01:23.105361+00:00,1772830883105.361,0.239014,0.009857,0.307373,5.117188,-3.691406,2.085938,21089,18744,18791,20571,0.450000,-0.550000,0.300000,0.000000,1772830883099.360,0.241600,0.010982,0.307673,0.000000,0.000000,0.000000,1.000000,position_only
2026-03-06T21:01:23.114411+00:00,1772830883114.411,0.231323,0.008217,0.307373,5.113281,-3.974609,2.111328,21357,18660,19070,20150,0.450000,-0.550000,0.300000,0.000000,1772830883107.869,0.235084,0.009516,0.307695,0.000000,0.000000,0.000000,1.000000,position_only
2026-03-06T21:01:23.124711+00:00,1772830883124.711,0.223267,0.006340,0.307373,5.125000,-4.218750,2.123047,20759,19130,18661,20748,0.450000,-0.550000,0.300000,0.000000,1772830883116.372,0.228615,0.008073,0.307575,0.000000,0.000000,0.000000,1.000000,position_only
2026-03-06T21:01:23.134083+00:00,1772830883134.082,0.215332,0.004414,0.307373,5.132812,-4.468750,2.132812,20689,19264,18422,21000,0.450000,-0.550000,0.300000,0.000000,1772830883133.486,0.215977,0.005018,0.307442,0.000000,0.000000,0.000000,1.000000,position_only
2026-03-06T21:01:23.144417+00:00,1772830883144.416,0.207520,0.002438,0.307129,5.128906,-4.730469,2.140625,21025,18848,19176,20402,0.450000,-0.550000,0.300000,0.000000,1772830883142.061,0.209819,0.003410,0.307387,0.000000,0.000000,0.000000,1.000000,position_only
2026-03-06T21:01:23.156066+00:00,1772830883156.066,0.200073,0.000414,0.307129,5.113281,-5.000000,2.160156,21466,18504,19477,20083,0.450000,-0.550000,0.300000,0.000000,1772830883150.532,0.209819,0.003410,0.307387,0.000000,0.000000,0.000000,1.000000,position_only
2026-03-06T21:01:23.165694+00:00,1772830883165.692,0.193359,-0.001451,0.306885,5.093750,-5.289062,2.208984,20902,19007,19009,20682,0.450000,-0.550000,0.300000,0.000000,1772830883159.029,0.197579,-0.000027,0.307269,0.000000,0.000000,0.000000,1.000000,position_only
2026-03-06T21:01:23.174581+00:00,1772830883174.580,0.185791,-0.003696,0.306885,5.085938,-5.562500,2.224609,20902,19080,18953,20731,0.450000,-0.550000,0.300000,0.000000,1772830883167.737,0.191571,-0.001751,0.307144,0.000000,0.000000,0.000000,1.000000,position_only
2026-03-06T21:01:23.184326+00:00,1772830883184.325,0.178467,-0.005989,0.306641,5.082031,-5.839844,2.238281,20630,19362,18879,20876,0.450000,-0.550000,0.300000,0.000000,1772830883176.306,0.185696,-0.003610,0.307096,0.000000,0.000000,0.000000,1.000000,position_only
2026-03-06T21:01:23.194608+00:00,1772830883194.607,0.171265,-0.008324,0.306641,5.074219,-6.132812,2.251953,21124,18947,19236,20457,0.450000,-0.550000,0.300000,0.000000,1772830883193.312,0.174084,-0.007403,0.306778,0.000000,0.000000,0.000000,1.000000,position_only
2026-03-06T21:01:23.205118+00:00,1772830883205.118,0.164307,-0.010704,0.306641,5.089844,-6.417969,2.275391,21392,18672,19710,19995,0.450000,-0.550000,0.300000,0.000000,1772830883202.048,0.168470,-0.009370,0.306811,0.000000,0.000000,0.000000,1.000000,position_only
2026-03-06T21:01:23.214313+00:00,1772830883214.312,0.157593,-0.013123,0.306396,5.125000,-6.691406,2.312500,20626,19448,18635,21059,0.450000,-0.550000,0.300000,0.000000,1772830883210.588,0.162783,-0.011443,0.306685,0.000000,0.000000,0.000000,1.000000,position_only
2026-03-06T21:01:23.224313+00:00,1772830883224.313,0.151123,-0.015579,0.306396,5.156250,-6.988281,2.343750,20475,19654,18662,21016,0.450000,-0.550000,0.300000,0.000000,1772830883219.084,0.157362,-0.013493,0.306590,0.000000,0.000000,0.000000,1.000000,position_only
2026-03-06T21:01:23.234987+00:00,1772830883234.986,0.144775,-0.018097,0.306152,5.195312,-7.324219,2.363281,21596,18471,19643,20083,0.450000,-0.550000,0.300000,0.000000,1772830883227.662,0.151988,-0.015534,0.306524,0.000000,0.000000,0.000000,1.000000,position_only
2026-03-06T21:01:23.245083+00:00,1772830883245.082,0.138428,-0.020782,0.306152,5.234375,-7.636719,2.404297,21041,18947,19282,20569,0.450000,-0.550000,0.300000,0.000000,1772830883244.707,0.141538,-0.019999,0.306296,0.000000,0.000000,0.000000,1.000000,position_only
2026-03-06T21:01:23.253826+00:00,1772830883253.825,0.132202,-0.023514,0.305908,5.265625,-7.968750,2.441406,21145,18988,19213,20534,0.450000,-0.550000,0.300000,0.000000,1772830883253.298,0.136415,-0.022285,0.306221,0.000000,0.000000,0.000000,1.000000,position_only
2026-03-06T21:01:23.264593+00:00,1772830883264.592,0.126221,-0.026291,0.305908,5.308594,-8.304688,2.480469,21192,18930,19533,20316,0.450000,-0.550000,0.300000,0.000000,1772830883261.783,0.131508,-0.024550,0.306233,0.000000,0.000000,0.000000,1.000000,position_only
2026-03-06T21:01:23.274491+00:00,1772830883274.490,0.120422,-0.029083,0.305664,5.339844,-8.625000,2.521484,20934,19181,19275,20637,0.450000,-0.550000,0.300000,0.000000,1772830883270.280,0.126653,-0.026928,0.306048,0.000000,0.000000,0.000000,1.000000,position_only
2026-03-06T21:01:23.285048+00:00,1772830883285.048,0.114868,-0.031921,0.305664,5.359375,-8.945312,2.560547,21135,18973,19672,20357,0.450000,-0.550000,0.300000,0.000000,1772830883278.863,0.121882,-0.029401,0.305889,0.000000,0.000000,0.000000,1.000000,position_only
2026-03-06T21:01:23.294721+00:00,1772830883294.721,0.109680,-0.034821,0.305420,5.386719,-9.257812,2.607422,21226,18823,19551,20592,0.450000,-0.550000,0.300000,0.000000,1772830883287.373,0.117122,-0.031975,0.305748,0.000000,0.000000,0.000000,1.000000,position_only
2026-03-06T21:01:23.304974+00:00,1772830883304.974,0.104248,-0.037933,0.305420,5.402344,-9.585938,2.646484,20534,19474,19059,21232,0.450000,-0.550000,0.300000,0.000000,1772830883304.515,0.108236,-0.037068,0.305562,0.000000,0.000000,0.000000,1.000000,position_only
2026-03-06T21:01:23.315017+00:00,1772830883315.017,0.099121,-0.041046,0.305176,5.414062,-9.929688,2.677734,21196,18966,19583,20603,0.450000,-0.550000,0.300000,0.000000,1772830883313.079,0.104014,-0.039718,0.305354,0.000000,0.000000,0.000000,1.000000,position_only
2026-03-06T21:01:23.324629+00:00,1772830883324.629,0.094177,-0.044220,0.305176,5.441406,-10.250000,2.718750,21383,18693,20084,20283,0.450000,-0.550000,0.300000,0.000000,1772830883321.548,0.099862,-0.042227,0.305211,0.000000,0.000000,0.000000,1.000000,position_only
2026-03-06T21:01:23.335923+00:00,1772830883335.922,0.089539,-0.047394,0.304932,5.460938,-10.554688,2.775391,20783,19238,19307,21156,0.450000,-0.550000,0.300000,0.000000,1772830883330.085,0.095823,-0.045093,0.304955,0.000000,0.000000,0.000000,1.000000,position_only
2026-03-06T21:01:23.344810+00:00,1772830883344.809,0.085510,-0.050446,0.304688,5.457031,-10.859375,2.845703,20983,19092,19772,20788,0.450000,-0.550000,0.300000,0.000000,1772830883338.762,0.091837,-0.047760,0.304931,0.000000,0.000000,0.000000,1.000000,position_only
2026-03-06T21:01:23.354618+00:00,1772830883354.617,0.080994,-0.053925,0.304688,5.460938,-11.179688,2.876953,21420,18668,20118,20496,0.450000,-0.550000,0.300000,0.000000,1772830883347.261,0.088044,-0.050655,0.304724,0.000000,0.000000,0.000000,1.000000,position_only
2026-03-06T21:01:23.364977+00:00,1772830883364.976,0.076782,-0.057404,0.304443,5.472656,-11.468750,2.921875,21198,18868,20234,20579,0.450000,-0.550000,0.300000,0.000000,1772830883364.260,0.080880,-0.056497,0.304542,0.000000,0.000000,0.000000,1.000000,position_only
2026-03-06T21:01:23.374912+00:00,1772830883374.910,0.072876,-0.060944,0.304199,5.472656,-11.742188,2.970703,20842,19287,20003,20824,0.450000,-0.550000,0.300000,0.000000,1772830883372.740,0.077503,-0.059488,0.304388,0.000000,0.000000,0.000000,1.000000,position_only
2026-03-06T21:01:23.384989+00:00,1772830883384.988,0.069153,-0.064514,0.303955,5.464844,-11.968750,3.015625,20871,19392,20280,20582,0.450000,-0.550000,0.300000,0.000000,1772830883381.353,0.074187,-0.062349,0.304246,0.000000,0.000000,0.000000,1.000000,position_only
2026-03-06T21:01:23.394828+00:00,1772830883394.827,0.065979,-0.067932,0.303955,5.480469,-12.171875,3.078125,21325,19014,20769,20083,0.450000,-0.550000,0.300000,0.000000,1772830883389.973,0.070996,-0.065595,0.304053,0.000000,0.000000,0.000000,1.000000,position_only
2026-03-06T21:01:23.405271+00:00,1772830883405.271,0.062561,-0.071716,0.303711,5.507812,-12.328125,3.109375,20570,19760,20175,20871,0.450000,-0.550000,0.300000,0.000000,1772830883398.493,0.068077,-0.068669,0.303996,0.000000,0.000000,0.000000,1.000000,position_only
2026-03-06T21:01:23.415213+00:00,1772830883415.213,0.059357,-0.075562,0.303467,5.531250,-12.484375,3.132812,21036,19252,20742,20420,0.450000,-0.550000,0.300000,0.000000,1772830883406.941,0.065240,-0.071738,0.303844,0.000000,0.000000,0.000000,1.000000,position_only
2026-03-06T21:01:23.425635+00:00,1772830883425.635,0.056274,-0.079651,0.303223,5.546875,-12.632812,3.144531,20534,19763,20276,20994,0.450000,-0.550000,0.300000,0.000000,1772830883424.445,0.057613,-0.081431,0.303626,0.000000,0.000000,0.000000,1.000000,position_only
2026-03-06T21:01:23.435326+00:00,1772830883435.326,0.053467,-0.083801,0.302979,5.558594,-12.820312,3.162109,21288,19167,20838,20290,0.450000,-0.550000,0.300000,0.000000,1772830883432.964,0.055306,-0.084859,0.303325,0.000000,0.000000,0.000000,1.000000,position_only
2026-03-06T21:01:23.446020+00:00,1772830883446.020,0.050903,-0.087891,0.302734,5.597656,-13.000000,3.193359,21423,19041,20991,20261,0.450000,-0.550000,0.300000,0.000000,1772830883441.513,0.053243,-0.088243,0.303269,0.000000,0.000000,0.000000,1.000000,position_only
2026-03-06T21:01:23.455242+00:00,1772830883455.241,0.048615,-0.092041,0.302734,5.636719,-13.210938,3.246094,20650,19809,20344,20959,0.450000,-0.550000,0.300000,0.000000,1772830883450.124,0.051331,-0.091679,0.303152,0.000000,0.000000,0.000000,1.000000,position_only
2026-03-06T21:01:23.466100+00:00,1772830883466.100,0.046844,-0.095947,0.302490,5.656250,-13.414062,3.318359,20790,19744,20884,20490,0.450000,-0.550000,0.300000,0.000000,1772830883458.649,0.051331,-0.091679,0.303152,0.000000,0.000000,0.000000,1.000000,position_only
2026-03-06T21:01:23.475077+00:00,1772830883475.076,0.044922,-0.100403,0.302246,5.695312,-13.562500,3.333984,20656,19943,20444,20925,0.450000,-0.550000,0.300000,0.000000,1772830883467.286,0.047946,-0.098848,0.302846,0.000000,0.000000,0.000000,1.000000,position_only
2026-03-06T21:01:23.485609+00:00,1772830883485.608,0.043274,-0.104858,0.302002,5.785156,-13.890625,3.373047,21060,19637,21126,20303,0.450000,-0.550000,0.300000,0.000000,1772830883484.469,0.045126,-0.106017,0.302484,0.000000,0.000000,0.000000,1.000000,position_only
2026-03-06T21:01:23.494615+00:00,1772830883494.615,0.041870,-0.109314,0.302002,5.785156,-13.898438,3.396484,20975,19787,20834,20560,0.450000,-0.550000,0.300000,0.000000,1772830883493.216,0.043920,-0.109898,0.302321,0.000000,0.000000,0.000000,1.000000,position_only
2026-03-06T21:01:23.506543+00:00,1772830883506.543,0.040741,-0.113831,0.301758,5.894531,-14.226562,3.447266,20917,19864,21032,20490,0.450000,-0.550000,0.300000,0.000000,1772830883501.809,0.042862,-0.113594,0.302128,0.000000,0.000000,0.000000,1.000000,position_only
2026-03-06T21:01:23.514836+00:00,1772830883514.835,0.039825,-0.118347,0.301514,5.890625,-14.226562,3.484375,21078,19880,21060,20328,0.450000,-0.550000,0.300000,0.000000,1772830883510.304,0.041960,-0.117499,0.302107,0.000000,0.000000,0.000000,1.000000,position_only
2026-03-06T21:01:23.525239+00:00,1772830883525.239,0.038727,-0.127808,0.301025,6.035156,-14.484375,3.544922,20267,20728,20416,21086,0.450000,-0.550000,0.300000,0.000000,1772830883519.034,0.041171,-0.121327,0.302023,0.000000,0.000000,0.000000,1.000000,position_only
2026-03-06T21:01:23.535694+00:00,1772830883535.694,0.038513,-0.132690,0.301025,6.109375,-14.640625,3.566406,20855,20228,20853,20628,0.450000,-0.550000,0.300000,0.000000,1772830883527.532,0.040669,-0.125222,0.301823,0.000000,0.000000,0.000000,1.000000,position_only
2026-03-06T21:01:23.545723+00:00,1772830883545.722,0.038574,-0.137695,0.300781,6.171875,-14.820312,3.603516,20752,20329,20868,20775,0.450000,-0.550000,0.300000,0.000000,1772830883544.590,0.040050,-0.133454,0.301693,0.000000,0.000000,0.000000,1.000000,position_only
2026-03-06T21:01:23.554733+00:00,1772830883554.733,0.038879,-0.142700,0.300537,6.238281,-14.984375,3.650391,21488,19702,21489,20084,0.450000,-0.550000,0.300000,0.000000,1772830883553.125,0.039912,-0.137618,0.301551,0.000000,0.000000,0.000000,1.000000,position_only
2026-03-06T21:01:23.566549+00:00,1772830883566.548,0.039459,-0.147705,0.300293,6.289062,-15.132812,3.712891,21267,19870,21543,20217,0.450000,-0.550000,0.300000,0.000000,1772830883561.748,0.040102,-0.141635,0.301595,0.000000,0.000000,0.000000,1.000000,position_only
2026-03-06T21:01:23.575188+00:00,1772830883575.188,0.040314,-0.152588,0.300293,6.328125,-15.257812,3.777344,20964,20321,21199,20477,0.450000,-0.550000,0.300000,0.000000,1772830883570.255,0.040390,-0.145962,0.301576,0.000000,0.000000,0.000000,1.000000,position_only
2026-03-06T21:01:23.586018+00:00,1772830883586.017,0.041382,-0.157959,0.300049,6.351562,-15.398438,3.794922,20151,21031,20548,21358,0.450000,-0.550000,0.300000,0.000000,1772830883578.766,0.040791,-0.150230,0.301442,0.000000,0.000000,0.000000,1.000000,position_only
2026-03-06T21:01:23.595041+00:00,1772830883595.040,0.042694,-0.163330,0.299805,6.363281,-15.531250,3.824219,20957,20246,21299,20631,0.450000,-0.550000,0.300000,0.000000,1772830883587.611,0.041462,-0.154562,0.301414,0.000000,0.000000,0.000000,1.000000,position_only
2026-03-06T21:01:23.605299+00:00,1772830883605.299,0.044250,-0.168701,0.299805,6.394531,-15.625000,3.882812,21618,19698,22335,19606,0.450000,-0.550000,0.300000,0.000000,1772830883604.779,0.043207,-0.163297,0.301318,0.000000,0.000000,0.000000,1.000000,position_only
2026-03-06T21:01:23.615984+00:00,1772830883615.984,0.046051,-0.174072,0.299561,6.410156,-15.687500,3.941406,21094,20237,21785,20139,0.450000,-0.550000,0.300000,0.000000,1772830883613.381,0.044308,-0.167694,0.301163,0.000000,0.000000,0.000000,1.000000,position_only
2026-03-06T21:01:23.626632+00:00,1772830883626.632,0.048096,-0.179443,0.299561,6.414062,-15.726562,3.972656,20021,21292,21002,21019,0.450000,-0.550000,0.300000,0.000000,1772830883622.000,0.045622,-0.172322,0.301134,0.000000,0.000000,0.000000,1.000000,position_only
2026-03-06T21:01:23.635636+00:00,1772830883635.635,0.047943,-0.178955,0.299561,6.406250,-15.718750,4.019531,19834,21493,20356,21668,0.450000,-0.550000,0.300000,0.000000,1772830883630.530,0.047073,-0.176894,0.301008,0.000000,0.000000,0.000000,1.000000,position_only
2026-03-06T21:01:23.645972+00:00,1772830883645.971,0.052765,-0.190063,0.299316,6.421875,-15.828125,4.074219,21215,20180,22378,19655,0.450000,-0.550000,0.300000,0.000000,1772830883639.024,0.048754,-0.181630,0.300984,0.000000,0.000000,0.000000,1.000000,position_only
2026-03-06T21:01:23.655328+00:00,1772830883655.327,0.055573,-0.195923,0.299316,6.453125,-15.835938,4.128906,21547,19971,22424,19532,0.450000,-0.550000,0.300000,0.000000,1772830883647.590,0.050465,-0.186311,0.300970,0.000000,0.000000,0.000000,1.000000,position_only
2026-03-06T21:01:23.665402+00:00,1772830883665.401,0.058624,-0.201660,0.299072,6.472656,-15.867188,4.164062,20230,21309,21204,20816,0.450000,-0.550000,0.300000,0.000000,1772830883664.769,0.054437,-0.195926,0.300976,0.000000,0.000000,0.000000,1.000000,position_only
2026-03-06T21:01:23.676154+00:00,1772830883676.153,0.061890,-0.207520,0.299072,6.476562,-15.929688,4.183594,19806,21717,20672,21404,0.450000,-0.550000,0.300000,0.000000,1772830883673.296,0.056718,-0.200845,0.300953,0.000000,0.000000,0.000000,1.000000,position_only
2026-03-06T21:01:23.685899+00:00,1772830883685.898,0.065369,-0.213379,0.298828,6.492188,-15.945312,4.230469,21291,20382,22358,19631,0.450000,-0.550000,0.300000,0.000000,1772830883681.845,0.059313,-0.205849,0.300961,0.000000,0.000000,0.000000,1.000000,position_only
2026-03-06T21:01:23.696316+00:00,1772830883696.315,0.065002,-0.212891,0.299072,6.484375,-15.929688,4.273438,21547,20131,22634,19362,0.450000,-0.550000,0.300000,0.000000,1772830883690.353,0.061929,-0.210810,0.301017,0.000000,0.000000,0.000000,1.000000,position_only
2026-03-06T21:01:23.705297+00:00,1772830883705.297,0.072876,-0.225220,0.298828,6.531250,-15.929688,4.347656,19963,21599,21145,20952,0.450000,-0.550000,0.300000,0.000000,1772830883699.074,0.067746,-0.220882,0.301043,0.000000,0.000000,0.000000,1.000000,position_only
2026-03-06T21:01:23.715272+00:00,1772830883715.271,0.077393,-0.231812,0.298828,6.527344,-15.937500,4.324219,19592,21902,20759,21376,0.450000,-0.550000,0.300000,0.000000,1772830883707.589,0.070904,-0.226097,0.301057,0.000000,0.000000,0.000000,1.000000,position_only
2026-03-06T21:01:23.725212+00:00,1772830883725.211,0.082092,-0.238403,0.298828,6.515625,-15.976562,4.316406,20177,21435,21214,20785,0.450000,-0.550000,0.300000,0.000000,1772830883724.652,0.077863,-0.236691,0.301164,0.000000,0.000000,0.000000,1.000000,position_only
2026-03-06T21:01:23.736351+00:00,1772830883736.351,0.087036,-0.244995,0.298828,6.496094,-15.976562,4.335938,21060,20508,22165,19853,0.450000,-0.550000,0.300000,0.000000,1772830883733.363,0.081570,-0.241992,0.301201,0.000000,0.000000,0.000000,1.000000,position_only
2026-03-06T21:01:23.747082+00:00,1772830883747.082,0.092163,-0.251709,0.298828,6.468750,-15.960938,4.371094,20637,20939,21739,20243,0.450000,-0.550000,0.300000,0.000000,1772830883741.860,0.085319,-0.247354,0.301363,0.000000,0.000000,0.000000,1.000000,position_only
2026-03-06T21:01:23.755993+00:00,1772830883755.993,0.097290,-0.258301,0.299072,6.445312,-15.976562,4.378906,19905,21770,20747,21081,0.450000,-0.550000,0.300000,0.000000,1772830883750.359,0.089255,-0.252857,0.301461,0.000000,0.000000,0.000000,1.000000,position_only
2026-03-06T21:01:23.765141+00:00,1772830883765.140,0.103088,-0.265381,0.299072,6.414062,-15.984375,4.367188,20106,21501,20990,20808,0.450000,-0.550000,0.300000,0.000000,1772830883758.884,0.093402,-0.258314,0.301582,0.000000,0.000000,0.000000,1.000000,position_only
2026-03-06T21:01:23.775292+00:00,1772830883775.291,0.108765,-0.271973,0.299072,6.363281,-15.968750,4.410156,21031,20580,21875,19877,0.450000,-0.550000,0.300000,0.000000,1772830883767.409,0.093402,-0.258314,0.301582,0.000000,0.000000,0.000000,1.000000,position_only
2026-03-06T21:01:23.785639+00:00,1772830883785.639,0.114929,-0.278809,0.299072,6.320312,-15.921875,4.437500,20794,20709,21953,19794,0.450000,-0.550000,0.300000,0.000000,1772830883784.646,0.106961,-0.275211,0.302045,0.000000,0.000000,0.000000,1.000000,position_only
2026-03-06T21:01:23.795858+00:00,1772830883795.857,0.121216,-0.285889,0.299316,6.242188,-15.835938,4.449219,19621,21761,20802,21007,0.450000,-0.550000,0.300000,0.000000,1772830883793.192,0.111836,-0.281048,0.302173,0.000000,0.000000,0.000000,1.000000,position_only
2026-03-06T21:01:23.806252+00:00,1772830883806.251,0.127686,-0.292969,0.299316,6.148438,-15.726562,4.453125,19940,21413,21372,20339,0.450000,-0.550000,0.300000,0.000000,1772830883801.724,0.116867,-0.286707,0.302364,0.000000,0.000000,0.000000,1.000000,position_only
2026-03-06T21:01:23.816322+00:00,1772830883816.321,0.134033,-0.299805,0.299561,6.035156,-15.523438,4.476562,20592,20509,22409,19460,0.450000,-0.550000,0.300000,0.000000,1772830883810.224,0.122016,-0.292526,0.302566,0.000000,0.000000,0.000000,1.000000,position_only
2026-03-06T21:01:23.826150+00:00,1772830883826.149,0.141235,-0.307129,0.299805,5.906250,-15.335938,4.480469,19888,21061,21752,20087,0.450000,-0.550000,0.300000,0.000000,1772830883819.128,0.127163,-0.298393,0.302776,0.000000,0.000000,0.000000,1.000000,position_only
2026-03-06T21:01:23.836070+00:00,1772830883836.070,0.148560,-0.314453,0.300049,5.742188,-15.140625,4.472656,19165,21693,21190,20666,0.450000,-0.550000,0.300000,0.000000,1772830883827.651,0.132568,-0.304177,0.303060,0.000000,0.000000,0.000000,1.000000,position_only
2026-03-06T21:01:23.846272+00:00,1772830883846.271,0.156006,-0.321777,0.300293,5.558594,-14.921875,4.460938,19137,21463,21269,20642,0.450000,-0.550000,0.300000,0.000000,1772830883845.101,0.143982,-0.316166,0.303535,0.000000,0.000000,0.000000,1.000000,position_only
2026-03-06T21:01:23.856094+00:00,1772830883856.094,0.163574,-0.329102,0.300293,5.359375,-14.703125,4.480469,20262,20272,22629,19280,0.450000,-0.550000,0.300000,0.000000,1772830883853.588,0.149838,-0.322250,0.303719,0.000000,0.000000,0.000000,1.000000,position_only
2026-03-06T21:01:23.867495+00:00,1772830883867.494,0.171265,-0.336426,0.300537,5.148438,-14.476562,4.515625,19903,20431,22215,19684,0.450000,-0.550000,0.300000,0.000000,1772830883862.173,0.155955,-0.328189,0.304016,0.000000,0.000000,0.000000,1.000000,position_only
2026-03-06T21:01:23.876078+00:00,1772830883876.077,0.170288,-0.335938,0.300781,5.140625,-14.445312,4.550781,19002,21205,21455,20444,0.450000,-0.550000,0.300000,0.000000,1772830883870.731,0.161960,-0.334345,0.304399,0.000000,0.000000,0.000000,1.000000,position_only
2026-03-06T21:01:23.885915+00:00,1772830883885.914,0.186401,-0.350586,0.301270,4.691406,-13.960938,4.562500,18758,21095,21555,20415,0.450000,-0.550000,0.300000,0.000000,1772830883879.320,0.168386,-0.340436,0.304690,0.000000,0.000000,0.000000,1.000000,position_only
2026-03-06T21:01:23.896374+00:00,1772830883896.373,0.194946,-0.358398,0.301514,4.464844,-13.734375,4.570312,19586,20209,22349,19607,0.450000,-0.550000,0.300000,0.000000,1772830883887.823,0.174757,-0.346600,0.304989,0.000000,0.000000,0.000000,1.000000,position_only
2026-03-06T21:01:23.906194+00:00,1772830883906.194,0.203491,-0.365967,0.301758,4.261719,-13.484375,4.601562,19582,20056,22251,19602,0.450000,-0.550000,0.300000,0.000000,1772830883904.943,0.188070,-0.359097,0.305572,0.000000,0.000000,0.000000,1.000000,position_only
2026-03-06T21:01:23.916207+00:00,1772830883916.206,0.212158,-0.373291,0.302246,4.058594,-13.218750,4.617188,18945,20661,21930,19830,0.450000,-0.550000,0.300000,0.000000,1772830883913.442,0.194984,-0.365275,0.305971,0.000000,0.000000,0.000000,1.000000,position_only
2026-03-06T21:01:23.926149+00:00,1772830883926.148,0.220947,-0.380859,0.302490,3.863281,-12.906250,4.625000,18190,21240,21229,20356,0.450000,-0.550000,0.300000,0.000000,1772830883922.203,0.201889,-0.371595,0.306317,0.000000,0.000000,0.000000,1.000000,position_only
2026-03-06T21:01:23.936575+00:00,1772830883936.574,0.219604,-0.380127,0.302734,3.851562,-12.875000,4.660156,18714,20661,21872,19592,0.450000,-0.550000,0.300000,0.000000,1772830883930.773,0.208963,-0.377936,0.306721,0.000000,0.000000,0.000000,1.000000,position_only
2026-03-06T21:01:23.945636+00:00,1772830883945.635,0.237793,-0.395264,0.303467,3.544922,-12.226562,4.679688,19379,19812,22607,18672,0.450000,-0.550000,0.300000,0.000000,1772830883939.281,0.216124,-0.384323,0.307108,0.000000,0.000000,0.000000,1.000000,position_only
2026-03-06T21:01:23.956604+00:00,1772830883956.603,0.236816,-0.395020,0.303711,3.537109,-12.195312,4.691406,18545,20753,21778,19254,0.450000,-0.550000,0.300000,0.000000,1772830883956.558,0.230859,-0.397081,0.307864,0.000000,0.000000,0.000000,1.000000,position_only
2026-03-06T21:01:23.966820+00:00,1772830883966.819,0.247192,-0.403564,0.304199,3.431641,-11.804688,4.710938,18177,20891,21217,19661,0.450000,-0.550000,0.300000,0.000000,1772830883965.094,0.238318,-0.403506,0.308209,0.000000,0.000000,0.000000,1.000000,position_only
2026-03-06T21:01:23.976819+00:00,1772830883976.818,0.256348,-0.411133,0.304443,3.341797,-11.453125,4.710938,18776,20291,22088,18647,0.450000,-0.550000,0.300000,0.000000,1772830883973.655,0.246022,-0.409978,0.308633,0.000000,0.000000,0.000000,1.000000,position_only
2026-03-06T21:01:23.987496+00:00,1772830883987.495,0.265869,-0.418457,0.304932,3.279297,-11.085938,4.730469,18871,20047,21947,18618,0.450000,-0.550000,0.300000,0.000000,1772830883982.178,0.253747,-0.416500,0.309067,0.000000,0.000000,0.000000,1.000000,position_only
2026-03-06T21:01:23.995870+00:00,1772830883995.869,0.274658,-0.426270,0.305664,3.218750,-10.710938,4.746094,18509,20276,21810,18757,0.450000,-0.550000,0.300000,0.000000,1772830883990.972,0.269396,-0.429393,0.309974,0.000000,0.000000,0.000000,1.000000,position_only
2026-03-06T21:01:24.006045+00:00,1772830884006.044,0.285156,-0.434570,0.306152,3.181641,-10.375000,4.734375,18142,20589,20893,19338,0.450000,-0.550000,0.300000,0.000000,1772830883999.534,0.277436,-0.435951,0.310391,0.000000,0.000000,0.000000,1.000000,position_only
2026-03-06T21:01:24.016193+00:00,1772830884016.192,0.295654,-0.442627,0.306641,3.152344,-10.070312,4.714844,18554,20070,21498,18680,0.450000,-0.550000,0.300000,0.000000,1772830884008.041,0.285484,-0.442491,0.310812,0.000000,0.000000,0.000000,1.000000,position_only
2026-03-06T21:01:24.025857+00:00,1772830884025.856,0.306152,-0.450928,0.307129,3.123047,-9.757812,4.710938,19118,19300,21781,18236,0.450000,-0.550000,0.300000,0.000000,1772830884025.504,0.301886,-0.455547,0.311698,0.000000,0.000000,0.000000,1.000000,position_only
2026-03-06T21:01:24.036634+00:00,1772830884036.634,0.316406,-0.458984,0.307617,3.080078,-9.445312,4.722656,18145,20201,20792,19182,0.450000,-0.550000,0.300000,0.000000,1772830884034.016,0.310183,-0.462144,0.312068,0.000000,0.000000,0.000000,1.000000,position_only
2026-03-06T21:01:24.047321+00:00,1772830884047.320,0.326904,-0.466797,0.307861,3.025391,-9.156250,4.722656,18132,20209,20486,19198,0.450000,-0.550000,0.300000,0.000000,1772830884042.520,0.318573,-0.468736,0.312448,0.000000,0.000000,0.000000,1.000000,position_only
2026-03-06T21:01:24.056373+00:00,1772830884056.373,0.336670,-0.474854,0.308594,2.984375,-8.820312,4.710938,18268,19944,20855,18865,0.450000,-0.550000,0.300000,0.000000,1772830884051.028,0.327069,-0.475313,0.312795,0.000000,0.000000,0.000000,1.000000,position_only
2026-03-06T21:01:24.066700+00:00,1772830884066.699,0.347412,-0.483154,0.309082,2.943359,-8.515625,4.699219,18957,19193,21070,18365,0.450000,-0.550000,0.300000,0.000000,1772830884059.755,0.335511,-0.481999,0.313210,0.000000,0.000000,0.000000,1.000000,position_only
2026-03-06T21:01:24.076720+00:00,1772830884076.719,0.358398,-0.491211,0.309570,2.898438,-8.210938,4.703125,18277,19908,20559,18803,0.450000,-0.550000,0.300000,0.000000,1772830884068.274,0.344104,-0.488651,0.313537,0.000000,0.000000,0.000000,1.000000,position_only
2026-03-06T21:01:24.085877+00:00,1772830884085.876,0.369141,-0.499512,0.310059,2.855469,-7.882812,4.703125,18305,19751,20204,19020,0.450000,-0.550000,0.300000,0.000000,1772830884085.592,0.361250,-0.501852,0.314357,0.000000,0.000000,0.000000,1.000000,position_only
2026-03-06T21:01:24.095976+00:00,1772830884095.976,0.379883,-0.507324,0.310547,2.800781,-7.535156,4.691406,18702,19388,21038,18145,0.450000,-0.550000,0.300000,0.000000,1772830884094.246,0.370054,-0.508438,0.314770,0.000000,0.000000,0.000000,1.000000,position_only
2026-03-06T21:01:24.107003+00:00,1772830884107.002,0.390625,-0.515625,0.310791,2.742188,-7.105469,4.695312,18213,19642,20467,18752,0.450000,-0.550000,0.300000,0.000000,1772830884102.706,0.378815,-0.515043,0.315097,0.000000,0.000000,0.000000,1.000000,position_only
2026-03-06T21:01:24.117260+00:00,1772830884117.259,0.401123,-0.523926,0.311523,2.662109,-6.652344,4.675781,17925,19880,20465,18817,0.450000,-0.550000,0.300000,0.000000,1772830884111.301,0.387520,-0.521701,0.315432,0.000000,0.000000,0.000000,1.000000,position_only
2026-03-06T21:01:24.128181+00:00,1772830884128.180,0.412354,-0.532227,0.312012,2.566406,-6.187500,4.652344,18829,18900,21409,17769,0.450000,-0.550000,0.300000,0.000000,1772830884119.766,0.396308,-0.528340,0.315723,0.000000,0.000000,0.000000,1.000000,position_only
2026-03-06T21:01:24.136631+00:00,1772830884136.630,0.423340,-0.540039,0.312256,2.458984,-5.652344,4.644531,17959,19711,20929,18312,0.450000,-0.550000,0.300000,0.000000,1772830884128.645,0.405034,-0.534979,0.316075,0.000000,0.000000,0.000000,1.000000,position_only
2026-03-06T21:01:24.146537+00:00,1772830884146.536,0.434326,-0.548340,0.312500,2.335938,-5.070312,4.636719,17629,19952,20585,18584,0.450000,-0.550000,0.300000,0.000000,1772830884145.676,0.422757,-0.548301,0.316541,0.000000,0.000000,0.000000,1.000000,position_only
2026-03-06T21:01:24.155625+00:00,1772830884155.625,0.445068,-0.556152,0.312744,2.195312,-4.441406,4.609375,17249,20137,20585,18838,0.450000,-0.550000,0.300000,0.000000,1772830884154.161,0.431541,-0.554937,0.316756,0.000000,0.000000,0.000000,1.000000,position_only
2026-03-06T21:01:24.167699+00:00,1772830884167.698,0.455811,-0.564453,0.313232,2.017578,-3.794922,4.585938,17744,19684,21165,18123,0.450000,-0.550000,0.300000,0.000000,1772830884163.002,0.440496,-0.561667,0.316970,0.000000,0.000000,0.000000,1.000000,position_only
2026-03-06T21:01:24.176981+00:00,1772830884176.980,0.466064,-0.572266,0.313721,1.852539,-3.076172,4.558594,17855,19505,21663,17780,0.450000,-0.550000,0.300000,0.000000,1772830884171.505,0.449283,-0.568310,0.317181,0.000000,0.000000,0.000000,1.000000,position_only
2026-03-06T21:01:24.187151+00:00,1772830884187.150,0.477295,-0.580566,0.313965,1.684570,-2.365234,4.546875,17599,19829,21115,18180,0.450000,-0.550000,0.300000,0.000000,1772830884180.018,0.458133,-0.574980,0.317393,0.000000,0.000000,0.000000,1.000000,position_only
2026-03-06T21:01:24.195867+00:00,1772830884195.866,0.488037,-0.588867,0.313965,1.520508,-1.636719,4.527344,16790,20591,20790,18596,0.450000,-0.550000,0.300000,0.000000,1772830884188.604,0.466891,-0.581570,0.317549,0.000000,0.000000,0.000000,1.000000,position_only
2026-03-06T21:01:24.206408+00:00,1772830884206.407,0.498779,-0.596680,0.314209,1.357422,-0.879395,4.492188,17512,19830,21395,17956,0.450000,-0.550000,0.300000,0.000000,1772830884205.943,0.484502,-0.594841,0.317846,0.000000,0.000000,0.000000,1.000000,position_only
2026-03-06T21:01:24.216180+00:00,1772830884216.178,0.509277,-0.604492,0.314453,1.193359,-0.103210,4.472656,17200,20058,21568,17925,0.450000,-0.550000,0.300000,0.000000,1772830884214.480,0.493181,-0.601544,0.317872,0.000000,0.000000,0.000000,1.000000,position_only
2026-03-06T21:01:24.228073+00:00,1772830884228.073,0.520020,-0.612305,0.314453,1.013672,0.688477,4.457031,17124,20192,21277,18084,0.450000,-0.550000,0.300000,0.000000,1772830884223.037,0.501847,-0.608099,0.317986,0.000000,0.000000,0.000000,1.000000,position_only
2026-03-06T21:01:24.237025+00:00,1772830884237.024,0.529785,-0.620605,0.314941,0.855957,1.522461,4.441406,16782,20520,21159,18236,0.450000,-0.550000,0.300000,0.000000,1772830884231.532,0.510693,-0.614807,0.317939,0.000000,0.000000,0.000000,1.000000,position_only
2026-03-06T21:01:24.246850+00:00,1772830884246.849,0.540039,-0.628418,0.314941,0.704102,2.287109,4.410156,16811,20552,20796,18474,0.450000,-0.550000,0.300000,0.000000,1772830884240.028,0.519239,-0.621485,0.317909,0.000000,0.000000,0.000000,1.000000,position_only
2026-03-06T21:01:24.256552+00:00,1772830884256.551,0.550781,-0.636719,0.314941,0.569336,3.035156,4.378906,16588,20829,20979,18290,0.450000,-0.550000,0.300000,0.000000,1772830884248.530,0.527707,-0.628137,0.317877,0.000000,0.000000,0.000000,1.000000,position_only
2026-03-06T21:01:24.265906+00:00,1772830884265.905,0.561523,-0.645020,0.314941,0.456055,3.763672,4.343750,17194,20203,21065,18262,0.450000,-0.550000,0.300000,0.000000,1772830884265.819,0.552953,-0.647910,0.317897,0.000000,0.000000,0.000000,1.000000,position_only
2026-03-06T21:01:24.277251+00:00,1772830884277.250,0.571777,-0.653320,0.315186,0.329346,4.433594,4.312500,17136,20419,21047,18220,0.450000,-0.550000,0.300000,0.000000,1772830884274.599,0.561222,-0.654435,0.317801,0.000000,0.000000,0.000000,1.000000,position_only
2026-03-06T21:01:24.288070+00:00,1772830884288.069,0.582031,-0.661133,0.314941,0.216309,5.054688,4.281250,17667,20021,21105,18152,0.450000,-0.550000,0.300000,0.000000,1772830884283.182,0.569276,-0.660939,0.317718,0.000000,0.000000,0.000000,1.000000,position_only
2026-03-06T21:01:24.297109+00:00,1772830884297.107,0.591797,-0.669434,0.315186,0.123230,5.675781,4.261719,17350,20388,20957,18403,0.450000,-0.550000,0.300000,0.000000,1772830884291.820,0.577358,-0.667509,0.317536,0.000000,0.000000,0.000000,1.000000,position_only
2026-03-06T21:01:24.306801+00:00,1772830884306.800,0.602051,-0.677734,0.315186,0.028824,6.261719,4.234375,17443,20571,20577,18646,0.450000,-0.550000,0.300000,0.000000,1772830884300.377,0.585428,-0.674135,0.317325,0.000000,0.000000,0.000000,1.000000,position_only
2026-03-06T21:01:24.316823+00:00,1772830884316.822,0.611816,-0.686035,0.314941,-0.052063,6.839844,4.199219,17294,20894,20484,18676,0.450000,-0.550000,0.300000,0.000000,1772830884308.963,0.593162,-0.680508,0.317217,0.000000,0.000000,0.000000,1.000000,position_only
2026-03-06T21:01:24.326835+00:00,1772830884326.834,0.621582,-0.694336,0.314697,-0.110840,7.414062,4.160156,17455,20928,20131,19011,0.450000,-0.550000,0.300000,0.000000,1772830884326.429,0.608598,-0.693538,0.316732,0.000000,0.000000,0.000000,1.000000,position_only
2026-03-06T21:01:24.336078+00:00,1772830884336.077,0.630859,-0.702148,0.314697,-0.168945,7.953125,4.109375,18031,20391,21068,18188,0.450000,-0.550000,0.300000,0.000000,1772830884334.907,0.616114,-0.700016,0.316480,0.000000,0.000000,0.000000,1.000000,position_only
2026-03-06T21:01:24.346580+00:00,1772830884346.579,0.640137,-0.709961,0.314453,-0.241211,8.500000,4.066406,18305,20349,20842,18507,0.450000,-0.550000,0.300000,0.000000,1772830884343.529,0.623424,-0.706419,0.316125,0.000000,0.000000,0.000000,1.000000,position_only
2026-03-06T21:01:24.358907+00:00,1772830884358.906,0.648926,-0.717773,0.314209,-0.314697,9.046875,4.031250,18230,20483,21179,18338,0.450000,-0.550000,0.300000,0.000000,1772830884352.202,0.630709,-0.712830,0.315757,0.000000,0.000000,0.000000,1.000000,position_only
2026-03-06T21:01:24.366878+00:00,1772830884366.877,0.656738,-0.725586,0.313965,-0.392334,9.625000,4.003906,17708,21159,20428,19317,0.450000,-0.550000,0.300000,0.000000,1772830884360.702,0.637878,-0.719216,0.315409,0.000000,0.000000,0.000000,1.000000,position_only
2026-03-06T21:01:24.376147+00:00,1772830884376.146,0.665039,-0.733398,0.313477,-0.481934,10.156250,3.947266,17414,21536,20224,19713,0.450000,-0.550000,0.300000,0.000000,1772830884369.186,0.644850,-0.725589,0.315028,0.000000,0.000000,0.000000,1.000000,position_only
2026-03-06T21:01:24.390437+00:00,1772830884390.437,0.673828,-0.741211,0.313232,-0.586914,10.648438,3.880859,18949,20242,21650,18475,0.450000,-0.550000,0.300000,0.000000,1772830884386.217,0.658838,-0.738453,0.314007,0.000000,0.000000,0.000000,1.000000,position_only
2026-03-06T21:01:24.397832+00:00,1772830884397.832,0.681641,-0.749023,0.312744,-0.723145,11.164062,3.837891,18570,20565,21605,18913,0.450000,-0.550000,0.300000,0.000000,1772830884395.192,0.665342,-0.744545,0.313507,0.000000,0.000000,0.000000,1.000000,position_only
2026-03-06T21:01:24.408483+00:00,1772830884408.482,0.689453,-0.756348,0.312256,-0.888672,11.664062,3.794922,18020,21256,20992,19902,0.450000,-0.550000,0.300000,0.000000,1772830884403.709,0.671635,-0.750760,0.312962,0.000000,0.000000,0.000000,1.000000,position_only
2026-03-06T21:01:24.417230+00:00,1772830884417.229,0.696289,-0.764160,0.311768,-1.083008,12.203125,3.740234,18039,21320,21447,19677,0.450000,-0.550000,0.300000,0.000000,1772830884412.199,0.678213,-0.757493,0.312285,0.000000,0.000000,0.000000,1.000000,position_only
2026-03-06T21:01:24.427002+00:00,1772830884427.000,0.703613,-0.771973,0.311035,-1.272461,12.742188,3.687500,18470,21130,21654,19760,0.450000,-0.550000,0.300000,0.000000,1772830884420.934,0.684567,-0.763759,0.311548,0.000000,0.000000,0.000000,1.000000,position_only
2026-03-06T21:01:24.437271+00:00,1772830884437.270,0.710938,-0.779297,0.310547,-1.485352,13.281250,3.632812,18763,20942,22254,19383,0.450000,-0.550000,0.300000,0.000000,1772830884429.590,0.690459,-0.769836,0.310980,0.000000,0.000000,0.000000,1.000000,position_only
2026-03-06T21:01:24.446984+00:00,1772830884446.983,0.717773,-0.787109,0.309814,-1.701172,13.812500,3.585938,18493,21579,21699,20131,0.450000,-0.550000,0.300000,0.000000,1772830884446.646,0.701522,-0.781866,0.309759,0.000000,0.000000,0.000000,1.000000,position_only
2026-03-06T21:01:24.456910+00:00,1772830884456.909,0.724121,-0.794434,0.309082,-1.913086,14.359375,3.527344,17733,22387,21121,20962,0.450000,-0.550000,0.300000,0.000000,1772830884455.193,0.707036,-0.788215,0.308899,0.000000,0.000000,0.000000,1.000000,position_only
2026-03-06T21:01:24.467427+00:00,1772830884467.427,0.729980,-0.801758,0.308350,-2.115234,14.859375,3.437500,18666,21716,21843,20552,0.450000,-0.550000,0.300000,0.000000,1772830884463.895,0.711905,-0.793995,0.308330,0.000000,0.000000,0.000000,1.000000,position_only
2026-03-06T21:01:24.478284+00:00,1772830884478.284,0.735840,-0.808594,0.307617,-2.316406,15.359375,3.349609,19870,20576,23384,19255,0.450000,-0.550000,0.300000,0.000000,1772830884472.507,0.716851,-0.799811,0.307736,0.000000,0.000000,0.000000,1.000000,position_only
2026-03-06T21:01:24.487268+00:00,1772830884487.268,0.740234,-0.815430,0.306885,-2.531250,15.867188,3.304688,19223,21668,22449,20284,0.450000,-0.550000,0.300000,0.000000,1772830884481.003,0.721827,-0.805998,0.306746,0.000000,0.000000,0.000000,1.000000,position_only
2026-03-06T21:01:24.497046+00:00,1772830884497.045,0.745605,-0.822754,0.306152,-2.693359,16.359375,3.259766,18126,22851,21466,21463,0.450000,-0.550000,0.300000,0.000000,1772830884489.508,0.726538,-0.811882,0.305933,0.000000,0.000000,0.000000,1.000000,position_only
2026-03-06T21:01:24.507559+00:00,1772830884507.559,0.750977,-0.829590,0.305420,-2.835938,16.796875,3.173828,19204,22183,22134,21010,0.450000,-0.550000,0.300000,0.000000,1772830884506.887,0.734959,-0.823389,0.304409,0.000000,0.000000,0.000000,1.000000,position_only
2026-03-06T21:01:24.517128+00:00,1772830884517.126,0.755371,-0.836426,0.304443,-2.968750,17.203125,3.083984,20086,21401,23070,20318,0.450000,-0.550000,0.300000,0.000000,1772830884515.384,0.739193,-0.829395,0.303434,0.000000,0.000000,0.000000,1.000000,position_only
2026-03-06T21:01:24.526903+00:00,1772830884526.902,0.759766,-0.843262,0.303711,-3.097656,17.546875,3.013672,19985,21916,22446,21132,0.450000,-0.550000,0.300000,0.000000,1772830884523.884,0.742675,-0.834866,0.302792,0.000000,0.000000,0.000000,1.000000,position_only
2026-03-06T21:01:24.537245+00:00,1772830884537.245,0.762695,-0.849609,0.302734,-3.214844,17.859375,2.925781,19292,22757,21823,21845,0.450000,-0.550000,0.300000,0.000000,1772830884532.417,0.749772,-0.846200,0.300969,0.000000,0.000000,0.000000,1.000000,position_only
2026-03-06T21:01:24.547121+00:00,1772830884547.121,0.766602,-0.856934,0.301758,-3.269531,18.109375,2.869141,20059,22466,22016,21768,0.450000,-0.550000,0.300000,0.000000,1772830884540.893,0.752938,-0.851731,0.300205,0.000000,0.000000,0.000000,1.000000,position_only
2026-03-06T21:01:24.557121+00:00,1772830884557.119,0.770508,-0.863770,0.300781,-3.300781,18.343750,2.806641,20965,21660,23104,20858,0.450000,-0.550000,0.300000,0.000000,1772830884549.435,0.755781,-0.857126,0.299354,0.000000,0.000000,0.000000,1.000000,position_only
2026-03-06T21:01:24.567086+00:00,1772830884567.084,0.773438,-0.871094,0.299805,-3.337891,18.531250,2.759766,21280,21789,22900,21180,0.450000,-0.550000,0.300000,0.000000,1772830884566.510,0.761006,-0.868100,0.297635,0.000000,0.000000,0.000000,1.000000,position_only
2026-03-06T21:01:24.577491+00:00,1772830884577.490,0.776367,-0.877441,0.298828,-3.367188,18.718750,2.708984,19946,23382,21582,22470,0.450000,-0.550000,0.300000,0.000000,1772830884575.220,0.763153,-0.873394,0.296882,0.000000,0.000000,0.000000,1.000000,position_only
2026-03-06T21:01:24.588839+00:00,1772830884588.838,0.778809,-0.884277,0.297852,-3.351562,18.906250,2.615234,20686,23105,21801,22317,0.450000,-0.550000,0.300000,0.000000,1772830884583.846,0.765188,-0.878916,0.295997,0.000000,0.000000,0.000000,1.000000,position_only
2026-03-06T21:01:24.597295+00:00,1772830884597.294,0.779785,-0.890625,0.296875,-3.308594,19.093750,2.539062,22191,21640,23687,20584,0.450000,-0.550000,0.300000,0.000000,1772830884592.388,0.766958,-0.884077,0.295084,0.000000,0.000000,0.000000,1.000000,position_only
2026-03-06T21:01:24.607565+00:00,1772830884607.564,0.781738,-0.896973,0.295898,-3.289062,19.281250,2.501953,22075,22041,23153,21260,0.450000,-0.550000,0.300000,0.000000,1772830884601.215,0.768349,-0.889094,0.294388,0.000000,0.000000,0.000000,1.000000,position_only
2026-03-06T21:01:24.617594+00:00,1772830884617.592,0.783203,-0.903809,0.294922,-3.285156,19.437500,2.457031,20752,23377,21901,22647,0.450000,-0.550000,0.300000,0.000000,1772830884609.747,0.769779,-0.894411,0.293604,0.000000,0.000000,0.000000,1.000000,position_only
2026-03-06T21:01:24.627590+00:00,1772830884627.589,0.784180,-0.909668,0.293945,-3.277344,19.578125,2.373047,21237,23143,22013,22719,0.450000,-0.550000,0.300000,0.000000,1772830884626.991,0.771551,-0.904492,0.292187,0.000000,0.000000,0.000000,1.000000,position_only
2026-03-06T21:01:24.637497+00:00,1772830884637.497,0.784668,-0.916016,0.293213,-3.289062,19.671875,2.275391,22045,22055,23251,21916,0.450000,-0.550000,0.300000,0.000000,1772830884635.806,0.772011,-0.909373,0.291508,0.000000,0.000000,0.000000,1.000000,position_only
2026-03-06T21:01:24.647709+00:00,1772830884647.708,0.784668,-0.921875,0.292480,-3.365234,19.765625,2.189453,23150,21372,24067,21048,0.450000,-0.550000,0.300000,0.000000,1772830884644.319,0.772487,-0.914439,0.290675,0.000000,0.000000,0.000000,1.000000,position_only
2026-03-06T21:01:24.658627+00:00,1772830884658.626,0.784668,-0.927734,0.291504,-3.445312,19.875000,2.130859,22000,22295,23010,22390,0.450000,-0.550000,0.300000,0.000000,1772830884652.817,0.772593,-0.919379,0.289947,0.000000,0.000000,0.000000,1.000000,position_only
2026-03-06T21:01:24.667850+00:00,1772830884667.848,0.783691,-0.933105,0.290771,-3.552734,19.953125,2.044922,20946,23545,21554,23950,0.450000,-0.550000,0.300000,0.000000,1772830884661.294,0.772525,-0.924210,0.289290,0.000000,0.000000,0.000000,1.000000,position_only
2026-03-06T21:01:24.677064+00:00,1772830884677.062,0.782715,-0.938965,0.289795,-3.630859,20.000000,1.949219,22045,22366,23069,22569,0.450000,-0.550000,0.300000,0.000000,1772830884669.767,0.772200,-0.928901,0.288685,0.000000,0.000000,0.000000,1.000000,position_only
2026-03-06T21:01:24.687337+00:00,1772830884687.336,0.781738,-0.944336,0.289062,-3.732422,20.031250,1.866211,23518,21104,24132,21505,0.450000,-0.550000,0.300000,0.000000,1772830884687.006,0.770708,-0.938139,0.287660,0.000000,0.000000,0.000000,1.000000,position_only
2026-03-06T21:01:24.697377+00:00,1772830884697.376,0.779785,-0.949707,0.288574,-3.847656,20.062500,1.815430,22321,22174,23120,22599,0.450000,-0.550000,0.300000,0.000000,1772830884695.531,0.769810,-0.942884,0.287064,0.000000,0.000000,0.000000,1.000000,position_only
2026-03-06T21:01:24.707174+00:00,1772830884707.173,0.778320,-0.955078,0.287842,-3.951172,20.062500,1.740234,21191,23356,21600,24111,0.450000,-0.550000,0.300000,0.000000,1772830884704.043,0.768468,-0.947240,0.286676,0.000000,0.000000,0.000000,1.000000,position_only
2026-03-06T21:01:24.716985+00:00,1772830884716.983,0.775391,-0.959961,0.287354,-4.062500,20.062500,1.579102,21763,22734,22056,23529,0.450000,-0.550000,0.300000,0.000000,1772830884712.779,0.766993,-0.951721,0.286224,0.000000,0.000000,0.000000,1.000000,position_only
2026-03-06T21:01:24.727620+00:00,1772830884727.619,0.772461,-0.965332,0.286865,-4.125000,20.015625,1.502930,23118,21479,23144,22299,0.450000,-0.550000,0.300000,0.000000,1772830884721.301,0.765039,-0.956109,0.285998,0.000000,0.000000,0.000000,1.000000,position_only
2026-03-06T21:01:24.737350+00:00,1772830884737.349,0.769531,-0.970215,0.286377,-4.191406,19.953125,1.448242,23209,21180,23292,22164,0.450000,-0.550000,0.300000,0.000000,1772830884729.910,0.762996,-0.960440,0.285565,0.000000,0.000000,0.000000,1.000000,position_only
2026-03-06T21:01:24.747314+00:00,1772830884747.313,0.766602,-0.975098,0.285889,-4.257812,19.843750,1.401367,22375,22139,22176,23032,0.450000,-0.550000,0.300000,0.000000,1772830884738.463,0.760795,-0.964679,0.285317,0.000000,0.000000,0.000000,1.000000,position_only
2026-03-06T21:01:24.757119+00:00,1772830884757.119,0.762695,-0.979980,0.285645,-4.300781,19.750000,1.329102,22077,22349,21903,23157,0.450000,-0.550000,0.300000,0.000000,1772830884755.818,0.755552,-0.973027,0.284915,0.000000,0.000000,0.000000,1.000000,position_only
2026-03-06T21:01:24.767696+00:00,1772830884767.696,0.758789,-0.984863,0.285400,-4.320312,19.656250,1.238281,22693,21810,22117,22655,0.450000,-0.550000,0.300000,0.000000,1772830884764.329,0.752810,-0.977262,0.284656,0.000000,0.000000,0.000000,1.000000,position_only
2026-03-06T21:01:24.779085+00:00,1772830884779.083,0.754883,-0.989258,0.285156,-4.320312,19.515625,1.159180,23069,21148,22824,21970,0.450000,-0.550000,0.300000,0.000000,1772830884772.817,0.749582,-0.981227,0.284531,0.000000,0.000000,0.000000,1.000000,position_only
2026-03-06T21:01:24.787426+00:00,1772830884787.426,0.749512,-0.993164,0.284912,-4.343750,19.437500,1.092773,22444,21934,21666,22693,0.450000,-0.550000,0.300000,0.000000,1772830884781.350,0.746041,-0.985155,0.284488,0.000000,0.000000,0.000000,1.000000,position_only
2026-03-06T21:01:24.797832+00:00,1772830884797.832,0.744629,-0.998047,0.284912,-4.324219,19.312500,1.054688,22168,21878,21772,22616,0.450000,-0.550000,0.300000,0.000000,1772830884789.819,0.742757,-0.989154,0.284351,0.000000,0.000000,0.000000,1.000000,position_only
2026-03-06T21:01:24.807625+00:00,1772830884807.624,0.739746,-1.001953,0.284668,-4.320312,19.203125,1.002930,22163,21936,21323,22670,0.450000,-0.550000,0.300000,0.000000,1772830884806.815,0.734772,-0.996749,0.284501,0.000000,0.000000,0.000000,1.000000,position_only
2026-03-06T21:01:24.817832+00:00,1772830884817.831,0.733887,-1.006836,0.284668,-4.300781,19.078125,0.953613,22424,21520,21756,22128,0.450000,-0.550000,0.300000,0.000000,1772830884815.323,0.730537,-1.000616,0.284483,0.000000,0.000000,0.000000,1.000000,position_only
2026-03-06T21:01:24.828922+00:00,1772830884828.922,0.728516,-1.010742,0.284912,-4.277344,18.953125,0.905762,22957,21149,21852,21497,0.450000,-0.550000,0.300000,0.000000,1772830884823.789,0.726040,-1.004236,0.284721,0.000000,0.000000,0.000000,1.000000,position_only
2026-03-06T21:01:24.838291+00:00,1772830884838.290,0.721680,-1.014648,0.284912,-4.230469,18.812500,0.878418,21781,22063,20632,22709,0.450000,-0.550000,0.300000,0.000000,1772830884832.305,0.721195,-1.007937,0.284869,0.000000,0.000000,0.000000,1.000000,position_only
2026-03-06T21:01:24.847529+00:00,1772830884847.523,0.714844,-1.018555,0.285156,-4.183594,18.671875,0.894043,21832,22005,20433,22476,0.450000,-0.550000,0.300000,0.000000,1772830884840.911,0.711211,-1.014988,0.285395,0.000000,0.000000,0.000000,1.000000,position_only
2026-03-06T21:01:24.858319+00:00,1772830884858.317,0.708008,-1.023438,0.285400,-4.132812,18.484375,0.897461,22763,20834,21484,21378,0.450000,-0.550000,0.300000,0.000000,1772830884857.931,0.700547,-1.021767,0.286127,0.000000,0.000000,0.000000,1.000000,position_only
2026-03-06T21:01:24.867633+00:00,1772830884867.631,0.700684,-1.027344,0.285645,-4.109375,18.296875,0.918945,22821,20720,21393,21016,0.450000,-0.550000,0.300000,0.000000,1772830884866.604,0.694757,-1.025113,0.286436,0.000000,0.000000,0.000000,1.000000,position_only
2026-03-06T21:01:24.878280+00:00,1772830884878.279,0.692871,-1.031250,0.286133,-4.105469,18.109375,0.945801,21045,22134,19487,22988,0.450000,-0.550000,0.300000,0.000000,1772830884875.167,0.688908,-1.028635,0.286803,0.000000,0.000000,0.000000,1.000000,position_only
2026-03-06T21:01:24.889330+00:00,1772830884889.329,0.685547,-1.035156,0.286377,-4.113281,17.843750,0.926758,21531,21606,19827,22118,0.450000,-0.550000,0.300000,0.000000,1772830884883.646,0.682894,-1.031928,0.287218,0.000000,0.000000,0.000000,1.000000,position_only
2026-03-06T21:01:24.897080+00:00,1772830884897.079,0.676758,-1.039062,0.286865,-4.136719,17.593750,0.932617,22932,19906,21363,20574,0.450000,-0.550000,0.300000,0.000000,1772830884892.124,0.676536,-1.034964,0.287742,0.000000,0.000000,0.000000,1.000000,position_only
2026-03-06T21:01:24.908138+00:00,1772830884908.137,0.668457,-1.041992,0.287354,-4.183594,17.312500,0.979980,22075,20623,20474,21000,0.450000,-0.550000,0.300000,0.000000,1772830884900.593,0.670284,-1.038069,0.288249,0.000000,0.000000,0.000000,1.000000,position_only
2026-03-06T21:01:24.917989+00:00,1772830884917.987,0.660156,-1.045898,0.287842,-4.261719,17.000000,0.990234,20906,21502,19143,22382,0.450000,-0.550000,0.300000,0.000000,1772830884917.674,0.656680,-1.044197,0.289506,0.000000,0.000000,0.000000,1.000000,position_only
2026-03-06T21:01:24.927134+00:00,1772830884927.133,0.651367,-1.049805,0.288330,-4.351562,16.671875,0.996094,21025,21206,19399,21692,0.450000,-0.550000,0.300000,0.000000,1772830884926.272,0.649803,-1.047180,0.290044,0.000000,0.000000,0.000000,1.000000,position_only
2026-03-06T21:01:24.937625+00:00,1772830884937.624,0.642090,-1.052734,0.289062,-4.460938,16.296875,0.991211,22011,19957,20004,21064,0.450000,-0.550000,0.300000,0.000000,1772830884934.799,0.642538,-1.049947,0.290756,0.000000,0.000000,0.000000,1.000000,position_only
2026-03-06T21:01:24.948379+00:00,1772830884948.378,0.633301,-1.055664,0.289551,-4.582031,15.882812,1.002930,22075,19532,19956,20801,0.450000,-0.550000,0.300000,0.000000,1772830884943.296,0.635499,-1.052891,0.291401,0.000000,0.000000,0.000000,1.000000,position_only
2026-03-06T21:01:24.957625+00:00,1772830884957.625,0.623535,-1.059570,0.290527,-4.753906,15.398438,1.035156,21414,19817,19429,21389,0.450000,-0.550000,0.300000,0.000000,1772830884951.784,0.628146,-1.055602,0.292145,0.000000,0.000000,0.000000,1.000000,position_only
2026-03-06T21:01:24.968305+00:00,1772830884968.304,0.613770,-1.062500,0.291260,-4.960938,14.898438,1.072266,20448,20439,18564,21852,0.450000,-0.550000,0.300000,0.000000,1772830884960.312,0.620520,-1.058270,0.292853,0.000000,0.000000,0.000000,1.000000,position_only
2026-03-06T21:01:24.978403+00:00,1772830884978.402,0.604004,-1.065430,0.291992,-5.191406,14.398438,1.089844,21283,19302,19359,21033,0.450000,-0.550000,0.300000,0.000000,1772830884977.324,0.604969,-1.063532,0.294293,0.000000,0.000000,0.000000,1.000000,position_only
2026-03-06T21:01:24.988513+00:00,1772830884988.511,0.593750,-1.068359,0.292725,-5.429688,13.890625,1.118164,21128,19137,19424,20567,0.450000,-0.550000,0.300000,0.000000,1772830884985.851,0.597138,-1.066113,0.295017,0.000000,0.000000,0.000000,1.000000,position_only
2026-03-06T21:01:24.998277+00:00,1772830884998.276,0.583496,-1.071289,0.293457,-5.687500,13.382812,1.159180,20590,19531,18723,21136,0.450000,-0.550000,0.300000,0.000000,1772830884994.404,0.589000,-1.068603,0.295814,0.000000,0.000000,0.000000,1.000000,position_only
2026-03-06T21:01:25.008128+00:00,1772830885008.127,0.574219,-1.074219,0.294434,-5.933594,12.835938,1.146484,20039,19809,18321,21109,0.450000,-0.550000,0.300000,0.000000,1772830885003.000,0.580838,-1.070997,0.296559,0.000000,0.000000,0.000000,1.000000,position_only
2026-03-06T21:01:25.018300+00:00,1772830885018.299,0.563477,-1.076172,0.295410,-6.191406,12.304688,1.178711,20676,18906,18743,20694,0.450000,-0.550000,0.300000,0.000000,1772830885011.498,0.572620,-1.073392,0.297325,0.000000,0.000000,0.000000,1.000000,position_only
2026-03-06T21:01:25.028173+00:00,1772830885028.172,0.552246,-1.079102,0.296143,-6.441406,11.757812,1.220703,20775,18526,19263,19745,0.450000,-0.550000,0.300000,0.000000,1772830885020.047,0.563517,-1.075079,0.298409,0.000000,0.000000,0.000000,1.000000,position_only
2026-03-06T21:01:25.038012+00:00,1772830885038.010,0.541504,-1.081055,0.297119,-6.707031,11.210938,1.273438,20781,18426,18922,19934,0.450000,-0.550000,0.300000,0.000000,1772830885037.168,0.546099,-1.079321,0.300092,0.000000,0.000000,0.000000,1.000000,position_only
2026-03-06T21:01:25.048534+00:00,1772830885048.533,0.530762,-1.083984,0.297852,-6.945312,10.640625,1.321289,19815,19189,18026,20358,0.450000,-0.550000,0.300000,0.000000,1772830885045.721,0.537608,-1.081445,0.300810,0.000000,0.000000,0.000000,1.000000,position_only
2026-03-06T21:01:25.058304+00:00,1772830885058.304,0.520020,-1.085938,0.298828,-7.167969,10.054688,1.347656,19962,18825,18049,20365,0.450000,-0.550000,0.300000,0.000000,1772830885054.265,0.528795,-1.083360,0.301649,0.000000,0.000000,0.000000,1.000000,position_only
2026-03-06T21:01:25.068212+00:00,1772830885068.210,0.508789,-1.087891,0.299805,-7.390625,9.460938,1.374023,20435,18255,18592,19319,0.450000,-0.550000,0.300000,0.000000,1772830885062.795,0.519955,-1.085316,0.302456,0.000000,0.000000,0.000000,1.000000,position_only
2026-03-06T21:01:25.078015+00:00,1772830885078.014,0.497559,-1.089844,0.300781,-7.605469,8.828125,1.432617,20456,17972,18474,19538,0.450000,-0.550000,0.300000,0.000000,1772830885071.333,0.511032,-1.087046,0.303189,0.000000,0.000000,0.000000,1.000000,position_only
2026-03-06T21:01:25.088460+00:00,1772830885088.460,0.486328,-1.091797,0.301514,-7.820312,8.187500,1.489258,19811,18528,18117,19418,0.450000,-0.550000,0.300000,0.000000,1772830885079.844,0.502030,-1.088764,0.304049,0.000000,0.000000,0.000000,1.000000,position_only
2026-03-06T21:01:25.098348+00:00,1772830885098.347,0.474854,-1.093750,0.302490,-8.031250,7.546875,1.534180,19945,18181,17846,19764,0.450000,-0.550000,0.300000,0.000000,1772830885097.057,0.484117,-1.092079,0.305408,0.000000,0.000000,0.000000,1.000000,position_only
2026-03-06T21:01:25.108260+00:00,1772830885108.259,0.463867,-1.095703,0.303223,-8.226562,6.851562,1.564453,19855,18254,17774,19352,0.450000,-0.550000,0.300000,0.000000,1772830885105.590,0.474988,-1.093641,0.306093,0.000000,0.000000,0.000000,1.000000,position_only
2026-03-06T21:01:25.118842+00:00,1772830885118.841,0.452637,-1.096680,0.303955,-8.398438,6.128906,1.593750,19859,18293,17246,19772,0.450000,-0.550000,0.300000,0.000000,1772830885114.127,0.465810,-1.094914,0.306847,0.000000,0.000000,0.000000,1.000000,position_only
2026-03-06T21:01:25.128882+00:00,1772830885128.881,0.441650,-1.097656,0.304932,-8.539062,5.351562,1.605469,19691,18233,17115,19691,0.450000,-0.550000,0.300000,0.000000,1772830885122.591,0.456593,-1.096191,0.307569,0.000000,0.000000,0.000000,1.000000,position_only
2026-03-06T21:01:25.138811+00:00,1772830885138.810,0.430176,-1.099609,0.305664,-8.687500,4.527344,1.624023,20764,17082,17871,18911,0.450000,-0.550000,0.300000,0.000000,1772830885131.143,0.447656,-1.097708,0.308024,0.000000,0.000000,0.000000,1.000000,position_only
2026-03-06T21:01:25.148269+00:00,1772830885148.268,0.418701,-1.100586,0.306396,-8.820312,3.687500,1.656250,20555,17236,17770,18737,0.450000,-0.550000,0.300000,0.000000,1772830885148.148,0.429161,-1.099814,0.309366,0.000000,0.000000,0.000000,1.000000,position_only
2026-03-06T21:01:25.158280+00:00,1772830885158.279,0.407227,-1.101562,0.307129,-8.976562,2.802734,1.677734,20567,17146,17412,19171,0.450000,-0.550000,0.300000,0.000000,1772830885156.648,0.419948,-1.100699,0.309834,0.000000,0.000000,0.000000,1.000000,position_only
2026-03-06T21:01:25.168074+00:00,1772830885168.073,0.396240,-1.102539,0.307617,-9.109375,1.887695,1.688477,20191,17533,17100,19211,0.450000,-0.550000,0.300000,0.000000,1772830885165.181,0.410807,-1.101691,0.310454,0.000000,0.000000,0.000000,1.000000,position_only
2026-03-06T21:01:25.179640+00:00,1772830885179.639,0.385010,-1.102539,0.308105,-9.242188,0.961914,1.682617,20571,17004,17153,19288,0.450000,-0.550000,0.300000,0.000000,1772830885173.707,0.401759,-1.102574,0.310944,0.000000,0.000000,0.000000,1.000000,position_only
2026-03-06T21:01:25.188740+00:00,1772830885188.739,0.374023,-1.103516,0.309082,-9.375000,0.022736,1.683594,20666,16892,17354,18905,0.450000,-0.550000,0.300000,0.000000,1772830885182.375,0.383788,-1.104000,0.311691,0.000000,0.000000,0.000000,1.000000,position_only
2026-03-06T21:01:25.198428+00:00,1772830885198.427,0.362061,-1.104492,0.309570,-9.523438,-0.912598,1.707031,20321,17140,16420,19876,0.450000,-0.550000,0.300000,0.000000,1772830885190.971,0.374473,-1.104307,0.312190,0.000000,0.000000,0.000000,1.000000,position_only
2026-03-06T21:01:25.209052+00:00,1772830885209.051,0.350342,-1.104492,0.310059,-9.671875,-1.908203,1.698242,20188,17237,16690,19505,0.450000,-0.550000,0.300000,0.000000,1772830885208.385,0.356687,-1.104934,0.313025,0.000000,0.000000,0.000000,1.000000,position_only
2026-03-06T21:01:25.218587+00:00,1772830885218.585,0.339111,-1.104492,0.310547,-9.828125,-2.890625,1.684570,20775,16653,16919,19265,0.450000,-0.550000,0.300000,0.000000,1772830885216.921,0.356687,-1.104934,0.313025,0.000000,0.000000,0.000000,1.000000,position_only
2026-03-06T21:01:25.228360+00:00,1772830885228.358,0.328369,-1.104492,0.311035,-9.960938,-3.878906,1.665039,20464,17004,16819,19311,0.450000,-0.550000,0.300000,0.000000,1772830885225.437,0.339013,-1.105299,0.313537,0.000000,0.000000,0.000000,1.000000,position_only
2026-03-06T21:01:25.239266+00:00,1772830885239.265,0.317383,-1.104492,0.311279,-10.101562,-4.867188,1.647461,20435,16999,16431,19801,0.450000,-0.550000,0.300000,0.000000,1772830885233.970,0.330271,-1.105293,0.313780,0.000000,0.000000,0.000000,1.000000,position_only
2026-03-06T21:01:25.248374+00:00,1772830885248.373,0.306885,-1.104492,0.311768,-10.242188,-5.855469,1.612305,20423,17160,16789,19447,0.450000,-0.550000,0.300000,0.000000,1772830885242.899,0.321675,-1.105219,0.313921,0.000000,0.000000,0.000000,1.000000,position_only
2026-03-06T21:01:25.258977+00:00,1772830885258.977,0.295898,-1.104492,0.312012,-10.382812,-6.789062,1.592773,20636,16969,16461,19879,0.450000,-0.550000,0.300000,0.000000,1772830885251.411,0.313289,-1.104957,0.314066,0.000000,0.000000,0.000000,1.000000,position_only
2026-03-06T21:01:25.268766+00:00,1772830885268.765,0.285156,-1.103516,0.312256,-10.523438,-7.761719,1.557617,21055,16803,17339,19005,0.450000,-0.550000,0.300000,0.000000,1772830885268.470,0.296755,-1.104381,0.314117,0.000000,0.000000,0.000000,1.000000,position_only
2026-03-06T21:01:25.278158+00:00,1772830885278.157,0.274902,-1.102539,0.312256,-10.648438,-8.703125,1.531250,20929,16943,17007,19529,0.450000,-0.550000,0.300000,0.000000,1772830885276.942,0.288564,-1.103861,0.314005,0.000000,0.000000,0.000000,1.000000,position_only
2026-03-06T21:01:25.288851+00:00,1772830885288.849,0.264893,-1.101562,0.312256,-10.765625,-9.617188,1.499023,20799,17391,17073,19567,0.450000,-0.550000,0.300000,0.000000,1772830885285.469,0.280449,-1.103160,0.314018,0.000000,0.000000,0.000000,1.000000,position_only
2026-03-06T21:01:25.299042+00:00,1772830885299.041,0.256104,-1.101562,0.312500,-10.882812,-10.546875,1.426758,21441,16819,17581,19289,0.450000,-0.550000,0.300000,0.000000,1772830885293.980,0.272580,-1.102303,0.313829,0.000000,0.000000,0.000000,1.000000,position_only
2026-03-06T21:01:25.308830+00:00,1772830885308.829,0.246094,-1.099609,0.312256,-10.992188,-11.390625,1.407227,21044,17641,17405,19636,0.450000,-0.550000,0.300000,0.000000,1772830885302.464,0.264857,-1.101635,0.313733,0.000000,0.000000,0.000000,1.000000,position_only
2026-03-06T21:01:25.318831+00:00,1772830885318.830,0.236572,-1.098633,0.312256,-11.101562,-12.234375,1.365234,21093,17659,17475,19912,0.450000,-0.550000,0.300000,0.000000,1772830885311.031,0.257277,-1.100491,0.313522,0.000000,0.000000,0.000000,1.000000,position_only
2026-03-06T21:01:25.329133+00:00,1772830885329.132,0.227295,-1.096680,0.312012,-11.195312,-13.000000,1.335938,21677,17686,18234,19289,0.450000,-0.550000,0.300000,0.000000,1772830885328.056,0.242538,-1.098415,0.312875,0.000000,0.000000,0.000000,1.000000,position_only
2026-03-06T21:01:25.341983+00:00,1772830885341.982,0.218384,-1.095703,0.311523,-11.273438,-13.742188,1.307617,21369,18151,17746,20046,0.450000,-0.550000,0.300000,0.000000,1772830885336.643,0.235427,-1.096912,0.312470,0.000000,0.000000,0.000000,1.000000,position_only
2026-03-06T21:01:25.348176+00:00,1772830885348.175,0.209839,-1.093750,0.311279,-11.343750,-14.453125,1.270508,21705,18439,18438,19618,0.450000,-0.550000,0.300000,0.000000,1772830885345.233,0.228498,-1.095506,0.312122,0.000000,0.000000,0.000000,1.000000,position_only
2026-03-06T21:01:25.358179+00:00,1772830885358.178,0.203003,-1.091797,0.310791,-11.382812,-15.148438,1.208984,21547,18821,17941,20404,0.450000,-0.550000,0.300000,0.000000,1772830885353.702,0.221758,-1.094068,0.311619,0.000000,0.000000,0.000000,1.000000,position_only
2026-03-06T21:01:25.368833+00:00,1772830885368.832,0.194702,-1.089844,0.310303,-11.429688,-15.796875,1.174805,21919,19041,18605,20105,0.450000,-0.550000,0.300000,0.000000,1772830885362.450,0.215122,-1.092406,0.310993,0.000000,0.000000,0.000000,1.000000,position_only
2026-03-06T21:01:25.379158+00:00,1772830885379.158,0.186890,-1.086914,0.309570,-11.453125,-16.421875,1.131836,22574,18702,19066,19869,0.450000,-0.550000,0.300000,0.000000,1772830885370.993,0.208786,-1.090548,0.310595,0.000000,0.000000,0.000000,1.000000,position_only
2026-03-06T21:01:25.389197+00:00,1772830885389.195,0.179443,-1.084961,0.308838,-11.445312,-17.015625,1.107422,22711,19052,19444,20055,0.450000,-0.550000,0.300000,0.000000,1772830885387.937,0.196748,-1.086689,0.309137,0.000000,0.000000,0.000000,1.000000,position_only
2026-03-06T21:01:25.399188+00:00,1772830885399.188,0.172363,-1.082031,0.308105,-11.453125,-17.625000,1.069336,22050,20040,18458,21292,0.450000,-0.550000,0.300000,0.000000,1772830885396.587,0.190993,-1.084592,0.308451,0.000000,0.000000,0.000000,1.000000,position_only
2026-03-06T21:01:25.409127+00:00,1772830885409.125,0.165771,-1.079102,0.307373,-11.460938,-18.203125,1.005859,23039,19737,19628,20532,0.450000,-0.550000,0.300000,0.000000,1772830885405.284,0.185353,-1.082428,0.307627,0.000000,0.000000,0.000000,1.000000,position_only
2026-03-06T21:01:25.418929+00:00,1772830885418.927,0.159546,-1.076172,0.306396,-11.445312,-18.781250,0.943359,23769,19348,20242,20117,0.450000,-0.550000,0.300000,0.000000,1772830885413.838,0.180088,-1.080063,0.306701,0.000000,0.000000,0.000000,1.000000,position_only
2026-03-06T21:01:25.429660+00:00,1772830885429.659,0.154663,-1.073242,0.305664,-11.414062,-19.312500,0.893066,23701,20067,20256,20544,0.450000,-0.550000,0.300000,0.000000,1772830885422.388,0.175085,-1.077420,0.305999,0.000000,0.000000,0.000000,1.000000,position_only
2026-03-06T21:01:25.439035+00:00,1772830885439.034,0.148804,-1.070312,0.304443,-11.375000,-19.843750,0.850098,23487,20657,19630,21327,0.450000,-0.550000,0.300000,0.000000,1772830885431.077,0.170220,-1.074902,0.305119,0.000000,0.000000,0.000000,1.000000,position_only
2026-03-06T21:01:25.448403+00:00,1772830885448.402,0.143555,-1.066406,0.303467,-11.312500,-20.359375,0.786621,24423,20433,20821,20483,0.450000,-0.550000,0.300000,0.000000,1772830885439.887,0.165694,-1.072219,0.304112,0.000000,0.000000,0.000000,1.000000,position_only
2026-03-06T21:01:25.458429+00:00,1772830885458.428,0.138672,-1.063477,0.302490,-11.210938,-20.843750,0.731934,24740,20279,20595,21002,0.450000,-0.550000,0.300000,0.000000,1772830885457.449,0.153528,-1.063383,0.301167,0.000000,0.000000,0.000000,1.000000,position_only
2026-03-06T21:01:25.469173+00:00,1772830885469.172,0.134033,-1.059570,0.301270,-11.125000,-21.343750,0.680176,24221,21413,20259,21755,0.450000,-0.550000,0.300000,0.000000,1772830885465.960,0.150076,-1.060163,0.300151,0.000000,0.000000,0.000000,1.000000,position_only
2026-03-06T21:01:25.480146+00:00,1772830885480.146,0.129883,-1.054688,0.300293,-11.031250,-21.843750,0.606934,24393,21574,20122,22018,0.450000,-0.550000,0.300000,0.000000,1772830885474.531,0.146827,-1.056843,0.299215,0.000000,0.000000,0.000000,1.000000,position_only
2026-03-06T21:01:25.488579+00:00,1772830885488.579,0.126953,-1.050781,0.298828,-10.929688,-22.328125,0.519531,24763,21875,20700,21849,0.450000,-0.550000,0.300000,0.000000,1772830885483.094,0.143801,-1.053371,0.298146,0.000000,0.000000,0.000000,1.000000,position_only
2026-03-06T21:01:25.499267+00:00,1772830885499.267,0.123413,-1.045898,0.297607,-10.820312,-22.781250,0.446045,25169,21622,20702,22190,0.450000,-0.550000,0.300000,0.000000,1772830885491.893,0.141146,-1.049783,0.297151,0.000000,0.000000,0.000000,1.000000,position_only
2026-03-06T21:01:25.508378+00:00,1772830885508.377,0.120422,-1.041016,0.296387,-10.710938,-23.218750,0.373535,25870,21577,21953,21287,0.450000,-0.550000,0.300000,0.000000,1772830885500.404,0.138642,-1.046110,0.296168,0.000000,0.000000,0.000000,1.000000,position_only
2026-03-06T21:01:25.518456+00:00,1772830885518.455,0.117920,-1.037109,0.295166,-10.578125,-23.593750,0.319824,25720,21898,21598,21887,0.450000,-0.550000,0.300000,0.000000,1772830885517.403,0.134609,-1.038354,0.294098,0.000000,0.000000,0.000000,1.000000,position_only
2026-03-06T21:01:25.529003+00:00,1772830885529.002,0.115906,-1.032227,0.293945,-10.437500,-23.937500,0.265381,25158,23100,21418,22371,0.450000,-0.550000,0.300000,0.000000,1772830885526.016,0.134609,-1.038354,0.294098,0.000000,0.000000,0.000000,1.000000,position_only
2026-03-06T21:01:25.539567+00:00,1772830885539.567,0.114502,-1.027344,0.292725,-10.289062,-24.187500,0.174072,24869,23465,21314,22739,0.450000,-0.550000,0.300000,0.000000,1772830885534.531,0.131862,-1.030203,0.292104,0.000000,0.000000,0.000000,1.000000,position_only
2026-03-06T21:01:25.549473+00:00,1772830885549.472,0.114380,-1.021484,0.291504,-10.164062,-24.375000,0.096863,25472,23507,22115,22179,0.450000,-0.550000,0.300000,0.000000,1772830885543.011,0.130846,-1.025928,0.291156,0.000000,0.000000,0.000000,1.000000,position_only
2026-03-06T21:01:25.558489+00:00,1772830885558.487,0.113708,-1.016602,0.290283,-10.023438,-24.515625,0.055389,26500,22494,23461,21179,0.450000,-0.550000,0.300000,0.000000,1772830885551.530,0.130222,-1.021514,0.290189,0.000000,0.000000,0.000000,1.000000,position_only
2026-03-06T21:01:25.569009+00:00,1772830885569.008,0.113464,-1.010742,0.289062,-9.882812,-24.562500,0.050171,25591,23784,22603,22418,0.450000,-0.550000,0.300000,0.000000,1772830885568.531,0.129678,-1.012324,0.288359,0.000000,0.000000,0.000000,1.000000,position_only
2026-03-06T21:01:25.578915+00:00,1772830885578.915,0.113770,-1.004883,0.288086,-9.765625,-24.593750,0.008858,25494,23898,22938,22304,0.450000,-0.550000,0.300000,0.000000,1772830885577.167,0.129956,-1.007559,0.287394,0.000000,0.000000,0.000000,1.000000,position_only
2026-03-06T21:01:25.589464+00:00,1772830885589.463,0.114563,-0.999512,0.286865,-9.656250,-24.546875,-0.028549,26291,23630,24124,21189,0.450000,-0.550000,0.300000,0.000000,1772830885585.757,0.130484,-1.002755,0.286610,0.000000,0.000000,0.000000,1.000000,position_only
2026-03-06T21:01:25.600109+00:00,1772830885600.108,0.115784,-0.993652,0.285889,-9.523438,-24.421875,-0.042908,25565,24169,23489,22143,0.450000,-0.550000,0.300000,0.000000,1772830885594.319,0.131374,-0.997774,0.285785,0.000000,0.000000,0.000000,1.000000,position_only
2026-03-06T21:01:25.609203+00:00,1772830885609.203,0.118408,-0.987305,0.284912,-9.429688,-24.312500,-0.087585,25206,24866,23009,22718,0.450000,-0.550000,0.300000,0.000000,1772830885602.825,0.132330,-0.992456,0.285038,0.000000,0.000000,0.000000,1.000000,position_only
2026-03-06T21:01:25.619145+00:00,1772830885619.144,0.120544,-0.980957,0.283691,-9.328125,-24.171875,-0.118713,25702,24341,23827,21940,0.450000,-0.550000,0.300000,0.000000,1772830885611.531,0.133702,-0.987346,0.284306,0.000000,0.000000,0.000000,1.000000,position_only
2026-03-06T21:01:25.629025+00:00,1772830885629.024,0.123169,-0.974609,0.282959,-9.226562,-23.984375,-0.132324,25938,24238,23894,21960,0.450000,-0.550000,0.300000,0.000000,1772830885628.610,0.137625,-0.976679,0.282998,0.000000,0.000000,0.000000,1.000000,position_only
2026-03-06T21:01:25.639788+00:00,1772830885639.787,0.126221,-0.968262,0.281982,-9.117188,-23.812500,-0.160034,25342,24769,23497,22293,0.450000,-0.550000,0.300000,0.000000,1772830885637.100,0.140084,-0.971075,0.282440,0.000000,0.000000,0.000000,1.000000,position_only
2026-03-06T21:01:25.649122+00:00,1772830885649.121,0.129761,-0.961426,0.281250,-9.023438,-23.640625,-0.210449,25454,24758,23580,22142,0.450000,-0.550000,0.300000,0.000000,1772830885645.876,0.142611,-0.965418,0.281971,0.000000,0.000000,0.000000,1.000000,position_only
2026-03-06T21:01:25.659328+00:00,1772830885659.327,0.133545,-0.955078,0.280762,-8.906250,-23.437500,-0.270264,25722,24390,23742,21871,0.450000,-0.550000,0.300000,0.000000,1772830885654.487,0.145566,-0.959664,0.281491,0.000000,0.000000,0.000000,1.000000,position_only
2026-03-06T21:01:25.669181+00:00,1772830885669.181,0.138794,-0.948242,0.280273,-8.796875,-23.250000,-0.330566,25761,24349,23986,21462,0.450000,-0.550000,0.300000,0.000000,1772830885663.048,0.148832,-0.953858,0.281145,0.000000,0.000000,0.000000,1.000000,position_only
2026-03-06T21:01:25.679813+00:00,1772830885679.812,0.143677,-0.940918,0.279785,-8.664062,-23.031250,-0.360596,25121,24886,23334,21866,0.450000,-0.550000,0.300000,0.000000,1772830885671.530,0.152431,-0.947876,0.280795,0.000000,0.000000,0.000000,1.000000,position_only
2026-03-06T21:01:25.689233+00:00,1772830885689.232,0.148926,-0.933594,0.279297,-8.546875,-22.812500,-0.411133,25134,24606,23351,21746,0.450000,-0.550000,0.300000,0.000000,1772830885688.824,0.160387,-0.935784,0.280372,0.000000,0.000000,0.000000,1.000000,position_only
2026-03-06T21:01:25.700131+00:00,1772830885700.130,0.154541,-0.926270,0.279053,-8.429688,-22.546875,-0.463867,24494,25155,22428,22342,0.450000,-0.550000,0.300000,0.000000,1772830885697.347,0.164764,-0.929497,0.280342,0.000000,0.000000,0.000000,1.000000,position_only
2026-03-06T21:01:25.710068+00:00,1772830885710.067,0.160522,-0.918945,0.278809,-8.296875,-22.312500,-0.545410,25058,24253,23365,21130,0.450000,-0.550000,0.300000,0.000000,1772830885705.825,0.169420,-0.923157,0.280335,0.000000,0.000000,0.000000,1.000000,position_only
2026-03-06T21:01:25.719003+00:00,1772830885719.001,0.167236,-0.912109,0.278809,-8.164062,-22.031250,-0.651855,25273,24020,23548,20468,0.450000,-0.550000,0.300000,0.000000,1772830885714.411,0.174364,-0.916769,0.280410,0.000000,0.000000,0.000000,1.000000,position_only
2026-03-06T21:01:25.729154+00:00,1772830885729.152,0.174194,-0.903809,0.278809,-8.007812,-21.718750,-0.670898,24626,24177,22951,20812,0.450000,-0.550000,0.300000,0.000000,1772830885722.906,0.179666,-0.910249,0.280476,0.000000,0.000000,0.000000,1.000000,position_only
2026-03-06T21:01:25.739528+00:00,1772830885739.523,0.181519,-0.895996,0.279053,-7.867188,-21.375000,-0.711426,23723,24659,22215,21330,0.450000,-0.550000,0.300000,0.000000,1772830885731.709,0.185137,-0.903706,0.280699,0.000000,0.000000,0.000000,1.000000,position_only
2026-03-06T21:01:25.749157+00:00,1772830885749.156,0.189087,-0.888184,0.279297,-7.746094,-21.015625,-0.770996,24171,23820,22714,20295,0.450000,-0.550000,0.300000,0.000000,1772830885748.951,0.203170,-0.883356,0.281821,0.000000,0.000000,0.000000,1.000000,position_only
2026-03-06T21:01:25.760101+00:00,1772830885760.100,0.197388,-0.879395,0.279541,-7.625000,-20.640625,-0.790039,24077,23444,22902,19930,0.450000,-0.550000,0.300000,0.000000,1772830885757.498,0.209700,-0.876474,0.282318,0.000000,0.000000,0.000000,1.000000,position_only
2026-03-06T21:01:25.768923+00:00,1772830885768.922,0.205933,-0.871094,0.280029,-7.511719,-20.203125,-0.799805,23374,23622,22425,19917,0.450000,-0.550000,0.300000,0.000000,1772830885766.001,0.216280,-0.869383,0.282980,0.000000,0.000000,0.000000,1.000000,position_only
2026-03-06T21:01:25.780436+00:00,1772830885780.436,0.214844,-0.862793,0.280762,-7.410156,-19.718750,-0.819336,22567,24029,21742,20342,0.450000,-0.550000,0.300000,0.000000,1772830885774.528,0.223298,-0.862383,0.283591,0.000000,0.000000,0.000000,1.000000,position_only
2026-03-06T21:01:25.790106+00:00,1772830885790.105,0.224854,-0.853516,0.281494,-7.324219,-19.250000,-0.835938,22643,23291,21832,19768,0.450000,-0.550000,0.300000,0.000000,1772830885783.299,0.230471,-0.855171,0.284326,0.000000,0.000000,0.000000,1.000000,position_only
2026-03-06T21:01:25.800223+00:00,1772830885800.222,0.234619,-0.844238,0.282471,-7.238281,-18.734375,-0.849121,22647,22806,22176,19164,0.450000,-0.550000,0.300000,0.000000,1772830885791.860,0.237837,-0.847942,0.285100,0.000000,0.000000,0.000000,1.000000,position_only
2026-03-06T21:01:25.809160+00:00,1772830885809.159,0.244629,-0.835449,0.283203,-7.152344,-18.203125,-0.859375,22178,22532,21754,19094,0.450000,-0.550000,0.300000,0.000000,1772830885808.826,0.253128,-0.833170,0.286784,0.000000,0.000000,0.000000,1.000000,position_only
2026-03-06T21:01:25.820330+00:00,1772830885820.329,0.254639,-0.826660,0.284180,-7.070312,-17.625000,-0.874023,21583,22741,21351,19170,0.450000,-0.550000,0.300000,0.000000,1772830885817.434,0.253128,-0.833170,0.286784,0.000000,0.000000,0.000000,1.000000,position_only
2026-03-06T21:01:25.829836+00:00,1772830885829.836,0.264648,-0.817871,0.285156,-6.984375,-17.015625,-0.933594,21417,22153,21225,18759,0.450000,-0.550000,0.300000,0.000000,1772830885825.939,0.269306,-0.818202,0.288694,0.000000,0.000000,0.000000,1.000000,position_only
2026-03-06T21:01:25.839992+00:00,1772830885839.992,0.274902,-0.809082,0.286133,-6.906250,-16.406250,-0.963379,21102,22251,21051,18509,0.450000,-0.550000,0.300000,0.000000,1772830885834.707,0.277534,-0.810708,0.289794,0.000000,0.000000,0.000000,1.000000,position_only
2026-03-06T21:01:25.849159+00:00,1772830885849.159,0.286377,-0.799805,0.287598,-6.816406,-15.765625,-0.968750,20970,21581,20829,18164,0.450000,-0.550000,0.300000,0.000000,1772830885843.236,0.285931,-0.803042,0.290956,0.000000,0.000000,0.000000,1.000000,position_only
2026-03-06T21:01:25.859736+00:00,1772830885859.736,0.297607,-0.790039,0.288818,-6.714844,-15.101562,-0.962891,20500,21755,20674,17911,0.450000,-0.550000,0.300000,0.000000,1772830885851.782,0.294631,-0.795366,0.292104,0.000000,0.000000,0.000000,1.000000,position_only
2026-03-06T21:01:25.870379+00:00,1772830885870.379,0.309082,-0.780762,0.290283,-6.601562,-14.421875,-0.972168,20226,21401,20258,17554,0.450000,-0.550000,0.300000,0.000000,1772830885868.904,0.312355,-0.779849,0.294415,0.000000,0.000000,0.000000,1.000000,position_only
2026-03-06T21:01:25.880380+00:00,1772830885880.379,0.320557,-0.770996,0.291504,-6.453125,-13.679688,-0.974609,19797,21495,20155,17324,0.450000,-0.550000,0.300000,0.000000,1772830885877.417,0.321241,-0.771979,0.295675,0.000000,0.000000,0.000000,1.000000,position_only
2026-03-06T21:01:25.891091+00:00,1772830885891.091,0.332031,-0.761719,0.292969,-6.296875,-12.906250,-0.982910,19325,21350,19456,17185,0.450000,-0.550000,0.300000,0.000000,1772830885885.889,0.330403,-0.764048,0.296910,0.000000,0.000000,0.000000,1.000000,position_only
2026-03-06T21:01:25.899788+00:00,1772830885899.788,0.343506,-0.752441,0.294189,-6.097656,-12.109375,-1.000000,19439,21151,19860,16415,0.450000,-0.550000,0.300000,0.000000,1772830885894.474,0.339521,-0.756164,0.298140,0.000000,0.000000,0.000000,1.000000,position_only
2026-03-06T21:01:25.909824+00:00,1772830885909.823,0.355469,-0.742676,0.296143,-5.882812,-11.265625,-0.997559,19204,20813,19162,16345,0.450000,-0.550000,0.300000,0.000000,1772830885903.106,0.348908,-0.748267,0.299449,0.000000,0.000000,0.000000,1.000000,position_only
2026-03-06T21:01:25.919804+00:00,1772830885919.803,0.367676,-0.732910,0.297607,-5.640625,-10.437500,-0.983398,19014,20868,19185,15879,0.450000,-0.550000,0.300000,0.000000,1772830885911.671,0.358360,-0.740169,0.300813,0.000000,0.000000,0.000000,1.000000,position_only
2026-03-06T21:01:25.930639+00:00,1772830885930.639,0.379883,-0.723145,0.299072,-5.375000,-9.593750,-0.979004,18966,20319,18880,15503,0.450000,-0.550000,0.300000,0.000000,1772830885929.268,0.377294,-0.724084,0.303489,0.000000,0.000000,0.000000,1.000000,position_only
2026-03-06T21:01:25.940543+00:00,1772830885940.541,0.391846,-0.713379,0.300537,-5.082031,-8.710938,-0.962402,18511,20632,18657,15404,0.450000,-0.550000,0.300000,0.000000,1772830885937.835,0.386995,-0.715954,0.304775,0.000000,0.000000,0.000000,1.000000,position_only
2026-03-06T21:01:25.950835+00:00,1772830885950.834,0.403809,-0.703613,0.302002,-4.785156,-7.816406,-0.963379,18225,20399,18043,15286,0.450000,-0.550000,0.300000,0.000000,1772830885946.366,0.396554,-0.707941,0.306084,0.000000,0.000000,0.000000,1.000000,position_only
2026-03-06T21:01:25.960999+00:00,1772830885960.999,0.415771,-0.693848,0.303467,-4.468750,-6.894531,-0.969727,18432,20277,18468,14557,0.450000,-0.550000,0.300000,0.000000,1772830885954.906,0.406270,-0.699791,0.307298,0.000000,0.000000,0.000000,1.000000,position_only
2026-03-06T21:01:25.969737+00:00,1772830885969.736,0.427979,-0.684082,0.305176,-4.140625,-5.968750,-0.963379,18235,19870,17982,14592,0.450000,-0.550000,0.300000,0.000000,1772830885963.588,0.416017,-0.691718,0.308569,0.000000,0.000000,0.000000,1.000000,position_only
2026-03-06T21:01:25.980472+00:00,1772830885980.472,0.440430,-0.674316,0.306641,-3.820312,-5.054688,-0.941406,17871,20186,18042,14239,0.450000,-0.550000,0.300000,0.000000,1772830885972.234,0.425858,-0.683556,0.309784,0.000000,0.000000,0.000000,1.000000,position_only
2026-03-06T21:01:25.990821+00:00,1772830885990.820,0.452637,-0.664062,0.308105,-3.503906,-4.097656,-0.928711,17213,20271,16833,15097,0.450000,-0.550000,0.300000,0.000000,1772830885989.234,0.445251,-0.667283,0.312195,0.000000,0.000000,0.000000,1.000000,position_only
2026-03-06T21:01:26.000786+00:00,1772830886000.785,0.464844,-0.654297,0.309326,-3.201172,-3.179688,-0.933105,17518,20046,17313,14307,0.450000,-0.550000,0.300000,0.000000,1772830885997.765,0.455090,-0.659124,0.313301,0.000000,0.000000,0.000000,1.000000,position_only
2026-03-06T21:01:26.011351+00:00,1772830886011.350,0.476807,-0.644531,0.310547,-2.894531,-2.283203,-0.941406,17358,19826,16747,14454,0.450000,-0.550000,0.300000,0.000000,1772830886006.370,0.464878,-0.650941,0.314454,0.000000,0.000000,0.000000,1.000000,position_only
2026-03-06T21:01:26.019830+00:00,1772830886019.829,0.487793,-0.635742,0.312012,-2.576172,-1.353516,-0.971191,17498,19748,17139,14017,0.450000,-0.550000,0.300000,0.000000,1772830886014.828,0.474625,-0.642818,0.315402,0.000000,0.000000,0.000000,1.000000,position_only
2026-03-06T21:01:26.030398+00:00,1772830886030.397,0.500000,-0.625488,0.313232,-2.298828,-0.491943,-0.952637,17526,19423,16777,14116,0.450000,-0.550000,0.300000,0.000000,1772830886023.521,0.484278,-0.634667,0.316423,0.000000,0.000000,0.000000,1.000000,position_only
2026-03-06T21:01:26.039842+00:00,1772830886039.842,0.512207,-0.615234,0.314453,-2.029297,0.384766,-0.930664,17667,19297,17311,13510,0.450000,-0.550000,0.300000,0.000000,1772830886032.044,0.494157,-0.626494,0.317295,0.000000,0.000000,0.000000,1.000000,position_only
2026-03-06T21:01:26.051270+00:00,1772830886051.269,0.524902,-0.604980,0.315674,-1.786133,1.245117,-0.887207,17442,19206,16676,14039,0.450000,-0.550000,0.300000,0.000000,1772830886049.315,0.513424,-0.610339,0.319001,0.000000,0.000000,0.000000,1.000000,position_only
2026-03-06T21:01:26.060882+00:00,1772830886060.881,0.536621,-0.595215,0.316650,-1.551758,2.107422,-0.873047,17014,19662,16480,14272,0.450000,-0.550000,0.300000,0.000000,1772830886057.765,0.532548,-0.594127,0.320539,0.000000,0.000000,0.000000,1.000000,position_only
2026-03-06T21:01:26.071263+00:00,1772830886071.262,0.548828,-0.584961,0.317627,-1.341797,2.951172,-0.847168,17096,19432,16151,14548,0.450000,-0.550000,0.300000,0.000000,1772830886066.276,0.541949,-0.586124,0.321105,0.000000,0.000000,0.000000,1.000000,position_only
2026-03-06T21:01:26.079821+00:00,1772830886079.821,0.560059,-0.575195,0.318604,-1.140625,3.785156,-0.836914,17630,19046,17171,13638,0.450000,-0.550000,0.300000,0.000000,1772830886074.766,0.551382,-0.578077,0.321524,0.000000,0.000000,0.000000,1.000000,position_only
2026-03-06T21:01:26.090305+00:00,1772830886090.304,0.572266,-0.564941,0.319336,-0.965820,4.621094,-0.787598,17900,18654,17197,13816,0.450000,-0.550000,0.300000,0.000000,1772830886083.505,0.560562,-0.570101,0.321982,0.000000,0.000000,0.000000,1.000000,position_only
2026-03-06T21:01:26.100325+00:00,1772830886100.324,0.584473,-0.554688,0.319824,-0.816895,5.457031,-0.732910,17283,19227,17006,14367,0.450000,-0.550000,0.300000,0.000000,1772830886092.008,0.569802,-0.562033,0.322378,0.000000,0.000000,0.000000,1.000000,position_only
2026-03-06T21:01:26.110259+00:00,1772830886110.258,0.596191,-0.544434,0.320557,-0.696289,6.308594,-0.685059,17168,19334,16793,14964,0.450000,-0.550000,0.300000,0.000000,1772830886109.070,0.587789,-0.546221,0.322832,0.000000,0.000000,0.000000,1.000000,position_only
2026-03-06T21:01:26.120611+00:00,1772830886120.610,0.607422,-0.534180,0.320801,-0.591797,7.183594,-0.645996,17309,19319,17427,14633,0.450000,-0.550000,0.300000,0.000000,1772830886117.795,0.596743,-0.538186,0.323048,0.000000,0.000000,0.000000,1.000000,position_only
2026-03-06T21:01:26.131413+00:00,1772830886131.412,0.618652,-0.524414,0.321045,-0.520996,8.085938,-0.604004,17354,19282,17264,15373,0.450000,-0.550000,0.300000,0.000000,1772830886126.511,0.605486,-0.530290,0.323086,0.000000,0.000000,0.000000,1.000000,position_only
2026-03-06T21:01:26.140232+00:00,1772830886140.231,0.629395,-0.514648,0.321289,-0.468994,9.007812,-0.557129,17369,19678,17624,15148,0.450000,-0.550000,0.300000,0.000000,1772830886135.042,0.614134,-0.522333,0.323031,0.000000,0.000000,0.000000,1.000000,position_only
2026-03-06T21:01:26.150912+00:00,1772830886150.911,0.639648,-0.505371,0.321533,-0.414795,9.929688,-0.518066,17539,19675,17601,15790,0.450000,-0.550000,0.300000,0.000000,1772830886143.582,0.622693,-0.514563,0.322874,0.000000,0.000000,0.000000,1.000000,position_only
2026-03-06T21:01:26.161052+00:00,1772830886161.051,0.650391,-0.495361,0.321289,-0.374512,10.851562,-0.460449,18207,19365,19025,14596,0.450000,-0.550000,0.300000,0.000000,1772830886160.721,0.639178,-0.498985,0.322323,0.000000,0.000000,0.000000,1.000000,position_only
2026-03-06T21:01:26.170021+00:00,1772830886170.021,0.660645,-0.485596,0.321045,-0.332031,11.820312,-0.384521,18156,19887,18476,15653,0.450000,-0.550000,0.300000,0.000000,1772830886169.237,0.647219,-0.491279,0.321942,0.000000,0.000000,0.000000,1.000000,position_only
2026-03-06T21:01:26.180892+00:00,1772830886180.892,0.670410,-0.475830,0.320801,-0.257568,12.789062,-0.316650,17860,20805,18322,15888,0.450000,-0.550000,0.300000,0.000000,1772830886177.770,0.655205,-0.483564,0.321475,0.000000,0.000000,0.000000,1.000000,position_only
2026-03-06T21:01:26.192147+00:00,1772830886192.146,0.680176,-0.466553,0.320312,-0.140869,13.742188,-0.262451,18310,21067,18184,16538,0.450000,-0.550000,0.300000,0.000000,1772830886186.271,0.662901,-0.475934,0.320962,0.000000,0.000000,0.000000,1.000000,position_only
2026-03-06T21:01:26.200304+00:00,1772830886200.303,0.687988,-0.457764,0.319824,0.041809,14.710938,-0.234497,18890,21026,18923,15889,0.450000,-0.550000,0.300000,0.000000,1772830886194.315,0.670360,-0.468310,0.320260,0.000000,0.000000,0.000000,1.000000,position_only
2026-03-06T21:01:26.210849+00:00,1772830886210.849,0.698730,-0.447266,0.319092,0.253906,15.703125,-0.157837,19670,20896,19363,16118,0.450000,-0.550000,0.300000,0.000000,1772830886202.840,0.677691,-0.460866,0.319507,0.000000,0.000000,0.000000,1.000000,position_only
2026-03-06T21:01:26.219746+00:00,1772830886219.745,0.707520,-0.437744,0.318359,0.477295,16.609375,-0.083740,18964,22223,18793,16890,0.450000,-0.550000,0.300000,0.000000,1772830886211.756,0.684958,-0.453426,0.318669,0.000000,0.000000,0.000000,1.000000,position_only
2026-03-06T21:01:26.230557+00:00,1772830886230.556,0.715820,-0.428467,0.317383,0.721680,17.468750,-0.036194,20229,21737,19826,16548,0.450000,-0.550000,0.300000,0.000000,1772830886229.202,0.698751,-0.438623,0.316848,0.000000,0.000000,0.000000,1.000000,position_only
2026-03-06T21:01:26.241088+00:00,1772830886241.087,0.724121,-0.419434,0.316406,0.989258,18.359375,0.021133,20429,22021,20093,16635,0.450000,-0.550000,0.300000,0.000000,1772830886238.095,0.705314,-0.431293,0.315692,0.000000,0.000000,0.000000,1.000000,position_only
2026-03-06T21:01:26.250871+00:00,1772830886250.871,0.731445,-0.410400,0.315186,1.251953,19.203125,0.086060,21017,22264,20404,17036,0.450000,-0.550000,0.300000,0.000000,1772830886246.615,0.711499,-0.423962,0.314661,0.000000,0.000000,0.000000,1.000000,position_only
2026-03-06T21:01:26.259981+00:00,1772830886259.980,0.739258,-0.400879,0.313965,1.512695,20.015625,0.152954,20687,23063,20374,17493,0.450000,-0.550000,0.300000,0.000000,1772830886255.189,0.717621,-0.416873,0.313489,0.000000,0.000000,0.000000,1.000000,position_only
2026-03-06T21:01:26.269849+00:00,1772830886269.849,0.745605,-0.392822,0.312744,1.786133,20.843750,0.200928,20990,23317,20338,18646,0.450000,-0.550000,0.300000,0.000000,1772830886263.709,0.723900,-0.409719,0.312112,0.000000,0.000000,0.000000,1.000000,position_only
2026-03-06T21:01:26.281079+00:00,1772830886281.078,0.751953,-0.384033,0.311279,2.005859,21.562500,0.247559,21918,22967,21725,17587,0.450000,-0.550000,0.300000,0.000000,1772830886280.705,0.734854,-0.395699,0.309344,0.000000,0.000000,0.000000,1.000000,position_only
2026-03-06T21:01:26.291000+00:00,1772830886291.000,0.758301,-0.375244,0.309814,2.201172,22.312500,0.316406,23173,22282,22956,17424,0.450000,-0.550000,0.300000,0.000000,1772830886289.316,0.739956,-0.388615,0.307990,0.000000,0.000000,0.000000,1.000000,position_only
2026-03-06T21:01:26.300201+00:00,1772830886300.201,0.764160,-0.366699,0.308105,2.357422,23.046875,0.400879,22197,23614,22267,18613,0.450000,-0.550000,0.300000,0.000000,1772830886298.058,0.744671,-0.381707,0.306451,0.000000,0.000000,0.000000,1.000000,position_only
2026-03-06T21:01:26.310432+00:00,1772830886310.431,0.769531,-0.358398,0.306641,2.478516,23.734375,0.467041,22468,23973,22509,19395,0.450000,-0.550000,0.300000,0.000000,1772830886306.731,0.749537,-0.374980,0.304902,0.000000,0.000000,0.000000,1.000000,position_only
2026-03-06T21:01:26.320063+00:00,1772830886320.062,0.774414,-0.350342,0.304932,2.576172,24.406250,0.522461,22750,24042,23026,19368,0.450000,-0.550000,0.300000,0.000000,1772830886315.774,0.757672,-0.361367,0.301768,0.000000,0.000000,0.000000,1.000000,position_only
2026-03-06T21:01:26.330613+00:00,1772830886330.612,0.777832,-0.342773,0.302979,2.630859,25.031250,0.587891,24182,23150,24341,19222,0.450000,-0.550000,0.300000,0.000000,1772830886324.364,0.757672,-0.361367,0.301768,0.000000,0.000000,0.000000,1.000000,position_only
2026-03-06T21:01:26.340908+00:00,1772830886340.907,0.782227,-0.334229,0.301025,2.615234,25.578125,0.671875,24022,23825,24384,19583,0.450000,-0.550000,0.300000,0.000000,1772830886332.989,0.764833,-0.348202,0.298241,0.000000,0.000000,0.000000,1.000000,position_only
2026-03-06T21:01:26.350152+00:00,1772830886350.151,0.786133,-0.325684,0.299072,2.589844,26.078125,0.759766,23887,24456,23798,21336,0.450000,-0.550000,0.300000,0.000000,1772830886341.881,0.767931,-0.341807,0.296553,0.000000,0.000000,0.000000,1.000000,position_only
2026-03-06T21:01:26.359859+00:00,1772830886359.858,0.789551,-0.317627,0.297119,2.554688,26.484375,0.832031,24431,24532,24342,21008,0.450000,-0.550000,0.300000,0.000000,1772830886358.938,0.773072,-0.329011,0.293325,0.000000,0.000000,0.000000,1.000000,position_only
2026-03-06T21:01:26.370557+00:00,1772830886370.557,0.791992,-0.309814,0.295166,2.539062,26.828125,0.915039,25444,24253,24864,21274,0.450000,-0.550000,0.300000,0.000000,1772830886367.465,0.775025,-0.322765,0.291621,0.000000,0.000000,0.000000,1.000000,position_only
2026-03-06T21:01:26.380647+00:00,1772830886380.647,0.793945,-0.302002,0.293213,2.550781,27.109375,1.011719,25684,24581,24858,21432,0.450000,-0.550000,0.300000,0.000000,1772830886375.984,0.776997,-0.316708,0.289901,0.000000,0.000000,0.000000,1.000000,position_only
2026-03-06T21:01:26.391258+00:00,1772830886391.258,0.794922,-0.295166,0.290771,2.595703,27.312500,1.116211,26636,24381,25452,21506,0.450000,-0.550000,0.300000,0.000000,1772830886384.517,0.778446,-0.310671,0.288265,0.000000,0.000000,0.000000,1.000000,position_only
2026-03-06T21:01:26.401106+00:00,1772830886401.104,0.796387,-0.286621,0.288574,2.677734,27.484375,1.221680,26824,24785,25404,21591,0.450000,-0.550000,0.300000,0.000000,1772830886393.233,0.779660,-0.304659,0.286613,0.000000,0.000000,0.000000,1.000000,position_only
2026-03-06T21:01:26.410762+00:00,1772830886410.761,0.796875,-0.278320,0.286621,2.802734,27.593750,1.334961,27044,25157,25381,22157,0.450000,-0.550000,0.300000,0.000000,1772830886410.676,0.780839,-0.292912,0.283338,0.000000,0.000000,0.000000,1.000000,position_only
2026-03-06T21:01:26.420057+00:00,1772830886420.056,0.796875,-0.271240,0.284668,2.966797,27.687500,1.436523,27075,25670,25512,21924,0.450000,-0.550000,0.300000,0.000000,1772830886419.242,0.780849,-0.287227,0.281891,0.000000,0.000000,0.000000,1.000000,position_only
2026-03-06T21:01:26.430607+00:00,1772830886430.606,0.796387,-0.264404,0.282959,3.162109,27.781250,1.541016,27658,25656,25326,22455,0.450000,-0.550000,0.300000,0.000000,1772830886427.764,0.780573,-0.281749,0.280310,0.000000,0.000000,0.000000,1.000000,position_only
2026-03-06T21:01:26.441723+00:00,1772830886441.722,0.795410,-0.257324,0.281006,3.386719,27.781250,1.619141,27353,26434,24970,22634,0.450000,-0.550000,0.300000,0.000000,1772830886436.279,0.780201,-0.276270,0.278801,0.000000,0.000000,0.000000,1.000000,position_only
2026-03-06T21:01:26.450197+00:00,1772830886450.196,0.792480,-0.251709,0.279053,3.662109,27.781250,1.738281,28718,25465,25973,21899,0.450000,-0.550000,0.300000,0.000000,1772830886445.047,0.779198,-0.270817,0.277279,0.000000,0.000000,0.000000,1.000000,position_only
2026-03-06T21:01:26.460821+00:00,1772830886460.821,0.790527,-0.245239,0.277588,3.931641,27.734375,1.844727,28344,26268,25195,22332,0.450000,-0.550000,0.300000,0.000000,1772830886453.532,0.777892,-0.265603,0.276086,0.000000,0.000000,0.000000,1.000000,position_only
2026-03-06T21:01:26.470622+00:00,1772830886470.622,0.787598,-0.239014,0.275879,4.218750,27.609375,1.948242,29190,25550,25872,21895,0.450000,-0.550000,0.300000,0.000000,1772830886462.086,0.776208,-0.260445,0.274800,0.000000,0.000000,0.000000,1.000000,position_only
2026-03-06T21:01:26.480434+00:00,1772830886480.433,0.784668,-0.233032,0.274414,4.500000,27.453125,2.058594,27850,27111,23938,23524,0.450000,-0.550000,0.300000,0.000000,1772830886479.152,0.771750,-0.250276,0.272592,0.000000,0.000000,0.000000,1.000000,position_only
2026-03-06T21:01:26.491719+00:00,1772830886491.719,0.780762,-0.226807,0.273193,4.761719,27.218750,2.117188,29083,25752,25323,22389,0.450000,-0.550000,0.300000,0.000000,1772830886487.724,0.769046,-0.245548,0.271621,0.000000,0.000000,0.000000,1.000000,position_only
2026-03-06T21:01:26.501454+00:00,1772830886501.453,0.776367,-0.220825,0.271973,4.964844,26.937500,2.201172,29225,25675,25107,22296,0.450000,-0.550000,0.300000,0.000000,1772830886496.462,0.765744,-0.240752,0.270853,0.000000,0.000000,0.000000,1.000000,position_only
2026-03-06T21:01:26.510645+00:00,1772830886510.644,0.770508,-0.216553,0.270752,5.171875,26.609375,2.359375,29330,25329,25049,22413,0.450000,-0.550000,0.300000,0.000000,1772830886504.948,0.762363,-0.236083,0.270081,0.000000,0.000000,0.000000,1.000000,position_only
2026-03-06T21:01:26.521465+00:00,1772830886521.464,0.765137,-0.211304,0.269775,5.324219,26.187500,2.458984,29232,25171,25014,22272,0.450000,-0.550000,0.300000,0.000000,1772830886513.707,0.758517,-0.231520,0.269395,0.000000,0.000000,0.000000,1.000000,position_only
2026-03-06T21:01:26.531312+00:00,1772830886531.312,0.759766,-0.206299,0.269043,5.410156,25.750000,2.568359,29322,24512,24945,22420,0.450000,-0.550000,0.300000,0.000000,1772830886530.915,0.750014,-0.222807,0.268274,0.000000,0.000000,0.000000,1.000000,position_only
2026-03-06T21:01:26.540923+00:00,1772830886540.923,0.753418,-0.201538,0.268555,5.429688,25.234375,2.675781,28833,24750,24491,22845,0.450000,-0.550000,0.300000,0.000000,1772830886539.425,0.745307,-0.218500,0.268022,0.000000,0.000000,0.000000,1.000000,position_only
2026-03-06T21:01:26.550794+00:00,1772830886550.793,0.746582,-0.196533,0.268066,5.367188,24.718750,2.742188,28839,23792,24669,22506,0.450000,-0.550000,0.300000,0.000000,1772830886548.244,0.740236,-0.214436,0.267746,0.000000,0.000000,0.000000,1.000000,position_only
2026-03-06T21:01:26.562337+00:00,1772830886562.337,0.738770,-0.191895,0.267578,5.238281,24.140625,2.808594,28335,23939,24057,22655,0.450000,-0.550000,0.300000,0.000000,1772830886556.850,0.734679,-0.210265,0.267687,0.000000,0.000000,0.000000,1.000000,position_only
2026-03-06T21:01:26.570622+00:00,1772830886570.622,0.730957,-0.188843,0.267578,5.105469,23.578125,2.939453,28371,23005,24719,21802,0.450000,-0.550000,0.300000,0.000000,1772830886565.359,0.728999,-0.206289,0.267707,0.000000,0.000000,0.000000,1.000000,position_only
2026-03-06T21:01:26.580594+00:00,1772830886580.593,0.722656,-0.184448,0.267578,4.917969,23.031250,2.976562,26827,23960,23058,23105,0.450000,-0.550000,0.300000,0.000000,1772830886574.063,0.716818,-0.199074,0.267936,0.000000,0.000000,0.000000,1.000000,position_only
2026-03-06T21:01:26.591629+00:00,1772830886591.627,0.713867,-0.180298,0.267822,4.699219,22.453125,2.984375,27058,22807,23647,22094,0.450000,-0.550000,0.300000,0.000000,1772830886591.125,0.703381,-0.191984,0.268671,0.000000,0.000000,0.000000,1.000000,position_only
2026-03-06T21:01:26.601956+00:00,1772830886601.954,0.704590,-0.176392,0.268066,4.457031,21.875000,2.992188,26837,22516,23572,21994,0.450000,-0.550000,0.300000,0.000000,1772830886599.651,0.696316,-0.188616,0.269204,0.000000,0.000000,0.000000,1.000000,position_only
2026-03-06T21:01:26.611669+00:00,1772830886611.668,0.694824,-0.172363,0.268799,4.171875,21.296875,2.964844,26546,21701,23561,21212,0.450000,-0.550000,0.300000,0.000000,1772830886608.467,0.688913,-0.185167,0.269950,0.000000,0.000000,0.000000,1.000000,position_only
2026-03-06T21:01:26.622329+00:00,1772830886622.328,0.684082,-0.169434,0.269531,3.927734,20.734375,2.974609,25685,21862,22744,21449,0.450000,-0.550000,0.300000,0.000000,1772830886617.229,0.681385,-0.181999,0.270660,0.000000,0.000000,0.000000,1.000000,position_only
2026-03-06T21:01:26.631825+00:00,1772830886631.824,0.673828,-0.164795,0.270264,3.652344,20.140625,2.878906,25301,21090,22861,20863,0.450000,-0.550000,0.300000,0.000000,1772830886625.724,0.673536,-0.178799,0.271604,0.000000,0.000000,0.000000,1.000000,position_only
2026-03-06T21:01:26.641651+00:00,1772830886641.650,0.663574,-0.162598,0.271484,3.423828,19.531250,2.900391,24355,21533,21978,21104,0.450000,-0.550000,0.300000,0.000000,1772830886634.220,0.673536,-0.178799,0.271604,0.000000,0.000000,0.000000,1.000000,position_only
2026-03-06T21:01:26.651046+00:00,1772830886651.045,0.652832,-0.159424,0.272461,3.203125,18.937500,2.826172,24558,20176,22373,20048,0.450000,-0.550000,0.300000,0.000000,1772830886642.835,0.657146,-0.172831,0.273561,0.000000,0.000000,0.000000,1.000000,position_only
2026-03-06T21:01:26.660862+00:00,1772830886660.862,0.642090,-0.156372,0.273682,2.990234,18.296875,2.759766,24175,20141,21822,20196,0.450000,-0.550000,0.300000,0.000000,1772830886659.844,0.640012,-0.167093,0.275805,0.000000,0.000000,0.000000,1.000000,position_only
2026-03-06T21:01:26.671314+00:00,1772830886671.313,0.629883,-0.153076,0.275146,2.787109,17.671875,2.644531,23041,20023,21068,20136,0.450000,-0.550000,0.300000,0.000000,1772830886668.361,0.631118,-0.164193,0.277062,0.000000,0.000000,0.000000,1.000000,position_only
2026-03-06T21:01:26.681779+00:00,1772830886681.779,0.618164,-0.149902,0.276611,2.617188,16.984375,2.500000,22476,20056,20348,20323,0.450000,-0.550000,0.300000,0.000000,1772830886676.815,0.622053,-0.161422,0.278520,0.000000,0.000000,0.000000,1.000000,position_only
2026-03-06T21:01:26.691993+00:00,1772830886691.992,0.606445,-0.147827,0.278320,2.480469,16.281250,2.408203,22753,18489,21277,18825,0.450000,-0.550000,0.300000,0.000000,1772830886685.645,0.612863,-0.158742,0.279915,0.000000,0.000000,0.000000,1.000000,position_only
2026-03-06T21:01:26.701830+00:00,1772830886701.829,0.594238,-0.145020,0.280029,2.343750,15.570312,2.277344,22288,18585,20394,19067,0.450000,-0.550000,0.300000,0.000000,1772830886694.252,0.603427,-0.156125,0.281346,0.000000,0.000000,0.000000,1.000000,position_only
2026-03-06T21:01:26.710802+00:00,1772830886710.801,0.582031,-0.142334,0.281738,2.259766,14.796875,2.130859,21255,18441,19708,19079,0.450000,-0.550000,0.300000,0.000000,1772830886702.713,0.593915,-0.153539,0.282851,0.000000,0.000000,0.000000,1.000000,position_only
2026-03-06T21:01:26.721071+00:00,1772830886721.071,0.569824,-0.139771,0.283447,2.210938,13.953125,1.961914,20849,18715,18613,19580,0.450000,-0.550000,0.300000,0.000000,1772830886719.767,0.574588,-0.148506,0.285948,0.000000,0.000000,0.000000,1.000000,position_only
2026-03-06T21:01:26.731260+00:00,1772830886731.260,0.556641,-0.136963,0.285400,2.212891,13.070312,1.746094,21078,17432,18903,18551,0.450000,-0.550000,0.300000,0.000000,1772830886728.387,0.564725,-0.145971,0.287596,0.000000,0.000000,0.000000,1.000000,position_only
2026-03-06T21:01:26.740996+00:00,1772830886740.996,0.543457,-0.134277,0.287354,2.257812,12.109375,1.546875,21936,16342,19353,17547,0.450000,-0.550000,0.300000,0.000000,1772830886736.925,0.554735,-0.143601,0.289219,0.000000,0.000000,0.000000,1.000000,position_only
2026-03-06T21:01:26.751827+00:00,1772830886751.827,0.531738,-0.132446,0.289307,2.365234,11.101562,1.418945,20950,16364,18714,17519,0.450000,-0.550000,0.300000,0.000000,1772830886745.429,0.544834,-0.141313,0.290782,0.000000,0.000000,0.000000,1.000000,position_only
2026-03-06T21:01:26.760800+00:00,1772830886760.800,0.518555,-0.130005,0.291016,2.498047,10.062500,1.220703,20178,16848,17352,18521,0.450000,-0.550000,0.300000,0.000000,1772830886754.003,0.534622,-0.138817,0.292405,0.000000,0.000000,0.000000,1.000000,position_only
2026-03-06T21:01:26.772093+00:00,1772830886772.093,0.505859,-0.127686,0.292969,2.660156,8.968750,1.008789,20086,16201,17397,17730,0.450000,-0.550000,0.300000,0.000000,1772830886771.185,0.514227,-0.134387,0.295674,0.000000,0.000000,0.000000,1.000000,position_only
2026-03-06T21:01:26.782068+00:00,1772830886782.068,0.493408,-0.125488,0.294678,2.875000,7.812500,0.802734,20381,15734,16838,17926,0.450000,-0.550000,0.300000,0.000000,1772830886779.768,0.504022,-0.132181,0.297242,0.000000,0.000000,0.000000,1.000000,position_only
2026-03-06T21:01:26.791803+00:00,1772830886791.802,0.479736,-0.122986,0.296631,3.117188,6.625000,0.581055,20479,14902,17346,16880,0.450000,-0.550000,0.300000,0.000000,1772830886788.260,0.493664,-0.129964,0.298870,0.000000,0.000000,0.000000,1.000000,position_only
2026-03-06T21:01:26.802395+00:00,1772830886802.395,0.466309,-0.120667,0.298584,3.386719,5.421875,0.366455,20178,15137,16181,17651,0.450000,-0.550000,0.300000,0.000000,1772830886797.130,0.483445,-0.127882,0.300357,0.000000,0.000000,0.000000,1.000000,position_only
2026-03-06T21:01:26.811983+00:00,1772830886811.983,0.454346,-0.118958,0.300537,3.707031,4.156250,0.200439,19490,15220,15975,17300,0.450000,-0.550000,0.300000,0.000000,1772830886805.651,0.473161,-0.125742,0.301859,0.000000,0.000000,0.000000,1.000000,position_only
2026-03-06T21:01:26.821751+00:00,1772830886821.751,0.441406,-0.116821,0.302246,4.054688,2.902344,-0.016449,19075,15622,14603,18331,0.450000,-0.550000,0.300000,0.000000,1772830886814.199,0.462927,-0.123729,0.303271,0.000000,0.000000,0.000000,1.000000,position_only
2026-03-06T21:01:26.831754+00:00,1772830886831.754,0.428955,-0.114807,0.303711,4.433594,1.616211,-0.233643,19370,14914,15299,17117,0.450000,-0.550000,0.300000,0.000000,1772830886831.184,0.442346,-0.119837,0.306019,0.000000,0.000000,0.000000,1.000000,position_only
2026-03-06T21:01:26.841578+00:00,1772830886841.578,0.415283,-0.112671,0.305420,4.855469,0.360596,-0.450928,19775,14567,14743,17395,0.450000,-0.550000,0.300000,0.000000,1772830886839.959,0.432093,-0.118040,0.307335,0.000000,0.000000,0.000000,1.000000,position_only
2026-03-06T21:01:26.851357+00:00,1772830886851.356,0.402100,-0.110596,0.307129,5.296875,-0.932129,-0.653320,19084,14957,14439,17262,0.450000,-0.550000,0.300000,0.000000,1772830886848.531,0.421929,-0.116118,0.308569,0.000000,0.000000,0.000000,1.000000,position_only
2026-03-06T21:01:26.862206+00:00,1772830886862.205,0.389160,-0.108704,0.308594,5.781250,-2.218750,-0.847656,19369,14741,14109,17397,0.450000,-0.550000,0.300000,0.000000,1772830886857.406,0.401814,-0.112737,0.310840,0.000000,0.000000,0.000000,1.000000,position_only
2026-03-06T21:01:26.872192+00:00,1772830886872.191,0.377441,-0.107178,0.310059,6.281250,-3.501953,-1.004883,18593,15251,13869,17483,0.450000,-0.550000,0.300000,0.000000,1772830886865.910,0.401814,-0.112737,0.310840,0.000000,0.000000,0.000000,1.000000,position_only
2026-03-06T21:01:26.881895+00:00,1772830886881.895,0.364502,-0.105408,0.311279,6.792969,-4.738281,-1.192383,19036,15075,13578,17604,0.450000,-0.550000,0.300000,0.000000,1772830886874.431,0.381857,-0.109573,0.312783,0.000000,0.000000,0.000000,1.000000,position_only
2026-03-06T21:01:26.891732+00:00,1772830886891.731,0.352051,-0.103760,0.312500,7.316406,-5.953125,-1.363281,18669,15462,13600,17463,0.450000,-0.550000,0.300000,0.000000,1772830886891.393,0.362322,-0.106689,0.314407,0.000000,0.000000,0.000000,1.000000,position_only
2026-03-06T21:01:26.901390+00:00,1772830886901.390,0.338867,-0.102051,0.313721,7.863281,-7.089844,-1.537109,19534,14916,14128,16874,0.450000,-0.550000,0.300000,0.000000,1772830886900.038,0.352709,-0.105311,0.315024,0.000000,0.000000,0.000000,1.000000,position_only
2026-03-06T21:01:26.911810+00:00,1772830886911.810,0.325928,-0.100525,0.314697,8.429688,-8.179688,-1.690430,18852,15706,13917,17208,0.450000,-0.550000,0.300000,0.000000,1772830886908.531,0.343144,-0.104188,0.315601,0.000000,0.000000,0.000000,1.000000,position_only
2026-03-06T21:01:26.921663+00:00,1772830886921.663,0.313477,-0.099182,0.315430,9.000000,-9.234375,-1.836914,18687,16204,13207,18068,0.450000,-0.550000,0.300000,0.000000,1772830886917.026,0.333948,-0.103033,0.316008,0.000000,0.000000,0.000000,1.000000,position_only
2026-03-06T21:01:26.932270+00:00,1772830886932.269,0.302979,-0.098267,0.316162,9.554688,-10.328125,-1.948242,18620,16595,13991,17628,0.450000,-0.550000,0.300000,0.000000,1772830886925.541,0.324651,-0.101836,0.316314,0.000000,0.000000,0.000000,1.000000,position_only
2026-03-06T21:01:26.942061+00:00,1772830886942.060,0.291504,-0.097168,0.316406,10.093750,-11.312500,-2.068359,19395,16153,14240,17751,0.450000,-0.550000,0.300000,0.000000,1772830886934.237,0.315302,-0.100771,0.316491,0.000000,0.000000,0.000000,1.000000,position_only
2026-03-06T21:01:26.950994+00:00,1772830886950.994,0.280762,-0.096375,0.316650,10.609375,-12.289062,-2.154297,18624,17021,14439,18102,0.450000,-0.550000,0.300000,0.000000,1772830886942.730,0.315302,-0.100771,0.316491,0.000000,0.000000,0.000000,1.000000,position_only
2026-03-06T21:01:26.962306+00:00,1772830886962.306,0.269287,-0.095581,0.316895,11.085938,-13.187500,-2.265625,19154,17093,14450,18735,0.450000,-0.550000,0.300000,0.000000,1772830886959.856,0.288874,-0.098361,0.316522,0.000000,0.000000,0.000000,1.000000,position_only
2026-03-06T21:01:26.971955+00:00,1772830886971.955,0.258057,-0.094910,0.316650,11.500000,-14.085938,-2.365234,18646,18059,14620,19476,0.450000,-0.550000,0.300000,0.000000,1772830886968.366,0.280378,-0.097734,0.316358,0.000000,0.000000,0.000000,1.000000,position_only
2026-03-06T21:01:26.981119+00:00,1772830886981.119,0.247192,-0.094482,0.316406,11.867188,-14.968750,-2.447266,20108,17109,15877,18761,0.450000,-0.550000,0.300000,0.000000,1772830886976.846,0.271942,-0.097266,0.315998,0.000000,0.000000,0.000000,1.000000,position_only
2026-03-06T21:01:26.992294+00:00,1772830886992.292,0.238525,-0.094421,0.315918,12.203125,-15.859375,-2.472656,19440,18222,15881,19917,0.450000,-0.550000,0.300000,0.000000,1772830886985.596,0.263921,-0.096789,0.315574,0.000000,0.000000,0.000000,1.000000,position_only
2026-03-06T21:01:27.002051+00:00,1772830887002.050,0.228760,-0.094299,0.315430,12.484375,-16.718750,-2.517578,19909,18247,16198,20268,0.450000,-0.550000,0.300000,0.000000,1772830886994.088,0.255873,-0.096517,0.315051,0.000000,0.000000,0.000000,1.000000,position_only
2026-03-06T21:01:27.012713+00:00,1772830887012.712,0.219360,-0.094421,0.314697,12.710938,-17.531250,-2.558594,20113,18698,17024,20602,0.450000,-0.550000,0.300000,0.000000,1772830887011.350,0.240647,-0.096341,0.313551,0.000000,0.000000,0.000000,1.000000,position_only
2026-03-06T21:01:27.021729+00:00,1772830887021.728,0.209717,-0.094727,0.313721,12.906250,-18.312500,-2.587891,20783,18626,17342,20926,0.450000,-0.550000,0.300000,0.000000,1772830887019.935,0.233255,-0.096357,0.312679,0.000000,0.000000,0.000000,1.000000,position_only
2026-03-06T21:01:27.032514+00:00,1772830887032.513,0.200439,-0.095215,0.312500,13.070312,-19.062500,-2.609375,20792,19476,18095,21253,0.450000,-0.550000,0.300000,0.000000,1772830887028.440,0.226036,-0.096501,0.311812,0.000000,0.000000,0.000000,1.000000,position_only
2026-03-06T21:01:27.042378+00:00,1772830887042.377,0.191650,-0.095886,0.311279,13.226562,-19.781250,-2.621094,21259,19610,18315,21671,0.450000,-0.550000,0.300000,0.000000,1772830887036.996,0.219119,-0.096822,0.310819,0.000000,0.000000,0.000000,1.000000,position_only
2026-03-06T21:01:27.051482+00:00,1772830887051.481,0.185303,-0.096863,0.310059,13.359375,-20.515625,-2.605469,21068,20746,18682,22419,0.450000,-0.550000,0.300000,0.000000,1772830887045.743,0.212548,-0.097301,0.309644,0.000000,0.000000,0.000000,1.000000,position_only
2026-03-06T21:01:27.061977+00:00,1772830887061.976,0.177612,-0.097900,0.308594,13.484375,-21.187500,-2.609375,21624,20766,18818,22935,0.450000,-0.550000,0.300000,0.000000,1772830887054.531,0.206059,-0.097795,0.308420,0.000000,0.000000,0.000000,1.000000,position_only
2026-03-06T21:01:27.072540+00:00,1772830887072.539,0.170410,-0.099182,0.307129,13.585938,-21.859375,-2.599609,22382,20970,20051,22767,0.450000,-0.550000,0.300000,0.000000,1772830887071.667,0.193980,-0.099303,0.305776,0.000000,0.000000,0.000000,1.000000,position_only
2026-03-06T21:01:27.081653+00:00,1772830887081.652,0.163818,-0.100647,0.305420,13.703125,-22.500000,-2.566406,23112,20650,20631,22651,0.450000,-0.550000,0.300000,0.000000,1772830887080.389,0.188348,-0.100323,0.304327,0.000000,0.000000,0.000000,1.000000,position_only
2026-03-06T21:01:27.092340+00:00,1772830887092.339,0.156982,-0.102417,0.303711,13.820312,-23.078125,-2.541016,22429,22593,19953,24224,0.450000,-0.550000,0.300000,0.000000,1772830887089.047,0.182976,-0.101433,0.302834,0.000000,0.000000,0.000000,1.000000,position_only
2026-03-06T21:01:27.102815+00:00,1772830887102.814,0.150635,-0.104431,0.301758,13.937500,-23.687500,-2.517578,23090,22544,20200,24415,0.450000,-0.550000,0.300000,0.000000,1772830887097.530,0.177844,-0.102723,0.301265,0.000000,0.000000,0.000000,1.000000,position_only
2026-03-06T21:01:27.113014+00:00,1772830887113.013,0.146729,-0.106506,0.299805,14.046875,-24.312500,-2.458984,23747,22875,21164,24425,0.450000,-0.550000,0.300000,0.000000,1772830887106.087,0.172994,-0.104162,0.299631,0.000000,0.000000,0.000000,1.000000,position_only
2026-03-06T21:01:27.122237+00:00,1772830887122.236,0.141602,-0.108826,0.297852,14.156250,-24.875000,-2.400391,24973,22213,21907,24070,0.450000,-0.550000,0.300000,0.000000,1772830887114.649,0.168423,-0.105786,0.297931,0.000000,0.000000,0.000000,1.000000,position_only
2026-03-06T21:01:27.132077+00:00,1772830887132.077,0.136963,-0.111450,0.295898,14.265625,-25.421875,-2.316406,24422,23617,21650,25306,0.450000,-0.550000,0.300000,0.000000,1772830887131.787,0.160474,-0.109412,0.294715,0.000000,0.000000,0.000000,1.000000,position_only
2026-03-06T21:01:27.142053+00:00,1772830887142.052,0.132446,-0.114441,0.293945,14.351562,-25.953125,-2.253906,24612,23882,21476,25867,0.450000,-0.550000,0.300000,0.000000,1772830887140.323,0.156954,-0.111483,0.293012,0.000000,0.000000,0.000000,1.000000,position_only
2026-03-06T21:01:27.151823+00:00,1772830887151.823,0.128540,-0.117615,0.291748,14.398438,-26.453125,-2.193359,25454,23799,22804,25499,0.450000,-0.550000,0.300000,0.000000,1772830887148.965,0.150585,-0.116120,0.289277,0.000000,0.000000,0.000000,1.000000,position_only
2026-03-06T21:01:27.161732+00:00,1772830887161.731,0.124939,-0.121216,0.289551,14.421875,-26.906250,-2.111328,26417,23183,23551,25179,0.450000,-0.550000,0.300000,0.000000,1772830887157.473,0.150585,-0.116120,0.289277,0.000000,0.000000,0.000000,1.000000,position_only
2026-03-06T21:01:27.172183+00:00,1772830887172.183,0.123718,-0.124634,0.287354,14.390625,-27.359375,-1.992188,25412,24771,23026,26737,0.450000,-0.550000,0.300000,0.000000,1772830887166.148,0.146046,-0.121297,0.286096,0.000000,0.000000,0.000000,1.000000,position_only
2026-03-06T21:01:27.182579+00:00,1772830887182.577,0.121582,-0.128418,0.285400,14.296875,-27.734375,-1.920898,25910,24545,23738,26434,0.450000,-0.550000,0.300000,0.000000,1772830887174.646,0.146046,-0.121297,0.286096,0.000000,0.000000,0.000000,1.000000,position_only
2026-03-06T21:01:27.191832+00:00,1772830887191.831,0.119934,-0.132568,0.283203,14.156250,-27.984375,-1.864258,25540,25408,23875,27221,0.450000,-0.550000,0.300000,0.000000,1772830887183.298,0.142749,-0.127199,0.282693,0.000000,0.000000,0.000000,1.000000,position_only
2026-03-06T21:01:27.201776+00:00,1772830887201.775,0.118896,-0.136963,0.281250,13.968750,-28.203125,-1.814453,26129,25052,24784,26637,0.450000,-0.550000,0.300000,0.000000,1772830887200.446,0.140768,-0.133616,0.279687,0.000000,0.000000,0.000000,1.000000,position_only
2026-03-06T21:01:27.212302+00:00,1772830887212.301,0.118225,-0.141846,0.279053,13.765625,-28.312500,-1.786133,26175,25510,25375,26669,0.450000,-0.550000,0.300000,0.000000,1772830887208.995,0.140768,-0.133616,0.279687,0.000000,0.000000,0.000000,1.000000,position_only
2026-03-06T21:01:27.222959+00:00,1772830887222.958,0.118225,-0.146729,0.277100,13.515625,-28.312500,-1.761719,26182,25617,25572,26728,0.450000,-0.550000,0.300000,0.000000,1772830887217.806,0.140411,-0.140827,0.276698,0.000000,0.000000,0.000000,1.000000,position_only
2026-03-06T21:01:27.232849+00:00,1772830887232.848,0.120239,-0.151489,0.275146,13.226562,-28.281250,-1.723633,25815,26402,25702,27152,0.450000,-0.550000,0.300000,0.000000,1772830887226.313,0.140748,-0.144707,0.275351,0.000000,0.000000,0.000000,1.000000,position_only
2026-03-06T21:01:27.243127+00:00,1772830887243.126,0.121399,-0.156860,0.273438,12.929688,-28.156250,-1.725586,26116,26235,25745,27209,0.450000,-0.550000,0.300000,0.000000,1772830887234.867,0.141428,-0.148638,0.273997,0.000000,0.000000,0.000000,1.000000,position_only
2026-03-06T21:01:27.252310+00:00,1772830887252.309,0.123169,-0.162354,0.271729,12.625000,-27.984375,-1.721680,26318,26436,26624,26562,0.450000,-0.550000,0.300000,0.000000,1772830887251.826,0.143887,-0.157010,0.271454,0.000000,0.000000,0.000000,1.000000,position_only
2026-03-06T21:01:27.262844+00:00,1772830887262.844,0.125488,-0.168091,0.270264,12.320312,-27.718750,-1.715820,26486,26299,26890,26416,0.450000,-0.550000,0.300000,0.000000,1772830887260.478,0.145743,-0.161369,0.270309,0.000000,0.000000,0.000000,1.000000,position_only
2026-03-06T21:01:27.272730+00:00,1772830887272.730,0.128418,-0.174316,0.268799,12.039062,-27.406250,-1.727539,25859,27020,26650,26576,0.450000,-0.550000,0.300000,0.000000,1772830887269.070,0.148093,-0.166247,0.269667,0.000000,0.000000,0.000000,1.000000,position_only
2026-03-06T21:01:27.282590+00:00,1772830887282.590,0.132080,-0.180786,0.267334,11.750000,-27.015625,-1.751953,25865,26925,26440,26548,0.450000,-0.550000,0.300000,0.000000,1772830887277.531,0.150637,-0.170994,0.268906,0.000000,0.000000,0.000000,1.000000,position_only
2026-03-06T21:01:27.292610+00:00,1772830887292.610,0.137329,-0.186523,0.266357,11.460938,-26.640625,-1.723633,25925,26825,26747,26148,0.450000,-0.550000,0.300000,0.000000,1772830887286.026,0.153614,-0.175855,0.268241,0.000000,0.000000,0.000000,1.000000,position_only
2026-03-06T21:01:27.302995+00:00,1772830887302.994,0.141846,-0.193115,0.265381,11.179688,-26.187500,-1.717773,26412,26001,27223,25412,0.450000,-0.550000,0.300000,0.000000,1772830887294.530,0.156840,-0.180947,0.267651,0.000000,0.000000,0.000000,1.000000,position_only
2026-03-06T21:01:27.312900+00:00,1772830887312.900,0.146973,-0.199707,0.264648,10.890625,-25.703125,-1.696289,25349,26596,26559,26021,0.450000,-0.550000,0.300000,0.000000,1772830887311.706,0.164541,-0.191422,0.266727,0.000000,0.000000,0.000000,1.000000,position_only
2026-03-06T21:01:27.322876+00:00,1772830887322.875,0.152832,-0.207031,0.263916,10.578125,-25.234375,-1.702148,25024,26680,26077,25938,0.450000,-0.550000,0.300000,0.000000,1772830887320.199,0.168914,-0.196897,0.266496,0.000000,0.000000,0.000000,1.000000,position_only
2026-03-06T21:01:27.333642+00:00,1772830887333.641,0.160156,-0.213623,0.263672,10.265625,-24.750000,-1.659180,24797,26252,26390,25416,0.450000,-0.550000,0.300000,0.000000,1772830887328.720,0.173663,-0.202554,0.266384,0.000000,0.000000,0.000000,1.000000,position_only
2026-03-06T21:01:27.342606+00:00,1772830887342.605,0.166016,-0.221924,0.263184,9.953125,-24.187500,-1.697266,24613,25843,26354,25041,0.450000,-0.550000,0.300000,0.000000,1772830887337.230,0.178734,-0.208164,0.266434,0.000000,0.000000,0.000000,1.000000,position_only
2026-03-06T21:01:27.353087+00:00,1772830887353.087,0.174072,-0.228394,0.263428,9.578125,-23.625000,-1.622070,24289,25691,26051,24621,0.450000,-0.550000,0.300000,0.000000,1772830887346.086,0.184090,-0.213961,0.266579,0.000000,0.000000,0.000000,1.000000,position_only
2026-03-06T21:01:27.362814+00:00,1772830887362.813,0.181641,-0.235840,0.263672,9.257812,-23.000000,-1.589844,23947,25255,26070,24200,0.450000,-0.550000,0.300000,0.000000,1772830887354.647,0.189763,-0.219887,0.266819,0.000000,0.000000,0.000000,1.000000,position_only
2026-03-06T21:01:27.373303+00:00,1772830887373.302,0.189575,-0.243286,0.263916,8.914062,-22.343750,-1.551758,23276,25207,25852,24013,0.450000,-0.550000,0.300000,0.000000,1772830887371.707,0.201993,-0.232003,0.267732,0.000000,0.000000,0.000000,1.000000,position_only
2026-03-06T21:01:27.382814+00:00,1772830887382.813,0.198486,-0.251465,0.264648,8.562500,-21.687500,-1.538086,22635,24826,25368,23794,0.450000,-0.550000,0.300000,0.000000,1772830887380.230,0.208627,-0.238209,0.268512,0.000000,0.000000,0.000000,1.000000,position_only
2026-03-06T21:01:27.391972+00:00,1772830887391.971,0.207642,-0.259766,0.265381,8.203125,-21.015625,-1.513672,21972,24410,24922,23466,0.450000,-0.550000,0.300000,0.000000,1772830887389.060,0.215433,-0.244649,0.269346,0.000000,0.000000,0.000000,1.000000,position_only
2026-03-06T21:01:27.403162+00:00,1772830887403.161,0.217163,-0.267822,0.266357,7.839844,-20.312500,-1.478516,22031,23622,24929,22736,0.450000,-0.550000,0.300000,0.000000,1772830887397.841,0.222506,-0.250978,0.270422,0.000000,0.000000,0.000000,1.000000,position_only
2026-03-06T21:01:27.412993+00:00,1772830887412.992,0.227173,-0.274658,0.267822,7.476562,-19.609375,-1.355469,21785,22742,25085,21685,0.450000,-0.550000,0.300000,0.000000,1772830887406.414,0.229834,-0.257433,0.271387,0.000000,0.000000,0.000000,1.000000,position_only
2026-03-06T21:01:27.422827+00:00,1772830887422.826,0.237061,-0.282715,0.269043,7.140625,-18.843750,-1.278320,20959,22683,24418,21709,0.450000,-0.550000,0.300000,0.000000,1772830887414.886,0.237514,-0.264071,0.272592,0.000000,0.000000,0.000000,1.000000,position_only
2026-03-06T21:01:27.432600+00:00,1772830887432.599,0.247192,-0.290771,0.270508,6.808594,-18.109375,-1.208984,19989,22672,23437,21489,0.450000,-0.550000,0.300000,0.000000,1772830887432.244,0.261724,-0.284096,0.276953,0.000000,0.000000,0.000000,1.000000,position_only
2026-03-06T21:01:27.442544+00:00,1772830887442.543,0.258789,-0.299805,0.272461,6.546875,-17.359375,-1.180664,19314,22581,22940,21237,0.450000,-0.550000,0.300000,0.000000,1772830887440.843,0.270182,-0.290910,0.278618,0.000000,0.000000,0.000000,1.000000,position_only
2026-03-06T21:01:27.453241+00:00,1772830887453.240,0.270508,-0.308838,0.274414,6.324219,-16.609375,-1.141602,19793,21118,23162,19714,0.450000,-0.550000,0.300000,0.000000,1772830887449.389,0.278782,-0.297784,0.280337,0.000000,0.000000,0.000000,1.000000,position_only
2026-03-06T21:01:27.463101+00:00,1772830887463.100,0.282471,-0.318115,0.276367,6.148438,-15.820312,-1.075195,19553,20718,23094,18947,0.450000,-0.550000,0.300000,0.000000,1772830887457.904,0.287543,-0.304715,0.282196,0.000000,0.000000,0.000000,1.000000,position_only
2026-03-06T21:01:27.473031+00:00,1772830887473.030,0.294678,-0.325928,0.279053,5.980469,-15.015625,-0.955566,18534,20646,21656,19120,0.450000,-0.550000,0.300000,0.000000,1772830887466.897,0.296515,-0.311803,0.284065,0.000000,0.000000,0.000000,1.000000,position_only
2026-03-06T21:01:27.482985+00:00,1772830887482.984,0.306641,-0.334717,0.281250,5.851562,-14.218750,-0.899902,17255,21206,20534,19578,0.450000,-0.550000,0.300000,0.000000,1772830887475.396,0.305675,-0.318829,0.285954,0.000000,0.000000,0.000000,1.000000,position_only
2026-03-06T21:01:27.493030+00:00,1772830887493.030,0.317871,-0.342773,0.283447,5.730469,-13.429688,-0.837402,17894,19529,20551,18299,0.450000,-0.550000,0.300000,0.000000,1772830887492.590,0.324284,-0.333072,0.290015,0.000000,0.000000,0.000000,1.000000,position_only
2026-03-06T21:01:27.502273+00:00,1772830887502.273,0.330078,-0.351318,0.285889,5.652344,-12.648438,-0.757324,18504,18424,21914,16438,0.450000,-0.550000,0.300000,0.000000,1772830887501.092,0.333789,-0.340287,0.292196,0.000000,0.000000,0.000000,1.000000,position_only
2026-03-06T21:01:27.512715+00:00,1772830887512.714,0.343018,-0.360596,0.288330,5.613281,-11.835938,-0.687012,17186,18717,20059,17128,0.450000,-0.550000,0.300000,0.000000,1772830887509.601,0.343374,-0.347470,0.294294,0.000000,0.000000,0.000000,1.000000,position_only
2026-03-06T21:01:27.523440+00:00,1772830887523.440,0.355957,-0.369873,0.291016,5.578125,-11.039062,-0.647949,15780,19584,19125,17668,0.450000,-0.550000,0.300000,0.000000,1772830887518.148,0.352930,-0.354693,0.296368,0.000000,0.000000,0.000000,1.000000,position_only
2026-03-06T21:01:27.532564+00:00,1772830887532.563,0.368408,-0.377686,0.293945,5.507812,-10.195312,-0.571777,16409,18063,19173,16597,0.450000,-0.550000,0.300000,0.000000,1772830887526.649,0.362793,-0.362038,0.298406,0.000000,0.000000,0.000000,1.000000,position_only
2026-03-06T21:01:27.542312+00:00,1772830887542.311,0.381104,-0.386719,0.296387,5.476562,-9.343750,-0.523926,16363,17710,19724,15710,0.450000,-0.550000,0.300000,0.000000,1772830887535.534,0.372570,-0.369288,0.300587,0.000000,0.000000,0.000000,1.000000,position_only
2026-03-06T21:01:27.553557+00:00,1772830887553.557,0.393799,-0.395508,0.298828,5.441406,-8.468750,-0.468506,16294,16833,19163,15471,0.450000,-0.550000,0.300000,0.000000,1772830887552.948,0.392409,-0.384016,0.304648,0.000000,0.000000,0.000000,1.000000,position_only
2026-03-06T21:01:27.562870+00:00,1772830887562.870,0.406250,-0.404297,0.301270,5.386719,-7.570312,-0.421143,15496,17273,19164,15292,0.450000,-0.550000,0.300000,0.000000,1772830887561.589,0.402411,-0.391498,0.306684,0.000000,0.000000,0.000000,1.000000,position_only
2026-03-06T21:01:27.573373+00:00,1772830887573.373,0.419678,-0.413574,0.303711,5.355469,-6.652344,-0.407227,15435,16608,18700,14972,0.450000,-0.550000,0.300000,0.000000,1772830887570.199,0.412402,-0.398763,0.308720,0.000000,0.000000,0.000000,1.000000,position_only
2026-03-06T21:01:27.583357+00:00,1772830887583.357,0.432861,-0.423096,0.306152,5.308594,-5.710938,-0.398682,15128,16631,18908,14721,0.450000,-0.550000,0.300000,0.000000,1772830887578.707,0.422398,-0.406271,0.310605,0.000000,0.000000,0.000000,1.000000,position_only
2026-03-06T21:01:27.593683+00:00,1772830887593.682,0.445801,-0.432129,0.308350,5.261719,-4.757812,-0.381592,16042,15272,19473,13352,0.450000,-0.550000,0.300000,0.000000,1772830887587.216,0.432374,-0.413737,0.312472,0.000000,0.000000,0.000000,1.000000,position_only
2026-03-06T21:01:27.603648+00:00,1772830887603.647,0.457764,-0.439941,0.310791,5.195312,-3.718750,-0.315674,14569,16461,18541,14427,0.450000,-0.550000,0.300000,0.000000,1772830887596.035,0.442438,-0.421191,0.314330,0.000000,0.000000,0.000000,1.000000,position_only
2026-03-06T21:01:27.613375+00:00,1772830887613.375,0.470215,-0.448730,0.312744,5.132812,-2.712891,-0.318604,14467,16182,17941,14433,0.450000,-0.550000,0.300000,0.000000,1772830887613.197,0.462482,-0.436166,0.317712,0.000000,0.000000,0.000000,1.000000,position_only
2026-03-06T21:01:27.623424+00:00,1772830887623.424,0.482666,-0.457520,0.314697,5.082031,-1.690430,-0.333008,13900,16521,17798,14588,0.450000,-0.550000,0.300000,0.000000,1772830887621.647,0.472495,-0.443785,0.319288,0.000000,0.000000,0.000000,1.000000,position_only
2026-03-06T21:01:27.633096+00:00,1772830887633.094,0.495850,-0.467041,0.316650,5.039062,-0.732422,-0.371094,14745,15322,18439,13815,0.450000,-0.550000,0.300000,0.000000,1772830887630.138,0.482465,-0.451339,0.320743,0.000000,0.000000,0.000000,1.000000,position_only
2026-03-06T21:01:27.643388+00:00,1772830887643.386,0.508789,-0.476562,0.318359,4.972656,0.258057,-0.402100,14738,15301,19120,13355,0.450000,-0.550000,0.300000,0.000000,1772830887638.775,0.492398,-0.458895,0.322152,0.000000,0.000000,0.000000,1.000000,position_only
2026-03-06T21:01:27.652563+00:00,1772830887652.562,0.521484,-0.485840,0.320068,4.878906,1.255859,-0.426758,14932,14868,18731,13627,0.450000,-0.550000,0.300000,0.000000,1772830887647.393,0.502288,-0.466473,0.323468,0.000000,0.000000,0.000000,1.000000,position_only
2026-03-06T21:01:27.663009+00:00,1772830887663.009,0.532227,-0.493652,0.321777,4.718750,2.271484,-0.422119,14163,15602,18582,14153,0.450000,-0.550000,0.300000,0.000000,1772830887655.910,0.512146,-0.474096,0.324670,0.000000,0.000000,0.000000,1.000000,position_only
2026-03-06T21:01:27.673687+00:00,1772830887673.687,0.544434,-0.502441,0.322998,4.566406,3.242188,-0.461670,15051,14690,19055,13621,0.450000,-0.550000,0.300000,0.000000,1772830887673.247,0.531640,-0.489321,0.326827,0.000000,0.000000,0.000000,1.000000,position_only
2026-03-06T21:01:27.683543+00:00,1772830887683.542,0.556152,-0.511719,0.324219,4.417969,4.230469,-0.495361,14399,15289,19042,13859,0.450000,-0.550000,0.300000,0.000000,1772830887681.774,0.541254,-0.496857,0.327755,0.000000,0.000000,0.000000,1.000000,position_only
2026-03-06T21:01:27.693258+00:00,1772830887693.256,0.568359,-0.520996,0.325195,4.281250,5.207031,-0.560547,14923,15031,19103,14105,0.450000,-0.550000,0.300000,0.000000,1772830887690.560,0.560353,-0.512073,0.328993,0.000000,0.000000,0.000000,1.000000,position_only
2026-03-06T21:01:27.703488+00:00,1772830887703.487,0.581055,-0.531250,0.326172,4.144531,6.128906,-0.641602,14546,15547,19121,14566,0.450000,-0.550000,0.300000,0.000000,1772830887699.130,0.560353,-0.512073,0.328993,0.000000,0.000000,0.000000,1.000000,position_only
2026-03-06T21:01:27.713583+00:00,1772830887713.582,0.592773,-0.540527,0.326904,3.982422,7.035156,-0.706543,15208,15238,19259,14649,0.450000,-0.550000,0.300000,0.000000,1772830887707.816,0.579160,-0.527333,0.329979,0.000000,0.000000,0.000000,1.000000,position_only
2026-03-06T21:01:27.722877+00:00,1772830887722.877,0.604004,-0.549316,0.327637,3.800781,7.945312,-0.750488,15166,15562,19539,14863,0.450000,-0.550000,0.300000,0.000000,1772830887716.316,0.588379,-0.535032,0.330104,0.000000,0.000000,0.000000,1.000000,position_only
2026-03-06T21:01:27.733567+00:00,1772830887733.566,0.615723,-0.558594,0.327881,3.630859,8.812500,-0.820801,15854,15389,19635,15161,0.450000,-0.550000,0.300000,0.000000,1772830887725.237,0.597601,-0.542628,0.330270,0.000000,0.000000,0.000000,1.000000,position_only
2026-03-06T21:01:27.743379+00:00,1772830887743.379,0.626953,-0.567871,0.328125,3.458984,9.671875,-0.888184,15773,15962,19999,15215,0.450000,-0.550000,0.300000,0.000000,1772830887742.272,0.615406,-0.557915,0.330189,0.000000,0.000000,0.000000,1.000000,position_only
2026-03-06T21:01:27.753974+00:00,1772830887753.974,0.638672,-0.578125,0.328125,3.322266,10.515625,-0.975586,16175,16327,19568,16053,0.450000,-0.550000,0.300000,0.000000,1772830887750.822,0.624165,-0.565440,0.330062,0.000000,0.000000,0.000000,1.000000,position_only
2026-03-06T21:01:27.763807+00:00,1772830887763.807,0.649902,-0.587891,0.327881,3.193359,11.328125,-1.068359,16158,16792,19899,16256,0.450000,-0.550000,0.300000,0.000000,1772830887759.344,0.632783,-0.573096,0.329569,0.000000,0.000000,0.000000,1.000000,position_only
2026-03-06T21:01:27.773537+00:00,1772830887773.536,0.661133,-0.597656,0.327393,3.060547,12.132812,-1.154297,17675,16224,20762,15818,0.450000,-0.550000,0.300000,0.000000,1772830887767.954,0.641188,-0.580646,0.329213,0.000000,0.000000,0.000000,1.000000,position_only
2026-03-06T21:01:27.783911+00:00,1772830887783.911,0.669922,-0.605957,0.327148,2.910156,13.000000,-1.197266,17533,16839,21125,15996,0.450000,-0.550000,0.300000,0.000000,1772830887776.509,0.649504,-0.588247,0.328603,0.000000,0.000000,0.000000,1.000000,position_only
2026-03-06T21:01:27.793643+00:00,1772830887793.643,0.680176,-0.615234,0.326416,2.785156,13.835938,-1.272461,17297,17870,20243,17627,0.450000,-0.550000,0.300000,0.000000,1772830887793.531,0.665491,-0.603305,0.327232,0.000000,0.000000,0.000000,1.000000,position_only
2026-03-06T21:01:27.803889+00:00,1772830887803.888,0.689941,-0.624512,0.325684,2.658203,14.671875,-1.369141,17450,18141,20676,17487,0.450000,-0.550000,0.300000,0.000000,1772830887802.353,0.673623,-0.610934,0.326343,0.000000,0.000000,0.000000,1.000000,position_only
2026-03-06T21:01:27.813527+00:00,1772830887813.523,0.700195,-0.634277,0.324463,2.560547,15.484375,-1.468750,19037,17672,22009,17062,0.450000,-0.550000,0.300000,0.000000,1772830887810.845,0.681156,-0.618370,0.325331,0.000000,0.000000,0.000000,1.000000,position_only
2026-03-06T21:01:27.823553+00:00,1772830887823.552,0.708496,-0.642578,0.323486,2.421875,16.359375,-1.525391,18406,18870,22101,17649,0.450000,-0.550000,0.300000,0.000000,1772830887819.368,0.688624,-0.625904,0.324220,0.000000,0.000000,0.000000,1.000000,position_only
2026-03-06T21:01:27.833664+00:00,1772830887833.663,0.718750,-0.653320,0.322266,2.333984,17.218750,-1.633789,18843,19504,21870,18557,0.450000,-0.550000,0.300000,0.000000,1772830887827.879,0.695939,-0.633439,0.323050,0.000000,0.000000,0.000000,1.000000,position_only
2026-03-06T21:01:27.844871+00:00,1772830887844.870,0.726074,-0.661133,0.320801,2.189453,18.140625,-1.708984,18977,19892,22512,18506,0.450000,-0.550000,0.300000,0.000000,1772830887836.649,0.702813,-0.640823,0.321718,0.000000,0.000000,0.000000,1.000000,position_only
2026-03-06T21:01:27.854043+00:00,1772830887854.042,0.734375,-0.670410,0.319336,2.074219,19.062500,-1.795898,19549,20407,22840,18988,0.450000,-0.550000,0.300000,0.000000,1772830887853.708,0.716232,-0.655608,0.318803,0.000000,0.000000,0.000000,1.000000,position_only
2026-03-06T21:01:27.863781+00:00,1772830887863.780,0.741699,-0.679199,0.317871,1.961914,20.015625,-1.877930,19670,20745,23183,18996,0.450000,-0.550000,0.300000,0.000000,1772830887862.225,0.722500,-0.662981,0.317327,0.000000,0.000000,0.000000,1.000000,position_only
2026-03-06T21:01:27.873593+00:00,1772830887873.591,0.750000,-0.688965,0.315918,1.868164,20.906250,-1.975586,20008,21604,23389,19749,0.450000,-0.550000,0.300000,0.000000,1772830887870.939,0.728383,-0.670246,0.315766,0.000000,0.000000,0.000000,1.000000,position_only
2026-03-06T21:01:27.883644+00:00,1772830887883.643,0.757324,-0.698242,0.314209,1.769531,21.812500,-2.074219,19883,22195,23800,19952,0.450000,-0.550000,0.300000,0.000000,1772830887879.506,0.734272,-0.677489,0.314052,0.000000,0.000000,0.000000,1.000000,position_only
2026-03-06T21:01:27.894105+00:00,1772830887894.104,0.764160,-0.707031,0.312256,1.661133,22.734375,-2.164062,21093,22142,24665,19926,0.450000,-0.550000,0.300000,0.000000,1772830887888.056,0.739601,-0.684731,0.312368,0.000000,0.000000,0.000000,1.000000,position_only
2026-03-06T21:01:27.904141+00:00,1772830887904.140,0.769043,-0.714844,0.310303,1.500977,23.687500,-2.226562,20818,22893,24821,20345,0.450000,-0.550000,0.300000,0.000000,1772830887896.610,0.744742,-0.691829,0.310547,0.000000,0.000000,0.000000,1.000000,position_only
2026-03-06T21:01:27.914038+00:00,1772830887914.037,0.774414,-0.723633,0.308105,1.370117,24.546875,-2.312500,20839,24017,24517,21521,0.450000,-0.550000,0.300000,0.000000,1772830887913.706,0.754438,-0.706355,0.306823,0.000000,0.000000,0.000000,1.000000,position_only
2026-03-06T21:01:27.923567+00:00,1772830887923.566,0.779785,-0.731934,0.306152,1.230469,25.390625,-2.404297,21858,23430,25997,20641,0.450000,-0.550000,0.300000,0.000000,1772830887922.510,0.758969,-0.713364,0.304856,0.000000,0.000000,0.000000,1.000000,position_only
2026-03-06T21:01:27.934176+00:00,1772830887934.176,0.785156,-0.741211,0.303711,1.092773,26.203125,-2.468750,22092,24323,25917,21588,0.450000,-0.550000,0.300000,0.000000,1772830887931.031,0.763321,-0.720904,0.302706,0.000000,0.000000,0.000000,1.000000,position_only
2026-03-06T21:01:27.943908+00:00,1772830887943.908,0.789551,-0.750000,0.301514,0.937012,26.953125,-2.539062,21371,25408,25417,22741,0.450000,-0.550000,0.300000,0.000000,1772830887939.591,0.767049,-0.727931,0.300572,0.000000,0.000000,0.000000,1.000000,position_only
2026-03-06T21:01:27.953821+00:00,1772830887953.821,0.793457,-0.758789,0.299072,0.780762,27.609375,-2.628906,22067,25809,25563,23411,0.450000,-0.550000,0.300000,0.000000,1772830887948.114,0.770348,-0.734827,0.298502,0.000000,0.000000,0.000000,1.000000,position_only
2026-03-06T21:01:27.964304+00:00,1772830887964.304,0.795410,-0.766113,0.296875,0.556152,28.234375,-2.701172,23292,24766,27268,22437,0.450000,-0.550000,0.300000,0.000000,1772830887956.650,0.773282,-0.741638,0.296532,0.000000,0.000000,0.000000,1.000000,position_only
2026-03-06T21:01:27.973352+00:00,1772830887973.352,0.798340,-0.774414,0.294189,0.336914,28.750000,-2.746094,23178,25780,26587,23980,0.450000,-0.550000,0.300000,0.000000,1772830887965.409,0.778446,-0.755277,0.292320,0.000000,0.000000,0.000000,1.000000,position_only
2026-03-06T21:01:27.984000+00:00,1772830887984.000,0.800781,-0.783203,0.291748,0.090149,29.140625,-2.808594,22982,26243,26512,24608,0.450000,-0.550000,0.300000,0.000000,1772830887982.642,0.782111,-0.768612,0.288287,0.000000,0.000000,0.000000,1.000000,position_only
2026-03-06T21:01:27.993703+00:00,1772830887993.703,0.802734,-0.791992,0.289307,-0.145020,29.453125,-2.869141,23286,26674,26400,25623,0.450000,-0.550000,0.300000,0.000000,1772830887991.234,0.782111,-0.768612,0.288287,0.000000,0.000000,0.000000,1.000000,position_only
2026-03-06T21:01:28.003586+00:00,1772830888003.586,0.803711,-0.800293,0.286865,-0.436279,29.640625,-2.933594,24098,26041,27377,25212,0.450000,-0.550000,0.300000,0.000000,1772830887999.918,0.784240,-0.781805,0.284319,0.000000,0.000000,0.000000,1.000000,position_only
2026-03-06T21:01:28.014272+00:00,1772830888014.271,0.804199,-0.808594,0.284424,-0.732422,29.734375,-2.970703,24888,26019,27480,25775,0.450000,-0.550000,0.300000,0.000000,1772830888008.553,0.784729,-0.788284,0.282450,0.000000,0.000000,0.000000,1.000000,position_only
2026-03-06T21:01:28.024338+00:00,1772830888024.337,0.803223,-0.815918,0.281982,-1.091797,29.750000,-3.017578,24985,26094,27849,25766,0.450000,-0.550000,0.300000,0.000000,1772830888017.069,0.784885,-0.794481,0.280652,0.000000,0.000000,0.000000,1.000000,position_only
2026-03-06T21:01:28.033566+00:00,1772830888033.566,0.802246,-0.823730,0.279541,-1.416992,29.671875,-3.052734,24996,26698,27096,27013,0.450000,-0.550000,0.300000,0.000000,1772830888025.529,0.784497,-0.800551,0.278854,0.000000,0.000000,0.000000,1.000000,position_only
2026-03-06T21:01:28.043513+00:00,1772830888043.512,0.801270,-0.831055,0.277588,-1.751953,29.500000,-3.099609,25026,26625,27379,27098,0.450000,-0.550000,0.300000,0.000000,1772830888042.734,0.782956,-0.812854,0.275372,0.000000,0.000000,0.000000,1.000000,position_only
2026-03-06T21:01:28.054045+00:00,1772830888054.044,0.799316,-0.839355,0.275391,-2.064453,29.234375,-3.138672,25461,26506,27201,27711,0.450000,-0.550000,0.300000,0.000000,1772830888051.230,0.781480,-0.818843,0.273634,0.000000,0.000000,0.000000,1.000000,position_only
2026-03-06T21:01:28.064056+00:00,1772830888064.056,0.796875,-0.847168,0.273193,-2.398438,28.875000,-3.169922,26051,25876,27843,27154,0.450000,-0.550000,0.300000,0.000000,1772830888059.739,0.779619,-0.824567,0.272220,0.000000,0.000000,0.000000,1.000000,position_only
2026-03-06T21:01:28.074162+00:00,1772830888074.162,0.793457,-0.854492,0.271240,-2.714844,28.453125,-3.193359,26134,26231,27362,27587,0.450000,-0.550000,0.300000,0.000000,1772830888068.268,0.777347,-0.830318,0.270889,0.000000,0.000000,0.000000,1.000000,position_only
2026-03-06T21:01:28.083997+00:00,1772830888083.997,0.789062,-0.859863,0.269531,-3.041016,28.031250,-3.263672,26004,26071,27379,27617,0.450000,-0.550000,0.300000,0.000000,1772830888076.767,0.774889,-0.836242,0.269512,0.000000,0.000000,0.000000,1.000000,position_only
2026-03-06T21:01:28.093805+00:00,1772830888093.805,0.784668,-0.866699,0.268066,-3.316406,27.531250,-3.306641,26136,25899,27078,27839,0.450000,-0.550000,0.300000,0.000000,1772830888085.407,0.772087,-0.841758,0.268297,0.000000,0.000000,0.000000,1.000000,position_only
2026-03-06T21:01:28.103644+00:00,1772830888103.644,0.780273,-0.873047,0.266602,-3.583984,26.968750,-3.347656,26062,25693,27083,27913,0.450000,-0.550000,0.300000,0.000000,1772830888102.377,0.765067,-0.852609,0.266171,0.000000,0.000000,0.000000,1.000000,position_only
2026-03-06T21:01:28.113572+00:00,1772830888113.572,0.774414,-0.879883,0.265381,-3.833984,26.390625,-3.367188,25687,25616,26239,28321,0.450000,-0.550000,0.300000,0.000000,1772830888110.880,0.761030,-0.857947,0.265280,0.000000,0.000000,0.000000,1.000000,position_only
2026-03-06T21:01:28.124312+00:00,1772830888124.311,0.768555,-0.886719,0.264404,-4.074219,25.718750,-3.396484,25513,25326,26125,28035,0.450000,-0.550000,0.300000,0.000000,1772830888119.401,0.756530,-0.862909,0.264759,0.000000,0.000000,0.000000,1.000000,position_only
2026-03-06T21:01:28.134074+00:00,1772830888134.073,0.761230,-0.891113,0.263672,-4.300781,25.062500,-3.486328,25313,25097,25779,27897,0.450000,-0.550000,0.300000,0.000000,1772830888127.880,0.751818,-0.867924,0.264170,0.000000,0.000000,0.000000,1.000000,position_only
2026-03-06T21:01:28.144531+00:00,1772830888144.531,0.754395,-0.896973,0.263184,-4.507812,24.375000,-3.517578,26009,23822,26541,26646,0.450000,-0.550000,0.300000,0.000000,1772830888136.428,0.746818,-0.872927,0.263724,0.000000,0.000000,0.000000,1.000000,position_only
2026-03-06T21:01:28.154305+00:00,1772830888154.304,0.747070,-0.902344,0.262695,-4.675781,23.671875,-3.531250,24893,24397,25324,27121,0.450000,-0.550000,0.300000,0.000000,1772830888153.451,0.735632,-0.882222,0.263413,0.000000,0.000000,0.000000,1.000000,position_only
2026-03-06T21:01:28.164199+00:00,1772830888164.198,0.739258,-0.907715,0.262451,-4.820312,23.000000,-3.560547,24569,24293,24853,27199,0.450000,-0.550000,0.300000,0.000000,1772830888161.976,0.729605,-0.886801,0.263493,0.000000,0.000000,0.000000,1.000000,position_only
2026-03-06T21:01:28.175029+00:00,1772830888175.028,0.730957,-0.913086,0.262695,-4.898438,22.312500,-3.564453,23968,24129,24191,26563,0.450000,-0.550000,0.300000,0.000000,1772830888170.480,0.723183,-0.891205,0.263669,0.000000,0.000000,0.000000,1.000000,position_only
2026-03-06T21:01:28.184722+00:00,1772830888184.721,0.721680,-0.918457,0.262939,-4.933594,21.656250,-3.554688,24391,23005,24410,25558,0.450000,-0.550000,0.300000,0.000000,1772830888178.964,0.716402,-0.895510,0.263973,0.000000,0.000000,0.000000,1.000000,position_only
2026-03-06T21:01:28.194112+00:00,1772830888194.110,0.712402,-0.921387,0.263428,-4.945312,21.000000,-3.591797,23828,23051,23644,24827,0.450000,-0.550000,0.300000,0.000000,1772830888187.459,0.709706,-0.899879,0.264335,0.000000,0.000000,0.000000,1.000000,position_only
2026-03-06T21:01:28.204988+00:00,1772830888204.987,0.703125,-0.926270,0.264160,-4.867188,20.359375,-3.558594,23340,22532,23148,24531,0.450000,-0.550000,0.300000,0.000000,1772830888204.724,0.694994,-0.907997,0.265758,0.000000,0.000000,0.000000,1.000000,position_only
2026-03-06T21:01:28.214835+00:00,1772830888214.834,0.693359,-0.930664,0.265137,-4.746094,19.687500,-3.533203,22508,22947,22089,24192,0.450000,-0.550000,0.300000,0.000000,1772830888213.366,0.687229,-0.911826,0.266688,0.000000,0.000000,0.000000,1.000000,position_only
2026-03-06T21:01:28.224931+00:00,1772830888224.930,0.683594,-0.934570,0.266113,-4.589844,19.062500,-3.490234,22755,22064,21671,23684,0.450000,-0.550000,0.300000,0.000000,1772830888221.917,0.679234,-0.915712,0.267687,0.000000,0.000000,0.000000,1.000000,position_only
2026-03-06T21:01:28.234980+00:00,1772830888234.979,0.672363,-0.938965,0.267334,-4.367188,18.375000,-3.416016,21873,22274,20494,23332,0.450000,-0.550000,0.300000,0.000000,1772830888230.460,0.671201,-0.919623,0.268726,0.000000,0.000000,0.000000,1.000000,position_only
2026-03-06T21:01:28.244912+00:00,1772830888244.911,0.661621,-0.941406,0.269043,-4.132812,17.687500,-3.384766,22478,21057,20779,22097,0.450000,-0.550000,0.300000,0.000000,1772830888238.973,0.663041,-0.923363,0.269955,0.000000,0.000000,0.000000,1.000000,position_only
2026-03-06T21:01:28.254856+00:00,1772830888254.855,0.650391,-0.945312,0.270508,-3.837891,16.984375,-3.283203,21341,21373,19426,22062,0.450000,-0.550000,0.300000,0.000000,1772830888247.503,0.654444,-0.926909,0.271322,0.000000,0.000000,0.000000,1.000000,position_only
2026-03-06T21:01:28.264034+00:00,1772830888264.033,0.639160,-0.948730,0.272217,-3.542969,16.265625,-3.173828,21505,20455,19268,21558,0.450000,-0.550000,0.300000,0.000000,1772830888256.040,0.645561,-0.930521,0.272692,0.000000,0.000000,0.000000,1.000000,position_only
2026-03-06T21:01:28.274240+00:00,1772830888274.239,0.627930,-0.952148,0.273926,-3.269531,15.484375,-3.062500,20436,20852,17991,21416,0.450000,-0.550000,0.300000,0.000000,1772830888272.644,0.627413,-0.937117,0.275979,0.000000,0.000000,0.000000,1.000000,position_only
2026-03-06T21:01:28.285551+00:00,1772830888285.551,0.615723,-0.956055,0.275879,-2.994141,14.710938,-2.914062,21065,19466,18269,20684,0.450000,-0.550000,0.300000,0.000000,1772830888281.129,0.618327,-0.940522,0.277581,0.000000,0.000000,0.000000,1.000000,position_only
2026-03-06T21:01:28.294630+00:00,1772830888294.630,0.604004,-0.958496,0.278076,-2.787109,13.882812,-2.802734,19675,20079,16933,20804,0.450000,-0.550000,0.300000,0.000000,1772830888289.827,0.608997,-0.943830,0.279219,0.000000,0.000000,0.000000,1.000000,position_only
2026-03-06T21:01:28.304567+00:00,1772830888304.567,0.591797,-0.961914,0.280273,-2.607422,13.046875,-2.638672,20229,18666,17489,20104,0.450000,-0.550000,0.300000,0.000000,1772830888298.334,0.598901,-0.946575,0.281220,0.000000,0.000000,0.000000,1.000000,position_only
2026-03-06T21:01:28.314774+00:00,1772830888314.774,0.579590,-0.964844,0.282227,-2.509766,12.210938,-2.458984,18988,19160,16234,20281,0.450000,-0.550000,0.300000,0.000000,1772830888306.894,0.589082,-0.949397,0.283107,0.000000,0.000000,0.000000,1.000000,position_only
2026-03-06T21:01:28.325413+00:00,1772830888325.412,0.567383,-0.967773,0.284424,-2.455078,11.351562,-2.277344,18959,18522,16189,20194,0.450000,-0.550000,0.300000,0.000000,1772830888324.314,0.559986,-0.958903,0.288434,0.000000,0.000000,0.000000,1.000000,position_only
2026-03-06T21:01:28.334412+00:00,1772830888334.412,0.554199,-0.971191,0.286621,-2.458984,10.500000,-2.076172,18092,18663,15428,20039,0.450000,-0.550000,0.300000,0.000000,1772830888332.815,0.550010,-0.961734,0.290263,0.000000,0.000000,0.000000,1.000000,position_only
2026-03-06T21:01:28.345608+00:00,1772830888345.607,0.540527,-0.974609,0.289062,-2.513672,9.640625,-1.843750,18268,17933,15254,20126,0.450000,-0.550000,0.300000,0.000000,1772830888341.315,0.539859,-0.964471,0.292150,0.000000,0.000000,0.000000,1.000000,position_only
2026-03-06T21:01:28.355335+00:00,1772830888355.335,0.526855,-0.977051,0.291504,-2.636719,8.734375,-1.641602,17907,17759,15303,18998,0.450000,-0.550000,0.300000,0.000000,1772830888349.983,0.529793,-0.967265,0.294007,0.000000,0.000000,0.000000,1.000000,position_only
2026-03-06T21:01:28.364996+00:00,1772830888364.996,0.513672,-0.979980,0.293701,-2.771484,7.847656,-1.399414,17888,17359,15018,19179,0.450000,-0.550000,0.300000,0.000000,1772830888358.530,0.519760,-0.970171,0.295684,0.000000,0.000000,0.000000,1.000000,position_only
2026-03-06T21:01:28.374256+00:00,1772830888374.255,0.500488,-0.982910,0.295898,-2.945312,6.949219,-1.164062,17223,17560,14367,18892,0.450000,-0.550000,0.300000,0.000000,1772830888367.005,0.509606,-0.973037,0.297488,0.000000,0.000000,0.000000,1.000000,position_only
2026-03-06T21:01:28.384094+00:00,1772830888384.094,0.487305,-0.985840,0.298096,-3.134766,6.011719,-0.933594,17360,17105,14003,19260,0.450000,-0.550000,0.300000,0.000000,1772830888383.936,0.489295,-0.978593,0.300831,0.000000,0.000000,0.000000,1.000000,position_only
2026-03-06T21:01:28.395329+00:00,1772830888395.329,0.473389,-0.989258,0.300049,-3.347656,5.039062,-0.685547,17527,16456,14500,18073,0.450000,-0.550000,0.300000,0.000000,1772830888392.417,0.479158,-0.981232,0.302400,0.000000,0.000000,0.000000,1.000000,position_only
2026-03-06T21:01:28.405987+00:00,1772830888405.987,0.459473,-0.992188,0.302246,-3.601562,4.031250,-0.426514,17489,16246,14012,18645,0.450000,-0.550000,0.300000,0.000000,1772830888400.879,0.468870,-0.983647,0.304046,0.000000,0.000000,0.000000,1.000000,position_only
2026-03-06T21:01:28.415105+00:00,1772830888415.105,0.446777,-0.994141,0.304199,-3.906250,2.970703,-0.216797,17101,16245,14027,18110,0.450000,-0.550000,0.300000,0.000000,1772830888409.371,0.458586,-0.986206,0.305514,0.000000,0.000000,0.000000,1.000000,position_only
2026-03-06T21:01:28.425510+00:00,1772830888425.510,0.433594,-0.997070,0.305908,-4.242188,1.896484,0.011604,17361,15720,13933,18468,0.450000,-0.550000,0.300000,0.000000,1772830888417.967,0.448529,-0.988739,0.306992,0.000000,0.000000,0.000000,1.000000,position_only
2026-03-06T21:01:28.434819+00:00,1772830888434.819,0.420654,-0.999512,0.307617,-4.625000,0.795410,0.234375,17778,14991,14746,17328,0.450000,-0.550000,0.300000,0.000000,1772830888426.640,0.438449,-0.991187,0.308292,0.000000,0.000000,0.000000,1.000000,position_only
2026-03-06T21:01:28.444802+00:00,1772830888444.802,0.407959,-1.001953,0.309326,-5.054688,-0.320312,0.460205,17750,14754,14436,18127,0.450000,-0.550000,0.300000,0.000000,1772830888443.802,0.418307,-0.995736,0.310848,0.000000,0.000000,0.000000,1.000000,position_only
2026-03-06T21:01:28.455322+00:00,1772830888455.321,0.394531,-1.004883,0.310791,-5.527344,-1.432617,0.689941,17262,15070,14264,18106,0.450000,-0.550000,0.300000,0.000000,1772830888452.286,0.408242,-0.998016,0.311915,0.000000,0.000000,0.000000,1.000000,position_only
2026-03-06T21:01:28.464970+00:00,1772830888464.970,0.382324,-1.006836,0.312256,-6.046875,-2.580078,0.868164,17182,14989,13986,18900,0.450000,-0.550000,0.300000,0.000000,1772830888460.760,0.398322,-1.000205,0.313028,0.000000,0.000000,0.000000,1.000000,position_only
2026-03-06T21:01:28.475021+00:00,1772830888475.021,0.369629,-1.008789,0.313477,-6.597656,-3.714844,1.054688,17772,14404,14869,17964,0.450000,-0.550000,0.300000,0.000000,1772830888469.247,0.388553,-1.002312,0.313955,0.000000,0.000000,0.000000,1.000000,position_only
2026-03-06T21:01:28.484809+00:00,1772830888484.808,0.357178,-1.011719,0.314453,-7.167969,-4.867188,1.230469,17781,14303,14755,18687,0.450000,-0.550000,0.300000,0.000000,1772830888477.703,0.378682,-1.004397,0.314751,0.000000,0.000000,0.000000,1.000000,position_only
2026-03-06T21:01:28.495294+00:00,1772830888495.294,0.345215,-1.013672,0.315430,-7.765625,-6.003906,1.391602,18170,14036,15433,18172,0.450000,-0.550000,0.300000,0.000000,1772830888494.840,0.359283,-1.008067,0.316229,0.000000,0.000000,0.000000,1.000000,position_only
2026-03-06T21:01:28.505653+00:00,1772830888505.653,0.333252,-1.015625,0.316162,-8.375000,-7.144531,1.532227,18211,14215,15121,18885,0.450000,-0.550000,0.300000,0.000000,1772830888503.323,0.349818,-1.009974,0.316581,0.000000,0.000000,0.000000,1.000000,position_only
2026-03-06T21:01:28.515466+00:00,1772830888515.466,0.320801,-1.017578,0.316895,-8.968750,-8.242188,1.675781,18523,14201,15814,18495,0.450000,-0.550000,0.300000,0.000000,1772830888511.761,0.340519,-1.011825,0.316886,0.000000,0.000000,0.000000,1.000000,position_only
2026-03-06T21:01:28.525349+00:00,1772830888525.348,0.310303,-1.018555,0.317383,-9.570312,-9.351562,1.767578,18528,14437,15505,19368,0.450000,-0.550000,0.300000,0.000000,1772830888520.263,0.331225,-1.013376,0.317324,0.000000,0.000000,0.000000,1.000000,position_only
2026-03-06T21:01:28.535159+00:00,1772830888535.159,0.298584,-1.020508,0.317627,-10.140625,-10.398438,1.873047,19108,14501,16356,18681,0.450000,-0.550000,0.300000,0.000000,1772830888528.734,0.321984,-1.014751,0.317547,0.000000,0.000000,0.000000,1.000000,position_only
2026-03-06T21:01:28.545629+00:00,1772830888545.629,0.287598,-1.022461,0.317871,-10.656250,-11.406250,1.968750,19349,14772,16153,19262,0.450000,-0.550000,0.300000,0.000000,1772830888537.248,0.312931,-1.016338,0.317528,0.000000,0.000000,0.000000,1.000000,position_only
2026-03-06T21:01:28.554813+00:00,1772830888554.812,0.276611,-1.023438,0.317871,-11.125000,-12.375000,2.058594,20051,14849,17047,18638,0.450000,-0.550000,0.300000,0.000000,1772830888554.587,0.295287,-1.019113,0.317268,0.000000,0.000000,0.000000,1.000000,position_only
2026-03-06T21:01:28.564554+00:00,1772830888564.553,0.266113,-1.024414,0.317627,-11.531250,-13.296875,2.138672,19483,15958,15866,20197,0.450000,-0.550000,0.300000,0.000000,1772830888563.103,0.286565,-1.020129,0.317176,0.000000,0.000000,0.000000,1.000000,position_only
2026-03-06T21:01:28.575794+00:00,1772830888575.794,0.255371,-1.025391,0.317383,-11.882812,-14.187500,2.199219,20102,16272,16765,19714,0.450000,-0.550000,0.300000,0.000000,1772830888571.586,0.278084,-1.021200,0.316777,0.000000,0.000000,0.000000,1.000000,position_only
2026-03-06T21:01:28.585687+00:00,1772830888585.687,0.245239,-1.026367,0.316895,-12.234375,-15.132812,2.234375,20962,16064,17324,19562,0.450000,-0.550000,0.300000,0.000000,1772830888580.358,0.269822,-1.022072,0.316435,0.000000,0.000000,0.000000,1.000000,position_only
2026-03-06T21:01:28.595424+00:00,1772830888595.423,0.235352,-1.026367,0.316162,-12.468750,-15.914062,2.298828,21856,16202,18455,18868,0.450000,-0.550000,0.300000,0.000000,1772830888589.040,0.261765,-1.022968,0.315756,0.000000,0.000000,0.000000,1.000000,position_only
2026-03-06T21:01:28.605283+00:00,1772830888605.283,0.225952,-1.027344,0.315430,-12.656250,-16.656250,2.363281,21420,17332,17484,20249,0.450000,-0.550000,0.300000,0.000000,1772830888597.586,0.253814,-1.023678,0.315142,0.000000,0.000000,0.000000,1.000000,position_only
2026-03-06T21:01:28.614868+00:00,1772830888614.867,0.216919,-1.027344,0.314697,-12.781250,-17.359375,2.408203,21836,18086,18022,20157,0.450000,-0.550000,0.300000,0.000000,1772830888614.708,0.238433,-1.024920,0.313623,0.000000,0.000000,0.000000,1.000000,position_only
2026-03-06T21:01:28.624669+00:00,1772830888624.668,0.207520,-1.027344,0.313477,-12.859375,-17.984375,2.457031,22551,18098,18383,20190,0.450000,-0.550000,0.300000,0.000000,1772830888623.368,0.231067,-1.025276,0.312793,0.000000,0.000000,0.000000,1.000000,position_only
2026-03-06T21:01:28.636679+00:00,1772830888636.678,0.198608,-1.027344,0.312500,-12.867188,-18.562500,2.517578,23188,18637,19299,19863,0.450000,-0.550000,0.300000,0.000000,1772830888631.832,0.223758,-1.025531,0.311782,0.000000,0.000000,0.000000,1.000000,position_only
2026-03-06T21:01:28.645050+00:00,1772830888645.050,0.191772,-1.027344,0.311035,-12.835938,-19.125000,2.558594,23320,19151,19245,20397,0.450000,-0.550000,0.300000,0.000000,1772830888640.398,0.216834,-1.025679,0.310582,0.000000,0.000000,0.000000,1.000000,position_only
2026-03-06T21:01:28.654824+00:00,1772830888654.823,0.183472,-1.026367,0.309814,-12.765625,-19.578125,2.626953,23840,19911,20054,20125,0.450000,-0.550000,0.300000,0.000000,1772830888649.065,0.203378,-1.025400,0.308454,0.000000,0.000000,0.000000,1.000000,position_only
2026-03-06T21:01:28.665686+00:00,1772830888665.685,0.175659,-1.025391,0.308105,-12.671875,-19.984375,2.693359,23362,20962,19392,21270,0.450000,-0.550000,0.300000,0.000000,1772830888657.532,0.197059,-1.025304,0.307104,0.000000,0.000000,0.000000,1.000000,position_only
2026-03-06T21:01:28.675271+00:00,1772830888675.271,0.168213,-1.025391,0.306641,-12.554688,-20.328125,2.750000,24638,20664,21160,20293,0.450000,-0.550000,0.300000,0.000000,1772830888674.590,0.185248,-1.024435,0.304234,0.000000,0.000000,0.000000,1.000000,position_only
2026-03-06T21:01:28.685874+00:00,1772830888685.874,0.161255,-1.023438,0.304932,-12.453125,-20.671875,2.814453,24375,21352,20549,21441,0.450000,-0.550000,0.300000,0.000000,1772830888683.100,0.179703,-1.023800,0.302857,0.000000,0.000000,0.000000,1.000000,position_only
2026-03-06T21:01:28.695862+00:00,1772830888695.860,0.154297,-1.022461,0.303223,-12.351562,-21.015625,2.867188,24770,21875,21421,21393,0.450000,-0.550000,0.300000,0.000000,1772830888691.655,0.174358,-1.022948,0.301369,0.000000,0.000000,0.000000,1.000000,position_only
2026-03-06T21:01:28.705388+00:00,1772830888705.387,0.149048,-1.020508,0.301270,-12.289062,-21.359375,2.888672,25221,21730,21728,21602,0.450000,-0.550000,0.300000,0.000000,1772830888700.293,0.169210,-1.021985,0.299865,0.000000,0.000000,0.000000,1.000000,position_only
2026-03-06T21:01:28.716005+00:00,1772830888716.005,0.143188,-1.019531,0.299316,-12.226562,-21.656250,2.939453,26164,21606,23222,20869,0.450000,-0.550000,0.300000,0.000000,1772830888708.800,0.164244,-1.020827,0.298307,0.000000,0.000000,0.000000,1.000000,position_only
2026-03-06T21:01:28.725202+00:00,1772830888725.201,0.137695,-1.017578,0.297607,-12.179688,-21.953125,2.984375,25259,22599,21987,22657,0.450000,-0.550000,0.300000,0.000000,1772830888717.372,0.159754,-1.019521,0.296895,0.000000,0.000000,0.000000,1.000000,position_only
2026-03-06T21:01:28.735023+00:00,1772830888735.022,0.132812,-1.015625,0.295898,-12.171875,-22.265625,2.994141,25310,23301,22364,22931,0.450000,-0.550000,0.300000,0.000000,1772830888734.370,0.151422,-1.016544,0.293908,0.000000,0.000000,0.000000,1.000000,position_only
2026-03-06T21:01:28.745455+00:00,1772830888745.454,0.127930,-1.012695,0.293945,-12.171875,-22.562500,2.990234,26006,22720,22754,22900,0.450000,-0.550000,0.300000,0.000000,1772830888742.972,0.147794,-1.014858,0.292449,0.000000,0.000000,0.000000,1.000000,position_only
2026-03-06T21:01:28.756047+00:00,1772830888756.046,0.123596,-1.009766,0.291992,-12.187500,-22.906250,2.990234,26483,22783,23452,22907,0.450000,-0.550000,0.300000,0.000000,1772830888751.469,0.144385,-1.012963,0.290988,0.000000,0.000000,0.000000,1.000000,position_only
2026-03-06T21:01:28.765852+00:00,1772830888765.852,0.121155,-1.007812,0.290283,-12.218750,-23.312500,2.949219,25927,23382,22534,24084,0.450000,-0.550000,0.300000,0.000000,1772830888759.967,0.141259,-1.010908,0.289540,0.000000,0.000000,0.000000,1.000000,position_only
2026-03-06T21:01:28.775297+00:00,1772830888775.295,0.117981,-1.004883,0.288574,-12.250000,-23.687500,2.898438,26559,23229,23312,23844,0.450000,-0.550000,0.300000,0.000000,1772830888768.459,0.138450,-1.008724,0.288079,0.000000,0.000000,0.000000,1.000000,position_only
2026-03-06T21:01:28.785152+00:00,1772830888785.151,0.115295,-1.000977,0.286865,-12.296875,-24.109375,2.833984,26575,23268,23076,24146,0.450000,-0.550000,0.300000,0.000000,1772830888777.149,0.135948,-1.006368,0.286666,0.000000,0.000000,0.000000,1.000000,position_only
2026-03-06T21:01:28.794721+00:00,1772830888794.720,0.113098,-0.998047,0.285400,-12.312500,-24.484375,2.773438,26776,23457,23620,24059,0.450000,-0.550000,0.300000,0.000000,1772830888794.298,0.131862,-1.001217,0.284104,0.000000,0.000000,0.000000,1.000000,position_only
2026-03-06T21:01:28.805448+00:00,1772830888805.447,0.111206,-0.994141,0.283691,-12.335938,-24.843750,2.703125,26131,24057,22485,25280,0.450000,-0.550000,0.300000,0.000000,1772830888802.760,0.130117,-0.998183,0.282844,0.000000,0.000000,0.000000,1.000000,position_only
2026-03-06T21:01:28.816090+00:00,1772830888816.089,0.111084,-0.990234,0.282227,-12.335938,-25.203125,2.595703,26753,23826,23732,24355,0.450000,-0.550000,0.300000,0.000000,1772830888811.281,0.129047,-0.995148,0.281686,0.000000,0.000000,0.000000,1.000000,position_only
2026-03-06T21:01:28.825185+00:00,1772830888825.184,0.110291,-0.985840,0.280762,-12.312500,-25.468750,2.529297,27183,23416,23846,24153,0.450000,-0.550000,0.300000,0.000000,1772830888820.059,0.128083,-0.992028,0.280518,0.000000,0.000000,0.000000,1.000000,position_only
2026-03-06T21:01:28.835903+00:00,1772830888835.902,0.110046,-0.981934,0.279541,-12.226562,-25.687500,2.482422,26772,24190,23892,24265,0.450000,-0.550000,0.300000,0.000000,1772830888828.528,0.127530,-0.988741,0.279513,0.000000,0.000000,0.000000,1.000000,position_only
2026-03-06T21:01:28.844841+00:00,1772830888844.839,0.110291,-0.977051,0.278320,-12.109375,-25.796875,2.429688,25851,25261,22840,25169,0.450000,-0.550000,0.300000,0.000000,1772830888837.054,0.127246,-0.985354,0.278435,0.000000,0.000000,0.000000,1.000000,position_only
2026-03-06T21:01:28.854853+00:00,1772830888854.853,0.111023,-0.972168,0.277100,-11.953125,-25.828125,2.376953,26506,24853,24083,23872,0.450000,-0.550000,0.300000,0.000000,1772830888854.156,0.127568,-0.977984,0.276749,0.000000,0.000000,0.000000,1.000000,position_only
2026-03-06T21:01:28.866364+00:00,1772830888866.363,0.112244,-0.966797,0.275879,-11.742188,-25.765625,2.361328,26583,24798,23755,23925,0.450000,-0.550000,0.300000,0.000000,1772830888862.871,0.128320,-0.974076,0.275999,0.000000,0.000000,0.000000,1.000000,position_only
2026-03-06T21:01:28.876851+00:00,1772830888876.850,0.114075,-0.961426,0.274902,-11.476562,-25.656250,2.345703,26544,25041,24265,23360,0.450000,-0.550000,0.300000,0.000000,1772830888871.652,0.129309,-0.970039,0.275227,0.000000,0.000000,0.000000,1.000000,position_only
2026-03-06T21:01:28.885885+00:00,1772830888885.884,0.117310,-0.956543,0.274170,-11.156250,-25.453125,2.328125,26269,25185,23894,23490,0.450000,-0.550000,0.300000,0.000000,1772830888880.211,0.130626,-0.965847,0.274615,0.000000,0.000000,0.000000,1.000000,position_only
2026-03-06T21:01:28.895111+00:00,1772830888895.111,0.120056,-0.951172,0.273438,-10.828125,-25.203125,2.320312,26109,25518,23963,23194,0.450000,-0.550000,0.300000,0.000000,1772830888888.951,0.132325,-0.961489,0.274095,0.000000,0.000000,0.000000,1.000000,position_only
2026-03-06T21:01:28.905608+00:00,1772830888905.607,0.123230,-0.945312,0.272705,-10.484375,-24.890625,2.318359,25826,25431,23834,23212,0.450000,-0.550000,0.300000,0.000000,1772830888897.486,0.134276,-0.957073,0.273658,0.000000,0.000000,0.000000,1.000000,position_only
2026-03-06T21:01:28.916429+00:00,1772830888916.428,0.127075,-0.939453,0.272217,-10.148438,-24.531250,2.328125,25894,25437,24194,22505,0.450000,-0.550000,0.300000,0.000000,1772830888914.472,0.139215,-0.947806,0.273100,0.000000,0.000000,0.000000,1.000000,position_only
2026-03-06T21:01:28.925609+00:00,1772830888925.608,0.131348,-0.933105,0.271729,-9.812500,-24.140625,2.343750,25740,25256,23974,22461,0.450000,-0.550000,0.300000,0.000000,1772830888923.020,0.142094,-0.942893,0.272941,0.000000,0.000000,0.000000,1.000000,position_only
2026-03-06T21:01:28.937000+00:00,1772830888936.999,0.135986,-0.926270,0.271484,-9.468750,-23.718750,2.349609,25471,25357,23897,22225,0.450000,-0.550000,0.300000,0.000000,1772830888931.764,0.145415,-0.937953,0.272784,0.000000,0.000000,0.000000,1.000000,position_only
2026-03-06T21:01:28.945845+00:00,1772830888945.845,0.141602,-0.920898,0.271484,-9.109375,-23.281250,2.322266,24946,25668,23323,22357,0.450000,-0.550000,0.300000,0.000000,1772830888940.258,0.148839,-0.932895,0.272807,0.000000,0.000000,0.000000,1.000000,position_only
2026-03-06T21:01:28.954983+00:00,1772830888954.983,0.146973,-0.914551,0.271484,-8.765625,-22.812500,2.306641,24934,25441,23524,21681,0.450000,-0.550000,0.300000,0.000000,1772830888948.795,0.152645,-0.927590,0.272917,0.000000,0.000000,0.000000,1.000000,position_only
2026-03-06T21:01:28.965211+00:00,1772830888965.210,0.153076,-0.907227,0.271484,-8.421875,-22.312500,2.306641,25009,24903,23582,21311,0.450000,-0.550000,0.300000,0.000000,1772830888957.637,0.161218,-0.916851,0.273435,0.000000,0.000000,0.000000,1.000000,position_only
2026-03-06T21:01:28.975490+00:00,1772830888975.489,0.159912,-0.899902,0.271729,-8.117188,-21.843750,2.310547,24162,25279,22813,21614,0.450000,-0.550000,0.300000,0.000000,1772830888974.705,0.170731,-0.905609,0.274284,0.000000,0.000000,0.000000,1.000000,position_only
2026-03-06T21:01:28.986123+00:00,1772830888986.121,0.166992,-0.892090,0.272217,-7.851562,-21.375000,2.289062,23679,25106,22521,21671,0.450000,-0.550000,0.300000,0.000000,1772830888983.213,0.175943,-0.899913,0.274799,0.000000,0.000000,0.000000,1.000000,position_only
2026-03-06T21:01:28.997236+00:00,1772830888997.236,0.174438,-0.884766,0.272705,-7.621094,-20.890625,2.263672,23482,24743,22253,21381,0.450000,-0.550000,0.300000,0.000000,1772830888991.987,0.181434,-0.894056,0.275455,0.000000,0.000000,0.000000,1.000000,position_only
2026-03-06T21:01:29.006434+00:00,1772830889006.433,0.182617,-0.877930,0.273682,-7.382812,-20.437500,2.201172,23129,24490,21965,21337,0.450000,-0.550000,0.300000,0.000000,1772830889000.478,0.187173,-0.888111,0.276213,0.000000,0.000000,0.000000,1.000000,position_only
2026-03-06T21:01:29.015592+00:00,1772830889015.592,0.190552,-0.870605,0.274414,-7.199219,-19.984375,2.158203,23239,23624,22307,20440,0.450000,-0.550000,0.300000,0.000000,1772830889008.957,0.193138,-0.882103,0.277084,0.000000,0.000000,0.000000,1.000000,position_only
2026-03-06T21:01:29.025824+00:00,1772830889025.823,0.198730,-0.862793,0.275391,-7.039062,-19.515625,2.117188,22932,23436,22140,20124,0.450000,-0.550000,0.300000,0.000000,1772830889017.449,0.199373,-0.875983,0.278011,0.000000,0.000000,0.000000,1.000000,position_only
2026-03-06T21:01:29.035896+00:00,1772830889035.895,0.207764,-0.854980,0.276611,-6.890625,-19.031250,2.093750,21932,23656,21115,20514,0.450000,-0.550000,0.300000,0.000000,1772830889034.673,0.212437,-0.863568,0.280031,0.000000,0.000000,0.000000,1.000000,position_only
2026-03-06T21:01:29.045811+00:00,1772830889045.810,0.216919,-0.846680,0.277588,-6.750000,-18.515625,2.054688,21929,23273,21444,19630,0.450000,-0.550000,0.300000,0.000000,1772830889043.179,0.219264,-0.857257,0.281123,0.000000,0.000000,0.000000,1.000000,position_only
2026-03-06T21:01:29.055716+00:00,1772830889055.715,0.226440,-0.839355,0.279297,-6.578125,-17.937500,2.001953,21612,22926,21036,19251,0.450000,-0.550000,0.300000,0.000000,1772830889051.677,0.226245,-0.850849,0.282263,0.000000,0.000000,0.000000,1.000000,position_only
2026-03-06T21:01:29.066015+00:00,1772830889066.015,0.235840,-0.831543,0.280518,-6.417969,-17.359375,1.961914,21124,22988,20600,19226,0.450000,-0.550000,0.300000,0.000000,1772830889060.269,0.233476,-0.844285,0.283575,0.000000,0.000000,0.000000,1.000000,position_only
2026-03-06T21:01:29.075420+00:00,1772830889075.420,0.245483,-0.823730,0.281982,-6.265625,-16.781250,1.917969,21102,22298,20414,18625,0.450000,-0.550000,0.300000,0.000000,1772830889068.957,0.240872,-0.837801,0.284836,0.000000,0.000000,0.000000,1.000000,position_only
2026-03-06T21:01:29.086289+00:00,1772830889086.288,0.255127,-0.815430,0.283447,-6.097656,-16.187500,1.878906,20594,22631,20110,18445,0.450000,-0.550000,0.300000,0.000000,1772830889086.057,0.256257,-0.824658,0.287646,0.000000,0.000000,0.000000,1.000000,position_only
2026-03-06T21:01:29.096358+00:00,1772830889096.358,0.265869,-0.807129,0.284912,-5.933594,-15.593750,1.847656,20616,21785,20170,17605,0.450000,-0.550000,0.300000,0.000000,1772830889094.883,0.264117,-0.818027,0.289050,0.000000,0.000000,0.000000,1.000000,position_only
2026-03-06T21:01:29.106636+00:00,1772830889106.635,0.276611,-0.798828,0.286621,-5.777344,-14.953125,1.832031,20478,21633,20234,17048,0.450000,-0.550000,0.300000,0.000000,1772830889103.416,0.272164,-0.811284,0.290511,0.000000,0.000000,0.000000,1.000000,position_only
2026-03-06T21:01:29.117160+00:00,1772830889117.159,0.287354,-0.790039,0.288330,-5.621094,-14.296875,1.813477,19231,21973,18896,17792,0.450000,-0.550000,0.300000,0.000000,1772830889111.886,0.280368,-0.804579,0.292009,0.000000,0.000000,0.000000,1.000000,position_only
2026-03-06T21:01:29.126992+00:00,1772830889126.991,0.297363,-0.782715,0.290283,-5.464844,-13.609375,1.750000,19631,21231,19698,16665,0.450000,-0.550000,0.300000,0.000000,1772830889120.419,0.288702,-0.797838,0.293632,0.000000,0.000000,0.000000,1.000000,position_only
2026-03-06T21:01:29.135364+00:00,1772830889135.363,0.308105,-0.774902,0.291992,-5.343750,-12.898438,1.736328,19667,20457,19720,15908,0.450000,-0.550000,0.300000,0.000000,1772830889128.883,0.297077,-0.790955,0.295094,0.000000,0.000000,0.000000,1.000000,position_only
2026-03-06T21:01:29.146211+00:00,1772830889146.211,0.318848,-0.766602,0.293701,-5.226562,-12.171875,1.728516,18752,21053,18937,16470,0.450000,-0.550000,0.300000,0.000000,1772830889146.079,0.314377,-0.777119,0.298239,0.000000,0.000000,0.000000,1.000000,position_only
2026-03-06T21:01:29.155604+00:00,1772830889155.603,0.330566,-0.757812,0.295410,-5.156250,-11.476562,1.713867,17958,21065,18173,16682,0.450000,-0.550000,0.300000,0.000000,1772830889154.587,0.323078,-0.770206,0.299785,0.000000,0.000000,0.000000,1.000000,position_only
2026-03-06T21:01:29.166160+00:00,1772830889166.160,0.342041,-0.749023,0.297363,-5.109375,-10.742188,1.707031,18430,20388,19134,15439,0.450000,-0.550000,0.300000,0.000000,1772830889163.077,0.331802,-0.763160,0.301223,0.000000,0.000000,0.000000,1.000000,position_only
2026-03-06T21:01:29.176803+00:00,1772830889176.802,0.353516,-0.740234,0.299072,-5.062500,-10.000000,1.712891,18014,20208,18509,15408,0.450000,-0.550000,0.300000,0.000000,1772830889171.587,0.340745,-0.756201,0.302830,0.000000,0.000000,0.000000,1.000000,position_only
2026-03-06T21:01:29.185880+00:00,1772830889185.880,0.364014,-0.732910,0.301025,-4.968750,-9.171875,1.697266,17978,20142,18771,14912,0.450000,-0.550000,0.300000,0.000000,1772830889180.072,0.349728,-0.749151,0.304373,0.000000,0.000000,0.000000,1.000000,position_only
2026-03-06T21:01:29.195576+00:00,1772830889195.575,0.375244,-0.724609,0.302734,-4.894531,-8.382812,1.704102,17233,20297,17669,15428,0.450000,-0.550000,0.300000,0.000000,1772830889188.529,0.358780,-0.742027,0.305836,0.000000,0.000000,0.000000,1.000000,position_only
2026-03-06T21:01:29.206818+00:00,1772830889206.817,0.386475,-0.716309,0.304443,-4.820312,-7.597656,1.707031,17216,20222,18044,14790,0.450000,-0.550000,0.300000,0.000000,1772830889205.702,0.376942,-0.727730,0.308843,0.000000,0.000000,0.000000,1.000000,position_only
2026-03-06T21:01:29.216929+00:00,1772830889216.928,0.398438,-0.707520,0.306152,-4.761719,-6.820312,1.728516,17288,19785,17745,14569,0.450000,-0.550000,0.300000,0.000000,1772830889214.288,0.386111,-0.720582,0.310181,0.000000,0.000000,0.000000,1.000000,position_only
2026-03-06T21:01:29.227254+00:00,1772830889227.252,0.410400,-0.698730,0.307617,-4.695312,-6.070312,1.751953,17102,19895,17545,14725,0.450000,-0.550000,0.300000,0.000000,1772830889222.839,0.395329,-0.713438,0.311619,0.000000,0.000000,0.000000,1.000000,position_only
2026-03-06T21:01:29.235736+00:00,1772830889235.734,0.420898,-0.690918,0.309570,-4.597656,-5.347656,1.745117,17503,19193,17298,14467,0.450000,-0.550000,0.300000,0.000000,1772830889231.326,0.404517,-0.706281,0.312907,0.000000,0.000000,0.000000,1.000000,position_only
2026-03-06T21:01:29.246374+00:00,1772830889246.373,0.432373,-0.682129,0.311035,-4.500000,-4.679688,1.772461,17416,19242,17637,14142,0.450000,-0.550000,0.300000,0.000000,1772830889239.862,0.413845,-0.698986,0.314260,0.000000,0.000000,0.000000,1.000000,position_only
2026-03-06T21:01:29.256990+00:00,1772830889256.989,0.443604,-0.673828,0.312256,-4.410156,-4.003906,1.801758,17010,19282,16578,14916,0.450000,-0.550000,0.300000,0.000000,1772830889256.821,0.432541,-0.684617,0.316644,0.000000,0.000000,0.000000,1.000000,position_only
2026-03-06T21:01:29.267048+00:00,1772830889267.048,0.455811,-0.664551,0.313721,-4.347656,-3.400391,1.831055,16915,19533,16851,14534,0.450000,-0.550000,0.300000,0.000000,1772830889265.328,0.441769,-0.677446,0.317762,0.000000,0.000000,0.000000,1.000000,position_only
2026-03-06T21:01:29.276949+00:00,1772830889276.948,0.467773,-0.655762,0.314941,-4.265625,-2.775391,1.865234,17159,19054,16612,14577,0.450000,-0.550000,0.300000,0.000000,1772830889273.820,0.451162,-0.670129,0.318773,0.000000,0.000000,0.000000,1.000000,position_only
2026-03-06T21:01:29.287498+00:00,1772830889287.498,0.479492,-0.646484,0.316162,-4.171875,-2.154297,1.914062,17718,18600,17577,13682,0.450000,-0.550000,0.300000,0.000000,1772830889282.368,0.469733,-0.655590,0.320752,0.000000,0.000000,0.000000,1.000000,position_only
2026-03-06T21:01:29.296025+00:00,1772830889296.024,0.490723,-0.638184,0.317627,-4.074219,-1.502930,1.962891,17028,19046,16394,14858,0.450000,-0.550000,0.300000,0.000000,1772830889290.851,0.478978,-0.648350,0.321587,0.000000,0.000000,0.000000,1.000000,position_only
2026-03-06T21:01:29.306470+00:00,1772830889306.470,0.502441,-0.628906,0.318848,-4.000000,-0.873047,2.015625,17098,19111,16743,14598,0.450000,-0.550000,0.300000,0.000000,1772830889299.387,0.488171,-0.641006,0.322441,0.000000,0.000000,0.000000,1.000000,position_only
2026-03-06T21:01:29.317034+00:00,1772830889317.034,0.514160,-0.619629,0.319580,-3.927734,-0.256104,2.068359,17567,18458,16851,14421,0.450000,-0.550000,0.300000,0.000000,1772830889316.430,0.506598,-0.626363,0.323700,0.000000,0.000000,0.000000,1.000000,position_only
2026-03-06T21:01:29.327181+00:00,1772830889327.180,0.526367,-0.610352,0.320557,-3.873047,0.353516,2.146484,17559,18667,17234,14457,0.450000,-0.550000,0.300000,0.000000,1772830889324.918,0.515839,-0.619060,0.324178,0.000000,0.000000,0.000000,1.000000,position_only
2026-03-06T21:01:29.336422+00:00,1772830889336.421,0.538574,-0.600586,0.321289,-3.833984,0.964355,2.222656,17606,18647,16994,14897,0.450000,-0.550000,0.300000,0.000000,1772830889333.412,0.524856,-0.611739,0.324664,0.000000,0.000000,0.000000,1.000000,position_only
2026-03-06T21:01:29.346995+00:00,1772830889346.995,0.549316,-0.592285,0.322021,-3.759766,1.646484,2.291016,17610,18799,17149,15032,0.450000,-0.550000,0.300000,0.000000,1772830889341.919,0.533875,-0.604332,0.325117,0.000000,0.000000,0.000000,1.000000,position_only
2026-03-06T21:01:29.356987+00:00,1772830889356.986,0.560059,-0.583496,0.322510,-3.697266,2.312500,2.357422,17356,19131,16814,15655,0.450000,-0.550000,0.300000,0.000000,1772830889350.403,0.533875,-0.604332,0.325117,0.000000,0.000000,0.000000,1.000000,position_only
2026-03-06T21:01:29.367019+00:00,1772830889367.018,0.570801,-0.574219,0.322754,-3.638672,3.013672,2.435547,17859,18990,17669,14932,0.450000,-0.550000,0.300000,0.000000,1772830889358.877,0.551570,-0.589713,0.325662,0.000000,0.000000,0.000000,1.000000,position_only
2026-03-06T21:01:29.376989+00:00,1772830889376.988,0.582031,-0.565430,0.322998,-3.564453,3.744141,2.523438,18133,18730,17820,15079,0.450000,-0.550000,0.300000,0.000000,1772830889375.868,0.569184,-0.575013,0.325788,0.000000,0.000000,0.000000,1.000000,position_only
2026-03-06T21:01:29.387096+00:00,1772830889387.095,0.593262,-0.556152,0.323242,-3.515625,4.515625,2.628906,18204,19078,18544,14728,0.450000,-0.550000,0.300000,0.000000,1772830889384.529,0.577799,-0.567754,0.325691,0.000000,0.000000,0.000000,1.000000,position_only
2026-03-06T21:01:29.396404+00:00,1772830889396.403,0.604492,-0.546387,0.323242,-3.455078,5.339844,2.744141,18424,18993,18678,15177,0.450000,-0.550000,0.300000,0.000000,1772830889393.169,0.586359,-0.560304,0.325684,0.000000,0.000000,0.000000,1.000000,position_only
2026-03-06T21:01:29.407431+00:00,1772830889407.429,0.615234,-0.537109,0.323242,-3.396484,6.199219,2.853516,17782,20162,18493,15457,0.450000,-0.550000,0.300000,0.000000,1772830889401.734,0.594758,-0.553052,0.325454,0.000000,0.000000,0.000000,1.000000,position_only
2026-03-06T21:01:29.415860+00:00,1772830889415.860,0.624512,-0.529297,0.323242,-3.269531,7.140625,2.939453,18280,20075,18908,15528,0.450000,-0.550000,0.300000,0.000000,1772830889410.427,0.603067,-0.545800,0.325201,0.000000,0.000000,0.000000,1.000000,position_only
2026-03-06T21:01:29.426987+00:00,1772830889426.987,0.634277,-0.520508,0.322754,-3.144531,8.132812,3.052734,18574,20320,19623,14916,0.450000,-0.550000,0.300000,0.000000,1772830889418.879,0.611229,-0.538458,0.324920,0.000000,0.000000,0.000000,1.000000,position_only
2026-03-06T21:01:29.436050+00:00,1772830889436.049,0.644043,-0.511719,0.322510,-2.980469,9.156250,3.171875,18871,20354,19663,15259,0.450000,-0.550000,0.300000,0.000000,1772830889435.937,0.627241,-0.523727,0.324038,0.000000,0.000000,0.000000,1.000000,position_only
2026-03-06T21:01:29.446141+00:00,1772830889446.140,0.654297,-0.501953,0.322021,-2.816406,10.164062,3.291016,18440,21416,19495,15514,0.450000,-0.550000,0.300000,0.000000,1772830889444.464,0.635004,-0.516512,0.323417,0.000000,0.000000,0.000000,1.000000,position_only
2026-03-06T21:01:29.458104+00:00,1772830889458.103,0.663086,-0.493896,0.321533,-2.593750,11.179688,3.376953,18756,21573,19392,16155,0.450000,-0.550000,0.300000,0.000000,1772830889452.970,0.642607,-0.509164,0.322895,0.000000,0.000000,0.000000,1.000000,position_only
2026-03-06T21:01:29.467004+00:00,1772830889467.004,0.672363,-0.484863,0.320801,-2.365234,12.140625,3.474609,19384,21500,20097,15476,0.450000,-0.550000,0.300000,0.000000,1772830889461.492,0.650172,-0.502028,0.322081,0.000000,0.000000,0.000000,1.000000,position_only
2026-03-06T21:01:29.477070+00:00,1772830889477.069,0.681152,-0.476074,0.320068,-2.111328,13.070312,3.582031,19905,21448,20349,15784,0.450000,-0.550000,0.300000,0.000000,1772830889470.062,0.657453,-0.494820,0.321379,0.000000,0.000000,0.000000,1.000000,position_only
2026-03-06T21:01:29.487056+00:00,1772830889487.055,0.689941,-0.467285,0.319336,-1.839844,13.968750,3.681641,19819,22069,20380,15771,0.450000,-0.550000,0.300000,0.000000,1772830889478.704,0.664697,-0.487611,0.320699,0.000000,0.000000,0.000000,1.000000,position_only
2026-03-06T21:01:29.496893+00:00,1772830889496.892,0.698730,-0.458008,0.318359,-1.575195,14.812500,3.773438,20077,22271,20297,16457,0.450000,-0.550000,0.300000,0.000000,1772830889495.702,0.678466,-0.473226,0.318903,0.000000,0.000000,0.000000,1.000000,position_only
2026-03-06T21:01:29.506845+00:00,1772830889506.844,0.707520,-0.448975,0.317383,-1.311523,15.601562,3.847656,20053,22610,20415,16542,0.450000,-0.550000,0.300000,0.000000,1772830889504.315,0.685123,-0.466226,0.318048,0.000000,0.000000,0.000000,1.000000,position_only
2026-03-06T21:01:29.518379+00:00,1772830889518.379,0.715332,-0.439941,0.316406,-1.061523,16.328125,3.923828,21404,21757,21210,16362,0.450000,-0.550000,0.300000,0.000000,1772830889512.809,0.691579,-0.459186,0.317043,0.000000,0.000000,0.000000,1.000000,position_only
2026-03-06T21:01:29.527014+00:00,1772830889527.013,0.721191,-0.432617,0.315430,-0.785156,17.046875,3.998047,20526,22862,20420,17499,0.450000,-0.550000,0.300000,0.000000,1772830889521.295,0.697830,-0.452154,0.315994,0.000000,0.000000,0.000000,1.000000,position_only
2026-03-06T21:01:29.536193+00:00,1772830889536.192,0.728516,-0.424072,0.314209,-0.570312,17.625000,4.054688,21359,22459,20961,17677,0.450000,-0.550000,0.300000,0.000000,1772830889529.762,0.703839,-0.445075,0.315082,0.000000,0.000000,0.000000,1.000000,position_only
2026-03-06T21:01:29.547544+00:00,1772830889547.543,0.734863,-0.415771,0.313232,-0.376709,18.171875,4.121094,21798,22333,21346,17409,0.450000,-0.550000,0.300000,0.000000,1772830889546.818,0.715287,-0.431138,0.312891,0.000000,0.000000,0.000000,1.000000,position_only
2026-03-06T21:01:29.556162+00:00,1772830889556.161,0.741699,-0.406982,0.312012,-0.211670,18.640625,4.195312,22381,22237,21681,17817,0.450000,-0.550000,0.300000,0.000000,1772830889555.318,0.720913,-0.424333,0.311746,0.000000,0.000000,0.000000,1.000000,position_only
2026-03-06T21:01:29.566902+00:00,1772830889566.901,0.748047,-0.398438,0.310547,-0.061554,19.078125,4.269531,21679,23296,21037,18625,0.450000,-0.550000,0.300000,0.000000,1772830889563.819,0.726079,-0.417398,0.310654,0.000000,0.000000,0.000000,1.000000,position_only
2026-03-06T21:01:29.577611+00:00,1772830889577.611,0.753906,-0.389893,0.309326,0.096680,19.453125,4.312500,22483,22902,21471,18833,0.450000,-0.550000,0.300000,0.000000,1772830889572.374,0.731116,-0.410581,0.309387,0.000000,0.000000,0.000000,1.000000,position_only
2026-03-06T21:01:29.587087+00:00,1772830889587.087,0.757812,-0.383057,0.308105,0.283447,19.843750,4.355469,22740,23041,21728,18576,0.450000,-0.550000,0.300000,0.000000,1772830889580.848,0.735782,-0.403903,0.308213,0.000000,0.000000,0.000000,1.000000,position_only
2026-03-06T21:01:29.597031+00:00,1772830889597.031,0.762695,-0.375000,0.306885,0.453125,20.156250,4.414062,24140,22126,22772,18048,0.450000,-0.550000,0.300000,0.000000,1772830889589.376,0.740280,-0.397110,0.306976,0.000000,0.000000,0.000000,1.000000,position_only
2026-03-06T21:01:29.606997+00:00,1772830889606.996,0.767090,-0.367432,0.305664,0.622559,20.437500,4.488281,23767,22732,22313,18598,0.450000,-0.550000,0.300000,0.000000,1772830889606.702,0.748226,-0.383798,0.304784,0.000000,0.000000,0.000000,1.000000,position_only
2026-03-06T21:01:29.617664+00:00,1772830889617.663,0.771484,-0.359131,0.304199,0.770996,20.671875,4.539062,23149,23758,21358,20020,0.450000,-0.550000,0.300000,0.000000,1772830889615.179,0.752063,-0.377324,0.303623,0.000000,0.000000,0.000000,1.000000,position_only
2026-03-06T21:01:29.626900+00:00,1772830889626.899,0.775391,-0.351074,0.302979,0.924316,20.875000,4.566406,23564,23505,22015,19474,0.450000,-0.550000,0.300000,0.000000,1772830889623.733,0.755414,-0.370713,0.302482,0.000000,0.000000,0.000000,1.000000,position_only
2026-03-06T21:01:29.637009+00:00,1772830889637.009,0.777832,-0.344238,0.301514,1.066406,21.093750,4.621094,25113,22121,23552,18647,0.450000,-0.550000,0.300000,0.000000,1772830889632.244,0.761548,-0.357898,0.300158,0.000000,0.000000,0.000000,1.000000,position_only
2026-03-06T21:01:29.646985+00:00,1772830889646.985,0.781250,-0.336182,0.300049,1.128906,21.281250,4.691406,24923,22518,23387,18929,0.450000,-0.550000,0.300000,0.000000,1772830889640.724,0.764267,-0.351500,0.298944,0.000000,0.000000,0.000000,1.000000,position_only
2026-03-06T21:01:29.656859+00:00,1772830889656.859,0.783691,-0.328369,0.298828,1.181641,21.437500,4.746094,23605,23910,21918,21179,0.450000,-0.550000,0.300000,0.000000,1772830889649.268,0.766700,-0.345371,0.297916,0.000000,0.000000,0.000000,1.000000,position_only
2026-03-06T21:01:29.667635+00:00,1772830889667.635,0.786133,-0.321289,0.297607,1.234375,21.562500,4.765625,24523,23316,23251,19825,0.450000,-0.550000,0.300000,0.000000,1772830889666.271,0.770570,-0.332893,0.295755,0.000000,0.000000,0.000000,1.000000,position_only
2026-03-06T21:01:29.677687+00:00,1772830889677.686,0.788086,-0.313477,0.296387,1.245117,21.734375,4.812500,25502,22424,24157,19530,0.450000,-0.550000,0.300000,0.000000,1772830889674.763,0.772233,-0.326820,0.294689,0.000000,0.000000,0.000000,1.000000,position_only
2026-03-06T21:01:29.687909+00:00,1772830889687.909,0.789551,-0.305664,0.294922,1.235352,21.875000,4.859375,24596,23482,23367,20393,0.450000,-0.550000,0.300000,0.000000,1772830889683.400,0.773559,-0.320906,0.293533,0.000000,0.000000,0.000000,1.000000,position_only
2026-03-06T21:01:29.697226+00:00,1772830889697.225,0.789551,-0.299316,0.293701,1.250000,22.015625,4.890625,24540,23613,23340,20959,0.450000,-0.550000,0.300000,0.000000,1772830889691.909,0.774476,-0.314856,0.292562,0.000000,0.000000,0.000000,1.000000,position_only
2026-03-06T21:01:29.707494+00:00,1772830889707.494,0.790039,-0.291992,0.292480,1.250977,22.125000,4.906250,24819,23631,23384,20687,0.450000,-0.550000,0.300000,0.000000,1772830889700.529,0.775270,-0.308845,0.291586,0.000000,0.000000,0.000000,1.000000,position_only
2026-03-06T21:01:29.716888+00:00,1772830889716.886,0.790527,-0.285156,0.291260,1.286133,22.187500,4.937500,26050,22501,24332,20177,0.450000,-0.550000,0.300000,0.000000,1772830889709.053,0.775734,-0.302996,0.290581,0.000000,0.000000,0.000000,1.000000,position_only
2026-03-06T21:01:29.727625+00:00,1772830889727.625,0.790039,-0.278320,0.290283,1.328125,22.234375,4.988281,25842,22989,24052,20173,0.450000,-0.550000,0.300000,0.000000,1772830889726.529,0.776064,-0.291538,0.288848,0.000000,0.000000,0.000000,1.000000,position_only
2026-03-06T21:01:29.737745+00:00,1772830889737.744,0.789551,-0.271240,0.289307,1.397461,22.265625,5.011719,25211,23833,23199,21009,0.450000,-0.550000,0.300000,0.000000,1772830889735.089,0.775696,-0.285935,0.287932,0.000000,0.000000,0.000000,1.000000,position_only
2026-03-06T21:01:29.747543+00:00,1772830889747.542,0.788574,-0.264160,0.288330,1.516602,22.281250,5.011719,25369,23951,23024,20845,0.450000,-0.550000,0.300000,0.000000,1772830889743.733,0.775131,-0.280437,0.287249,0.000000,0.000000,0.000000,1.000000,position_only
2026-03-06T21:01:29.757460+00:00,1772830889757.458,0.786133,-0.258545,0.287354,1.708984,22.281250,5.039062,26596,22755,24053,19901,0.450000,-0.550000,0.300000,0.000000,1772830889752.316,0.774206,-0.274907,0.286500,0.000000,0.000000,0.000000,1.000000,position_only
2026-03-06T21:01:29.767453+00:00,1772830889767.452,0.784180,-0.252197,0.286377,1.890625,22.218750,5.066406,25896,23520,23090,20559,0.450000,-0.550000,0.300000,0.000000,1772830889760.799,0.773023,-0.269466,0.285902,0.000000,0.000000,0.000000,1.000000,position_only
2026-03-06T21:01:29.777316+00:00,1772830889777.315,0.782227,-0.245850,0.285889,2.093750,22.109375,5.082031,25956,23563,22856,20599,0.450000,-0.550000,0.300000,0.000000,1772830889769.276,0.771625,-0.264175,0.285285,0.000000,0.000000,0.000000,1.000000,position_only
2026-03-06T21:01:29.787266+00:00,1772830889787.265,0.779297,-0.239380,0.285156,2.318359,22.000000,5.074219,25846,23780,22570,20453,0.450000,-0.550000,0.300000,0.000000,1772830889786.506,0.768089,-0.253703,0.284178,0.000000,0.000000,0.000000,1.000000,position_only
2026-03-06T21:01:29.797889+00:00,1772830889797.888,0.775879,-0.233032,0.284424,2.562500,21.859375,5.074219,26385,23044,22829,20174,0.450000,-0.550000,0.300000,0.000000,1772830889795.064,0.765918,-0.248581,0.283748,0.000000,0.000000,0.000000,1.000000,position_only
2026-03-06T21:01:29.807842+00:00,1772830889807.842,0.772461,-0.226929,0.283936,2.802734,21.671875,5.074219,26042,23393,22212,20434,0.450000,-0.550000,0.300000,0.000000,1772830889803.531,0.763103,-0.243424,0.283448,0.000000,0.000000,0.000000,1.000000,position_only
2026-03-06T21:01:29.816897+00:00,1772830889816.896,0.768066,-0.222168,0.283691,3.064453,21.437500,5.093750,26274,22857,22371,20253,0.450000,-0.550000,0.300000,0.000000,1772830889812.177,0.760386,-0.238567,0.283185,0.000000,0.000000,0.000000,1.000000,position_only
2026-03-06T21:01:29.826918+00:00,1772830889826.917,0.763672,-0.216553,0.283203,3.289062,21.171875,5.101562,26050,23074,21979,20243,0.450000,-0.550000,0.300000,0.000000,1772830889820.645,0.757459,-0.233673,0.283014,0.000000,0.000000,0.000000,1.000000,position_only
2026-03-06T21:01:29.837103+00:00,1772830889837.102,0.759277,-0.211182,0.283203,3.507812,20.906250,5.105469,26135,22571,22051,20312,0.450000,-0.550000,0.300000,0.000000,1772830889829.193,0.754198,-0.228881,0.282816,0.000000,0.000000,0.000000,1.000000,position_only
2026-03-06T21:01:29.847117+00:00,1772830889847.116,0.754395,-0.205933,0.282959,3.683594,20.593750,5.109375,25889,22742,21548,20449,0.450000,-0.550000,0.300000,0.000000,1772830889846.417,0.747031,-0.219454,0.282797,0.000000,0.000000,0.000000,1.000000,position_only
2026-03-06T21:01:29.857829+00:00,1772830889857.829,0.748535,-0.200562,0.282959,3.816406,20.265625,5.082031,25202,22744,21077,20846,0.450000,-0.550000,0.300000,0.000000,1772830889854.896,0.743069,-0.214931,0.282881,0.000000,0.000000,0.000000,1.000000,position_only
2026-03-06T21:01:29.868718+00:00,1772830889868.718,0.742676,-0.195312,0.282959,3.896484,19.921875,5.046875,25054,22532,21001,20801,0.450000,-0.550000,0.300000,0.000000,1772830889863.397,0.738845,-0.210423,0.282970,0.000000,0.000000,0.000000,1.000000,position_only
2026-03-06T21:01:29.878231+00:00,1772830889878.230,0.736816,-0.191284,0.282959,3.949219,19.578125,5.046875,25868,21076,21992,19794,0.450000,-0.550000,0.300000,0.000000,1772830889871.948,0.734491,-0.206164,0.283086,0.000000,0.000000,0.000000,1.000000,position_only
2026-03-06T21:01:29.888110+00:00,1772830889888.109,0.730469,-0.186646,0.283203,3.925781,19.203125,5.039062,24665,21941,20939,20649,0.450000,-0.550000,0.300000,0.000000,1772830889880.454,0.729920,-0.201827,0.283351,0.000000,0.000000,0.000000,1.000000,position_only
2026-03-06T21:01:29.897080+00:00,1772830889897.079,0.723633,-0.182007,0.283447,3.869141,18.828125,5.003906,24334,21587,20832,20672,0.450000,-0.550000,0.300000,0.000000,1772830889888.958,0.725081,-0.197560,0.283597,0.000000,0.000000,0.000000,1.000000,position_only
2026-03-06T21:01:29.906991+00:00,1772830889906.990,0.716797,-0.177246,0.283936,3.767578,18.437500,4.937500,24036,21553,20641,20657,0.450000,-0.550000,0.300000,0.000000,1772830889906.032,0.714795,-0.189171,0.284279,0.000000,0.000000,0.000000,1.000000,position_only
2026-03-06T21:01:29.917640+00:00,1772830889917.640,0.709473,-0.172607,0.284424,3.646484,18.078125,4.878906,24659,20305,21560,19543,0.450000,-0.550000,0.300000,0.000000,1772830889914.542,0.709351,-0.185133,0.284739,0.000000,0.000000,0.000000,1.000000,position_only
2026-03-06T21:01:29.929333+00:00,1772830889929.332,0.701660,-0.168213,0.284912,3.517578,17.718750,4.828125,23596,21139,20468,20354,0.450000,-0.550000,0.300000,0.000000,1772830889923.212,0.703687,-0.181241,0.285269,0.000000,0.000000,0.000000,1.000000,position_only
2026-03-06T21:01:29.937000+00:00,1772830889937.000,0.694336,-0.164917,0.285400,3.417969,17.375000,4.785156,23333,20633,20662,20067,0.450000,-0.550000,0.300000,0.000000,1772830889931.817,0.697826,-0.177289,0.285794,0.000000,0.000000,0.000000,1.000000,position_only
2026-03-06T21:01:29.947937+00:00,1772830889947.936,0.686035,-0.160889,0.286133,3.287109,17.015625,4.710938,22974,20890,20005,20315,0.450000,-0.550000,0.300000,0.000000,1772830889940.391,0.691909,-0.173571,0.286281,0.000000,0.000000,0.000000,1.000000,position_only
2026-03-06T21:01:29.957833+00:00,1772830889957.832,0.677734,-0.156738,0.286621,3.177734,16.640625,4.621094,23204,19986,20513,19700,0.450000,-0.550000,0.300000,0.000000,1772830889957.646,0.672732,-0.162497,0.288386,0.000000,0.000000,0.000000,1.000000,position_only
2026-03-06T21:01:29.967090+00:00,1772830889967.090,0.668457,-0.152344,0.287598,3.052734,16.265625,4.519531,22885,20040,20098,19760,0.450000,-0.550000,0.300000,0.000000,1772830889966.178,0.672732,-0.162497,0.288386,0.000000,0.000000,0.000000,1.000000,position_only
2026-03-06T21:01:29.977806+00:00,1772830889977.806,0.659668,-0.148315,0.288330,2.955078,15.875000,4.417969,21962,20222,19465,20177,0.450000,-0.550000,0.300000,0.000000,1772830889974.837,0.659218,-0.155560,0.289836,0.000000,0.000000,0.000000,1.000000,position_only
2026-03-06T21:01:29.988435+00:00,1772830889988.434,0.650391,-0.144287,0.289307,2.861328,15.476562,4.292969,22211,19877,19625,19615,0.450000,-0.550000,0.300000,0.000000,1772830889983.337,0.652150,-0.151992,0.290712,0.000000,0.000000,0.000000,1.000000,position_only
2026-03-06T21:01:29.997735+00:00,1772830889997.734,0.641113,-0.140991,0.290283,2.820312,15.070312,4.199219,22001,19553,19600,19234,0.450000,-0.550000,0.300000,0.000000,1772830889991.824,0.644928,-0.148647,0.291495,0.000000,0.000000,0.000000,1.000000,position_only
2026-03-06T21:01:30.007990+00:00,1772830890007.990,0.631348,-0.137207,0.291260,2.820312,14.656250,4.082031,21203,20280,18437,19994,0.450000,-0.550000,0.300000,0.000000,1772830890000.628,0.637687,-0.145327,0.292382,0.000000,0.000000,0.000000,1.000000,position_only
2026-03-06T21:01:30.018272+00:00,1772830890018.271,0.621582,-0.133667,0.292236,2.861328,14.203125,3.951172,21731,19363,19180,18763,0.450000,-0.550000,0.300000,0.000000,1772830890017.855,0.622692,-0.138869,0.294136,0.000000,0.000000,0.000000,1.000000,position_only
2026-03-06T21:01:30.027729+00:00,1772830890027.728,0.612305,-0.130249,0.293213,2.962891,13.734375,3.839844,21874,19122,18787,18835,0.450000,-0.550000,0.300000,0.000000,1772830890026.791,0.615040,-0.135845,0.294990,0.000000,0.000000,0.000000,1.000000,position_only
2026-03-06T21:01:30.037986+00:00,1772830890037.985,0.601562,-0.126587,0.294189,3.099609,13.250000,3.716797,21556,19031,18678,18450,0.450000,-0.550000,0.300000,0.000000,1772830890035.291,0.607218,-0.132680,0.295934,0.000000,0.000000,0.000000,1.000000,position_only
2026-03-06T21:01:30.048742+00:00,1772830890048.742,0.591309,-0.122986,0.295166,3.265625,12.750000,3.589844,20901,19601,17512,19385,0.450000,-0.550000,0.300000,0.000000,1772830890043.960,0.599321,-0.129606,0.296843,0.000000,0.000000,0.000000,1.000000,position_only
2026-03-06T21:01:30.058750+00:00,1772830890058.749,0.580566,-0.119629,0.296143,3.445312,12.187500,3.455078,20863,19158,17738,18860,0.450000,-0.550000,0.300000,0.000000,1772830890052.469,0.591326,-0.126690,0.297735,0.000000,0.000000,0.000000,1.000000,position_only
2026-03-06T21:01:30.067498+00:00,1772830890067.498,0.570801,-0.116821,0.297363,3.654297,11.570312,3.353516,21044,18844,17561,18947,0.450000,-0.550000,0.300000,0.000000,1772830890060.990,0.583256,-0.123754,0.298630,0.000000,0.000000,0.000000,1.000000,position_only
2026-03-06T21:01:30.078755+00:00,1772830890078.752,0.560547,-0.113708,0.298340,3.847656,10.937500,3.242188,21074,18482,17802,18360,0.450000,-0.550000,0.300000,0.000000,1772830890078.118,0.566821,-0.118114,0.300510,0.000000,0.000000,0.000000,1.000000,position_only
2026-03-06T21:01:30.088018+00:00,1772830890088.017,0.549316,-0.110474,0.299316,4.062500,10.304688,3.121094,20672,18797,16926,19143,0.450000,-0.550000,0.300000,0.000000,1772830890086.712,0.558562,-0.115370,0.301377,0.000000,0.000000,0.000000,1.000000,position_only
2026-03-06T21:01:30.097859+00:00,1772830890097.857,0.538574,-0.107300,0.300537,4.292969,9.625000,2.992188,20099,19099,16630,19135,0.450000,-0.550000,0.300000,0.000000,1772830890095.355,0.550231,-0.112644,0.302192,0.000000,0.000000,0.000000,1.000000,position_only
2026-03-06T21:01:30.109034+00:00,1772830890109.034,0.527344,-0.104309,0.301514,4.539062,8.953125,2.859375,20443,18715,16580,19124,0.450000,-0.550000,0.300000,0.000000,1772830890103.858,0.541753,-0.109958,0.303067,0.000000,0.000000,0.000000,1.000000,position_only
2026-03-06T21:01:30.119066+00:00,1772830890119.065,0.516113,-0.101379,0.302246,4.796875,8.242188,2.740234,20312,18617,16572,18877,0.450000,-0.550000,0.300000,0.000000,1772830890112.779,0.533214,-0.107379,0.303883,0.000000,0.000000,0.000000,1.000000,position_only
2026-03-06T21:01:30.127684+00:00,1772830890127.682,0.506836,-0.099060,0.303223,5.078125,7.488281,2.660156,20562,18328,16403,19022,0.450000,-0.550000,0.300000,0.000000,1772830890121.300,0.524713,-0.104881,0.304692,0.000000,0.000000,0.000000,1.000000,position_only
2026-03-06T21:01:30.137613+00:00,1772830890137.613,0.496094,-0.096436,0.304199,5.339844,6.722656,2.558594,20278,18294,16417,18916,0.450000,-0.550000,0.300000,0.000000,1772830890129.929,0.516211,-0.102451,0.305511,0.000000,0.000000,0.000000,1.000000,position_only
2026-03-06T21:01:30.148393+00:00,1772830890148.392,0.485352,-0.093933,0.304932,5.605469,5.953125,2.466797,20803,17798,16335,18870,0.450000,-0.550000,0.300000,0.000000,1772830890146.925,0.498907,-0.097652,0.306963,0.000000,0.000000,0.000000,1.000000,position_only
2026-03-06T21:01:30.158624+00:00,1772830890158.623,0.474121,-0.091370,0.305908,5.871094,5.160156,2.375000,20595,17853,16266,18861,0.450000,-0.550000,0.300000,0.000000,1772830890155.687,0.490225,-0.095487,0.307621,0.000000,0.000000,0.000000,1.000000,position_only
2026-03-06T21:01:30.168210+00:00,1772830890168.209,0.462891,-0.088867,0.306641,6.148438,4.386719,2.289062,20641,17955,15835,19218,0.450000,-0.550000,0.300000,0.000000,1772830890164.227,0.481534,-0.093286,0.308358,0.000000,0.000000,0.000000,1.000000,position_only
2026-03-06T21:01:30.177607+00:00,1772830890177.606,0.453125,-0.086853,0.307373,6.437500,3.566406,2.226562,20316,18134,15855,19147,0.450000,-0.550000,0.300000,0.000000,1772830890172.731,0.472965,-0.091079,0.308991,0.000000,0.000000,0.000000,1.000000,position_only
2026-03-06T21:01:30.189359+00:00,1772830890189.359,0.442383,-0.084656,0.308105,6.730469,2.802734,2.152344,20727,17891,15885,19065,0.450000,-0.550000,0.300000,0.000000,1772830890181.269,0.464342,-0.088961,0.309574,0.000000,0.000000,0.000000,1.000000,position_only
2026-03-06T21:01:30.198188+00:00,1772830890198.186,0.431885,-0.082642,0.308594,7.023438,2.050781,2.083984,20364,18187,15756,19180,0.450000,-0.550000,0.300000,0.000000,1772830890189.823,0.455641,-0.087038,0.310146,0.000000,0.000000,0.000000,1.000000,position_only
2026-03-06T21:01:30.208836+00:00,1772830890208.835,0.421387,-0.080688,0.309326,7.316406,1.304688,2.011719,20624,17934,15807,19163,0.450000,-0.550000,0.300000,0.000000,1772830890207.128,0.438382,-0.083199,0.311157,0.000000,0.000000,0.000000,1.000000,position_only
2026-03-06T21:01:30.218857+00:00,1772830890218.856,0.410400,-0.078735,0.309814,7.597656,0.619141,1.935547,20226,18323,15832,19244,0.450000,-0.550000,0.300000,0.000000,1772830890215.647,0.429797,-0.081475,0.311556,0.000000,0.000000,0.000000,1.000000,position_only
2026-03-06T21:01:30.229331+00:00,1772830890229.330,0.399414,-0.076904,0.310303,7.867188,-0.028854,1.859375,20815,17971,16016,18974,0.450000,-0.550000,0.300000,0.000000,1772830890224.643,0.412728,-0.078140,0.312334,0.000000,0.000000,0.000000,1.000000,position_only
2026-03-06T21:01:30.238345+00:00,1772830890238.344,0.389404,-0.075256,0.310791,8.148438,-0.635254,1.796875,19958,18738,15915,19269,0.450000,-0.550000,0.300000,0.000000,1772830890233.161,0.404232,-0.076568,0.312704,0.000000,0.000000,0.000000,1.000000,position_only
2026-03-06T21:01:30.248182+00:00,1772830890248.182,0.378418,-0.073608,0.311279,8.406250,-1.181641,1.714844,19844,19054,15490,19703,0.450000,-0.550000,0.300000,0.000000,1772830890241.670,0.395678,-0.075132,0.312975,0.000000,0.000000,0.000000,1.000000,position_only
2026-03-06T21:01:30.258720+00:00,1772830890258.719,0.367920,-0.072144,0.311523,8.671875,-1.693359,1.629883,20058,18816,16528,18842,0.450000,-0.550000,0.300000,0.000000,1772830890250.530,0.387310,-0.073715,0.313199,0.000000,0.000000,0.000000,1.000000,position_only
2026-03-06T21:01:30.268489+00:00,1772830890268.489,0.357422,-0.070801,0.311768,8.921875,-2.150391,1.559570,19967,18877,16239,19262,0.450000,-0.550000,0.300000,0.000000,1772830890268.033,0.370507,-0.071191,0.313581,0.000000,0.000000,0.000000,1.000000,position_only
2026-03-06T21:01:30.277664+00:00,1772830890277.664,0.346436,-0.069519,0.312012,9.132812,-2.595703,1.474609,19615,19191,16403,19444,0.450000,-0.550000,0.300000,0.000000,1772830890276.534,0.362326,-0.070079,0.313686,0.000000,0.000000,0.000000,1.000000,position_only
2026-03-06T21:01:30.288543+00:00,1772830890288.542,0.335938,-0.068420,0.312256,9.320312,-3.031250,1.405273,20407,18508,16929,19001,0.450000,-0.550000,0.300000,0.000000,1772830890285.126,0.354221,-0.069012,0.313854,0.000000,0.000000,0.000000,1.000000,position_only
2026-03-06T21:01:30.299184+00:00,1772830890299.182,0.325439,-0.067444,0.312256,9.476562,-3.486328,1.350586,19332,19408,16292,20098,0.450000,-0.550000,0.300000,0.000000,1772830890293.721,0.346134,-0.068151,0.313809,0.000000,0.000000,0.000000,1.000000,position_only
2026-03-06T21:01:30.308283+00:00,1772830890308.283,0.316650,-0.066711,0.312500,9.585938,-4.023438,1.311523,20381,18543,17186,19304,0.450000,-0.550000,0.300000,0.000000,1772830890302.420,0.338208,-0.067299,0.313853,0.000000,0.000000,0.000000,1.000000,position_only
2026-03-06T21:01:30.318908+00:00,1772830890318.907,0.306885,-0.066040,0.312500,9.679688,-4.515625,1.279297,20468,18447,17677,19256,0.450000,-0.550000,0.300000,0.000000,1772830890310.946,0.330244,-0.066438,0.313968,0.000000,0.000000,0.000000,1.000000,position_only
2026-03-06T21:01:30.329166+00:00,1772830890329.165,0.297363,-0.065491,0.312500,9.757812,-5.042969,1.263672,20330,18736,17153,19813,0.450000,-0.550000,0.300000,0.000000,1772830890327.990,0.314544,-0.065002,0.313811,0.000000,0.000000,0.000000,1.000000,position_only
2026-03-06T21:01:30.337698+00:00,1772830890337.698,0.287354,-0.065125,0.312256,9.835938,-5.574219,1.235352,19421,19751,16496,20941,0.450000,-0.550000,0.300000,0.000000,1772830890336.644,0.306904,-0.064495,0.313701,0.000000,0.000000,0.000000,1.000000,position_only
2026-03-06T21:01:30.348306+00:00,1772830890348.305,0.277588,-0.064819,0.312256,9.898438,-6.113281,1.208008,20591,18727,17371,20226,0.450000,-0.550000,0.300000,0.000000,1772830890345.181,0.299487,-0.064074,0.313546,0.000000,0.000000,0.000000,1.000000,position_only
2026-03-06T21:01:30.358985+00:00,1772830890358.985,0.268311,-0.064758,0.312012,9.953125,-6.660156,1.210938,20739,18792,17938,19949,0.450000,-0.550000,0.300000,0.000000,1772830890353.706,0.291977,-0.063780,0.313389,0.000000,0.000000,0.000000,1.000000,position_only
2026-03-06T21:01:30.368225+00:00,1772830890368.225,0.260742,-0.064697,0.312012,10.023438,-7.257812,1.232422,20779,19011,17595,20316,0.450000,-0.550000,0.300000,0.000000,1772830890362.210,0.284762,-0.063480,0.313256,0.000000,0.000000,0.000000,1.000000,position_only
2026-03-06T21:01:30.378890+00:00,1772830890378.889,0.252197,-0.064880,0.311523,10.078125,-7.816406,1.235352,20043,19852,16970,21368,0.450000,-0.550000,0.300000,0.000000,1772830890370.759,0.277556,-0.063298,0.313045,0.000000,0.000000,0.000000,1.000000,position_only
2026-03-06T21:01:30.388993+00:00,1772830890388.992,0.243774,-0.065186,0.311279,10.140625,-8.429688,1.246094,20894,19196,17327,21004,0.450000,-0.550000,0.300000,0.000000,1772830890387.897,0.263532,-0.063349,0.312423,0.000000,0.000000,0.000000,1.000000,position_only
2026-03-06T21:01:30.399102+00:00,1772830890399.102,0.234985,-0.065613,0.311035,10.218750,-9.062500,1.270508,21074,19236,17529,21221,0.450000,-0.550000,0.300000,0.000000,1772830890396.502,0.256796,-0.063460,0.312123,0.000000,0.000000,0.000000,1.000000,position_only
2026-03-06T21:01:30.408419+00:00,1772830890408.418,0.226562,-0.066223,0.310547,10.289062,-9.710938,1.311523,21877,18690,18003,20781,0.450000,-0.550000,0.300000,0.000000,1772830890405.015,0.250185,-0.063797,0.311742,0.000000,0.000000,0.000000,1.000000,position_only
2026-03-06T21:01:30.419079+00:00,1772830890419.079,0.218384,-0.067017,0.310059,10.367188,-10.335938,1.363281,21499,19423,17919,21110,0.450000,-0.550000,0.300000,0.000000,1772830890413.864,0.243709,-0.064186,0.311340,0.000000,0.000000,0.000000,1.000000,position_only
2026-03-06T21:01:30.428866+00:00,1772830890428.865,0.212402,-0.067688,0.309814,10.460938,-10.984375,1.421875,20909,20132,16955,22267,0.450000,-0.550000,0.300000,0.000000,1772830890422.530,0.237371,-0.064516,0.310967,0.000000,0.000000,0.000000,1.000000,position_only
2026-03-06T21:01:30.438826+00:00,1772830890438.825,0.205078,-0.068665,0.309326,10.539062,-11.585938,1.448242,21301,20086,17845,21677,0.450000,-0.550000,0.300000,0.000000,1772830890431.099,0.231173,-0.064977,0.310542,0.000000,0.000000,0.000000,1.000000,position_only
2026-03-06T21:01:30.449108+00:00,1772830890449.107,0.197998,-0.069824,0.308838,10.617188,-12.148438,1.491211,22383,19135,18335,21375,0.450000,-0.550000,0.300000,0.000000,1772830890448.250,0.219165,-0.066325,0.309779,0.000000,0.000000,0.000000,1.000000,position_only
2026-03-06T21:01:30.458654+00:00,1772830890458.654,0.190796,-0.071167,0.308350,10.695312,-12.703125,1.545898,21746,20075,18109,21895,0.450000,-0.550000,0.300000,0.000000,1772830890456.759,0.213368,-0.067130,0.309301,0.000000,0.000000,0.000000,1.000000,position_only
2026-03-06T21:01:30.469260+00:00,1772830890469.260,0.183960,-0.072632,0.307617,10.765625,-13.195312,1.591797,22445,19481,18758,21419,0.450000,-0.550000,0.300000,0.000000,1772830890465.262,0.207894,-0.068117,0.308727,0.000000,0.000000,0.000000,1.000000,position_only
2026-03-06T21:01:30.478351+00:00,1772830890478.350,0.177490,-0.074280,0.307129,10.820312,-13.632812,1.637695,21698,20428,18405,22173,0.450000,-0.550000,0.300000,0.000000,1772830890473.773,0.202543,-0.069150,0.308268,0.000000,0.000000,0.000000,1.000000,position_only
2026-03-06T21:01:30.488381+00:00,1772830890488.379,0.172729,-0.075745,0.306641,10.835938,-14.101562,1.684570,21747,20464,18280,22525,0.450000,-0.550000,0.300000,0.000000,1772830890482.374,0.192265,-0.071442,0.307184,0.000000,0.000000,0.000000,1.000000,position_only
2026-03-06T21:01:30.499418+00:00,1772830890499.417,0.166748,-0.077637,0.305908,10.835938,-14.492188,1.710938,22373,19929,19575,21778,0.450000,-0.550000,0.300000,0.000000,1772830890490.938,0.187432,-0.072726,0.306613,0.000000,0.000000,0.000000,1.000000,position_only
2026-03-06T21:01:30.509923+00:00,1772830890509.922,0.161133,-0.079651,0.305176,10.804688,-14.812500,1.760742,22705,19919,19817,21533,0.450000,-0.550000,0.300000,0.000000,1772830890507.937,0.182763,-0.074184,0.306134,0.000000,0.000000,0.000000,1.000000,position_only
2026-03-06T21:01:30.519141+00:00,1772830890519.140,0.155640,-0.081909,0.304443,10.781250,-15.093750,1.789062,21037,21571,18684,23243,0.450000,-0.550000,0.300000,0.000000,1772830890516.531,0.174073,-0.077138,0.304973,0.000000,0.000000,0.000000,1.000000,position_only
2026-03-06T21:01:30.528138+00:00,1772830890528.137,0.150391,-0.084351,0.303711,10.703125,-15.335938,1.789062,22123,20583,19874,22190,0.450000,-0.550000,0.300000,0.000000,1772830890525.153,0.169983,-0.078756,0.304365,0.000000,0.000000,0.000000,1.000000,position_only
2026-03-06T21:01:30.538845+00:00,1772830890538.844,0.145508,-0.086914,0.302979,10.625000,-15.507812,1.804688,22252,20664,20580,21798,0.450000,-0.550000,0.300000,0.000000,1772830890533.651,0.166067,-0.080550,0.303765,0.000000,0.000000,0.000000,1.000000,position_only
2026-03-06T21:01:30.549303+00:00,1772830890549.302,0.142334,-0.089111,0.302490,10.531250,-15.687500,1.840820,22312,20621,20713,21857,0.450000,-0.550000,0.300000,0.000000,1772830890542.231,0.162407,-0.082320,0.303372,0.000000,0.000000,0.000000,1.000000,position_only
2026-03-06T21:01:30.559006+00:00,1772830890559.005,0.138306,-0.091797,0.301758,10.421875,-15.789062,1.854492,21590,21574,20302,22504,0.450000,-0.550000,0.300000,0.000000,1772830890550.912,0.158993,-0.084213,0.302867,0.000000,0.000000,0.000000,1.000000,position_only
2026-03-06T21:01:30.568745+00:00,1772830890568.745,0.134644,-0.094604,0.301025,10.304688,-15.882812,1.855469,21738,21465,20484,22424,0.450000,-0.550000,0.300000,0.000000,1772830890567.994,0.152582,-0.088434,0.301752,0.000000,0.000000,0.000000,1.000000,position_only
2026-03-06T21:01:30.579314+00:00,1772830890579.313,0.131104,-0.097778,0.300537,10.195312,-15.937500,1.852539,21639,21489,20746,22575,0.450000,-0.550000,0.300000,0.000000,1772830890576.512,0.149816,-0.090647,0.301288,0.000000,0.000000,0.000000,1.000000,position_only
2026-03-06T21:01:30.589254+00:00,1772830890589.253,0.127808,-0.101013,0.299805,10.062500,-16.015625,1.860352,22219,20987,20949,22336,0.450000,-0.550000,0.300000,0.000000,1772830890585.099,0.147147,-0.092950,0.300792,0.000000,0.000000,0.000000,1.000000,position_only
2026-03-06T21:01:30.599068+00:00,1772830890599.068,0.062500,-0.104370,0.299072,9.945312,-16.109375,1.883789,22020,21283,21211,22270,0.450000,-0.550000,0.300000,0.000000,1772830890593.736,0.144695,-0.095297,0.300292,0.000000,0.000000,0.000000,1.000000,position_only
2026-03-06T21:01:30.609101+00:00,1772830890609.101,0.123779,-0.107178,0.298584,9.796875,-16.218750,1.922852,21959,21480,20921,22479,0.450000,-0.550000,0.300000,0.000000,1772830890602.304,0.142461,-0.097803,0.299780,0.000000,0.000000,0.000000,1.000000,position_only
2026-03-06T21:01:30.619862+00:00,1772830890619.862,0.121704,-0.110596,0.298096,9.687500,-16.265625,1.942383,21854,21569,21100,22540,0.450000,-0.550000,0.300000,0.000000,1772830890619.355,0.138658,-0.102889,0.298931,0.000000,0.000000,0.000000,1.000000,position_only
2026-03-06T21:01:30.639230+00:00,1772830890639.229,0.119934,-0.114136,0.297607,9.578125,-16.359375,1.968750,22035,21378,21119,22546,0.450000,-0.550000,0.300000,0.000000,1772830890636.699,0.135700,-0.108456,0.298120,0.000000,0.000000,0.000000,1.000000,position_only
2026-03-06T21:01:30.641782+00:00,1772830890641.781,0.118347,-0.117981,0.297119,9.468750,-16.421875,1.994141,22191,21225,21728,22009,0.450000,-0.550000,0.300000,0.000000,1772830890636.699,0.135700,-0.108456,0.298120,0.000000,0.000000,0.000000,1.000000,position_only
2026-03-06T21:01:30.649706+00:00,1772830890649.705,0.117126,-0.121948,0.296631,9.375000,-16.453125,2.025391,22167,21245,21364,22268,0.450000,-0.550000,0.300000,0.000000,1772830890645.198,0.134554,-0.111300,0.297766,0.000000,0.000000,0.000000,1.000000,position_only
2026-03-06T21:01:30.658677+00:00,1772830890658.677,0.117371,-0.125244,0.296143,9.257812,-16.531250,2.074219,21475,21957,20973,22672,0.450000,-0.550000,0.300000,0.000000,1772830890653.658,0.133568,-0.114328,0.297416,0.000000,0.000000,0.000000,1.000000,position_only
2026-03-06T21:01:30.669356+00:00,1772830890669.356,0.116882,-0.129150,0.295898,9.171875,-16.578125,2.097656,21844,21680,20966,22421,0.450000,-0.550000,0.300000,0.000000,1772830890662.136,0.132934,-0.117283,0.297183,0.000000,0.000000,0.000000,1.000000,position_only
2026-03-06T21:01:30.679069+00:00,1772830890679.069,0.116699,-0.133301,0.295410,9.109375,-16.609375,2.126953,21958,21397,21385,22120,0.450000,-0.550000,0.300000,0.000000,1772830890670.759,0.132269,-0.120569,0.296903,0.000000,0.000000,0.000000,1.000000,position_only
2026-03-06T21:01:30.689310+00:00,1772830890689.309,0.116882,-0.137329,0.295166,9.046875,-16.640625,2.171875,22374,20892,21671,21811,0.450000,-0.550000,0.300000,0.000000,1772830890687.763,0.131806,-0.126988,0.296379,0.000000,0.000000,0.000000,1.000000,position_only
2026-03-06T21:01:30.699221+00:00,1772830890699.220,0.117310,-0.141846,0.294922,8.992188,-16.671875,2.214844,22246,20955,21793,21584,0.450000,-0.550000,0.300000,0.000000,1772830890696.248,0.131926,-0.130352,0.296208,0.000000,0.000000,0.000000,1.000000,position_only
2026-03-06T21:01:30.709966+00:00,1772830890709.965,0.118042,-0.146484,0.294678,8.945312,-16.671875,2.255859,22080,21117,21455,21724,0.450000,-0.550000,0.300000,0.000000,1772830890704.816,0.132155,-0.133847,0.296120,0.000000,0.000000,0.000000,1.000000,position_only
2026-03-06T21:01:30.719020+00:00,1772830890719.019,0.119995,-0.150146,0.294678,8.882812,-16.656250,2.316406,21335,21810,21035,22088,0.450000,-0.550000,0.300000,0.000000,1772830890713.309,0.132683,-0.137282,0.295937,0.000000,0.000000,0.000000,1.000000,position_only
2026-03-06T21:01:30.729675+00:00,1772830890729.674,0.121338,-0.154663,0.294434,8.843750,-16.609375,2.341797,21826,21086,21528,21602,0.450000,-0.550000,0.300000,0.000000,1772830890722.000,0.133335,-0.140938,0.295844,0.000000,0.000000,0.000000,1.000000,position_only
2026-03-06T21:01:30.738914+00:00,1772830890738.913,0.122986,-0.159302,0.294434,8.789062,-16.515625,2.382812,22023,20847,22197,20780,0.450000,-0.550000,0.300000,0.000000,1772830890730.529,0.134182,-0.144620,0.295804,0.000000,0.000000,0.000000,1.000000,position_only
2026-03-06T21:01:30.748924+00:00,1772830890748.923,0.062500,-0.164307,0.294189,8.750000,-16.375000,2.416016,21413,21314,21483,21384,0.450000,-0.550000,0.300000,0.000000,1772830890747.586,0.136622,-0.152160,0.295791,0.000000,0.000000,0.000000,1.000000,position_only
2026-03-06T21:01:30.759610+00:00,1772830890759.610,0.127319,-0.169434,0.294189,8.703125,-16.203125,2.427734,20624,22041,21075,21593,0.450000,-0.550000,0.300000,0.000000,1772830890756.109,0.137994,-0.156173,0.295643,0.000000,0.000000,0.000000,1.000000,position_only
2026-03-06T21:01:30.769447+00:00,1772830890769.447,0.129883,-0.174561,0.294189,8.664062,-16.015625,2.429688,20921,21552,21370,21218,0.450000,-0.550000,0.300000,0.000000,1772830890764.703,0.139709,-0.159996,0.295815,0.000000,0.000000,0.000000,1.000000,position_only
2026-03-06T21:01:30.779188+00:00,1772830890779.188,0.133301,-0.178589,0.294434,8.585938,-15.820312,2.470703,21796,20525,22518,19958,0.450000,-0.550000,0.300000,0.000000,1772830890773.188,0.141570,-0.163992,0.295820,0.000000,0.000000,0.000000,1.000000,position_only
2026-03-06T21:01:30.788899+00:00,1772830890788.898,0.136353,-0.183716,0.294434,8.539062,-15.585938,2.513672,21506,20622,22351,20084,0.450000,-0.550000,0.300000,0.000000,1772830890781.701,0.143602,-0.168185,0.296021,0.000000,0.000000,0.000000,1.000000,position_only
2026-03-06T21:01:30.799367+00:00,1772830890799.366,0.139648,-0.188721,0.294678,8.460938,-15.343750,2.544922,20231,21638,21603,20870,0.450000,-0.550000,0.300000,0.000000,1772830890798.848,0.150694,-0.180761,0.296595,0.000000,0.000000,0.000000,1.000000,position_only
2026-03-06T21:01:30.810132+00:00,1772830890810.132,0.143433,-0.194580,0.294922,8.382812,-15.117188,2.533203,19894,21756,21072,21320,0.450000,-0.550000,0.300000,0.000000,1772830890807.343,0.153381,-0.185163,0.296742,0.000000,0.000000,0.000000,1.000000,position_only
2026-03-06T21:01:30.819921+00:00,1772830890819.921,0.147583,-0.200439,0.294922,8.296875,-14.898438,2.529297,21067,20433,22372,19825,0.450000,-0.550000,0.300000,0.000000,1772830890815.913,0.156280,-0.189601,0.297014,0.000000,0.000000,0.000000,1.000000,position_only
2026-03-06T21:01:30.829640+00:00,1772830890829.639,0.151855,-0.206299,0.295166,8.218750,-14.664062,2.560547,20775,20775,22022,19850,0.450000,-0.550000,0.300000,0.000000,1772830890824.429,0.159431,-0.194096,0.297346,0.000000,0.000000,0.000000,1.000000,position_only
2026-03-06T21:01:30.840055+00:00,1772830890840.054,0.156860,-0.211304,0.295654,8.132812,-14.421875,2.605469,20037,21305,21426,20264,0.450000,-0.550000,0.300000,0.000000,1772830890833.057,0.162643,-0.198660,0.297691,0.000000,0.000000,0.000000,1.000000,position_only
2026-03-06T21:01:30.850018+00:00,1772830890850.016,0.161499,-0.217041,0.296143,8.078125,-14.187500,2.619141,20231,21015,21299,20230,0.450000,-0.550000,0.300000,0.000000,1772830890849.667,0.169580,-0.208022,0.298245,0.000000,0.000000,0.000000,1.000000,position_only
2026-03-06T21:01:30.859792+00:00,1772830890859.790,0.166382,-0.222900,0.296387,8.007812,-13.984375,2.640625,19994,21013,21312,20107,0.450000,-0.550000,0.300000,0.000000,1772830890858.264,0.173217,-0.212787,0.298634,0.000000,0.000000,0.000000,1.000000,position_only
2026-03-06T21:01:30.869548+00:00,1772830890869.548,0.171753,-0.229126,0.296631,7.949219,-13.804688,2.654297,20242,20721,21266,19945,0.450000,-0.550000,0.300000,0.000000,1772830890866.703,0.177196,-0.217593,0.298977,0.000000,0.000000,0.000000,1.000000,position_only
2026-03-06T21:01:30.880009+00:00,1772830890880.009,0.177246,-0.235474,0.297119,7.902344,-13.632812,2.677734,20229,20584,21376,19602,0.450000,-0.550000,0.300000,0.000000,1772830890875.178,0.177196,-0.217593,0.298977,0.000000,0.000000,0.000000,1.000000,position_only
2026-03-06T21:01:30.889819+00:00,1772830890889.819,0.182861,-0.240479,0.297607,7.820312,-13.445312,2.734375,19777,20850,21035,19928,0.450000,-0.550000,0.300000,0.000000,1772830890883.686,0.185360,-0.227399,0.299677,0.000000,0.000000,0.000000,1.000000,position_only
2026-03-06T21:01:30.899840+00:00,1772830890899.839,0.188599,-0.246704,0.298096,7.750000,-13.257812,2.751953,19846,20729,21040,19617,0.450000,-0.550000,0.300000,0.000000,1772830890892.184,0.189662,-0.232400,0.300114,0.000000,0.000000,0.000000,1.000000,position_only
2026-03-06T21:01:30.909619+00:00,1772830890909.619,0.194458,-0.252930,0.298584,7.691406,-13.070312,2.773438,19825,20493,21176,19574,0.450000,-0.550000,0.300000,0.000000,1772830890909.149,0.198659,-0.242540,0.300857,0.000000,0.000000,0.000000,1.000000,position_only
2026-03-06T21:01:30.919356+00:00,1772830890919.355,0.200928,-0.259521,0.298828,7.609375,-12.906250,2.787109,20149,19938,21413,19239,0.450000,-0.550000,0.300000,0.000000,1772830890917.705,0.203427,-0.247765,0.301308,0.000000,0.000000,0.000000,1.000000,position_only
2026-03-06T21:01:30.930990+00:00,1772830890930.989,0.207397,-0.266113,0.299316,7.515625,-12.750000,2.818359,19802,20265,21204,19363,0.450000,-0.550000,0.300000,0.000000,1772830890926.220,0.208280,-0.252948,0.301811,0.000000,0.000000,0.000000,1.000000,position_only
2026-03-06T21:01:30.940021+00:00,1772830890940.020,0.214111,-0.272949,0.299805,7.421875,-12.562500,2.835938,19652,20305,21277,19082,0.450000,-0.550000,0.300000,0.000000,1772830890934.761,0.213159,-0.258206,0.302240,0.000000,0.000000,0.000000,1.000000,position_only
2026-03-06T21:01:30.949711+00:00,1772830890949.711,0.221436,-0.279297,0.300537,7.292969,-12.296875,2.873047,19245,20641,21029,19306,0.450000,-0.550000,0.300000,0.000000,1772830890943.250,0.218254,-0.263532,0.302689,0.000000,0.000000,0.000000,1.000000,position_only
2026-03-06T21:01:30.959563+00:00,1772830890959.563,0.228149,-0.285645,0.300781,7.203125,-12.023438,2.884766,19540,20262,21358,18747,0.450000,-0.550000,0.300000,0.000000,1772830890951.700,0.223552,-0.268943,0.303125,0.000000,0.000000,0.000000,1.000000,position_only
2026-03-06T21:01:30.969389+00:00,1772830890969.389,0.234985,-0.292236,0.301270,7.121094,-11.734375,2.906250,19521,20221,21544,18561,0.450000,-0.550000,0.300000,0.000000,1772830890968.857,0.234192,-0.279906,0.304069,0.000000,0.000000,0.000000,1.000000,position_only
2026-03-06T21:01:30.979994+00:00,1772830890979.993,0.242432,-0.299072,0.301758,7.042969,-11.445312,2.912109,19178,20322,21169,18904,0.450000,-0.550000,0.300000,0.000000,1772830890977.366,0.239772,-0.285472,0.304472,0.000000,0.000000,0.000000,1.000000,position_only
2026-03-06T21:01:30.989824+00:00,1772830890989.822,0.249878,-0.306152,0.302246,6.941406,-11.171875,2.906250,18273,21138,20527,19617,0.450000,-0.550000,0.300000,0.000000,1772830890985.814,0.245453,-0.291101,0.304909,0.000000,0.000000,0.000000,1.000000,position_only
2026-03-06T21:01:31.000010+00:00,1772830891000.010,0.257568,-0.313232,0.302734,6.816406,-10.898438,2.890625,19027,20330,20973,19004,0.450000,-0.550000,0.300000,0.000000,1772830890994.309,0.251241,-0.296728,0.305359,0.000000,0.000000,0.000000,1.000000,position_only
2026-03-06T21:01:31.009345+00:00,1772830891009.345,0.264648,-0.318848,0.303223,6.664062,-10.640625,2.931641,19925,19288,22384,17748,0.450000,-0.550000,0.300000,0.000000,1772830891002.902,0.257002,-0.302417,0.305897,0.000000,0.000000,0.000000,1.000000,position_only
2026-03-06T21:01:31.019906+00:00,1772830891019.905,0.272217,-0.325684,0.303711,6.519531,-10.335938,2.968750,19921,19141,22254,17775,0.450000,-0.550000,0.300000,0.000000,1772830891011.380,0.263014,-0.308171,0.306282,0.000000,0.000000,0.000000,1.000000,position_only
2026-03-06T21:01:31.030111+00:00,1772830891030.110,0.280273,-0.333008,0.304199,6.390625,-10.062500,2.980469,18338,20641,20838,19235,0.450000,-0.550000,0.300000,0.000000,1772830891028.588,0.275156,-0.319895,0.307055,0.000000,0.000000,0.000000,1.000000,position_only
2026-03-06T21:01:31.039613+00:00,1772830891039.612,0.288574,-0.340332,0.304443,6.246094,-9.773438,2.964844,18556,20381,21170,18701,0.450000,-0.550000,0.300000,0.000000,1772830891037.094,0.281300,-0.325712,0.307450,0.000000,0.000000,0.000000,1.000000,position_only
2026-03-06T21:01:31.050918+00:00,1772830891050.917,0.296875,-0.347656,0.304932,6.113281,-9.460938,2.964844,19431,19454,22045,17830,0.450000,-0.550000,0.300000,0.000000,1772830891045.647,0.287644,-0.331623,0.307843,0.000000,0.000000,0.000000,1.000000,position_only
2026-03-06T21:01:31.060109+00:00,1772830891060.107,0.304199,-0.353760,0.305420,5.945312,-9.171875,3.009766,19726,19024,22191,17532,0.450000,-0.550000,0.300000,0.000000,1772830891054.383,0.294055,-0.337624,0.308319,0.000000,0.000000,0.000000,1.000000,position_only
2026-03-06T21:01:31.070462+00:00,1772830891070.461,0.312500,-0.360840,0.305908,5.800781,-8.875000,3.027344,18619,20017,21491,18302,0.450000,-0.550000,0.300000,0.000000,1772830891062.995,0.300502,-0.343595,0.308761,0.000000,0.000000,0.000000,1.000000,position_only
2026-03-06T21:01:31.080349+00:00,1772830891080.348,0.320557,-0.367920,0.306396,5.648438,-8.570312,3.027344,18180,20313,20599,19104,0.450000,-0.550000,0.300000,0.000000,1772830891080.106,0.313809,-0.355727,0.309491,0.000000,0.000000,0.000000,1.000000,position_only
2026-03-06T21:01:31.089534+00:00,1772830891089.533,0.329346,-0.375488,0.306641,5.511719,-8.304688,3.015625,18664,19761,21430,18310,0.450000,-0.550000,0.300000,0.000000,1772830891088.702,0.320450,-0.361794,0.309884,0.000000,0.000000,0.000000,1.000000,position_only
2026-03-06T21:01:31.100323+00:00,1772830891100.322,0.338135,-0.383057,0.307129,5.359375,-8.046875,3.025391,19506,18808,21980,17668,0.450000,-0.550000,0.300000,0.000000,1772830891097.393,0.327256,-0.368018,0.310272,0.000000,0.000000,0.000000,1.000000,position_only
2026-03-06T21:01:31.109342+00:00,1772830891109.340,0.346680,-0.390625,0.307373,5.203125,-7.820312,3.041016,19063,19218,21711,17951,0.450000,-0.550000,0.300000,0.000000,1772830891105.906,0.334065,-0.374249,0.310623,0.000000,0.000000,0.000000,1.000000,position_only
2026-03-06T21:01:31.120000+00:00,1772830891119.999,0.355469,-0.397949,0.307861,5.039062,-7.578125,3.068359,18823,19269,21534,18125,0.450000,-0.550000,0.300000,0.000000,1772830891114.435,0.340876,-0.380305,0.311064,0.000000,0.000000,0.000000,1.000000,position_only
2026-03-06T21:01:31.131167+00:00,1772830891131.165,0.363037,-0.404053,0.308350,4.828125,-7.289062,3.070312,18384,19653,21126,18592,0.450000,-0.550000,0.300000,0.000000,1772830891123.195,0.347827,-0.386548,0.311504,0.000000,0.000000,0.000000,1.000000,position_only
2026-03-06T21:01:31.139564+00:00,1772830891139.563,0.372314,-0.412109,0.308594,4.664062,-7.042969,3.062500,18870,19087,21543,18078,0.450000,-0.550000,0.300000,0.000000,1772830891131.701,0.354864,-0.392876,0.311820,0.000000,0.000000,0.000000,1.000000,position_only
2026-03-06T21:01:31.150010+00:00,1772830891150.010,0.381348,-0.419678,0.309082,4.492188,-6.792969,3.068359,18817,19075,21586,18113,0.450000,-0.550000,0.300000,0.000000,1772830891148.644,0.369032,-0.405394,0.312466,0.000000,0.000000,0.000000,1.000000,position_only
2026-03-06T21:01:31.160035+00:00,1772830891160.034,0.390381,-0.427490,0.309326,4.316406,-6.527344,3.068359,18677,19140,21497,18195,0.450000,-0.550000,0.300000,0.000000,1772830891157.399,0.383445,-0.418033,0.313197,0.000000,0.000000,0.000000,1.000000,position_only
2026-03-06T21:01:31.172741+00:00,1772830891172.740,0.399902,-0.435547,0.309570,4.156250,-6.250000,3.062500,18604,19299,21376,18249,0.450000,-0.550000,0.300000,0.000000,1772830891165.940,0.390575,-0.424404,0.313573,0.000000,0.000000,0.000000,1.000000,position_only
2026-03-06T21:01:31.180827+00:00,1772830891180.827,0.408691,-0.442627,0.310303,3.972656,-5.957031,3.064453,18364,19443,21086,18511,0.450000,-0.550000,0.300000,0.000000,1772830891174.419,0.397852,-0.430819,0.313819,0.000000,0.000000,0.000000,1.000000,position_only
2026-03-06T21:01:31.189443+00:00,1772830891189.442,0.417480,-0.449951,0.310547,3.794922,-5.625000,3.058594,18892,18832,22022,17579,0.450000,-0.550000,0.300000,0.000000,1772830891182.912,0.397852,-0.430819,0.313819,0.000000,0.000000,0.000000,1.000000,position_only
2026-03-06T21:01:31.200192+00:00,1772830891200.191,0.427246,-0.458252,0.310791,3.654297,-5.292969,3.048828,18367,19329,21197,18344,0.450000,-0.550000,0.300000,0.000000,1772830891199.875,0.419811,-0.449975,0.314698,0.000000,0.000000,0.000000,1.000000,position_only
2026-03-06T21:01:31.210149+00:00,1772830891210.148,0.437012,-0.466553,0.311279,3.509766,-4.972656,3.025391,18117,19659,20902,18506,0.450000,-0.550000,0.300000,0.000000,1772830891208.446,0.427151,-0.456523,0.314897,0.000000,0.000000,0.000000,1.000000,position_only
2026-03-06T21:01:31.220749+00:00,1772830891220.749,0.446777,-0.474609,0.311523,3.384766,-4.632812,2.998047,18890,19054,21526,17598,0.450000,-0.550000,0.300000,0.000000,1772830891217.078,0.434579,-0.462979,0.315089,0.000000,0.000000,0.000000,1.000000,position_only
2026-03-06T21:01:31.230390+00:00,1772830891230.388,0.456299,-0.482666,0.311768,3.277344,-4.273438,2.984375,18282,19542,20853,18296,0.450000,-0.550000,0.300000,0.000000,1772830891225.784,0.441940,-0.469397,0.315406,0.000000,0.000000,0.000000,1.000000,position_only
2026-03-06T21:01:31.240390+00:00,1772830891240.389,0.464600,-0.489746,0.312256,3.128906,-3.900391,2.974609,18500,19323,20973,18019,0.450000,-0.550000,0.300000,0.000000,1772830891234.443,0.449412,-0.475931,0.315640,0.000000,0.000000,0.000000,1.000000,position_only
2026-03-06T21:01:31.250811+00:00,1772830891250.810,0.473877,-0.497559,0.312500,3.003906,-3.490234,2.960938,18646,19073,21390,17568,0.450000,-0.550000,0.300000,0.000000,1772830891242.939,0.456825,-0.482450,0.315882,0.000000,0.000000,0.000000,1.000000,position_only
2026-03-06T21:01:31.260720+00:00,1772830891260.719,0.483643,-0.505859,0.312744,2.890625,-3.095703,2.941406,18548,19223,21180,17653,0.450000,-0.550000,0.300000,0.000000,1772830891259.990,0.471730,-0.495430,0.316309,0.000000,0.000000,0.000000,1.000000,position_only
2026-03-06T21:01:31.269873+00:00,1772830891269.872,0.493408,-0.514160,0.312988,2.791016,-2.683594,2.923828,18578,19063,21398,17491,0.450000,-0.550000,0.300000,0.000000,1772830891268.477,0.479229,-0.502021,0.316517,0.000000,0.000000,0.000000,1.000000,position_only
2026-03-06T21:01:31.282008+00:00,1772830891282.007,0.502930,-0.521973,0.313232,2.664062,-2.263672,2.900391,17763,19938,20230,18534,0.450000,-0.550000,0.300000,0.000000,1772830891276.951,0.486677,-0.508509,0.316657,0.000000,0.000000,0.000000,1.000000,position_only
2026-03-06T21:01:31.290335+00:00,1772830891290.335,0.512207,-0.530273,0.313477,2.531250,-1.850586,2.867188,18322,19263,21034,17791,0.450000,-0.550000,0.300000,0.000000,1772830891285.588,0.494092,-0.515019,0.316831,0.000000,0.000000,0.000000,1.000000,position_only
2026-03-06T21:01:31.300868+00:00,1772830891300.867,0.520020,-0.537109,0.313965,2.363281,-1.390625,2.869141,18714,18999,21224,17462,0.450000,-0.550000,0.300000,0.000000,1772830891294.065,0.501472,-0.521564,0.316997,0.000000,0.000000,0.000000,1.000000,position_only
2026-03-06T21:01:31.310536+00:00,1772830891310.536,0.529297,-0.544434,0.313965,2.226562,-0.947754,2.855469,18166,19400,20937,17826,0.450000,-0.550000,0.300000,0.000000,1772830891302.529,0.508900,-0.528098,0.317142,0.000000,0.000000,0.000000,1.000000,position_only
2026-03-06T21:01:31.321229+00:00,1772830891321.228,0.538574,-0.552734,0.314209,2.083984,-0.524414,2.824219,17950,19576,20578,18236,0.450000,-0.550000,0.300000,0.000000,1772830891319.528,0.523622,-0.541226,0.317403,0.000000,0.000000,0.000000,1.000000,position_only
2026-03-06T21:01:31.330588+00:00,1772830891330.587,0.548340,-0.561035,0.314453,1.929688,-0.109741,2.794922,18053,19454,20917,17907,0.450000,-0.550000,0.300000,0.000000,1772830891328.062,0.531018,-0.547773,0.317417,0.000000,0.000000,0.000000,1.000000,position_only
2026-03-06T21:01:31.341161+00:00,1772830891341.161,0.557129,-0.568848,0.314453,1.765625,0.308350,2.775391,18407,19079,21229,17663,0.450000,-0.550000,0.300000,0.000000,1772830891336.535,0.538335,-0.554230,0.317537,0.000000,0.000000,0.000000,1.000000,position_only
2026-03-06T21:01:31.350909+00:00,1772830891350.908,0.566406,-0.576660,0.314697,1.589844,0.736816,2.763672,18532,18819,21390,17635,0.450000,-0.550000,0.300000,0.000000,1772830891345.027,0.545617,-0.560869,0.317594,0.000000,0.000000,0.000000,1.000000,position_only
2026-03-06T21:01:31.360841+00:00,1772830891360.841,0.573730,-0.583496,0.314941,1.361328,1.172852,2.765625,18314,19098,21097,17976,0.450000,-0.550000,0.300000,0.000000,1772830891353.529,0.552921,-0.567497,0.317607,0.000000,0.000000,0.000000,1.000000,position_only
2026-03-06T21:01:31.370314+00:00,1772830891370.314,0.583008,-0.591797,0.314941,1.170898,1.561523,2.744141,17994,19283,20944,18291,0.450000,-0.550000,0.300000,0.000000,1772830891362.061,0.560105,-0.573921,0.317696,0.000000,0.000000,0.000000,1.000000,position_only
2026-03-06T21:01:31.379889+00:00,1772830891379.887,0.591797,-0.599609,0.314941,0.964355,1.919922,2.724609,18079,19225,20944,18352,0.450000,-0.550000,0.300000,0.000000,1772830891379.051,0.574512,-0.586930,0.317645,0.000000,0.000000,0.000000,1.000000,position_only
2026-03-06T21:01:31.390859+00:00,1772830891390.858,0.600586,-0.607910,0.314941,0.754395,2.320312,2.708984,18247,19032,21398,18015,0.450000,-0.550000,0.300000,0.000000,1772830891387.531,0.581567,-0.593421,0.317645,0.000000,0.000000,0.000000,1.000000,position_only
2026-03-06T21:01:31.401615+00:00,1772830891401.615,0.609375,-0.615723,0.314941,0.548340,2.718750,2.705078,18944,18504,22058,17406,0.450000,-0.550000,0.300000,0.000000,1772830891396.263,0.588554,-0.599944,0.317640,0.000000,0.000000,0.000000,1.000000,position_only
2026-03-06T21:01:31.410593+00:00,1772830891410.593,0.616211,-0.622070,0.315186,0.321777,3.169922,2.716797,18664,18812,21682,17780,0.450000,-0.550000,0.300000,0.000000,1772830891404.891,0.595559,-0.606360,0.317528,0.000000,0.000000,0.000000,1.000000,position_only
2026-03-06T21:01:31.420428+00:00,1772830891420.427,0.624512,-0.629883,0.315186,0.129883,3.556641,2.712891,18434,19194,21123,18280,0.450000,-0.550000,0.300000,0.000000,1772830891413.385,0.602530,-0.612751,0.317430,0.000000,0.000000,0.000000,1.000000,position_only
2026-03-06T21:01:31.429851+00:00,1772830891429.850,0.633301,-0.637695,0.314941,-0.035309,3.886719,2.697266,18251,19283,21356,18350,0.450000,-0.550000,0.300000,0.000000,1772830891421.939,0.609309,-0.619177,0.317318,0.000000,0.000000,0.000000,1.000000,position_only
2026-03-06T21:01:31.440174+00:00,1772830891440.173,0.641602,-0.645508,0.314941,-0.205078,4.246094,2.693359,18848,18860,21704,18081,0.450000,-0.550000,0.300000,0.000000,1772830891439.090,0.622789,-0.631963,0.317105,0.000000,0.000000,0.000000,1.000000,position_only
2026-03-06T21:01:31.450235+00:00,1772830891450.234,0.649414,-0.653320,0.314697,-0.375488,4.585938,2.701172,18997,18738,22047,17877,0.450000,-0.550000,0.300000,0.000000,1772830891447.646,0.629493,-0.638543,0.316850,0.000000,0.000000,0.000000,1.000000,position_only
2026-03-06T21:01:31.461566+00:00,1772830891461.565,0.657227,-0.660645,0.314697,-0.525879,4.949219,2.708984,18455,19484,21372,18685,0.450000,-0.550000,0.300000,0.000000,1772830891456.137,0.635970,-0.644786,0.316705,0.000000,0.000000,0.000000,1.000000,position_only
2026-03-06T21:01:31.470680+00:00,1772830891470.679,0.663574,-0.666992,0.314697,-0.707520,5.335938,2.703125,18245,19875,21138,18851,0.450000,-0.550000,0.300000,0.000000,1772830891464.775,0.642597,-0.651205,0.316430,0.000000,0.000000,0.000000,1.000000,position_only
2026-03-06T21:01:31.481243+00:00,1772830891481.241,0.670898,-0.674316,0.314453,-0.835449,5.703125,2.699219,19319,19064,22095,17949,0.450000,-0.550000,0.300000,0.000000,1772830891473.356,0.648901,-0.657497,0.316246,0.000000,0.000000,0.000000,1.000000,position_only
2026-03-06T21:01:31.491072+00:00,1772830891491.070,0.678711,-0.682129,0.314209,-0.928223,6.062500,2.708984,19291,19168,22248,17948,0.450000,-0.550000,0.300000,0.000000,1772830891490.398,0.661850,-0.670180,0.315529,0.000000,0.000000,0.000000,1.000000,position_only
2026-03-06T21:01:31.500187+00:00,1772830891500.186,0.686035,-0.689941,0.313721,-1.007812,6.386719,2.714844,19004,19610,21716,18678,0.450000,-0.550000,0.300000,0.000000,1772830891499.059,0.674115,-0.682732,0.314776,0.000000,0.000000,0.000000,1.000000,position_only
2026-03-06T21:01:31.511076+00:00,1772830891511.074,0.693848,-0.697754,0.313477,-1.081055,6.718750,2.714844,18836,20016,21608,18830,0.450000,-0.550000,0.300000,0.000000,1772830891507.705,0.674115,-0.682732,0.314776,0.000000,0.000000,0.000000,1.000000,position_only
2026-03-06T21:01:31.520045+00:00,1772830891520.044,0.699707,-0.704102,0.313232,-1.166016,7.066406,2.710938,18952,20123,21521,19082,0.450000,-0.550000,0.300000,0.000000,1772830891516.187,0.686040,-0.695109,0.314067,0.000000,0.000000,0.000000,1.000000,position_only
2026-03-06T21:01:31.530919+00:00,1772830891530.917,0.707031,-0.711914,0.312744,-1.238281,7.394531,2.710938,19456,19754,22330,18412,0.450000,-0.550000,0.300000,0.000000,1772830891524.647,0.691825,-0.701198,0.313681,0.000000,0.000000,0.000000,1.000000,position_only
2026-03-06T21:01:31.541019+00:00,1772830891541.018,0.713867,-0.719238,0.312256,-1.287109,7.714844,2.714844,19184,20411,21377,19306,0.450000,-0.550000,0.300000,0.000000,1772830891533.153,0.697482,-0.707403,0.313185,0.000000,0.000000,0.000000,1.000000,position_only
2026-03-06T21:01:31.550088+00:00,1772830891550.088,0.720703,-0.727051,0.311768,-1.311523,8.007812,2.701172,18750,21052,21162,19659,0.450000,-0.550000,0.300000,0.000000,1772830891541.926,0.703000,-0.713575,0.312673,0.000000,0.000000,0.000000,1.000000,position_only
2026-03-06T21:01:31.560269+00:00,1772830891560.268,0.727539,-0.734375,0.311279,-1.305664,8.281250,2.687500,19476,20742,21498,19278,0.450000,-0.550000,0.300000,0.000000,1772830891558.900,0.714002,-0.725725,0.311722,0.000000,0.000000,0.000000,1.000000,position_only
2026-03-06T21:01:31.571550+00:00,1772830891571.548,0.734375,-0.742188,0.310791,-1.302734,8.562500,2.687500,20146,20151,22326,18619,0.450000,-0.550000,0.300000,0.000000,1772830891567.394,0.719547,-0.732086,0.311111,0.000000,0.000000,0.000000,1.000000,position_only
2026-03-06T21:01:31.581007+00:00,1772830891581.006,0.739746,-0.748535,0.310303,-1.321289,8.828125,2.687500,19653,20904,21201,19833,0.450000,-0.550000,0.300000,0.000000,1772830891576.098,0.724711,-0.738294,0.310493,0.000000,0.000000,0.000000,1.000000,position_only
2026-03-06T21:01:31.591593+00:00,1772830891591.592,0.745605,-0.755859,0.309814,-1.339844,9.039062,2.666016,19515,21136,21187,20007,0.450000,-0.550000,0.300000,0.000000,1772830891584.586,0.729979,-0.744272,0.310044,0.000000,0.000000,0.000000,1.000000,position_only
2026-03-06T21:01:31.601595+00:00,1772830891601.594,0.750977,-0.762695,0.309326,-1.372070,9.257812,2.650391,19726,21109,21049,20311,0.450000,-0.550000,0.300000,0.000000,1772830891593.172,0.734622,-0.750030,0.309535,0.000000,0.000000,0.000000,1.000000,position_only
2026-03-06T21:01:31.611373+00:00,1772830891611.372,0.757324,-0.770020,0.308594,-1.400391,9.429688,2.640625,20282,20708,22090,19317,0.450000,-0.550000,0.300000,0.000000,1772830891610.461,0.744385,-0.761998,0.308433,0.000000,0.000000,0.000000,1.000000,position_only
2026-03-06T21:01:31.620388+00:00,1772830891620.387,0.762695,-0.777344,0.308105,-1.450195,9.679688,2.646484,20083,21018,21545,20061,0.450000,-0.550000,0.300000,0.000000,1772830891618.985,0.748989,-0.767986,0.307771,0.000000,0.000000,0.000000,1.000000,position_only
2026-03-06T21:01:31.631826+00:00,1772830891631.825,0.768066,-0.784668,0.307373,-1.520508,9.890625,2.634766,19600,21537,21380,20414,0.450000,-0.550000,0.300000,0.000000,1772830891627.492,0.753322,-0.773563,0.307266,0.000000,0.000000,0.000000,1.000000,position_only
2026-03-06T21:01:31.641652+00:00,1772830891641.651,0.771973,-0.791016,0.306885,-1.632812,10.156250,2.615234,19697,21609,21472,20458,0.450000,-0.550000,0.300000,0.000000,1772830891635.930,0.757386,-0.779191,0.306794,0.000000,0.000000,0.000000,1.000000,position_only
2026-03-06T21:01:31.651590+00:00,1772830891651.589,0.776855,-0.797852,0.306152,-1.734375,10.406250,2.603516,19775,21455,21660,20507,0.450000,-0.550000,0.300000,0.000000,1772830891644.424,0.761883,-0.785296,0.306196,0.000000,0.000000,0.000000,1.000000,position_only
2026-03-06T21:01:31.661380+00:00,1772830891661.379,0.781250,-0.804199,0.305664,-1.850586,10.640625,2.595703,20499,20964,22157,20020,0.450000,-0.550000,0.300000,0.000000,1772830891653.318,0.765956,-0.790980,0.305633,0.000000,0.000000,0.000000,1.000000,position_only
2026-03-06T21:01:31.671061+00:00,1772830891671.060,0.786133,-0.811523,0.305176,-1.968750,10.890625,2.603516,20059,21202,22100,20313,0.450000,-0.550000,0.300000,0.000000,1772830891670.338,0.773618,-0.802336,0.304475,0.000000,0.000000,0.000000,1.000000,position_only
2026-03-06T21:01:31.681693+00:00,1772830891681.692,0.790527,-0.818359,0.304443,-2.101562,11.101562,2.591797,19389,21954,21230,21221,0.450000,-0.550000,0.300000,0.000000,1772830891678.881,0.777197,-0.808034,0.304103,0.000000,0.000000,0.000000,1.000000,position_only
2026-03-06T21:01:31.692201+00:00,1772830891692.200,0.794434,-0.825195,0.303955,-2.253906,11.296875,2.574219,19781,21384,21976,20661,0.450000,-0.550000,0.300000,0.000000,1772830891687.598,0.780590,-0.813506,0.303728,0.000000,0.000000,0.000000,1.000000,position_only
2026-03-06T21:01:31.701408+00:00,1772830891701.406,0.797363,-0.831055,0.303467,-2.447266,11.515625,2.566406,19870,21426,21856,20680,0.450000,-0.550000,0.300000,0.000000,1772830891696.230,0.783936,-0.818994,0.303176,0.000000,0.000000,0.000000,1.000000,position_only
2026-03-06T21:01:31.711290+00:00,1772830891711.289,0.800781,-0.837402,0.302979,-2.611328,11.679688,2.548828,19683,21456,21563,21064,0.450000,-0.550000,0.300000,0.000000,1772830891704.712,0.787165,-0.824707,0.302736,0.000000,0.000000,0.000000,1.000000,position_only
2026-03-06T21:01:31.721119+00:00,1772830891721.118,0.804199,-0.843750,0.302490,-2.777344,11.812500,2.542969,20685,20572,22305,20294,0.450000,-0.550000,0.300000,0.000000,1772830891713.208,0.790271,-0.830114,0.302271,0.000000,0.000000,0.000000,1.000000,position_only
2026-03-06T21:01:31.731990+00:00,1772830891731.989,0.807129,-0.850098,0.302246,-2.925781,11.921875,2.552734,20089,20973,22025,20667,0.450000,-0.550000,0.300000,0.000000,1772830891730.211,0.795921,-0.840980,0.301544,0.000000,0.000000,0.000000,1.000000,position_only
2026-03-06T21:01:31.742008+00:00,1772830891742.007,0.810059,-0.856934,0.301758,-3.052734,12.007812,2.542969,19458,21776,20858,21650,0.450000,-0.550000,0.300000,0.000000,1772830891738.706,0.798664,-0.846403,0.301006,0.000000,0.000000,0.000000,1.000000,position_only
2026-03-06T21:01:31.751421+00:00,1772830891751.420,0.812988,-0.863281,0.301270,-3.162109,12.062500,2.513672,19641,21490,21252,21289,0.450000,-0.550000,0.300000,0.000000,1772830891747.244,0.801109,-0.851771,0.300675,0.000000,0.000000,0.000000,1.000000,position_only
2026-03-06T21:01:31.760578+00:00,1772830891760.577,0.814453,-0.868652,0.301025,-3.292969,12.125000,2.501953,21255,20107,22457,19840,0.450000,-0.550000,0.300000,0.000000,1772830891755.792,0.803436,-0.857027,0.300380,0.000000,0.000000,0.000000,1.000000,position_only
2026-03-06T21:01:31.771804+00:00,1772830891771.803,0.816406,-0.874512,0.300537,-3.353516,12.156250,2.509766,20137,21232,21346,20882,0.450000,-0.550000,0.300000,0.000000,1772830891764.534,0.805752,-0.862415,0.299892,0.000000,0.000000,0.000000,1.000000,position_only
2026-03-06T21:01:31.781731+00:00,1772830891781.730,0.818359,-0.880371,0.300293,-3.400391,12.179688,2.486328,19716,21724,20474,21736,0.450000,-0.550000,0.300000,0.000000,1772830891781.594,0.809745,-0.872786,0.299447,0.000000,0.000000,0.000000,1.000000,position_only
2026-03-06T21:01:31.790850+00:00,1772830891790.849,0.820312,-0.886719,0.300049,-3.423828,12.156250,2.462891,20039,21318,20960,21196,0.450000,-0.550000,0.300000,0.000000,1772830891790.094,0.811627,-0.877917,0.299024,0.000000,0.000000,0.000000,1.000000,position_only
2026-03-06T21:01:31.801378+00:00,1772830891801.377,0.821777,-0.892578,0.299561,-3.443359,12.132812,2.455078,20912,20530,21512,20489,0.450000,-0.550000,0.300000,0.000000,1772830891798.589,0.813141,-0.883015,0.298839,0.000000,0.000000,0.000000,1.000000,position_only
2026-03-06T21:01:31.811999+00:00,1772830891811.998,0.823242,-0.898438,0.299316,-3.443359,12.093750,2.460938,20869,20554,21474,20415,0.450000,-0.550000,0.300000,0.000000,1772830891807.231,0.816109,-0.893154,0.298246,0.000000,0.000000,0.000000,1.000000,position_only
2026-03-06T21:01:31.821019+00:00,1772830891821.018,0.824219,-0.903809,0.299072,-3.460938,12.031250,2.441406,20292,21097,20555,21266,0.450000,-0.550000,0.300000,0.000000,1772830891815.716,0.816109,-0.893154,0.298246,0.000000,0.000000,0.000000,1.000000,position_only
2026-03-06T21:01:31.830983+00:00,1772830891830.982,0.825195,-0.909668,0.298828,-3.453125,11.960938,2.425781,20381,21065,20597,21078,0.450000,-0.550000,0.300000,0.000000,1772830891824.258,0.818532,-0.903147,0.297815,0.000000,0.000000,0.000000,1.000000,position_only
2026-03-06T21:01:31.841173+00:00,1772830891841.172,0.825684,-0.916016,0.298584,-3.419922,11.875000,2.421875,21056,20397,21125,20495,0.450000,-0.550000,0.300000,0.000000,1772830891832.768,0.819231,-0.907991,0.297715,0.000000,0.000000,0.000000,1.000000,position_only
2026-03-06T21:01:31.852159+00:00,1772830891852.157,0.826660,-0.921875,0.298340,-3.408203,11.781250,2.427734,21011,20317,21070,20612,0.450000,-0.550000,0.300000,0.000000,1772830891849.803,0.820135,-0.912707,0.297448,0.000000,0.000000,0.000000,1.000000,position_only
2026-03-06T21:01:31.861662+00:00,1772830891861.662,0.826660,-0.927734,0.298340,-3.410156,11.695312,2.427734,20674,20829,20460,20990,0.450000,-0.550000,0.300000,0.000000,1772830891858.658,0.821278,-0.922214,0.297383,0.000000,0.000000,0.000000,1.000000,position_only
2026-03-06T21:01:31.872211+00:00,1772830891872.210,0.827148,-0.933105,0.298096,-3.394531,11.625000,2.417969,20335,20992,20434,21121,0.450000,-0.550000,0.300000,0.000000,1772830891867.168,0.821854,-0.927157,0.297040,0.000000,0.000000,0.000000,1.000000,position_only
2026-03-06T21:01:31.881466+00:00,1772830891881.466,0.826660,-0.938477,0.297852,-3.404297,11.585938,2.406250,20908,20552,20722,20624,0.450000,-0.550000,0.300000,0.000000,1772830891875.667,0.822303,-0.932069,0.296780,0.000000,0.000000,0.000000,1.000000,position_only
2026-03-06T21:01:31.892063+00:00,1772830891892.062,0.826172,-0.943848,0.297852,-3.414062,11.554688,2.408203,20851,20459,20858,20570,0.450000,-0.550000,0.300000,0.000000,1772830891884.190,0.822176,-0.936417,0.296868,0.000000,0.000000,0.000000,1.000000,position_only
2026-03-06T21:01:31.902253+00:00,1772830891902.251,0.826172,-0.949707,0.297607,-3.433594,11.523438,2.412109,20698,20643,20624,20717,0.450000,-0.550000,0.300000,0.000000,1772830891901.164,0.821992,-0.945653,0.296737,0.000000,0.000000,0.000000,1.000000,position_only
2026-03-06T21:01:31.912184+00:00,1772830891912.183,0.825195,-0.955078,0.297607,-3.458984,11.515625,2.417969,20825,20467,20945,20392,0.450000,-0.550000,0.300000,0.000000,1772830891909.741,0.821767,-0.950217,0.296572,0.000000,0.000000,0.000000,1.000000,position_only
2026-03-06T21:01:31.921383+00:00,1772830891921.382,0.824707,-0.960449,0.297363,-3.498047,11.531250,2.423828,20609,20627,20521,20778,0.450000,-0.550000,0.300000,0.000000,1772830891918.296,0.821555,-0.954848,0.296487,0.000000,0.000000,0.000000,1.000000,position_only
2026-03-06T21:01:31.931884+00:00,1772830891931.883,0.823730,-0.965820,0.297363,-3.550781,11.531250,2.427734,20737,20411,20892,20419,0.450000,-0.550000,0.300000,0.000000,1772830891926.778,0.820822,-0.959065,0.296552,0.000000,0.000000,0.000000,1.000000,position_only
2026-03-06T21:01:31.941838+00:00,1772830891941.837,0.822266,-0.970703,0.297363,-3.621094,11.562500,2.431641,21317,19928,21268,19857,0.450000,-0.550000,0.300000,0.000000,1772830891935.420,0.819996,-0.963446,0.296572,0.000000,0.000000,0.000000,1.000000,position_only
2026-03-06T21:01:31.951610+00:00,1772830891951.609,0.820801,-0.975586,0.297363,-3.689453,11.578125,2.441406,20245,20855,20328,20905,0.450000,-0.550000,0.300000,0.000000,1772830891943.940,0.819121,-0.967676,0.296510,0.000000,0.000000,0.000000,1.000000,position_only
2026-03-06T21:01:31.962123+00:00,1772830891962.122,0.819336,-0.980469,0.297363,-3.751953,11.609375,2.443359,20278,20781,20245,20877,0.450000,-0.550000,0.300000,0.000000,1772830891960.966,0.817285,-0.976194,0.296522,0.000000,0.000000,0.000000,1.000000,position_only
2026-03-06T21:01:31.971216+00:00,1772830891971.215,0.817383,-0.985840,0.297363,-3.824219,11.632812,2.451172,21077,19816,21302,19926,0.450000,-0.550000,0.300000,0.000000,1772830891969.772,0.816473,-0.980716,0.296355,0.000000,0.000000,0.000000,1.000000,position_only
2026-03-06T21:01:31.983183+00:00,1772830891983.182,0.815430,-0.990723,0.297363,-3.921875,11.664062,2.478516,20960,19889,21183,20006,0.450000,-0.550000,0.300000,0.000000,1772830891978.352,0.815010,-0.984804,0.296554,0.000000,0.000000,0.000000,1.000000,position_only
2026-03-06T21:01:31.992281+00:00,1772830891992.280,0.813477,-0.995605,0.297363,-4.031250,11.695312,2.494141,19697,21037,20012,21285,0.450000,-0.550000,0.300000,0.000000,1772830891986.870,0.813399,-0.988779,0.296650,0.000000,0.000000,0.000000,1.000000,position_only
2026-03-06T21:01:32.002064+00:00,1772830892002.063,0.811035,-1.000000,0.297119,-4.148438,11.703125,2.466797,20153,20692,20263,20867,0.450000,-0.550000,0.300000,0.000000,1772830891995.388,0.812029,-0.993034,0.296463,0.000000,0.000000,0.000000,1.000000,position_only
2026-03-06T21:01:32.012035+00:00,1772830892012.035,0.809082,-1.003906,0.297363,-4.250000,11.703125,2.470703,20934,19779,21253,20009,0.450000,-0.550000,0.300000,0.000000,1772830892003.944,0.810179,-0.996808,0.296616,0.000000,0.000000,0.000000,1.000000,position_only
2026-03-06T21:01:32.021770+00:00,1772830892021.770,0.806152,-1.008789,0.297363,-4.351562,11.703125,2.498047,20971,19754,21100,20069,0.450000,-0.550000,0.300000,0.000000,1772830892020.971,0.806398,-1.004665,0.296807,0.000000,0.000000,0.000000,1.000000,position_only
2026-03-06T21:01:32.031254+00:00,1772830892031.254,0.803223,-1.013672,0.297363,-4.453125,11.703125,2.511719,19972,20655,20221,21020,0.450000,-0.550000,0.300000,0.000000,1772830892029.590,0.804404,-1.008801,0.296859,0.000000,0.000000,0.000000,1.000000,position_only
2026-03-06T21:01:32.043209+00:00,1772830892043.208,0.800293,-1.018555,0.297363,-4.546875,11.679688,2.503906,20025,20487,20156,21129,0.450000,-0.550000,0.300000,0.000000,1772830892038.214,0.802216,-1.012417,0.296988,0.000000,0.000000,0.000000,1.000000,position_only
2026-03-06T21:01:32.052329+00:00,1772830892052.328,0.796875,-1.022461,0.297363,-4.660156,11.601562,2.498047,20802,19763,20887,20348,0.450000,-0.550000,0.300000,0.000000,1772830892046.988,0.800054,-1.016487,0.296975,0.000000,0.000000,0.000000,1.000000,position_only
2026-03-06T21:01:32.061371+00:00,1772830892061.371,0.793945,-1.026367,0.297363,-4.761719,11.531250,2.505859,21240,19350,21288,19880,0.450000,-0.550000,0.300000,0.000000,1772830892055.529,0.797719,-1.020109,0.297045,0.000000,0.000000,0.000000,1.000000,position_only
2026-03-06T21:01:32.071842+00:00,1772830892071.842,0.790527,-1.030273,0.297607,-4.851562,11.468750,2.519531,20278,20326,20114,21049,0.450000,-0.550000,0.300000,0.000000,1772830892064.026,0.795193,-1.023970,0.297088,0.000000,0.000000,0.000000,1.000000,position_only
2026-03-06T21:01:32.081688+00:00,1772830892081.687,0.787109,-1.034180,0.297607,-4.917969,11.359375,2.507812,19661,20844,19402,21800,0.450000,-0.550000,0.300000,0.000000,1772830892081.116,0.789565,-1.031090,0.297323,0.000000,0.000000,0.000000,1.000000,position_only
2026-03-06T21:01:32.092276+00:00,1772830892092.275,0.783203,-1.039062,0.297607,-4.980469,11.226562,2.492188,20704,19793,20414,20775,0.450000,-0.550000,0.300000,0.000000,1772830892089.643,0.786626,-1.034473,0.297543,0.000000,0.000000,0.000000,1.000000,position_only
2026-03-06T21:01:32.102321+00:00,1772830892102.321,0.778809,-1.042969,0.297607,-5.042969,11.078125,2.500000,21288,19175,20874,20266,0.450000,-0.550000,0.300000,0.000000,1772830892098.155,0.784080,-1.038344,0.297530,0.000000,0.000000,0.000000,1.000000,position_only
2026-03-06T21:01:32.112078+00:00,1772830892112.077,0.774902,-1.046875,0.297852,-5.113281,10.921875,2.503906,20257,20122,19906,21286,0.450000,-0.550000,0.300000,0.000000,1772830892106.702,0.780757,-1.041465,0.297678,0.000000,0.000000,0.000000,1.000000,position_only
2026-03-06T21:01:32.121928+00:00,1772830892121.928,0.770996,-1.049805,0.297852,-5.164062,10.773438,2.478516,20039,20529,19680,21220,0.450000,-0.550000,0.300000,0.000000,1772830892115.314,0.777845,-1.045237,0.297623,0.000000,0.000000,0.000000,1.000000,position_only
2026-03-06T21:01:32.132261+00:00,1772830892132.260,0.766602,-1.053711,0.297852,-5.171875,10.648438,2.464844,20355,20238,19862,20974,0.450000,-0.550000,0.300000,0.000000,1772830892123.824,0.773907,-1.048137,0.298030,0.000000,0.000000,0.000000,1.000000,position_only
2026-03-06T21:01:32.141512+00:00,1772830892141.512,0.761719,-1.057617,0.298096,-5.160156,10.539062,2.470703,20404,20244,19652,20999,0.450000,-0.550000,0.300000,0.000000,1772830892140.883,0.763518,-1.058292,0.298206,0.000000,0.000000,0.000000,1.000000,position_only
2026-03-06T21:01:32.152260+00:00,1772830892152.259,0.756836,-1.061523,0.298096,-5.125000,10.414062,2.470703,20895,19782,20449,20087,0.450000,-0.550000,0.300000,0.000000,1772830892149.382,0.759861,-1.061300,0.298395,0.000000,0.000000,0.000000,1.000000,position_only
2026-03-06T21:01:32.163374+00:00,1772830892163.373,0.751465,-1.065430,0.298340,-5.062500,10.343750,2.488281,20064,20682,19334,20974,0.450000,-0.550000,0.300000,0.000000,1772830892157.940,0.755728,-1.064283,0.298555,0.000000,0.000000,0.000000,1.000000,position_only
2026-03-06T21:01:32.172050+00:00,1772830892172.049,0.746582,-1.068359,0.298584,-4.996094,10.234375,2.472656,19715,20966,18998,21336,0.450000,-0.550000,0.300000,0.000000,1772830892166.434,0.751596,-1.067405,0.298837,0.000000,0.000000,0.000000,1.000000,position_only
2026-03-06T21:01:32.182648+00:00,1772830892182.647,0.741699,-1.072266,0.298584,-4.925781,10.093750,2.449219,20241,20581,19373,20714,0.450000,-0.550000,0.300000,0.000000,1772830892174.885,0.747791,-1.070508,0.298791,0.000000,0.000000,0.000000,1.000000,position_only
2026-03-06T21:01:32.191655+00:00,1772830892191.655,0.736328,-1.075195,0.298828,-4.863281,9.945312,2.445312,21261,19522,20143,19926,0.450000,-0.550000,0.300000,0.000000,1772830892183.467,0.743626,-1.073450,0.298965,0.000000,0.000000,0.000000,1.000000,position_only
2026-03-06T21:01:32.201646+00:00,1772830892201.645,0.730469,-1.079102,0.299072,-4.804688,9.773438,2.451172,20738,19999,19613,20365,0.450000,-0.550000,0.300000,0.000000,1772830892200.482,0.738986,-1.076024,0.299313,0.000000,0.000000,0.000000,1.000000,position_only
2026-03-06T21:01:32.212182+00:00,1772830892212.182,0.724609,-1.082031,0.299072,-4.746094,9.593750,2.439453,20267,20338,19143,20896,0.450000,-0.550000,0.300000,0.000000,1772830892209.000,0.730424,-1.081798,0.299492,0.000000,0.000000,0.000000,1.000000,position_only
2026-03-06T21:01:32.223550+00:00,1772830892223.549,0.718750,-1.084961,0.299316,-4.707031,9.398438,2.421875,20751,19790,19540,20487,0.450000,-0.550000,0.300000,0.000000,1772830892217.768,0.725983,-1.084957,0.299471,0.000000,0.000000,0.000000,1.000000,position_only
2026-03-06T21:01:32.232411+00:00,1772830892232.410,0.712891,-1.087891,0.299561,-4.687500,9.187500,2.414062,20843,19712,19586,20427,0.450000,-0.550000,0.300000,0.000000,1772830892226.402,0.721365,-1.087474,0.299779,0.000000,0.000000,0.000000,1.000000,position_only
2026-03-06T21:01:32.241659+00:00,1772830892241.659,0.707520,-1.090820,0.299561,-4.675781,8.968750,2.412109,20666,19878,19341,20657,0.450000,-0.550000,0.300000,0.000000,1772830892234.884,0.716474,-1.089933,0.299847,0.000000,0.000000,0.000000,1.000000,position_only
2026-03-06T21:01:32.252108+00:00,1772830892252.107,0.701172,-1.094727,0.299805,-4.691406,8.750000,2.406250,20279,20097,19182,20992,0.450000,-0.550000,0.300000,0.000000,1772830892243.440,0.711505,-1.092696,0.300118,0.000000,0.000000,0.000000,1.000000,position_only
2026-03-06T21:01:32.262113+00:00,1772830892262.112,0.694336,-1.097656,0.299805,-4.718750,8.531250,2.390625,20343,20069,19169,20913,0.450000,-0.550000,0.300000,0.000000,1772830892260.648,0.701629,-1.097654,0.300446,0.000000,0.000000,0.000000,1.000000,position_only
2026-03-06T21:01:32.272681+00:00,1772830892272.680,0.687988,-1.100586,0.300049,-4.753906,8.320312,2.378906,20690,19639,19522,20631,0.450000,-0.550000,0.300000,0.000000,1772830892269.138,0.696584,-1.100157,0.300579,0.000000,0.000000,0.000000,1.000000,position_only
2026-03-06T21:01:32.283395+00:00,1772830892283.394,0.681152,-1.102539,0.300293,-4.789062,8.101562,2.375000,20713,19722,19383,20619,0.450000,-0.550000,0.300000,0.000000,1772830892277.680,0.691510,-1.102475,0.300714,0.000000,0.000000,0.000000,1.000000,position_only
2026-03-06T21:01:32.292561+00:00,1772830892292.561,0.675293,-1.105469,0.300293,-4.816406,7.843750,2.357422,20349,19974,19202,20906,0.450000,-0.550000,0.300000,0.000000,1772830892286.172,0.686205,-1.105070,0.301008,0.000000,0.000000,0.000000,1.000000,position_only
2026-03-06T21:01:32.302269+00:00,1772830892302.269,0.668945,-1.108398,0.300537,-4.859375,7.601562,2.333984,20681,19593,19356,20751,0.450000,-0.550000,0.300000,0.000000,1772830892294.728,0.680840,-1.107071,0.301260,0.000000,0.000000,0.000000,1.000000,position_only
2026-03-06T21:01:32.311863+00:00,1772830892311.862,0.662109,-1.110352,0.300781,-4.906250,7.363281,2.330078,21220,19047,19656,20431,0.450000,-0.550000,0.300000,0.000000,1772830892311.789,0.670147,-1.111722,0.301488,0.000000,0.000000,0.000000,1.000000,position_only
2026-03-06T21:01:32.322478+00:00,1772830892322.476,0.654785,-1.113281,0.300781,-4.949219,7.101562,2.333984,20881,19426,19344,20641,0.450000,-0.550000,0.300000,0.000000,1772830892320.289,0.664684,-1.113927,0.301458,0.000000,0.000000,0.000000,1.000000,position_only
2026-03-06T21:01:32.332379+00:00,1772830892332.378,0.647949,-1.116211,0.301025,-4.984375,6.832031,2.310547,20442,19791,18857,21167,0.450000,-0.550000,0.300000,0.000000,1772830892328.984,0.659083,-1.115971,0.301670,0.000000,0.000000,0.000000,1.000000,position_only
2026-03-06T21:01:32.342643+00:00,1772830892342.641,0.640625,-1.118164,0.301025,-5.035156,6.527344,2.281250,21110,19058,19385,20602,0.450000,-0.550000,0.300000,0.000000,1772830892337.788,0.653631,-1.118302,0.301692,0.000000,0.000000,0.000000,1.000000,position_only
2026-03-06T21:01:32.351688+00:00,1772830892351.687,0.634766,-1.120117,0.301270,-5.085938,6.218750,2.267578,21339,18767,19774,20255,0.450000,-0.550000,0.300000,0.000000,1772830892346.325,0.647902,-1.120178,0.301961,0.000000,0.000000,0.000000,1.000000,position_only
2026-03-06T21:01:32.362606+00:00,1772830892362.605,0.627930,-1.122070,0.301514,-5.148438,5.941406,2.257812,20644,19286,19005,21134,0.450000,-0.550000,0.300000,0.000000,1772830892354.829,0.642214,-1.122053,0.302218,0.000000,0.000000,0.000000,1.000000,position_only
2026-03-06T21:01:32.372722+00:00,1772830892372.721,0.620605,-1.125000,0.301514,-5.226562,5.664062,2.230469,20295,19602,18696,21404,0.450000,-0.550000,0.300000,0.000000,1772830892372.152,0.630825,-1.126017,0.302596,0.000000,0.000000,0.000000,1.000000,position_only
2026-03-06T21:01:32.382417+00:00,1772830892382.417,0.612793,-1.126953,0.301758,-5.296875,5.410156,2.210938,20975,18825,19374,20707,0.450000,-0.550000,0.300000,0.000000,1772830892380.658,0.624688,-1.127760,0.302853,0.000000,0.000000,0.000000,1.000000,position_only
2026-03-06T21:01:32.392509+00:00,1772830892392.509,0.605469,-1.128906,0.302002,-5.390625,5.132812,2.201172,20810,18749,19288,20936,0.450000,-0.550000,0.300000,0.000000,1772830892389.168,0.618800,-1.129385,0.303019,0.000000,0.000000,0.000000,1.000000,position_only
2026-03-06T21:01:32.402636+00:00,1772830892402.635,0.599121,-1.130859,0.302246,-5.472656,4.847656,2.177734,20789,18890,19403,20584,0.450000,-0.550000,0.300000,0.000000,1772830892397.870,0.612852,-1.131260,0.303079,0.000000,0.000000,0.000000,1.000000,position_only
2026-03-06T21:01:32.412854+00:00,1772830892412.853,0.590820,-1.131836,0.302246,-5.535156,4.675781,2.171875,20421,19132,19077,20933,0.450000,-0.550000,0.300000,0.000000,1772830892406.772,0.606919,-1.132842,0.303309,0.000000,0.000000,0.000000,1.000000,position_only
2026-03-06T21:01:32.421912+00:00,1772830892421.911,0.584961,-1.133789,0.302490,-5.578125,4.464844,2.150391,20346,19191,19021,20869,0.450000,-0.550000,0.300000,0.000000,1772830892415.271,0.600840,-1.134465,0.303598,0.000000,0.000000,0.000000,1.000000,position_only
2026-03-06T21:01:32.432887+00:00,1772830892432.886,0.577637,-1.135742,0.302734,-5.613281,4.320312,2.140625,20489,19121,19105,20615,0.450000,-0.550000,0.300000,0.000000,1772830892432.434,0.582403,-1.139168,0.303973,0.000000,0.000000,0.000000,1.000000,position_only
2026-03-06T21:01:32.441900+00:00,1772830892441.899,0.569824,-1.137695,0.302979,-5.609375,4.207031,2.146484,20890,18756,19542,19992,0.450000,-0.550000,0.300000,0.000000,1772830892440.945,0.576249,-1.140447,0.304285,0.000000,0.000000,0.000000,1.000000,position_only
2026-03-06T21:01:32.452431+00:00,1772830892452.431,0.561523,-1.138672,0.303223,-5.582031,4.117188,2.158203,20613,19001,19226,20229,0.450000,-0.550000,0.300000,0.000000,1772830892449.485,0.570011,-1.141843,0.304509,0.000000,0.000000,0.000000,1.000000,position_only
2026-03-06T21:01:32.463096+00:00,1772830892463.095,0.553711,-1.140625,0.303467,-5.527344,4.031250,2.154297,20358,19445,18869,20246,0.450000,-0.550000,0.300000,0.000000,1772830892457.953,0.563861,-1.143116,0.304610,0.000000,0.000000,0.000000,1.000000,position_only
2026-03-06T21:01:32.473382+00:00,1772830892473.381,0.545898,-1.141602,0.303711,-5.437500,3.966797,2.156250,20392,19495,18898,20069,0.450000,-0.550000,0.300000,0.000000,1772830892466.916,0.557600,-1.144608,0.304673,0.000000,0.000000,0.000000,1.000000,position_only
2026-03-06T21:01:32.482538+00:00,1772830892482.536,0.539062,-1.143555,0.303955,-5.308594,3.882812,2.162109,21269,18838,19645,19056,0.450000,-0.550000,0.300000,0.000000,1772830892475.430,0.551208,-1.145738,0.304928,0.000000,0.000000,0.000000,1.000000,position_only
2026-03-06T21:01:32.492022+00:00,1772830892492.021,0.530762,-1.144531,0.304199,-5.160156,3.828125,2.179688,20737,19363,19003,19673,0.450000,-0.550000,0.300000,0.000000,1772830892483.880,0.544113,-1.146489,0.305434,0.000000,0.000000,0.000000,1.000000,position_only
2026-03-06T21:01:32.502456+00:00,1772830892502.454,0.522461,-1.145508,0.304443,-5.031250,3.730469,2.173828,20535,19597,18728,19855,0.450000,-0.550000,0.300000,0.000000,1772830892501.202,0.531323,-1.148489,0.305772,0.000000,0.000000,0.000000,1.000000,position_only
2026-03-06T21:01:32.512607+00:00,1772830892512.605,0.514648,-1.146484,0.304688,-4.890625,3.625000,2.171875,20767,19366,18881,19642,0.450000,-0.550000,0.300000,0.000000,1772830892509.650,0.524993,-1.149675,0.305854,0.000000,0.000000,0.000000,1.000000,position_only
2026-03-06T21:01:32.524065+00:00,1772830892524.064,0.506348,-1.147461,0.304932,-4.761719,3.480469,2.171875,21474,18585,19637,18873,0.450000,-0.550000,0.300000,0.000000,1772830892518.153,0.518604,-1.150565,0.306114,0.000000,0.000000,0.000000,1.000000,position_only
2026-03-06T21:01:32.533331+00:00,1772830892533.330,0.498291,-1.148438,0.304932,-4.656250,3.322266,2.189453,21265,18736,19206,19315,0.450000,-0.550000,0.300000,0.000000,1772830892526.936,0.512064,-1.151588,0.306319,0.000000,0.000000,0.000000,1.000000,position_only
2026-03-06T21:01:32.543079+00:00,1772830892543.078,0.491455,-1.149414,0.305420,-4.542969,3.078125,2.171875,20337,19782,18206,20182,0.450000,-0.550000,0.300000,0.000000,1772830892535.503,0.505674,-1.152438,0.306396,0.000000,0.000000,0.000000,1.000000,position_only
2026-03-06T21:01:32.552830+00:00,1772830892552.830,0.483887,-1.150391,0.305420,-4.441406,2.826172,2.144531,20559,19459,18133,20331,0.450000,-0.550000,0.300000,0.000000,1772830892552.467,0.492839,-1.154302,0.306650,0.000000,0.000000,0.000000,1.000000,position_only
2026-03-06T21:01:32.562102+00:00,1772830892562.102,0.475586,-1.151367,0.305664,-4.367188,2.552734,2.136719,21728,18297,19170,19364,0.450000,-0.550000,0.300000,0.000000,1772830892560.933,0.486319,-1.155131,0.306738,0.000000,0.000000,0.000000,1.000000,position_only
2026-03-06T21:01:32.572716+00:00,1772830892572.716,0.467529,-1.152344,0.305664,-4.308594,2.222656,2.134766,21730,18375,18805,19695,0.450000,-0.550000,0.300000,0.000000,1772830892569.485,0.479985,-1.156003,0.306707,0.000000,0.000000,0.000000,1.000000,position_only
2026-03-06T21:01:32.584026+00:00,1772830892584.025,0.459473,-1.152344,0.305908,-4.257812,1.882812,2.121094,21221,18900,18231,20334,0.450000,-0.550000,0.300000,0.000000,1772830892578.229,0.473576,-1.156657,0.306799,0.000000,0.000000,0.000000,1.000000,position_only
2026-03-06T21:01:32.592444+00:00,1772830892592.444,0.452393,-1.153320,0.306152,-4.210938,1.499023,2.095703,21246,18800,18220,20443,0.450000,-0.550000,0.300000,0.000000,1772830892586.705,0.466917,-1.157356,0.306929,0.000000,0.000000,0.000000,1.000000,position_only
2026-03-06T21:01:32.603052+00:00,1772830892603.051,0.444824,-1.154297,0.306152,-4.175781,1.126953,2.068359,21153,19011,18073,20527,0.450000,-0.550000,0.300000,0.000000,1772830892595.292,0.460485,-1.157915,0.307068,0.000000,0.000000,0.000000,1.000000,position_only
2026-03-06T21:01:32.612807+00:00,1772830892612.807,0.436523,-1.154297,0.306152,-4.144531,0.791992,2.050781,21802,18381,18778,19867,0.450000,-0.550000,0.300000,0.000000,1772830892612.250,0.447575,-1.159102,0.307178,0.000000,0.000000,0.000000,1.000000,position_only
2026-03-06T21:01:32.623605+00:00,1772830892623.604,0.428467,-1.155273,0.306396,-4.117188,0.484863,2.042969,21504,18730,18319,20342,0.450000,-0.550000,0.300000,0.000000,1772830892620.773,0.441173,-1.159722,0.307202,0.000000,0.000000,0.000000,1.000000,position_only
2026-03-06T21:01:32.632811+00:00,1772830892632.811,0.420410,-1.155273,0.306396,-4.097656,0.150879,2.017578,21201,19132,17845,20786,0.450000,-0.550000,0.300000,0.000000,1772830892629.312,0.434778,-1.160354,0.307177,0.000000,0.000000,0.000000,1.000000,position_only
2026-03-06T21:01:32.643308+00:00,1772830892643.307,0.413574,-1.156250,0.306396,-4.042969,-0.192261,1.987305,21656,18915,18237,20239,0.450000,-0.550000,0.300000,0.000000,1772830892637.796,0.428350,-1.160719,0.307289,0.000000,0.000000,0.000000,1.000000,position_only
2026-03-06T21:01:32.653068+00:00,1772830892653.068,0.406006,-1.156250,0.306396,-3.988281,-0.469727,1.972656,21533,18956,18237,20375,0.450000,-0.550000,0.300000,0.000000,1772830892646.289,0.421927,-1.161124,0.307312,0.000000,0.000000,0.000000,1.000000,position_only
2026-03-06T21:01:32.663501+00:00,1772830892663.501,0.397949,-1.156250,0.306396,-3.953125,-0.708496,1.952148,21208,19385,17849,20703,0.450000,-0.550000,0.300000,0.000000,1772830892662.954,0.409266,-1.162025,0.307253,0.000000,0.000000,0.000000,1.000000,position_only
2026-03-06T21:01:32.672627+00:00,1772830892672.626,0.390137,-1.157227,0.306396,-3.917969,-0.925293,1.937500,21780,18769,18597,20045,0.450000,-0.550000,0.300000,0.000000,1772830892671.458,0.402889,-1.162423,0.307193,0.000000,0.000000,0.000000,1.000000,position_only
2026-03-06T21:01:32.683432+00:00,1772830892683.432,0.382324,-1.157227,0.306396,-3.896484,-1.115234,1.930664,21719,18956,18706,19865,0.450000,-0.550000,0.300000,0.000000,1772830892679.977,0.396478,-1.162727,0.307257,0.000000,0.000000,0.000000,1.000000,position_only
2026-03-06T21:01:32.693333+00:00,1772830892693.333,0.374756,-1.157227,0.306396,-3.878906,-1.253906,1.925781,21413,19230,18417,20229,0.450000,-0.550000,0.300000,0.000000,1772830892688.854,0.390240,-1.163020,0.307280,0.000000,0.000000,0.000000,1.000000,position_only
2026-03-06T21:01:32.703157+00:00,1772830892703.157,0.368164,-1.158203,0.306641,-3.855469,-1.395508,1.911133,21259,19356,18589,20114,0.450000,-0.550000,0.300000,0.000000,1772830892697.405,0.383915,-1.163300,0.307148,0.000000,0.000000,0.000000,1.000000,position_only
2026-03-06T21:01:32.712615+00:00,1772830892712.615,0.361084,-1.158203,0.306641,-3.857422,-1.488281,1.900391,21328,19258,18722,20017,0.450000,-0.550000,0.300000,0.000000,1772830892705.879,0.377647,-1.163594,0.307218,0.000000,0.000000,0.000000,1.000000,position_only
2026-03-06T21:01:32.723013+00:00,1772830892723.013,0.354004,-1.158203,0.306641,-3.867188,-1.543945,1.895508,21495,19183,18932,19730,0.450000,-0.550000,0.300000,0.000000,1772830892714.506,0.371457,-1.163834,0.307222,0.000000,0.000000,0.000000,1.000000,position_only
2026-03-06T21:01:32.734142+00:00,1772830892734.141,0.346436,-1.158203,0.306396,-3.875000,-1.569336,1.902344,21328,19191,18848,19992,0.450000,-0.550000,0.300000,0.000000,1772830892731.925,0.359097,-1.164019,0.307273,0.000000,0.000000,0.000000,1.000000,position_only
2026-03-06T21:01:32.743540+00:00,1772830892743.540,0.339111,-1.158203,0.306396,-3.904297,-1.569336,1.907227,21417,19168,19246,19559,0.450000,-0.550000,0.300000,0.000000,1772830892740.399,0.352919,-1.164165,0.307220,0.000000,0.000000,0.000000,1.000000,position_only
2026-03-06T21:01:32.753317+00:00,1772830892753.317,0.331787,-1.158203,0.306396,-3.937500,-1.562500,1.899414,20676,19882,18434,20408,0.450000,-0.550000,0.300000,0.000000,1772830892749.130,0.340765,-1.164272,0.307206,0.000000,0.000000,0.000000,1.000000,position_only
2026-03-06T21:01:32.763680+00:00,1772830892763.680,0.324951,-1.158203,0.306641,-3.974609,-1.562500,1.884766,20865,19628,18786,20124,0.450000,-0.550000,0.300000,0.000000,1772830892757.588,0.334594,-1.164080,0.307299,0.000000,0.000000,0.000000,1.000000,position_only
2026-03-06T21:01:32.773794+00:00,1772830892773.793,0.317627,-1.158203,0.306641,-4.023438,-1.573242,1.878906,21259,19149,19140,19846,0.450000,-0.550000,0.300000,0.000000,1772830892766.165,0.328557,-1.163993,0.307179,0.000000,0.000000,0.000000,1.000000,position_only
2026-03-06T21:01:32.782819+00:00,1772830892782.819,0.310547,-1.157227,0.306396,-4.105469,-1.603516,1.878906,21159,19290,19220,19730,0.450000,-0.550000,0.300000,0.000000,1772830892774.646,0.322609,-1.164085,0.307210,0.000000,0.000000,0.000000,1.000000,position_only
2026-03-06T21:01:32.793411+00:00,1772830892793.411,0.302979,-1.157227,0.306396,-4.171875,-1.603516,1.879883,20757,19482,18635,20513,0.450000,-0.550000,0.300000,0.000000,1772830892791.895,0.310905,-1.163890,0.307064,0.000000,0.000000,0.000000,1.000000,position_only
2026-03-06T21:01:32.803161+00:00,1772830892803.161,0.295654,-1.157227,0.306396,-4.246094,-1.644531,1.875977,20938,19470,18953,20014,0.450000,-0.550000,0.300000,0.000000,1772830892800.410,0.305063,-1.163724,0.307118,0.000000,0.000000,0.000000,1.000000,position_only
2026-03-06T21:01:32.813714+00:00,1772830892813.714,0.288330,-1.156250,0.306396,-4.296875,-1.677734,1.865234,20913,19457,18955,20034,0.450000,-0.550000,0.300000,0.000000,1772830892808.997,0.299238,-1.163489,0.307119,0.000000,0.000000,0.000000,1.000000,position_only
2026-03-06T21:01:32.823359+00:00,1772830892823.358,0.282471,-1.156250,0.306396,-4.332031,-1.771484,1.846680,20853,19627,18694,20171,0.450000,-0.550000,0.300000,0.000000,1772830892817.476,0.299238,-1.163489,0.307119,0.000000,0.000000,0.000000,1.000000,position_only
2026-03-06T21:01:32.832833+00:00,1772830892832.831,0.275635,-1.156250,0.306396,-4.363281,-1.843750,1.840820,21005,19331,18823,20156,0.450000,-0.550000,0.300000,0.000000,1772830892826.345,0.287721,-1.163062,0.307079,0.000000,0.000000,0.000000,1.000000,position_only
2026-03-06T21:01:32.843981+00:00,1772830892843.981,0.268799,-1.155273,0.306396,-4.390625,-1.961914,1.829102,21024,19480,18851,19948,0.450000,-0.550000,0.300000,0.000000,1772830892843.320,0.276264,-1.162473,0.307020,0.000000,0.000000,0.000000,1.000000,position_only
2026-03-06T21:01:32.853153+00:00,1772830892853.153,0.261719,-1.155273,0.306396,-4.402344,-2.056641,1.816406,21220,19280,19038,19727,0.450000,-0.550000,0.300000,0.000000,1772830892851.831,0.270595,-1.161919,0.307095,0.000000,0.000000,0.000000,1.000000,position_only
2026-03-06T21:01:32.863636+00:00,1772830892863.636,0.254883,-1.154297,0.306396,-4.406250,-2.134766,1.812500,20923,19576,18554,20206,0.450000,-0.550000,0.300000,0.000000,1772830892860.641,0.264980,-1.161529,0.307032,0.000000,0.000000,0.000000,1.000000,position_only
2026-03-06T21:01:32.873468+00:00,1772830892873.468,0.248047,-1.153320,0.306396,-4.402344,-2.281250,1.785156,20654,19886,18080,20658,0.450000,-0.550000,0.300000,0.000000,1772830892869.177,0.259409,-1.160909,0.307055,0.000000,0.000000,0.000000,1.000000,position_only
2026-03-06T21:01:32.883540+00:00,1772830892883.539,0.242188,-1.153320,0.306641,-4.382812,-2.472656,1.752930,21550,19105,18938,19738,0.450000,-0.550000,0.300000,0.000000,1772830892877.729,0.253885,-1.160474,0.307051,0.000000,0.000000,0.000000,1.000000,position_only
2026-03-06T21:01:32.894023+00:00,1772830892894.023,0.235718,-1.152344,0.306396,-4.355469,-2.621094,1.753906,21904,18807,19552,19104,0.450000,-0.550000,0.300000,0.000000,1772830892886.205,0.248487,-1.159950,0.306900,0.000000,0.000000,0.000000,1.000000,position_only
2026-03-06T21:01:32.903720+00:00,1772830892903.720,0.229492,-1.152344,0.306396,-4.312500,-2.761719,1.746094,20933,19816,18384,20265,0.450000,-0.550000,0.300000,0.000000,1772830892903.519,0.237726,-1.158798,0.306939,0.000000,0.000000,0.000000,1.000000,position_only
2026-03-06T21:01:32.912998+00:00,1772830892912.998,0.222778,-1.151367,0.306396,-4.289062,-2.923828,1.714844,20699,19936,18007,20758,0.450000,-0.550000,0.300000,0.000000,1772830892912.071,0.232400,-1.158315,0.306782,0.000000,0.000000,0.000000,1.000000,position_only
2026-03-06T21:01:32.923928+00:00,1772830892923.927,0.216309,-1.150391,0.306396,-4.265625,-3.099609,1.688477,21403,19392,18615,20010,0.450000,-0.550000,0.300000,0.000000,1772830892920.587,0.227049,-1.157557,0.306829,0.000000,0.000000,0.000000,1.000000,position_only
2026-03-06T21:01:32.933280+00:00,1772830892933.278,0.209961,-1.149414,0.306396,-4.238281,-3.281250,1.679688,21858,18827,19065,19719,0.450000,-0.550000,0.300000,0.000000,1772830892929.240,0.221847,-1.156895,0.306823,0.000000,0.000000,0.000000,1.000000,position_only
2026-03-06T21:01:32.944085+00:00,1772830892944.083,0.204590,-1.148438,0.306396,-4.207031,-3.480469,1.665039,21186,19510,18658,20189,0.450000,-0.550000,0.300000,0.000000,1772830892937.760,0.216694,-1.156258,0.306659,0.000000,0.000000,0.000000,1.000000,position_only
2026-03-06T21:01:32.953723+00:00,1772830892953.722,0.198730,-1.147461,0.306396,-4.210938,-3.662109,1.639648,21070,19433,18453,20633,0.450000,-0.550000,0.300000,0.000000,1772830892946.269,0.211602,-1.155481,0.306593,0.000000,0.000000,0.000000,1.000000,position_only
2026-03-06T21:01:32.964266+00:00,1772830892964.266,0.192871,-1.146484,0.306152,-4.222656,-3.847656,1.617188,21449,19213,18794,20171,0.450000,-0.550000,0.300000,0.000000,1772830892963.407,0.201448,-1.153864,0.306479,0.000000,0.000000,0.000000,1.000000,position_only
2026-03-06T21:01:32.973373+00:00,1772830892973.373,0.186768,-1.145508,0.306152,-4.226562,-4.003906,1.604492,21358,19279,18779,20222,0.450000,-0.550000,0.300000,0.000000,1772830892971.914,0.196347,-1.152842,0.306590,0.000000,0.000000,0.000000,1.000000,position_only
2026-03-06T21:01:32.983301+00:00,1772830892983.301,0.180908,-1.143555,0.306152,-4.242188,-4.175781,1.577148,20870,19709,18355,20751,0.450000,-0.550000,0.300000,0.000000,1772830892980.424,0.191458,-1.151943,0.306489,0.000000,0.000000,0.000000,1.000000,position_only
2026-03-06T21:01:32.993163+00:00,1772830892993.161,0.175049,-1.142578,0.306152,-4.261719,-4.316406,1.549805,21258,19320,18694,20476,0.450000,-0.550000,0.300000,0.000000,1772830892988.984,0.186655,-1.151052,0.306394,0.000000,0.000000,0.000000,1.000000,position_only
2026-03-06T21:01:33.003619+00:00,1772830893003.618,0.170288,-1.141602,0.306152,-4.269531,-4.492188,1.528320,21721,18926,19309,19856,0.450000,-0.550000,0.300000,0.000000,1772830892997.540,0.181948,-1.150021,0.306420,0.000000,0.000000,0.000000,1.000000,position_only
2026-03-06T21:01:33.013702+00:00,1772830893013.701,0.164917,-1.140625,0.305908,-4.261719,-4.585938,1.527344,21412,19267,19130,20050,0.450000,-0.550000,0.300000,0.000000,1772830893006.353,0.177129,-1.148908,0.306324,0.000000,0.000000,0.000000,1.000000,position_only
2026-03-06T21:01:33.023661+00:00,1772830893023.660,0.159546,-1.139648,0.305908,-4.269531,-4.656250,1.510742,20884,19855,18773,20392,0.450000,-0.550000,0.300000,0.000000,1772830893023.423,0.167630,-1.146850,0.306116,0.000000,0.000000,0.000000,1.000000,position_only
2026-03-06T21:01:33.033519+00:00,1772830893033.518,0.154053,-1.137695,0.305908,-4.265625,-4.675781,1.497070,21131,19637,19017,20195,0.450000,-0.550000,0.300000,0.000000,1772830893032.308,0.158525,-1.144566,0.305969,0.000000,0.000000,0.000000,1.000000,position_only
2026-03-06T21:01:33.044063+00:00,1772830893044.062,0.148438,-1.135742,0.305664,-4.250000,-4.667969,1.495117,21708,19162,19792,19394,0.450000,-0.550000,0.300000,0.000000,1772830893040.865,0.153952,-1.143323,0.305845,0.000000,0.000000,0.000000,1.000000,position_only
2026-03-06T21:01:33.054270+00:00,1772830893054.268,0.142944,-1.134766,0.305664,-4.222656,-4.652344,1.499023,21017,20077,18977,20183,0.450000,-0.550000,0.300000,0.000000,1772830893049.456,0.149517,-1.142129,0.305678,0.000000,0.000000,0.000000,1.000000,position_only
2026-03-06T21:01:33.064382+00:00,1772830893064.382,0.138184,-1.133789,0.305420,-4.152344,-4.632812,1.480469,20652,20412,18714,20487,0.450000,-0.550000,0.300000,0.000000,1772830893057.938,0.145126,-1.140781,0.305741,0.000000,0.000000,0.000000,1.000000,position_only
2026-03-06T21:01:33.073660+00:00,1772830893073.659,0.133057,-1.131836,0.305420,-4.093750,-4.625000,1.461914,21247,19922,19186,20002,0.450000,-0.550000,0.300000,0.000000,1772830893066.700,0.140790,-1.139423,0.305586,0.000000,0.000000,0.000000,1.000000,position_only
2026-03-06T21:01:33.084221+00:00,1772830893084.221,0.128052,-1.129883,0.305420,-4.019531,-4.644531,1.453125,21914,19454,19710,19346,0.450000,-0.550000,0.300000,0.000000,1772830893083.869,0.132343,-1.136820,0.305390,0.000000,0.000000,0.000000,1.000000,position_only
2026-03-06T21:01:33.093511+00:00,1772830893093.510,0.122925,-1.127930,0.305176,-3.921875,-4.671875,1.458008,21590,19846,19214,19817,0.450000,-0.550000,0.300000,0.000000,1772830893092.413,0.128235,-1.135472,0.305178,0.000000,0.000000,0.000000,1.000000,position_only
2026-03-06T21:01:33.104257+00:00,1772830893104.257,0.117920,-1.125977,0.304932,-3.816406,-4.726562,1.444336,21273,20163,18934,20166,0.450000,-0.550000,0.300000,0.000000,1772830893101.154,0.124177,-1.134119,0.305079,0.000000,0.000000,0.000000,1.000000,position_only
2026-03-06T21:01:33.114753+00:00,1772830893114.753,0.113037,-1.124023,0.304932,-3.707031,-4.769531,1.432617,21778,19781,19348,19734,0.450000,-0.550000,0.300000,0.000000,1772830893109.644,0.120231,-1.132569,0.304986,0.000000,0.000000,0.000000,1.000000,position_only
2026-03-06T21:01:33.125161+00:00,1772830893125.160,0.108826,-1.123047,0.304688,-3.576172,-4.835938,1.420898,21187,20433,18659,20455,0.450000,-0.550000,0.300000,0.000000,1772830893118.132,0.116312,-1.131233,0.304709,0.000000,0.000000,0.000000,1.000000,position_only
2026-03-06T21:01:33.133467+00:00,1772830893133.467,0.104370,-1.121094,0.304688,-3.462891,-4.925781,1.399414,21507,20240,18977,20076,0.450000,-0.550000,0.300000,0.000000,1772830893126.590,0.112446,-1.129730,0.304631,0.000000,0.000000,0.000000,1.000000,position_only
2026-03-06T21:01:33.144291+00:00,1772830893144.290,0.099976,-1.119141,0.304443,-3.341797,-5.011719,1.380859,21092,20686,18319,20769,0.450000,-0.550000,0.300000,0.000000,1772830893143.589,0.104830,-1.126625,0.304369,0.000000,0.000000,0.000000,1.000000,position_only
2026-03-06T21:01:33.153633+00:00,1772830893153.632,0.095459,-1.117188,0.304443,-3.230469,-5.128906,1.354492,21860,19954,19006,20061,0.450000,-0.550000,0.300000,0.000000,1772830893152.129,0.101196,-1.125036,0.304279,0.000000,0.000000,0.000000,1.000000,position_only
2026-03-06T21:01:33.164799+00:00,1772830893164.798,0.091064,-1.115234,0.304199,-3.115234,-5.253906,1.344727,22230,19544,19351,19796,0.450000,-0.550000,0.300000,0.000000,1772830893160.587,0.097530,-1.123429,0.304073,0.000000,0.000000,0.000000,1.000000,position_only
2026-03-06T21:01:33.174833+00:00,1772830893174.833,0.087280,-1.113281,0.303955,-3.003906,-5.421875,1.324219,21206,20694,18000,21067,0.450000,-0.550000,0.300000,0.000000,1772830893169.097,0.093972,-1.121819,0.303992,0.000000,0.000000,0.000000,1.000000,position_only
2026-03-06T21:01:33.184834+00:00,1772830893184.833,0.083252,-1.111328,0.303955,-2.908203,-5.609375,1.280273,21242,20604,17981,21195,0.450000,-0.550000,0.300000,0.000000,1772830893177.780,0.090561,-1.120165,0.303986,0.000000,0.000000,0.000000,1.000000,position_only
2026-03-06T21:01:33.193836+00:00,1772830893193.836,0.079407,-1.109375,0.303711,-2.830078,-5.804688,1.248047,22418,19404,19241,19969,0.450000,-0.550000,0.300000,0.000000,1772830893186.480,0.087047,-1.118504,0.303794,0.000000,0.000000,0.000000,1.000000,position_only
2026-03-06T21:01:33.204276+00:00,1772830893204.275,0.075378,-1.107422,0.303711,-2.767578,-5.953125,1.252930,22447,19418,19413,19771,0.450000,-0.550000,0.300000,0.000000,1772830893203.529,0.080380,-1.115047,0.303654,0.000000,0.000000,0.000000,1.000000,position_only
2026-03-06T21:01:33.215015+00:00,1772830893215.014,0.071533,-1.104492,0.303467,-2.714844,-6.066406,1.244141,20878,20922,17941,21293,0.450000,-0.550000,0.300000,0.000000,1772830893212.012,0.077191,-1.113271,0.303544,0.000000,0.000000,0.000000,1.000000,position_only
2026-03-06T21:01:33.225143+00:00,1772830893225.142,0.067810,-1.102539,0.303467,-2.675781,-6.160156,1.204102,21145,20576,18315,20973,0.450000,-0.550000,0.300000,0.000000,1772830893220.529,0.074062,-1.111479,0.303441,0.000000,0.000000,0.000000,1.000000,position_only
2026-03-06T21:01:33.234842+00:00,1772830893234.841,0.064697,-1.100586,0.303223,-2.632812,-6.246094,1.167969,21555,20072,18835,20538,0.450000,-0.550000,0.300000,0.000000,1772830893229.022,0.071000,-1.109702,0.303361,0.000000,0.000000,0.000000,1.000000,position_only
2026-03-06T21:01:33.243994+00:00,1772830893243.993,0.061340,-1.098633,0.303223,-2.609375,-6.304688,1.154297,22023,19656,19339,19996,0.450000,-0.550000,0.300000,0.000000,1772830893237.512,0.068038,-1.107927,0.303236,0.000000,0.000000,0.000000,1.000000,position_only
2026-03-06T21:01:33.254570+00:00,1772830893254.569,0.058136,-1.096680,0.303223,-2.582031,-6.312500,1.155273,21602,20180,19123,20109,0.450000,-0.550000,0.300000,0.000000,1772830893246.047,0.065032,-1.106041,0.303163,0.000000,0.000000,0.000000,1.000000,position_only
2026-03-06T21:01:33.264389+00:00,1772830893264.389,0.054810,-1.094727,0.302979,-2.548828,-6.289062,1.141602,20436,21166,17932,21449,0.450000,-0.550000,0.300000,0.000000,1772830893263.117,0.059334,-1.102290,0.303045,0.000000,0.000000,0.000000,1.000000,position_only
2026-03-06T21:01:33.275118+00:00,1772830893275.118,0.051666,-1.091797,0.302979,-2.552734,-6.281250,1.102539,20943,20668,18506,20815,0.450000,-0.550000,0.300000,0.000000,1772830893271.583,0.056682,-1.100412,0.303004,0.000000,0.000000,0.000000,1.000000,position_only
2026-03-06T21:01:33.284217+00:00,1772830893284.216,0.048676,-1.089844,0.302979,-2.544922,-6.273438,1.081055,22054,19611,19580,19654,0.450000,-0.550000,0.300000,0.000000,1772830893280.172,0.054008,-1.098474,0.302963,0.000000,0.000000,0.000000,1.000000,position_only
2026-03-06T21:01:33.294856+00:00,1772830893294.855,0.046143,-1.087891,0.302734,-2.503906,-6.257812,1.079102,21947,19719,19592,19610,0.450000,-0.550000,0.300000,0.000000,1772830893288.708,0.051326,-1.096598,0.302913,0.000000,0.000000,0.000000,1.000000,position_only
2026-03-06T21:01:33.303808+00:00,1772830893303.807,0.043457,-1.085938,0.302734,-2.476562,-6.210938,1.076172,20564,20990,18109,21184,0.450000,-0.550000,0.300000,0.000000,1772830893297.216,0.048803,-1.094628,0.302867,0.000000,0.000000,0.000000,1.000000,position_only
2026-03-06T21:01:33.314909+00:00,1772830893314.909,0.040863,-1.083008,0.302734,-2.464844,-6.171875,1.043945,20792,20847,18582,20607,0.450000,-0.550000,0.300000,0.000000,1772830893314.392,0.043991,-1.090646,0.302829,0.000000,0.000000,0.000000,1.000000,position_only
2026-03-06T21:01:33.323865+00:00,1772830893323.864,0.038239,-1.081055,0.302734,-2.447266,-6.085938,1.029297,21594,19904,19480,19795,0.450000,-0.550000,0.300000,0.000000,1772830893322.973,0.041646,-1.088631,0.302808,0.000000,0.000000,0.000000,1.000000,position_only
2026-03-06T21:01:33.334875+00:00,1772830893334.875,0.035736,-1.078125,0.302734,-2.445312,-6.007812,1.031250,21494,19947,19572,19701,0.450000,-0.550000,0.300000,0.000000,1772830893331.590,0.039427,-1.086581,0.302816,0.000000,0.000000,0.000000,1.000000,position_only
2026-03-06T21:01:33.344639+00:00,1772830893344.638,0.033386,-1.076172,0.302734,-2.445312,-5.890625,1.032227,20680,20685,18828,20455,0.450000,-0.550000,0.300000,0.000000,1772830893340.252,0.037235,-1.084595,0.302774,0.000000,0.000000,0.000000,1.000000,position_only
2026-03-06T21:01:33.355078+00:00,1772830893355.078,0.031250,-1.073242,0.302734,-2.441406,-5.785156,1.000977,20332,21046,18444,20761,0.450000,-0.550000,0.300000,0.000000,1772830893348.833,0.033089,-1.080458,0.302731,0.000000,0.000000,0.000000,1.000000,position_only
2026-03-06T21:01:33.365038+00:00,1772830893365.037,0.029022,-1.071289,0.302490,-2.437500,-5.691406,0.976562,21010,20277,19006,20238,0.450000,-0.550000,0.300000,0.000000,1772830893357.371,0.031067,-1.078359,0.302736,0.000000,0.000000,0.000000,1.000000,position_only
2026-03-06T21:01:33.375096+00:00,1772830893375.095,0.026901,-1.068359,0.302734,-2.449219,-5.625000,0.970703,21232,19959,19366,19895,0.450000,-0.550000,0.300000,0.000000,1772830893374.441,0.027288,-1.074084,0.302771,0.000000,0.000000,0.000000,1.000000,position_only
2026-03-06T21:01:33.384238+00:00,1772830893384.238,0.024750,-1.065430,0.302734,-2.468750,-5.554688,0.967773,20675,20476,18875,20337,0.450000,-0.550000,0.300000,0.000000,1772830893382.949,0.025529,-1.071976,0.302758,0.000000,0.000000,0.000000,1.000000,position_only
2026-03-06T21:01:33.395708+00:00,1772830893395.707,0.022736,-1.063477,0.302734,-2.482422,-5.484375,0.952148,20750,20318,18908,20292,0.450000,-0.550000,0.300000,0.000000,1772830893391.624,0.023814,-1.069761,0.302838,0.000000,0.000000,0.000000,1.000000,position_only
2026-03-06T21:01:33.404822+00:00,1772830893404.822,0.020630,-1.059570,0.302734,-2.488281,-5.429688,0.937012,20464,20571,18547,20621,0.450000,-0.550000,0.300000,0.000000,1772830893400.201,0.022172,-1.067599,0.302854,0.000000,0.000000,0.000000,1.000000,position_only
2026-03-06T21:01:33.414827+00:00,1772830893414.826,0.018967,-1.057617,0.302734,-2.474609,-5.390625,0.909180,20912,20162,19086,19958,0.450000,-0.550000,0.300000,0.000000,1772830893408.796,0.020511,-1.065354,0.302934,0.000000,0.000000,0.000000,1.000000,position_only
2026-03-06T21:01:33.424262+00:00,1772830893424.262,0.017319,-1.055664,0.302734,-2.443359,-5.347656,0.905762,21171,19901,19186,19790,0.450000,-0.550000,0.300000,0.000000,1772830893417.301,0.019043,-1.063135,0.303055,0.000000,0.000000,0.000000,1.000000,position_only
2026-03-06T21:01:33.435088+00:00,1772830893435.087,0.015656,-1.052734,0.302979,-2.414062,-5.312500,0.904785,21017,20170,18933,19851,0.450000,-0.550000,0.300000,0.000000,1772830893434.359,0.016031,-1.058505,0.303123,0.000000,0.000000,0.000000,1.000000,position_only
2026-03-06T21:01:33.444139+00:00,1772830893444.138,0.014091,-1.049805,0.302979,-2.355469,-5.285156,0.889648,20409,20702,18431,20358,0.450000,-0.550000,0.300000,0.000000,1772830893442.863,0.014667,-1.056276,0.303183,0.000000,0.000000,0.000000,1.000000,position_only
2026-03-06T21:01:33.456249+00:00,1772830893456.249,0.012642,-1.046875,0.302979,-2.302734,-5.246094,0.873535,20980,20092,18925,19830,0.450000,-0.550000,0.300000,0.000000,1772830893451.506,0.013342,-1.054039,0.303259,0.000000,0.000000,0.000000,1.000000,position_only
2026-03-06T21:01:33.465700+00:00,1772830893465.700,0.011284,-1.043945,0.302979,-2.232422,-5.242188,0.863281,20740,20385,18583,20047,0.450000,-0.550000,0.300000,0.000000,1772830893460.135,0.012096,-1.051660,0.303318,0.000000,0.000000,0.000000,1.000000,position_only
2026-03-06T21:01:33.474210+00:00,1772830893474.209,0.010094,-1.041992,0.303223,-2.134766,-5.226562,0.841309,20880,20249,18747,19801,0.450000,-0.550000,0.300000,0.000000,1772830893468.780,0.010939,-1.049352,0.303373,0.000000,0.000000,0.000000,1.000000,position_only
2026-03-06T21:01:33.484736+00:00,1772830893484.736,0.008942,-1.039062,0.303223,-2.054688,-5.207031,0.823730,20463,20687,18325,20149,0.450000,-0.550000,0.300000,0.000000,1772830893477.338,0.009859,-1.047051,0.303421,0.000000,0.000000,0.000000,1.000000,position_only
2026-03-06T21:01:33.495202+00:00,1772830893495.202,0.007797,-1.036133,0.303467,-1.968750,-5.187500,0.806152,20911,20181,18809,19652,0.450000,-0.550000,0.300000,0.000000,1772830893494.364,0.007607,-1.042183,0.303557,0.000000,0.000000,0.000000,1.000000,position_only
2026-03-06T21:01:33.504435+00:00,1772830893504.435,0.006748,-1.033203,0.303467,-1.872070,-5.167969,0.804688,21223,19991,18936,19364,0.450000,-0.550000,0.300000,0.000000,1772830893502.830,0.006663,-1.039823,0.303642,0.000000,0.000000,0.000000,1.000000,position_only
2026-03-06T21:01:33.515747+00:00,1772830893515.746,0.005798,-1.030273,0.303467,-1.776367,-5.171875,0.798828,20510,20571,18150,20233,0.450000,-0.550000,0.300000,0.000000,1772830893511.514,0.005823,-1.037424,0.303657,0.000000,0.000000,0.000000,1.000000,position_only
2026-03-06T21:01:33.524759+00:00,1772830893524.759,0.004940,-1.027344,0.303711,-1.693359,-5.187500,0.774414,20744,20293,18528,19850,0.450000,-0.550000,0.300000,0.000000,1772830893520.048,0.004983,-1.034994,0.303744,0.000000,0.000000,0.000000,1.000000,position_only
2026-03-06T21:01:33.534755+00:00,1772830893534.754,0.004173,-1.024414,0.303711,-1.607422,-5.199219,0.758301,21111,19874,18917,19463,0.450000,-0.550000,0.300000,0.000000,1772830893528.614,0.004165,-1.032499,0.303817,0.000000,0.000000,0.000000,1.000000,position_only
2026-03-06T21:01:33.545151+00:00,1772830893545.150,0.003443,-1.021484,0.303711,-1.541992,-5.187500,0.760254,21410,19455,19400,19079,0.450000,-0.550000,0.300000,0.000000,1772830893537.117,0.003425,-1.030025,0.303876,0.000000,0.000000,0.000000,1.000000,position_only
2026-03-06T21:01:33.554276+00:00,1772830893554.275,0.002804,-1.018555,0.303955,-1.509766,-5.152344,0.766113,20909,19889,18964,19568,0.450000,-0.550000,0.300000,0.000000,1772830893545.770,0.002778,-1.027585,0.304028,0.000000,0.000000,0.000000,1.000000,position_only
2026-03-06T21:01:33.564167+00:00,1772830893564.167,0.002251,-1.015625,0.303955,-1.495117,-5.164062,0.750000,20408,20425,18373,20111,0.450000,-0.550000,0.300000,0.000000,1772830893562.883,0.001560,-1.022602,0.304035,0.000000,0.000000,0.000000,1.000000,position_only
2026-03-06T21:01:33.576252+00:00,1772830893576.252,0.001783,-1.012695,0.303955,-1.470703,-5.148438,0.738770,21048,19624,19305,19298,0.450000,-0.550000,0.300000,0.000000,1772830893571.416,0.001089,-1.020140,0.304136,0.000000,0.000000,0.000000,1.000000,position_only
2026-03-06T21:01:33.585401+00:00,1772830893585.400,0.001401,-1.009766,0.304199,-1.479492,-5.156250,0.738281,20754,19797,18676,20001,0.450000,-0.550000,0.300000,0.000000,1772830893579.964,0.000697,-1.017596,0.304160,0.000000,0.000000,0.000000,1.000000,position_only
2026-03-06T21:01:33.595273+00:00,1772830893595.272,0.001052,-1.007812,0.304199,-1.466797,-5.179688,0.729004,20732,19833,18820,19811,0.450000,-0.550000,0.300000,0.000000,1772830893588.587,0.000343,-1.015084,0.304252,0.000000,0.000000,0.000000,1.000000,position_only
2026-03-06T21:01:33.605064+00:00,1772830893605.063,0.000819,-1.003906,0.304199,-1.477539,-5.207031,0.717773,20419,20008,18409,20329,0.450000,-0.550000,0.300000,0.000000,1772830893597.101,-0.000012,-1.012515,0.304397,0.000000,0.000000,0.000000,1.000000,position_only
2026-03-06T21:01:33.615012+00:00,1772830893615.012,0.000671,-1.000977,0.304443,-1.509766,-5.281250,0.702148,20576,19814,18469,20244,0.450000,-0.550000,0.300000,0.000000,1772830893614.103,-0.000451,-1.007419,0.304424,0.000000,0.000000,0.000000,1.000000,position_only
2026-03-06T21:01:33.625642+00:00,1772830893625.642,0.000606,-0.998047,0.304443,-1.519531,-5.339844,0.698730,21323,19115,19108,19485,0.450000,-0.550000,0.300000,0.000000,1772830893622.587,-0.000454,-1.004887,0.304541,0.000000,0.000000,0.000000,1.000000,position_only
2026-03-06T21:01:33.635779+00:00,1772830893635.778,0.000632,-0.995117,0.304443,-1.526367,-5.410156,0.699707,21301,19042,19201,19436,0.450000,-0.550000,0.300000,0.000000,1772830893631.099,-0.000619,-1.002348,0.304607,0.000000,0.000000,0.000000,1.000000,position_only
2026-03-06T21:01:33.645539+00:00,1772830893645.539,0.000734,-0.992188,0.304688,-1.540039,-5.441406,0.701172,20559,19625,18668,20096,0.450000,-0.550000,0.300000,0.000000,1772830893639.592,-0.000639,-0.999693,0.304677,0.000000,0.000000,0.000000,1.000000,position_only
2026-03-06T21:01:33.654770+00:00,1772830893654.770,0.000813,-0.989746,0.304688,-1.539062,-5.472656,0.680664,20684,19498,18830,19899,0.450000,-0.550000,0.300000,0.000000,1772830893648.128,-0.000601,-0.997021,0.304720,0.000000,0.000000,0.000000,1.000000,position_only
2026-03-06T21:01:33.664460+00:00,1772830893664.459,0.001085,-0.986328,0.304932,-1.555664,-5.468750,0.683594,21310,18963,19551,19075,0.450000,-0.550000,0.300000,0.000000,1772830893656.852,-0.000571,-0.994399,0.304777,0.000000,0.000000,0.000000,1.000000,position_only
2026-03-06T21:01:33.675155+00:00,1772830893675.154,0.001434,-0.983398,0.304932,-1.555664,-5.429688,0.694824,21129,19007,19425,19313,0.450000,-0.550000,0.300000,0.000000,1772830893673.911,-0.000038,-0.986476,0.305040,0.000000,0.000000,0.000000,1.000000,position_only
2026-03-06T21:01:33.685823+00:00,1772830893685.823,0.001877,-0.979980,0.304932,-1.576172,-5.371094,0.702637,20908,19240,19607,19106,0.450000,-0.550000,0.300000,0.000000,1772830893682.478,-0.000038,-0.986476,0.305040,0.000000,0.000000,0.000000,1.000000,position_only
2026-03-06T21:01:33.696285+00:00,1772830893696.285,0.002377,-0.977051,0.305176,-1.571289,-5.230469,0.715332,20692,19410,19693,19049,0.450000,-0.550000,0.300000,0.000000,1772830893691.238,0.000503,-0.981026,0.305191,0.000000,0.000000,0.000000,1.000000,position_only
2026-03-06T21:01:33.705413+00:00,1772830893705.412,0.002964,-0.973633,0.305176,-1.576172,-5.070312,0.716309,19966,20103,18971,19807,0.450000,-0.550000,0.300000,0.000000,1772830893699.706,0.000919,-0.978369,0.305177,0.000000,0.000000,0.000000,1.000000,position_only
2026-03-06T21:01:33.715083+00:00,1772830893715.083,0.003466,-0.970703,0.305176,-1.560547,-4.898438,0.711426,20639,19471,19776,18976,0.450000,-0.550000,0.300000,0.000000,1772830893708.345,0.001304,-0.975688,0.305214,0.000000,0.000000,0.000000,1.000000,position_only
2026-03-06T21:01:33.725222+00:00,1772830893725.221,0.004223,-0.967285,0.305420,-1.559570,-4.730469,0.726074,20666,19399,19806,19018,0.450000,-0.550000,0.300000,0.000000,1772830893716.882,0.001706,-0.972885,0.305340,0.000000,0.000000,0.000000,1.000000,position_only
2026-03-06T21:01:33.735465+00:00,1772830893735.464,0.005035,-0.963867,0.305420,-1.543945,-4.562500,0.736328,19961,20158,19050,19774,0.450000,-0.550000,0.300000,0.000000,1772830893734.044,0.002760,-0.967282,0.305472,0.000000,0.000000,0.000000,1.000000,position_only
2026-03-06T21:01:33.745350+00:00,1772830893745.349,0.005905,-0.960449,0.305420,-1.502930,-4.398438,0.731934,20058,20184,19285,19465,0.450000,-0.550000,0.300000,0.000000,1772830893742.533,0.003336,-0.964620,0.305543,0.000000,0.000000,0.000000,1.000000,position_only
2026-03-06T21:01:33.756542+00:00,1772830893756.541,0.006824,-0.957031,0.305420,-1.450195,-4.226562,0.736816,20675,19411,19980,18958,0.450000,-0.550000,0.300000,0.000000,1772830893751.122,0.003965,-0.961797,0.305578,0.000000,0.000000,0.000000,1.000000,position_only
2026-03-06T21:01:33.765765+00:00,1772830893765.765,0.007580,-0.954102,0.305420,-1.392578,-4.070312,0.751465,20581,19580,19717,19208,0.450000,-0.550000,0.300000,0.000000,1772830893759.595,0.004625,-0.959018,0.305574,0.000000,0.000000,0.000000,1.000000,position_only
2026-03-06T21:01:33.775596+00:00,1772830893775.595,0.008560,-0.951172,0.305420,-1.340820,-3.949219,0.757324,20368,19797,19690,19278,0.450000,-0.550000,0.300000,0.000000,1772830893768.147,0.005291,-0.956188,0.305615,0.000000,0.000000,0.000000,1.000000,position_only
2026-03-06T21:01:33.785637+00:00,1772830893785.636,0.009666,-0.947266,0.305420,-1.290039,-3.812500,0.765625,20347,19829,19690,19334,0.450000,-0.550000,0.300000,0.000000,1772830893785.236,0.006849,-0.950448,0.305611,0.000000,0.000000,0.000000,1.000000,position_only
2026-03-06T21:01:33.794993+00:00,1772830893794.993,0.010811,-0.943848,0.305420,-1.237305,-3.664062,0.779297,20414,19819,19921,19085,0.450000,-0.550000,0.300000,0.000000,1772830893793.823,0.007661,-0.947658,0.305665,0.000000,0.000000,0.000000,1.000000,position_only
2026-03-06T21:01:33.805201+00:00,1772830893805.200,0.011986,-0.940430,0.305664,-1.146484,-3.500000,0.790039,20221,20242,19647,19158,0.450000,-0.550000,0.300000,0.000000,1772830893802.334,0.008535,-0.944884,0.305627,0.000000,0.000000,0.000000,1.000000,position_only
2026-03-06T21:01:33.815764+00:00,1772830893815.764,0.012955,-0.937500,0.305664,-1.025391,-3.341797,0.785645,20260,20341,19541,19160,0.450000,-0.550000,0.300000,0.000000,1772830893810.890,0.009446,-0.942064,0.305607,0.000000,0.000000,0.000000,1.000000,position_only
2026-03-06T21:01:33.825546+00:00,1772830893825.546,0.014160,-0.934082,0.305664,-0.859375,-3.173828,0.794434,20396,20307,19644,19003,0.450000,-0.550000,0.300000,0.000000,1772830893819.432,0.010354,-0.939275,0.305525,0.000000,0.000000,0.000000,1.000000,position_only
2026-03-06T21:01:33.835836+00:00,1772830893835.835,0.015503,-0.930664,0.305420,-0.677246,-3.029297,0.800293,20778,20224,19933,18432,0.450000,-0.550000,0.300000,0.000000,1772830893827.934,0.011274,-0.936400,0.305493,0.000000,0.000000,0.000000,1.000000,position_only
2026-03-06T21:01:33.844851+00:00,1772830893844.851,0.016861,-0.927246,0.305420,-0.462158,-2.896484,0.811523,20639,20513,19561,18657,0.450000,-0.550000,0.300000,0.000000,1772830893836.588,0.012193,-0.933583,0.305464,0.000000,0.000000,0.000000,1.000000,position_only
2026-03-06T21:01:33.854918+00:00,1772830893854.917,0.018219,-0.923828,0.305420,-0.222900,-2.761719,0.814453,20428,20895,19277,18789,0.450000,-0.550000,0.300000,0.000000,1772830893853.649,0.014091,-0.927835,0.305429,0.000000,0.000000,0.000000,1.000000,position_only
2026-03-06T21:01:33.867264+00:00,1772830893867.263,0.019592,-0.920410,0.305420,0.036407,-2.621094,0.811035,20513,20940,19323,18631,0.450000,-0.550000,0.300000,0.000000,1772830893862.182,0.015103,-0.924979,0.305421,0.000000,0.000000,0.000000,1.000000,position_only
2026-03-06T21:01:33.875482+00:00,1772830893875.481,0.020660,-0.916992,0.305420,0.319580,-2.480469,0.805664,20132,21507,18577,19192,0.450000,-0.550000,0.300000,0.000000,1772830893870.648,0.016069,-0.922151,0.305371,0.000000,0.000000,0.000000,1.000000,position_only
2026-03-06T21:01:33.885306+00:00,1772830893885.305,0.022018,-0.914062,0.305420,0.613770,-2.394531,0.791992,20547,21194,19127,18546,0.450000,-0.550000,0.300000,0.000000,1772830893879.186,0.017088,-0.919332,0.305346,0.000000,0.000000,0.000000,1.000000,position_only
2026-03-06T21:01:33.895336+00:00,1772830893895.335,0.023514,-0.910645,0.305420,0.902344,-2.291016,0.794434,20909,21041,19139,18318,0.450000,-0.550000,0.300000,0.000000,1772830893887.649,0.018144,-0.916527,0.305274,0.000000,0.000000,0.000000,1.000000,position_only
2026-03-06T21:01:33.905931+00:00,1772830893905.931,0.024994,-0.907227,0.305420,1.179688,-2.242188,0.794434,20729,21207,19054,18409,0.450000,-0.550000,0.300000,0.000000,1772830893904.991,0.020350,-0.910989,0.305246,0.000000,0.000000,0.000000,1.000000,position_only
2026-03-06T21:01:33.915110+00:00,1772830893915.110,0.026489,-0.903809,0.305420,1.416992,-2.195312,0.779297,20140,21733,18432,19111,0.450000,-0.550000,0.300000,0.000000,1772830893913.588,0.021439,-0.908271,0.305223,0.000000,0.000000,0.000000,1.000000,position_only
2026-03-06T21:01:33.925793+00:00,1772830893925.791,0.027969,-0.900391,0.305420,1.623047,-2.187500,0.759766,20689,21159,18942,18652,0.450000,-0.550000,0.300000,0.000000,1772830893922.137,0.022545,-0.905553,0.305240,0.000000,0.000000,0.000000,1.000000,position_only
2026-03-06T21:01:33.934828+00:00,1772830893934.827,0.029083,-0.897461,0.305420,1.787109,-2.201172,0.753906,20733,20907,18950,18864,0.450000,-0.550000,0.300000,0.000000,1772830893930.865,0.023734,-0.902802,0.305220,0.000000,0.000000,0.000000,1.000000,position_only
2026-03-06T21:01:33.945444+00:00,1772830893945.443,0.030548,-0.894531,0.305420,1.891602,-2.248047,0.750000,20067,21442,18282,19669,0.450000,-0.550000,0.300000,0.000000,1772830893939.370,0.024961,-0.900034,0.305227,0.000000,0.000000,0.000000,1.000000,position_only
2026-03-06T21:01:33.956009+00:00,1772830893956.009,0.032135,-0.891113,0.305420,1.956055,-2.337891,0.735840,20096,21503,18145,19700,0.450000,-0.550000,0.300000,0.000000,1772830893948.032,0.026207,-0.897296,0.305194,0.000000,0.000000,0.000000,1.000000,position_only
2026-03-06T21:01:33.965826+00:00,1772830893965.826,0.033752,-0.888184,0.305420,2.019531,-2.416016,0.727051,20720,20949,18833,18889,0.450000,-0.550000,0.300000,0.000000,1772830893965.059,0.028721,-0.891980,0.305156,0.000000,0.000000,0.000000,1.000000,position_only
2026-03-06T21:01:33.975270+00:00,1772830893975.269,0.035370,-0.885254,0.305420,2.080078,-2.486328,0.722656,20491,21179,18656,18985,0.450000,-0.550000,0.300000,0.000000,1772830893973.589,0.030003,-0.889327,0.305098,0.000000,0.000000,0.000000,1.000000,position_only
2026-03-06T21:01:33.986597+00:00,1772830893986.597,0.036987,-0.881836,0.305420,2.140625,-2.525391,0.718262,20630,21096,18782,18709,0.450000,-0.550000,0.300000,0.000000,1772830893982.296,0.032678,-0.884241,0.305109,0.000000,0.000000,0.000000,1.000000,position_only
2026-03-06T21:01:33.995842+00:00,1772830893995.842,0.038391,-0.878906,0.305420,2.218750,-2.515625,0.713379,20654,21222,18914,18298,0.450000,-0.550000,0.300000,0.000000,1772830893990.799,0.033942,-0.881700,0.305123,0.000000,0.000000,0.000000,1.000000,position_only
2026-03-06T21:01:34.005832+00:00,1772830894005.832,0.040070,-0.875977,0.305420,2.316406,-2.468750,0.712891,20626,21316,18826,18226,0.450000,-0.550000,0.300000,0.000000,1772830893999.294,0.035201,-0.879199,0.305151,0.000000,0.000000,0.000000,1.000000,position_only
2026-03-06T21:01:34.015113+00:00,1772830894015.113,0.041870,-0.873047,0.305420,2.423828,-2.437500,0.706543,20378,21665,18394,18343,0.450000,-0.550000,0.300000,0.000000,1772830894007.770,0.036520,-0.876807,0.305222,0.000000,0.000000,0.000000,1.000000,position_only
2026-03-06T21:01:34.025286+00:00,1772830894025.286,0.043701,-0.870117,0.305420,2.548828,-2.373047,0.702148,20880,21244,18875,17636,0.450000,-0.550000,0.300000,0.000000,1772830894016.552,0.037919,-0.874342,0.305299,0.000000,0.000000,0.000000,1.000000,position_only
2026-03-06T21:01:34.035551+00:00,1772830894035.550,0.045532,-0.867188,0.305664,2.660156,-2.335938,0.705078,20793,21144,18731,17846,0.450000,-0.550000,0.300000,0.000000,1772830894034.002,0.040670,-0.869574,0.305360,0.000000,0.000000,0.000000,1.000000,position_only
2026-03-06T21:01:34.046035+00:00,1772830894046.034,0.047363,-0.864258,0.305664,2.738281,-2.328125,0.708984,21062,20803,18979,17590,0.450000,-0.550000,0.300000,0.000000,1772830894042.506,0.042083,-0.867250,0.305436,0.000000,0.000000,0.000000,1.000000,position_only
2026-03-06T21:01:34.056100+00:00,1772830894056.100,0.048737,-0.861816,0.305664,2.783203,-2.324219,0.721680,21203,20466,19200,17513,0.450000,-0.550000,0.300000,0.000000,1772830894051.029,0.042083,-0.867250,0.305436,0.000000,0.000000,0.000000,1.000000,position_only
2026-03-06T21:01:34.065105+00:00,1772830894065.105,0.050537,-0.859375,0.305908,2.781250,-2.349609,0.728516,21071,20536,19073,17658,0.450000,-0.550000,0.300000,0.000000,1772830894059.531,0.044953,-0.862570,0.305515,0.000000,0.000000,0.000000,1.000000,position_only
2026-03-06T21:01:34.076569+00:00,1772830894076.568,0.052460,-0.856445,0.305908,2.728516,-2.410156,0.734863,20586,20843,18540,18354,0.450000,-0.550000,0.300000,0.000000,1772830894068.079,0.046363,-0.860329,0.305633,0.000000,0.000000,0.000000,1.000000,position_only
2026-03-06T21:01:34.085835+00:00,1772830894085.834,0.054413,-0.853516,0.305908,2.648438,-2.500000,0.743652,21247,20136,19112,17862,0.450000,-0.550000,0.300000,0.000000,1772830894085.126,0.049361,-0.855941,0.305687,0.000000,0.000000,0.000000,1.000000,position_only
2026-03-06T21:01:34.096412+00:00,1772830894096.411,0.056366,-0.851074,0.306152,2.535156,-2.607422,0.767090,21834,19411,19808,17362,0.450000,-0.550000,0.300000,0.000000,1772830894093.818,0.050887,-0.853716,0.305756,0.000000,0.000000,0.000000,1.000000,position_only
2026-03-06T21:01:34.106058+00:00,1772830894106.058,0.058289,-0.848633,0.306152,2.388672,-2.728516,0.792480,20753,20416,18618,18694,0.450000,-0.550000,0.300000,0.000000,1772830894102.317,0.052456,-0.851487,0.305854,0.000000,0.000000,0.000000,1.000000,position_only
2026-03-06T21:01:34.115697+00:00,1772830894115.697,0.059845,-0.846191,0.306152,2.220703,-2.873047,0.788574,20494,20607,18256,19203,0.450000,-0.550000,0.300000,0.000000,1772830894110.827,0.054049,-0.849375,0.305868,0.000000,0.000000,0.000000,1.000000,position_only
2026-03-06T21:01:34.125993+00:00,1772830894125.992,0.061768,-0.843750,0.306152,2.041016,-3.037109,0.787109,20968,20166,18738,18742,0.450000,-0.550000,0.300000,0.000000,1772830894119.403,0.055630,-0.847298,0.305936,0.000000,0.000000,0.000000,1.000000,position_only
2026-03-06T21:01:34.136434+00:00,1772830894136.433,0.063843,-0.841309,0.306152,1.861328,-3.201172,0.799805,21530,19628,19222,18281,0.450000,-0.550000,0.300000,0.000000,1772830894127.891,0.057224,-0.845177,0.305986,0.000000,0.000000,0.000000,1.000000,position_only
2026-03-06T21:01:34.145395+00:00,1772830894145.394,0.065979,-0.838867,0.306152,1.698242,-3.347656,0.820801,21269,19899,18862,18692,0.450000,-0.550000,0.300000,0.000000,1772830894145.181,0.060663,-0.841051,0.306052,0.000000,0.000000,0.000000,1.000000,position_only
2026-03-06T21:01:34.156629+00:00,1772830894156.628,0.068115,-0.836914,0.306152,1.533203,-3.505859,0.822266,20856,20374,18463,19064,0.450000,-0.550000,0.300000,0.000000,1772830894153.706,0.062248,-0.839089,0.306015,0.000000,0.000000,0.000000,1.000000,position_only
2026-03-06T21:01:34.167209+00:00,1772830894167.209,0.070251,-0.834473,0.306152,1.393555,-3.607422,0.821777,20977,20334,18634,18830,0.450000,-0.550000,0.300000,0.000000,1772830894162.201,0.063921,-0.837038,0.306057,0.000000,0.000000,0.000000,1.000000,position_only
2026-03-06T21:01:34.175838+00:00,1772830894175.837,0.071960,-0.832520,0.306152,1.261719,-3.666016,0.823242,21110,20082,18953,18662,0.450000,-0.550000,0.300000,0.000000,1772830894170.767,0.065635,-0.835099,0.306086,0.000000,0.000000,0.000000,1.000000,position_only
2026-03-06T21:01:34.186445+00:00,1772830894186.444,0.074097,-0.830078,0.306152,1.113281,-3.697266,0.834473,21058,20192,19120,18468,0.450000,-0.550000,0.300000,0.000000,1772830894179.455,0.067494,-0.833106,0.306052,0.000000,0.000000,0.000000,1.000000,position_only
2026-03-06T21:01:34.195986+00:00,1772830894195.986,0.076416,-0.828125,0.306396,0.979980,-3.677734,0.839355,20787,20495,18796,18800,0.450000,-0.550000,0.300000,0.000000,1772830894187.992,0.069202,-0.831119,0.306150,0.000000,0.000000,0.000000,1.000000,position_only
2026-03-06T21:01:34.206778+00:00,1772830894206.776,0.078735,-0.825684,0.306396,0.868164,-3.619141,0.839355,20738,20583,19092,18480,0.450000,-0.550000,0.300000,0.000000,1772830894205.242,0.072809,-0.827397,0.306155,0.000000,0.000000,0.000000,1.000000,position_only
2026-03-06T21:01:34.216691+00:00,1772830894216.690,0.081116,-0.823242,0.306396,0.760742,-3.513672,0.843262,20898,20429,19182,18375,0.450000,-0.550000,0.300000,0.000000,1772830894213.709,0.074610,-0.825500,0.306188,0.000000,0.000000,0.000000,1.000000,position_only
2026-03-06T21:01:34.227253+00:00,1772830894227.252,0.083496,-0.821289,0.306396,0.657227,-3.423828,0.843262,21181,20132,19493,18063,0.450000,-0.550000,0.300000,0.000000,1772830894222.211,0.076519,-0.823589,0.306194,0.000000,0.000000,0.000000,1.000000,position_only
2026-03-06T21:01:34.235601+00:00,1772830894235.600,0.085327,-0.819336,0.306396,0.573242,-3.281250,0.864746,21480,19765,20011,17603,0.450000,-0.550000,0.300000,0.000000,1772830894230.704,0.078388,-0.821739,0.306264,0.000000,0.000000,0.000000,1.000000,position_only
2026-03-06T21:01:34.246095+00:00,1772830894246.095,0.087708,-0.817383,0.306396,0.482422,-3.146484,0.879395,20709,20560,19279,18327,0.450000,-0.550000,0.300000,0.000000,1772830894239.229,0.080257,-0.819957,0.306274,0.000000,0.000000,0.000000,1.000000,position_only
2026-03-06T21:01:34.256037+00:00,1772830894256.037,0.090210,-0.814941,0.306396,0.376953,-3.017578,0.874512,20125,20988,18641,19169,0.450000,-0.550000,0.300000,0.000000,1772830894247.715,0.082191,-0.818149,0.306269,0.000000,0.000000,0.000000,1.000000,position_only
2026-03-06T21:01:34.266660+00:00,1772830894266.659,0.092773,-0.812988,0.306396,0.257080,-2.917969,0.872070,21128,19930,19804,18115,0.450000,-0.550000,0.300000,0.000000,1772830894264.835,0.086122,-0.814381,0.306322,0.000000,0.000000,0.000000,1.000000,position_only
2026-03-06T21:01:34.276818+00:00,1772830894276.818,0.095276,-0.810547,0.306396,0.110657,-2.812500,0.896973,21650,19242,20562,17582,0.450000,-0.550000,0.300000,0.000000,1772830894273.337,0.088144,-0.812548,0.306344,0.000000,0.000000,0.000000,1.000000,position_only
2026-03-06T21:01:34.286236+00:00,1772830894286.235,0.097839,-0.808594,0.306396,-0.046387,-2.687500,0.921875,21105,19761,20103,18133,0.450000,-0.550000,0.300000,0.000000,1772830894281.861,0.090063,-0.810770,0.306365,0.000000,0.000000,0.000000,1.000000,position_only
2026-03-06T21:01:34.296120+00:00,1772830894296.119,0.099792,-0.806641,0.306396,-0.217163,-2.576172,0.926270,19904,20751,19017,19479,0.450000,-0.550000,0.300000,0.000000,1772830894290.363,0.092094,-0.808959,0.306395,0.000000,0.000000,0.000000,1.000000,position_only
2026-03-06T21:01:34.306814+00:00,1772830894306.813,0.102478,-0.804688,0.306396,-0.401611,-2.498047,0.914551,20224,20366,19397,19212,0.450000,-0.550000,0.300000,0.000000,1772830894298.943,0.094185,-0.807110,0.306367,0.000000,0.000000,0.000000,1.000000,position_only
2026-03-06T21:01:34.316575+00:00,1772830894316.575,0.105286,-0.802246,0.306396,-0.595215,-2.443359,0.925781,21274,19197,20530,18242,0.450000,-0.550000,0.300000,0.000000,1772830894316.096,0.100561,-0.801601,0.306286,0.000000,0.000000,0.000000,1.000000,position_only
2026-03-06T21:01:34.326033+00:00,1772830894326.033,0.108093,-0.799805,0.306152,-0.781738,-2.394531,0.961914,21598,18895,20695,18045,0.450000,-0.550000,0.300000,0.000000,1772830894324.655,0.102697,-0.799763,0.306250,0.000000,0.000000,0.000000,1.000000,position_only
2026-03-06T21:01:34.336189+00:00,1772830894336.188,0.110840,-0.797852,0.306152,-0.945312,-2.375000,0.976074,19971,20383,19130,19723,0.450000,-0.550000,0.300000,0.000000,1772830894333.326,0.104812,-0.797925,0.306243,0.000000,0.000000,0.000000,1.000000,position_only
2026-03-06T21:01:34.346053+00:00,1772830894346.052,0.113586,-0.795410,0.306152,-1.097656,-2.384766,0.962402,20305,20219,19288,19422,0.450000,-0.550000,0.300000,0.000000,1772830894341.826,0.106990,-0.796061,0.306185,0.000000,0.000000,0.000000,1.000000,position_only
2026-03-06T21:01:34.356845+00:00,1772830894356.845,0.115845,-0.793457,0.306152,-1.193359,-2.347656,0.975586,21985,18480,21085,17711,0.450000,-0.550000,0.300000,0.000000,1772830894350.411,0.109250,-0.794192,0.306165,0.000000,0.000000,0.000000,1.000000,position_only
2026-03-06T21:01:34.366647+00:00,1772830894366.647,0.118774,-0.791016,0.306152,-1.263672,-2.322266,1.018555,21606,18921,20465,18274,0.450000,-0.550000,0.300000,0.000000,1772830894358.902,0.111426,-0.792297,0.306125,0.000000,0.000000,0.000000,1.000000,position_only
2026-03-06T21:01:34.375880+00:00,1772830894375.880,0.121643,-0.788574,0.306152,-1.304688,-2.302734,1.036133,20635,20046,19387,19209,0.450000,-0.550000,0.300000,0.000000,1772830894367.462,0.113625,-0.790386,0.306144,0.000000,0.000000,0.000000,1.000000,position_only
2026-03-06T21:01:34.385834+00:00,1772830894385.834,0.124512,-0.786133,0.306152,-1.310547,-2.287109,1.029297,20574,20072,19369,19264,0.450000,-0.550000,0.300000,0.000000,1772830894384.479,0.118098,-0.786641,0.306077,0.000000,0.000000,0.000000,1.000000,position_only
2026-03-06T21:01:34.397832+00:00,1772830894397.832,0.127319,-0.783691,0.306152,-1.303711,-2.271484,1.043945,22062,18649,20885,17680,0.450000,-0.550000,0.300000,0.000000,1772830894392.962,0.120334,-0.784765,0.306109,0.000000,0.000000,0.000000,1.000000,position_only
2026-03-06T21:01:34.407074+00:00,1772830894407.073,0.130127,-0.781738,0.306152,-1.248047,-2.160156,1.099609,22006,18735,21003,17526,0.450000,-0.550000,0.300000,0.000000,1772830894401.498,0.122556,-0.782911,0.306001,0.000000,0.000000,0.000000,1.000000,position_only
2026-03-06T21:01:34.417402+00:00,1772830894417.401,0.132446,-0.779297,0.306152,-1.195312,-2.066406,1.115234,20258,20532,19227,19260,0.450000,-0.550000,0.300000,0.000000,1772830894410.021,0.124780,-0.781004,0.306030,0.000000,0.000000,0.000000,1.000000,position_only
2026-03-06T21:01:34.426712+00:00,1772830894426.712,0.135376,-0.776855,0.306152,-1.122070,-1.937500,1.111328,20368,20403,19532,19009,0.450000,-0.550000,0.300000,0.000000,1772830894418.767,0.127040,-0.779104,0.305966,0.000000,0.000000,0.000000,1.000000,position_only
2026-03-06T21:01:34.436816+00:00,1772830894436.815,0.138306,-0.774414,0.305908,-1.034180,-1.799805,1.132812,22047,18850,21275,17167,0.450000,-0.550000,0.300000,0.000000,1772830894436.048,0.131515,-0.775154,0.305905,0.000000,0.000000,0.000000,1.000000,position_only
2026-03-06T21:01:34.446824+00:00,1772830894446.823,0.141235,-0.771973,0.305908,-0.932129,-1.622070,1.182617,21901,18964,21355,17143,0.450000,-0.550000,0.300000,0.000000,1772830894444.531,0.133807,-0.773255,0.305924,0.000000,0.000000,0.000000,1.000000,position_only
2026-03-06T21:01:34.456724+00:00,1772830894456.724,0.144043,-0.769531,0.305908,-0.819824,-1.409180,1.213867,20360,20553,19923,18548,0.450000,-0.550000,0.300000,0.000000,1772830894453.225,0.136075,-0.771255,0.305863,0.000000,0.000000,0.000000,1.000000,position_only
2026-03-06T21:01:34.466575+00:00,1772830894466.575,0.146851,-0.767090,0.305908,-0.705566,-1.185547,1.209961,19783,21115,19419,19080,0.450000,-0.550000,0.300000,0.000000,1772830894461.770,0.138352,-0.769265,0.305834,0.000000,0.000000,0.000000,1.000000,position_only
2026-03-06T21:01:34.476670+00:00,1772830894476.669,0.149048,-0.765137,0.305908,-0.587891,-0.951660,1.216797,21144,19919,20786,17567,0.450000,-0.550000,0.300000,0.000000,1772830894470.353,0.140610,-0.767374,0.305788,0.000000,0.000000,0.000000,1.000000,position_only
2026-03-06T21:01:34.485828+00:00,1772830894485.828,0.152100,-0.762695,0.305908,-0.475098,-0.738281,1.250977,21482,19370,21431,17151,0.450000,-0.550000,0.300000,0.000000,1772830894478.842,0.142855,-0.765409,0.305729,0.000000,0.000000,0.000000,1.000000,position_only
2026-03-06T21:01:34.497194+00:00,1772830894497.193,0.154907,-0.760254,0.305908,-0.387207,-0.536133,1.283203,20633,20244,20556,18026,0.450000,-0.550000,0.300000,0.000000,1772830894496.129,0.147337,-0.761509,0.305646,0.000000,0.000000,0.000000,1.000000,position_only
2026-03-06T21:01:34.507069+00:00,1772830894507.068,0.157715,-0.757812,0.305664,-0.298584,-0.368896,1.284180,19741,21080,19525,19162,0.450000,-0.550000,0.300000,0.000000,1772830894504.652,0.149595,-0.759561,0.305577,0.000000,0.000000,0.000000,1.000000,position_only
2026-03-06T21:01:34.516758+00:00,1772830894516.757,0.160522,-0.755371,0.305664,-0.225952,-0.223022,1.279297,20398,20442,20376,18351,0.450000,-0.550000,0.300000,0.000000,1772830894513.195,0.151869,-0.757513,0.305500,0.000000,0.000000,0.000000,1.000000,position_only
2026-03-06T21:01:34.525857+00:00,1772830894525.856,0.163330,-0.752930,0.305664,-0.146240,-0.088379,1.297852,21042,19837,20915,17840,0.450000,-0.550000,0.300000,0.000000,1772830894521.792,0.154180,-0.755560,0.305416,0.000000,0.000000,0.000000,1.000000,position_only
2026-03-06T21:01:34.536891+00:00,1772830894536.890,0.165283,-0.750977,0.305420,-0.073425,0.012260,1.320312,20838,19953,20640,18265,0.450000,-0.550000,0.300000,0.000000,1772830894530.492,0.156442,-0.753495,0.305331,0.000000,0.000000,0.000000,1.000000,position_only
2026-03-06T21:01:34.547076+00:00,1772830894547.076,0.168213,-0.748535,0.305420,-0.020309,0.065247,1.328125,20351,20634,20050,18755,0.450000,-0.550000,0.300000,0.000000,1772830894539.060,0.158690,-0.751491,0.305278,0.000000,0.000000,0.000000,1.000000,position_only
2026-03-06T21:01:34.556700+00:00,1772830894556.699,0.170898,-0.746094,0.305420,0.053741,0.097778,1.331055,20752,20230,20481,18406,0.450000,-0.550000,0.300000,0.000000,1772830894556.053,0.163118,-0.747516,0.305118,0.000000,0.000000,0.000000,1.000000,position_only
2026-03-06T21:01:34.566664+00:00,1772830894566.663,0.173584,-0.743652,0.305176,0.128174,0.135864,1.348633,20996,20009,20683,18283,0.450000,-0.550000,0.300000,0.000000,1772830894564.770,0.165331,-0.745559,0.305089,0.000000,0.000000,0.000000,1.000000,position_only
2026-03-06T21:01:34.577458+00:00,1772830894577.458,0.176270,-0.741211,0.305176,0.188843,0.130859,1.363281,20736,20349,20158,18813,0.450000,-0.550000,0.300000,0.000000,1772830894573.277,0.167496,-0.743547,0.304940,0.000000,0.000000,0.000000,1.000000,position_only
2026-03-06T21:01:34.587361+00:00,1772830894587.360,0.178833,-0.738770,0.305176,0.268555,0.111206,1.370117,20564,20560,20236,18768,0.450000,-0.550000,0.300000,0.000000,1772830894581.944,0.169760,-0.741552,0.304885,0.000000,0.000000,0.000000,1.000000,position_only
2026-03-06T21:01:34.597372+00:00,1772830894597.372,0.180908,-0.736816,0.304932,0.352783,0.125488,1.382812,21194,20054,20800,18169,0.450000,-0.550000,0.300000,0.000000,1772830894590.611,0.174165,-0.737618,0.304671,0.000000,0.000000,0.000000,1.000000,position_only
2026-03-06T21:01:34.607473+00:00,1772830894607.473,0.183472,-0.734375,0.304932,0.439941,0.136963,1.397461,20553,20726,20129,18894,0.450000,-0.550000,0.300000,0.000000,1772830894599.118,0.176355,-0.735578,0.304608,0.000000,0.000000,0.000000,1.000000,position_only
2026-03-06T21:01:34.617341+00:00,1772830894617.341,0.186279,-0.731934,0.304688,0.530273,0.131226,1.396484,20278,21118,19910,19098,0.450000,-0.550000,0.300000,0.000000,1772830894616.098,0.180698,-0.731679,0.304362,0.000000,0.000000,0.000000,1.000000,position_only
2026-03-06T21:01:34.627290+00:00,1772830894627.290,0.188965,-0.729492,0.304688,0.633789,0.156128,1.401367,21086,20418,20707,18275,0.450000,-0.550000,0.300000,0.000000,1772830894624.594,0.182786,-0.729768,0.304259,0.000000,0.000000,0.000000,1.000000,position_only
2026-03-06T21:01:34.637088+00:00,1772830894637.088,0.191650,-0.727051,0.304443,0.740723,0.156738,1.414062,20615,21005,20042,18899,0.450000,-0.550000,0.300000,0.000000,1772830894633.177,0.184908,-0.727814,0.304161,0.000000,0.000000,0.000000,1.000000,position_only
2026-03-06T21:01:34.646837+00:00,1772830894646.837,0.194214,-0.724609,0.304199,0.856445,0.154785,1.409180,20252,21454,19749,19185,0.450000,-0.550000,0.300000,0.000000,1772830894641.698,0.187087,-0.725915,0.304025,0.000000,0.000000,0.000000,1.000000,position_only
2026-03-06T21:01:34.657491+00:00,1772830894657.490,0.196045,-0.722656,0.304199,0.980469,0.167603,1.402344,20418,21355,19714,19220,0.450000,-0.550000,0.300000,0.000000,1772830894650.192,0.187087,-0.725915,0.304025,0.000000,0.000000,0.000000,1.000000,position_only
2026-03-06T21:01:34.667345+00:00,1772830894667.345,0.198730,-0.720215,0.303955,1.106445,0.136963,1.413086,21431,20492,20651,18184,0.450000,-0.550000,0.300000,0.000000,1772830894658.724,0.191272,-0.722131,0.303853,0.000000,0.000000,0.000000,1.000000,position_only
2026-03-06T21:01:34.677270+00:00,1772830894677.270,0.201416,-0.717773,0.303955,1.246094,0.107361,1.428711,21084,20991,20128,18577,0.450000,-0.550000,0.300000,0.000000,1772830894675.968,0.195479,-0.718359,0.303677,0.000000,0.000000,0.000000,1.000000,position_only
2026-03-06T21:01:34.686988+00:00,1772830894686.988,0.203979,-0.715332,0.303711,1.395508,0.047821,1.424805,20707,21466,19585,19017,0.450000,-0.550000,0.300000,0.000000,1772830894684.710,0.197590,-0.716409,0.303621,0.000000,0.000000,0.000000,1.000000,position_only
2026-03-06T21:01:34.696904+00:00,1772830894696.903,0.206421,-0.713379,0.303711,1.547852,-0.018646,1.423828,21175,20993,19814,18759,0.450000,-0.550000,0.300000,0.000000,1772830894693.224,0.199632,-0.714565,0.303565,0.000000,0.000000,0.000000,1.000000,position_only
2026-03-06T21:01:34.706866+00:00,1772830894706.865,0.208862,-0.710938,0.303467,1.700195,-0.114441,1.437500,21656,20523,20114,18395,0.450000,-0.550000,0.300000,0.000000,1772830894701.712,0.201731,-0.712754,0.303516,0.000000,0.000000,0.000000,1.000000,position_only
2026-03-06T21:01:34.716998+00:00,1772830894716.998,0.210815,-0.708984,0.303467,1.828125,-0.230469,1.452148,21081,20910,19478,19195,0.450000,-0.550000,0.300000,0.000000,1772830894710.210,0.203802,-0.710854,0.303408,0.000000,0.000000,0.000000,1.000000,position_only
2026-03-06T21:01:34.726888+00:00,1772830894726.888,0.213379,-0.706543,0.303467,1.902344,-0.395020,1.456055,20992,20876,19331,19403,0.450000,-0.550000,0.300000,0.000000,1772830894718.768,0.205903,-0.709131,0.303361,0.000000,0.000000,0.000000,1.000000,position_only
2026-03-06T21:01:34.737032+00:00,1772830894737.031,0.215942,-0.704590,0.303467,1.945312,-0.582520,1.466797,21664,20209,20062,18625,0.450000,-0.550000,0.300000,0.000000,1772830894736.118,0.210183,-0.705541,0.303320,0.000000,0.000000,0.000000,1.000000,position_only
2026-03-06T21:01:34.747576+00:00,1772830894747.576,0.218384,-0.702637,0.303223,1.986328,-0.745117,1.482422,21456,20337,19633,19054,0.450000,-0.550000,0.300000,0.000000,1772830894744.587,0.212210,-0.703762,0.303298,0.000000,0.000000,0.000000,1.000000,position_only
2026-03-06T21:01:34.757372+00:00,1772830894757.371,0.220825,-0.700684,0.303223,2.007812,-0.907227,1.497070,21480,20207,19884,18823,0.450000,-0.550000,0.300000,0.000000,1772830894753.118,0.214352,-0.702058,0.303301,0.000000,0.000000,0.000000,1.000000,position_only
2026-03-06T21:01:34.767112+00:00,1772830894767.111,0.223267,-0.698730,0.303223,2.005859,-1.041016,1.509766,21156,20436,19535,19170,0.450000,-0.550000,0.300000,0.000000,1772830894761.743,0.216450,-0.700399,0.303260,0.000000,0.000000,0.000000,1.000000,position_only
2026-03-06T21:01:34.776842+00:00,1772830894776.841,0.225220,-0.696777,0.303223,1.992188,-1.135742,1.518555,21381,20134,19928,18740,0.450000,-0.550000,0.300000,0.000000,1772830894770.360,0.218525,-0.698642,0.303252,0.000000,0.000000,0.000000,1.000000,position_only
2026-03-06T21:01:34.787333+00:00,1772830894787.332,0.227783,-0.694824,0.303223,1.968750,-1.181641,1.538086,21279,20189,19915,18679,0.450000,-0.550000,0.300000,0.000000,1772830894778.825,0.220587,-0.696877,0.303304,0.000000,0.000000,0.000000,1.000000,position_only
2026-03-06T21:01:34.797130+00:00,1772830894797.129,0.230225,-0.692871,0.303223,1.934570,-1.238281,1.542969,20327,20963,19016,19629,0.450000,-0.550000,0.300000,0.000000,1772830894795.940,0.224768,-0.693626,0.303328,0.000000,0.000000,0.000000,1.000000,position_only
2026-03-06T21:01:34.807689+00:00,1772830894807.688,0.232788,-0.690918,0.303467,1.889648,-1.254883,1.534180,20673,20575,19422,19151,0.450000,-0.550000,0.300000,0.000000,1772830894804.496,0.226866,-0.691997,0.303397,0.000000,0.000000,0.000000,1.000000,position_only
2026-03-06T21:01:34.818187+00:00,1772830894818.186,0.235229,-0.688965,0.303467,1.847656,-1.273438,1.537109,21342,19844,19957,18556,0.450000,-0.550000,0.300000,0.000000,1772830894813.054,0.229014,-0.690435,0.303464,0.000000,0.000000,0.000000,1.000000,position_only
2026-03-06T21:01:34.826788+00:00,1772830894826.787,0.237305,-0.687500,0.303467,1.802734,-1.299805,1.550781,21102,20002,19546,18920,0.450000,-0.550000,0.300000,0.000000,1772830894821.529,0.231090,-0.688793,0.303494,0.000000,0.000000,0.000000,1.000000,position_only
2026-03-06T21:01:34.837248+00:00,1772830894837.247,0.239746,-0.685547,0.303467,1.746094,-1.317383,1.552734,20724,20307,19417,19036,0.450000,-0.550000,0.300000,0.000000,1772830894830.064,0.233194,-0.687222,0.303480,0.000000,0.000000,0.000000,1.000000,position_only
2026-03-06T21:01:34.847063+00:00,1772830894847.062,0.242310,-0.684082,0.303711,1.688477,-1.327148,1.553711,20881,20070,19427,18938,0.450000,-0.550000,0.300000,0.000000,1772830894838.711,0.235298,-0.685764,0.303604,0.000000,0.000000,0.000000,1.000000,position_only
2026-03-06T21:01:34.856998+00:00,1772830894856.997,0.244873,-0.682129,0.303711,1.611328,-1.311523,1.564453,21039,19777,19778,18598,0.450000,-0.550000,0.300000,0.000000,1772830894855.801,0.239667,-0.682700,0.303723,0.000000,0.000000,0.000000,1.000000,position_only
2026-03-06T21:01:34.867624+00:00,1772830894867.623,0.247437,-0.680664,0.303955,1.545898,-1.282227,1.573242,20331,20455,18915,19405,0.450000,-0.550000,0.300000,0.000000,1772830894864.419,0.241769,-0.681229,0.303779,0.000000,0.000000,0.000000,1.000000,position_only
2026-03-06T21:01:34.878347+00:00,1772830894878.346,0.250000,-0.678711,0.303955,1.479492,-1.246094,1.565430,20204,20500,19086,19246,0.450000,-0.550000,0.300000,0.000000,1772830894873.117,0.243929,-0.679673,0.303812,0.000000,0.000000,0.000000,1.000000,position_only
2026-03-06T21:01:34.887158+00:00,1772830894887.157,0.252441,-0.677246,0.304199,1.404297,-1.198242,1.562500,20912,19816,19817,18434,0.450000,-0.550000,0.300000,0.000000,1772830894881.759,0.246040,-0.678165,0.303937,0.000000,0.000000,0.000000,1.000000,position_only
2026-03-06T21:01:34.896833+00:00,1772830894896.832,0.254639,-0.675781,0.304199,1.349609,-1.078125,1.579102,21262,19479,20357,17838,0.450000,-0.550000,0.300000,0.000000,1772830894890.515,0.250415,-0.675177,0.304105,0.000000,0.000000,0.000000,1.000000,position_only
2026-03-06T21:01:34.907384+00:00,1772830894907.383,0.257568,-0.673828,0.304199,1.292969,-0.987305,1.583984,20100,20620,19011,19124,0.450000,-0.550000,0.300000,0.000000,1772830894899.121,0.252545,-0.673821,0.304145,0.000000,0.000000,0.000000,1.000000,position_only
2026-03-06T21:01:34.917279+00:00,1772830894917.279,0.260254,-0.672363,0.304443,1.254883,-0.856934,1.574219,20113,20464,19267,18937,0.450000,-0.550000,0.300000,0.000000,1772830894916.105,0.256952,-0.671023,0.304304,0.000000,0.000000,0.000000,1.000000,position_only
2026-03-06T21:01:34.927819+00:00,1772830894927.819,0.262939,-0.670410,0.304443,1.204102,-0.749023,1.566406,20262,20358,19387,18697,0.450000,-0.550000,0.300000,0.000000,1772830894924.706,0.259162,-0.669576,0.304369,0.000000,0.000000,0.000000,1.000000,position_only
2026-03-06T21:01:34.938622+00:00,1772830894938.621,0.265625,-0.668945,0.304688,1.169922,-0.593262,1.570312,20799,19739,20035,18055,0.450000,-0.550000,0.300000,0.000000,1772830894933.322,0.261274,-0.668244,0.304363,0.000000,0.000000,0.000000,1.000000,position_only
2026-03-06T21:01:34.947053+00:00,1772830894947.052,0.268311,-0.667480,0.304688,1.119141,-0.440674,1.579102,20351,20142,19543,18553,0.450000,-0.550000,0.300000,0.000000,1772830894941.916,0.263474,-0.666928,0.304469,0.000000,0.000000,0.000000,1.000000,position_only
2026-03-06T21:01:34.956824+00:00,1772830894956.823,0.270752,-0.665527,0.304932,1.073242,-0.305908,1.575195,20257,20261,19423,18626,0.450000,-0.550000,0.300000,0.000000,1772830894950.430,0.265596,-0.665497,0.304530,0.000000,0.000000,0.000000,1.000000,position_only
2026-03-06T21:01:34.967588+00:00,1772830894967.587,0.273438,-0.664062,0.304932,1.042969,-0.180908,1.565430,19882,20633,18963,19118,0.450000,-0.550000,0.300000,0.000000,1772830894959.185,0.267743,-0.664145,0.304639,0.000000,0.000000,0.000000,1.000000,position_only
2026-03-06T21:01:34.977376+00:00,1772830894977.375,0.276123,-0.662598,0.304932,1.028320,-0.105164,1.555664,20699,19920,19771,18215,0.450000,-0.550000,0.300000,0.000000,1772830894976.282,0.272060,-0.661357,0.304734,0.000000,0.000000,0.000000,1.000000,position_only
2026-03-06T21:01:34.987853+00:00,1772830894987.853,0.278809,-0.661133,0.305176,1.030273,0.009903,1.570312,20876,19863,19584,18290,0.450000,-0.550000,0.300000,0.000000,1772830894984.891,0.274250,-0.660052,0.304789,0.000000,0.000000,0.000000,1.000000,position_only
2026-03-06T21:01:34.997590+00:00,1772830894997.590,0.281494,-0.659668,0.305176,1.042969,0.096008,1.572266,20278,20407,19180,18769,0.450000,-0.550000,0.300000,0.000000,1772830894993.396,0.276428,-0.658751,0.304792,0.000000,0.000000,0.000000,1.000000,position_only
2026-03-06T21:01:35.007489+00:00,1772830895007.489,0.283936,-0.657715,0.305176,1.060547,0.184570,1.564453,20281,20601,19146,18663,0.450000,-0.550000,0.300000,0.000000,1772830895002.155,0.278522,-0.657471,0.304763,0.000000,0.000000,0.000000,1.000000,position_only
2026-03-06T21:01:35.018158+00:00,1772830895018.157,0.286133,-0.656250,0.305176,1.088867,0.309326,1.568359,21080,19777,20047,17840,0.450000,-0.550000,0.300000,0.000000,1772830895010.838,0.280631,-0.656223,0.304768,0.000000,0.000000,0.000000,1.000000,position_only
2026-03-06T21:01:35.027112+00:00,1772830895027.112,0.288818,-0.654785,0.305176,1.126953,0.411377,1.579102,20754,20143,19482,18503,0.450000,-0.550000,0.300000,0.000000,1772830895019.348,0.282809,-0.654973,0.304733,0.000000,0.000000,0.000000,1.000000,position_only
2026-03-06T21:01:35.037889+00:00,1772830895037.888,0.291504,-0.653320,0.305176,1.161133,0.470947,1.579102,20615,20394,19376,18583,0.450000,-0.550000,0.300000,0.000000,1772830895036.588,0.287084,-0.652508,0.304755,0.000000,0.000000,0.000000,1.000000,position_only
2026-03-06T21:01:35.047822+00:00,1772830895047.821,0.293945,-0.651855,0.305176,1.199219,0.536621,1.576172,20632,20477,19367,18583,0.450000,-0.550000,0.300000,0.000000,1772830895045.104,0.289275,-0.651268,0.304673,0.000000,0.000000,0.000000,1.000000,position_only
2026-03-06T21:01:35.058466+00:00,1772830895058.466,0.296387,-0.650391,0.305176,1.242188,0.612793,1.577148,20705,20377,19358,18705,0.450000,-0.550000,0.300000,0.000000,1772830895053.611,0.291320,-0.649921,0.304686,0.000000,0.000000,0.000000,1.000000,position_only
2026-03-06T21:01:35.068163+00:00,1772830895068.162,0.298828,-0.649414,0.305176,1.263672,0.653809,1.583008,21320,19804,20027,18096,0.450000,-0.550000,0.300000,0.000000,1772830895062.130,0.293506,-0.648778,0.304654,0.000000,0.000000,0.000000,1.000000,position_only
2026-03-06T21:01:35.078106+00:00,1772830895078.106,0.301025,-0.647949,0.305176,1.282227,0.723145,1.597656,20892,20257,19583,18616,0.450000,-0.550000,0.300000,0.000000,1772830895070.881,0.295523,-0.647593,0.304684,0.000000,0.000000,0.000000,1.000000,position_only
2026-03-06T21:01:35.087882+00:00,1772830895087.880,0.303467,-0.646484,0.305176,1.296875,0.744629,1.601562,20926,20220,19715,18560,0.450000,-0.550000,0.300000,0.000000,1772830895079.427,0.297559,-0.646402,0.304609,0.000000,0.000000,0.000000,1.000000,position_only
2026-03-06T21:01:35.097922+00:00,1772830895097.922,0.305908,-0.645020,0.304932,1.311523,0.802734,1.607422,20663,20588,19195,19036,0.450000,-0.550000,0.300000,0.000000,1772830895096.481,0.301716,-0.644045,0.304453,0.000000,0.000000,0.000000,1.000000,position_only
2026-03-06T21:01:35.107620+00:00,1772830895107.619,0.308350,-0.643555,0.304932,1.305664,0.785645,1.602539,20871,20292,19415,18964,0.450000,-0.550000,0.300000,0.000000,1772830895104.980,0.303666,-0.642877,0.304436,0.000000,0.000000,0.000000,1.000000,position_only
2026-03-06T21:01:35.118121+00:00,1772830895118.121,0.310791,-0.642578,0.304932,1.293945,0.760742,1.613281,21343,19768,19933,18567,0.450000,-0.550000,0.300000,0.000000,1772830895113.791,0.305740,-0.641807,0.304329,0.000000,0.000000,0.000000,1.000000,position_only
2026-03-06T21:01:35.127265+00:00,1772830895127.264,0.312988,-0.641113,0.304932,1.254883,0.741211,1.627930,21041,20093,19707,18877,0.450000,-0.550000,0.300000,0.000000,1772830895122.303,0.307807,-0.640598,0.304251,0.000000,0.000000,0.000000,1.000000,position_only
2026-03-06T21:01:35.137887+00:00,1772830895137.886,0.314941,-0.639648,0.304688,1.199219,0.741699,1.633789,20767,20271,19582,19192,0.450000,-0.550000,0.300000,0.000000,1772830895130.757,0.309824,-0.639446,0.304186,0.000000,0.000000,0.000000,1.000000,position_only
2026-03-06T21:01:35.148446+00:00,1772830895148.445,0.317383,-0.638672,0.304688,1.127930,0.724609,1.632812,20773,20195,19547,19354,0.450000,-0.550000,0.300000,0.000000,1772830895148.086,0.313891,-0.637207,0.304017,0.000000,0.000000,0.000000,1.000000,position_only
2026-03-06T21:01:35.158426+00:00,1772830895158.426,0.319824,-0.637207,0.304688,1.045898,0.709473,1.638672,21168,19759,20263,18723,0.450000,-0.550000,0.300000,0.000000,1772830895156.586,0.315854,-0.636104,0.303900,0.000000,0.000000,0.000000,1.000000,position_only
2026-03-06T21:01:35.168146+00:00,1772830895168.146,0.322021,-0.636230,0.304443,0.963379,0.752441,1.660156,21419,19476,20642,18389,0.450000,-0.550000,0.300000,0.000000,1772830895165.084,0.317803,-0.635035,0.303763,0.000000,0.000000,0.000000,1.000000,position_only
2026-03-06T21:01:35.178990+00:00,1772830895178.990,0.324219,-0.634766,0.304443,0.882324,0.818848,1.678711,20688,20237,19869,19149,0.450000,-0.550000,0.300000,0.000000,1772830895173.645,0.319734,-0.633845,0.303795,0.000000,0.000000,0.000000,1.000000,position_only
2026-03-06T21:01:35.188084+00:00,1772830895188.084,0.326172,-0.633301,0.304199,0.815430,0.899902,1.678711,20448,20595,19830,19098,0.450000,-0.550000,0.300000,0.000000,1772830895182.310,0.323469,-0.631784,0.303590,0.000000,0.000000,0.000000,1.000000,position_only
2026-03-06T21:01:35.197993+00:00,1772830895197.993,0.328613,-0.632324,0.304199,0.773926,0.990723,1.681641,20600,20466,19953,18991,0.450000,-0.550000,0.300000,0.000000,1772830895190.831,0.325420,-0.630629,0.303574,0.000000,0.000000,0.000000,1.000000,position_only
2026-03-06T21:01:35.208210+00:00,1772830895208.210,0.330811,-0.630859,0.304199,0.747559,1.079102,1.686523,20772,20289,20133,18835,0.450000,-0.550000,0.300000,0.000000,1772830895207.821,0.329075,-0.628510,0.303385,0.000000,0.000000,0.000000,1.000000,position_only
2026-03-06T21:01:35.218264+00:00,1772830895218.263,0.333252,-0.629883,0.303955,0.718750,1.147461,1.691406,20937,20180,20268,18638,0.450000,-0.550000,0.300000,0.000000,1772830895216.602,0.330963,-0.627497,0.303370,0.000000,0.000000,0.000000,1.000000,position_only
2026-03-06T21:01:35.227983+00:00,1772830895227.981,0.335449,-0.628418,0.303955,0.702637,1.214844,1.706055,21059,19903,20440,18606,0.450000,-0.550000,0.300000,0.000000,1772830895225.316,0.332758,-0.626486,0.303289,0.000000,0.000000,0.000000,1.000000,position_only
2026-03-06T21:01:35.237662+00:00,1772830895237.661,0.337646,-0.627441,0.303955,0.681152,1.263672,1.716797,20735,20386,20006,18866,0.450000,-0.550000,0.300000,0.000000,1772830895233.872,0.334563,-0.625434,0.303285,0.000000,0.000000,0.000000,1.000000,position_only
2026-03-06T21:01:35.248385+00:00,1772830895248.384,0.339600,-0.625977,0.303711,0.678711,1.304688,1.725586,20610,20488,19639,19228,0.450000,-0.550000,0.300000,0.000000,1772830895242.414,0.336424,-0.624445,0.303210,0.000000,0.000000,0.000000,1.000000,position_only
2026-03-06T21:01:35.258332+00:00,1772830895258.331,0.341553,-0.625000,0.303711,0.667480,1.277344,1.721680,20863,20182,19822,19089,0.450000,-0.550000,0.300000,0.000000,1772830895251.028,0.338107,-0.623380,0.303152,0.000000,0.000000,0.000000,1.000000,position_only
2026-03-06T21:01:35.268026+00:00,1772830895268.025,0.343750,-0.623535,0.303711,0.687988,1.242188,1.733398,21728,19450,20532,18167,0.450000,-0.550000,0.300000,0.000000,1772830895259.587,0.339941,-0.622375,0.303154,0.000000,0.000000,0.000000,1.000000,position_only
2026-03-06T21:01:35.278217+00:00,1772830895278.217,0.345947,-0.622559,0.303711,0.728027,1.224609,1.760742,21461,19618,20178,18539,0.450000,-0.550000,0.300000,0.000000,1772830895276.708,0.343426,-0.620384,0.303112,0.000000,0.000000,0.000000,1.000000,position_only
2026-03-06T21:01:35.287994+00:00,1772830895287.993,0.347900,-0.621094,0.303711,0.761230,1.154297,1.768555,20946,20155,19503,19112,0.450000,-0.550000,0.300000,0.000000,1772830895285.388,0.345093,-0.619374,0.303125,0.000000,0.000000,0.000000,1.000000,position_only
2026-03-06T21:01:35.298311+00:00,1772830895298.311,0.349854,-0.620117,0.303711,0.802734,1.080078,1.769531,20875,20183,19278,19312,0.450000,-0.550000,0.300000,0.000000,1772830895293.917,0.346861,-0.618386,0.303087,0.000000,0.000000,0.000000,1.000000,position_only
2026-03-06T21:01:35.308189+00:00,1772830895308.189,0.351807,-0.618652,0.303711,0.845215,0.994629,1.775391,21708,19327,20075,18485,0.450000,-0.550000,0.300000,0.000000,1772830895302.415,0.348493,-0.617376,0.303101,0.000000,0.000000,0.000000,1.000000,position_only
2026-03-06T21:01:35.318830+00:00,1772830895318.829,0.353760,-0.617676,0.303711,0.891602,0.903809,1.798828,21775,19289,19997,18510,0.450000,-0.550000,0.300000,0.000000,1772830895310.976,0.350188,-0.616430,0.303118,0.000000,0.000000,0.000000,1.000000,position_only
2026-03-06T21:01:35.329019+00:00,1772830895329.018,0.355713,-0.616699,0.303711,0.936523,0.820312,1.818359,21070,19915,19386,19152,0.450000,-0.550000,0.300000,0.000000,1772830895328.094,0.353507,-0.614440,0.303094,0.000000,0.000000,0.000000,1.000000,position_only
2026-03-06T21:01:35.337889+00:00,1772830895337.887,0.357666,-0.615234,0.303711,0.977051,0.733398,1.819336,20996,19946,19450,19131,0.450000,-0.550000,0.300000,0.000000,1772830895336.588,0.355196,-0.613511,0.303023,0.000000,0.000000,0.000000,1.000000,position_only
2026-03-06T21:01:35.348341+00:00,1772830895348.341,0.359619,-0.614258,0.303711,0.997070,0.680176,1.822266,21223,19729,19435,19140,0.450000,-0.550000,0.300000,0.000000,1772830895345.222,0.356816,-0.612530,0.302978,0.000000,0.000000,0.000000,1.000000,position_only
2026-03-06T21:01:35.359144+00:00,1772830895359.143,0.361328,-0.613281,0.303711,1.023438,0.625977,1.839844,21883,19048,20323,18278,0.450000,-0.550000,0.300000,0.000000,1772830895353.705,0.358454,-0.611658,0.303053,0.000000,0.000000,0.000000,1.000000,position_only
2026-03-06T21:01:35.369042+00:00,1772830895369.041,0.363037,-0.611816,0.303711,1.033203,0.615723,1.868164,21633,19227,20262,18428,0.450000,-0.550000,0.300000,0.000000,1772830895362.385,0.359982,-0.610655,0.303022,0.000000,0.000000,0.000000,1.000000,position_only
2026-03-06T21:01:35.378111+00:00,1772830895378.110,0.364990,-0.610840,0.303711,1.032227,0.634766,1.882812,20701,20051,19530,19291,0.450000,-0.550000,0.300000,0.000000,1772830895370.969,0.361629,-0.609792,0.302948,0.000000,0.000000,0.000000,1.000000,position_only
2026-03-06T21:01:35.387833+00:00,1772830895387.833,0.366699,-0.609863,0.303711,1.017578,0.668945,1.879883,20466,20339,19303,19503,0.450000,-0.550000,0.300000,0.000000,1772830895379.592,0.363058,-0.608807,0.302981,0.000000,0.000000,0.000000,1.000000,position_only
2026-03-06T21:01:35.397747+00:00,1772830895397.746,0.368652,-0.608887,0.303711,0.991699,0.720703,1.884766,21537,19259,20668,18177,0.450000,-0.550000,0.300000,0.000000,1772830895396.724,0.366129,-0.606989,0.302887,0.000000,0.000000,0.000000,1.000000,position_only
2026-03-06T21:01:35.408511+00:00,1772830895408.510,0.370361,-0.607910,0.303711,0.974121,0.822266,1.919922,21703,19059,21000,17916,0.450000,-0.550000,0.300000,0.000000,1772830895405.434,0.367723,-0.606069,0.302912,0.000000,0.000000,0.000000,1.000000,position_only
2026-03-06T21:01:35.419095+00:00,1772830895419.094,0.372070,-0.606445,0.303467,0.940430,0.921875,1.939453,20274,20422,19633,19386,0.450000,-0.550000,0.300000,0.000000,1772830895414.043,0.369170,-0.605155,0.302929,0.000000,0.000000,0.000000,1.000000,position_only
2026-03-06T21:01:35.429090+00:00,1772830895429.090,0.373779,-0.605469,0.303467,0.913086,1.029297,1.929688,20509,20329,19934,18968,0.450000,-0.550000,0.300000,0.000000,1772830895422.531,0.370651,-0.604300,0.302893,0.000000,0.000000,0.000000,1.000000,position_only
2026-03-06T21:01:35.438770+00:00,1772830895438.769,0.375488,-0.604492,0.303467,0.911621,1.163086,1.942383,21455,19501,20805,18004,0.450000,-0.550000,0.300000,0.000000,1772830895431.185,0.372057,-0.603399,0.302848,0.000000,0.000000,0.000000,1.000000,position_only
2026-03-06T21:01:35.447826+00:00,1772830895447.826,0.377197,-0.603516,0.303467,0.927246,1.264648,1.960938,21082,19808,20305,18562,0.450000,-0.550000,0.300000,0.000000,1772830895440.017,0.373584,-0.602556,0.302829,0.000000,0.000000,0.000000,1.000000,position_only
2026-03-06T21:01:35.459215+00:00,1772830895459.213,0.378906,-0.602539,0.303467,0.935059,1.330078,1.972656,20655,20222,19899,18978,0.450000,-0.550000,0.300000,0.000000,1772830895457.703,0.377749,-0.600022,0.302774,0.000000,0.000000,0.000000,1.000000,position_only
2026-03-06T21:01:35.469190+00:00,1772830895469.189,0.380615,-0.601562,0.303467,0.951660,1.410156,1.980469,20853,20088,20100,18724,0.450000,-0.550000,0.300000,0.000000,1772830895466.234,0.377749,-0.600022,0.302774,0.000000,0.000000,0.000000,1.000000,position_only
2026-03-06T21:01:35.479738+00:00,1772830895479.737,0.382324,-0.600586,0.303467,0.973145,1.457031,1.989258,21096,19942,20181,18535,0.450000,-0.550000,0.300000,0.000000,1772830895474.735,0.380551,-0.598363,0.302776,0.000000,0.000000,0.000000,1.000000,position_only
2026-03-06T21:01:35.489013+00:00,1772830895489.013,0.383789,-0.599609,0.303467,1.001953,1.493164,1.996094,21053,19915,20017,18727,0.450000,-0.550000,0.300000,0.000000,1772830895483.314,0.381806,-0.597577,0.302759,0.000000,0.000000,0.000000,1.000000,position_only
2026-03-06T21:01:35.498990+00:00,1772830895498.989,0.385498,-0.598633,0.303467,1.022461,1.514648,2.007812,21328,19614,20329,18382,0.450000,-0.550000,0.300000,0.000000,1772830895491.767,0.383224,-0.596787,0.302755,0.000000,0.000000,0.000000,1.000000,position_only
2026-03-06T21:01:35.508205+00:00,1772830895508.204,0.386963,-0.597656,0.303467,1.057617,1.517578,2.025391,21086,19807,19946,18747,0.450000,-0.550000,0.300000,0.000000,1772830895500.262,0.384428,-0.595989,0.302810,0.000000,0.000000,0.000000,1.000000,position_only
2026-03-06T21:01:35.518986+00:00,1772830895518.986,0.388672,-0.596680,0.303467,1.085938,1.511719,2.033203,20834,20080,19745,18869,0.450000,-0.550000,0.300000,0.000000,1772830895517.272,0.387067,-0.594380,0.302793,0.000000,0.000000,0.000000,1.000000,position_only
2026-03-06T21:01:35.528819+00:00,1772830895528.818,0.390137,-0.595703,0.303467,1.101562,1.478516,2.037109,20866,19927,19638,19046,0.450000,-0.550000,0.300000,0.000000,1772830895525.755,0.388314,-0.593651,0.302807,0.000000,0.000000,0.000000,1.000000,position_only
2026-03-06T21:01:35.539000+00:00,1772830895538.999,0.391602,-0.594727,0.303467,1.116211,1.432617,2.050781,21208,19512,19909,18816,0.450000,-0.550000,0.300000,0.000000,1772830895534.402,0.389571,-0.592901,0.302869,0.000000,0.000000,0.000000,1.000000,position_only
2026-03-06T21:01:35.548079+00:00,1772830895548.078,0.393066,-0.593750,0.303467,1.111328,1.355469,2.064453,20919,19772,19727,19005,0.450000,-0.550000,0.300000,0.000000,1772830895542.886,0.390888,-0.592103,0.302824,0.000000,0.000000,0.000000,1.000000,position_only
2026-03-06T21:01:35.559286+00:00,1772830895559.286,0.394531,-0.593262,0.303467,1.089844,1.289062,2.074219,21431,19089,20285,18615,0.450000,-0.550000,0.300000,0.000000,1772830895551.401,0.392120,-0.591357,0.302878,0.000000,0.000000,0.000000,1.000000,position_only
2026-03-06T21:01:35.568281+00:00,1772830895568.280,0.395752,-0.592285,0.303467,1.067383,1.233398,2.093750,20852,19674,19662,19251,0.450000,-0.550000,0.300000,0.000000,1772830895559.873,0.393213,-0.590596,0.302906,0.000000,0.000000,0.000000,1.000000,position_only
2026-03-06T21:01:35.579565+00:00,1772830895579.564,0.397217,-0.591309,0.303467,1.027344,1.168945,2.095703,20564,19855,19575,19457,0.450000,-0.550000,0.300000,0.000000,1772830895576.963,0.395602,-0.589156,0.302967,0.000000,0.000000,0.000000,1.000000,position_only
2026-03-06T21:01:35.589303+00:00,1772830895589.303,0.398682,-0.590332,0.303467,0.983887,1.130859,2.105469,20825,19632,19688,19296,0.450000,-0.550000,0.300000,0.000000,1772830895585.494,0.396724,-0.588384,0.303021,0.000000,0.000000,0.000000,1.000000,position_only
2026-03-06T21:01:35.598300+00:00,1772830895598.300,0.399902,-0.589355,0.303467,0.950684,1.077148,2.121094,21426,19086,20466,18459,0.450000,-0.550000,0.300000,0.000000,1772830895593.934,0.397894,-0.587733,0.302999,0.000000,0.000000,0.000000,1.000000,position_only
2026-03-06T21:01:35.608183+00:00,1772830895608.182,0.401123,-0.588867,0.303467,0.924805,1.080078,2.148438,21632,18815,20855,18136,0.450000,-0.550000,0.300000,0.000000,1772830895602.412,0.398930,-0.587038,0.303041,0.000000,0.000000,0.000000,1.000000,position_only
2026-03-06T21:01:35.618926+00:00,1772830895618.924,0.402588,-0.587891,0.303711,0.897461,1.120117,2.166016,20452,19952,19862,19183,0.450000,-0.550000,0.300000,0.000000,1772830895610.873,0.400061,-0.586309,0.303051,0.000000,0.000000,0.000000,1.000000,position_only
2026-03-06T21:01:35.629680+00:00,1772830895629.679,0.403809,-0.586914,0.303711,0.871582,1.170898,2.171875,20780,19685,20366,18618,0.450000,-0.550000,0.300000,0.000000,1772830895627.965,0.402117,-0.584997,0.303078,0.000000,0.000000,0.000000,1.000000,position_only
2026-03-06T21:01:35.639600+00:00,1772830895639.599,0.405029,-0.586426,0.303711,0.855957,1.241211,2.183594,20853,19645,20391,18541,0.450000,-0.550000,0.300000,0.000000,1772830895636.530,0.403128,-0.584259,0.303137,0.000000,0.000000,0.000000,1.000000,position_only
2026-03-06T21:01:35.649082+00:00,1772830895649.081,0.406250,-0.585449,0.303711,0.865234,1.341797,2.199219,21127,19431,20730,18126,0.450000,-0.550000,0.300000,0.000000,1772830895645.104,0.404163,-0.583681,0.303186,0.000000,0.000000,0.000000,1.000000,position_only
2026-03-06T21:01:35.659035+00:00,1772830895659.033,0.407471,-0.584961,0.303711,0.879883,1.427734,2.212891,20559,20129,19924,18763,0.450000,-0.550000,0.300000,0.000000,1772830895653.617,0.405041,-0.582975,0.303225,0.000000,0.000000,0.000000,1.000000,position_only
2026-03-06T21:01:35.668861+00:00,1772830895668.861,0.408691,-0.583984,0.303711,0.930664,1.519531,2.220703,20821,19830,20260,18430,0.450000,-0.550000,0.300000,0.000000,1772830895661.708,0.405983,-0.582351,0.303190,0.000000,0.000000,0.000000,1.000000,position_only
2026-03-06T21:01:35.679454+00:00,1772830895679.454,0.409668,-0.583008,0.303711,0.965820,1.561523,2.232422,21144,19530,20603,18031,0.450000,-0.550000,0.300000,0.000000,1772830895678.800,0.407915,-0.581071,0.303304,0.000000,0.000000,0.000000,1.000000,position_only
2026-03-06T21:01:35.688688+00:00,1772830895688.688,0.410889,-0.582520,0.303955,1.014648,1.600586,2.251953,21395,19325,20658,17890,0.450000,-0.550000,0.300000,0.000000,1772830895687.348,0.408763,-0.580431,0.303329,0.000000,0.000000,0.000000,1.000000,position_only
2026-03-06T21:01:35.699301+00:00,1772830895699.301,0.411865,-0.581543,0.303955,1.065430,1.627930,2.267578,20439,20195,19488,19104,0.450000,-0.550000,0.300000,0.000000,1772830895695.975,0.409612,-0.579811,0.303382,0.000000,0.000000,0.000000,1.000000,position_only
2026-03-06T21:01:35.708316+00:00,1772830895708.315,0.412842,-0.581055,0.303955,1.107422,1.591797,2.259766,20130,20562,18993,19554,0.450000,-0.550000,0.300000,0.000000,1772830895704.508,0.410523,-0.579254,0.303364,0.000000,0.000000,0.000000,1.000000,position_only
2026-03-06T21:01:35.719569+00:00,1772830895719.568,0.413818,-0.580078,0.303955,1.157227,1.549805,2.269531,21520,19240,20458,18021,0.450000,-0.550000,0.300000,0.000000,1772830895713.115,0.411386,-0.578600,0.303392,0.000000,0.000000,0.000000,1.000000,position_only
2026-03-06T21:01:35.728397+00:00,1772830895728.396,0.414551,-0.579590,0.303955,1.195312,1.489258,2.302734,21556,19072,20537,18087,0.450000,-0.550000,0.300000,0.000000,1772830895721.758,0.412147,-0.577989,0.303480,0.000000,0.000000,0.000000,1.000000,position_only
2026-03-06T21:01:35.739291+00:00,1772830895739.291,0.415527,-0.579102,0.303955,1.203125,1.417969,2.316406,20988,19631,19826,18807,0.450000,-0.550000,0.300000,0.000000,1772830895738.906,0.413860,-0.576924,0.303541,0.000000,0.000000,0.000000,1.000000,position_only
2026-03-06T21:01:35.749080+00:00,1772830895749.080,0.416504,-0.578125,0.303955,1.219727,1.304688,2.320312,20813,19814,19413,19184,0.450000,-0.550000,0.300000,0.000000,1772830895747.500,0.414642,-0.576302,0.303643,0.000000,0.000000,0.000000,1.000000,position_only
2026-03-06T21:01:35.758842+00:00,1772830895758.842,0.417480,-0.577637,0.304199,1.231445,1.174805,2.322266,20948,19652,19574,19054,0.450000,-0.550000,0.300000,0.000000,1772830895755.939,0.415373,-0.575740,0.303695,0.000000,0.000000,0.000000,1.000000,position_only
2026-03-06T21:01:35.770321+00:00,1772830895770.321,0.418213,-0.577148,0.304199,1.243164,1.064453,2.345703,22030,18592,20807,17788,0.450000,-0.550000,0.300000,0.000000,1772830895764.715,0.416195,-0.575258,0.303644,0.000000,0.000000,0.000000,1.000000,position_only
2026-03-06T21:01:35.779009+00:00,1772830895779.009,0.418945,-0.576660,0.304199,1.221680,0.963379,2.373047,20890,19487,19633,19176,0.450000,-0.550000,0.300000,0.000000,1772830895773.246,0.416929,-0.574679,0.303687,0.000000,0.000000,0.000000,1.000000,position_only
2026-03-06T21:01:35.789457+00:00,1772830895789.457,0.419678,-0.575684,0.304199,1.192383,0.855957,2.371094,20378,20083,19233,19482,0.450000,-0.550000,0.300000,0.000000,1772830895781.767,0.417551,-0.574178,0.303762,0.000000,0.000000,0.000000,1.000000,position_only
2026-03-06T21:01:35.799236+00:00,1772830895799.235,0.420654,-0.575195,0.304199,1.157227,0.769043,2.375000,21381,18921,20225,18653,0.450000,-0.550000,0.300000,0.000000,1772830895798.975,0.419641,-0.572622,0.303883,0.000000,0.000000,0.000000,1.000000,position_only
2026-03-06T21:01:35.809266+00:00,1772830895809.266,0.421387,-0.574707,0.304199,1.119141,0.672852,2.400391,21633,18788,20402,18352,0.450000,-0.550000,0.300000,0.000000,1772830895807.555,0.420294,-0.572112,0.303928,0.000000,0.000000,0.000000,1.000000,position_only
2026-03-06T21:01:35.818989+00:00,1772830895818.988,0.422119,-0.574219,0.304443,1.091797,0.601074,2.421875,21186,19231,19942,18789,0.450000,-0.550000,0.300000,0.000000,1772830895816.127,0.420852,-0.571662,0.303979,0.000000,0.000000,0.000000,1.000000,position_only
2026-03-06T21:01:35.828468+00:00,1772830895828.468,0.422852,-0.573242,0.304443,1.069336,0.558105,2.429688,20751,19557,19736,19069,0.450000,-0.550000,0.300000,0.000000,1772830895824.987,0.421514,-0.571186,0.303989,0.000000,0.000000,0.000000,1.000000,position_only
2026-03-06T21:01:35.839496+00:00,1772830895839.494,0.423584,-0.572754,0.304443,1.043945,0.532715,2.437500,20820,19615,19920,18765,0.450000,-0.550000,0.300000,0.000000,1772830895833.875,0.422118,-0.570716,0.304034,0.000000,0.000000,0.000000,1.000000,position_only
2026-03-06T21:01:35.848469+00:00,1772830895848.467,0.424561,-0.572266,0.304443,1.021484,0.560547,2.453125,21123,19256,20354,18382,0.450000,-0.550000,0.300000,0.000000,1772830895842.488,0.422719,-0.570262,0.304085,0.000000,0.000000,0.000000,1.000000,position_only
2026-03-06T21:01:35.859447+00:00,1772830895859.447,0.425293,-0.571777,0.304443,1.006836,0.636230,2.476562,21318,19059,20788,17982,0.450000,-0.550000,0.300000,0.000000,1772830895851.516,0.423254,-0.569771,0.304161,0.000000,0.000000,0.000000,1.000000,position_only
2026-03-06T21:01:35.870144+00:00,1772830895870.143,0.426025,-0.571289,0.304443,0.999512,0.727051,2.488281,20527,19904,19957,18793,0.450000,-0.550000,0.300000,0.000000,1772830895868.889,0.424323,-0.568890,0.304228,0.000000,0.000000,0.000000,1.000000,position_only
2026-03-06T21:01:35.878633+00:00,1772830895878.632,0.426758,-0.570801,0.304443,0.985352,0.803223,2.486328,20489,19918,20104,18685,0.450000,-0.550000,0.300000,0.000000,1772830895877.534,0.424912,-0.568395,0.304204,0.000000,0.000000,0.000000,1.000000,position_only
2026-03-06T21:01:35.889171+00:00,1772830895889.170,0.427490,-0.570312,0.304688,0.995605,0.878418,2.494141,21075,19510,20411,18211,0.450000,-0.550000,0.300000,0.000000,1772830895886.296,0.425385,-0.567980,0.304257,0.000000,0.000000,0.000000,1.000000,position_only
2026-03-06T21:01:35.899336+00:00,1772830895899.335,0.427246,-0.570312,0.304443,0.995605,0.878418,2.494141,21253,19262,20550,18125,0.450000,-0.550000,0.300000,0.000000,1772830895895.016,0.425949,-0.567648,0.304279,0.000000,0.000000,0.000000,1.000000,position_only
2026-03-06T21:01:35.909850+00:00,1772830895909.849,0.428467,-0.569336,0.304688,1.011719,0.987305,2.531250,21017,19492,20514,18147,0.450000,-0.550000,0.300000,0.000000,1772830895903.668,0.426444,-0.567256,0.304308,0.000000,0.000000,0.000000,1.000000,position_only
2026-03-06T21:01:35.919813+00:00,1772830895919.813,0.429199,-0.568848,0.304688,1.023438,1.014648,2.537109,20460,20071,19612,19030,0.450000,-0.550000,0.300000,0.000000,1772830895912.231,0.426907,-0.566832,0.304380,0.000000,0.000000,0.000000,1.000000,position_only
2026-03-06T21:01:35.929894+00:00,1772830895929.890,0.429688,-0.568359,0.304688,1.010742,0.979980,2.537109,20322,20051,19371,19435,0.450000,-0.550000,0.300000,0.000000,1772830895928.846,0.427836,-0.566001,0.304488,0.000000,0.000000,0.000000,1.000000,position_only
2026-03-06T21:01:35.940002+00:00,1772830895940.002,0.430176,-0.567871,0.304688,1.011719,0.898926,2.541016,20941,19518,19824,18884,0.450000,-0.550000,0.300000,0.000000,1772830895937.411,0.428351,-0.565661,0.304505,0.000000,0.000000,0.000000,1.000000,position_only
2026-03-06T21:01:35.949265+00:00,1772830895949.265,0.430664,-0.567383,0.304688,1.000977,0.826660,2.566406,21854,18572,20831,17902,0.450000,-0.550000,0.300000,0.000000,1772830895946.129,0.428855,-0.565319,0.304549,0.000000,0.000000,0.000000,1.000000,position_only
2026-03-06T21:01:35.960042+00:00,1772830895960.042,0.430664,-0.567383,0.304688,1.000977,0.826660,2.566406,20872,19654,19619,18967,0.450000,-0.550000,0.300000,0.000000,1772830895954.786,0.429357,-0.565018,0.304541,0.000000,0.000000,0.000000,1.000000,position_only
2026-03-06T21:01:35.969277+00:00,1772830895969.274,0.431152,-0.566895,0.304688,1.013672,0.748535,2.582031,20539,20002,19172,19373,0.450000,-0.550000,0.300000,0.000000,1772830895963.401,0.429807,-0.564631,0.304552,0.000000,0.000000,0.000000,1.000000,position_only
2026-03-06T21:01:35.979321+00:00,1772830895979.320,0.431641,-0.566406,0.304932,1.034180,0.667969,2.580078,20825,19699,19338,19237,0.450000,-0.550000,0.300000,0.000000,1772830895971.510,0.430283,-0.564229,0.304559,0.000000,0.000000,0.000000,1.000000,position_only
2026-03-06T21:01:35.990279+00:00,1772830895990.278,0.432129,-0.565918,0.304932,1.040039,0.557617,2.583984,21491,18832,20167,18613,0.450000,-0.550000,0.300000,0.000000,1772830895988.838,0.431071,-0.563509,0.304659,0.000000,0.000000,0.000000,1.000000,position_only
2026-03-06T21:01:36.000180+00:00,1772830896000.179,0.432617,-0.565918,0.304932,1.026367,0.450439,2.603516,22085,18388,20828,17824,0.450000,-0.550000,0.300000,0.000000,1772830895997.472,0.431511,-0.563258,0.304689,0.000000,0.000000,0.000000,1.000000,position_only
2026-03-06T21:01:36.010850+00:00,1772830896010.849,0.433594,-0.564941,0.304932,1.017578,0.334717,2.652344,20527,19847,19363,19398,0.450000,-0.550000,0.300000,0.000000,1772830896006.095,0.431940,-0.562979,0.304685,0.000000,0.000000,0.000000,1.000000,position_only
2026-03-06T21:01:36.020069+00:00,1772830896020.068,0.433350,-0.564941,0.304932,1.017578,0.334717,2.652344,19949,20474,18876,19854,0.450000,-0.550000,0.300000,0.000000,1772830896014.860,0.432330,-0.562629,0.304752,0.000000,0.000000,0.000000,1.000000,position_only
2026-03-06T21:01:36.029994+00:00,1772830896029.993,0.433838,-0.564453,0.304932,1.000977,0.280762,2.636719,21110,19346,19993,18722,0.450000,-0.550000,0.300000,0.000000,1772830896023.467,0.432746,-0.562297,0.304770,0.000000,0.000000,0.000000,1.000000,position_only
2026-03-06T21:01:36.039092+00:00,1772830896039.091,0.434326,-0.564453,0.304932,0.994629,0.249268,2.640625,22370,18020,21368,17400,0.450000,-0.550000,0.300000,0.000000,1772830896032.436,0.433462,-0.561674,0.304797,0.000000,0.000000,0.000000,1.000000,position_only
2026-03-06T21:01:36.050170+00:00,1772830896050.169,0.434814,-0.563965,0.304932,0.981934,0.238159,2.679688,20917,19384,19840,19008,0.450000,-0.550000,0.300000,0.000000,1772830896049.596,0.433784,-0.561372,0.304817,0.000000,0.000000,0.000000,1.000000,position_only
2026-03-06T21:01:36.059389+00:00,1772830896059.388,0.435303,-0.563477,0.304932,0.952637,0.219971,2.701172,19626,20718,18710,20089,0.450000,-0.550000,0.300000,0.000000,1772830896058.193,0.434462,-0.560804,0.304867,0.000000,0.000000,0.000000,1.000000,position_only
2026-03-06T21:01:36.069912+00:00,1772830896069.911,0.435791,-0.563477,0.305176,0.923340,0.229004,2.687500,20640,19849,19835,18813,0.450000,-0.550000,0.300000,0.000000,1772830896066.831,0.434858,-0.560536,0.304847,0.000000,0.000000,0.000000,1.000000,position_only
2026-03-06T21:01:36.080862+00:00,1772830896080.862,0.436523,-0.562500,0.305176,0.928711,0.310547,2.722656,22330,18140,21430,17254,0.450000,-0.550000,0.300000,0.000000,1772830896075.746,0.435211,-0.560271,0.304862,0.000000,0.000000,0.000000,1.000000,position_only
2026-03-06T21:01:36.089319+00:00,1772830896089.319,0.436523,-0.562500,0.305176,0.928711,0.310547,2.722656,20916,19541,20197,18488,0.450000,-0.550000,0.300000,0.000000,1772830896084.519,0.435522,-0.559986,0.304899,0.000000,0.000000,0.000000,1.000000,position_only
2026-03-06T21:01:36.099126+00:00,1772830896099.125,0.437012,-0.562012,0.305176,0.934082,0.366699,2.746094,19582,20916,18820,19832,0.450000,-0.550000,0.300000,0.000000,1772830896093.101,0.435869,-0.559722,0.304891,0.000000,0.000000,0.000000,1.000000,position_only
2026-03-06T21:01:36.109045+00:00,1772830896109.044,0.437256,-0.562012,0.305176,0.950684,0.433105,2.730469,20345,20177,19579,19065,0.450000,-0.550000,0.300000,0.000000,1772830896101.780,0.436110,-0.559511,0.304898,0.000000,0.000000,0.000000,1.000000,position_only
2026-03-06T21:01:36.120373+00:00,1772830896120.372,0.437744,-0.561523,0.305176,0.957520,0.491211,2.720703,21704,18785,20810,17842,0.450000,-0.550000,0.300000,0.000000,1772830896119.064,0.436677,-0.559009,0.304963,0.000000,0.000000,0.000000,1.000000,position_only
2026-03-06T21:01:36.130351+00:00,1772830896130.350,0.437988,-0.561523,0.305176,0.959473,0.513672,2.746094,21262,19195,20450,18208,0.450000,-0.550000,0.300000,0.000000,1772830896127.596,0.436989,-0.558839,0.304978,0.000000,0.000000,0.000000,1.000000,position_only
2026-03-06T21:01:36.140149+00:00,1772830896140.148,0.438721,-0.561035,0.305176,0.966797,0.563477,2.771484,20364,20089,19557,19073,0.450000,-0.550000,0.300000,0.000000,1772830896135.718,0.437264,-0.558615,0.305014,0.000000,0.000000,0.000000,1.000000,position_only
2026-03-06T21:01:36.149127+00:00,1772830896149.125,0.438721,-0.561035,0.305176,0.966797,0.563477,2.771484,20494,19868,19580,19122,0.450000,-0.550000,0.300000,0.000000,1772830896144.341,0.437558,-0.558360,0.305076,0.000000,0.000000,0.000000,1.000000,position_only
2026-03-06T21:01:36.160290+00:00,1772830896160.289,0.438965,-0.560547,0.305176,0.953125,0.558594,2.765625,21278,19257,20089,18402,0.450000,-0.550000,0.300000,0.000000,1772830896153.116,0.437873,-0.558149,0.305092,0.000000,0.000000,0.000000,1.000000,position_only
2026-03-06T21:01:36.170259+00:00,1772830896170.258,0.439453,-0.560547,0.305176,0.968262,0.520020,2.775391,21783,18552,20861,17783,0.450000,-0.550000,0.300000,0.000000,1772830896161.883,0.438212,-0.557962,0.305084,0.000000,0.000000,0.000000,1.000000,position_only
2026-03-06T21:01:36.180398+00:00,1772830896180.397,0.439697,-0.560059,0.305420,0.954102,0.485840,2.810547,20712,19538,19656,19078,0.450000,-0.550000,0.300000,0.000000,1772830896178.939,0.438684,-0.557556,0.305135,0.000000,0.000000,0.000000,1.000000,position_only
2026-03-06T21:01:36.190419+00:00,1772830896190.418,0.439941,-0.560059,0.305420,0.924805,0.446289,2.826172,20219,19947,19239,19581,0.450000,-0.550000,0.300000,0.000000,1772830896187.530,0.438947,-0.557370,0.305154,0.000000,0.000000,0.000000,1.000000,position_only
2026-03-06T21:01:36.200627+00:00,1772830896200.626,0.440674,-0.559570,0.305420,0.837402,0.321289,2.824219,21017,19146,19964,18858,0.450000,-0.550000,0.300000,0.000000,1772830896196.091,0.439213,-0.557193,0.305167,0.000000,0.000000,0.000000,1.000000,position_only
2026-03-06T21:01:36.210703+00:00,1772830896210.703,0.440430,-0.559570,0.305420,0.837402,0.321289,2.824219,21986,18237,21029,17732,0.450000,-0.550000,0.300000,0.000000,1772830896204.589,0.439445,-0.556995,0.305178,0.000000,0.000000,0.000000,1.000000,position_only
2026-03-06T21:01:36.219933+00:00,1772830896219.932,0.440674,-0.559082,0.305420,0.802734,0.282471,2.859375,20912,19189,20066,18806,0.450000,-0.550000,0.300000,0.000000,1772830896213.144,0.439680,-0.556801,0.305202,0.000000,0.000000,0.000000,1.000000,position_only
2026-03-06T21:01:36.229342+00:00,1772830896229.341,0.441162,-0.559082,0.305420,0.758301,0.248413,2.880859,20016,20159,19112,19672,0.450000,-0.550000,0.300000,0.000000,1772830896221.648,0.439891,-0.556579,0.305259,0.000000,0.000000,0.000000,1.000000,position_only
2026-03-06T21:01:36.239633+00:00,1772830896239.632,0.441406,-0.559082,0.305420,0.722168,0.222534,2.871094,20739,19417,19943,18857,0.450000,-0.550000,0.300000,0.000000,1772830896238.702,0.440327,-0.556214,0.305292,0.000000,0.000000,0.000000,1.000000,position_only
2026-03-06T21:01:36.250004+00:00,1772830896250.003,0.441650,-0.558594,0.305420,0.690430,0.219116,2.875000,21493,18679,20717,18094,0.450000,-0.550000,0.300000,0.000000,1772830896247.215,0.440534,-0.556049,0.305298,0.000000,0.000000,0.000000,1.000000,position_only
2026-03-06T21:01:36.260199+00:00,1772830896260.198,0.441650,-0.558594,0.305420,0.678711,0.230225,2.900391,21352,18886,20751,17992,0.450000,-0.550000,0.300000,0.000000,1772830896255.721,0.440731,-0.555885,0.305300,0.000000,0.000000,0.000000,1.000000,position_only
2026-03-06T21:01:36.270467+00:00,1772830896270.465,0.441895,-0.558105,0.305420,0.657715,0.268799,2.927734,20595,19687,20100,18583,0.450000,-0.550000,0.300000,0.000000,1772830896264.214,0.440897,-0.555694,0.305331,0.000000,0.000000,0.000000,1.000000,position_only
2026-03-06T21:01:36.280436+00:00,1772830896280.435,0.442139,-0.558105,0.305664,0.653809,0.336914,2.933594,20736,19453,20258,18508,0.450000,-0.550000,0.300000,0.000000,1772830896272.720,0.441062,-0.555537,0.305310,0.000000,0.000000,0.000000,1.000000,position_only
2026-03-06T21:01:36.289556+00:00,1772830896289.556,0.442383,-0.558105,0.305664,0.645996,0.421143,2.943359,20674,19584,20252,18441,0.450000,-0.550000,0.300000,0.000000,1772830896281.263,0.441232,-0.555393,0.305308,0.000000,0.000000,0.000000,1.000000,position_only
2026-03-06T21:01:36.299596+00:00,1772830896299.596,0.442627,-0.557617,0.305664,0.633789,0.487061,2.953125,21054,19154,20721,18004,0.450000,-0.550000,0.300000,0.000000,1772830896298.301,0.441506,-0.555116,0.305318,0.000000,0.000000,0.000000,1.000000,position_only
2026-03-06T21:01:36.309835+00:00,1772830896309.834,0.442871,-0.557617,0.305664,0.630371,0.560547,2.974609,20973,19288,20463,18196,0.450000,-0.550000,0.300000,0.000000,1772830896306.762,0.441622,-0.554994,0.305304,0.000000,0.000000,0.000000,1.000000,position_only
2026-03-06T21:01:36.320044+00:00,1772830896320.043,0.442871,-0.557129,0.305664,0.637207,0.624023,2.996094,20213,20124,19564,19039,0.450000,-0.550000,0.300000,0.000000,1772830896315.244,0.441741,-0.554845,0.305309,0.000000,0.000000,0.000000,1.000000,position_only
2026-03-06T21:01:36.330636+00:00,1772830896330.636,0.443115,-0.557129,0.305664,0.655273,0.655273,2.992188,20472,19871,19692,18940,0.450000,-0.550000,0.300000,0.000000,1772830896323.762,0.441877,-0.554651,0.305336,0.000000,0.000000,0.000000,1.000000,position_only
2026-03-06T21:01:36.340628+00:00,1772830896340.627,0.443359,-0.557129,0.305664,0.670410,0.641602,2.990234,21690,18654,20856,17837,0.450000,-0.550000,0.300000,0.000000,1772830896332.240,0.442087,-0.554362,0.305302,0.000000,0.000000,0.000000,1.000000,position_only
2026-03-06T21:01:36.350377+00:00,1772830896350.377,0.443359,-0.557129,0.305664,0.678223,0.612305,3.017578,20866,19490,19759,18986,0.450000,-0.550000,0.300000,0.000000,1772830896349.292,0.442281,-0.554076,0.305297,0.000000,0.000000,0.000000,1.000000,position_only
2026-03-06T21:01:36.360830+00:00,1772830896360.830,0.443604,-0.556641,0.305664,0.691406,0.534668,3.031250,20610,19761,19324,19416,0.450000,-0.550000,0.300000,0.000000,1772830896357.918,0.442375,-0.553919,0.305258,0.000000,0.000000,0.000000,1.000000,position_only
2026-03-06T21:01:36.371223+00:00,1772830896371.222,0.443848,-0.556641,0.305664,0.706055,0.293213,3.048828,21721,18665,20451,18303,0.450000,-0.550000,0.300000,0.000000,1772830896366.531,0.442458,-0.553760,0.305251,0.000000,0.000000,0.000000,1.000000,position_only
2026-03-06T21:01:36.380311+00:00,1772830896380.310,0.443848,-0.556152,0.305664,0.706055,0.293213,3.048828,21390,18900,20068,18827,0.450000,-0.550000,0.300000,0.000000,1772830896375.010,0.442458,-0.553760,0.305251,0.000000,0.000000,0.000000,1.000000,position_only
2026-03-06T21:01:36.390726+00:00,1772830896390.726,0.443848,-0.556152,0.305664,0.691406,0.151611,3.068359,21236,19192,19832,18950,0.450000,-0.550000,0.300000,0.000000,1772830896383.529,0.442665,-0.553416,0.305221,0.000000,0.000000,0.000000,1.000000,position_only
2026-03-06T21:01:36.399831+00:00,1772830896399.831,0.443848,-0.556152,0.305420,0.693359,0.016190,3.078125,21462,19020,20230,18566,0.450000,-0.550000,0.300000,0.000000,1772830896392.002,0.442752,-0.553278,0.305183,0.000000,0.000000,0.000000,1.000000,position_only
2026-03-06T21:01:36.410561+00:00,1772830896410.561,0.444092,-0.556152,0.305420,0.704102,-0.056671,3.095703,20954,19571,19741,19070,0.450000,-0.550000,0.300000,0.000000,1772830896408.962,0.442892,-0.553000,0.305122,0.000000,0.000000,0.000000,1.000000,position_only
2026-03-06T21:01:36.420216+00:00,1772830896420.216,0.444092,-0.555664,0.305420,0.712891,-0.122070,3.105469,20901,19462,19917,19073,0.450000,-0.550000,0.300000,0.000000,1772830896417.443,0.442905,-0.552908,0.305085,0.000000,0.000000,0.000000,1.000000,position_only
2026-03-06T21:01:36.430818+00:00,1772830896430.818,0.444092,-0.555664,0.305420,0.701660,-0.176758,3.103516,21592,18831,20581,18391,0.450000,-0.550000,0.300000,0.000000,1772830896425.880,0.442942,-0.552800,0.305067,0.000000,0.000000,0.000000,1.000000,position_only
2026-03-06T21:01:36.440591+00:00,1772830896440.590,0.444336,-0.555664,0.305420,0.697266,-0.195801,3.123047,21262,19183,20296,18664,0.450000,-0.550000,0.300000,0.000000,1772830896434.378,0.442998,-0.552675,0.305047,0.000000,0.000000,0.000000,1.000000,position_only
2026-03-06T21:01:36.450347+00:00,1772830896450.346,0.444336,-0.555176,0.305420,0.686523,-0.205688,3.138672,20578,19887,19848,19104,0.450000,-0.550000,0.300000,0.000000,1772830896442.910,0.442999,-0.552585,0.305012,0.000000,0.000000,0.000000,1.000000,position_only
2026-03-06T21:01:36.460531+00:00,1772830896460.523,0.444336,-0.555176,0.305420,0.684082,-0.176392,3.140625,20545,19941,19664,19302,0.450000,-0.550000,0.300000,0.000000,1772830896459.945,0.443056,-0.552328,0.304968,0.000000,0.000000,0.000000,1.000000,position_only
2026-03-06T21:01:36.471128+00:00,1772830896471.127,0.444336,-0.555176,0.305176,0.681152,-0.156982,3.134766,21148,19306,20199,18833,0.450000,-0.550000,0.300000,0.000000,1772830896468.531,0.443028,-0.552223,0.304950,0.000000,0.000000,0.000000,1.000000,position_only
2026-03-06T21:01:36.480817+00:00,1772830896480.817,0.444580,-0.555176,0.305176,0.667480,-0.156738,3.148438,21186,19204,20514,18617,0.450000,-0.550000,0.300000,0.000000,1772830896477.011,0.443050,-0.552034,0.304943,0.000000,0.000000,0.000000,1.000000,position_only
2026-03-06T21:01:36.490547+00:00,1772830896490.546,0.444580,-0.554688,0.305176,0.646973,-0.149292,3.162109,20883,19677,20171,18786,0.450000,-0.550000,0.300000,0.000000,1772830896485.528,0.443079,-0.551922,0.304919,0.000000,0.000000,0.000000,1.000000,position_only
2026-03-06T21:01:36.501043+00:00,1772830896501.042,0.444580,-0.554688,0.305176,0.657715,-0.110596,3.167969,20387,19993,19572,19546,0.450000,-0.550000,0.300000,0.000000,1772830896494.021,0.443041,-0.551823,0.304917,0.000000,0.000000,0.000000,1.000000,position_only
2026-03-06T21:01:36.510852+00:00,1772830896510.852,0.444580,-0.554688,0.305176,0.642090,-0.105896,3.164062,21462,19100,20600,18353,0.450000,-0.550000,0.300000,0.000000,1772830896502.601,0.443103,-0.551678,0.304863,0.000000,0.000000,0.000000,1.000000,position_only
2026-03-06T21:01:36.520706+00:00,1772830896520.706,0.444580,-0.554688,0.305176,0.648926,-0.096069,3.173828,21532,18949,20601,18432,0.450000,-0.550000,0.300000,0.000000,1772830896519.587,0.443101,-0.551480,0.304843,0.000000,0.000000,0.000000,1.000000,position_only
2026-03-06T21:01:36.530613+00:00,1772830896530.613,0.444824,-0.554199,0.305176,0.639160,-0.087708,3.199219,20663,19710,20044,19075,0.450000,-0.550000,0.300000,0.000000,1772830896528.195,0.443099,-0.551369,0.304808,0.000000,0.000000,0.000000,1.000000,position_only
2026-03-06T21:01:36.541667+00:00,1772830896541.666,0.444824,-0.554199,0.305176,0.617188,-0.071106,3.205078,20826,19686,20167,18807,0.450000,-0.550000,0.300000,0.000000,1772830896536.870,0.443106,-0.551270,0.304791,0.000000,0.000000,0.000000,1.000000,position_only
2026-03-06T21:01:36.550105+00:00,1772830896550.105,0.444580,-0.554199,0.304932,0.598633,-0.034698,3.207031,20814,19492,20153,18991,0.450000,-0.550000,0.300000,0.000000,1772830896545.397,0.443102,-0.551163,0.304784,0.000000,0.000000,0.000000,1.000000,position_only
2026-03-06T21:01:36.561163+00:00,1772830896561.162,0.444824,-0.553711,0.304932,0.581055,-0.023163,3.214844,20954,19527,20154,18788,0.450000,-0.550000,0.300000,0.000000,1772830896553.883,0.443090,-0.551061,0.304762,0.000000,0.000000,0.000000,1.000000,position_only
2026-03-06T21:01:36.570247+00:00,1772830896570.246,0.444824,-0.553711,0.304932,0.592773,-0.014664,3.222656,20959,19445,20247,18765,0.450000,-0.550000,0.300000,0.000000,1772830896562.455,0.443066,-0.550962,0.304741,0.000000,0.000000,0.000000,1.000000,position_only
2026-03-06T21:01:36.580988+00:00,1772830896580.988,0.444824,-0.553711,0.304932,0.596680,-0.007271,3.236328,20916,19501,20177,18830,0.450000,-0.550000,0.300000,0.000000,1772830896579.709,0.443034,-0.550730,0.304742,0.000000,0.000000,0.000000,1.000000,position_only
2026-03-06T21:01:36.590902+00:00,1772830896590.902,0.444824,-0.553711,0.304932,0.597656,-0.011925,3.242188,20702,19793,19915,19018,0.450000,-0.550000,0.300000,0.000000,1772830896588.266,0.442962,-0.550649,0.304734,0.000000,0.000000,0.000000,1.000000,position_only
2026-03-06T21:01:36.601567+00:00,1772830896601.566,0.444824,-0.553711,0.304932,0.600586,0.005878,3.250000,21201,19338,20454,18410,0.450000,-0.550000,0.300000,0.000000,1772830896596.768,0.442932,-0.550533,0.304725,0.000000,0.000000,0.000000,1.000000,position_only
2026-03-06T21:01:36.611372+00:00,1772830896611.371,0.444580,-0.553223,0.304932,0.609375,0.024307,3.263672,20984,19424,20165,18792,0.450000,-0.550000,0.300000,0.000000,1772830896605.533,0.442925,-0.550429,0.304735,0.000000,0.000000,0.000000,1.000000,position_only
2026-03-06T21:01:36.621329+00:00,1772830896621.328,0.444580,-0.553223,0.304932,0.619629,0.014610,3.273438,20435,20041,19577,19268,0.450000,-0.550000,0.300000,0.000000,1772830896614.046,0.442840,-0.550360,0.304738,0.000000,0.000000,0.000000,1.000000,position_only
2026-03-06T21:01:36.631058+00:00,1772830896631.058,0.444580,-0.553223,0.304932,0.633789,-0.003506,3.269531,20939,19602,20048,18691,0.450000,-0.550000,0.300000,0.000000,1772830896622.530,0.442809,-0.550268,0.304732,0.000000,0.000000,0.000000,1.000000,position_only
2026-03-06T21:01:36.641070+00:00,1772830896641.070,0.444580,-0.553223,0.304932,0.670410,0.007912,3.281250,20725,19779,19616,19129,0.450000,-0.550000,0.300000,0.000000,1772830896639.587,0.442735,-0.550097,0.304761,0.000000,0.000000,0.000000,1.000000,position_only
2026-03-06T21:01:36.651547+00:00,1772830896651.547,0.444580,-0.552734,0.304932,0.693848,-0.028336,3.285156,20670,19837,19544,19183,0.450000,-0.550000,0.300000,0.000000,1772830896648.318,0.442719,-0.549998,0.304753,0.000000,0.000000,0.000000,1.000000,position_only
2026-03-06T21:01:36.660935+00:00,1772830896660.934,0.444580,-0.552734,0.304932,0.715332,-0.080811,3.287109,21198,19217,19990,18834,0.450000,-0.550000,0.300000,0.000000,1772830896656.908,0.442675,-0.549911,0.304772,0.000000,0.000000,0.000000,1.000000,position_only
2026-03-06T21:01:36.670858+00:00,1772830896670.857,0.444580,-0.552734,0.304932,0.713379,-0.170776,3.296875,21402,19012,19953,18850,0.450000,-0.550000,0.300000,0.000000,1772830896665.398,0.442606,-0.549794,0.304788,0.000000,0.000000,0.000000,1.000000,position_only
2026-03-06T21:01:36.681266+00:00,1772830896681.266,0.444336,-0.552734,0.304932,0.720703,-0.274170,3.310547,20884,19476,19640,19215,0.450000,-0.550000,0.300000,0.000000,1772830896674.251,0.442569,-0.549578,0.304850,0.000000,0.000000,0.000000,1.000000,position_only
2026-03-06T21:01:36.690294+00:00,1772830896690.294,0.444336,-0.552734,0.305176,0.723145,-0.351318,3.314453,21253,19404,20000,18562,0.450000,-0.550000,0.300000,0.000000,1772830896682.788,0.442532,-0.549484,0.304853,0.000000,0.000000,0.000000,1.000000,position_only
2026-03-06T21:01:36.700913+00:00,1772830896700.913,0.444336,-0.552246,0.305176,0.762207,-0.375000,3.326172,21414,19140,20391,18256,0.450000,-0.550000,0.300000,0.000000,1772830896699.806,0.442440,-0.549325,0.304864,0.000000,0.000000,0.000000,1.000000,position_only
2026-03-06T21:01:36.711337+00:00,1772830896711.336,0.444336,-0.552246,0.305176,0.787598,-0.371826,3.339844,20533,19906,19542,19222,0.450000,-0.550000,0.300000,0.000000,1772830896708.429,0.442387,-0.549264,0.304868,0.000000,0.000000,0.000000,1.000000,position_only
2026-03-06T21:01:36.721994+00:00,1772830896721.993,0.444336,-0.552246,0.305176,0.802734,-0.367676,3.339844,20992,19437,20138,18652,0.450000,-0.550000,0.300000,0.000000,1772830896716.939,0.442357,-0.549187,0.304861,0.000000,0.000000,0.000000,1.000000,position_only
2026-03-06T21:01:36.731266+00:00,1772830896731.265,0.444092,-0.552246,0.305176,0.791992,-0.352051,3.337891,20946,19523,19828,18914,0.450000,-0.550000,0.300000,0.000000,1772830896725.450,0.442277,-0.549160,0.304870,0.000000,0.000000,0.000000,1.000000,position_only
2026-03-06T21:01:36.741832+00:00,1772830896741.831,0.444092,-0.551758,0.305176,0.802734,-0.374756,3.345703,20927,19606,20104,18579,0.450000,-0.550000,0.300000,0.000000,1772830896734.003,0.442227,-0.549101,0.304847,0.000000,0.000000,0.000000,1.000000,position_only
2026-03-06T21:01:36.751574+00:00,1772830896751.574,0.444092,-0.551758,0.305176,0.821777,-0.343018,3.353516,20628,19915,19837,18830,0.450000,-0.550000,0.300000,0.000000,1772830896751.141,0.442103,-0.549009,0.304869,0.000000,0.000000,0.000000,1.000000,position_only
2026-03-06T21:01:36.761182+00:00,1772830896761.182,0.444092,-0.551758,0.305176,0.855469,-0.265625,3.359375,20933,19725,20502,18062,0.450000,-0.550000,0.300000,0.000000,1772830896759.646,0.442048,-0.548957,0.304853,0.000000,0.000000,0.000000,1.000000,position_only
2026-03-06T21:01:36.771262+00:00,1772830896771.262,0.444092,-0.551758,0.305176,0.883301,-0.143555,3.369141,20543,20016,19791,18823,0.450000,-0.550000,0.300000,0.000000,1772830896768.154,0.441964,-0.548903,0.304867,0.000000,0.000000,0.000000,1.000000,position_only
2026-03-06T21:01:36.782074+00:00,1772830896782.074,0.444092,-0.551758,0.305176,0.906250,-0.083313,3.367188,20304,20135,19650,19055,0.450000,-0.550000,0.300000,0.000000,1772830896776.676,0.441908,-0.548887,0.304878,0.000000,0.000000,0.000000,1.000000,position_only
2026-03-06T21:01:36.791074+00:00,1772830896791.074,0.443848,-0.551758,0.305176,0.914551,-0.010796,3.367188,20577,19839,19927,18822,0.450000,-0.550000,0.300000,0.000000,1772830896785.190,0.441833,-0.548826,0.304879,0.000000,0.000000,0.000000,1.000000,position_only
2026-03-06T21:01:36.801561+00:00,1772830896801.560,0.443848,-0.551758,0.305176,0.902832,0.016785,3.365234,21043,19434,20220,18429,0.450000,-0.550000,0.300000,0.000000,1772830896793.675,0.441745,-0.548777,0.304896,0.000000,0.000000,0.000000,1.000000,position_only
2026-03-06T21:01:36.811297+00:00,1772830896811.297,0.443604,-0.551758,0.305176,0.905762,0.034393,3.376953,21041,19273,20262,18534,0.450000,-0.550000,0.300000,0.000000,1772830896810.786,0.441648,-0.548720,0.304888,0.000000,0.000000,0.000000,1.000000,position_only
2026-03-06T21:01:36.820646+00:00,1772830896820.645,0.443604,-0.551758,0.305176,0.892578,0.009552,3.386719,20516,19876,19546,19177,0.450000,-0.550000,0.300000,0.000000,1772830896819.349,0.441549,-0.548747,0.304895,0.000000,0.000000,0.000000,1.000000,position_only
2026-03-06T21:01:36.831407+00:00,1772830896831.406,0.443604,-0.551758,0.305176,0.868652,-0.038391,3.382812,21063,19370,20059,18651,0.450000,-0.550000,0.300000,0.000000,1772830896828.097,0.441520,-0.548652,0.304898,0.000000,0.000000,0.000000,1.000000,position_only
2026-03-06T21:01:36.842013+00:00,1772830896842.012,0.443359,-0.551270,0.305176,0.855469,-0.075012,3.390625,21105,19259,20085,18735,0.450000,-0.550000,0.300000,0.000000,1772830896836.889,0.441452,-0.548690,0.304868,0.000000,0.000000,0.000000,1.000000,position_only
2026-03-06T21:01:36.851912+00:00,1772830896851.912,0.443359,-0.551270,0.305176,0.831055,-0.125488,3.408203,20607,19804,19518,19244,0.450000,-0.550000,0.300000,0.000000,1772830896845.392,0.441393,-0.548662,0.304869,0.000000,0.000000,0.000000,1.000000,position_only
2026-03-06T21:01:36.861422+00:00,1772830896861.420,0.443359,-0.551758,0.305176,0.801758,-0.207886,3.406250,20787,19539,19833,19023,0.450000,-0.550000,0.300000,0.000000,1772830896853.947,0.441336,-0.548624,0.304867,0.000000,0.000000,0.000000,1.000000,position_only
2026-03-06T21:01:36.871140+00:00,1772830896871.140,0.443115,-0.551758,0.305176,0.770508,-0.257080,3.410156,21046,19318,19986,18853,0.450000,-0.550000,0.300000,0.000000,1772830896862.758,0.441267,-0.548593,0.304885,0.000000,0.000000,0.000000,1.000000,position_only
2026-03-06T21:01:36.881349+00:00,1772830896881.349,0.443115,-0.551758,0.305176,0.728516,-0.319580,3.421875,21143,19332,20239,18504,0.450000,-0.550000,0.300000,0.000000,1772830896879.862,0.441161,-0.548563,0.304875,0.000000,0.000000,0.000000,1.000000,position_only
2026-03-06T21:01:36.891175+00:00,1772830896891.174,0.443115,-0.551758,0.305176,0.712891,-0.341797,3.433594,20454,19959,19330,19521,0.450000,-0.550000,0.300000,0.000000,1772830896888.407,0.441064,-0.548576,0.304882,0.000000,0.000000,0.000000,1.000000,position_only
2026-03-06T21:01:36.902408+00:00,1772830896902.408,0.442871,-0.551758,0.305176,0.690918,-0.357910,3.439453,21316,19209,20676,18111,0.450000,-0.550000,0.300000,0.000000,1772830896897.080,0.440987,-0.548557,0.304830,0.000000,0.000000,0.000000,1.000000,position_only
2026-03-06T21:01:36.911541+00:00,1772830896911.541,0.442871,-0.551270,0.305176,0.663574,-0.350342,3.449219,20875,19568,19992,18917,0.450000,-0.550000,0.300000,0.000000,1772830896905.589,0.440933,-0.548567,0.304815,0.000000,0.000000,0.000000,1.000000,position_only
2026-03-06T21:01:36.921205+00:00,1772830896921.205,0.442627,-0.551758,0.305176,0.643555,-0.351562,3.458984,21051,19398,20358,18581,0.450000,-0.550000,0.300000,0.000000,1772830896914.116,0.440839,-0.548589,0.304818,0.000000,0.000000,0.000000,1.000000,position_only
2026-03-06T21:01:36.931853+00:00,1772830896931.852,0.442627,-0.551758,0.305176,0.634766,-0.327637,3.470703,20556,20010,19593,19258,0.450000,-0.550000,0.300000,0.000000,1772830896931.258,0.440702,-0.548577,0.304746,0.000000,0.000000,0.000000,1.000000,position_only
2026-03-06T21:01:36.941092+00:00,1772830896941.091,0.442627,-0.551758,0.305176,0.623535,-0.341064,3.470703,21025,19470,20474,18472,0.450000,-0.550000,0.300000,0.000000,1772830896939.968,0.440632,-0.548605,0.304732,0.000000,0.000000,0.000000,1.000000,position_only
2026-03-06T21:01:36.951755+00:00,1772830896951.755,0.442627,-0.551758,0.305176,0.608887,-0.286621,3.482422,21539,18977,20940,18000,0.450000,-0.550000,0.300000,0.000000,1772830896948.632,0.440540,-0.548597,0.304690,0.000000,0.000000,0.000000,1.000000,position_only
2026-03-06T21:01:36.961859+00:00,1772830896961.858,0.442383,-0.551758,0.304932,0.594727,-0.244385,3.507812,20268,20346,19707,19149,0.450000,-0.550000,0.300000,0.000000,1772830896957.167,0.440459,-0.548600,0.304679,0.000000,0.000000,0.000000,1.000000,position_only
2026-03-06T21:01:36.970860+00:00,1772830896970.859,0.442383,-0.551758,0.304932,0.594238,-0.205444,3.515625,19722,20879,18871,20002,0.450000,-0.550000,0.300000,0.000000,1772830896965.821,0.440315,-0.548641,0.304628,0.000000,0.000000,0.000000,1.000000,position_only
2026-03-06T21:01:36.982037+00:00,1772830896982.036,0.442139,-0.551758,0.304932,0.600586,-0.183350,3.498047,21138,19509,20489,18334,0.450000,-0.550000,0.300000,0.000000,1772830896974.319,0.440315,-0.548641,0.304628,0.000000,0.000000,0.000000,1.000000,position_only
2026-03-06T21:01:36.991768+00:00,1772830896991.768,0.442139,-0.551758,0.304932,0.613281,-0.160767,3.503906,21497,19096,20694,18176,0.450000,-0.550000,0.300000,0.000000,1772830896991.389,0.440087,-0.548696,0.304578,0.000000,0.000000,0.000000,1.000000,position_only
2026-03-06T21:01:37.000861+00:00,1772830897000.860,0.442139,-0.551758,0.304932,0.623047,-0.167114,3.527344,20964,19636,20207,18668,0.450000,-0.550000,0.300000,0.000000,1772830897000.117,0.439991,-0.548729,0.304558,0.000000,0.000000,0.000000,1.000000,position_only
2026-03-06T21:01:37.011485+00:00,1772830897011.484,0.441895,-0.551758,0.304932,0.626465,-0.163086,3.539062,20303,20308,19324,19554,0.450000,-0.550000,0.300000,0.000000,1772830897008.647,0.439922,-0.548753,0.304525,0.000000,0.000000,0.000000,1.000000,position_only
2026-03-06T21:01:37.022699+00:00,1772830897022.698,0.441895,-0.551758,0.304932,0.616699,-0.201050,3.533203,21546,19091,20768,18112,0.450000,-0.550000,0.300000,0.000000,1772830897017.160,0.439892,-0.548765,0.304510,0.000000,0.000000,0.000000,1.000000,position_only
2026-03-06T21:01:37.032019+00:00,1772830897032.018,0.441650,-0.551758,0.304932,0.611328,-0.227051,3.537109,21623,19022,20772,18141,0.450000,-0.550000,0.300000,0.000000,1772830897025.710,0.439774,-0.548814,0.304499,0.000000,0.000000,0.000000,1.000000,position_only
2026-03-06T21:01:37.041835+00:00,1772830897041.834,0.441650,-0.551758,0.304688,0.613281,-0.239746,3.564453,21131,19539,20265,18630,0.450000,-0.550000,0.300000,0.000000,1772830897034.216,0.439704,-0.548879,0.304421,0.000000,0.000000,0.000000,1.000000,position_only
2026-03-06T21:01:37.051645+00:00,1772830897051.645,0.441650,-0.551758,0.304688,0.615234,-0.251465,3.578125,20550,20002,19975,19057,0.450000,-0.550000,0.300000,0.000000,1772830897051.439,0.439541,-0.548923,0.304405,0.000000,0.000000,0.000000,1.000000,position_only
2026-03-06T21:01:37.061639+00:00,1772830897061.637,0.441406,-0.551758,0.304688,0.596191,-0.250977,3.578125,20317,20288,19496,19508,0.450000,-0.550000,0.300000,0.000000,1772830897060.043,0.439493,-0.548945,0.304363,0.000000,0.000000,0.000000,1.000000,position_only
2026-03-06T21:01:37.071390+00:00,1772830897071.389,0.441406,-0.551758,0.304688,0.576660,-0.272217,3.572266,21445,19162,20772,18223,0.450000,-0.550000,0.300000,0.000000,1772830897068.588,0.439432,-0.548993,0.304349,0.000000,0.000000,0.000000,1.000000,position_only
2026-03-06T21:01:37.081885+00:00,1772830897081.885,0.441162,-0.551758,0.304688,0.562500,-0.287842,3.585938,21665,19025,20884,18039,0.450000,-0.550000,0.300000,0.000000,1772830897077.092,0.439352,-0.549022,0.304348,0.000000,0.000000,0.000000,1.000000,position_only
2026-03-06T21:01:37.091750+00:00,1772830897091.750,0.441162,-0.551758,0.304688,0.566406,-0.286377,3.617188,20336,20147,19726,19396,0.450000,-0.550000,0.300000,0.000000,1772830897085.589,0.439306,-0.549042,0.304305,0.000000,0.000000,0.000000,1.000000,position_only
2026-03-06T21:01:37.101656+00:00,1772830897101.656,0.440918,-0.551758,0.304688,0.540039,-0.285400,3.623047,20190,20451,19667,19294,0.450000,-0.550000,0.300000,0.000000,1772830897094.097,0.439228,-0.549088,0.304298,0.000000,0.000000,0.000000,1.000000,position_only
2026-03-06T21:01:37.111429+00:00,1772830897111.429,0.440918,-0.552246,0.304688,0.536133,-0.257568,3.609375,21153,19498,20456,18485,0.450000,-0.550000,0.300000,0.000000,1772830897111.262,0.439100,-0.549157,0.304263,0.000000,0.000000,0.000000,1.000000,position_only
2026-03-06T21:01:37.121337+00:00,1772830897121.337,0.440918,-0.552246,0.304688,0.541016,-0.250977,3.615234,21518,19219,20889,17956,0.450000,-0.550000,0.300000,0.000000,1772830897119.927,0.439033,-0.549196,0.304265,0.000000,0.000000,0.000000,1.000000,position_only
2026-03-06T21:01:37.131930+00:00,1772830897131.930,0.440918,-0.552246,0.304688,0.547363,-0.235229,3.640625,20819,19897,19936,18910,0.450000,-0.550000,0.300000,0.000000,1772830897128.529,0.438957,-0.549238,0.304271,0.000000,0.000000,0.000000,1.000000,position_only
2026-03-06T21:01:37.141147+00:00,1772830897141.146,0.440674,-0.552246,0.304443,0.564941,-0.237671,3.650391,20079,20651,19134,19648,0.450000,-0.550000,0.300000,0.000000,1772830897137.071,0.438890,-0.549277,0.304283,0.000000,0.000000,0.000000,1.000000,position_only
2026-03-06T21:01:37.151619+00:00,1772830897151.618,0.440674,-0.552246,0.304443,0.582031,-0.262451,3.638672,20794,19821,19978,18844,0.450000,-0.550000,0.300000,0.000000,1772830897145.586,0.438815,-0.549323,0.304295,0.000000,0.000000,0.000000,1.000000,position_only
2026-03-06T21:01:37.162119+00:00,1772830897162.118,0.440430,-0.552246,0.304688,0.585449,-0.282959,3.640625,21720,18827,20849,17975,0.450000,-0.550000,0.300000,0.000000,1772830897154.325,0.438737,-0.549368,0.304307,0.000000,0.000000,0.000000,1.000000,position_only
2026-03-06T21:01:37.171832+00:00,1772830897171.832,0.440430,-0.552246,0.304688,0.572754,-0.315918,3.666016,20776,19704,19777,19038,0.450000,-0.550000,0.300000,0.000000,1772830897171.343,0.438633,-0.549449,0.304353,0.000000,0.000000,0.000000,1.000000,position_only
2026-03-06T21:01:37.182566+00:00,1772830897182.566,0.440430,-0.552246,0.304688,0.559570,-0.383789,3.675781,19890,20483,19083,19790,0.450000,-0.550000,0.300000,0.000000,1772830897179.826,0.438557,-0.549461,0.304372,0.000000,0.000000,0.000000,1.000000,position_only
2026-03-06T21:01:37.191822+00:00,1772830897191.822,0.440186,-0.552246,0.304688,0.529297,-0.427490,3.658203,20734,19550,19885,19016,0.450000,-0.550000,0.300000,0.000000,1772830897188.409,0.438507,-0.549469,0.304384,0.000000,0.000000,0.000000,1.000000,position_only
2026-03-06T21:01:37.202108+00:00,1772830897202.108,0.440186,-0.552734,0.304688,0.495850,-0.472900,3.658203,21948,18304,21245,17660,0.450000,-0.550000,0.300000,0.000000,1772830897197.210,0.438434,-0.549577,0.304392,0.000000,0.000000,0.000000,1.000000,position_only
2026-03-06T21:01:37.211594+00:00,1772830897211.594,0.439941,-0.552246,0.304688,0.457275,-0.497559,3.691406,20824,19396,20171,18790,0.450000,-0.550000,0.300000,0.000000,1772830897205.722,0.438360,-0.549595,0.304389,0.000000,0.000000,0.000000,1.000000,position_only
2026-03-06T21:01:37.222097+00:00,1772830897222.097,0.439941,-0.552246,0.304688,0.406738,-0.525879,3.703125,20121,20199,19630,19227,0.450000,-0.550000,0.300000,0.000000,1772830897214.235,0.438312,-0.549603,0.304414,0.000000,0.000000,0.000000,1.000000,position_only
2026-03-06T21:01:37.232046+00:00,1772830897232.046,0.439941,-0.552734,0.304688,0.381348,-0.503418,3.695312,20467,19851,19965,18867,0.450000,-0.550000,0.300000,0.000000,1772830897231.389,0.438187,-0.549683,0.304441,0.000000,0.000000,0.000000,1.000000,position_only
2026-03-06T21:01:37.242563+00:00,1772830897242.562,0.439941,-0.552734,0.304688,0.365967,-0.469482,3.693359,20916,19374,20450,18408,0.450000,-0.550000,0.300000,0.000000,1772830897239.877,0.438122,-0.549701,0.304468,0.000000,0.000000,0.000000,1.000000,position_only
2026-03-06T21:01:37.252285+00:00,1772830897252.284,0.439941,-0.552734,0.304688,0.345947,-0.426514,3.705078,20403,19820,19951,18975,0.450000,-0.550000,0.300000,0.000000,1772830897248.451,0.438073,-0.549744,0.304488,0.000000,0.000000,0.000000,1.000000,position_only
2026-03-06T21:01:37.261338+00:00,1772830897261.338,0.439697,-0.552734,0.304932,0.321533,-0.381592,3.708984,19975,20171,19633,19359,0.450000,-0.550000,0.300000,0.000000,1772830897256.939,0.438029,-0.549756,0.304509,0.000000,0.000000,0.000000,1.000000,position_only
2026-03-06T21:01:37.272104+00:00,1772830897272.103,0.439697,-0.552734,0.304932,0.285156,-0.351807,3.697266,21003,19253,20732,18153,0.450000,-0.550000,0.300000,0.000000,1772830897265.880,0.437882,-0.549819,0.304547,0.000000,0.000000,0.000000,1.000000,position_only
2026-03-06T21:01:37.281418+00:00,1772830897281.416,0.439697,-0.552734,0.304932,0.261230,-0.306152,3.708984,20931,19335,20565,18308,0.450000,-0.550000,0.300000,0.000000,1772830897274.377,0.437835,-0.549817,0.304565,0.000000,0.000000,0.000000,1.000000,position_only
2026-03-06T21:01:37.291717+00:00,1772830897291.716,0.439453,-0.552734,0.304932,0.244995,-0.259033,3.726562,20487,19831,20145,18686,0.450000,-0.550000,0.300000,0.000000,1772830897291.407,0.437733,-0.549857,0.304650,0.000000,0.000000,0.000000,1.000000,position_only
2026-03-06T21:01:37.302546+00:00,1772830897302.545,0.439453,-0.552734,0.304932,0.243774,-0.204224,3.734375,19952,20455,19373,19348,0.450000,-0.550000,0.300000,0.000000,1772830897299.882,0.437659,-0.549888,0.304670,0.000000,0.000000,0.000000,1.000000,position_only
2026-03-06T21:01:37.312269+00:00,1772830897312.268,0.439453,-0.552734,0.304932,0.263672,-0.192749,3.720703,20769,19563,20143,18629,0.450000,-0.550000,0.300000,0.000000,1772830897308.440,0.437623,-0.549894,0.304681,0.000000,0.000000,0.000000,1.000000,position_only
2026-03-06T21:01:37.322720+00:00,1772830897322.720,0.439209,-0.552734,0.304932,0.276611,-0.199341,3.720703,21344,19002,20497,18235,0.450000,-0.550000,0.300000,0.000000,1772830897316.946,0.437563,-0.549906,0.304712,0.000000,0.000000,0.000000,1.000000,position_only
2026-03-06T21:01:37.332342+00:00,1772830897332.342,0.439209,-0.552734,0.304932,0.288086,-0.245239,3.738281,20786,19440,20094,18747,0.450000,-0.550000,0.300000,0.000000,1772830897325.467,0.437542,-0.549928,0.304729,0.000000,0.000000,0.000000,1.000000,position_only
2026-03-06T21:01:37.341838+00:00,1772830897341.837,0.439209,-0.552734,0.304932,0.295654,-0.285889,3.744141,19863,20306,18792,20111,0.450000,-0.550000,0.300000,0.000000,1772830897333.947,0.437522,-0.549911,0.304754,0.000000,0.000000,0.000000,1.000000,position_only
2026-03-06T21:01:37.351846+00:00,1772830897351.845,0.439209,-0.552734,0.305176,0.289551,-0.395508,3.724609,20519,19647,19588,19283,0.450000,-0.550000,0.300000,0.000000,1772830897351.098,0.437460,-0.549930,0.304780,0.000000,0.000000,0.000000,1.000000,position_only
2026-03-06T21:01:37.362611+00:00,1772830897362.611,0.439209,-0.552734,0.305176,0.287109,-0.476318,3.716797,22202,17985,21223,17608,0.450000,-0.550000,0.300000,0.000000,1772830897359.700,0.437426,-0.549923,0.304793,0.000000,0.000000,0.000000,1.000000,position_only
2026-03-06T21:01:37.372367+00:00,1772830897372.366,0.439209,-0.552734,0.305176,0.281250,-0.554688,3.753906,21094,18990,20312,18637,0.450000,-0.550000,0.300000,0.000000,1772830897368.203,0.437361,-0.549907,0.304843,0.000000,0.000000,0.000000,1.000000,position_only
2026-03-06T21:01:37.381820+00:00,1772830897381.820,0.438965,-0.552734,0.305176,0.267090,-0.604980,3.777344,19355,20909,18422,20379,0.450000,-0.550000,0.300000,0.000000,1772830897376.971,0.437348,-0.549882,0.304850,0.000000,0.000000,0.000000,1.000000,position_only
2026-03-06T21:01:37.392469+00:00,1772830897392.469,0.438965,-0.552734,0.305176,0.277100,-0.655273,3.755859,19936,20345,19091,19703,0.450000,-0.550000,0.300000,0.000000,1772830897385.529,0.437304,-0.549890,0.304860,0.000000,0.000000,0.000000,1.000000,position_only
2026-03-06T21:01:37.402364+00:00,1772830897402.364,0.438965,-0.552734,0.305176,0.295654,-0.676270,3.732422,22157,18142,21489,17319,0.450000,-0.550000,0.300000,0.000000,1772830897394.053,0.437273,-0.549889,0.304864,0.000000,0.000000,0.000000,1.000000,position_only
2026-03-06T21:01:37.412353+00:00,1772830897412.352,0.438965,-0.552734,0.305176,0.317139,-0.668945,3.763672,21202,19049,20528,18329,0.450000,-0.550000,0.300000,0.000000,1772830897411.065,0.437241,-0.549870,0.304881,0.000000,0.000000,0.000000,1.000000,position_only
2026-03-06T21:01:37.422220+00:00,1772830897422.220,0.438965,-0.552734,0.305176,0.333740,-0.646973,3.789062,19413,20821,18721,20139,0.450000,-0.550000,0.300000,0.000000,1772830897419.589,0.437223,-0.549835,0.304873,0.000000,0.000000,0.000000,1.000000,position_only
2026-03-06T21:01:37.433183+00:00,1772830897433.182,0.438965,-0.552734,0.305176,0.340332,-0.650391,3.763672,19639,20602,18992,19866,0.450000,-0.550000,0.300000,0.000000,1772830897428.099,0.437207,-0.549830,0.304869,0.000000,0.000000,0.000000,1.000000,position_only
2026-03-06T21:01:37.441770+00:00,1772830897441.769,0.438721,-0.552734,0.305176,0.346680,-0.632324,3.734375,21532,18801,20942,17858,0.450000,-0.550000,0.300000,0.000000,1772830897436.592,0.437189,-0.549799,0.304881,0.000000,0.000000,0.000000,1.000000,position_only
2026-03-06T21:01:37.452444+00:00,1772830897452.443,0.438721,-0.552734,0.305176,0.367188,-0.591797,3.748047,21717,18703,20844,17859,0.450000,-0.550000,0.300000,0.000000,1772830897445.127,0.437200,-0.549759,0.304887,0.000000,0.000000,0.000000,1.000000,position_only
2026-03-06T21:01:37.462321+00:00,1772830897462.320,0.438721,-0.552734,0.305176,0.406738,-0.573242,3.777344,19917,20444,19152,19615,0.450000,-0.550000,0.300000,0.000000,1772830897462.214,0.437161,-0.549718,0.304863,0.000000,0.000000,0.000000,1.000000,position_only
2026-03-06T21:01:37.472462+00:00,1772830897472.461,0.438965,-0.552734,0.305176,0.435791,-0.542480,3.771484,19766,20583,19200,19623,0.450000,-0.550000,0.300000,0.000000,1772830897470.709,0.437155,-0.549699,0.304864,0.000000,0.000000,0.000000,1.000000,position_only
2026-03-06T21:01:37.482658+00:00,1772830897482.657,0.438965,-0.552734,0.305176,0.460449,-0.496826,3.748047,21203,19195,20837,17978,0.450000,-0.550000,0.300000,0.000000,1772830897479.528,0.437163,-0.549681,0.304859,0.000000,0.000000,0.000000,1.000000,position_only
2026-03-06T21:01:37.492400+00:00,1772830897492.400,0.438965,-0.552734,0.305176,0.513184,-0.343262,3.781250,21086,19362,20600,18203,0.450000,-0.550000,0.300000,0.000000,1772830897488.088,0.437191,-0.549639,0.304839,0.000000,0.000000,0.000000,1.000000,position_only
2026-03-06T21:01:37.502924+00:00,1772830897502.922,0.438721,-0.552246,0.305176,0.513184,-0.343262,3.781250,19915,20488,19478,19367,0.450000,-0.550000,0.300000,0.000000,1772830897496.690,0.437160,-0.549640,0.304829,0.000000,0.000000,0.000000,1.000000,position_only
2026-03-06T21:01:37.512828+00:00,1772830897512.827,0.438965,-0.552246,0.305176,0.533691,-0.279541,3.777344,19931,20514,19434,19409,0.450000,-0.550000,0.300000,0.000000,1772830897505.370,0.437162,-0.549586,0.304806,0.000000,0.000000,0.000000,1.000000,position_only
2026-03-06T21:01:37.522710+00:00,1772830897522.710,0.438965,-0.552246,0.305176,0.551758,-0.215088,3.761719,21445,19011,21120,17754,0.450000,-0.550000,0.300000,0.000000,1772830897522.325,0.437153,-0.549530,0.304779,0.000000,0.000000,0.000000,1.000000,position_only
2026-03-06T21:01:37.533031+00:00,1772830897533.031,0.438965,-0.552246,0.305176,0.571777,-0.151489,3.775391,21117,19389,20543,18303,0.450000,-0.550000,0.300000,0.000000,1772830897530.816,0.437185,-0.549479,0.304771,0.000000,0.000000,0.000000,1.000000,position_only
2026-03-06T21:01:37.542173+00:00,1772830897542.173,0.438965,-0.552246,0.305176,0.588867,-0.133789,3.787109,20210,20323,19451,19389,0.450000,-0.550000,0.300000,0.000000,1772830897539.322,0.437152,-0.549485,0.304762,0.000000,0.000000,0.000000,1.000000,position_only
2026-03-06T21:01:37.552327+00:00,1772830897552.327,0.438965,-0.552246,0.305176,0.597168,-0.141235,3.777344,20372,20130,19657,19250,0.450000,-0.550000,0.300000,0.000000,1772830897547.814,0.437159,-0.549426,0.304731,0.000000,0.000000,0.000000,1.000000,position_only
2026-03-06T21:01:37.562883+00:00,1772830897562.883,0.438965,-0.552246,0.304932,0.605469,-0.154907,3.761719,21279,19371,20419,18399,0.450000,-0.550000,0.300000,0.000000,1772830897556.440,0.437182,-0.549396,0.304715,0.000000,0.000000,0.000000,1.000000,position_only
2026-03-06T21:01:37.572707+00:00,1772830897572.707,0.438965,-0.552246,0.304932,0.630859,-0.180786,3.773438,21372,19208,20387,18540,0.450000,-0.550000,0.300000,0.000000,1772830897564.961,0.437194,-0.549369,0.304701,0.000000,0.000000,0.000000,1.000000,position_only
2026-03-06T21:01:37.582637+00:00,1772830897582.636,0.438965,-0.552246,0.304932,0.650879,-0.222412,3.794922,20335,20263,19231,19686,0.450000,-0.550000,0.300000,0.000000,1772830897581.966,0.437218,-0.549334,0.304670,0.000000,0.000000,0.000000,1.000000,position_only
2026-03-06T21:01:37.593392+00:00,1772830897593.392,0.438965,-0.552246,0.304932,0.666504,-0.283691,3.787109,20760,19892,19846,19017,0.450000,-0.550000,0.300000,0.000000,1772830897590.605,0.437290,-0.549228,0.304606,0.000000,0.000000,0.000000,1.000000,position_only
2026-03-06T21:01:37.603297+00:00,1772830897603.296,0.438965,-0.552246,0.304932,0.684570,-0.314209,3.783203,21068,19552,19944,18950,0.450000,-0.550000,0.300000,0.000000,1772830897599.217,0.437305,-0.549216,0.304593,0.000000,0.000000,0.000000,1.000000,position_only
2026-03-06T21:01:37.613168+00:00,1772830897613.168,0.438965,-0.551758,0.304932,0.690918,-0.368896,3.791016,20899,19647,19762,19217,0.450000,-0.550000,0.300000,0.000000,1772830897607.707,0.437335,-0.549181,0.304561,0.000000,0.000000,0.000000,1.000000,position_only
2026-03-06T21:01:37.622364+00:00,1772830897622.364,0.438965,-0.551758,0.304932,0.684570,-0.458740,3.791016,20571,19884,19437,19668,0.450000,-0.550000,0.300000,0.000000,1772830897616.209,0.437372,-0.549124,0.304549,0.000000,0.000000,0.000000,1.000000,position_only
2026-03-06T21:01:37.632619+00:00,1772830897632.618,0.438965,-0.551758,0.304932,0.653320,-0.550293,3.785156,20862,19529,19951,19235,0.450000,-0.550000,0.300000,0.000000,1772830897624.644,0.437392,-0.549110,0.304527,0.000000,0.000000,0.000000,1.000000,position_only
2026-03-06T21:01:37.642862+00:00,1772830897642.861,0.438965,-0.551758,0.304932,0.611328,-0.621094,3.787109,21708,18749,20692,18435,0.450000,-0.550000,0.300000,0.000000,1772830897641.953,0.437449,-0.549021,0.304485,0.000000,0.000000,0.000000,1.000000,position_only
2026-03-06T21:01:37.652547+00:00,1772830897652.546,0.439209,-0.551758,0.304688,0.583496,-0.667969,3.806641,20997,19460,20170,18963,0.450000,-0.550000,0.300000,0.000000,1772830897650.792,0.437487,-0.548980,0.304451,0.000000,0.000000,0.000000,1.000000,position_only
2026-03-06T21:01:37.663876+00:00,1772830897663.875,0.439209,-0.552246,0.304688,0.538086,-0.636230,3.818359,20286,20172,19591,19533,0.450000,-0.550000,0.300000,0.000000,1772830897659.607,0.437510,-0.548933,0.304432,0.000000,0.000000,0.000000,1.000000,position_only
2026-03-06T21:01:37.673157+00:00,1772830897673.156,0.439209,-0.551758,0.304688,0.538086,-0.636230,3.818359,20303,20275,19703,19261,0.450000,-0.550000,0.300000,0.000000,1772830897668.431,0.437528,-0.548911,0.304413,0.000000,0.000000,0.000000,1.000000,position_only
2026-03-06T21:01:37.683468+00:00,1772830897683.467,0.439209,-0.551758,0.304688,0.530762,-0.625000,3.802734,21832,18683,21318,17688,0.450000,-0.550000,0.300000,0.000000,1772830897677.137,0.437559,-0.548864,0.304380,0.000000,0.000000,0.000000,1.000000,position_only
2026-03-06T21:01:37.693206+00:00,1772830897693.205,0.439453,-0.552246,0.304688,0.543945,-0.477783,3.849609,20830,19785,20216,18718,0.450000,-0.550000,0.300000,0.000000,1772830897685.655,0.437574,-0.548830,0.304357,0.000000,0.000000,0.000000,1.000000,position_only
2026-03-06T21:01:37.703739+00:00,1772830897703.739,0.439453,-0.552246,0.304688,0.545410,-0.412598,3.835938,20136,20414,19480,19558,0.450000,-0.550000,0.300000,0.000000,1772830897702.591,0.437624,-0.548755,0.304334,0.000000,0.000000,0.000000,1.000000,position_only
2026-03-06T21:01:37.712713+00:00,1772830897712.713,0.439697,-0.552246,0.304688,0.560059,-0.347900,3.830078,20784,19894,20081,18858,0.450000,-0.550000,0.300000,0.000000,1772830897711.165,0.437667,-0.548734,0.304295,0.000000,0.000000,0.000000,1.000000,position_only
2026-03-06T21:01:37.724365+00:00,1772830897724.365,0.439697,-0.552246,0.304688,0.582520,-0.301514,3.839844,21176,19476,20468,18529,0.450000,-0.550000,0.300000,0.000000,1772830897719.771,0.437699,-0.548674,0.304303,0.000000,0.000000,0.000000,1.000000,position_only
2026-03-06T21:01:37.733400+00:00,1772830897733.398,0.439453,-0.551758,0.304688,0.576660,-0.298584,3.839844,21174,19556,20430,18476,0.450000,-0.550000,0.300000,0.000000,1772830897728.665,0.437758,-0.548632,0.304287,0.000000,0.000000,0.000000,1.000000,position_only
2026-03-06T21:01:37.742830+00:00,1772830897742.829,0.439697,-0.551758,0.304443,0.620117,-0.231079,3.855469,20819,19868,19924,19033,0.450000,-0.550000,0.300000,0.000000,1772830897737.235,0.437778,-0.548615,0.304255,0.000000,0.000000,0.000000,1.000000,position_only
2026-03-06T21:01:37.752866+00:00,1772830897752.865,0.439697,-0.551758,0.304443,0.637695,-0.200073,3.857422,20748,19978,19924,18996,0.450000,-0.550000,0.300000,0.000000,1772830897745.790,0.437828,-0.548590,0.304220,0.000000,0.000000,0.000000,1.000000,position_only
2026-03-06T21:01:37.763483+00:00,1772830897763.483,0.439941,-0.551758,0.304443,0.664551,-0.199707,3.849609,20648,20068,19777,19153,0.450000,-0.550000,0.300000,0.000000,1772830897762.988,0.437943,-0.548565,0.304160,0.000000,0.000000,0.000000,1.000000,position_only
2026-03-06T21:01:37.773167+00:00,1772830897773.167,0.439941,-0.551758,0.304443,0.685059,-0.217163,3.851562,21202,19508,20123,18855,0.450000,-0.550000,0.300000,0.000000,1772830897771.549,0.438014,-0.548525,0.304123,0.000000,0.000000,0.000000,1.000000,position_only
2026-03-06T21:01:37.783138+00:00,1772830897783.137,0.439941,-0.551758,0.304443,0.681641,-0.241211,3.867188,21642,19026,20557,18494,0.450000,-0.550000,0.300000,0.000000,1772830897780.088,0.438119,-0.548497,0.304077,0.000000,0.000000,0.000000,1.000000,position_only
2026-03-06T21:01:37.792800+00:00,1772830897792.800,0.439941,-0.551758,0.304443,0.675781,-0.238403,3.867188,21250,19509,20052,18924,0.450000,-0.550000,0.300000,0.000000,1772830897788.612,0.438177,-0.548494,0.304050,0.000000,0.000000,0.000000,1.000000,position_only
2026-03-06T21:01:37.803243+00:00,1772830897803.243,0.440186,-0.551758,0.304443,0.668945,-0.387451,3.878906,20818,19917,19553,19455,0.450000,-0.550000,0.300000,0.000000,1772830897797.209,0.438258,-0.548458,0.304023,0.000000,0.000000,0.000000,1.000000,position_only
2026-03-06T21:01:37.813782+00:00,1772830897813.782,0.440186,-0.551758,0.304443,0.677734,-0.413086,3.876953,21010,19648,19981,19132,0.450000,-0.550000,0.300000,0.000000,1772830897805.819,0.438321,-0.548422,0.303994,0.000000,0.000000,0.000000,1.000000,position_only
2026-03-06T21:01:37.823031+00:00,1772830897823.031,0.440186,-0.551758,0.304199,0.647949,-0.462158,3.888672,21397,19200,20282,18961,0.450000,-0.550000,0.300000,0.000000,1772830897814.387,0.438387,-0.548399,0.303952,0.000000,0.000000,0.000000,1.000000,position_only
2026-03-06T21:01:37.833518+00:00,1772830897833.517,0.440430,-0.551758,0.304199,0.625977,-0.481689,3.904297,21541,19129,20646,18563,0.450000,-0.550000,0.300000,0.000000,1772830897831.876,0.438529,-0.548346,0.303889,0.000000,0.000000,0.000000,1.000000,position_only
2026-03-06T21:01:37.843598+00:00,1772830897843.598,0.440430,-0.551758,0.304199,0.603027,-0.482910,3.906250,20736,19904,19902,19387,0.450000,-0.550000,0.300000,0.000000,1772830897840.458,0.438602,-0.548324,0.303845,0.000000,0.000000,0.000000,1.000000,position_only
2026-03-06T21:01:37.854754+00:00,1772830897854.753,0.440430,-0.551758,0.304199,0.563477,-0.463867,3.906250,20877,19761,20166,19178,0.450000,-0.550000,0.300000,0.000000,1772830897849.020,0.438681,-0.548272,0.303811,0.000000,0.000000,0.000000,1.000000,position_only
2026-03-06T21:01:37.863994+00:00,1772830897863.994,0.440430,-0.551758,0.303955,0.517090,-0.449951,3.908203,21041,19590,20326,19065,0.450000,-0.550000,0.300000,0.000000,1772830897857.597,0.438810,-0.548232,0.303725,0.000000,0.000000,0.000000,1.000000,position_only
2026-03-06T21:01:37.874027+00:00,1772830897874.024,0.440674,-0.551758,0.303955,0.494141,-0.417236,3.919922,21285,19391,20682,18701,0.450000,-0.550000,0.300000,0.000000,1772830897866.303,0.438810,-0.548232,0.303725,0.000000,0.000000,0.000000,1.000000,position_only
2026-03-06T21:01:37.883461+00:00,1772830897883.459,0.440674,-0.551758,0.303955,0.492676,-0.364014,3.927734,20988,19761,20266,19042,0.450000,-0.550000,0.300000,0.000000,1772830897874.980,0.438932,-0.548173,0.303648,0.000000,0.000000,0.000000,1.000000,position_only
2026-03-06T21:01:37.893333+00:00,1772830897893.331,0.440918,-0.551758,0.303955,0.476562,-0.318848,3.927734,20778,19926,20122,19236,0.450000,-0.550000,0.300000,0.000000,1772830897892.237,0.439093,-0.548099,0.303579,0.000000,0.000000,0.000000,1.000000,position_only
2026-03-06T21:01:37.903839+00:00,1772830897903.838,0.440918,-0.551758,0.303955,0.471191,-0.246094,3.935547,20953,19827,20316,18932,0.450000,-0.550000,0.300000,0.000000,1772830897900.963,0.439163,-0.548113,0.303547,0.000000,0.000000,0.000000,1.000000,position_only
2026-03-06T21:01:37.913650+00:00,1772830897913.648,0.440918,-0.551270,0.303955,0.465332,-0.243408,3.935547,21127,19656,20561,18635,0.450000,-0.550000,0.300000,0.000000,1772830897909.510,0.439241,-0.548066,0.303532,0.000000,0.000000,0.000000,1.000000,position_only
2026-03-06T21:01:37.924353+00:00,1772830897924.352,0.440918,-0.551270,0.303955,0.476807,-0.162598,3.949219,20786,20091,20161,18943,0.450000,-0.550000,0.300000,0.000000,1772830897918.112,0.439326,-0.548015,0.303522,0.000000,0.000000,0.000000,1.000000,position_only
2026-03-06T21:01:37.933587+00:00,1772830897933.585,0.441162,-0.551270,0.303711,0.511719,-0.024994,3.951172,21126,19680,20476,18703,0.450000,-0.550000,0.300000,0.000000,1772830897926.667,0.439353,-0.548006,0.303507,0.000000,0.000000,0.000000,1.000000,position_only
2026-03-06T21:01:37.944233+00:00,1772830897944.232,0.441406,-0.551270,0.303711,0.523438,0.039795,3.972656,21325,19426,20777,18465,0.450000,-0.550000,0.300000,0.000000,1772830897943.853,0.439492,-0.547938,0.303459,0.000000,0.000000,0.000000,1.000000,position_only
2026-03-06T21:01:37.953696+00:00,1772830897953.695,0.441406,-0.551270,0.303711,0.532715,0.076416,3.978516,20833,19974,20303,18854,0.450000,-0.550000,0.300000,0.000000,1772830897952.410,0.439520,-0.547939,0.303456,0.000000,0.000000,0.000000,1.000000,position_only
2026-03-06T21:01:37.963832+00:00,1772830897963.831,0.441406,-0.551270,0.303711,0.541992,0.150146,3.988281,21514,19291,21116,18032,0.450000,-0.550000,0.300000,0.000000,1772830897961.064,0.439626,-0.547914,0.303410,0.000000,0.000000,0.000000,1.000000,position_only
2026-03-06T21:01:37.974616+00:00,1772830897974.615,0.441406,-0.551270,0.303711,0.536133,0.152954,3.988281,21246,19654,20580,18481,0.450000,-0.550000,0.300000,0.000000,1772830897969.589,0.439664,-0.547894,0.303410,0.000000,0.000000,0.000000,1.000000,position_only
2026-03-06T21:01:37.984298+00:00,1772830897984.297,0.441650,-0.551270,0.303711,0.591797,0.250977,4.003906,20687,20168,20222,18861,0.450000,-0.550000,0.300000,0.000000,1772830897978.167,0.439709,-0.547907,0.303404,0.000000,0.000000,0.000000,1.000000,position_only
2026-03-06T21:01:37.994138+00:00,1772830897994.136,0.441650,-0.551270,0.303711,0.641602,0.278320,4.007812,21303,19709,20403,18480,0.450000,-0.550000,0.300000,0.000000,1772830897986.648,0.439771,-0.547867,0.303379,0.000000,0.000000,0.000000,1.000000,position_only
2026-03-06T21:01:38.003884+00:00,1772830898003.882,0.441650,-0.551270,0.303711,0.691895,0.268555,4.019531,21323,19623,20443,18498,0.450000,-0.550000,0.300000,0.000000,1772830898003.706,0.439853,-0.547873,0.303374,0.000000,0.000000,0.000000,1.000000,position_only
2026-03-06T21:01:38.014000+00:00,1772830898013.999,0.441650,-0.551270,0.303711,0.734863,0.247437,4.035156,21512,19455,20571,18298,0.450000,-0.550000,0.300000,0.000000,1772830898012.300,0.439900,-0.547861,0.303362,0.000000,0.000000,0.000000,1.000000,position_only
2026-03-06T21:01:38.023449+00:00,1772830898023.448,0.441895,-0.551270,0.303711,0.777832,0.224121,4.035156,20893,20072,19904,18897,0.450000,-0.550000,0.300000,0.000000,1772830898020.879,0.439933,-0.547860,0.303358,0.000000,0.000000,0.000000,1.000000,position_only
2026-03-06T21:01:38.034068+00:00,1772830898034.066,0.441650,-0.550781,0.303711,0.771973,0.226807,4.035156,21040,19866,20000,18820,0.450000,-0.550000,0.300000,0.000000,1772830898029.375,0.439970,-0.547885,0.303362,0.000000,0.000000,0.000000,1.000000,position_only
2026-03-06T21:01:38.044364+00:00,1772830898044.363,0.441650,-0.550781,0.303711,0.817383,0.200073,4.042969,21434,19518,20179,18551,0.450000,-0.550000,0.300000,0.000000,1772830898037.964,0.440019,-0.547876,0.303354,0.000000,0.000000,0.000000,1.000000,position_only
2026-03-06T21:01:38.054109+00:00,1772830898054.109,0.441650,-0.550781,0.303711,0.860352,0.134521,4.050781,21405,19400,20242,18637,0.450000,-0.550000,0.300000,0.000000,1772830898046.556,0.440045,-0.547882,0.303371,0.000000,0.000000,0.000000,1.000000,position_only
2026-03-06T21:01:38.063997+00:00,1772830898063.997,0.441650,-0.550781,0.303711,0.871582,0.070557,4.062500,21249,19535,20087,18812,0.450000,-0.550000,0.300000,0.000000,1772830898063.532,0.440143,-0.547902,0.303369,0.000000,0.000000,0.000000,1.000000,position_only
2026-03-06T21:01:38.073818+00:00,1772830898073.817,0.441650,-0.550781,0.303711,0.877441,0.000354,4.070312,21500,19240,20359,18581,0.450000,-0.550000,0.300000,0.000000,1772830898072.368,0.440166,-0.547900,0.303389,0.000000,0.000000,0.000000,1.000000,position_only
2026-03-06T21:01:38.085174+00:00,1772830898085.172,0.441650,-0.550781,0.303711,0.867676,-0.077148,4.085938,21531,19205,20323,18576,0.450000,-0.550000,0.300000,0.000000,1772830898080.926,0.440205,-0.547939,0.303388,0.000000,0.000000,0.000000,1.000000,position_only
2026-03-06T21:01:38.095577+00:00,1772830898095.576,0.441895,-0.551270,0.303711,0.848145,-0.155884,4.097656,21198,19257,20194,18959,0.450000,-0.550000,0.300000,0.000000,1772830898089.483,0.440245,-0.547925,0.303396,0.000000,0.000000,0.000000,1.000000,position_only
2026-03-06T21:01:38.104041+00:00,1772830898104.041,0.441650,-0.550781,0.303711,0.790527,-0.240234,4.109375,21221,19249,20181,18979,0.450000,-0.550000,0.300000,0.000000,1772830898098.270,0.440295,-0.547926,0.303401,0.000000,0.000000,0.000000,1.000000,position_only
2026-03-06T21:01:38.114547+00:00,1772830898114.547,0.441650,-0.550781,0.303711,0.736816,-0.300537,4.121094,21826,18658,21045,18097,0.450000,-0.550000,0.300000,0.000000,1772830898106.765,0.440312,-0.547964,0.303428,0.000000,0.000000,0.000000,1.000000,position_only
2026-03-06T21:01:38.124669+00:00,1772830898124.669,0.441895,-0.551270,0.303711,0.682617,-0.342285,4.144531,21266,19121,20615,18634,0.450000,-0.550000,0.300000,0.000000,1772830898123.891,0.440405,-0.547958,0.303437,0.000000,0.000000,0.000000,1.000000,position_only
2026-03-06T21:01:38.134148+00:00,1772830898134.147,0.441895,-0.551270,0.303711,0.616699,-0.375977,4.160156,20655,19798,19901,19297,0.450000,-0.550000,0.300000,0.000000,1772830898132.680,0.440455,-0.548015,0.303443,0.000000,0.000000,0.000000,1.000000,position_only
2026-03-06T21:01:38.144412+00:00,1772830898144.411,0.441895,-0.551270,0.303711,0.559570,-0.377686,4.164062,20933,19505,20150,19085,0.450000,-0.550000,0.300000,0.000000,1772830898141.225,0.440490,-0.548025,0.303438,0.000000,0.000000,0.000000,1.000000,position_only
2026-03-06T21:01:38.155545+00:00,1772830898155.544,0.441895,-0.551270,0.303711,0.250000,-0.404053,4.164062,21901,18565,21040,18171,0.450000,-0.550000,0.300000,0.000000,1772830898149.839,0.440527,-0.548040,0.303455,0.000000,0.000000,0.000000,1.000000,position_only
2026-03-06T21:01:38.163399+00:00,1772830898163.399,0.441895,-0.551270,0.303711,0.452148,-0.421387,4.191406,21297,19268,20548,18546,0.450000,-0.550000,0.300000,0.000000,1772830898158.401,0.440527,-0.548040,0.303455,0.000000,0.000000,0.000000,1.000000,position_only
2026-03-06T21:01:38.174194+00:00,1772830898174.193,0.441895,-0.551270,0.303711,0.438721,-0.425293,4.207031,21131,19566,20374,18585,0.450000,-0.550000,0.300000,0.000000,1772830898167.042,0.440599,-0.548108,0.303444,0.000000,0.000000,0.000000,1.000000,position_only
2026-03-06T21:01:38.185000+00:00,1772830898184.999,0.441895,-0.551270,0.303711,0.437744,-0.391846,4.210938,21195,19520,20236,18727,0.450000,-0.550000,0.300000,0.000000,1772830898184.069,0.440655,-0.548185,0.303468,0.000000,0.000000,0.000000,1.000000,position_only
2026-03-06T21:01:38.193626+00:00,1772830898193.626,0.441895,-0.551270,0.303711,0.446289,-0.373535,4.218750,21841,19067,21051,17703,0.450000,-0.550000,0.300000,0.000000,1772830898192.591,0.440700,-0.548219,0.303455,0.000000,0.000000,0.000000,1.000000,position_only
2026-03-06T21:01:38.204278+00:00,1772830898204.278,0.442139,-0.551270,0.303711,0.493408,-0.312500,4.246094,21416,19534,20324,18392,0.450000,-0.550000,0.300000,0.000000,1772830898201.111,0.440720,-0.548268,0.303455,0.000000,0.000000,0.000000,1.000000,position_only
2026-03-06T21:01:38.214319+00:00,1772830898214.318,0.442139,-0.551270,0.303711,0.561523,-0.257324,4.269531,21176,19845,20171,18510,0.450000,-0.550000,0.300000,0.000000,1772830898209.672,0.440770,-0.548342,0.303475,0.000000,0.000000,0.000000,1.000000,position_only
2026-03-06T21:01:38.224604+00:00,1772830898224.604,0.442139,-0.551270,0.303711,0.629395,-0.208862,4.277344,21090,19986,19793,18826,0.450000,-0.550000,0.300000,0.000000,1772830898218.168,0.440823,-0.548383,0.303467,0.000000,0.000000,0.000000,1.000000,position_only
2026-03-06T21:01:38.234032+00:00,1772830898234.032,0.442139,-0.551270,0.303711,0.699707,-0.213867,4.277344,22393,18736,21207,17376,0.450000,-0.550000,0.300000,0.000000,1772830898226.781,0.440878,-0.548438,0.303457,0.000000,0.000000,0.000000,1.000000,position_only
2026-03-06T21:01:38.244743+00:00,1772830898244.742,0.442139,-0.551270,0.303711,0.779785,-0.177246,4.304688,22076,19120,20780,17738,0.450000,-0.550000,0.300000,0.000000,1772830898244.039,0.440973,-0.548568,0.303464,0.000000,0.000000,0.000000,1.000000,position_only
2026-03-06T21:01:38.254739+00:00,1772830898254.738,0.442383,-0.551270,0.303711,0.860840,-0.164185,4.339844,21069,20016,19653,18940,0.450000,-0.550000,0.300000,0.000000,1772830898252.530,0.441032,-0.548613,0.303454,0.000000,0.000000,0.000000,1.000000,position_only
2026-03-06T21:01:38.264019+00:00,1772830898264.018,0.442383,-0.551758,0.303711,0.923828,-0.177856,4.347656,21755,19347,20491,18066,0.450000,-0.550000,0.300000,0.000000,1772830898261.192,0.441079,-0.548654,0.303478,0.000000,0.000000,0.000000,1.000000,position_only
2026-03-06T21:01:38.274068+00:00,1772830898274.067,0.442383,-0.551758,0.303711,0.975098,-0.172852,4.367188,22264,18790,20914,17695,0.450000,-0.550000,0.300000,0.000000,1772830898269.649,0.441144,-0.548746,0.303503,0.000000,0.000000,0.000000,1.000000,position_only
2026-03-06T21:01:38.285246+00:00,1772830898285.245,0.442383,-0.551758,0.303711,1.016602,-0.187866,4.398438,21898,19097,20565,18098,0.450000,-0.550000,0.300000,0.000000,1772830898278.168,0.441198,-0.548801,0.303476,0.000000,0.000000,0.000000,1.000000,position_only
2026-03-06T21:01:38.293602+00:00,1772830898293.602,0.442383,-0.551758,0.303711,1.027344,-0.221069,4.421875,21397,19546,19938,18789,0.450000,-0.550000,0.300000,0.000000,1772830898286.721,0.441289,-0.548847,0.303482,0.000000,0.000000,0.000000,1.000000,position_only
2026-03-06T21:01:38.304053+00:00,1772830898304.053,0.442627,-0.551758,0.303711,1.026367,-0.274414,4.429688,21710,19161,20416,18388,0.450000,-0.550000,0.300000,0.000000,1772830898303.782,0.441421,-0.549002,0.303487,0.000000,0.000000,0.000000,1.000000,position_only
2026-03-06T21:01:38.313778+00:00,1772830898313.778,0.442627,-0.551758,0.303711,1.004883,-0.311035,4.445312,21636,19164,20296,18604,0.450000,-0.550000,0.300000,0.000000,1772830898312.347,0.441484,-0.549059,0.303458,0.000000,0.000000,0.000000,1.000000,position_only
2026-03-06T21:01:38.324630+00:00,1772830898324.630,0.442627,-0.551758,0.303711,0.964355,-0.355957,4.464844,22139,18697,20933,17966,0.450000,-0.550000,0.300000,0.000000,1772830898320.823,0.441577,-0.549125,0.303457,0.000000,0.000000,0.000000,1.000000,position_only
2026-03-06T21:01:38.334447+00:00,1772830898334.447,0.442627,-0.551758,0.303711,0.924805,-0.370361,4.492188,21936,18804,20862,18160,0.450000,-0.550000,0.300000,0.000000,1772830898329.706,0.441639,-0.549201,0.303457,0.000000,0.000000,0.000000,1.000000,position_only
2026-03-06T21:01:38.344846+00:00,1772830898344.845,0.442871,-0.552246,0.303711,0.864746,-0.382080,4.515625,21589,19217,20725,18227,0.450000,-0.550000,0.300000,0.000000,1772830898338.209,0.441707,-0.549331,0.303420,0.000000,0.000000,0.000000,1.000000,position_only
2026-03-06T21:01:38.354583+00:00,1772830898354.583,0.442871,-0.552246,0.303711,0.815918,-0.346680,4.535156,21544,19202,20674,18342,0.450000,-0.550000,0.300000,0.000000,1772830898346.706,0.441778,-0.549408,0.303412,0.000000,0.000000,0.000000,1.000000,position_only
2026-03-06T21:01:38.364326+00:00,1772830898364.326,0.443115,-0.552246,0.303711,0.761719,-0.307129,4.554688,21834,18916,21122,17852,0.450000,-0.550000,0.300000,0.000000,1772830898363.812,0.441887,-0.549559,0.303400,0.000000,0.000000,0.000000,1.000000,position_only
2026-03-06T21:01:38.373599+00:00,1772830898373.599,0.443115,-0.552246,0.303711,0.708008,-0.252930,4.574219,21827,18838,21183,17855,0.450000,-0.550000,0.300000,0.000000,1772830898372.357,0.441921,-0.549669,0.303420,0.000000,0.000000,0.000000,1.000000,position_only
2026-03-06T21:01:38.385899+00:00,1772830898385.899,0.443115,-0.552246,0.303711,0.654785,-0.188599,4.601562,21631,19077,20991,17974,0.450000,-0.550000,0.300000,0.000000,1772830898380.918,0.441995,-0.549741,0.303391,0.000000,0.000000,0.000000,1.000000,position_only
2026-03-06T21:01:38.394880+00:00,1772830898394.880,0.443115,-0.552734,0.303711,0.608887,-0.105225,4.628906,21416,19354,20702,18147,0.450000,-0.550000,0.300000,0.000000,1772830898389.515,0.442070,-0.549821,0.303402,0.000000,0.000000,0.000000,1.000000,position_only
2026-03-06T21:01:38.403854+00:00,1772830898403.854,0.443359,-0.552734,0.303711,0.581055,-0.021744,4.648438,21187,19627,20435,18333,0.450000,-0.550000,0.300000,0.000000,1772830898398.275,0.442082,-0.549919,0.303389,0.000000,0.000000,0.000000,1.000000,position_only
2026-03-06T21:01:38.414621+00:00,1772830898414.620,0.443359,-0.552734,0.303711,0.564941,0.050690,4.660156,21742,18994,21027,17764,0.450000,-0.550000,0.300000,0.000000,1772830898406.780,0.442133,-0.550012,0.303427,0.000000,0.000000,0.000000,1.000000,position_only
2026-03-06T21:01:38.424643+00:00,1772830898424.643,0.443604,-0.553223,0.303711,0.542480,0.107849,4.683594,21771,18948,20750,17980,0.450000,-0.550000,0.300000,0.000000,1772830898423.819,0.442285,-0.550187,0.303443,0.000000,0.000000,0.000000,1.000000,position_only
2026-03-06T21:01:38.434009+00:00,1772830898434.009,0.443604,-0.553223,0.303711,0.531250,0.123047,4.710938,21500,19304,20377,18206,0.450000,-0.550000,0.300000,0.000000,1772830898432.342,0.442313,-0.550313,0.303447,0.000000,0.000000,0.000000,1.000000,position_only
2026-03-06T21:01:38.445227+00:00,1772830898445.226,0.443604,-0.553223,0.303955,0.530762,0.108215,4.730469,21470,19275,20283,18311,0.450000,-0.550000,0.300000,0.000000,1772830898441.188,0.442445,-0.550469,0.303495,0.000000,0.000000,0.000000,1.000000,position_only
2026-03-06T21:01:38.454008+00:00,1772830898454.008,0.443604,-0.553223,0.303955,0.531738,0.074890,4.742188,22140,18529,20913,17696,0.450000,-0.550000,0.300000,0.000000,1772830898449.648,0.442514,-0.550568,0.303524,0.000000,0.000000,0.000000,1.000000,position_only
2026-03-06T21:01:38.463894+00:00,1772830898463.894,0.443848,-0.553711,0.303955,0.524902,0.045807,4.773438,21974,18697,20758,17802,0.450000,-0.550000,0.300000,0.000000,1772830898458.145,0.442555,-0.550671,0.303548,0.000000,0.000000,0.000000,1.000000,position_only
2026-03-06T21:01:38.473832+00:00,1772830898473.832,0.443848,-0.553711,0.303955,0.519531,0.007030,4.804688,21518,19122,20134,18445,0.450000,-0.550000,0.300000,0.000000,1772830898466.650,0.442555,-0.550671,0.303548,0.000000,0.000000,0.000000,1.000000,position_only
2026-03-06T21:01:38.484453+00:00,1772830898484.453,0.443848,-0.553711,0.303955,0.515137,-0.053345,4.820312,21867,18822,20611,17882,0.450000,-0.550000,0.300000,0.000000,1772830898483.731,0.442753,-0.550929,0.303607,0.000000,0.000000,0.000000,1.000000,position_only
2026-03-06T21:01:38.495200+00:00,1772830898495.199,0.443848,-0.553711,0.303955,0.515625,-0.080627,4.839844,22209,18627,20928,17400,0.450000,-0.550000,0.300000,0.000000,1772830898492.265,0.442787,-0.551055,0.303630,0.000000,0.000000,0.000000,1.000000,position_only
2026-03-06T21:01:38.504842+00:00,1772830898504.841,0.443848,-0.553711,0.303955,0.530762,-0.091797,4.871094,21938,18720,20671,17822,0.450000,-0.550000,0.300000,0.000000,1772830898500.782,0.442889,-0.551202,0.303620,0.000000,0.000000,0.000000,1.000000,position_only
2026-03-06T21:01:38.514664+00:00,1772830898514.664,0.444092,-0.554199,0.304199,0.534180,-0.109375,4.898438,21328,19305,20307,18178,0.450000,-0.550000,0.300000,0.000000,1772830898509.286,0.442957,-0.551310,0.303612,0.000000,0.000000,0.000000,1.000000,position_only
2026-03-06T21:01:38.525227+00:00,1772830898525.227,0.444092,-0.554199,0.304199,0.533203,-0.104797,4.917969,21512,19154,20319,18164,0.450000,-0.550000,0.300000,0.000000,1772830898518.072,0.443022,-0.551413,0.303640,0.000000,0.000000,0.000000,1.000000,position_only
2026-03-06T21:01:38.534473+00:00,1772830898534.472,0.444092,-0.554199,0.304199,0.526367,-0.114258,4.929688,21858,18809,20757,17768,0.450000,-0.550000,0.300000,0.000000,1772830898526.588,0.443055,-0.551519,0.303652,0.000000,0.000000,0.000000,1.000000,position_only
2026-03-06T21:01:38.545220+00:00,1772830898545.219,0.444092,-0.554688,0.304199,0.518555,-0.109314,4.953125,21659,19108,20539,17907,0.450000,-0.550000,0.300000,0.000000,1772830898543.590,0.443084,-0.551750,0.303676,0.000000,0.000000,0.000000,1.000000,position_only
2026-03-06T21:01:38.555156+00:00,1772830898555.156,0.444336,-0.554688,0.304199,0.526855,-0.091675,4.976562,21891,18759,20856,17726,0.450000,-0.550000,0.300000,0.000000,1772830898552.164,0.443135,-0.551821,0.303695,0.000000,0.000000,0.000000,1.000000,position_only
2026-03-06T21:01:38.564922+00:00,1772830898564.921,0.444336,-0.554688,0.304199,0.510742,-0.083069,5.000000,21706,18991,20507,18056,0.450000,-0.550000,0.300000,0.000000,1772830898560.706,0.443165,-0.551926,0.303691,0.000000,0.000000,0.000000,1.000000,position_only
2026-03-06T21:01:38.574780+00:00,1772830898574.780,0.444336,-0.554688,0.304199,0.504395,-0.095886,5.019531,22053,18597,20972,17618,0.450000,-0.550000,0.300000,0.000000,1772830898569.230,0.443201,-0.552031,0.303706,0.000000,0.000000,0.000000,1.000000,position_only
2026-03-06T21:01:38.585072+00:00,1772830898585.071,0.444336,-0.555176,0.304199,0.485107,-0.107300,5.042969,21644,19001,20530,18065,0.450000,-0.550000,0.300000,0.000000,1772830898577.707,0.443228,-0.552162,0.303665,0.000000,0.000000,0.000000,1.000000,position_only
2026-03-06T21:01:38.594002+00:00,1772830898594.000,0.444336,-0.555176,0.304199,0.474854,-0.108459,5.066406,21559,19155,20410,18140,0.450000,-0.550000,0.300000,0.000000,1772830898586.217,0.443269,-0.552251,0.303677,0.000000,0.000000,0.000000,1.000000,position_only
2026-03-06T21:01:38.604640+00:00,1772830898604.640,0.444580,-0.555176,0.304199,0.469482,-0.107788,5.085938,21588,19076,20507,18090,0.450000,-0.550000,0.300000,0.000000,1772830898603.337,0.443334,-0.552453,0.303674,0.000000,0.000000,0.000000,1.000000,position_only
2026-03-06T21:01:38.615152+00:00,1772830898615.151,0.444580,-0.555664,0.304199,0.444336,-0.107910,5.105469,21683,18933,20619,18014,0.450000,-0.550000,0.300000,0.000000,1772830898611.859,0.443363,-0.552530,0.303667,0.000000,0.000000,0.000000,1.000000,position_only
2026-03-06T21:01:38.624995+00:00,1772830898624.995,0.444580,-0.555664,0.304199,0.421875,-0.110657,5.128906,21664,18941,20796,17850,0.450000,-0.550000,0.300000,0.000000,1772830898620.595,0.443419,-0.552633,0.303670,0.000000,0.000000,0.000000,1.000000,position_only
2026-03-06T21:01:38.635018+00:00,1772830898635.017,0.444580,-0.555664,0.304199,0.395508,-0.081482,5.144531,22052,18519,21199,17491,0.450000,-0.550000,0.300000,0.000000,1772830898629.295,0.443408,-0.552728,0.303642,0.000000,0.000000,0.000000,1.000000,position_only
2026-03-06T21:01:38.644826+00:00,1772830898644.825,0.444580,-0.555664,0.304199,0.365723,-0.055389,5.175781,21723,18843,21066,17689,0.450000,-0.550000,0.300000,0.000000,1772830898637.877,0.443432,-0.552822,0.303620,0.000000,0.000000,0.000000,1.000000,position_only
2026-03-06T21:01:38.655326+00:00,1772830898655.325,0.444580,-0.555664,0.304199,0.329346,-0.001371,5.203125,21400,19218,20808,17960,0.450000,-0.550000,0.300000,0.000000,1772830898654.884,0.443491,-0.552960,0.303580,0.000000,0.000000,0.000000,1.000000,position_only
2026-03-06T21:01:38.664129+00:00,1772830898664.129,0.444580,-0.556152,0.304199,0.292480,0.054291,5.218750,21890,18784,21191,17546,0.450000,-0.550000,0.300000,0.000000,1772830898663.531,0.443468,-0.553073,0.303533,0.000000,0.000000,0.000000,1.000000,position_only
2026-03-06T21:01:38.674899+00:00,1772830898674.899,0.444824,-0.556152,0.304199,0.270020,0.111511,5.246094,21480,19177,20917,17842,0.450000,-0.550000,0.300000,0.000000,1772830898672.089,0.443473,-0.553152,0.303516,0.000000,0.000000,0.000000,1.000000,position_only
2026-03-06T21:01:38.685481+00:00,1772830898685.481,0.444824,-0.556152,0.304199,0.247559,0.170654,5.269531,21852,18904,21104,17560,0.450000,-0.550000,0.300000,0.000000,1772830898680.590,0.443505,-0.553223,0.303473,0.000000,0.000000,0.000000,1.000000,position_only
2026-03-06T21:01:38.695256+00:00,1772830898695.255,0.444580,-0.556152,0.304199,0.245239,0.222046,5.292969,21429,19313,20537,18136,0.450000,-0.550000,0.300000,0.000000,1772830898689.163,0.443536,-0.553302,0.303444,0.000000,0.000000,0.000000,1.000000,position_only
2026-03-06T21:01:38.705238+00:00,1772830898705.237,0.444824,-0.556152,0.304199,0.240479,0.246704,5.312500,22024,18752,21214,17467,0.450000,-0.550000,0.300000,0.000000,1772830898697.660,0.443519,-0.553426,0.303410,0.000000,0.000000,0.000000,1.000000,position_only
2026-03-06T21:01:38.714367+00:00,1772830898714.365,0.444824,-0.556152,0.304199,0.249268,0.261719,5.343750,21844,19079,20784,17807,0.450000,-0.550000,0.300000,0.000000,1772830898706.398,0.443516,-0.553512,0.303381,0.000000,0.000000,0.000000,1.000000,position_only
2026-03-06T21:01:38.724589+00:00,1772830898724.588,0.444824,-0.556641,0.303955,0.273926,0.272705,5.371094,21601,19371,20527,18030,0.450000,-0.550000,0.300000,0.000000,1772830898723.464,0.443521,-0.553677,0.303309,0.000000,0.000000,0.000000,1.000000,position_only
2026-03-06T21:01:38.735015+00:00,1772830898735.014,0.444824,-0.556641,0.303955,0.302979,0.260254,5.390625,21544,19411,20293,18265,0.450000,-0.550000,0.300000,0.000000,1772830898732.214,0.443513,-0.553900,0.303229,0.000000,0.000000,0.000000,1.000000,position_only
2026-03-06T21:01:38.745463+00:00,1772830898745.462,0.444824,-0.556641,0.303955,0.337402,0.229980,5.402344,22331,18601,21204,17342,0.450000,-0.550000,0.300000,0.000000,1772830898740.859,0.443477,-0.553990,0.303199,0.000000,0.000000,0.000000,1.000000,position_only
2026-03-06T21:01:38.755073+00:00,1772830898755.073,0.444580,-0.556641,0.303955,0.363281,0.191650,5.433594,22009,19029,20604,17847,0.450000,-0.550000,0.300000,0.000000,1772830898749.435,0.443461,-0.554079,0.303173,0.000000,0.000000,0.000000,1.000000,position_only
2026-03-06T21:01:38.764836+00:00,1772830898764.835,0.444580,-0.556641,0.303955,0.412109,0.135864,5.460938,21937,19107,20669,17814,0.450000,-0.550000,0.300000,0.000000,1772830898757.876,0.443461,-0.554079,0.303173,0.000000,0.000000,0.000000,1.000000,position_only
2026-03-06T21:01:38.775312+00:00,1772830898775.312,0.444580,-0.557129,0.303955,0.459229,0.100525,5.484375,21519,19576,20045,18452,0.450000,-0.550000,0.300000,0.000000,1772830898774.951,0.443384,-0.554433,0.303013,0.000000,0.000000,0.000000,1.000000,position_only
2026-03-06T21:01:38.784316+00:00,1772830898784.316,0.444580,-0.557129,0.303955,0.502930,0.032043,5.492188,22493,18658,21269,17254,0.450000,-0.550000,0.300000,0.000000,1772830898783.429,0.443363,-0.554512,0.303011,0.000000,0.000000,0.000000,1.000000,position_only
2026-03-06T21:01:38.794826+00:00,1772830898794.825,0.444580,-0.557129,0.303711,0.546875,0.017197,5.523438,22160,19038,20717,17789,0.450000,-0.550000,0.300000,0.000000,1772830898791.931,0.443332,-0.554597,0.302983,0.000000,0.000000,0.000000,1.000000,position_only
2026-03-06T21:01:38.805170+00:00,1772830898805.169,0.444336,-0.557129,0.303711,0.588867,-0.026657,5.550781,21255,19881,19766,18810,0.450000,-0.550000,0.300000,0.000000,1772830898800.408,0.443319,-0.554692,0.302939,0.000000,0.000000,0.000000,1.000000,position_only
2026-03-06T21:01:38.814310+00:00,1772830898814.310,0.444336,-0.557129,0.303711,0.621094,-0.089294,5.558594,22047,19147,20720,17826,0.450000,-0.550000,0.300000,0.000000,1772830898808.894,0.443297,-0.554789,0.302905,0.000000,0.000000,0.000000,1.000000,position_only
2026-03-06T21:01:38.825451+00:00,1772830898825.451,0.444336,-0.557617,0.303711,0.650391,-0.121460,5.574219,22316,18826,20861,17746,0.450000,-0.550000,0.300000,0.000000,1772830898817.374,0.443298,-0.554896,0.302869,0.000000,0.000000,0.000000,1.000000,position_only
2026-03-06T21:01:38.834763+00:00,1772830898834.763,0.444336,-0.557617,0.303711,0.665039,-0.168457,5.601562,21911,19214,20549,18060,0.450000,-0.550000,0.300000,0.000000,1772830898834.396,0.443220,-0.555099,0.302835,0.000000,0.000000,0.000000,1.000000,position_only
2026-03-06T21:01:38.845341+00:00,1772830898845.341,0.444336,-0.557617,0.303467,0.671875,-0.209961,5.621094,21308,19694,20062,18678,0.450000,-0.550000,0.300000,0.000000,1772830898842.925,0.443215,-0.555174,0.302792,0.000000,0.000000,0.000000,1.000000,position_only
2026-03-06T21:01:38.856074+00:00,1772830898856.072,0.444092,-0.557617,0.303467,0.656738,-0.233643,5.628906,22077,18944,20947,17795,0.450000,-0.550000,0.300000,0.000000,1772830898851.421,0.443203,-0.555283,0.302770,0.000000,0.000000,0.000000,1.000000,position_only
2026-03-06T21:01:38.865699+00:00,1772830898865.698,0.444092,-0.557617,0.303467,0.639160,-0.254883,5.652344,22015,19060,20813,17878,0.450000,-0.550000,0.300000,0.000000,1772830898859.898,0.443163,-0.555396,0.302747,0.000000,0.000000,0.000000,1.000000,position_only
2026-03-06T21:01:38.874889+00:00,1772830898874.888,0.444092,-0.558105,0.303467,0.625488,-0.266113,5.675781,21525,19452,20361,18457,0.450000,-0.550000,0.300000,0.000000,1772830898868.400,0.443117,-0.555505,0.302752,0.000000,0.000000,0.000000,1.000000,position_only
2026-03-06T21:01:38.885355+00:00,1772830898885.354,0.444092,-0.558105,0.303467,0.598633,-0.281250,5.691406,21242,19690,20176,18683,0.450000,-0.550000,0.300000,0.000000,1772830898876.917,0.443119,-0.555601,0.302695,0.000000,0.000000,0.000000,1.000000,position_only
2026-03-06T21:01:38.895078+00:00,1772830898895.077,0.444092,-0.558105,0.303467,0.546387,-0.305664,5.695312,22159,18820,21004,17814,0.450000,-0.550000,0.300000,0.000000,1772830898893.881,0.443089,-0.555770,0.302673,0.000000,0.000000,0.000000,1.000000,position_only
2026-03-06T21:01:38.905079+00:00,1772830898905.078,0.444092,-0.558594,0.303467,0.506348,-0.327148,5.714844,22166,18673,21091,17925,0.450000,-0.550000,0.300000,0.000000,1772830898902.371,0.443059,-0.555928,0.302627,0.000000,0.000000,0.000000,1.000000,position_only
2026-03-06T21:01:38.914847+00:00,1772830898914.847,0.444092,-0.558594,0.303223,0.452637,-0.351318,5.742188,21901,19048,20871,18099,0.450000,-0.550000,0.300000,0.000000,1772830898910.884,0.443050,-0.555998,0.302612,0.000000,0.000000,0.000000,1.000000,position_only
2026-03-06T21:01:38.925485+00:00,1772830898925.484,0.444092,-0.558594,0.303223,0.405029,-0.352783,5.765625,21343,19604,20248,18760,0.450000,-0.550000,0.300000,0.000000,1772830898919.399,0.443062,-0.556081,0.302584,0.000000,0.000000,0.000000,1.000000,position_only
2026-03-06T21:01:38.935571+00:00,1772830898935.570,0.444092,-0.558594,0.303223,0.357422,-0.356934,5.777344,21944,19022,20900,18115,0.450000,-0.550000,0.300000,0.000000,1772830898927.885,0.443068,-0.556183,0.302561,0.000000,0.000000,0.000000,1.000000,position_only
2026-03-06T21:01:38.945451+00:00,1772830898945.450,0.444092,-0.559082,0.303223,0.323730,-0.349365,5.792969,22195,18761,21305,17704,0.450000,-0.550000,0.300000,0.000000,1772830898944.900,0.443049,-0.556407,0.302545,0.000000,0.000000,0.000000,1.000000,position_only
2026-03-06T21:01:38.955919+00:00,1772830898955.919,0.444092,-0.559082,0.303223,0.284912,-0.328125,5.820312,21925,19055,21089,17842,0.450000,-0.550000,0.300000,0.000000,1772830898953.422,0.443058,-0.556491,0.302537,0.000000,0.000000,0.000000,1.000000,position_only
2026-03-06T21:01:38.965116+00:00,1772830898965.116,0.444092,-0.559082,0.303223,0.259277,-0.283936,5.843750,21855,19061,21031,17937,0.450000,-0.550000,0.300000,0.000000,1772830898962.003,0.443062,-0.556590,0.302527,0.000000,0.000000,0.000000,1.000000,position_only
2026-03-06T21:01:38.975641+00:00,1772830898975.640,0.443848,-0.559082,0.302979,0.227783,-0.260742,5.863281,21865,19115,21181,17690,0.450000,-0.550000,0.300000,0.000000,1772830898970.500,0.443045,-0.556731,0.302527,0.000000,0.000000,0.000000,1.000000,position_only
2026-03-06T21:01:38.985442+00:00,1772830898985.441,0.443848,-0.559082,0.302979,0.225342,-0.188843,5.886719,21351,19684,20513,18273,0.450000,-0.550000,0.300000,0.000000,1772830898978.964,0.443044,-0.556851,0.302537,0.000000,0.000000,0.000000,1.000000,position_only
2026-03-06T21:01:38.994867+00:00,1772830898994.867,0.444092,-0.559570,0.302979,0.228149,-0.134277,5.894531,21997,19059,21269,17496,0.450000,-0.550000,0.300000,0.000000,1772830898987.530,0.443090,-0.556948,0.302503,0.000000,0.000000,0.000000,1.000000,position_only
2026-03-06T21:01:39.005380+00:00,1772830899005.380,0.444092,-0.559570,0.302979,0.241333,-0.044281,5.921875,22105,18988,21255,17435,0.450000,-0.550000,0.300000,0.000000,1772830899004.646,0.443067,-0.557180,0.302548,0.000000,0.000000,0.000000,1.000000,position_only
2026-03-06T21:01:39.016145+00:00,1772830899016.144,0.444092,-0.559570,0.302979,0.257080,0.006927,5.949219,21442,19661,20472,18145,0.450000,-0.550000,0.300000,0.000000,1772830899013.133,0.443066,-0.557306,0.302586,0.000000,0.000000,0.000000,1.000000,position_only
2026-03-06T21:01:39.025877+00:00,1772830899025.876,0.444092,-0.559570,0.303223,0.276611,0.042725,5.960938,21768,19370,20862,17703,0.450000,-0.550000,0.300000,0.000000,1772830899021.587,0.443038,-0.557416,0.302611,0.000000,0.000000,0.000000,1.000000,position_only
2026-03-06T21:01:39.035083+00:00,1772830899035.082,0.444092,-0.559570,0.303223,0.312500,0.085693,5.976562,22040,19135,20990,17506,0.450000,-0.550000,0.300000,0.000000,1772830899030.150,0.443075,-0.557514,0.302645,0.000000,0.000000,0.000000,1.000000,position_only
2026-03-06T21:01:39.045497+00:00,1772830899045.496,0.444092,-0.560059,0.303223,0.356934,0.116882,6.003906,21729,19467,20552,17874,0.450000,-0.550000,0.300000,0.000000,1772830899038.822,0.443027,-0.557699,0.302659,0.000000,0.000000,0.000000,1.000000,position_only
2026-03-06T21:01:39.056066+00:00,1772830899056.064,0.444092,-0.560059,0.303223,0.401123,0.126953,6.023438,21974,19257,20683,17671,0.450000,-0.550000,0.300000,0.000000,1772830899047.365,0.443026,-0.557824,0.302705,0.000000,0.000000,0.000000,1.000000,position_only
2026-03-06T21:01:39.065921+00:00,1772830899065.920,0.444092,-0.560059,0.303223,0.461426,0.119995,6.042969,21751,19469,20371,17922,0.450000,-0.550000,0.300000,0.000000,1772830899064.780,0.443069,-0.558051,0.302798,0.000000,0.000000,0.000000,1.000000,position_only
2026-03-06T21:01:39.074905+00:00,1772830899074.905,0.444092,-0.560547,0.303223,0.513672,0.095459,6.058594,21799,19362,20180,18127,0.450000,-0.550000,0.300000,0.000000,1772830899073.280,0.443029,-0.558154,0.302820,0.000000,0.000000,0.000000,1.000000,position_only
2026-03-06T21:01:39.086309+00:00,1772830899086.309,0.443848,-0.560547,0.303223,0.551758,0.028809,6.070312,21861,19217,20202,18158,0.450000,-0.550000,0.300000,0.000000,1772830899081.774,0.443032,-0.558284,0.302891,0.000000,0.000000,0.000000,1.000000,position_only
2026-03-06T21:01:39.096035+00:00,1772830899096.035,0.443848,-0.560547,0.303223,0.578125,-0.066223,6.082031,22483,18481,21001,17454,0.450000,-0.550000,0.300000,0.000000,1772830899090.316,0.443018,-0.558405,0.302907,0.000000,0.000000,0.000000,1.000000,position_only
2026-03-06T21:01:39.105898+00:00,1772830899105.898,0.443848,-0.560547,0.303467,0.578125,-0.144897,6.109375,22128,18761,20759,17736,0.450000,-0.550000,0.300000,0.000000,1772830899099.117,0.443054,-0.558638,0.303015,0.000000,0.000000,0.000000,1.000000,position_only
2026-03-06T21:01:39.116212+00:00,1772830899116.211,0.443848,-0.561035,0.303467,0.559082,-0.189087,6.140625,21138,19580,19834,18815,0.450000,-0.550000,0.300000,0.000000,1772830899116.099,0.443085,-0.558858,0.303115,0.000000,0.000000,0.000000,1.000000,position_only
2026-03-06T21:01:39.125199+00:00,1772830899125.198,0.443848,-0.561035,0.303467,0.514648,-0.262451,6.140625,21778,18780,20703,18067,0.450000,-0.550000,0.300000,0.000000,1772830899124.588,0.443094,-0.558967,0.303149,0.000000,0.000000,0.000000,1.000000,position_only
2026-03-06T21:01:39.135994+00:00,1772830899135.994,0.443848,-0.561035,0.303467,0.438965,-0.312012,6.156250,22334,18289,21384,17314,0.450000,-0.550000,0.300000,0.000000,1772830899133.113,0.443092,-0.559077,0.303203,0.000000,0.000000,0.000000,1.000000,position_only
2026-03-06T21:01:39.146466+00:00,1772830899146.466,0.443848,-0.561035,0.303467,0.374268,-0.313477,6.191406,21461,19055,20518,18288,0.450000,-0.550000,0.300000,0.000000,1772830899141.587,0.443068,-0.559177,0.303264,0.000000,0.000000,0.000000,1.000000,position_only
2026-03-06T21:01:39.156152+00:00,1772830899156.152,0.443848,-0.561523,0.303711,0.302002,-0.311035,6.214844,20652,19892,19810,18972,0.450000,-0.550000,0.300000,0.000000,1772830899150.220,0.443089,-0.559265,0.303272,0.000000,0.000000,0.000000,1.000000,position_only
2026-03-06T21:01:39.165835+00:00,1772830899165.834,0.443848,-0.561523,0.303711,0.226440,-0.301514,6.214844,21253,19304,20362,18413,0.450000,-0.550000,0.300000,0.000000,1772830899158.705,0.443067,-0.559347,0.303320,0.000000,0.000000,0.000000,1.000000,position_only
2026-03-06T21:01:39.175708+00:00,1772830899175.707,0.443848,-0.561523,0.303711,0.162842,-0.292480,6.218750,22656,17991,22045,16653,0.450000,-0.550000,0.300000,0.000000,1772830899167.188,0.443096,-0.559490,0.303354,0.000000,0.000000,0.000000,1.000000,position_only
2026-03-06T21:01:39.185547+00:00,1772830899185.546,0.443848,-0.562012,0.303711,0.128418,-0.222168,6.261719,21812,18751,21135,17636,0.450000,-0.550000,0.300000,0.000000,1772830899184.325,0.443012,-0.559702,0.303445,0.000000,0.000000,0.000000,1.000000,position_only
2026-03-06T21:01:39.196147+00:00,1772830899196.146,0.443848,-0.562012,0.303711,0.090271,-0.174316,6.292969,20826,19959,20201,18340,0.450000,-0.550000,0.300000,0.000000,1772830899192.857,0.443026,-0.559851,0.303436,0.000000,0.000000,0.000000,1.000000,position_only
2026-03-06T21:01:39.205873+00:00,1772830899205.872,0.443848,-0.562012,0.303711,0.080200,-0.094238,6.296875,20560,20199,19680,18875,0.450000,-0.550000,0.300000,0.000000,1772830899201.533,0.443049,-0.559977,0.303485,0.000000,0.000000,0.000000,1.000000,position_only
2026-03-06T21:01:39.215900+00:00,1772830899215.900,0.443848,-0.562012,0.303955,0.080139,-0.056763,6.289062,22369,18451,21604,16859,0.450000,-0.550000,0.300000,0.000000,1772830899210.163,0.443038,-0.560099,0.303518,0.000000,0.000000,0.000000,1.000000,position_only
2026-03-06T21:01:39.226447+00:00,1772830899226.446,0.443848,-0.562012,0.303955,0.092590,0.002737,6.316406,22424,18379,21590,16856,0.450000,-0.550000,0.300000,0.000000,1772830899218.928,0.443024,-0.560208,0.303558,0.000000,0.000000,0.000000,1.000000,position_only
2026-03-06T21:01:39.236050+00:00,1772830899236.049,0.443848,-0.562500,0.303955,0.109192,0.053741,6.359375,20983,19814,20067,18361,0.450000,-0.550000,0.300000,0.000000,1772830899227.599,0.443049,-0.560295,0.303571,0.000000,0.000000,0.000000,1.000000,position_only
2026-03-06T21:01:39.246251+00:00,1772830899246.251,0.443848,-0.562500,0.303955,0.122070,0.082947,6.367188,21037,19780,20006,18375,0.450000,-0.550000,0.300000,0.000000,1772830899244.953,0.443058,-0.560530,0.303628,0.000000,0.000000,0.000000,1.000000,position_only
2026-03-06T21:01:39.255992+00:00,1772830899255.991,0.443848,-0.562500,0.303955,0.146240,0.086365,6.367188,22057,18832,20921,17373,0.450000,-0.550000,0.300000,0.000000,1772830899253.466,0.443060,-0.560596,0.303639,0.000000,0.000000,0.000000,1.000000,position_only
2026-03-06T21:01:39.266558+00:00,1772830899266.558,0.443848,-0.562500,0.303955,0.187988,0.095642,6.390625,22430,18538,21218,17026,0.450000,-0.550000,0.300000,0.000000,1772830899261.944,0.443113,-0.560686,0.303657,0.000000,0.000000,0.000000,1.000000,position_only
2026-03-06T21:01:39.276314+00:00,1772830899276.313,0.443848,-0.562988,0.304199,0.226196,0.074219,6.421875,21817,19085,20444,17883,0.450000,-0.550000,0.300000,0.000000,1772830899270.068,0.443123,-0.560784,0.303650,0.000000,0.000000,0.000000,1.000000,position_only
2026-03-06T21:01:39.285266+00:00,1772830899285.266,0.443848,-0.562988,0.304199,0.263184,0.038757,6.445312,21625,19272,20364,17957,0.450000,-0.550000,0.300000,0.000000,1772830899278.583,0.443131,-0.560907,0.303674,0.000000,0.000000,0.000000,1.000000,position_only
2026-03-06T21:01:39.296534+00:00,1772830899296.534,0.443848,-0.562988,0.304199,0.284912,-0.005836,6.457031,21720,19196,20283,18016,0.450000,-0.550000,0.300000,0.000000,1772830899295.593,0.443204,-0.561063,0.303690,0.000000,0.000000,0.000000,1.000000,position_only
2026-03-06T21:01:39.305505+00:00,1772830899305.505,0.443848,-0.562988,0.304199,0.310791,-0.063538,6.468750,22480,18418,21213,17105,0.450000,-0.550000,0.300000,0.000000,1772830899304.224,0.443191,-0.561155,0.303707,0.000000,0.000000,0.000000,1.000000,position_only
2026-03-06T21:01:39.316031+00:00,1772830899316.031,0.443848,-0.562988,0.304199,0.326904,-0.099365,6.500000,21859,18958,20522,17883,0.450000,-0.550000,0.300000,0.000000,1772830899312.713,0.443184,-0.561246,0.303729,0.000000,0.000000,0.000000,1.000000,position_only
2026-03-06T21:01:39.326633+00:00,1772830899326.633,0.443848,-0.563477,0.304199,0.331055,-0.139526,6.523438,21287,19491,20028,18443,0.450000,-0.550000,0.300000,0.000000,1772830899321.236,0.443208,-0.561329,0.303716,0.000000,0.000000,0.000000,1.000000,position_only
2026-03-06T21:01:39.335858+00:00,1772830899335.857,0.443848,-0.563477,0.304199,0.322021,-0.178101,6.527344,21698,19133,20539,17944,0.450000,-0.550000,0.300000,0.000000,1772830899329.984,0.443273,-0.561400,0.303719,0.000000,0.000000,0.000000,1.000000,position_only
2026-03-06T21:01:39.346316+00:00,1772830899346.315,0.443848,-0.563477,0.304199,0.313232,-0.198364,6.539062,22382,18370,21422,17173,0.450000,-0.550000,0.300000,0.000000,1772830899338.827,0.443256,-0.561507,0.303709,0.000000,0.000000,0.000000,1.000000,position_only
2026-03-06T21:01:39.356702+00:00,1772830899356.702,0.443848,-0.563477,0.304199,0.288574,-0.195312,6.574219,22034,18776,21124,17464,0.450000,-0.550000,0.300000,0.000000,1772830899355.839,0.443276,-0.561626,0.303725,0.000000,0.000000,0.000000,1.000000,position_only
2026-03-06T21:01:39.365929+00:00,1772830899365.928,0.443848,-0.563477,0.304199,0.273926,-0.171021,6.601562,20828,19919,19975,18739,0.450000,-0.550000,0.300000,0.000000,1772830899364.363,0.443285,-0.561696,0.303746,0.000000,0.000000,0.000000,1.000000,position_only
2026-03-06T21:01:39.375625+00:00,1772830899375.625,0.443848,-0.563965,0.304199,0.237061,-0.151245,6.601562,21291,19521,20297,18368,0.450000,-0.550000,0.300000,0.000000,1772830899372.822,0.443251,-0.561763,0.303762,0.000000,0.000000,0.000000,1.000000,position_only
2026-03-06T21:01:39.386846+00:00,1772830899386.846,0.443848,-0.563965,0.304199,0.217529,-0.135376,6.605469,21980,18855,21015,17615,0.450000,-0.550000,0.300000,0.000000,1772830899381.471,0.443271,-0.561852,0.303768,0.000000,0.000000,0.000000,1.000000,position_only
2026-03-06T21:01:39.396364+00:00,1772830899396.364,0.443848,-0.563965,0.304199,0.203979,-0.126587,6.628906,22584,18316,21621,16968,0.450000,-0.550000,0.300000,0.000000,1772830899390.131,0.443318,-0.561902,0.303741,0.000000,0.000000,0.000000,1.000000,position_only
2026-03-06T21:01:39.406180+00:00,1772830899406.179,0.443848,-0.563965,0.304199,0.198364,-0.109253,6.664062,21701,19088,20712,18022,0.450000,-0.550000,0.300000,0.000000,1772830899398.650,0.443374,-0.561993,0.303715,0.000000,0.000000,0.000000,1.000000,position_only
2026-03-06T21:01:39.416250+00:00,1772830899416.250,0.443848,-0.563965,0.304199,0.177979,-0.120483,6.683594,20885,19915,19771,18991,0.450000,-0.550000,0.300000,0.000000,1772830899415.883,0.443443,-0.562237,0.303693,0.000000,0.000000,0.000000,1.000000,position_only
2026-03-06T21:01:39.427172+00:00,1772830899427.171,0.443848,-0.563965,0.304199,0.155029,-0.149414,6.683594,22084,18761,20989,17778,0.450000,-0.550000,0.300000,0.000000,1772830899424.682,0.443495,-0.562292,0.303668,0.000000,0.000000,0.000000,1.000000,position_only
2026-03-06T21:01:39.436448+00:00,1772830899436.447,0.444092,-0.564453,0.304199,0.139893,-0.193359,6.699219,23029,17833,21930,16846,0.450000,-0.550000,0.300000,0.000000,1772830899433.215,0.443513,-0.562314,0.303675,0.000000,0.000000,0.000000,1.000000,position_only
2026-03-06T21:01:39.447164+00:00,1772830899447.163,0.444092,-0.564453,0.304199,0.121460,-0.208374,6.746094,22006,18886,20824,17909,0.450000,-0.550000,0.300000,0.000000,1772830899442.112,0.443572,-0.562393,0.303668,0.000000,0.000000,0.000000,1.000000,position_only
2026-03-06T21:01:39.456279+00:00,1772830899456.279,0.444092,-0.564453,0.304199,0.117126,-0.223511,6.777344,21055,19734,19971,18900,0.450000,-0.550000,0.300000,0.000000,1772830899450.589,0.443624,-0.562451,0.303651,0.000000,0.000000,0.000000,1.000000,position_only
2026-03-06T21:01:39.466865+00:00,1772830899466.865,0.444092,-0.564453,0.303955,0.087646,-0.260010,6.777344,22050,18914,20953,17762,0.450000,-0.550000,0.300000,0.000000,1772830899459.111,0.443672,-0.562499,0.303638,0.000000,0.000000,0.000000,1.000000,position_only
2026-03-06T21:01:39.475772+00:00,1772830899475.770,0.444092,-0.564453,0.303955,0.084290,-0.270020,6.792969,22841,18057,21789,16991,0.450000,-0.550000,0.300000,0.000000,1772830899467.591,0.443672,-0.562499,0.303638,0.000000,0.000000,0.000000,1.000000,position_only
2026-03-06T21:01:39.486006+00:00,1772830899486.005,0.444092,-0.564453,0.303955,0.086975,-0.277100,6.832031,22037,18814,20856,17998,0.450000,-0.550000,0.300000,0.000000,1772830899484.812,0.443824,-0.562611,0.303620,0.000000,0.000000,0.000000,1.000000,position_only
2026-03-06T21:01:39.496574+00:00,1772830899496.573,0.444092,-0.564453,0.303955,0.080078,-0.298828,6.855469,21658,19235,20671,18163,0.450000,-0.550000,0.300000,0.000000,1772830899493.452,0.443861,-0.562644,0.303623,0.000000,0.000000,0.000000,1.000000,position_only
2026-03-06T21:01:39.507121+00:00,1772830899507.120,0.444336,-0.564453,0.303955,0.071045,-0.296875,6.867188,21941,19079,21022,17678,0.450000,-0.550000,0.300000,0.000000,1772830899502.016,0.443965,-0.562672,0.303601,0.000000,0.000000,0.000000,1.000000,position_only
2026-03-06T21:01:39.517107+00:00,1772830899517.105,0.444336,-0.564453,0.303955,0.086609,-0.245605,6.886719,22083,18712,21269,17643,0.450000,-0.550000,0.300000,0.000000,1772830899510.727,0.443975,-0.562644,0.303637,0.000000,0.000000,0.000000,1.000000,position_only
2026-03-06T21:01:39.527009+00:00,1772830899527.008,0.444336,-0.564941,0.303955,0.077026,-0.205688,6.914062,22081,18862,21321,17442,0.450000,-0.550000,0.300000,0.000000,1772830899519.295,0.444056,-0.562726,0.303609,0.000000,0.000000,0.000000,1.000000,position_only
2026-03-06T21:01:39.536711+00:00,1772830899536.709,0.444336,-0.564941,0.303955,0.079468,-0.154175,6.933594,21592,19314,20754,17997,0.450000,-0.550000,0.300000,0.000000,1772830899536.351,0.444210,-0.562773,0.303610,0.000000,0.000000,0.000000,1.000000,position_only
2026-03-06T21:01:39.545901+00:00,1772830899545.901,0.444580,-0.564941,0.303955,0.089233,-0.102478,6.945312,22131,18829,21201,17473,0.450000,-0.550000,0.300000,0.000000,1772830899544.881,0.444257,-0.562789,0.303611,0.000000,0.000000,0.000000,1.000000,position_only
2026-03-06T21:01:39.556570+00:00,1772830899556.569,0.444580,-0.564941,0.303955,0.107117,-0.059906,6.968750,22504,18482,21741,16880,0.450000,-0.550000,0.300000,0.000000,1772830899553.386,0.444325,-0.562820,0.303631,0.000000,0.000000,0.000000,1.000000,position_only
2026-03-06T21:01:39.566620+00:00,1772830899566.619,0.444580,-0.564941,0.303955,0.134033,0.013336,7.007812,21454,19460,20407,18237,0.450000,-0.550000,0.300000,0.000000,1772830899561.909,0.444377,-0.562818,0.303630,0.000000,0.000000,0.000000,1.000000,position_only
2026-03-06T21:01:39.577050+00:00,1772830899577.050,0.444824,-0.564941,0.303955,0.152710,0.043671,7.019531,21416,19463,20388,18235,0.450000,-0.550000,0.300000,0.000000,1772830899570.401,0.444458,-0.562842,0.303645,0.000000,0.000000,0.000000,1.000000,position_only
2026-03-06T21:01:39.587018+00:00,1772830899587.017,0.444824,-0.564941,0.303955,0.164795,0.061768,7.023438,21885,18988,20784,17790,0.450000,-0.550000,0.300000,0.000000,1772830899578.996,0.444540,-0.562847,0.303672,0.000000,0.000000,0.000000,1.000000,position_only
2026-03-06T21:01:39.596671+00:00,1772830899596.670,0.444824,-0.564941,0.303955,0.185181,0.041992,7.039062,22205,18621,21033,17516,0.450000,-0.550000,0.300000,0.000000,1772830899596.197,0.444674,-0.562874,0.303695,0.000000,0.000000,0.000000,1.000000,position_only
2026-03-06T21:01:39.606814+00:00,1772830899606.813,0.445068,-0.564941,0.303955,0.209717,0.033508,7.070312,21870,18958,20736,17742,0.450000,-0.550000,0.300000,0.000000,1772830899604.680,0.444730,-0.562861,0.303710,0.000000,0.000000,0.000000,1.000000,position_only
2026-03-06T21:01:39.617004+00:00,1772830899617.003,0.445068,-0.564941,0.304199,0.226562,0.008034,7.093750,21856,18963,20648,17800,0.450000,-0.550000,0.300000,0.000000,1772830899613.462,0.444841,-0.562869,0.303758,0.000000,0.000000,0.000000,1.000000,position_only
2026-03-06T21:01:39.627020+00:00,1772830899627.019,0.445068,-0.564941,0.304199,0.245605,0.003023,7.113281,21791,18926,20391,18124,0.450000,-0.550000,0.300000,0.000000,1772830899622.374,0.444871,-0.562868,0.303784,0.000000,0.000000,0.000000,1.000000,position_only
2026-03-06T21:01:39.637801+00:00,1772830899637.800,0.445068,-0.564941,0.304199,0.255127,-0.049927,7.128906,22014,18704,20742,17719,0.450000,-0.550000,0.300000,0.000000,1772830899630.891,0.444917,-0.562893,0.303805,0.000000,0.000000,0.000000,1.000000,position_only
2026-03-06T21:01:39.647025+00:00,1772830899647.025,0.445312,-0.564941,0.304199,0.264404,-0.091980,7.148438,21990,18691,20969,17492,0.450000,-0.550000,0.300000,0.000000,1772830899639.482,0.444983,-0.562856,0.303843,0.000000,0.000000,0.000000,1.000000,position_only
2026-03-06T21:01:39.656927+00:00,1772830899656.927,0.445312,-0.564941,0.304199,0.278809,-0.086670,7.171875,22111,18529,21134,17316,0.450000,-0.550000,0.300000,0.000000,1772830899656.694,0.445135,-0.562862,0.303922,0.000000,0.000000,0.000000,1.000000,position_only
2026-03-06T21:01:39.667009+00:00,1772830899667.008,0.445312,-0.564941,0.304443,0.283936,-0.070618,7.203125,21401,19115,20450,18059,0.450000,-0.550000,0.300000,0.000000,1772830899665.238,0.445180,-0.562885,0.303965,0.000000,0.000000,0.000000,1.000000,position_only
2026-03-06T21:01:39.676921+00:00,1772830899676.921,0.445557,-0.564941,0.304443,0.274902,-0.045837,7.218750,21569,19032,20663,17751,0.450000,-0.550000,0.300000,0.000000,1772830899673.741,0.445246,-0.562862,0.304017,0.000000,0.000000,0.000000,1.000000,position_only
2026-03-06T21:01:39.687329+00:00,1772830899687.329,0.445557,-0.564941,0.304443,0.268555,-0.018509,7.230469,22147,18432,21151,17253,0.450000,-0.550000,0.300000,0.000000,1772830899682.457,0.445325,-0.562841,0.304050,0.000000,0.000000,0.000000,1.000000,position_only
2026-03-06T21:01:39.697091+00:00,1772830899697.091,0.445557,-0.564941,0.304443,0.266113,0.007790,7.257812,22120,18422,21244,17118,0.450000,-0.550000,0.300000,0.000000,1772830899691.117,0.445479,-0.562871,0.304135,0.000000,0.000000,0.000000,1.000000,position_only
2026-03-06T21:01:39.707000+00:00,1772830899707.000,0.445801,-0.564941,0.304443,0.276855,0.042023,7.289062,21466,19172,20461,17757,0.450000,-0.550000,0.300000,0.000000,1772830899699.610,0.445531,-0.562872,0.304187,0.000000,0.000000,0.000000,1.000000,position_only
2026-03-06T21:01:39.716878+00:00,1772830899716.878,0.445801,-0.564941,0.304688,0.300049,0.080322,7.304688,21625,19077,20590,17526,0.450000,-0.550000,0.300000,0.000000,1772830899716.754,0.445719,-0.562873,0.304234,0.000000,0.000000,0.000000,1.000000,position_only
2026-03-06T21:01:39.727016+00:00,1772830899727.014,0.445801,-0.564941,0.304688,0.335205,0.112732,7.316406,22068,18559,21073,17082,0.450000,-0.550000,0.300000,0.000000,1772830899725.422,0.445770,-0.562893,0.304255,0.000000,0.000000,0.000000,1.000000,position_only
2026-03-06T21:01:39.737667+00:00,1772830899737.666,0.446045,-0.564941,0.304688,0.372070,0.157227,7.343750,22081,18591,21039,17026,0.450000,-0.550000,0.300000,0.000000,1772830899733.912,0.445853,-0.562909,0.304287,0.000000,0.000000,0.000000,1.000000,position_only
2026-03-06T21:01:39.747349+00:00,1772830899747.349,0.446045,-0.564941,0.304688,0.414062,0.193848,7.371094,21658,18984,20782,17319,0.450000,-0.550000,0.300000,0.000000,1772830899742.416,0.445931,-0.562869,0.304339,0.000000,0.000000,0.000000,1.000000,position_only
2026-03-06T21:01:39.757166+00:00,1772830899757.166,0.446045,-0.564941,0.304932,0.446533,0.250244,7.390625,21543,19194,20410,17599,0.450000,-0.550000,0.300000,0.000000,1772830899750.886,0.446019,-0.562873,0.304366,0.000000,0.000000,0.000000,1.000000,position_only
2026-03-06T21:01:39.766992+00:00,1772830899766.992,0.446289,-0.564941,0.304932,0.494873,0.283203,7.406250,21777,18961,20707,17307,0.450000,-0.550000,0.300000,0.000000,1772830899759.530,0.446079,-0.562887,0.304372,0.000000,0.000000,0.000000,1.000000,position_only
2026-03-06T21:01:39.777516+00:00,1772830899777.515,0.446289,-0.564941,0.304932,0.528809,0.309082,7.425781,22064,18678,20947,17111,0.450000,-0.550000,0.300000,0.000000,1772830899776.647,0.446218,-0.562911,0.304405,0.000000,0.000000,0.000000,1.000000,position_only
2026-03-06T21:01:39.786710+00:00,1772830899786.709,0.446289,-0.564941,0.304932,0.558594,0.321045,7.449219,21923,18782,20932,17225,0.450000,-0.550000,0.300000,0.000000,1772830899785.178,0.446359,-0.562962,0.304389,0.000000,0.000000,0.000000,1.000000,position_only
