time_wall,time_ms,state_x,state_y,state_z,roll,pitch,yaw,u1_16,u2_16,u3_16,u4_16,controller_id,setpoint_x,setpoint_y,setpoint_z,setpoint_yaw_deg,mocap_time_ms,mocap_x,mocap_y,mocap_z,mocap_qx,mocap_qy,mocap_qz,mocap_qw,mocap_mode
2026-03-07T21:07:30.164276+00:00,1772917650164.273,0.429688,-0.549316,0.299072,0.091614,-0.605469,0.194092,18180,17658,17554,17756,1,0.450000,-0.550000,0.300000,0.000000,1772917650162.867,0.426021,-0.549122,0.298920,0.000000,0.000000,0.000000,1.000000,position_only
2026-03-07T21:07:30.173029+00:00,1772917650173.028,0.429688,-0.549316,0.299072,0.094543,-0.607422,0.199097,18180,17658,17554,17756,1,0.450000,-0.550000,0.300000,0.000000,1772917650171.382,0.425873,-0.549136,0.298935,0.000000,0.000000,0.000000,1.000000,position_only
2026-03-07T21:07:30.183884+00:00,1772917650183.882,0.429443,-0.549316,0.299072,0.089050,-0.617676,0.201172,18180,17658,17554,17756,1,0.450000,-0.550000,0.300000,0.000000,1772917650179.954,0.425731,-0.549197,0.298934,0.000000,0.000000,0.000000,1.000000,position_only
2026-03-07T21:07:30.192938+00:00,1772917650192.936,0.429443,-0.549316,0.299072,0.100769,-0.611816,0.198120,18180,17658,17554,17756,1,0.450000,-0.550000,0.300000,0.000000,1772917650188.475,0.425636,-0.549188,0.298927,0.000000,0.000000,0.000000,1.000000,position_only
2026-03-07T21:07:30.204048+00:00,1772917650204.046,0.429199,-0.549316,0.299072,0.106812,-0.609375,0.193604,18180,17658,17554,17756,1,0.450000,-0.550000,0.300000,0.000000,1772917650197.003,0.425512,-0.549203,0.298925,0.000000,0.000000,0.000000,1.000000,position_only
2026-03-07T21:07:30.213920+00:00,1772917650213.918,0.428955,-0.549316,0.299072,0.106995,-0.622559,0.183228,18180,17658,17554,17756,1,0.450000,-0.550000,0.300000,0.000000,1772917650205.648,0.425404,-0.549220,0.298926,0.000000,0.000000,0.000000,1.000000,position_only
2026-03-07T21:07:30.223802+00:00,1772917650223.801,0.428955,-0.549316,0.299072,0.117493,-0.628418,0.179565,18180,17658,17554,17756,1,0.450000,-0.550000,0.300000,0.000000,1772917650222.943,0.425169,-0.549252,0.298952,0.000000,0.000000,0.000000,1.000000,position_only
2026-03-07T21:07:30.233081+00:00,1772917650233.080,0.428711,-0.549316,0.299072,0.117493,-0.641113,0.178345,18180,17658,17554,17756,1,0.450000,-0.550000,0.300000,0.000000,1772917650231.500,0.425032,-0.549233,0.298953,0.000000,0.000000,0.000000,1.000000,position_only
2026-03-07T21:07:30.244428+00:00,1772917650244.427,0.428711,-0.549316,0.299072,0.102966,-0.657715,0.179443,18180,17658,17554,17756,1,0.450000,-0.550000,0.300000,0.000000,1772917650240.045,0.424899,-0.549255,0.298952,0.000000,0.000000,0.000000,1.000000,position_only
2026-03-07T21:07:30.254368+00:00,1772917650254.367,0.428467,-0.549316,0.299072,0.075745,-0.686523,0.178833,18180,17658,17554,17756,1,0.450000,-0.550000,0.300000,0.000000,1772917650248.706,0.424798,-0.549247,0.298954,0.000000,0.000000,0.000000,1.000000,position_only
2026-03-07T21:07:30.263544+00:00,1772917650263.542,0.428223,-0.549316,0.299072,0.053741,-0.687500,0.181519,18180,17658,17554,17756,1,0.450000,-0.550000,0.300000,0.000000,1772917650257.296,0.424695,-0.549251,0.298958,0.000000,0.000000,0.000000,1.000000,position_only
2026-03-07T21:07:30.273721+00:00,1772917650273.720,0.427979,-0.549316,0.299072,0.034729,-0.702637,0.188232,18180,17658,17554,17756,1,0.450000,-0.550000,0.300000,0.000000,1772917650265.790,0.424605,-0.549281,0.298964,0.000000,0.000000,0.000000,1.000000,position_only
2026-03-07T21:07:30.282895+00:00,1772917650282.894,0.427979,-0.549316,0.299072,0.032227,-0.719727,0.190186,18180,17658,17554,17756,1,0.450000,-0.550000,0.300000,0.000000,1772917650282.769,0.424374,-0.549314,0.298963,0.000000,0.000000,0.000000,1.000000,position_only
2026-03-07T21:07:30.293099+00:00,1772917650293.097,0.427979,-0.549316,0.299072,0.036133,-0.731934,0.193604,18180,17658,17554,17756,1,0.450000,-0.550000,0.300000,0.000000,1772917650291.589,0.424265,-0.549344,0.298964,0.000000,0.000000,0.000000,1.000000,position_only
2026-03-07T21:07:30.303513+00:00,1772917650303.511,0.427734,-0.549316,0.299072,0.039154,-0.730957,0.190552,18180,17658,17554,17756,1,0.450000,-0.550000,0.300000,0.000000,1772917650300.116,0.424131,-0.549361,0.298978,0.000000,0.000000,0.000000,1.000000,position_only
2026-03-07T21:07:30.314435+00:00,1772917650314.434,0.427734,-0.549316,0.299072,0.046295,-0.722168,0.184326,18180,17658,17554,17756,1,0.450000,-0.550000,0.300000,0.000000,1772917650308.666,0.424035,-0.549429,0.298959,0.000000,0.000000,0.000000,1.000000,position_only
2026-03-07T21:07:30.323808+00:00,1772917650323.807,0.427246,-0.549316,0.299072,0.048309,-0.715332,0.179321,18180,17658,17554,17756,1,0.450000,-0.550000,0.300000,0.000000,1772917650317.168,0.423982,-0.549437,0.298968,0.000000,0.000000,0.000000,1.000000,position_only
2026-03-07T21:07:30.334187+00:00,1772917650334.186,0.427246,-0.549316,0.299072,0.046753,-0.725098,0.177856,18180,17658,17554,17756,1,0.450000,-0.550000,0.300000,0.000000,1772917650325.656,0.423881,-0.549482,0.298969,0.000000,0.000000,0.000000,1.000000,position_only
2026-03-07T21:07:30.344012+00:00,1772917650344.012,0.427246,-0.549805,0.299072,0.052246,-0.732422,0.177612,18180,17658,17554,17756,1,0.450000,-0.550000,0.300000,0.000000,1772917650343.144,0.423734,-0.549539,0.298992,0.000000,0.000000,0.000000,1.000000,position_only
2026-03-07T21:07:30.354178+00:00,1772917650354.177,0.427002,-0.549805,0.299072,0.044739,-0.754395,0.180542,18180,17658,17554,17756,1,0.450000,-0.550000,0.300000,0.000000,1772917650351.465,0.423615,-0.549562,0.299022,0.000000,0.000000,0.000000,1.000000,position_only
2026-03-07T21:07:30.364434+00:00,1772917650364.433,0.427002,-0.549805,0.299072,0.047943,-0.785156,0.173218,18180,17658,17554,17756,1,0.450000,-0.550000,0.300000,0.000000,1772917650360.269,0.423548,-0.549592,0.299030,0.000000,0.000000,0.000000,1.000000,position_only
2026-03-07T21:07:30.373684+00:00,1772917650373.683,0.426758,-0.549805,0.299072,0.047729,-0.808594,0.168457,18180,17658,17554,17756,1,0.450000,-0.550000,0.300000,0.000000,1772917650368.844,0.423483,-0.549593,0.299077,0.000000,0.000000,0.000000,1.000000,position_only
2026-03-07T21:07:30.383690+00:00,1772917650383.688,0.426758,-0.549805,0.299072,0.034485,-0.834961,0.169678,18180,17658,17554,17756,1,0.450000,-0.550000,0.300000,0.000000,1772917650377.371,0.423438,-0.549646,0.299080,0.000000,0.000000,0.000000,1.000000,position_only
2026-03-07T21:07:30.394036+00:00,1772917650394.034,0.426514,-0.549805,0.299072,0.019760,-0.843750,0.170776,18180,17658,17554,17756,1,0.450000,-0.550000,0.300000,0.000000,1772917650386.188,0.423375,-0.549661,0.299088,0.000000,0.000000,0.000000,1.000000,position_only
2026-03-07T21:07:30.403423+00:00,1772917650403.422,0.426514,-0.549805,0.299072,0.008614,-0.841309,0.179443,18180,17658,17554,17756,1,0.450000,-0.550000,0.300000,0.000000,1772917650403.231,0.423246,-0.549666,0.299136,0.000000,0.000000,0.000000,1.000000,position_only
2026-03-07T21:07:30.413345+00:00,1772917650413.344,0.426514,-0.549805,0.299072,-0.006336,-0.844238,0.183228,18180,17658,17554,17756,1,0.450000,-0.550000,0.300000,0.000000,1772917650411.715,0.423205,-0.549685,0.299146,0.000000,0.000000,0.000000,1.000000,position_only
2026-03-07T21:07:30.424006+00:00,1772917650424.005,0.426514,-0.549805,0.299072,-0.004284,-0.828125,0.183594,18180,17658,17554,17756,1,0.450000,-0.550000,0.300000,0.000000,1772917650420.246,0.423190,-0.549719,0.299171,0.000000,0.000000,0.000000,1.000000,position_only
2026-03-07T21:07:30.433498+00:00,1772917650433.497,0.426514,-0.549805,0.299072,-0.008209,-0.827637,0.182617,18180,17658,17554,17756,1,0.450000,-0.550000,0.300000,0.000000,1772917650428.805,0.423126,-0.549747,0.299195,0.000000,0.000000,0.000000,1.000000,position_only
2026-03-07T21:07:30.443886+00:00,1772917650443.885,0.426270,-0.549805,0.299072,-0.009384,-0.825684,0.191772,18180,17658,17554,17756,1,0.450000,-0.550000,0.300000,0.000000,1772917650437.373,0.423065,-0.549748,0.299187,0.000000,0.000000,0.000000,1.000000,position_only
2026-03-07T21:07:30.453960+00:00,1772917650453.959,0.426025,-0.549805,0.299072,-0.005543,-0.833496,0.192505,18180,17658,17554,17756,1,0.450000,-0.550000,0.300000,0.000000,1772917650445.902,0.423045,-0.549771,0.299206,0.000000,0.000000,0.000000,1.000000,position_only
2026-03-07T21:07:30.464683+00:00,1772917650464.681,0.426025,-0.549805,0.299072,0.008118,-0.838379,0.190430,18180,17658,17554,17756,1,0.450000,-0.550000,0.300000,0.000000,1772917650463.017,0.423031,-0.549824,0.299259,0.000000,0.000000,0.000000,1.000000,position_only
2026-03-07T21:07:30.474522+00:00,1772917650474.521,0.426025,-0.549805,0.299072,0.034210,-0.849609,0.185669,18180,17658,17554,17756,1,0.450000,-0.550000,0.300000,0.000000,1772917650471.530,0.423012,-0.549860,0.299271,0.000000,0.000000,0.000000,1.000000,position_only
2026-03-07T21:07:30.484769+00:00,1772917650484.768,0.426025,-0.549805,0.299072,0.043091,-0.858398,0.181274,19680,19564,19652,19581,6,0.450000,-0.550000,0.300000,0.000000,1772917650480.424,0.422991,-0.549875,0.299279,0.000000,0.000000,0.000000,1.000000,position_only
2026-03-07T21:07:30.495852+00:00,1772917650495.851,0.426025,-0.549805,0.299316,0.039886,-0.868652,0.180786,19674,19612,19697,19661,6,0.450000,-0.550000,0.300000,0.000000,1772917650488.891,0.422984,-0.549898,0.299289,0.000000,0.000000,0.000000,1.000000,position_only
2026-03-07T21:07:30.505442+00:00,1772917650505.441,0.426025,-0.549805,0.299316,0.025284,-0.878906,0.180542,19948,19332,19974,19384,6,0.450000,-0.550000,0.300000,0.000000,1772917650497.446,0.422983,-0.549913,0.299315,0.000000,0.000000,0.000000,1.000000,position_only
2026-03-07T21:07:30.514582+00:00,1772917650514.581,0.426025,-0.550293,0.299316,0.006947,-0.893555,0.201660,20109,19168,20103,19220,6,0.450000,-0.550000,0.300000,0.000000,1772917650506.106,0.422996,-0.549908,0.299345,0.000000,0.000000,0.000000,1.000000,position_only
2026-03-07T21:07:30.524397+00:00,1772917650524.397,0.426025,-0.550293,0.299316,-0.004425,-0.903320,0.236084,20084,19151,20065,19225,6,0.450000,-0.550000,0.300000,0.000000,1772917650523.172,0.423042,-0.549928,0.299497,0.000000,0.000000,0.000000,1.000000,position_only
2026-03-07T21:07:30.535305+00:00,1772917650535.304,0.426025,-0.550293,0.299561,-0.011757,-0.931152,0.276611,20047,19219,19822,19301,6,0.450000,-0.550000,0.300000,0.000000,1772917650531.666,0.423064,-0.549963,0.299662,0.000000,0.000000,0.000000,1.000000,position_only
2026-03-07T21:07:30.546810+00:00,1772917650546.809,0.426270,-0.550293,0.299805,0.002851,-0.982910,0.300293,20113,19005,19835,19273,6,0.450000,-0.550000,0.300000,0.000000,1772917650540.159,0.423084,-0.549977,0.299855,0.000000,0.000000,0.000000,1.000000,position_only
2026-03-07T21:07:30.556337+00:00,1772917650556.335,0.426025,-0.550293,0.300049,0.015762,-1.064453,0.321533,20093,19086,19746,19299,6,0.450000,-0.550000,0.300000,0.000000,1772917650548.707,0.423136,-0.549976,0.300089,0.000000,0.000000,0.000000,1.000000,position_only
2026-03-07T21:07:30.564611+00:00,1772917650564.610,0.425781,-0.550293,0.300049,0.015762,-1.064453,0.321533,20049,19086,19635,19287,6,0.450000,-0.550000,0.300000,0.000000,1772917650557.339,0.423182,-0.550013,0.300426,0.000000,0.000000,0.000000,1.000000,position_only
2026-03-07T21:07:30.575139+00:00,1772917650575.138,0.426270,-0.550293,0.301270,0.076111,-1.258789,0.359131,20033,19032,19500,19297,6,0.450000,-0.550000,0.300000,0.000000,1772917650574.473,0.423318,-0.550049,0.301421,0.000000,0.000000,0.000000,1.000000,position_only
2026-03-07T21:07:30.586727+00:00,1772917650586.726,0.426025,-0.550293,0.301270,0.076111,-1.258789,0.359131,20173,18872,19544,19088,6,0.450000,-0.550000,0.300000,0.000000,1772917650582.978,0.423370,-0.550068,0.302046,0.000000,0.000000,0.000000,1.000000,position_only
2026-03-07T21:07:30.595768+00:00,1772917650595.767,0.426270,-0.550293,0.302002,0.128296,-1.376953,0.378906,20191,18801,19500,18969,6,0.450000,-0.550000,0.300000,0.000000,1772917650591.530,0.423474,-0.550075,0.302694,0.000000,0.000000,0.000000,1.000000,position_only
2026-03-07T21:07:30.605778+00:00,1772917650605.777,0.426270,-0.550293,0.302979,0.196777,-1.479492,0.403076,19933,18945,19263,19118,6,0.450000,-0.550000,0.300000,0.000000,1772917650600.103,0.423605,-0.550126,0.303430,0.000000,0.000000,0.000000,1.000000,position_only
2026-03-07T21:07:30.615953+00:00,1772917650615.952,0.426514,-0.550293,0.303955,0.277588,-1.586914,0.418701,19937,18793,19354,18942,6,0.450000,-0.550000,0.300000,0.000000,1772917650608.650,0.423770,-0.550193,0.304251,0.000000,0.000000,0.000000,1.000000,position_only
2026-03-07T21:07:30.625912+00:00,1772917650625.911,0.426514,-0.550293,0.305176,0.336670,-1.669922,0.433838,19837,18790,19228,18962,6,0.450000,-0.550000,0.300000,0.000000,1772917650617.467,0.424060,-0.550289,0.306140,0.000000,0.000000,0.000000,1.000000,position_only
2026-03-07T21:07:30.635012+00:00,1772917650635.011,0.426758,-0.550293,0.306396,0.382568,-1.753906,0.450684,20003,18528,19439,18648,6,0.450000,-0.550000,0.300000,0.000000,1772917650634.627,0.424333,-0.550216,0.308331,0.000000,0.000000,0.000000,1.000000,position_only
2026-03-07T21:07:30.646538+00:00,1772917650646.537,0.427002,-0.550293,0.307861,0.441895,-1.802734,0.485596,19725,18606,19236,18825,6,0.450000,-0.550000,0.300000,0.000000,1772917650643.609,0.424521,-0.550301,0.309514,0.000000,0.000000,0.000000,1.000000,position_only
2026-03-07T21:07:30.658079+00:00,1772917650658.078,0.427002,-0.550293,0.309326,0.464600,-1.844727,0.510254,19709,18403,19386,18684,6,0.450000,-0.550000,0.300000,0.000000,1772917650652.115,0.424521,-0.550301,0.309514,0.000000,0.000000,0.000000,1.000000,position_only
2026-03-07T21:07:30.667044+00:00,1772917650667.043,0.427490,-0.550293,0.311035,0.451904,-1.874023,0.539551,19593,18377,19300,18678,6,0.450000,-0.550000,0.300000,0.000000,1772917650660.758,0.424956,-0.550403,0.312067,0.000000,0.000000,0.000000,1.000000,position_only
2026-03-07T21:07:30.676160+00:00,1772917650676.159,0.427734,-0.550781,0.312744,0.421387,-1.894531,0.569824,19528,18294,19310,18598,6,0.450000,-0.550000,0.300000,0.000000,1772917650669.281,0.425177,-0.550365,0.313484,0.000000,0.000000,0.000000,1.000000,position_only
2026-03-07T21:07:30.684546+00:00,1772917650684.545,0.427979,-0.550781,0.314697,0.375977,-1.896484,0.605469,19359,18345,19161,18638,6,0.450000,-0.550000,0.300000,0.000000,1772917650677.929,0.425431,-0.550436,0.314834,0.000000,0.000000,0.000000,1.000000,position_only
2026-03-07T21:07:30.696361+00:00,1772917650696.360,0.428467,-0.550781,0.316406,0.329590,-1.890625,0.628906,19334,18256,19189,18530,6,0.450000,-0.550000,0.300000,0.000000,1772917650694.914,0.425982,-0.550546,0.317909,0.000000,0.000000,0.000000,1.000000,position_only
2026-03-07T21:07:30.705196+00:00,1772917650705.195,0.428711,-0.550781,0.318359,0.277832,-1.871094,0.663086,19438,18044,19255,18365,6,0.450000,-0.550000,0.300000,0.000000,1772917650703.395,0.426282,-0.550600,0.319518,0.000000,0.000000,0.000000,1.000000,position_only
2026-03-07T21:07:30.714706+00:00,1772917650714.705,0.429199,-0.550781,0.320557,0.231079,-1.856445,0.699707,19239,18190,18971,18490,6,0.450000,-0.550000,0.300000,0.000000,1772917650711.875,0.426574,-0.550542,0.321208,0.000000,0.000000,0.000000,1.000000,position_only
2026-03-07T21:07:30.727324+00:00,1772917650727.323,0.429688,-0.550781,0.322754,0.200439,-1.854492,0.725586,19411,17910,19122,18220,6,0.450000,-0.550000,0.300000,0.000000,1772917650720.590,0.426867,-0.550553,0.322889,0.000000,0.000000,0.000000,1.000000,position_only
2026-03-07T21:07:30.735077+00:00,1772917650735.076,0.429932,-0.551270,0.324951,0.180420,-1.849609,0.762207,19210,18102,18819,18336,6,0.450000,-0.550000,0.300000,0.000000,1772917650729.177,0.427284,-0.550635,0.324685,0.000000,0.000000,0.000000,1.000000,position_only
2026-03-07T21:07:30.745682+00:00,1772917650745.681,0.429932,-0.551270,0.324951,0.180420,-1.849609,0.762207,19330,17997,18924,18214,6,0.450000,-0.550000,0.300000,0.000000,1772917650737.705,0.427615,-0.550706,0.326509,0.000000,0.000000,0.000000,1.000000,position_only
2026-03-07T21:07:30.754756+00:00,1772917650754.756,0.431152,-0.551270,0.329590,0.192261,-1.837891,0.823242,19364,17775,18917,17994,6,0.450000,-0.550000,0.300000,0.000000,1772917650746.241,0.427955,-0.550738,0.328396,0.000000,0.000000,0.000000,1.000000,position_only
2026-03-07T21:07:30.767487+00:00,1772917650767.485,0.431641,-0.551270,0.332275,0.207031,-1.843750,0.866211,19277,17777,18772,18006,6,0.450000,-0.550000,0.300000,0.000000,1772917650763.860,0.428793,-0.550866,0.332220,0.000000,0.000000,0.000000,1.000000,position_only
2026-03-07T21:07:30.776138+00:00,1772917650776.137,0.432373,-0.551270,0.334717,0.223511,-1.845703,0.896973,19194,17765,18699,17994,6,0.450000,-0.550000,0.300000,0.000000,1772917650772.522,0.429203,-0.550977,0.334182,0.000000,0.000000,0.000000,1.000000,position_only
2026-03-07T21:07:30.785212+00:00,1772917650785.210,0.432861,-0.551270,0.337158,0.244019,-1.853516,0.926758,19260,17647,18679,17890,6,0.450000,-0.550000,0.300000,0.000000,1772917650781.392,0.429664,-0.550978,0.336193,0.000000,0.000000,0.000000,1.000000,position_only
2026-03-07T21:07:30.795794+00:00,1772917650795.792,0.433594,-0.551758,0.339844,0.265869,-1.855469,0.966797,19251,17615,18780,17835,6,0.450000,-0.550000,0.300000,0.000000,1772917650789.920,0.430124,-0.551086,0.338171,0.000000,0.000000,0.000000,1.000000,position_only
2026-03-07T21:07:30.806373+00:00,1772917650806.371,0.433838,-0.551758,0.342285,0.284668,-1.840820,1.007812,19172,17535,18636,17786,6,0.450000,-0.550000,0.300000,0.000000,1772917650798.428,0.430598,-0.551145,0.340221,0.000000,0.000000,0.000000,1.000000,position_only
2026-03-07T21:07:30.815358+00:00,1772917650815.356,0.433838,-0.551758,0.342285,0.284668,-1.840820,1.007812,19118,17546,18652,17810,6,0.450000,-0.550000,0.300000,0.000000,1772917650807.285,0.431189,-0.551154,0.342303,0.000000,0.000000,0.000000,1.000000,position_only
2026-03-07T21:07:30.824560+00:00,1772917650824.559,0.434570,-0.551758,0.344971,0.295410,-1.836914,1.046875,18986,17558,18537,17861,6,0.450000,-0.550000,0.300000,0.000000,1772917650824.293,0.432068,-0.551126,0.346536,0.000000,0.000000,0.000000,1.000000,position_only
2026-03-07T21:07:30.835908+00:00,1772917650835.907,0.435059,-0.551758,0.347656,0.294922,-1.815430,1.079102,19030,17440,18585,17731,6,0.450000,-0.550000,0.300000,0.000000,1772917650832.822,0.432639,-0.551134,0.348688,0.000000,0.000000,0.000000,1.000000,position_only
2026-03-07T21:07:30.848398+00:00,1772917650848.397,0.435791,-0.551758,0.350342,0.281738,-1.798828,1.113281,18935,17459,18518,17710,6,0.450000,-0.550000,0.300000,0.000000,1772917650841.643,0.433141,-0.551231,0.350900,0.000000,0.000000,0.000000,1.000000,position_only
2026-03-07T21:07:30.856357+00:00,1772917650856.356,0.436523,-0.551758,0.353027,0.266113,-1.782227,1.153320,18868,17429,18439,17743,6,0.450000,-0.550000,0.300000,0.000000,1772917650850.530,0.433743,-0.551284,0.353110,0.000000,0.000000,0.000000,1.000000,position_only
2026-03-07T21:07:30.866895+00:00,1772917650866.894,0.437256,-0.551758,0.355957,0.256592,-1.754883,1.188477,18869,17319,18440,17660,6,0.450000,-0.550000,0.300000,0.000000,1772917650859.031,0.434894,-0.551340,0.357541,0.000000,0.000000,0.000000,1.000000,position_only
2026-03-07T21:07:30.875129+00:00,1772917650875.128,0.437988,-0.552246,0.358887,0.244385,-1.733398,1.218750,18795,17339,18345,17655,6,0.450000,-0.550000,0.300000,0.000000,1772917650867.700,0.435526,-0.551368,0.359726,0.000000,0.000000,0.000000,1.000000,position_only
2026-03-07T21:07:30.885702+00:00,1772917650885.701,0.438721,-0.552246,0.361572,0.231323,-1.715820,1.249023,18864,17188,18413,17511,6,0.450000,-0.550000,0.300000,0.000000,1772917650884.834,0.436779,-0.551537,0.364236,0.000000,0.000000,0.000000,1.000000,position_only
2026-03-07T21:07:30.895119+00:00,1772917650895.118,0.439697,-0.552246,0.364746,0.219971,-1.691406,1.288086,18757,17238,18275,17563,6,0.450000,-0.550000,0.300000,0.000000,1772917650893.503,0.437359,-0.551647,0.366519,0.000000,0.000000,0.000000,1.000000,position_only
2026-03-07T21:07:30.905053+00:00,1772917650905.052,0.440430,-0.552246,0.367676,0.219604,-1.671875,1.320312,18779,17149,18225,17521,6,0.450000,-0.550000,0.300000,0.000000,1772917650902.136,0.438148,-0.551694,0.368766,0.000000,0.000000,0.000000,1.000000,position_only
2026-03-07T21:07:30.916615+00:00,1772917650916.614,0.441406,-0.552246,0.370850,0.218384,-1.666016,1.351562,18657,17140,18162,17553,6,0.450000,-0.550000,0.300000,0.000000,1772917650910.648,0.438768,-0.551708,0.371062,0.000000,0.000000,0.000000,1.000000,position_only
2026-03-07T21:07:30.927358+00:00,1772917650927.357,0.442139,-0.552734,0.373535,0.206055,-1.655273,1.379883,18760,16974,18301,17344,6,0.450000,-0.550000,0.300000,0.000000,1772917650919.150,0.439481,-0.551687,0.373359,0.000000,0.000000,0.000000,1.000000,position_only
2026-03-07T21:07:30.935156+00:00,1772917650935.155,0.443115,-0.552734,0.376709,0.185669,-1.616211,1.421875,18756,16894,18354,17254,6,0.450000,-0.550000,0.300000,0.000000,1772917650927.647,0.440167,-0.551823,0.375601,0.000000,0.000000,0.000000,1.000000,position_only
2026-03-07T21:07:30.945116+00:00,1772917650945.115,0.444092,-0.552734,0.379395,0.162354,-1.567383,1.462891,18595,17004,18234,17310,6,0.450000,-0.550000,0.300000,0.000000,1772917650944.820,0.441543,-0.551930,0.380176,0.000000,0.000000,0.000000,1.000000,position_only
2026-03-07T21:07:30.956508+00:00,1772917650956.507,0.445068,-0.552734,0.382568,0.142822,-1.509766,1.500000,18642,16859,18296,17201,6,0.450000,-0.550000,0.300000,0.000000,1772917650953.531,0.442223,-0.552005,0.382412,0.000000,0.000000,0.000000,1.000000,position_only
2026-03-07T21:07:30.968515+00:00,1772917650968.513,0.446045,-0.552734,0.385254,0.119690,-1.459961,1.540039,18508,16960,18144,17269,6,0.450000,-0.550000,0.300000,0.000000,1772917650962.293,0.442988,-0.552025,0.384600,0.000000,0.000000,0.000000,1.000000,position_only
2026-03-07T21:07:30.975259+00:00,1772917650975.259,0.447021,-0.552734,0.387939,0.101074,-1.397461,1.575195,18540,16927,18166,17144,6,0.450000,-0.550000,0.300000,0.000000,1772917650970.769,0.443762,-0.552091,0.386873,0.000000,0.000000,0.000000,1.000000,position_only
2026-03-07T21:07:30.985127+00:00,1772917650985.126,0.447754,-0.552734,0.390869,0.101501,-1.308594,1.612305,18473,16967,18057,17182,6,0.450000,-0.550000,0.300000,0.000000,1772917650979.259,0.444530,-0.552101,0.389126,0.000000,0.000000,0.000000,1.000000,position_only
2026-03-07T21:07:30.996426+00:00,1772917650996.425,0.448730,-0.553223,0.393311,0.105591,-1.232422,1.645508,18508,16891,18088,17103,6,0.450000,-0.550000,0.300000,0.000000,1772917650996.269,0.446036,-0.552262,0.393547,0.000000,0.000000,0.000000,1.000000,position_only
2026-03-07T21:07:31.005698+00:00,1772917651005.697,0.449951,-0.553223,0.396484,0.114868,-1.157227,1.684570,18531,16852,18070,17035,6,0.450000,-0.550000,0.300000,0.000000,1772917651004.815,0.446736,-0.552249,0.395832,0.000000,0.000000,0.000000,1.000000,position_only
2026-03-07T21:07:31.015566+00:00,1772917651015.565,0.450928,-0.553223,0.399170,0.133301,-1.083008,1.724609,18605,16699,18163,16934,6,0.450000,-0.550000,0.300000,0.000000,1772917651013.497,0.447554,-0.552348,0.397989,0.000000,0.000000,0.000000,1.000000,position_only
2026-03-07T21:07:31.027059+00:00,1772917651027.058,0.450684,-0.553223,0.398926,0.131592,-1.077148,1.724609,18520,16794,18078,17016,6,0.450000,-0.550000,0.300000,0.000000,1772917651021.990,0.448296,-0.552279,0.400148,0.000000,0.000000,0.000000,1.000000,position_only
2026-03-07T21:07:31.036006+00:00,1772917651036.005,0.451660,-0.553223,0.401855,0.136230,-1.003906,1.769531,18491,16756,18039,17035,6,0.450000,-0.550000,0.300000,0.000000,1772917651030.469,0.449090,-0.552478,0.402282,0.000000,0.000000,0.000000,1.000000,position_only
2026-03-07T21:07:31.045760+00:00,1772917651045.759,0.452637,-0.553223,0.404541,0.140625,-0.950684,1.805664,18474,16724,18173,16865,6,0.450000,-0.550000,0.300000,0.000000,1772917651038.941,0.449843,-0.552468,0.404452,0.000000,0.000000,0.000000,1.000000,position_only
2026-03-07T21:07:31.055453+00:00,1772917651055.452,0.453613,-0.553223,0.407471,0.145752,-0.849609,1.848633,18354,16804,18010,16996,6,0.450000,-0.550000,0.300000,0.000000,1772917651047.758,0.450627,-0.552536,0.406572,0.000000,0.000000,0.000000,1.000000,position_only
2026-03-07T21:07:31.065259+00:00,1772917651065.259,0.454590,-0.553223,0.409912,0.145264,-0.756348,1.886719,18370,16760,18009,16954,6,0.450000,-0.550000,0.300000,0.000000,1772917651064.763,0.452321,-0.552572,0.410758,0.000000,0.000000,0.000000,1.000000,position_only
2026-03-07T21:07:31.078299+00:00,1772917651078.298,0.455566,-0.553223,0.412354,0.140869,-0.681641,1.920898,18364,16709,18050,16907,6,0.450000,-0.550000,0.300000,0.000000,1772917651073.290,0.453007,-0.552642,0.412846,0.000000,0.000000,0.000000,1.000000,position_only
2026-03-07T21:07:31.088107+00:00,1772917651088.106,0.456543,-0.553223,0.414795,0.140381,-0.582520,1.959961,18264,16768,17932,16999,6,0.450000,-0.550000,0.300000,0.000000,1772917651081.760,0.453752,-0.552740,0.414913,0.000000,0.000000,0.000000,1.000000,position_only
2026-03-07T21:07:31.097669+00:00,1772917651097.668,0.457764,-0.553711,0.417480,0.136963,-0.512207,1.992188,18152,16913,17761,17065,6,0.450000,-0.550000,0.300000,0.000000,1772917651090.632,0.454507,-0.552754,0.416938,0.000000,0.000000,0.000000,1.000000,position_only
2026-03-07T21:07:31.105564+00:00,1772917651105.562,0.458984,-0.553711,0.420166,0.136475,-0.424072,2.021484,18216,16829,17806,16968,6,0.450000,-0.550000,0.300000,0.000000,1772917651099.269,0.455437,-0.552829,0.418952,0.000000,0.000000,0.000000,1.000000,position_only
2026-03-07T21:07:31.116724+00:00,1772917651116.723,0.459717,-0.553711,0.422363,0.149170,-0.343506,2.042969,18355,16682,17945,16796,6,0.450000,-0.550000,0.300000,0.000000,1772917651116.509,0.456989,-0.552809,0.422918,0.000000,0.000000,0.000000,1.000000,position_only
2026-03-07T21:07:31.125989+00:00,1772917651125.987,0.460693,-0.553711,0.424805,0.164307,-0.265869,2.080078,18460,16552,18040,16663,6,0.450000,-0.550000,0.300000,0.000000,1772917651125.016,0.457701,-0.552942,0.424911,0.000000,0.000000,0.000000,1.000000,position_only
2026-03-07T21:07:31.135020+00:00,1772917651135.019,0.461670,-0.553711,0.427002,0.184570,-0.195801,2.119141,18413,16539,18018,16715,6,0.450000,-0.550000,0.300000,0.000000,1772917651133.514,0.458503,-0.552976,0.426839,0.000000,0.000000,0.000000,1.000000,position_only
2026-03-07T21:07:31.145488+00:00,1772917651145.487,0.462646,-0.553711,0.429443,0.196289,-0.127075,2.162109,18404,16554,17913,16768,6,0.450000,-0.550000,0.300000,0.000000,1772917651142.005,0.459232,-0.553014,0.428673,0.000000,0.000000,0.000000,1.000000,position_only
2026-03-07T21:07:31.158426+00:00,1772917651158.425,0.463623,-0.553711,0.431641,0.211426,-0.076660,2.193359,18342,16623,17833,16794,6,0.450000,-0.550000,0.300000,0.000000,1772917651150.650,0.460744,-0.553018,0.432424,0.000000,0.000000,0.000000,1.000000,position_only
2026-03-07T21:07:31.165528+00:00,1772917651165.522,0.464355,-0.553711,0.434082,0.231445,-0.019882,2.220703,18246,16684,17754,16844,6,0.450000,-0.550000,0.300000,0.000000,1772917651159.251,0.461592,-0.553114,0.434202,0.000000,0.000000,0.000000,1.000000,position_only
2026-03-07T21:07:31.176027+00:00,1772917651176.025,0.465820,-0.554199,0.436279,0.252930,0.019836,2.244141,18268,16675,17737,16797,6,0.450000,-0.550000,0.300000,0.000000,1772917651167.833,0.462223,-0.553178,0.436006,0.000000,0.000000,0.000000,1.000000,position_only
2026-03-07T21:07:31.186466+00:00,1772917651186.465,0.466309,-0.554199,0.438232,0.274658,0.078735,2.267578,18290,16627,17832,16719,6,0.450000,-0.550000,0.300000,0.000000,1772917651185.368,0.463717,-0.553247,0.439612,0.000000,0.000000,0.000000,1.000000,position_only
2026-03-07T21:07:31.196565+00:00,1772917651196.564,0.467529,-0.554199,0.440674,0.301514,0.149170,2.300781,18091,16811,17696,16818,6,0.450000,-0.550000,0.300000,0.000000,1772917651193.953,0.464564,-0.553249,0.441232,0.000000,0.000000,0.000000,1.000000,position_only
2026-03-07T21:07:31.206424+00:00,1772917651206.422,0.468262,-0.554199,0.442871,0.323242,0.216309,2.320312,18225,16615,17790,16744,6,0.450000,-0.550000,0.300000,0.000000,1772917651202.479,0.465158,-0.553273,0.443001,0.000000,0.000000,0.000000,1.000000,position_only
2026-03-07T21:07:31.215536+00:00,1772917651215.535,0.469482,-0.554199,0.445068,0.335205,0.275879,2.347656,18183,16672,17715,16755,6,0.450000,-0.550000,0.300000,0.000000,1772917651211.137,0.465871,-0.553401,0.444670,0.000000,0.000000,0.000000,1.000000,position_only
2026-03-07T21:07:31.224754+00:00,1772917651224.753,0.469238,-0.554199,0.445068,0.333252,0.282959,2.347656,18168,16677,17691,16792,6,0.450000,-0.550000,0.300000,0.000000,1772917651219.668,0.466593,-0.553486,0.446290,0.000000,0.000000,0.000000,1.000000,position_only
2026-03-07T21:07:31.236696+00:00,1772917651236.694,0.470947,-0.554199,0.449219,0.371338,0.381348,2.386719,18106,16757,17611,16799,6,0.450000,-0.550000,0.300000,0.000000,1772917651228.293,0.467162,-0.553522,0.447905,0.000000,0.000000,0.000000,1.000000,position_only
2026-03-07T21:07:31.245686+00:00,1772917651245.685,0.471924,-0.554688,0.451172,0.394775,0.419678,2.408203,18337,16473,17798,16653,6,0.450000,-0.550000,0.300000,0.000000,1772917651245.333,0.468612,-0.553609,0.450937,0.000000,0.000000,0.000000,1.000000,position_only
2026-03-07T21:07:31.255680+00:00,1772917651255.679,0.472656,-0.554688,0.452881,0.404541,0.435547,2.437500,18381,16433,17783,16647,6,0.450000,-0.550000,0.300000,0.000000,1772917651254.101,0.469273,-0.553656,0.452514,0.000000,0.000000,0.000000,1.000000,position_only
2026-03-07T21:07:31.265578+00:00,1772917651265.576,0.473633,-0.554688,0.454834,0.415771,0.437256,2.470703,18308,16528,17715,16696,6,0.450000,-0.550000,0.300000,0.000000,1772917651262.589,0.469939,-0.553819,0.453946,0.000000,0.000000,0.000000,1.000000,position_only
2026-03-07T21:07:31.278431+00:00,1772917651278.430,0.473389,-0.554688,0.454834,0.413818,0.444824,2.470703,18155,16637,17586,16839,6,0.450000,-0.550000,0.300000,0.000000,1772917651271.092,0.470637,-0.553875,0.455458,0.000000,0.000000,0.000000,1.000000,position_only
2026-03-07T21:07:31.286797+00:00,1772917651286.796,0.473877,-0.554688,0.456543,0.425537,0.455322,2.492188,18240,16591,17601,16780,6,0.450000,-0.550000,0.300000,0.000000,1772917651279.587,0.471205,-0.553940,0.456804,0.000000,0.000000,0.000000,1.000000,position_only
2026-03-07T21:07:31.295710+00:00,1772917651295.709,0.474854,-0.554688,0.458252,0.441406,0.459473,2.511719,18117,16654,17572,16856,6,0.450000,-0.550000,0.300000,0.000000,1772917651288.086,0.471765,-0.554039,0.458301,0.000000,0.000000,0.000000,1.000000,position_only
2026-03-07T21:07:31.305028+00:00,1772917651305.027,0.475586,-0.554688,0.459961,0.458496,0.468506,2.527344,18138,16595,17605,16846,6,0.450000,-0.550000,0.300000,0.000000,1772917651296.732,0.472523,-0.554097,0.459575,0.000000,0.000000,0.000000,1.000000,position_only
2026-03-07T21:07:31.316999+00:00,1772917651316.999,0.476318,-0.555176,0.461670,0.455811,0.480469,2.546875,18040,16661,17580,16887,6,0.450000,-0.550000,0.300000,0.000000,1772917651313.835,0.473614,-0.554190,0.462266,0.000000,0.000000,0.000000,1.000000,position_only
2026-03-07T21:07:31.326057+00:00,1772917651326.056,0.477051,-0.555176,0.463135,0.443115,0.491699,2.556641,18084,16612,17636,16832,6,0.450000,-0.550000,0.300000,0.000000,1772917651322.398,0.474306,-0.554284,0.463565,0.000000,0.000000,0.000000,1.000000,position_only
2026-03-07T21:07:31.337330+00:00,1772917651337.329,0.477783,-0.555176,0.464844,0.425537,0.518066,2.576172,18162,16498,17739,16755,6,0.450000,-0.550000,0.300000,0.000000,1772917651330.883,0.474822,-0.554415,0.464836,0.000000,0.000000,0.000000,1.000000,position_only
2026-03-07T21:07:31.347182+00:00,1772917651347.181,0.478516,-0.555176,0.466309,0.401123,0.535645,2.595703,17969,16708,17571,16901,6,0.450000,-0.550000,0.300000,0.000000,1772917651339.604,0.475317,-0.554506,0.466060,0.000000,0.000000,0.000000,1.000000,position_only
2026-03-07T21:07:31.356255+00:00,1772917651356.255,0.479004,-0.555176,0.467773,0.377930,0.579590,2.611328,18018,16648,17642,16847,6,0.450000,-0.550000,0.300000,0.000000,1772917651348.124,0.475952,-0.554637,0.467223,0.000000,0.000000,0.000000,1.000000,position_only
2026-03-07T21:07:31.366558+00:00,1772917651366.557,0.479736,-0.555664,0.468994,0.362305,0.623535,2.626953,18083,16658,17672,16749,6,0.450000,-0.550000,0.300000,0.000000,1772917651365.202,0.476869,-0.554927,0.469514,0.000000,0.000000,0.000000,1.000000,position_only
2026-03-07T21:07:31.377575+00:00,1772917651377.574,0.480225,-0.555664,0.470215,0.352539,0.666016,2.640625,18124,16644,17652,16740,6,0.450000,-0.550000,0.300000,0.000000,1772917651373.792,0.477475,-0.554960,0.470625,0.000000,0.000000,0.000000,1.000000,position_only
2026-03-07T21:07:31.387443+00:00,1772917651387.442,0.480713,-0.555664,0.471436,0.361328,0.703613,2.658203,18193,16625,17652,16693,6,0.450000,-0.550000,0.300000,0.000000,1772917651382.290,0.477946,-0.555042,0.471653,0.000000,0.000000,0.000000,1.000000,position_only
2026-03-07T21:07:31.396533+00:00,1772917651396.531,0.481445,-0.556152,0.472900,0.382568,0.731934,2.673828,18150,16580,17669,16773,6,0.450000,-0.550000,0.300000,0.000000,1772917651390.779,0.478407,-0.555164,0.472713,0.000000,0.000000,0.000000,1.000000,position_only
2026-03-07T21:07:31.405961+00:00,1772917651405.960,0.481934,-0.556152,0.474121,0.377197,0.750488,2.689453,18136,16697,17578,16782,6,0.450000,-0.550000,0.300000,0.000000,1772917651399.322,0.479008,-0.555254,0.473787,0.000000,0.000000,0.000000,1.000000,position_only
2026-03-07T21:07:31.415968+00:00,1772917651415.967,0.482422,-0.556152,0.475098,0.388672,0.774414,2.699219,18229,16584,17618,16777,6,0.450000,-0.550000,0.300000,0.000000,1772917651407.826,0.479381,-0.555351,0.474697,0.000000,0.000000,0.000000,1.000000,position_only
2026-03-07T21:07:31.426626+00:00,1772917651426.625,0.482910,-0.556152,0.476318,0.394287,0.767090,2.714844,18257,16540,17627,16788,6,0.450000,-0.550000,0.300000,0.000000,1772917651425.130,0.480345,-0.555639,0.476603,0.000000,0.000000,0.000000,1.000000,position_only
2026-03-07T21:07:31.436690+00:00,1772917651436.689,0.483398,-0.556641,0.477295,0.397705,0.753418,2.730469,18232,16583,17552,16848,6,0.450000,-0.550000,0.300000,0.000000,1772917651433.593,0.480739,-0.555785,0.477443,0.000000,0.000000,0.000000,1.000000,position_only
2026-03-07T21:07:31.446012+00:00,1772917651446.010,0.483887,-0.556641,0.478271,0.405273,0.707520,2.742188,18260,16537,17524,16903,6,0.450000,-0.550000,0.300000,0.000000,1772917651442.417,0.481525,-0.556028,0.479194,0.000000,0.000000,0.000000,1.000000,position_only
2026-03-07T21:07:31.457559+00:00,1772917651457.559,0.484375,-0.556641,0.479492,0.405273,0.649902,2.751953,18225,16559,17487,16958,6,0.450000,-0.550000,0.300000,0.000000,1772917651451.077,0.482008,-0.556185,0.479975,0.000000,0.000000,0.000000,1.000000,position_only
2026-03-07T21:07:31.466988+00:00,1772917651466.987,0.484863,-0.557129,0.480469,0.397217,0.574219,2.757812,18294,16463,17567,16919,6,0.450000,-0.550000,0.300000,0.000000,1772917651459.592,0.482396,-0.556368,0.480789,0.000000,0.000000,0.000000,1.000000,position_only
2026-03-07T21:07:31.476915+00:00,1772917651476.914,0.485107,-0.557129,0.481445,0.381836,0.511230,2.771484,18448,16303,17693,16831,6,0.450000,-0.550000,0.300000,0.000000,1772917651476.648,0.483169,-0.556602,0.482240,0.000000,0.000000,0.000000,1.000000,position_only
2026-03-07T21:07:31.485979+00:00,1772917651485.978,0.485596,-0.557617,0.482178,0.360107,0.430176,2.789062,18235,16526,17505,17033,6,0.450000,-0.550000,0.300000,0.000000,1772917651485.388,0.483581,-0.556768,0.482966,0.000000,0.000000,0.000000,1.000000,position_only
2026-03-07T21:07:31.497355+00:00,1772917651497.354,0.486084,-0.557617,0.483154,0.333252,0.343262,2.792969,18256,16546,17514,17001,6,0.450000,-0.550000,0.300000,0.000000,1772917651493.886,0.484014,-0.556882,0.483577,0.000000,0.000000,0.000000,1.000000,position_only
2026-03-07T21:07:31.509252+00:00,1772917651509.251,0.486572,-0.557617,0.484131,0.308350,0.272217,2.800781,18400,16347,17764,16833,6,0.450000,-0.550000,0.300000,0.000000,1772917651502.406,0.484361,-0.557028,0.484131,0.000000,0.000000,0.000000,1.000000,position_only
2026-03-07T21:07:31.516730+00:00,1772917651516.729,0.486816,-0.558105,0.484863,0.266602,0.223267,2.820312,18153,16587,17526,17102,6,0.450000,-0.550000,0.300000,0.000000,1772917651511.161,0.484670,-0.557197,0.484858,0.000000,0.000000,0.000000,1.000000,position_only
2026-03-07T21:07:31.526538+00:00,1772917651526.537,0.486816,-0.558105,0.484863,0.266602,0.223267,2.820312,18234,16492,17674,16968,6,0.450000,-0.550000,0.300000,0.000000,1772917651519.696,0.485122,-0.557282,0.485431,0.000000,0.000000,0.000000,1.000000,position_only
2026-03-07T21:07:31.537430+00:00,1772917651537.429,0.487793,-0.558594,0.486328,0.180786,0.157959,2.839844,18103,16657,17571,17083,6,0.450000,-0.550000,0.300000,0.000000,1772917651536.656,0.485744,-0.557605,0.486399,0.000000,0.000000,0.000000,1.000000,position_only
2026-03-07T21:07:31.546612+00:00,1772917651546.610,0.488037,-0.558594,0.486816,0.148071,0.150513,2.843750,18178,16640,17685,16933,6,0.450000,-0.550000,0.300000,0.000000,1772917651545.190,0.486096,-0.557722,0.486895,0.000000,0.000000,0.000000,1.000000,position_only
2026-03-07T21:07:31.557234+00:00,1772917651557.233,0.488525,-0.558594,0.487549,0.125000,0.164429,2.857422,18136,16724,17647,16956,6,0.450000,-0.550000,0.300000,0.000000,1772917651554.048,0.486402,-0.557884,0.487389,0.000000,0.000000,0.000000,1.000000,position_only
2026-03-07T21:07:31.565591+00:00,1772917651565.590,0.489014,-0.559082,0.488037,0.112366,0.186646,2.869141,18196,16611,17739,16946,6,0.450000,-0.550000,0.300000,0.000000,1772917651562.588,0.486681,-0.558104,0.487874,0.000000,0.000000,0.000000,1.000000,position_only
2026-03-07T21:07:31.577786+00:00,1772917651577.784,0.488770,-0.559082,0.488037,0.112366,0.186646,2.869141,18163,16660,17708,16963,6,0.450000,-0.550000,0.300000,0.000000,1772917651571.162,0.487001,-0.558238,0.488244,0.000000,0.000000,0.000000,1.000000,position_only
2026-03-07T21:07:31.586873+00:00,1772917651586.871,0.489502,-0.559570,0.489014,0.070923,0.236816,2.890625,18185,16709,17781,16890,6,0.450000,-0.550000,0.300000,0.000000,1772917651579.650,0.487243,-0.558387,0.488606,0.000000,0.000000,0.000000,1.000000,position_only
2026-03-07T21:07:31.597544+00:00,1772917651597.543,0.489502,-0.559082,0.489014,0.070923,0.236816,2.890625,18135,16780,17629,17022,6,0.450000,-0.550000,0.300000,0.000000,1772917651596.988,0.487771,-0.558701,0.489316,0.000000,0.000000,0.000000,1.000000,position_only
2026-03-07T21:07:31.606383+00:00,1772917651606.382,0.489746,-0.559570,0.489502,0.059570,0.275879,2.904297,18065,16898,17539,17105,6,0.450000,-0.550000,0.300000,0.000000,1772917651605.530,0.488054,-0.558886,0.489660,0.000000,0.000000,0.000000,1.000000,position_only
2026-03-07T21:07:31.617082+00:00,1772917651617.081,0.489990,-0.559570,0.489746,0.058716,0.294922,2.906250,18196,16780,17628,17047,6,0.450000,-0.550000,0.300000,0.000000,1772917651614.034,0.488330,-0.559095,0.489947,0.000000,0.000000,0.000000,1.000000,position_only
2026-03-07T21:07:31.629270+00:00,1772917651629.269,0.490479,-0.560059,0.490234,0.058960,0.303223,2.908203,18356,16701,17724,16905,6,0.450000,-0.550000,0.300000,0.000000,1772917651622.766,0.488647,-0.559227,0.490163,0.000000,0.000000,0.000000,1.000000,position_only
2026-03-07T21:07:31.636894+00:00,1772917651636.893,0.490723,-0.560059,0.490479,0.068054,0.295654,2.919922,18281,16772,17660,16997,6,0.450000,-0.550000,0.300000,0.000000,1772917651631.272,0.488835,-0.559351,0.490377,0.000000,0.000000,0.000000,1.000000,position_only
2026-03-07T21:07:31.646750+00:00,1772917651646.749,0.490967,-0.560059,0.490723,0.082703,0.284180,2.929688,18189,16862,17584,17098,6,0.450000,-0.550000,0.300000,0.000000,1772917651639.782,0.489011,-0.559537,0.490593,0.000000,0.000000,0.000000,1.000000,position_only
2026-03-07T21:07:31.657030+00:00,1772917651657.029,0.491211,-0.560547,0.490967,0.091125,0.277588,2.935547,18340,16795,17645,16992,6,0.450000,-0.550000,0.300000,0.000000,1772917651656.825,0.489519,-0.559838,0.490953,0.000000,0.000000,0.000000,1.000000,position_only
2026-03-07T21:07:31.667063+00:00,1772917651667.062,0.491455,-0.560547,0.491211,0.110107,0.270264,2.937500,18431,16667,17726,16997,6,0.450000,-0.550000,0.300000,0.000000,1772917651665.521,0.489738,-0.560086,0.491104,0.000000,0.000000,0.000000,1.000000,position_only
2026-03-07T21:07:31.676866+00:00,1772917651676.865,0.491699,-0.561035,0.491211,0.122498,0.248413,2.947266,18465,16647,17786,16962,6,0.450000,-0.550000,0.300000,0.000000,1772917651674.032,0.490033,-0.560211,0.491181,0.000000,0.000000,0.000000,1.000000,position_only
2026-03-07T21:07:31.687516+00:00,1772917651687.515,0.491943,-0.561035,0.491455,0.121826,0.214966,2.958984,18403,16705,17728,17056,6,0.450000,-0.550000,0.300000,0.000000,1772917651682.531,0.490232,-0.560354,0.491268,0.000000,0.000000,0.000000,1.000000,position_only
2026-03-07T21:07:31.697576+00:00,1772917651697.575,0.492188,-0.561035,0.491455,0.116821,0.189087,2.968750,18384,16697,17772,17079,6,0.450000,-0.550000,0.300000,0.000000,1772917651691.075,0.490400,-0.560524,0.491355,0.000000,0.000000,0.000000,1.000000,position_only
2026-03-07T21:07:31.706879+00:00,1772917651706.878,0.492432,-0.561523,0.491455,0.098572,0.160034,2.980469,18491,16600,17909,16978,6,0.450000,-0.550000,0.300000,0.000000,1772917651699.590,0.490647,-0.560622,0.491380,0.000000,0.000000,0.000000,1.000000,position_only
2026-03-07T21:07:31.716234+00:00,1772917651716.233,0.492676,-0.561523,0.491699,0.075256,0.132812,2.998047,18252,16835,17692,17237,6,0.450000,-0.550000,0.300000,0.000000,1772917651708.137,0.490801,-0.560779,0.491428,0.000000,0.000000,0.000000,1.000000,position_only
2026-03-07T21:07:31.727138+00:00,1772917651727.137,0.492920,-0.561523,0.491699,0.042786,0.113281,3.000000,18300,16781,17869,17100,6,0.450000,-0.550000,0.300000,0.000000,1772917651725.304,0.491158,-0.561041,0.491440,0.000000,0.000000,0.000000,1.000000,position_only
2026-03-07T21:07:31.737693+00:00,1772917651737.692,0.493164,-0.562012,0.491455,0.005329,0.117798,3.007812,18476,16704,17910,16998,6,0.450000,-0.550000,0.300000,0.000000,1772917651733.841,0.491336,-0.561201,0.491420,0.000000,0.000000,0.000000,1.000000,position_only
2026-03-07T21:07:31.749159+00:00,1772917651749.158,0.493408,-0.562012,0.491455,-0.010925,0.116760,3.019531,18434,16724,17898,17072,6,0.450000,-0.550000,0.300000,0.000000,1772917651742.480,0.491681,-0.561493,0.491301,0.000000,0.000000,0.000000,1.000000,position_only
2026-03-07T21:07:31.756193+00:00,1772917651756.192,0.493652,-0.562500,0.491455,-0.033478,0.119751,3.031250,18321,16876,17796,17176,6,0.450000,-0.550000,0.300000,0.000000,1772917651751.217,0.491849,-0.561663,0.491242,0.000000,0.000000,0.000000,1.000000,position_only
2026-03-07T21:07:31.767862+00:00,1772917651767.861,0.493652,-0.562500,0.491211,-0.050598,0.126709,3.037109,18315,16917,17758,17217,6,0.450000,-0.550000,0.300000,0.000000,1772917651759.718,0.492038,-0.561777,0.491151,0.000000,0.000000,0.000000,1.000000,position_only
2026-03-07T21:07:31.777797+00:00,1772917651777.796,0.493896,-0.562500,0.491211,-0.061737,0.127686,3.042969,18432,16787,17833,17155,6,0.450000,-0.550000,0.300000,0.000000,1772917651776.818,0.492208,-0.561897,0.491024,0.000000,0.000000,0.000000,1.000000,position_only
2026-03-07T21:07:31.786960+00:00,1772917651786.959,0.494141,-0.562988,0.490967,-0.074890,0.110046,3.050781,18406,16894,17751,17241,6,0.450000,-0.550000,0.300000,0.000000,1772917651785.358,0.492507,-0.562116,0.490774,0.000000,0.000000,0.000000,1.000000,position_only
2026-03-07T21:07:31.796674+00:00,1772917651796.673,0.494385,-0.562988,0.490723,-0.077515,0.082397,3.056641,18509,16804,17819,17202,6,0.450000,-0.550000,0.300000,0.000000,1772917651793.856,0.492623,-0.562254,0.490615,0.000000,0.000000,0.000000,1.000000,position_only
2026-03-07T21:07:31.809234+00:00,1772917651809.233,0.494385,-0.562988,0.490723,-0.078247,0.057129,3.064453,18562,16738,17967,17110,6,0.450000,-0.550000,0.300000,0.000000,1772917651802.347,0.492714,-0.562412,0.490460,0.000000,0.000000,0.000000,1.000000,position_only
2026-03-07T21:07:31.817504+00:00,1772917651817.503,0.494629,-0.563477,0.490479,-0.096497,0.040527,3.080078,18517,16807,17894,17200,6,0.450000,-0.550000,0.300000,0.000000,1772917651810.827,0.492838,-0.562455,0.490290,0.000000,0.000000,0.000000,1.000000,position_only
2026-03-07T21:07:31.826847+00:00,1772917651826.846,0.494629,-0.563477,0.490234,-0.111389,0.019821,3.091797,18494,16812,17889,17261,6,0.450000,-0.550000,0.300000,0.000000,1772917651819.449,0.492924,-0.562579,0.490104,0.000000,0.000000,0.000000,1.000000,position_only
2026-03-07T21:07:31.836741+00:00,1772917651836.740,0.494873,-0.563477,0.489746,-0.135986,-0.011742,3.101562,18525,16782,17942,17249,6,0.450000,-0.550000,0.300000,0.000000,1772917651836.671,0.493130,-0.562764,0.489616,0.000000,0.000000,0.000000,1.000000,position_only
2026-03-07T21:07:31.847848+00:00,1772917651847.847,0.495117,-0.563965,0.489502,-0.163452,-0.026794,3.107422,18430,16941,17865,17264,6,0.450000,-0.550000,0.300000,0.000000,1772917651845.162,0.493227,-0.562903,0.489379,0.000000,0.000000,0.000000,1.000000,position_only
2026-03-07T21:07:31.857711+00:00,1772917651857.710,0.495117,-0.563965,0.489258,-0.179077,-0.034180,3.109375,18471,16890,17927,17298,6,0.450000,-0.550000,0.300000,0.000000,1772917651853.872,0.493340,-0.562964,0.489125,0.000000,0.000000,0.000000,1.000000,position_only
2026-03-07T21:07:31.869693+00:00,1772917651869.693,0.495117,-0.563965,0.489258,-0.179077,-0.034180,3.109375,18466,16898,17956,17267,6,0.450000,-0.550000,0.300000,0.000000,1772917651862.362,0.493457,-0.563058,0.488854,0.000000,0.000000,0.000000,1.000000,position_only
2026-03-07T21:07:31.876452+00:00,1772917651876.451,0.495117,-0.563965,0.488770,-0.205811,-0.036469,3.115234,18386,16978,17911,17345,6,0.450000,-0.550000,0.300000,0.000000,1772917651870.860,0.493525,-0.563151,0.488574,0.000000,0.000000,0.000000,1.000000,position_only
2026-03-07T21:07:31.886160+00:00,1772917651886.160,0.495117,-0.563965,0.488525,-0.226562,-0.030914,3.119141,18392,17011,17955,17297,6,0.450000,-0.550000,0.300000,0.000000,1772917651879.390,0.493605,-0.563203,0.488280,0.000000,0.000000,0.000000,1.000000,position_only
2026-03-07T21:07:31.896931+00:00,1772917651896.931,0.495361,-0.563965,0.488037,-0.250244,-0.012276,3.121094,18359,17274,17970,17094,6,0.450000,-0.550000,0.300000,0.000000,1772917651896.367,0.493743,-0.563334,0.487701,0.000000,0.000000,0.000000,1.000000,position_only
2026-03-07T21:07:31.907774+00:00,1772917651907.773,0.495361,-0.564453,0.487793,-0.273438,0.014145,3.125000,18362,17299,17965,17110,6,0.450000,-0.550000,0.300000,0.000000,1772917651904.817,0.493808,-0.563381,0.487366,0.000000,0.000000,0.000000,1.000000,position_only
2026-03-07T21:07:31.916964+00:00,1772917651916.963,0.495605,-0.564453,0.487305,-0.289551,0.050751,3.123047,18436,17197,18085,17048,6,0.450000,-0.550000,0.300000,0.000000,1772917651913.503,0.493880,-0.563466,0.487019,0.000000,0.000000,0.000000,1.000000,position_only
2026-03-07T21:07:31.928510+00:00,1772917651928.510,0.495605,-0.564453,0.486816,-0.319092,0.089294,3.130859,18442,17455,18110,16793,6,0.450000,-0.550000,0.300000,0.000000,1772917651922.019,0.493964,-0.563502,0.486643,0.000000,0.000000,0.000000,1.000000,position_only
2026-03-07T21:07:31.938271+00:00,1772917651938.271,0.495605,-0.564453,0.486572,-0.350342,0.129272,3.148438,18440,17457,18075,16862,6,0.450000,-0.550000,0.300000,0.000000,1772917651930.515,0.493988,-0.563569,0.486326,0.000000,0.000000,0.000000,1.000000,position_only
2026-03-07T21:07:31.946760+00:00,1772917651946.759,0.495605,-0.564453,0.486084,-0.380615,0.155884,3.154297,18509,17623,18155,16587,6,0.450000,-0.550000,0.300000,0.000000,1772917651939.089,0.493994,-0.563638,0.486004,0.000000,0.000000,0.000000,1.000000,position_only
2026-03-07T21:07:31.957352+00:00,1772917651957.351,0.495850,-0.564453,0.485596,-0.422119,0.164673,3.166016,18455,17632,18094,16721,6,0.450000,-0.550000,0.300000,0.000000,1772917651956.706,0.494091,-0.563641,0.485271,0.000000,0.000000,0.000000,1.000000,position_only
2026-03-07T21:07:31.968216+00:00,1772917651968.214,0.495850,-0.564453,0.485107,-0.478271,0.152588,3.173828,18434,17817,18053,16617,6,0.450000,-0.550000,0.300000,0.000000,1772917651965.226,0.494118,-0.563632,0.484903,0.000000,0.000000,0.000000,1.000000,position_only
2026-03-07T21:07:31.977982+00:00,1772917651977.980,0.495850,-0.564453,0.484863,-0.554199,0.107300,3.173828,18427,17751,18009,16769,6,0.450000,-0.550000,0.300000,0.000000,1772917651973.979,0.494171,-0.563613,0.484529,0.000000,0.000000,0.000000,1.000000,position_only
2026-03-07T21:07:31.989006+00:00,1772917651989.005,0.496094,-0.564941,0.484375,-0.671875,0.010696,3.171875,18560,17527,18149,16760,6,0.450000,-0.550000,0.300000,0.000000,1772917651982.470,0.494231,-0.563632,0.484129,0.000000,0.000000,0.000000,1.000000,position_only
2026-03-07T21:07:31.998120+00:00,1772917651998.120,0.495850,-0.564453,0.483887,-0.803711,-0.112183,3.175781,18603,17634,18069,16719,6,0.450000,-0.550000,0.300000,0.000000,1772917651990.951,0.494261,-0.563631,0.483657,0.000000,0.000000,0.000000,1.000000,position_only
2026-03-07T21:07:32.008082+00:00,1772917652008.081,0.495850,-0.564453,0.483398,-0.985352,-0.325684,3.175781,18743,17381,18204,16723,6,0.450000,-0.550000,0.300000,0.000000,1772917651999.455,0.494278,-0.563578,0.483254,0.000000,0.000000,0.000000,1.000000,position_only
2026-03-07T21:07:32.017866+00:00,1772917652017.865,0.495850,-0.564453,0.482910,-1.183594,-0.561523,3.179688,18812,17372,18165,16739,6,0.450000,-0.550000,0.300000,0.000000,1772917652016.807,0.494398,-0.563367,0.482519,0.000000,0.000000,0.000000,1.000000,position_only
2026-03-07T21:07:32.027117+00:00,1772917652027.116,0.496094,-0.564453,0.482422,-1.452148,-0.900879,3.175781,18724,17256,18111,17033,6,0.450000,-0.550000,0.300000,0.000000,1772917652025.356,0.494459,-0.563238,0.482133,0.000000,0.000000,0.000000,1.000000,position_only
2026-03-07T21:07:32.038366+00:00,1772917652038.366,0.496094,-0.564453,0.481934,-1.760742,-1.270508,3.166016,18719,17337,18072,17011,6,0.450000,-0.550000,0.300000,0.000000,1772917652034.109,0.494619,-0.562859,0.481233,0.000000,0.000000,0.000000,1.000000,position_only
2026-03-07T21:07:32.048122+00:00,1772917652048.121,0.496094,-0.563965,0.481201,-2.146484,-1.717773,3.138672,18753,17137,18080,17212,6,0.450000,-0.550000,0.300000,0.000000,1772917652042.649,0.494711,-0.562614,0.480818,0.000000,0.000000,0.000000,1.000000,position_only
2026-03-07T21:07:32.057271+00:00,1772917652057.271,0.496094,-0.563965,0.481201,-2.146484,-1.717773,3.138672,18813,16925,18178,17266,6,0.450000,-0.550000,0.300000,0.000000,1772917652051.154,0.494915,-0.562275,0.480349,0.000000,0.000000,0.000000,1.000000,position_only
2026-03-07T21:07:32.068887+00:00,1772917652068.886,0.496338,-0.563477,0.480225,-2.972656,-2.654297,3.085938,18666,17130,18159,17282,6,0.450000,-0.550000,0.300000,0.000000,1772917652068.153,0.495320,-0.561670,0.479580,0.000000,0.000000,0.000000,1.000000,position_only
2026-03-07T21:07:32.076574+00:00,1772917652076.574,0.496582,-0.563477,0.479492,-3.500000,-3.183594,3.050781,18775,16846,18370,17296,6,0.450000,-0.550000,0.300000,0.000000,1772917652068.153,0.495320,-0.561670,0.479580,0.000000,0.000000,0.000000,1.000000,position_only
2026-03-07T21:07:32.088012+00:00,1772917652088.011,0.496338,-0.562988,0.479492,-3.500000,-3.183594,3.050781,18642,17053,18284,17354,6,0.450000,-0.550000,0.300000,0.000000,1772917652085.193,0.495591,-0.561212,0.479116,0.000000,0.000000,0.000000,1.000000,position_only
2026-03-07T21:07:32.099095+00:00,1772917652099.094,0.496582,-0.562500,0.479004,-4.082031,-3.740234,3.011719,18477,17096,18196,17606,6,0.450000,-0.550000,0.300000,0.000000,1772917652093.688,0.496055,-0.560127,0.478247,0.000000,0.000000,0.000000,1.000000,position_only
2026-03-07T21:07:32.109760+00:00,1772917652109.759,0.496826,-0.562012,0.478271,-4.617188,-4.230469,2.964844,18534,17153,18313,17430,6,0.450000,-0.550000,0.300000,0.000000,1772917652102.338,0.496386,-0.559516,0.477737,0.000000,0.000000,0.000000,1.000000,position_only
2026-03-07T21:07:32.118454+00:00,1772917652118.454,0.497314,-0.561523,0.477783,-5.214844,-4.769531,2.900391,18676,16928,18475,17404,6,0.450000,-0.550000,0.300000,0.000000,1772917652110.936,0.496706,-0.558893,0.477327,0.000000,0.000000,0.000000,1.000000,position_only
2026-03-07T21:07:32.128326+00:00,1772917652128.326,0.497803,-0.560547,0.477051,-5.765625,-5.257812,2.849609,18613,16916,18436,17549,6,0.450000,-0.550000,0.300000,0.000000,1772917652128.100,0.497664,-0.557303,0.476361,0.000000,0.000000,0.000000,1.000000,position_only
2026-03-07T21:07:32.137930+00:00,1772917652137.930,0.498291,-0.560059,0.476562,-6.296875,-5.726562,2.800781,18498,17250,18300,17496,6,0.450000,-0.550000,0.300000,0.000000,1772917652136.607,0.498173,-0.556438,0.475915,0.000000,0.000000,0.000000,1.000000,position_only
2026-03-07T21:07:32.148466+00:00,1772917652148.466,0.499023,-0.558594,0.475830,-6.863281,-6.230469,2.726562,18557,17177,18325,17530,6,0.450000,-0.550000,0.300000,0.000000,1772917652145.135,0.498813,-0.555436,0.475393,0.000000,0.000000,0.000000,1.000000,position_only
2026-03-07T21:07:32.161447+00:00,1772917652161.446,0.499756,-0.557617,0.475342,-7.343750,-6.671875,2.658203,18665,17274,18359,17335,6,0.450000,-0.550000,0.300000,0.000000,1772917652153.858,0.499441,-0.554424,0.474886,0.000000,0.000000,0.000000,1.000000,position_only
2026-03-07T21:07:32.168470+00:00,1772917652168.470,0.500488,-0.556152,0.474609,-7.851562,-7.152344,2.578125,18678,17225,18368,17419,6,0.450000,-0.550000,0.300000,0.000000,1772917652162.412,0.500135,-0.553235,0.474337,0.000000,0.000000,0.000000,1.000000,position_only
2026-03-07T21:07:32.178267+00:00,1772917652178.265,0.501465,-0.554688,0.473877,-8.296875,-7.582031,2.505859,18662,17498,18269,17311,6,0.450000,-0.550000,0.300000,0.000000,1772917652170.896,0.500958,-0.551995,0.473831,0.000000,0.000000,0.000000,1.000000,position_only
2026-03-07T21:07:32.187728+00:00,1772917652187.728,0.502441,-0.553223,0.473145,-8.726562,-8.039062,2.425781,18714,17395,18307,17384,6,0.450000,-0.550000,0.300000,0.000000,1772917652179.443,0.501733,-0.550700,0.473327,0.000000,0.000000,0.000000,1.000000,position_only
2026-03-07T21:07:32.199198+00:00,1772917652199.198,0.503906,-0.551270,0.472656,-9.085938,-8.445312,2.347656,18957,17194,18399,17312,6,0.450000,-0.550000,0.300000,0.000000,1772917652196.531,0.503772,-0.547788,0.472108,0.000000,0.000000,0.000000,1.000000,position_only
2026-03-07T21:07:32.207997+00:00,1772917652207.996,0.505371,-0.549316,0.471680,-9.460938,-8.890625,2.269531,18981,17381,18396,17175,6,0.450000,-0.550000,0.300000,0.000000,1772917652205.262,0.504912,-0.546124,0.471534,0.000000,0.000000,0.000000,1.000000,position_only
2026-03-07T21:07:32.217904+00:00,1772917652217.903,0.506836,-0.547363,0.470947,-9.765625,-9.296875,2.197266,19049,17267,18445,17229,6,0.450000,-0.550000,0.300000,0.000000,1772917652213.789,0.506083,-0.544321,0.470997,0.000000,0.000000,0.000000,1.000000,position_only
2026-03-07T21:07:32.228518+00:00,1772917652228.517,0.508301,-0.544922,0.470215,-10.070312,-9.695312,2.132812,19036,17434,18450,17124,6,0.450000,-0.550000,0.300000,0.000000,1772917652222.294,0.507304,-0.542499,0.470380,0.000000,0.000000,0.000000,1.000000,position_only
2026-03-07T21:07:32.239133+00:00,1772917652239.132,0.510254,-0.541992,0.469482,-10.375000,-10.125000,2.058594,18926,17500,18408,17276,6,0.450000,-0.550000,0.300000,0.000000,1772917652230.809,0.508800,-0.540483,0.469793,0.000000,0.000000,0.000000,1.000000,position_only
2026-03-07T21:07:32.248247+00:00,1772917652248.247,0.512207,-0.539551,0.468750,-10.640625,-10.476562,1.989258,18983,17566,18531,17087,6,0.450000,-0.550000,0.300000,0.000000,1772917652248.014,0.511834,-0.536164,0.468533,0.000000,0.000000,0.000000,1.000000,position_only
2026-03-07T21:07:32.258083+00:00,1772917652258.082,0.514648,-0.536621,0.467773,-10.945312,-10.835938,1.923828,18845,17660,18395,17337,6,0.450000,-0.550000,0.300000,0.000000,1772917652256.529,0.513508,-0.533845,0.467918,0.000000,0.000000,0.000000,1.000000,position_only
2026-03-07T21:07:32.268571+00:00,1772917652268.571,0.516602,-0.533203,0.467041,-11.195312,-11.140625,1.854492,18946,17470,18563,17335,6,0.450000,-0.550000,0.300000,0.000000,1772917652265.027,0.515150,-0.531285,0.467196,0.000000,0.000000,0.000000,1.000000,position_only
2026-03-07T21:07:32.279246+00:00,1772917652279.246,0.519043,-0.529785,0.466064,-11.468750,-11.460938,1.794922,18991,17631,18561,17212,6,0.450000,-0.550000,0.300000,0.000000,1772917652273.531,0.517168,-0.528639,0.466531,0.000000,0.000000,0.000000,1.000000,position_only
2026-03-07T21:07:32.289930+00:00,1772917652289.930,0.521973,-0.526367,0.465332,-11.703125,-11.750000,1.735352,18945,17645,18521,17361,6,0.450000,-0.550000,0.300000,0.000000,1772917652282.057,0.519164,-0.525876,0.465881,0.000000,0.000000,0.000000,1.000000,position_only
2026-03-07T21:07:32.297845+00:00,1772917652297.845,0.524902,-0.522461,0.464355,-11.945312,-12.039062,1.677734,18980,17855,18608,17026,6,0.450000,-0.550000,0.300000,0.000000,1772917652290.534,0.521325,-0.522940,0.465193,0.000000,0.000000,0.000000,1.000000,position_only
2026-03-07T21:07:32.308627+00:00,1772917652308.626,0.527832,-0.518555,0.463379,-12.148438,-12.296875,1.625000,19022,17762,18658,17122,6,0.450000,-0.550000,0.300000,0.000000,1772917652307.664,0.525896,-0.516702,0.463666,0.000000,0.000000,0.000000,1.000000,position_only
2026-03-07T21:07:32.318778+00:00,1772917652318.777,0.531250,-0.514160,0.462402,-12.351562,-12.539062,1.566406,18992,17910,18587,17251,6,0.450000,-0.550000,0.300000,0.000000,1772917652316.200,0.528353,-0.513449,0.462949,0.000000,0.000000,0.000000,1.000000,position_only
2026-03-07T21:07:32.330799+00:00,1772917652330.799,0.534180,-0.509766,0.461426,-12.546875,-12.796875,1.521484,19192,17588,18837,17214,6,0.450000,-0.550000,0.300000,0.000000,1772917652324.664,0.530880,-0.509961,0.462187,0.000000,0.000000,0.000000,1.000000,position_only
2026-03-07T21:07:32.340535+00:00,1772917652340.534,0.534180,-0.509766,0.461426,-12.546875,-12.796875,1.521484,19032,17802,18563,17436,6,0.450000,-0.550000,0.300000,0.000000,1772917652333.146,0.533727,-0.506225,0.461300,0.000000,0.000000,0.000000,1.000000,position_only
2026-03-07T21:07:32.349521+00:00,1772917652349.521,0.537598,-0.505371,0.460449,-12.734375,-13.031250,1.481445,19114,17946,18641,17221,6,0.450000,-0.550000,0.300000,0.000000,1772917652341.648,0.536563,-0.502512,0.460521,0.000000,0.000000,0.000000,1.000000,position_only
2026-03-07T21:07:32.359487+00:00,1772917652359.487,0.541992,-0.499756,0.459229,-12.921875,-13.304688,1.413086,19210,17809,18729,17277,6,0.450000,-0.550000,0.300000,0.000000,1772917652358.711,0.542613,-0.494510,0.458735,0.000000,0.000000,0.000000,1.000000,position_only
2026-03-07T21:07:32.368730+00:00,1772917652368.730,0.545898,-0.494873,0.458252,-13.078125,-13.531250,1.369141,19260,17872,18803,17182,6,0.450000,-0.550000,0.300000,0.000000,1772917652367.211,0.545900,-0.490222,0.457951,0.000000,0.000000,0.000000,1.000000,position_only
2026-03-07T21:07:32.377161+00:00,1772917652377.161,0.550293,-0.489258,0.457031,-13.234375,-13.773438,1.325195,19252,17880,18778,17316,6,0.450000,-0.550000,0.300000,0.000000,1772917652375.728,0.549311,-0.485904,0.456992,0.000000,0.000000,0.000000,1.000000,position_only
2026-03-07T21:07:32.389769+00:00,1772917652389.767,0.554199,-0.484131,0.456055,-13.359375,-13.976562,1.287109,19175,18183,18784,17182,6,0.450000,-0.550000,0.300000,0.000000,1772917652384.207,0.556481,-0.476739,0.455196,0.000000,0.000000,0.000000,1.000000,position_only
2026-03-07T21:07:32.398426+00:00,1772917652398.426,0.559570,-0.477295,0.454590,-13.492188,-14.187500,1.241211,19375,17890,18980,17196,6,0.450000,-0.550000,0.300000,0.000000,1772917652392.712,0.556481,-0.476739,0.455196,0.000000,0.000000,0.000000,1.000000,position_only
2026-03-07T21:07:32.407541+00:00,1772917652407.540,0.564453,-0.471436,0.453369,-13.578125,-14.343750,1.224609,19145,18070,18778,17542,6,0.450000,-0.550000,0.300000,0.000000,1772917652401.257,0.564182,-0.466844,0.453243,0.000000,0.000000,0.000000,1.000000,position_only
2026-03-07T21:07:32.418032+00:00,1772917652418.031,0.569336,-0.465088,0.452148,-13.664062,-14.476562,1.205078,19195,18180,18895,17356,6,0.450000,-0.550000,0.300000,0.000000,1772917652409.779,0.564182,-0.466844,0.453243,0.000000,0.000000,0.000000,1.000000,position_only
2026-03-07T21:07:32.429419+00:00,1772917652429.418,0.575195,-0.457764,0.450684,-13.750000,-14.609375,1.183594,19249,18103,18939,17440,6,0.450000,-0.550000,0.300000,0.000000,1772917652426.771,0.576843,-0.451007,0.450361,0.000000,0.000000,0.000000,1.000000,position_only
2026-03-07T21:07:32.438464+00:00,1772917652438.463,0.581055,-0.450684,0.449463,-13.820312,-14.718750,1.166016,19177,18399,18912,17352,6,0.450000,-0.550000,0.300000,0.000000,1772917652435.351,0.581301,-0.445347,0.449333,0.000000,0.000000,0.000000,1.000000,position_only
2026-03-07T21:07:32.448899+00:00,1772917652448.899,0.587891,-0.442627,0.447998,-13.859375,-14.796875,1.158203,19353,18135,19175,17295,6,0.450000,-0.550000,0.300000,0.000000,1772917652443.856,0.586017,-0.439621,0.448268,0.000000,0.000000,0.000000,1.000000,position_only
2026-03-07T21:07:32.459469+00:00,1772917652459.468,0.593750,-0.435059,0.446533,-13.875000,-14.843750,1.169922,19290,18200,19102,17461,6,0.450000,-0.550000,0.300000,0.000000,1772917652452.343,0.590862,-0.433620,0.447334,0.000000,0.000000,0.000000,1.000000,position_only
2026-03-07T21:07:32.469522+00:00,1772917652469.522,0.600586,-0.426758,0.445068,-13.851562,-14.851562,1.196289,19171,18554,18955,17464,6,0.450000,-0.550000,0.300000,0.000000,1772917652469.397,0.600811,-0.421362,0.445308,0.000000,0.000000,0.000000,1.000000,position_only
2026-03-07T21:07:32.478612+00:00,1772917652478.612,0.606934,-0.419189,0.443848,-13.804688,-14.843750,1.206055,19252,18513,19033,17430,6,0.450000,-0.550000,0.300000,0.000000,1772917652477.902,0.606014,-0.414942,0.444214,0.000000,0.000000,0.000000,1.000000,position_only
2026-03-07T21:07:32.488454+00:00,1772917652488.453,0.614258,-0.410156,0.442139,-13.710938,-14.804688,1.223633,19351,18244,19085,17647,6,0.450000,-0.550000,0.300000,0.000000,1772917652486.405,0.611318,-0.408368,0.443162,0.000000,0.000000,0.000000,1.000000,position_only
2026-03-07T21:07:32.500444+00:00,1772917652500.443,0.621094,-0.401611,0.440918,-13.585938,-14.750000,1.267578,19387,18265,19083,17667,6,0.450000,-0.550000,0.300000,0.000000,1772917652494.905,0.616847,-0.401743,0.442142,0.000000,0.000000,0.000000,1.000000,position_only
2026-03-07T21:07:32.511002+00:00,1772917652511.002,0.629883,-0.391357,0.439209,-13.390625,-14.664062,1.291016,19333,18094,18928,18143,6,0.450000,-0.550000,0.300000,0.000000,1772917652503.555,0.622560,-0.394860,0.441093,0.000000,0.000000,0.000000,1.000000,position_only
2026-03-07T21:07:32.518563+00:00,1772917652518.562,0.629395,-0.391357,0.439453,-13.382812,-14.648438,1.318359,19408,18100,19013,17965,6,0.450000,-0.550000,0.300000,0.000000,1772917652512.134,0.628259,-0.387827,0.440168,0.000000,0.000000,0.000000,1.000000,position_only
2026-03-07T21:07:32.528496+00:00,1772917652528.496,0.637695,-0.381592,0.437744,-13.156250,-14.554688,1.351562,19448,18143,19057,17903,6,0.450000,-0.550000,0.300000,0.000000,1772917652520.648,0.634205,-0.380764,0.439160,0.000000,0.000000,0.000000,1.000000,position_only
2026-03-07T21:07:32.539386+00:00,1772917652539.386,0.645508,-0.372559,0.436523,-12.898438,-14.414062,1.400391,19457,18029,19010,18137,6,0.450000,-0.550000,0.300000,0.000000,1772917652537.792,0.646399,-0.366031,0.437033,0.000000,0.000000,0.000000,1.000000,position_only
2026-03-07T21:07:32.552092+00:00,1772917652552.091,0.653809,-0.362549,0.435059,-12.531250,-14.187500,1.470703,19249,18374,18901,18165,6,0.450000,-0.550000,0.300000,0.000000,1772917652546.297,0.652694,-0.358588,0.436047,0.000000,0.000000,0.000000,1.000000,position_only
2026-03-07T21:07:32.558966+00:00,1772917652558.965,0.661621,-0.353271,0.433594,-12.132812,-13.929688,1.540039,19285,18245,18863,18347,6,0.450000,-0.550000,0.300000,0.000000,1772917652554.846,0.659164,-0.350967,0.435102,0.000000,0.000000,0.000000,1.000000,position_only
2026-03-07T21:07:32.570906+00:00,1772917652570.905,0.669434,-0.343994,0.432373,-11.664062,-13.585938,1.621094,19427,18357,19048,17949,6,0.450000,-0.550000,0.300000,0.000000,1772917652563.426,0.665635,-0.343219,0.434048,0.000000,0.000000,0.000000,1.000000,position_only
2026-03-07T21:07:32.579151+00:00,1772917652579.150,0.679199,-0.333008,0.430908,-11.062500,-13.132812,1.727539,19290,18355,18939,18233,6,0.450000,-0.550000,0.300000,0.000000,1772917652572.004,0.672257,-0.335385,0.433170,0.000000,0.000000,0.000000,1.000000,position_only
2026-03-07T21:07:32.589801+00:00,1772917652589.800,0.687988,-0.322266,0.429688,-10.335938,-12.539062,1.872070,19254,18691,18902,17971,6,0.450000,-0.550000,0.300000,0.000000,1772917652589.007,0.685900,-0.319270,0.431341,0.000000,0.000000,0.000000,1.000000,position_only
2026-03-07T21:07:32.598768+00:00,1772917652598.767,0.696289,-0.312256,0.428467,-9.585938,-11.906250,1.997070,19298,18903,18990,17626,6,0.450000,-0.550000,0.300000,0.000000,1772917652597.643,0.692785,-0.311087,0.430548,0.000000,0.000000,0.000000,1.000000,position_only
2026-03-07T21:07:32.608013+00:00,1772917652608.011,0.707520,-0.299316,0.427002,-8.593750,-11.046875,2.166016,19228,18951,18947,17681,6,0.450000,-0.550000,0.300000,0.000000,1772917652606.391,0.699862,-0.302913,0.429692,0.000000,0.000000,0.000000,1.000000,position_only
2026-03-07T21:07:32.619291+00:00,1772917652619.289,0.716797,-0.288818,0.425781,-7.664062,-10.210938,2.320312,19314,19114,19020,17333,6,0.450000,-0.550000,0.300000,0.000000,1772917652614.943,0.706939,-0.294656,0.428893,0.000000,0.000000,0.000000,1.000000,position_only
2026-03-07T21:07:32.629878+00:00,1772917652629.876,0.726074,-0.277832,0.425049,-6.519531,-9.156250,2.503906,19279,19169,18989,17277,6,0.450000,-0.550000,0.300000,0.000000,1772917652623.493,0.714155,-0.286341,0.428129,0.000000,0.000000,0.000000,1.000000,position_only
2026-03-07T21:07:32.639009+00:00,1772917652639.008,0.726074,-0.277832,0.425049,-6.519531,-9.156250,2.503906,19127,19497,18855,17234,6,0.450000,-0.550000,0.300000,0.000000,1772917652632.076,0.721304,-0.277936,0.427430,0.000000,0.000000,0.000000,1.000000,position_only
2026-03-07T21:07:32.648708+00:00,1772917652648.707,0.746094,-0.254639,0.422852,-4.039062,-6.843750,2.789062,19194,19472,18867,17048,6,0.450000,-0.550000,0.300000,0.000000,1772917652640.592,0.728667,-0.269567,0.426838,0.000000,0.000000,0.000000,1.000000,position_only
2026-03-07T21:07:32.659475+00:00,1772917652659.474,0.756836,-0.242676,0.422119,-2.699219,-5.605469,2.902344,19294,19542,18877,16843,6,0.450000,-0.550000,0.300000,0.000000,1772917652657.665,0.743399,-0.252620,0.425634,0.000000,0.000000,0.000000,1.000000,position_only
2026-03-07T21:07:32.669406+00:00,1772917652669.406,0.755859,-0.243408,0.422363,-2.677734,-5.574219,2.916016,19365,19656,18899,16541,6,0.450000,-0.550000,0.300000,0.000000,1772917652666.198,0.750700,-0.244165,0.425206,0.000000,0.000000,0.000000,1.000000,position_only
2026-03-07T21:07:32.681307+00:00,1772917652681.306,0.766113,-0.231934,0.421631,-1.268555,-4.273438,3.007812,19368,19476,18834,16671,6,0.450000,-0.550000,0.300000,0.000000,1772917652674.880,0.758169,-0.235730,0.424747,0.000000,0.000000,0.000000,1.000000,position_only
2026-03-07T21:07:32.691229+00:00,1772917652691.228,0.774902,-0.221802,0.421143,0.025208,-3.074219,3.066406,19431,19553,18861,16395,6,0.450000,-0.550000,0.300000,0.000000,1772917652683.392,0.765634,-0.227370,0.424267,0.000000,0.000000,0.000000,1.000000,position_only
2026-03-07T21:07:32.699543+00:00,1772917652699.542,0.786621,-0.208618,0.420410,1.568359,-1.662109,3.105469,19177,19656,18554,16721,6,0.450000,-0.550000,0.300000,0.000000,1772917652691.917,0.773096,-0.218970,0.423883,0.000000,0.000000,0.000000,1.000000,position_only
2026-03-07T21:07:32.709550+00:00,1772917652709.548,0.795898,-0.197998,0.420410,3.035156,-0.311768,3.103516,19152,19723,18602,16494,6,0.450000,-0.550000,0.300000,0.000000,1772917652709.173,0.795282,-0.194094,0.422940,0.000000,0.000000,0.000000,1.000000,position_only
2026-03-07T21:07:32.720577+00:00,1772917652720.576,0.805664,-0.187378,0.420166,4.324219,0.882324,3.064453,19400,19287,18856,16313,6,0.450000,-0.550000,0.300000,0.000000,1772917652717.762,0.795282,-0.194094,0.422940,0.000000,0.000000,0.000000,1.000000,position_only
2026-03-07T21:07:32.728814+00:00,1772917652728.814,0.815918,-0.175781,0.419922,5.710938,2.187500,3.009766,19128,19631,18603,16373,6,0.450000,-0.550000,0.300000,0.000000,1772917652726.298,0.810172,-0.178087,0.422294,0.000000,0.000000,0.000000,1.000000,position_only
2026-03-07T21:07:32.739238+00:00,1772917652739.238,0.825684,-0.165039,0.419678,6.960938,3.373047,2.923828,19193,19542,18717,16178,6,0.450000,-0.550000,0.300000,0.000000,1772917652734.898,0.817308,-0.170172,0.422248,0.000000,0.000000,0.000000,1.000000,position_only
2026-03-07T21:07:32.749685+00:00,1772917652749.685,0.834473,-0.155151,0.419922,8.187500,4.574219,2.820312,19146,19355,18758,16261,6,0.450000,-0.550000,0.300000,0.000000,1772917652743.641,0.824527,-0.162351,0.422103,0.000000,0.000000,0.000000,1.000000,position_only
2026-03-07T21:07:32.760478+00:00,1772917652760.477,0.845703,-0.143555,0.419678,9.476562,5.843750,2.677734,19038,19530,18675,16205,6,0.450000,-0.550000,0.300000,0.000000,1772917652752.158,0.831420,-0.154719,0.422065,0.000000,0.000000,0.000000,1.000000,position_only
2026-03-07T21:07:32.768708+00:00,1772917652768.707,0.853516,-0.134888,0.419922,10.679688,7.062500,2.517578,19005,19359,18733,16276,6,0.450000,-0.550000,0.300000,0.000000,1772917652760.909,0.838456,-0.147205,0.422025,0.000000,0.000000,0.000000,1.000000,position_only
2026-03-07T21:07:32.779466+00:00,1772917652779.465,0.863281,-0.124084,0.419922,11.921875,8.335938,2.318359,18761,19624,18629,16284,6,0.450000,-0.550000,0.300000,0.000000,1772917652778.597,0.852149,-0.132734,0.421753,0.000000,0.000000,0.000000,1.000000,position_only
2026-03-07T21:07:32.790192+00:00,1772917652790.191,0.872070,-0.114807,0.420166,13.031250,9.500000,2.099609,18954,19250,18859,16193,6,0.450000,-0.550000,0.300000,0.000000,1772917652787.127,0.858720,-0.125706,0.421698,0.000000,0.000000,0.000000,1.000000,position_only
2026-03-07T21:07:32.798710+00:00,1772917652798.709,0.881836,-0.105042,0.420166,14.218750,10.750000,1.849609,18971,19317,18894,16036,6,0.450000,-0.550000,0.300000,0.000000,1772917652795.788,0.865139,-0.118897,0.421509,0.000000,0.000000,0.000000,1.000000,position_only
2026-03-07T21:07:32.810559+00:00,1772917652810.558,0.888184,-0.097900,0.420410,15.320312,11.921875,1.590820,18740,19627,18746,16079,6,0.450000,-0.550000,0.300000,0.000000,1772917652804.354,0.871223,-0.112215,0.421545,0.000000,0.000000,0.000000,1.000000,position_only
2026-03-07T21:07:32.819550+00:00,1772917652819.550,0.896484,-0.089355,0.420410,16.468750,13.140625,1.282227,18804,19224,18782,16383,6,0.450000,-0.550000,0.300000,0.000000,1772917652812.902,0.877405,-0.105796,0.421502,0.000000,0.000000,0.000000,1.000000,position_only
2026-03-07T21:07:32.829840+00:00,1772917652829.839,0.903809,-0.081543,0.420654,17.453125,14.187500,1.009766,18891,19446,18841,16018,6,0.450000,-0.550000,0.300000,0.000000,1772917652821.433,0.883381,-0.099637,0.421381,0.000000,0.000000,0.000000,1.000000,position_only
2026-03-07T21:07:32.839173+00:00,1772917652839.173,0.911133,-0.074158,0.420654,18.421875,15.179688,0.736328,19111,19080,19017,16020,6,0.450000,-0.550000,0.300000,0.000000,1772917652838.827,0.894919,-0.088015,0.420954,0.000000,0.000000,0.000000,1.000000,position_only
2026-03-07T21:07:32.848940+00:00,1772917652848.939,0.918945,-0.066528,0.420654,19.453125,16.218750,0.428223,18986,19102,18867,16275,6,0.450000,-0.550000,0.300000,0.000000,1772917652847.337,0.900385,-0.082507,0.420698,0.000000,0.000000,0.000000,1.000000,position_only
2026-03-07T21:07:32.861127+00:00,1772917652861.127,0.925293,-0.060272,0.420410,20.359375,17.093750,0.137207,19231,18982,18973,16200,6,0.450000,-0.550000,0.300000,0.000000,1772917652855.829,0.905658,-0.077205,0.420433,0.000000,0.000000,0.000000,1.000000,position_only
2026-03-07T21:07:32.870280+00:00,1772917652870.279,0.923828,-0.061523,0.420410,20.390625,17.140625,0.114868,19157,18918,18904,16415,6,0.450000,-0.550000,0.300000,0.000000,1772917652864.648,0.910818,-0.072197,0.420131,0.000000,0.000000,0.000000,1.000000,position_only
2026-03-07T21:07:32.880844+00:00,1772917652880.843,0.930176,-0.055206,0.420410,21.343750,18.031250,-0.183838,19156,19076,18909,16367,6,0.450000,-0.550000,0.300000,0.000000,1772917652873.200,0.915703,-0.067430,0.419766,0.000000,0.000000,0.000000,1.000000,position_only
2026-03-07T21:07:32.889113+00:00,1772917652889.113,0.936035,-0.049530,0.419922,22.140625,18.781250,-0.451904,19309,18744,19051,16527,6,0.450000,-0.550000,0.300000,0.000000,1772917652881.716,0.920335,-0.063000,0.419444,0.000000,0.000000,0.000000,1.000000,position_only
2026-03-07T21:07:32.900533+00:00,1772917652900.532,0.940918,-0.044891,0.419678,22.984375,19.593750,-0.754883,19367,18723,19147,16554,6,0.450000,-0.550000,0.300000,0.000000,1772917652899.076,0.928678,-0.054917,0.418500,0.000000,0.000000,0.000000,1.000000,position_only
2026-03-07T21:07:32.909394+00:00,1772917652909.393,0.945312,-0.040405,0.419189,23.640625,20.218750,-0.986328,19257,18651,19084,16958,6,0.450000,-0.550000,0.300000,0.000000,1772917652907.589,0.932898,-0.051246,0.417766,0.000000,0.000000,0.000000,1.000000,position_only
2026-03-07T21:07:32.919282+00:00,1772917652919.281,0.950195,-0.035950,0.418457,24.281250,20.859375,-1.243164,19433,18520,19374,16829,6,0.450000,-0.550000,0.300000,0.000000,1772917652916.111,0.936603,-0.047841,0.417259,0.000000,0.000000,0.000000,1.000000,position_only
2026-03-07T21:07:32.930862+00:00,1772917652930.861,0.953125,-0.033386,0.417725,24.812500,21.406250,-1.476562,19424,18387,19375,17170,6,0.450000,-0.550000,0.300000,0.000000,1772917652924.589,0.940264,-0.044672,0.416613,0.000000,0.000000,0.000000,1.000000,position_only
2026-03-07T21:07:32.940872+00:00,1772917652940.872,0.958008,-0.029205,0.416992,25.187500,21.859375,-1.639648,19143,18713,19212,17481,6,0.450000,-0.550000,0.300000,0.000000,1772917652933.179,0.943449,-0.041959,0.415806,0.000000,0.000000,0.000000,1.000000,position_only
2026-03-07T21:07:32.949847+00:00,1772917652949.847,0.960938,-0.027023,0.415771,25.609375,22.343750,-1.869141,19264,18754,19320,17465,6,0.450000,-0.550000,0.300000,0.000000,1772917652941.823,0.946476,-0.039331,0.414881,0.000000,0.000000,0.000000,1.000000,position_only
2026-03-07T21:07:32.958867+00:00,1772917652958.866,0.963867,-0.024796,0.414795,25.875000,22.718750,-2.039062,19376,18449,19535,17669,6,0.450000,-0.550000,0.300000,0.000000,1772917652950.340,0.949445,-0.037070,0.413886,0.000000,0.000000,0.000000,1.000000,position_only
2026-03-07T21:07:32.970447+00:00,1772917652970.446,0.966797,-0.022690,0.413330,26.078125,23.062500,-2.179688,19458,18558,19542,17736,6,0.450000,-0.550000,0.300000,0.000000,1772917652967.807,0.956641,-0.031959,0.410578,0.000000,0.000000,0.000000,1.000000,position_only
2026-03-07T21:07:32.981587+00:00,1772917652981.587,0.968750,-0.021347,0.412109,26.203125,23.343750,-2.291016,19597,18239,19655,18055,6,0.450000,-0.550000,0.300000,0.000000,1772917652976.501,0.958150,-0.031054,0.409518,0.000000,0.000000,0.000000,1.000000,position_only
2026-03-07T21:07:32.989058+00:00,1772917652989.057,0.970703,-0.020187,0.410156,26.281250,23.562500,-2.375000,19661,18397,19699,18077,6,0.450000,-0.550000,0.300000,0.000000,1772917652985.264,0.959949,-0.030132,0.408245,0.000000,0.000000,0.000000,1.000000,position_only
2026-03-07T21:07:33.001163+00:00,1772917653001.161,0.972168,-0.019714,0.408447,26.296875,23.734375,-2.425781,19645,18314,19753,18380,6,0.450000,-0.550000,0.300000,0.000000,1772917652993.812,0.961123,-0.029687,0.406759,0.000000,0.000000,0.000000,1.000000,position_only
2026-03-07T21:07:33.010436+00:00,1772917653010.435,0.972656,-0.020432,0.406494,26.296875,23.906250,-2.501953,19636,18532,19717,18503,6,0.450000,-0.550000,0.300000,0.000000,1772917653002.320,0.962214,-0.029536,0.405292,0.000000,0.000000,0.000000,1.000000,position_only
2026-03-07T21:07:33.020121+00:00,1772917653020.120,0.973145,-0.020950,0.404541,26.250000,24.000000,-2.541016,19939,18347,20062,18296,6,0.450000,-0.550000,0.300000,0.000000,1772917653019.607,0.963710,-0.030033,0.402024,0.000000,0.000000,0.000000,1.000000,position_only
2026-03-07T21:07:33.029582+00:00,1772917653029.581,0.973145,-0.022018,0.402100,26.109375,24.078125,-2.531250,20052,18273,20101,18540,6,0.450000,-0.550000,0.300000,0.000000,1772917653028.240,0.964047,-0.030666,0.400522,0.000000,0.000000,0.000000,1.000000,position_only
2026-03-07T21:07:33.040565+00:00,1772917653040.564,0.972656,-0.022644,0.401855,26.125000,24.093750,-2.548828,19901,18419,20013,18650,6,0.450000,-0.550000,0.300000,0.000000,1772917653036.790,0.964359,-0.031584,0.398599,0.000000,0.000000,0.000000,1.000000,position_only
2026-03-07T21:07:33.051413+00:00,1772917653051.412,0.972168,-0.025620,0.397217,25.796875,24.140625,-2.498047,20067,18431,20144,18887,6,0.450000,-0.550000,0.300000,0.000000,1772917653045.339,0.963859,-0.032986,0.396890,0.000000,0.000000,0.000000,1.000000,position_only
2026-03-07T21:07:33.060624+00:00,1772917653060.623,0.970703,-0.026733,0.397217,25.843750,24.171875,-2.531250,20071,18415,20163,18898,6,0.450000,-0.550000,0.300000,0.000000,1772917653054.137,0.963576,-0.034402,0.394970,0.000000,0.000000,0.000000,1.000000,position_only
2026-03-07T21:07:33.070186+00:00,1772917653070.186,0.970215,-0.029068,0.394287,25.593750,24.156250,-2.468750,20075,18636,20221,18927,6,0.450000,-0.550000,0.300000,0.000000,1772917653062.804,0.962623,-0.036253,0.393234,0.000000,0.000000,0.000000,1.000000,position_only
2026-03-07T21:07:33.078680+00:00,1772917653078.679,0.967773,-0.032745,0.391357,25.390625,24.140625,-2.437500,20236,18790,20416,18699,6,0.450000,-0.550000,0.300000,0.000000,1772917653071.306,0.961515,-0.038429,0.391169,0.000000,0.000000,0.000000,1.000000,position_only
2026-03-07T21:07:33.091017+00:00,1772917653091.016,0.965820,-0.036072,0.388916,25.156250,24.125000,-2.392578,20228,18972,20422,18756,6,0.450000,-0.550000,0.300000,0.000000,1772917653088.475,0.958791,-0.043583,0.387043,0.000000,0.000000,0.000000,1.000000,position_only
2026-03-07T21:07:33.100338+00:00,1772917653100.337,0.962891,-0.040161,0.385986,24.859375,24.078125,-2.326172,20079,19536,20313,18703,6,0.450000,-0.550000,0.300000,0.000000,1772917653097.037,0.957107,-0.046559,0.385046,0.000000,0.000000,0.000000,1.000000,position_only
2026-03-07T21:07:33.110047+00:00,1772917653110.045,0.959961,-0.044525,0.383057,24.578125,24.031250,-2.273438,20320,19473,20501,18584,6,0.450000,-0.550000,0.300000,0.000000,1772917653105.591,0.955118,-0.049731,0.382827,0.000000,0.000000,0.000000,1.000000,position_only
2026-03-07T21:07:33.120588+00:00,1772917653120.588,0.956543,-0.049286,0.380371,24.281250,23.937500,-2.199219,20377,19739,20504,18494,6,0.450000,-0.550000,0.300000,0.000000,1772917653114.360,0.952545,-0.053374,0.380818,0.000000,0.000000,0.000000,1.000000,position_only
2026-03-07T21:07:33.129757+00:00,1772917653129.757,0.952148,-0.055115,0.377197,23.875000,23.765625,-2.087891,20542,19752,20652,18413,6,0.450000,-0.550000,0.300000,0.000000,1772917653122.874,0.950216,-0.057222,0.378435,0.000000,0.000000,0.000000,1.000000,position_only
2026-03-07T21:07:33.140344+00:00,1772917653140.344,0.948242,-0.060516,0.374268,23.468750,23.562500,-1.953125,20726,19574,20728,18518,6,0.450000,-0.550000,0.300000,0.000000,1772917653139.885,0.943920,-0.065659,0.374170,0.000000,0.000000,0.000000,1.000000,position_only
2026-03-07T21:07:33.148602+00:00,1772917653148.601,0.943359,-0.066772,0.371338,22.937500,23.234375,-1.765625,20583,19959,20444,18757,6,0.450000,-0.550000,0.300000,0.000000,1772917653148.381,0.941074,-0.070261,0.371822,0.000000,0.000000,0.000000,1.000000,position_only
2026-03-07T21:07:33.162199+00:00,1772917653162.198,0.938477,-0.073242,0.368164,22.375000,22.828125,-1.565430,20705,19804,20453,18964,6,0.450000,-0.550000,0.300000,0.000000,1772917653157.032,0.937468,-0.075152,0.369538,0.000000,0.000000,0.000000,1.000000,position_only
2026-03-07T21:07:33.171312+00:00,1772917653171.312,0.932617,-0.080688,0.364990,21.640625,22.250000,-1.302734,20959,19648,20581,18922,6,0.450000,-0.550000,0.300000,0.000000,1772917653165.589,0.933682,-0.080135,0.367398,0.000000,0.000000,0.000000,1.000000,position_only
2026-03-07T21:07:33.182006+00:00,1772917653182.005,0.927246,-0.087646,0.362305,20.859375,21.609375,-1.013672,21025,19428,20531,19262,6,0.450000,-0.550000,0.300000,0.000000,1772917653174.099,0.929723,-0.085558,0.365166,0.000000,0.000000,0.000000,1.000000,position_only
2026-03-07T21:07:33.190983+00:00,1772917653190.982,0.920410,-0.095886,0.358643,19.890625,20.750000,-0.671387,20952,19582,20365,19468,6,0.450000,-0.550000,0.300000,0.000000,1772917653182.700,0.925380,-0.091065,0.363151,0.000000,0.000000,0.000000,1.000000,position_only
2026-03-07T21:07:33.201026+00:00,1772917653201.025,0.914551,-0.103516,0.356201,18.890625,19.828125,-0.326416,21170,19068,20534,19646,6,0.450000,-0.550000,0.300000,0.000000,1772917653199.862,0.916365,-0.102756,0.359068,0.000000,0.000000,0.000000,1.000000,position_only
2026-03-07T21:07:33.210340+00:00,1772917653210.338,0.907715,-0.111755,0.353271,17.796875,18.796875,0.032013,21031,18954,20371,20114,6,0.450000,-0.550000,0.300000,0.000000,1772917653208.482,0.911625,-0.108985,0.356946,0.000000,0.000000,0.000000,1.000000,position_only
2026-03-07T21:07:33.220085+00:00,1772917653220.084,0.899902,-0.121094,0.350342,16.515625,17.578125,0.410889,21060,18883,20405,20145,6,0.450000,-0.550000,0.300000,0.000000,1772917653216.944,0.906320,-0.115210,0.355122,0.000000,0.000000,0.000000,1.000000,position_only
2026-03-07T21:07:33.231543+00:00,1772917653231.542,0.893066,-0.129639,0.347656,15.257812,16.375000,0.745605,21112,18609,20495,20264,6,0.450000,-0.550000,0.300000,0.000000,1772917653225.444,0.901170,-0.121725,0.353131,0.000000,0.000000,0.000000,1.000000,position_only
2026-03-07T21:07:33.241750+00:00,1772917653241.749,0.893555,-0.129028,0.348145,15.234375,16.343750,0.757324,21035,18740,20444,20219,6,0.450000,-0.550000,0.300000,0.000000,1772917653234.162,0.890129,-0.135211,0.349552,0.000000,0.000000,0.000000,1.000000,position_only
2026-03-07T21:07:33.251665+00:00,1772917653251.664,0.885254,-0.138916,0.345459,13.804688,14.984375,1.106445,20919,18627,20372,20474,6,0.450000,-0.550000,0.300000,0.000000,1772917653251.143,0.878544,-0.149300,0.346384,0.000000,0.000000,0.000000,1.000000,position_only
2026-03-07T21:07:33.260276+00:00,1772917653260.275,0.875488,-0.150635,0.342773,12.210938,13.445312,1.463867,20864,18701,20344,20374,6,0.450000,-0.550000,0.300000,0.000000,1772917653259.649,0.872552,-0.156387,0.344857,0.000000,0.000000,0.000000,1.000000,position_only
2026-03-07T21:07:33.269560+00:00,1772917653269.559,0.867676,-0.160278,0.340576,10.843750,12.117188,1.713867,20856,18411,20444,20452,6,0.450000,-0.550000,0.300000,0.000000,1772917653268.177,0.866495,-0.163756,0.343485,0.000000,0.000000,0.000000,1.000000,position_only
2026-03-07T21:07:33.279377+00:00,1772917653279.376,0.858887,-0.170898,0.338379,9.289062,10.632812,1.956055,20740,18265,20339,20665,6,0.450000,-0.550000,0.300000,0.000000,1772917653276.770,0.860219,-0.171029,0.342231,0.000000,0.000000,0.000000,1.000000,position_only
2026-03-07T21:07:33.292850+00:00,1772917653292.849,0.849121,-0.182373,0.336426,7.722656,9.132812,2.156250,20761,18231,20453,20390,6,0.450000,-0.550000,0.300000,0.000000,1772917653285.312,0.854018,-0.178360,0.341080,0.000000,0.000000,0.000000,1.000000,position_only
2026-03-07T21:07:33.300565+00:00,1772917653300.564,0.840820,-0.192139,0.335205,6.269531,7.734375,2.306641,20630,18089,20365,20517,6,0.450000,-0.550000,0.300000,0.000000,1772917653293.778,0.847665,-0.185859,0.339938,0.000000,0.000000,0.000000,1.000000,position_only
2026-03-07T21:07:33.309765+00:00,1772917653309.764,0.831543,-0.202759,0.333496,4.832031,6.375000,2.414062,20463,18282,20173,20501,6,0.450000,-0.550000,0.300000,0.000000,1772917653302.279,0.841158,-0.193353,0.339010,0.000000,0.000000,0.000000,1.000000,position_only
2026-03-07T21:07:33.319627+00:00,1772917653319.626,0.822754,-0.213013,0.332520,3.195312,4.808594,2.492188,20410,18000,20235,20475,6,0.450000,-0.550000,0.300000,0.000000,1772917653319.411,0.834751,-0.200740,0.338102,0.000000,0.000000,0.000000,1.000000,position_only
2026-03-07T21:07:33.331071+00:00,1772917653331.070,0.814941,-0.222046,0.331787,1.703125,3.402344,2.521484,20342,17946,20115,20467,6,0.450000,-0.550000,0.300000,0.000000,1772917653328.216,0.821895,-0.215682,0.336705,0.000000,0.000000,0.000000,1.000000,position_only
2026-03-07T21:07:33.340141+00:00,1772917653340.140,0.805176,-0.233398,0.331055,0.096863,1.867188,2.515625,20306,17713,20097,20482,6,0.450000,-0.550000,0.300000,0.000000,1772917653336.708,0.815509,-0.223164,0.336117,0.000000,0.000000,0.000000,1.000000,position_only
2026-03-07T21:07:33.351979+00:00,1772917653351.978,0.796387,-0.243530,0.330322,-1.365234,0.471436,2.472656,20359,17414,20117,20447,6,0.450000,-0.550000,0.300000,0.000000,1772917653345.218,0.809092,-0.230492,0.335778,0.000000,0.000000,0.000000,1.000000,position_only
2026-03-07T21:07:33.361159+00:00,1772917653361.158,0.788086,-0.253174,0.330078,-2.818359,-0.932617,2.396484,20236,17450,20008,20371,6,0.450000,-0.550000,0.300000,0.000000,1772917653353.793,0.802516,-0.237670,0.335561,0.000000,0.000000,0.000000,1.000000,position_only
2026-03-07T21:07:33.370814+00:00,1772917653370.814,0.779785,-0.262207,0.330322,-4.468750,-2.527344,2.261719,20198,17114,19967,20452,6,0.450000,-0.550000,0.300000,0.000000,1772917653362.422,0.796149,-0.244915,0.335376,0.000000,0.000000,0.000000,1.000000,position_only
2026-03-07T21:07:33.379955+00:00,1772917653379.954,0.771973,-0.271240,0.330566,-5.937500,-3.941406,2.107422,20133,17106,19961,20261,6,0.450000,-0.550000,0.300000,0.000000,1772917653379.591,0.783576,-0.258852,0.335251,0.000000,0.000000,0.000000,1.000000,position_only
2026-03-07T21:07:33.389823+00:00,1772917653389.822,0.763184,-0.281494,0.330811,-7.523438,-5.453125,1.904297,19983,16899,19792,20504,6,0.450000,-0.550000,0.300000,0.000000,1772917653388.409,0.777580,-0.265667,0.335292,0.000000,0.000000,0.000000,1.000000,position_only
2026-03-07T21:07:33.399628+00:00,1772917653399.627,0.754883,-0.290527,0.331299,-8.968750,-6.820312,1.675781,19936,16711,19742,20540,6,0.450000,-0.550000,0.300000,0.000000,1772917653396.887,0.771574,-0.272211,0.335346,0.000000,0.000000,0.000000,1.000000,position_only
2026-03-07T21:07:33.412578+00:00,1772917653412.575,0.746582,-0.299805,0.331787,-10.523438,-8.296875,1.389648,19810,16778,19607,20480,6,0.450000,-0.550000,0.300000,0.000000,1772917653405.428,0.765704,-0.278791,0.335570,0.000000,0.000000,0.000000,1.000000,position_only
2026-03-07T21:07:33.420720+00:00,1772917653420.719,0.748047,-0.298340,0.332275,-10.570312,-8.343750,1.377930,19920,16733,19725,20270,6,0.450000,-0.550000,0.300000,0.000000,1772917653413.913,0.759924,-0.285016,0.335840,0.000000,0.000000,0.000000,1.000000,position_only
2026-03-07T21:07:33.431330+00:00,1772917653431.330,0.732910,-0.315186,0.333740,-13.484375,-11.031250,0.744629,19941,16630,19772,20081,6,0.450000,-0.550000,0.300000,0.000000,1772917653430.899,0.748970,-0.297027,0.336504,0.000000,0.000000,0.000000,1.000000,position_only
2026-03-07T21:07:33.441221+00:00,1772917653441.220,0.726074,-0.322754,0.334473,-14.820312,-12.242188,0.418213,19893,16503,19738,20081,6,0.450000,-0.550000,0.300000,0.000000,1772917653439.478,0.743658,-0.302680,0.336911,0.000000,0.000000,0.000000,1.000000,position_only
2026-03-07T21:07:33.451006+00:00,1772917653451.005,0.719238,-0.329834,0.335449,-16.125000,-13.406250,0.079712,19796,16387,19695,19995,6,0.450000,-0.550000,0.300000,0.000000,1772917653447.944,0.738445,-0.308058,0.337374,0.000000,0.000000,0.000000,1.000000,position_only
2026-03-07T21:07:33.463030+00:00,1772917653463.030,0.720703,-0.328125,0.335693,-16.171875,-13.445312,0.062195,19782,16559,19626,19895,6,0.450000,-0.550000,0.300000,0.000000,1772917653456.474,0.733428,-0.313140,0.337884,0.000000,0.000000,0.000000,1.000000,position_only
2026-03-07T21:07:33.472161+00:00,1772917653472.160,0.714355,-0.335205,0.336670,-17.562500,-14.656250,-0.333008,19807,16684,19626,19608,6,0.450000,-0.550000,0.300000,0.000000,1772917653464.952,0.728713,-0.318035,0.338438,0.000000,0.000000,0.000000,1.000000,position_only
2026-03-07T21:07:33.481244+00:00,1772917653481.243,0.708496,-0.341064,0.337891,-18.890625,-15.820312,-0.743652,19802,16576,19562,19671,6,0.450000,-0.550000,0.300000,0.000000,1772917653473.495,0.724286,-0.322692,0.338893,0.000000,0.000000,0.000000,1.000000,position_only
2026-03-07T21:07:33.491050+00:00,1772917653491.049,0.703125,-0.346680,0.338867,-19.968750,-16.781250,-1.105469,20089,16298,19814,19335,6,0.450000,-0.550000,0.300000,0.000000,1772917653490.532,0.715810,-0.331454,0.339768,0.000000,0.000000,0.000000,1.000000,position_only
2026-03-07T21:07:33.499465+00:00,1772917653499.465,0.698242,-0.351807,0.339844,-20.968750,-17.687500,-1.444336,20043,16533,19646,19256,6,0.450000,-0.550000,0.300000,0.000000,1772917653499.076,0.711837,-0.335228,0.340177,0.000000,0.000000,0.000000,1.000000,position_only
2026-03-07T21:07:33.510998+00:00,1772917653510.997,0.693359,-0.356934,0.340820,-21.984375,-18.625000,-1.814453,19872,16720,19427,19430,6,0.450000,-0.550000,0.300000,0.000000,1772917653507.645,0.708204,-0.338825,0.340715,0.000000,0.000000,0.000000,1.000000,position_only
2026-03-07T21:07:33.523138+00:00,1772917653523.137,0.689453,-0.360840,0.341797,-22.812500,-19.406250,-2.156250,19966,16941,19410,19142,6,0.450000,-0.550000,0.300000,0.000000,1772917653516.156,0.704785,-0.342184,0.341029,0.000000,0.000000,0.000000,1.000000,position_only
2026-03-07T21:07:33.530713+00:00,1772917653530.712,0.685059,-0.365479,0.342773,-23.609375,-20.187500,-2.501953,20076,16772,19492,19146,6,0.450000,-0.550000,0.300000,0.000000,1772917653524.731,0.701618,-0.345384,0.341302,0.000000,0.000000,0.000000,1.000000,position_only
2026-03-07T21:07:33.541286+00:00,1772917653541.285,0.682617,-0.367188,0.343262,-24.312500,-20.875000,-2.826172,20046,16834,19415,19264,6,0.450000,-0.550000,0.300000,0.000000,1772917653533.451,0.698662,-0.348204,0.341591,0.000000,0.000000,0.000000,1.000000,position_only
2026-03-07T21:07:33.551928+00:00,1772917653551.927,0.679688,-0.369873,0.343994,-24.875000,-21.468750,-3.103516,20195,16949,19604,18896,6,0.450000,-0.550000,0.300000,0.000000,1772917653550.694,0.691328,-0.354555,0.342370,0.000000,0.000000,0.000000,1.000000,position_only
2026-03-07T21:07:33.560303+00:00,1772917653560.302,0.677246,-0.372314,0.344482,-25.375000,-22.015625,-3.347656,20160,17059,19483,19041,6,0.450000,-0.550000,0.300000,0.000000,1772917653559.238,0.689245,-0.355985,0.342579,0.000000,0.000000,0.000000,1.000000,position_only
2026-03-07T21:07:33.570915+00:00,1772917653570.914,0.674805,-0.374023,0.344971,-25.796875,-22.500000,-3.576172,20105,17377,19444,18926,6,0.450000,-0.550000,0.300000,0.000000,1772917653567.906,0.687564,-0.357103,0.342681,0.000000,0.000000,0.000000,1.000000,position_only
2026-03-07T21:07:33.583745+00:00,1772917653583.745,0.672852,-0.375732,0.345215,-26.187500,-22.937500,-3.789062,20318,17188,19737,18744,6,0.450000,-0.550000,0.300000,0.000000,1772917653576.450,0.686140,-0.357981,0.342737,0.000000,0.000000,0.000000,1.000000,position_only
2026-03-07T21:07:33.592076+00:00,1772917653592.076,0.671387,-0.376709,0.345459,-26.468750,-23.296875,-3.939453,20307,17446,19705,18673,6,0.450000,-0.550000,0.300000,0.000000,1772917653585.180,0.685022,-0.358494,0.342744,0.000000,0.000000,0.000000,1.000000,position_only
2026-03-07T21:07:33.600805+00:00,1772917653600.804,0.671387,-0.375732,0.345459,-26.765625,-23.656250,-4.093750,20277,17520,19735,18794,6,0.450000,-0.550000,0.300000,0.000000,1772917653593.682,0.684233,-0.358851,0.342542,0.000000,0.000000,0.000000,1.000000,position_only
2026-03-07T21:07:33.611306+00:00,1772917653611.304,0.670898,-0.375488,0.345215,-26.953125,-23.937500,-4.210938,20417,17420,19887,18792,6,0.450000,-0.550000,0.300000,0.000000,1772917653611.014,0.683345,-0.358436,0.341956,0.000000,0.000000,0.000000,1.000000,position_only
2026-03-07T21:07:33.621649+00:00,1772917653621.647,0.670898,-0.374756,0.344971,-27.078125,-24.156250,-4.285156,20431,17714,19903,18660,6,0.450000,-0.550000,0.300000,0.000000,1772917653619.530,0.683301,-0.357628,0.341590,0.000000,0.000000,0.000000,1.000000,position_only
2026-03-07T21:07:33.631266+00:00,1772917653631.265,0.671387,-0.373779,0.344727,-27.140625,-24.328125,-4.335938,20392,17842,19814,18850,6,0.450000,-0.550000,0.300000,0.000000,1772917653628.120,0.683564,-0.356718,0.341169,0.000000,0.000000,0.000000,1.000000,position_only
2026-03-07T21:07:33.641002+00:00,1772917653641.001,0.672363,-0.372070,0.344238,-27.156250,-24.468750,-4.371094,20441,17983,19885,18779,6,0.450000,-0.550000,0.300000,0.000000,1772917653636.650,0.684064,-0.355439,0.340688,0.000000,0.000000,0.000000,1.000000,position_only
2026-03-07T21:07:33.652555+00:00,1772917653652.554,0.673828,-0.369873,0.343506,-27.140625,-24.578125,-4.390625,20395,18093,19881,18924,6,0.450000,-0.550000,0.300000,0.000000,1772917653645.185,0.684928,-0.353775,0.340146,0.000000,0.000000,0.000000,1.000000,position_only
2026-03-07T21:07:33.661626+00:00,1772917653661.625,0.676270,-0.365967,0.342529,-27.125000,-24.687500,-4.398438,20513,17981,20058,18978,6,0.450000,-0.550000,0.300000,0.000000,1772917653653.874,0.686043,-0.351792,0.339499,0.000000,0.000000,0.000000,1.000000,position_only
2026-03-07T21:07:33.671556+00:00,1772917653671.555,0.678711,-0.362793,0.341797,-27.031250,-24.718750,-4.363281,20527,18072,20089,19088,6,0.450000,-0.550000,0.300000,0.000000,1772917653670.901,0.689227,-0.347028,0.337931,0.000000,0.000000,0.000000,1.000000,position_only
2026-03-07T21:07:33.680712+00:00,1772917653680.711,0.681641,-0.358643,0.340576,-26.875000,-24.703125,-4.296875,20472,18116,20112,19331,6,0.450000,-0.550000,0.300000,0.000000,1772917653679.406,0.691206,-0.344183,0.337037,0.000000,0.000000,0.000000,1.000000,position_only
2026-03-07T21:07:33.690572+00:00,1772917653690.571,0.684570,-0.354492,0.339355,-26.703125,-24.656250,-4.222656,20538,17901,20259,19564,6,0.450000,-0.550000,0.300000,0.000000,1772917653687.918,0.693351,-0.340894,0.336155,0.000000,0.000000,0.000000,1.000000,position_only
2026-03-07T21:07:33.703974+00:00,1772917653703.973,0.687988,-0.349854,0.338135,-26.468750,-24.546875,-4.109375,20641,17973,20465,19395,6,0.450000,-0.550000,0.300000,0.000000,1772917653696.650,0.695852,-0.337269,0.335293,0.000000,0.000000,0.000000,1.000000,position_only
2026-03-07T21:07:33.713352+00:00,1772917653713.351,0.692383,-0.344482,0.336670,-26.125000,-24.343750,-3.927734,20524,17947,20342,19873,6,0.450000,-0.550000,0.300000,0.000000,1772917653705.198,0.698692,-0.333559,0.334274,0.000000,0.000000,0.000000,1.000000,position_only
2026-03-07T21:07:33.721023+00:00,1772917653721.022,0.697266,-0.338135,0.335205,-25.781250,-24.125000,-3.742188,20681,17894,20565,19752,6,0.450000,-0.550000,0.300000,0.000000,1772917653713.842,0.701727,-0.329280,0.333256,0.000000,0.000000,0.000000,1.000000,position_only
2026-03-07T21:07:33.730840+00:00,1772917653730.839,0.697754,-0.337158,0.334961,-25.812500,-24.140625,-3.736328,20569,18092,20496,19759,6,0.450000,-0.550000,0.300000,0.000000,1772917653722.364,0.705008,-0.324978,0.332220,0.000000,0.000000,0.000000,1.000000,position_only
2026-03-07T21:07:33.740715+00:00,1772917653740.714,0.703125,-0.330566,0.333252,-25.296875,-23.796875,-3.478516,20333,18513,20394,19874,6,0.450000,-0.550000,0.300000,0.000000,1772917653739.426,0.712330,-0.315324,0.330005,0.000000,0.000000,0.000000,1.000000,position_only
2026-03-07T21:07:33.751871+00:00,1772917653751.870,0.713379,-0.318115,0.330078,-23.953125,-22.796875,-2.875000,20462,18771,20486,19696,6,0.450000,-0.550000,0.300000,0.000000,1772917653747.895,0.716476,-0.310174,0.328799,0.000000,0.000000,0.000000,1.000000,position_only
2026-03-07T21:07:33.763999+00:00,1772917653763.998,0.713379,-0.317383,0.330078,-23.968750,-22.796875,-2.861328,20477,19038,20444,19470,6,0.450000,-0.550000,0.300000,0.000000,1772917653756.445,0.720687,-0.304513,0.327699,0.000000,0.000000,0.000000,1.000000,position_only
2026-03-07T21:07:33.771593+00:00,1772917653771.592,0.719727,-0.309570,0.328369,-23.015625,-22.078125,-2.455078,20643,19110,20582,19224,6,0.450000,-0.550000,0.300000,0.000000,1772917653764.941,0.725175,-0.298714,0.326623,0.000000,0.000000,0.000000,1.000000,position_only
2026-03-07T21:07:33.781345+00:00,1772917653781.344,0.726562,-0.301758,0.326660,-22.015625,-21.312500,-2.042969,20711,19211,20606,19131,6,0.450000,-0.550000,0.300000,0.000000,1772917653773.486,0.729978,-0.292645,0.325639,0.000000,0.000000,0.000000,1.000000,position_only
2026-03-07T21:07:33.792152+00:00,1772917653792.150,0.733887,-0.291992,0.324951,-20.750000,-20.359375,-1.531250,20444,19870,20247,19183,6,0.450000,-0.550000,0.300000,0.000000,1772917653790.521,0.740157,-0.279985,0.323574,0.000000,0.000000,0.000000,1.000000,position_only
2026-03-07T21:07:33.801012+00:00,1772917653801.011,0.740723,-0.283691,0.323242,-19.468750,-19.359375,-1.081055,20833,19636,20554,18760,6,0.450000,-0.550000,0.300000,0.000000,1772917653799.054,0.745553,-0.273452,0.322526,0.000000,0.000000,0.000000,1.000000,position_only
2026-03-07T21:07:33.812566+00:00,1772917653812.565,0.749023,-0.273682,0.321533,-17.937500,-18.171875,-0.560547,20710,20183,20269,18623,6,0.450000,-0.550000,0.300000,0.000000,1772917653807.592,0.751134,-0.266547,0.321488,0.000000,0.000000,0.000000,1.000000,position_only
2026-03-07T21:07:33.822402+00:00,1772917653822.400,0.756836,-0.264648,0.320068,-16.421875,-17.015625,-0.130615,20695,20424,20180,18464,6,0.450000,-0.550000,0.300000,0.000000,1772917653816.185,0.756915,-0.259564,0.320606,0.000000,0.000000,0.000000,1.000000,position_only
2026-03-07T21:07:33.830921+00:00,1772917653830.920,0.765625,-0.253906,0.318604,-14.695312,-15.648438,0.360352,20742,20331,20220,18404,6,0.450000,-0.550000,0.300000,0.000000,1772917653824.984,0.762915,-0.252425,0.319546,0.000000,0.000000,0.000000,1.000000,position_only
2026-03-07T21:07:33.841978+00:00,1772917653841.977,0.773438,-0.244385,0.317383,-13.062500,-14.351562,0.760742,20828,20476,20174,18143,6,0.450000,-0.550000,0.300000,0.000000,1772917653833.521,0.769025,-0.245118,0.318596,0.000000,0.000000,0.000000,1.000000,position_only
2026-03-07T21:07:33.851918+00:00,1772917653851.917,0.782227,-0.233643,0.316162,-11.218750,-12.875000,1.168945,20702,20460,20005,18329,6,0.450000,-0.550000,0.300000,0.000000,1772917653850.760,0.788177,-0.222268,0.316608,0.000000,0.000000,0.000000,1.000000,position_only
2026-03-07T21:07:33.861004+00:00,1772917653861.003,0.791016,-0.223389,0.315186,-9.554688,-11.507812,1.492188,20634,20651,19912,18142,6,0.450000,-0.550000,0.300000,0.000000,1772917653859.463,0.794849,-0.214476,0.316125,0.000000,0.000000,0.000000,1.000000,position_only
2026-03-07T21:07:33.871608+00:00,1772917653871.607,0.801270,-0.211182,0.314453,-7.730469,-10.000000,1.791992,20629,20428,19891,18215,6,0.450000,-0.550000,0.300000,0.000000,1772917653867.984,0.801400,-0.206524,0.315690,0.000000,0.000000,0.000000,1.000000,position_only
2026-03-07T21:07:33.883266+00:00,1772917653883.265,0.811035,-0.200195,0.313721,-6.089844,-8.609375,2.027344,20662,20390,20028,17898,6,0.450000,-0.550000,0.300000,0.000000,1772917653876.485,0.808406,-0.198665,0.315149,0.000000,0.000000,0.000000,1.000000,position_only
2026-03-07T21:07:33.891460+00:00,1772917653891.459,0.821289,-0.188110,0.313232,-4.300781,-7.042969,2.250000,20596,20435,19954,17763,6,0.450000,-0.550000,0.300000,0.000000,1772917653884.943,0.815410,-0.190677,0.314834,0.000000,0.000000,0.000000,1.000000,position_only
2026-03-07T21:07:33.901395+00:00,1772917653901.394,0.830078,-0.177734,0.312988,-2.693359,-5.593750,2.427734,20468,20313,19928,17800,6,0.450000,-0.550000,0.300000,0.000000,1772917653893.530,0.822323,-0.182668,0.314630,0.000000,0.000000,0.000000,1.000000,position_only
2026-03-07T21:07:33.910683+00:00,1772917653910.682,0.840820,-0.165405,0.312744,-0.969727,-4.007812,2.552734,20392,20377,19873,17611,6,0.450000,-0.550000,0.300000,0.000000,1772917653902.014,0.829127,-0.174567,0.314612,0.000000,0.000000,0.000000,1.000000,position_only
2026-03-07T21:07:33.922317+00:00,1772917653922.317,0.850098,-0.154419,0.312988,0.579590,-2.550781,2.626953,20289,20259,19810,17647,6,0.450000,-0.550000,0.300000,0.000000,1772917653919.256,0.835925,-0.166515,0.314725,0.000000,0.000000,0.000000,1.000000,position_only
2026-03-07T21:07:33.931591+00:00,1772917653931.591,0.859375,-0.144287,0.313232,2.138672,-1.067383,2.667969,20404,20149,19933,17262,6,0.450000,-0.550000,0.300000,0.000000,1772917653927.761,0.850046,-0.150753,0.314818,0.000000,0.000000,0.000000,1.000000,position_only
2026-03-07T21:07:33.942749+00:00,1772917653942.748,0.869629,-0.132568,0.313477,3.822266,0.543457,2.675781,20346,19975,19878,17261,6,0.450000,-0.550000,0.300000,0.000000,1772917653936.275,0.857134,-0.142996,0.315099,0.000000,0.000000,0.000000,1.000000,position_only
2026-03-07T21:07:33.951946+00:00,1772917653951.946,0.868652,-0.133423,0.313721,3.843750,0.570312,2.685547,20311,20019,19799,17317,6,0.450000,-0.550000,0.300000,0.000000,1772917653944.762,0.863740,-0.135185,0.315605,0.000000,0.000000,0.000000,1.000000,position_only
2026-03-07T21:07:33.961068+00:00,1772917653961.067,0.887695,-0.111877,0.315186,7.023438,3.617188,2.562500,20169,20116,19668,17235,6,0.450000,-0.550000,0.300000,0.000000,1772917653953.339,0.870660,-0.127561,0.315961,0.000000,0.000000,0.000000,1.000000,position_only
2026-03-07T21:07:33.971716+00:00,1772917653971.715,0.887207,-0.112488,0.315186,7.039062,3.638672,2.572266,20116,19983,19527,17269,6,0.450000,-0.550000,0.300000,0.000000,1772917653970.358,0.884014,-0.112635,0.317185,0.000000,0.000000,0.000000,1.000000,position_only
2026-03-07T21:07:33.981573+00:00,1772917653981.573,0.895996,-0.102661,0.316162,8.523438,5.046875,2.449219,20211,19882,19618,16940,6,0.450000,-0.550000,0.300000,0.000000,1772917653978.838,0.890578,-0.105497,0.317922,0.000000,0.000000,0.000000,1.000000,position_only
2026-03-07T21:07:33.991222+00:00,1772917653991.221,0.905273,-0.092285,0.317139,10.148438,6.562500,2.275391,20247,19614,19599,16946,6,0.450000,-0.550000,0.300000,0.000000,1772917653987.451,0.896909,-0.098312,0.318724,0.000000,0.000000,0.000000,1.000000,position_only
2026-03-07T21:07:34.002677+00:00,1772917654002.676,0.913574,-0.083374,0.318359,11.601562,7.921875,2.103516,20023,19794,19453,16926,6,0.450000,-0.550000,0.300000,0.000000,1772917653995.938,0.903206,-0.091500,0.319472,0.000000,0.000000,0.000000,1.000000,position_only
2026-03-07T21:07:34.011556+00:00,1772917654011.555,0.922852,-0.073059,0.319580,13.132812,9.351562,1.875000,19829,20021,19264,16858,6,0.450000,-0.550000,0.300000,0.000000,1772917654004.439,0.909481,-0.084769,0.320313,0.000000,0.000000,0.000000,1.000000,position_only
2026-03-07T21:07:34.022271+00:00,1772917654022.270,0.929688,-0.065369,0.321045,14.523438,10.648438,1.628906,19771,19835,19334,16860,6,0.450000,-0.550000,0.300000,0.000000,1772917654021.513,0.921550,-0.072086,0.322027,0.000000,0.000000,0.000000,1.000000,position_only
2026-03-07T21:07:34.030862+00:00,1772917654030.860,0.937500,-0.057281,0.322266,15.867188,11.914062,1.348633,19692,19901,19322,16746,6,0.450000,-0.550000,0.300000,0.000000,1772917654030.011,0.927136,-0.065983,0.323025,0.000000,0.000000,0.000000,1.000000,position_only
2026-03-07T21:07:34.042282+00:00,1772917654042.281,0.945312,-0.048889,0.323730,17.281250,13.265625,1.010742,19717,19643,19559,16622,6,0.450000,-0.550000,0.300000,0.000000,1772917654038.530,0.932706,-0.060177,0.323965,0.000000,0.000000,0.000000,1.000000,position_only
2026-03-07T21:07:34.051726+00:00,1772917654051.725,0.952148,-0.041901,0.325195,18.500000,14.500000,0.684570,19653,19730,19565,16508,6,0.450000,-0.550000,0.300000,0.000000,1772917654047.318,0.938098,-0.054625,0.324860,0.000000,0.000000,0.000000,1.000000,position_only
2026-03-07T21:07:34.061688+00:00,1772917654061.687,0.959961,-0.033936,0.326660,19.765625,15.796875,0.315186,19557,19551,19588,16681,6,0.450000,-0.550000,0.300000,0.000000,1772917654055.855,0.943200,-0.049405,0.325784,0.000000,0.000000,0.000000,1.000000,position_only
2026-03-07T21:07:34.071593+00:00,1772917654071.593,0.966309,-0.027435,0.328125,20.875000,16.937500,-0.039490,19459,19679,19600,16605,6,0.450000,-0.550000,0.300000,0.000000,1772917654064.590,0.947706,-0.044397,0.326763,0.000000,0.000000,0.000000,1.000000,position_only
2026-03-07T21:07:34.082174+00:00,1772917654082.173,0.971191,-0.022171,0.329346,22.046875,18.203125,-0.455566,19459,19759,19633,16508,6,0.450000,-0.550000,0.300000,0.000000,1772917654081.656,0.957194,-0.035192,0.328342,0.000000,0.000000,0.000000,1.000000,position_only
2026-03-07T21:07:34.091349+00:00,1772917654091.348,0.976562,-0.016937,0.330566,23.031250,19.250000,-0.832520,19420,19559,19655,16754,6,0.450000,-0.550000,0.300000,0.000000,1772917654090.157,0.961346,-0.031050,0.329252,0.000000,0.000000,0.000000,1.000000,position_only
2026-03-07T21:07:34.101920+00:00,1772917654101.920,0.982422,-0.011139,0.332031,24.015625,20.312500,-1.239258,19365,19731,19650,16695,6,0.450000,-0.550000,0.300000,0.000000,1772917654098.777,0.965373,-0.027140,0.330058,0.000000,0.000000,0.000000,1.000000,position_only
2026-03-07T21:07:34.111711+00:00,1772917654111.709,0.987305,-0.006596,0.333008,24.859375,21.234375,-1.611328,19379,19591,19627,16922,6,0.450000,-0.550000,0.300000,0.000000,1772917654107.276,0.969326,-0.023457,0.330676,0.000000,0.000000,0.000000,1.000000,position_only
2026-03-07T21:07:34.122967+00:00,1772917654122.966,0.992188,-0.002110,0.333984,25.718750,22.156250,-2.000000,19628,19374,19820,16811,6,0.450000,-0.550000,0.300000,0.000000,1772917654115.765,0.972714,-0.020308,0.331218,0.000000,0.000000,0.000000,1.000000,position_only
2026-03-07T21:07:34.131414+00:00,1772917654131.413,0.994629,-0.000151,0.334717,26.468750,22.953125,-2.339844,19640,19249,19835,17069,6,0.450000,-0.550000,0.300000,0.000000,1772917654124.290,0.976241,-0.017274,0.331688,0.000000,0.000000,0.000000,1.000000,position_only
2026-03-07T21:07:34.142625+00:00,1772917654142.624,0.999023,0.003736,0.335449,27.203125,23.750000,-2.687500,19548,19510,19664,17256,6,0.450000,-0.550000,0.300000,0.000000,1772917654141.265,0.982039,-0.012242,0.332653,0.000000,0.000000,0.000000,1.000000,position_only
2026-03-07T21:07:34.150946+00:00,1772917654150.945,1.001953,0.006115,0.335938,27.734375,24.312500,-2.945312,19825,19326,19826,17178,6,0.450000,-0.550000,0.300000,0.000000,1772917654149.858,0.984548,-0.010230,0.333057,0.000000,0.000000,0.000000,1.000000,position_only
2026-03-07T21:07:34.162476+00:00,1772917654162.475,1.004883,0.008217,0.336426,28.218750,24.828125,-3.171875,19818,18983,19728,17652,6,0.450000,-0.550000,0.300000,0.000000,1772917654158.425,0.986863,-0.008529,0.333301,0.000000,0.000000,0.000000,1.000000,position_only
2026-03-07T21:07:34.173079+00:00,1772917654173.078,1.002930,0.006989,0.336182,28.265625,24.859375,-3.193359,19888,18976,19735,17793,6,0.450000,-0.550000,0.300000,0.000000,1772917654166.899,0.988665,-0.007229,0.333442,0.000000,0.000000,0.000000,1.000000,position_only
2026-03-07T21:07:34.184331+00:00,1772917654184.330,1.006836,0.009171,0.336426,28.937500,25.578125,-3.509766,20056,18754,19829,17998,6,0.450000,-0.550000,0.300000,0.000000,1772917654184.094,0.993089,-0.004921,0.333403,0.000000,0.000000,0.000000,1.000000,position_only
2026-03-07T21:07:34.192021+00:00,1772917654192.021,1.006836,0.009171,0.336426,28.937500,25.578125,-3.509766,20056,18819,19783,18176,6,0.450000,-0.550000,0.300000,0.000000,1772917654184.094,0.993089,-0.004921,0.333403,0.000000,0.000000,0.000000,1.000000,position_only
2026-03-07T21:07:34.202823+00:00,1772917654202.822,1.006836,0.008430,0.335938,29.171875,25.828125,-3.617188,20031,18722,19760,18571,6,0.450000,-0.550000,0.300000,0.000000,1772917654201.187,0.994613,-0.005145,0.332865,0.000000,0.000000,0.000000,1.000000,position_only
2026-03-07T21:07:34.213948+00:00,1772917654213.946,1.007812,0.008179,0.335693,29.265625,25.968750,-3.669922,20106,18789,19728,18728,6,0.450000,-0.550000,0.300000,0.000000,1772917654209.755,0.995014,-0.005761,0.332407,0.000000,0.000000,0.000000,1.000000,position_only
2026-03-07T21:07:34.221530+00:00,1772917654221.522,1.007812,0.007309,0.335205,29.312500,26.046875,-3.695312,20273,18670,19953,18703,6,0.450000,-0.550000,0.300000,0.000000,1772917654218.318,0.994756,-0.006817,0.331989,0.000000,0.000000,0.000000,1.000000,position_only
2026-03-07T21:07:34.233672+00:00,1772917654233.670,1.007812,0.005787,0.334473,29.218750,26.046875,-3.666016,20199,18697,19882,19120,6,0.450000,-0.550000,0.300000,0.000000,1772917654226.895,0.994756,-0.006817,0.331989,0.000000,0.000000,0.000000,1.000000,position_only
2026-03-07T21:07:34.244091+00:00,1772917654244.090,1.006836,0.003716,0.333496,29.078125,26.015625,-3.619141,20318,18675,20137,19033,6,0.450000,-0.550000,0.300000,0.000000,1772917654243.894,0.993141,-0.011430,0.329962,0.000000,0.000000,0.000000,1.000000,position_only
2026-03-07T21:07:34.251895+00:00,1772917654251.895,1.004883,0.000209,0.332520,28.906250,25.984375,-3.583984,20376,18684,20274,19092,6,0.450000,-0.550000,0.300000,0.000000,1772917654243.894,0.993141,-0.011430,0.329962,0.000000,0.000000,0.000000,1.000000,position_only
2026-03-07T21:07:34.262424+00:00,1772917654262.424,1.002930,-0.003059,0.331299,28.625000,25.921875,-3.503906,20305,18988,20240,19163,6,0.450000,-0.550000,0.300000,0.000000,1772917654260.943,0.990385,-0.016268,0.328317,0.000000,0.000000,0.000000,1.000000,position_only
2026-03-07T21:07:34.273641+00:00,1772917654273.640,1.000000,-0.006756,0.329834,28.343750,25.843750,-3.437500,20318,19355,20371,18904,6,0.450000,-0.550000,0.300000,0.000000,1772917654269.588,0.988838,-0.019147,0.327290,0.000000,0.000000,0.000000,1.000000,position_only
2026-03-07T21:07:34.282696+00:00,1772917654282.695,0.997070,-0.011292,0.328369,28.000000,25.765625,-3.361328,20231,19623,20331,19026,6,0.450000,-0.550000,0.300000,0.000000,1772917654278.253,0.986854,-0.022293,0.326254,0.000000,0.000000,0.000000,1.000000,position_only
2026-03-07T21:07:34.293405+00:00,1772917654293.404,0.993652,-0.015961,0.326904,27.656250,25.656250,-3.292969,20368,19695,20432,18961,6,0.450000,-0.550000,0.300000,0.000000,1772917654286.706,0.984290,-0.025873,0.325219,0.000000,0.000000,0.000000,1.000000,position_only
2026-03-07T21:07:34.302304+00:00,1772917654302.303,0.989258,-0.022141,0.325195,27.250000,25.531250,-3.199219,20566,19876,20555,18706,6,0.450000,-0.550000,0.300000,0.000000,1772917654295.241,0.981741,-0.029683,0.324036,0.000000,0.000000,0.000000,1.000000,position_only
2026-03-07T21:07:34.311693+00:00,1772917654311.692,0.985352,-0.027603,0.323486,26.812500,25.328125,-3.062500,20642,19739,20531,18795,6,0.450000,-0.550000,0.300000,0.000000,1772917654303.936,0.978516,-0.033883,0.322944,0.000000,0.000000,0.000000,1.000000,position_only
2026-03-07T21:07:34.322325+00:00,1772917654322.324,0.979980,-0.034393,0.321533,26.265625,25.031250,-2.878906,20599,20248,20325,18976,6,0.450000,-0.550000,0.300000,0.000000,1772917654321.090,0.971937,-0.043063,0.320364,0.000000,0.000000,0.000000,1.000000,position_only
2026-03-07T21:07:34.332311+00:00,1772917654332.310,0.974609,-0.041046,0.319580,25.718750,24.656250,-2.683594,20743,20139,20395,19071,6,0.450000,-0.550000,0.300000,0.000000,1772917654329.588,0.968493,-0.048089,0.318832,0.000000,0.000000,0.000000,1.000000,position_only
2026-03-07T21:07:34.342123+00:00,1772917654342.123,0.969238,-0.048065,0.317627,25.046875,24.203125,-2.443359,20990,20039,20619,18878,6,0.450000,-0.550000,0.300000,0.000000,1772917654338.342,0.964466,-0.053597,0.317463,0.000000,0.000000,0.000000,1.000000,position_only
2026-03-07T21:07:34.354124+00:00,1772917654354.123,0.962891,-0.056396,0.315674,24.171875,23.562500,-2.117188,20995,19801,20530,19372,6,0.450000,-0.550000,0.300000,0.000000,1772917654346.858,0.960015,-0.059198,0.316260,0.000000,0.000000,0.000000,1.000000,position_only
2026-03-07T21:07:34.362542+00:00,1772917654362.541,0.956055,-0.064514,0.313721,23.265625,22.859375,-1.777344,21259,19346,20808,19431,6,0.450000,-0.550000,0.300000,0.000000,1772917654355.370,0.955938,-0.064872,0.314830,0.000000,0.000000,0.000000,1.000000,position_only
2026-03-07T21:07:34.372239+00:00,1772917654372.238,0.956055,-0.065002,0.313721,23.281250,22.875000,-1.780273,21027,19584,20523,19712,6,0.450000,-0.550000,0.300000,0.000000,1772917654363.875,0.951275,-0.071086,0.313364,0.000000,0.000000,0.000000,1.000000,position_only
2026-03-07T21:07:34.382795+00:00,1772917654382.794,0.948730,-0.074036,0.311523,22.125000,21.968750,-1.366211,21183,19173,20710,19901,6,0.450000,-0.550000,0.300000,0.000000,1772917654380.904,0.940947,-0.084026,0.310876,0.000000,0.000000,0.000000,1.000000,position_only
2026-03-07T21:07:34.393497+00:00,1772917654393.496,0.940918,-0.083435,0.309326,20.828125,20.937500,-0.943359,20924,19387,20533,20212,6,0.450000,-0.550000,0.300000,0.000000,1772917654389.405,0.935579,-0.090906,0.309541,0.000000,0.000000,0.000000,1.000000,position_only
2026-03-07T21:07:34.401862+00:00,1772917654401.861,0.934082,-0.092224,0.307373,19.546875,19.906250,-0.550293,21034,19004,20718,20347,6,0.450000,-0.550000,0.300000,0.000000,1772917654397.940,0.929942,-0.097911,0.308380,0.000000,0.000000,0.000000,1.000000,position_only
2026-03-07T21:07:34.414875+00:00,1772917654414.874,0.926270,-0.101257,0.305664,18.171875,18.781250,-0.169067,21041,19015,20730,20330,6,0.450000,-0.550000,0.300000,0.000000,1772917654406.532,0.924074,-0.105090,0.307110,0.000000,0.000000,0.000000,1.000000,position_only
2026-03-07T21:07:34.423247+00:00,1772917654423.246,0.917480,-0.112183,0.303955,16.609375,17.484375,0.238525,21143,18754,20872,20325,6,0.450000,-0.550000,0.300000,0.000000,1772917654415.027,0.917980,-0.112416,0.306086,0.000000,0.000000,0.000000,1.000000,position_only
2026-03-07T21:07:34.433074+00:00,1772917654433.073,0.909180,-0.122070,0.302246,15.140625,16.250000,0.595215,21032,18618,20798,20562,6,0.450000,-0.550000,0.300000,0.000000,1772917654432.026,0.905433,-0.127956,0.303740,0.000000,0.000000,0.000000,1.000000,position_only
2026-03-07T21:07:34.442050+00:00,1772917654442.049,0.899902,-0.133057,0.300537,13.484375,14.843750,0.961914,20973,18670,20731,20527,6,0.450000,-0.550000,0.300000,0.000000,1772917654440.614,0.898852,-0.135750,0.302853,0.000000,0.000000,0.000000,1.000000,position_only
2026-03-07T21:07:34.452612+00:00,1772917654452.611,0.891602,-0.143188,0.299316,11.953125,13.500000,1.250977,20896,18534,20707,20631,6,0.450000,-0.550000,0.300000,0.000000,1772917654449.269,0.892021,-0.143811,0.302066,0.000000,0.000000,0.000000,1.000000,position_only
2026-03-07T21:07:34.463976+00:00,1772917654463.975,0.882324,-0.154053,0.298096,10.437500,12.156250,1.501953,20769,18656,20636,20545,6,0.450000,-0.550000,0.300000,0.000000,1772917654457.759,0.885156,-0.151882,0.301314,0.000000,0.000000,0.000000,1.000000,position_only
2026-03-07T21:07:34.473743+00:00,1772917654473.742,0.872559,-0.165771,0.297119,8.742188,10.640625,1.742188,20796,18347,20639,20612,6,0.450000,-0.550000,0.300000,0.000000,1772917654466.307,0.878191,-0.160214,0.300644,0.000000,0.000000,0.000000,1.000000,position_only
2026-03-07T21:07:34.482751+00:00,1772917654482.751,0.861816,-0.178223,0.295898,7.042969,9.117188,1.931641,20861,18290,20693,20311,6,0.450000,-0.550000,0.300000,0.000000,1772917654475.078,0.871070,-0.168522,0.300228,0.000000,0.000000,0.000000,1.000000,position_only
2026-03-07T21:07:34.491697+00:00,1772917654491.696,0.853516,-0.188110,0.295654,5.468750,7.660156,2.085938,20725,18128,20520,20506,6,0.450000,-0.550000,0.300000,0.000000,1772917654483.586,0.864053,-0.176983,0.299677,0.000000,0.000000,0.000000,1.000000,position_only
2026-03-07T21:07:34.503332+00:00,1772917654503.331,0.844238,-0.198608,0.295410,3.914062,6.199219,2.187500,20552,17931,20373,20757,6,0.450000,-0.550000,0.300000,0.000000,1772917654500.733,0.842003,-0.202213,0.299160,0.000000,0.000000,0.000000,1.000000,position_only
2026-03-07T21:07:34.513376+00:00,1772917654513.375,0.833008,-0.211670,0.295166,2.228516,4.593750,2.244141,20589,17851,20336,20502,6,0.450000,-0.550000,0.300000,0.000000,1772917654509.380,0.834750,-0.210772,0.299047,0.000000,0.000000,0.000000,1.000000,position_only
2026-03-07T21:07:34.522510+00:00,1772917654522.510,0.822754,-0.223389,0.295166,0.698242,3.111328,2.261719,20543,17581,20309,20534,6,0.450000,-0.550000,0.300000,0.000000,1772917654517.887,0.834750,-0.210772,0.299047,0.000000,0.000000,0.000000,1.000000,position_only
2026-03-07T21:07:34.531414+00:00,1772917654531.414,0.812988,-0.234741,0.295898,-1.024414,1.436523,2.242188,20656,17745,20301,20240,6,0.450000,-0.550000,0.300000,0.000000,1772917654526.429,0.819896,-0.227464,0.299458,0.000000,0.000000,0.000000,1.000000,position_only
2026-03-07T21:07:34.543060+00:00,1772917654543.058,0.800293,-0.248901,0.296387,-2.843750,-0.346924,2.158203,20384,17569,20191,20420,6,0.450000,-0.550000,0.300000,0.000000,1772917654534.876,0.812712,-0.235767,0.299808,0.000000,0.000000,0.000000,1.000000,position_only
2026-03-07T21:07:34.553538+00:00,1772917654553.537,0.800781,-0.248535,0.296631,-2.855469,-0.360352,2.160156,20407,17372,20265,20147,6,0.450000,-0.550000,0.300000,0.000000,1772917654552.083,0.797935,-0.252007,0.300857,0.000000,0.000000,0.000000,1.000000,position_only
2026-03-07T21:07:34.561795+00:00,1772917654561.794,0.789062,-0.261719,0.297607,-4.718750,-2.144531,2.015625,20171,17155,20181,20323,6,0.450000,-0.550000,0.300000,0.000000,1772917654560.590,0.791007,-0.260056,0.301510,0.000000,0.000000,0.000000,1.000000,position_only
2026-03-07T21:07:34.572340+00:00,1772917654572.340,0.778809,-0.273438,0.298584,-6.464844,-3.769531,1.844727,20017,16992,20081,20429,6,0.450000,-0.550000,0.300000,0.000000,1772917654569.218,0.784032,-0.267911,0.302117,0.000000,0.000000,0.000000,1.000000,position_only
2026-03-07T21:07:34.585252+00:00,1772917654585.251,0.769531,-0.283447,0.299561,-8.062500,-5.222656,1.640625,19839,17074,19988,20337,6,0.450000,-0.550000,0.300000,0.000000,1772917654577.906,0.776884,-0.275619,0.302954,0.000000,0.000000,0.000000,1.000000,position_only
2026-03-07T21:07:34.593698+00:00,1772917654593.698,0.759766,-0.294189,0.301270,-9.804688,-6.781250,1.373047,19965,16581,20154,20205,6,0.450000,-0.550000,0.300000,0.000000,1772917654586.454,0.770017,-0.283105,0.303874,0.000000,0.000000,0.000000,1.000000,position_only
2026-03-07T21:07:34.602694+00:00,1772917654602.693,0.750977,-0.303955,0.302734,-11.367188,-8.148438,1.107422,19898,16676,19994,20069,6,0.450000,-0.550000,0.300000,0.000000,1772917654594.944,0.763214,-0.290368,0.304861,0.000000,0.000000,0.000000,1.000000,position_only
2026-03-07T21:07:34.612860+00:00,1772917654612.859,0.740723,-0.315186,0.304443,-13.210938,-9.773438,0.739746,19999,16294,20012,20044,6,0.450000,-0.550000,0.300000,0.000000,1772917654612.084,0.750104,-0.304519,0.306933,0.000000,0.000000,0.000000,1.000000,position_only
2026-03-07T21:07:34.623820+00:00,1772917654623.819,0.730957,-0.325684,0.306396,-14.820312,-11.226562,0.373047,20098,16269,19897,19827,6,0.450000,-0.550000,0.300000,0.000000,1772917654620.687,0.743680,-0.311106,0.307989,0.000000,0.000000,0.000000,1.000000,position_only
2026-03-07T21:07:34.635099+00:00,1772917654635.098,0.722656,-0.334717,0.308105,-16.234375,-12.554688,-0.001075,20034,16170,19659,20012,6,0.450000,-0.550000,0.300000,0.000000,1772917654629.244,0.737592,-0.317608,0.309068,0.000000,0.000000,0.000000,1.000000,position_only
2026-03-07T21:07:34.644819+00:00,1772917654644.818,0.712891,-0.344727,0.310303,-17.875000,-14.125000,-0.502930,20070,15985,19539,20052,6,0.450000,-0.550000,0.300000,0.000000,1772917654637.707,0.731660,-0.323800,0.310378,0.000000,0.000000,0.000000,1.000000,position_only
2026-03-07T21:07:34.654025+00:00,1772917654654.023,0.714355,-0.343262,0.310303,-17.921875,-14.164062,-0.517578,20145,16291,19482,19734,6,0.450000,-0.550000,0.300000,0.000000,1772917654646.304,0.725964,-0.329687,0.311638,0.000000,0.000000,0.000000,1.000000,position_only
2026-03-07T21:07:34.663801+00:00,1772917654663.800,0.698730,-0.359619,0.314209,-20.562500,-16.781250,-1.476562,20201,15830,19428,19877,6,0.450000,-0.550000,0.300000,0.000000,1772917654663.654,0.715083,-0.340819,0.313976,0.000000,0.000000,0.000000,1.000000,position_only
2026-03-07T21:07:34.673619+00:00,1772917654673.618,0.700195,-0.358154,0.314209,-20.609375,-16.812500,-1.492188,20305,16126,19422,19487,6,0.450000,-0.550000,0.300000,0.000000,1772917654672.264,0.710006,-0.345956,0.315098,0.000000,0.000000,0.000000,1.000000,position_only
2026-03-07T21:07:34.682703+00:00,1772917654682.702,0.692871,-0.365479,0.316162,-21.875000,-18.109375,-2.013672,20248,16011,19299,19702,6,0.450000,-0.550000,0.300000,0.000000,1772917654681.079,0.705317,-0.350826,0.316236,0.000000,0.000000,0.000000,1.000000,position_only
2026-03-07T21:07:34.692555+00:00,1772917654692.554,0.687012,-0.371582,0.317871,-23.015625,-19.265625,-2.509766,20300,15916,19334,19672,6,0.450000,-0.550000,0.300000,0.000000,1772917654689.657,0.700743,-0.355596,0.317143,0.000000,0.000000,0.000000,1.000000,position_only
2026-03-07T21:07:34.705616+00:00,1772917654705.615,0.681641,-0.376709,0.319824,-24.343750,-20.593750,-3.128906,20168,16181,19155,19713,6,0.450000,-0.550000,0.300000,0.000000,1772917654698.165,0.696473,-0.360023,0.318080,0.000000,0.000000,0.000000,1.000000,position_only
2026-03-07T21:07:34.713466+00:00,1772917654713.464,0.674316,-0.384033,0.321777,-25.390625,-21.671875,-3.660156,20311,15940,19363,19620,6,0.450000,-0.550000,0.300000,0.000000,1772917654706.742,0.692386,-0.363951,0.319179,0.000000,0.000000,0.000000,1.000000,position_only
2026-03-07T21:07:34.722553+00:00,1772917654722.552,0.671387,-0.386963,0.322998,-26.375000,-22.625000,-4.148438,20290,16204,19378,19445,6,0.450000,-0.550000,0.300000,0.000000,1772917654715.256,0.688547,-0.367539,0.320163,0.000000,0.000000,0.000000,1.000000,position_only
2026-03-07T21:07:34.731726+00:00,1772917654731.726,0.666992,-0.391113,0.324463,-27.312500,-23.531250,-4.632812,20348,16125,19502,19448,6,0.450000,-0.550000,0.300000,0.000000,1772917654723.704,0.685031,-0.370822,0.321046,0.000000,0.000000,0.000000,1.000000,position_only
2026-03-07T21:07:34.744092+00:00,1772917654744.091,0.663574,-0.394287,0.325684,-28.078125,-24.281250,-5.027344,20166,16627,19463,19292,6,0.450000,-0.550000,0.300000,0.000000,1772917654741.000,0.678899,-0.376622,0.322611,0.000000,0.000000,0.000000,1.000000,position_only
2026-03-07T21:07:34.755217+00:00,1772917654755.216,0.660156,-0.397461,0.326660,-28.750000,-24.890625,-5.371094,20066,16810,19380,19427,6,0.450000,-0.550000,0.300000,0.000000,1772917654749.700,0.676255,-0.378990,0.323254,0.000000,0.000000,0.000000,1.000000,position_only
2026-03-07T21:07:34.762345+00:00,1772917654762.344,0.656738,-0.400146,0.327881,-29.359375,-25.453125,-5.703125,20172,16818,19536,19324,6,0.450000,-0.550000,0.300000,0.000000,1772917654758.503,0.673926,-0.380929,0.323771,0.000000,0.000000,0.000000,1.000000,position_only
2026-03-07T21:07:34.774415+00:00,1772917654774.415,0.654785,-0.402100,0.328613,-29.843750,-25.906250,-5.960938,20177,17170,19655,19047,6,0.450000,-0.550000,0.300000,0.000000,1772917654766.985,0.671866,-0.382693,0.324324,0.000000,0.000000,0.000000,1.000000,position_only
2026-03-07T21:07:34.783041+00:00,1772917654783.040,0.654297,-0.401855,0.328857,-30.250000,-26.281250,-6.160156,20452,17046,19914,18881,6,0.450000,-0.550000,0.300000,0.000000,1772917654775.517,0.670146,-0.384024,0.324757,0.000000,0.000000,0.000000,1.000000,position_only
2026-03-07T21:07:34.793484+00:00,1772917654793.483,0.652832,-0.402832,0.329346,-30.515625,-26.578125,-6.285156,20167,17650,19700,19026,6,0.450000,-0.550000,0.300000,0.000000,1772917654792.711,0.666736,-0.386107,0.325493,0.000000,0.000000,0.000000,1.000000,position_only
2026-03-07T21:07:34.801935+00:00,1772917654801.934,0.652344,-0.403076,0.329590,-30.656250,-26.750000,-6.355469,20361,17675,19808,18936,6,0.450000,-0.550000,0.300000,0.000000,1772917654801.233,0.666234,-0.386042,0.325531,0.000000,0.000000,0.000000,1.000000,position_only
2026-03-07T21:07:34.813610+00:00,1772917654813.610,0.651855,-0.402588,0.329590,-30.687500,-26.875000,-6.382812,20393,18019,19886,18517,6,0.450000,-0.550000,0.300000,0.000000,1772917654809.743,0.666033,-0.385796,0.325452,0.000000,0.000000,0.000000,1.000000,position_only
2026-03-07T21:07:34.824455+00:00,1772917654824.455,0.653320,-0.400146,0.329102,-30.671875,-26.968750,-6.394531,20611,17951,19940,18836,6,0.450000,-0.550000,0.300000,0.000000,1772917654818.219,0.666132,-0.385141,0.325202,0.000000,0.000000,0.000000,1.000000,position_only
2026-03-07T21:07:34.835155+00:00,1772917654835.155,0.653320,-0.400146,0.329102,-30.671875,-26.968750,-6.394531,20401,18317,19758,18867,6,0.450000,-0.550000,0.300000,0.000000,1772917654826.743,0.666132,-0.385141,0.325202,0.000000,0.000000,0.000000,1.000000,position_only
2026-03-07T21:07:34.844335+00:00,1772917654844.335,0.655273,-0.397461,0.328369,-30.578125,-27.015625,-6.375000,20495,18462,19828,18867,6,0.450000,-0.550000,0.300000,0.000000,1772917654843.880,0.668324,-0.381243,0.323935,0.000000,0.000000,0.000000,1.000000,position_only
2026-03-07T21:07:34.853687+00:00,1772917654853.686,0.656738,-0.395264,0.327881,-30.406250,-27.015625,-6.332031,20724,18413,20005,18778,6,0.450000,-0.550000,0.300000,0.000000,1772917654852.375,0.669657,-0.379419,0.323342,0.000000,0.000000,0.000000,1.000000,position_only
2026-03-07T21:07:34.863536+00:00,1772917654863.535,0.659180,-0.392334,0.327148,-30.125000,-26.953125,-6.230469,20734,18285,20086,19105,6,0.450000,-0.550000,0.300000,0.000000,1772917654860.817,0.671361,-0.377264,0.322579,0.000000,0.000000,0.000000,1.000000,position_only
2026-03-07T21:07:34.873670+00:00,1772917654873.670,0.661621,-0.389160,0.326172,-29.828125,-26.875000,-6.128906,20768,18290,20166,19254,6,0.450000,-0.550000,0.300000,0.000000,1772917654869.497,0.673323,-0.374657,0.321773,0.000000,0.000000,0.000000,1.000000,position_only
2026-03-07T21:07:34.885210+00:00,1772917654885.210,0.665039,-0.385254,0.324951,-29.453125,-26.734375,-5.968750,20826,18103,20307,19539,6,0.450000,-0.550000,0.300000,0.000000,1772917654878.037,0.675644,-0.371724,0.320955,0.000000,0.000000,0.000000,1.000000,position_only
2026-03-07T21:07:34.892048+00:00,1772917654892.048,0.668457,-0.380859,0.323730,-29.062500,-26.546875,-5.792969,20877,18156,20379,19616,6,0.450000,-0.550000,0.300000,0.000000,1772917654886.529,0.678284,-0.368526,0.320002,0.000000,0.000000,0.000000,1.000000,position_only
2026-03-07T21:07:34.903375+00:00,1772917654903.375,0.673340,-0.375244,0.322266,-28.656250,-26.343750,-5.601562,20837,18286,20482,19686,6,0.450000,-0.550000,0.300000,0.000000,1772917654895.012,0.681143,-0.364899,0.319001,0.000000,0.000000,0.000000,1.000000,position_only
2026-03-07T21:07:34.913326+00:00,1772917654913.325,0.677734,-0.369629,0.320557,-28.125000,-26.031250,-5.339844,20716,18328,20437,20065,6,0.450000,-0.550000,0.300000,0.000000,1772917654911.978,0.687880,-0.356982,0.316819,0.000000,0.000000,0.000000,1.000000,position_only
2026-03-07T21:07:34.923256+00:00,1772917654923.255,0.684082,-0.362793,0.318848,-27.453125,-25.578125,-5.003906,20772,18498,20545,20002,6,0.450000,-0.550000,0.300000,0.000000,1772917654920.474,0.691644,-0.352415,0.315701,0.000000,0.000000,0.000000,1.000000,position_only
2026-03-07T21:07:34.934441+00:00,1772917654934.440,0.689941,-0.355713,0.316895,-26.718750,-25.062500,-4.640625,20876,18435,20825,19908,6,0.450000,-0.550000,0.300000,0.000000,1772917654928.979,0.695801,-0.347737,0.314322,0.000000,0.000000,0.000000,1.000000,position_only
2026-03-07T21:07:34.943677+00:00,1772917654943.677,0.695801,-0.349121,0.315186,-25.953125,-24.468750,-4.242188,20761,18857,20748,19871,6,0.450000,-0.550000,0.300000,0.000000,1772917654937.463,0.700115,-0.342621,0.313163,0.000000,0.000000,0.000000,1.000000,position_only
2026-03-07T21:07:34.953676+00:00,1772917654953.676,0.696289,-0.348633,0.314941,-25.968750,-24.484375,-4.242188,20793,18893,20823,19741,6,0.450000,-0.550000,0.300000,0.000000,1772917654945.959,0.704629,-0.337266,0.312072,0.000000,0.000000,0.000000,1.000000,position_only
2026-03-07T21:07:34.963547+00:00,1772917654963.546,0.709961,-0.333008,0.311279,-23.937500,-22.875000,-3.275391,20744,19368,20824,19621,6,0.450000,-0.550000,0.300000,0.000000,1772917654962.970,0.714596,-0.325873,0.309605,0.000000,0.000000,0.000000,1.000000,position_only
2026-03-07T21:07:34.974540+00:00,1772917654974.539,0.717285,-0.324951,0.309326,-22.750000,-21.906250,-2.751953,20816,19802,20800,19240,6,0.450000,-0.550000,0.300000,0.000000,1772917654971.701,0.719857,-0.319474,0.308643,0.000000,0.000000,0.000000,1.000000,position_only
2026-03-07T21:07:34.983955+00:00,1772917654983.954,0.725586,-0.315674,0.307373,-21.312500,-20.750000,-2.164062,20719,20030,20582,19395,6,0.450000,-0.550000,0.300000,0.000000,1772917654980.393,0.725390,-0.313225,0.307540,0.000000,0.000000,0.000000,1.000000,position_only
2026-03-07T21:07:34.993011+00:00,1772917654993.011,0.733398,-0.306885,0.305664,-19.890625,-19.593750,-1.637695,20979,20158,20693,18922,6,0.450000,-0.550000,0.300000,0.000000,1772917654988.874,0.731226,-0.306656,0.306470,0.000000,0.000000,0.000000,1.000000,position_only
2026-03-07T21:07:35.004272+00:00,1772917655004.271,0.733398,-0.306885,0.305664,-19.890625,-19.578125,-1.629883,21241,19927,20830,18748,6,0.450000,-0.550000,0.300000,0.000000,1772917654997.399,0.737192,-0.299924,0.305382,0.000000,0.000000,0.000000,1.000000,position_only
2026-03-07T21:07:35.014777+00:00,1772917655014.776,0.750488,-0.287354,0.302490,-16.593750,-16.968750,-0.546387,20981,20555,20433,18703,6,0.450000,-0.550000,0.300000,0.000000,1772917655006.174,0.743399,-0.292952,0.304414,0.000000,0.000000,0.000000,1.000000,position_only
2026-03-07T21:07:35.023907+00:00,1772917655023.907,0.750488,-0.287354,0.302490,-16.593750,-16.968750,-0.546387,20959,20463,20369,18873,6,0.450000,-0.550000,0.300000,0.000000,1772917655023.356,0.756379,-0.278640,0.302270,0.000000,0.000000,0.000000,1.000000,position_only
2026-03-07T21:07:35.033375+00:00,1772917655033.375,0.760254,-0.276855,0.301025,-14.765625,-15.476562,-0.041992,21160,20434,20500,18479,6,0.450000,-0.550000,0.300000,0.000000,1772917655031.918,0.763145,-0.271195,0.301402,0.000000,0.000000,0.000000,1.000000,position_only
2026-03-07T21:07:35.045004+00:00,1772917655045.003,0.769043,-0.267090,0.299805,-13.085938,-14.101562,0.383057,21159,20593,20489,18221,6,0.450000,-0.550000,0.300000,0.000000,1772917655040.700,0.769927,-0.263621,0.300675,0.000000,0.000000,0.000000,1.000000,position_only
2026-03-07T21:07:35.054982+00:00,1772917655054.981,0.778320,-0.256104,0.298584,-11.195312,-12.523438,0.818848,21020,20499,20433,18350,6,0.450000,-0.550000,0.300000,0.000000,1772917655049.262,0.776918,-0.255951,0.300095,0.000000,0.000000,0.000000,1.000000,position_only
2026-03-07T21:07:35.063358+00:00,1772917655063.358,0.788086,-0.245728,0.297607,-9.515625,-11.062500,1.171875,20935,20640,20402,18133,6,0.450000,-0.550000,0.300000,0.000000,1772917655057.758,0.783877,-0.248032,0.299553,0.000000,0.000000,0.000000,1.000000,position_only
2026-03-07T21:07:35.074677+00:00,1772917655074.677,0.797852,-0.234985,0.296875,-7.851562,-9.570312,1.472656,20795,20544,20323,18250,6,0.450000,-0.550000,0.300000,0.000000,1772917655066.267,0.790905,-0.240111,0.299085,0.000000,0.000000,0.000000,1.000000,position_only
2026-03-07T21:07:35.083401+00:00,1772917655083.401,0.808105,-0.223877,0.296387,-5.996094,-7.863281,1.767578,20751,20545,20391,17946,6,0.450000,-0.550000,0.300000,0.000000,1772917655075.117,0.798357,-0.232093,0.298616,0.000000,0.000000,0.000000,1.000000,position_only
2026-03-07T21:07:35.093705+00:00,1772917655093.705,0.817383,-0.213623,0.295898,-4.355469,-6.285156,1.993164,20555,20456,20304,18067,6,0.450000,-0.550000,0.300000,0.000000,1772917655092.087,0.813115,-0.215953,0.298089,0.000000,0.000000,0.000000,1.000000,position_only
2026-03-07T21:07:35.112454+00:00,1772917655112.454,0.827637,-0.202515,0.295654,-2.587891,-4.523438,2.189453,20618,20369,20393,17710,6,0.450000,-0.550000,0.300000,0.000000,1772917655109.320,0.835074,-0.191668,0.298489,0.000000,0.000000,0.000000,1.000000,position_only
2026-03-07T21:07:35.114956+00:00,1772917655114.956,0.836914,-0.192627,0.295898,-0.999023,-2.910156,2.326172,20454,20509,20310,17544,6,0.450000,-0.550000,0.300000,0.000000,1772917655109.320,0.835074,-0.191668,0.298489,0.000000,0.000000,0.000000,1.000000,position_only
2026-03-07T21:07:35.124793+00:00,1772917655124.792,0.846680,-0.181396,0.296143,0.701660,-1.137695,2.431641,20364,20317,20195,17608,6,0.450000,-0.550000,0.300000,0.000000,1772917655117.911,0.842500,-0.183685,0.298728,0.000000,0.000000,0.000000,1.000000,position_only
2026-03-07T21:07:35.134762+00:00,1772917655134.762,0.856934,-0.170654,0.296875,2.207031,0.423096,2.476562,20253,20404,20019,17512,6,0.450000,-0.550000,0.300000,0.000000,1772917655126.419,0.849853,-0.175766,0.299185,0.000000,0.000000,0.000000,1.000000,position_only
2026-03-07T21:07:35.143708+00:00,1772917655143.708,0.867676,-0.159058,0.297363,3.845703,2.117188,2.470703,20164,20329,19934,17445,6,0.450000,-0.550000,0.300000,0.000000,1772917655143.529,0.864317,-0.160063,0.300142,0.000000,0.000000,0.000000,1.000000,position_only
2026-03-07T21:07:35.153474+00:00,1772917655153.473,0.877930,-0.148193,0.298340,5.324219,3.628906,2.423828,20284,20143,19974,17177,6,0.450000,-0.550000,0.300000,0.000000,1772917655152.030,0.864317,-0.160063,0.300142,0.000000,0.000000,0.000000,1.000000,position_only
2026-03-07T21:07:35.163277+00:00,1772917655163.276,0.887207,-0.138184,0.299316,6.796875,5.117188,2.349609,20311,20128,19990,16887,6,0.450000,-0.550000,0.300000,0.000000,1772917655160.521,0.878486,-0.144881,0.301608,0.000000,0.000000,0.000000,1.000000,position_only
2026-03-07T21:07:35.176182+00:00,1772917655176.182,0.897949,-0.126831,0.300781,8.390625,6.707031,2.232422,20092,20100,19773,17062,6,0.450000,-0.550000,0.300000,0.000000,1772917655169.296,0.885459,-0.137374,0.302290,0.000000,0.000000,0.000000,1.000000,position_only
2026-03-07T21:07:35.184569+00:00,1772917655184.568,0.906738,-0.117065,0.302002,9.828125,8.140625,2.078125,20021,20176,19718,16865,6,0.450000,-0.550000,0.300000,0.000000,1772917655177.758,0.892187,-0.130120,0.303148,0.000000,0.000000,0.000000,1.000000,position_only
2026-03-07T21:07:35.193563+00:00,1772917655193.562,0.915039,-0.107971,0.303467,11.414062,9.742188,1.870117,20091,19861,19874,16718,6,0.450000,-0.550000,0.300000,0.000000,1772917655186.278,0.898847,-0.122954,0.304143,0.000000,0.000000,0.000000,1.000000,position_only
2026-03-07T21:07:35.202677+00:00,1772917655202.677,0.924316,-0.098572,0.304932,12.781250,11.117188,1.661133,19941,20054,19784,16552,6,0.450000,-0.550000,0.300000,0.000000,1772917655194.841,0.905395,-0.116121,0.305052,0.000000,0.000000,0.000000,1.000000,position_only
2026-03-07T21:07:35.214835+00:00,1772917655214.834,0.933594,-0.088684,0.306885,14.273438,12.617188,1.387695,19845,19985,19661,16632,6,0.450000,-0.550000,0.300000,0.000000,1772917655211.763,0.917773,-0.102936,0.307240,0.000000,0.000000,0.000000,1.000000,position_only
2026-03-07T21:07:35.224026+00:00,1772917655224.026,0.941406,-0.080383,0.308350,15.625000,13.968750,1.108398,19777,20081,19698,16406,6,0.450000,-0.550000,0.300000,0.000000,1772917655220.250,0.923675,-0.096620,0.308285,0.000000,0.000000,0.000000,1.000000,position_only
2026-03-07T21:07:35.237406+00:00,1772917655237.406,0.948242,-0.073120,0.310059,17.125000,15.453125,0.753418,19791,19725,19702,16749,6,0.450000,-0.550000,0.300000,0.000000,1772917655228.768,0.929383,-0.090627,0.309335,0.000000,0.000000,0.000000,1.000000,position_only
2026-03-07T21:07:35.244571+00:00,1772917655244.571,0.948242,-0.073120,0.310059,17.125000,15.453125,0.753418,19800,19732,19659,16641,6,0.450000,-0.550000,0.300000,0.000000,1772917655237.455,0.934981,-0.084807,0.310241,0.000000,0.000000,0.000000,1.000000,position_only
2026-03-07T21:07:35.256038+00:00,1772917655256.037,0.956055,-0.064819,0.312012,18.671875,16.968750,0.354492,19754,19988,19557,16425,6,0.450000,-0.550000,0.300000,0.000000,1772917655254.530,0.945525,-0.073983,0.312360,0.000000,0.000000,0.000000,1.000000,position_only
2026-03-07T21:07:35.263046+00:00,1772917655263.046,0.962891,-0.058014,0.313721,19.921875,18.140625,0.005161,19714,19829,19465,16651,6,0.450000,-0.550000,0.300000,0.000000,1772917655254.530,0.945525,-0.073983,0.312360,0.000000,0.000000,0.000000,1.000000,position_only
2026-03-07T21:07:35.273303+00:00,1772917655273.303,0.969727,-0.051025,0.315430,21.234375,19.359375,-0.388916,19737,19891,19401,16591,6,0.450000,-0.550000,0.300000,0.000000,1772917655271.705,0.955019,-0.064205,0.314369,0.000000,0.000000,0.000000,1.000000,position_only
2026-03-07T21:07:35.285363+00:00,1772917655285.362,0.977051,-0.043365,0.317139,22.593750,20.546875,-0.813965,19919,19517,19522,16650,6,0.450000,-0.550000,0.300000,0.000000,1772917655280.378,0.959113,-0.059932,0.315413,0.000000,0.000000,0.000000,1.000000,position_only
2026-03-07T21:07:35.295282+00:00,1772917655295.281,0.980957,-0.039246,0.318359,23.703125,21.500000,-1.167969,19806,19710,19399,16750,6,0.450000,-0.550000,0.300000,0.000000,1772917655288.975,0.963247,-0.055724,0.316281,0.000000,0.000000,0.000000,1.000000,position_only
2026-03-07T21:07:35.304615+00:00,1772917655304.615,0.987793,-0.032471,0.320068,24.734375,22.359375,-1.514648,19741,19785,19319,16869,6,0.450000,-0.550000,0.300000,0.000000,1772917655297.547,0.967023,-0.052018,0.317164,0.000000,0.000000,0.000000,1.000000,position_only
2026-03-07T21:07:35.314936+00:00,1772917655314.936,0.990723,-0.029831,0.321045,25.671875,23.140625,-1.852539,19793,19636,19303,17115,6,0.450000,-0.550000,0.300000,0.000000,1772917655306.385,0.970883,-0.048326,0.317785,0.000000,0.000000,0.000000,1.000000,position_only
2026-03-07T21:07:35.324703+00:00,1772917655324.703,0.994629,-0.025833,0.322021,26.562500,23.843750,-2.177734,19889,19572,19408,17118,6,0.450000,-0.550000,0.300000,0.000000,1772917655323.520,0.977128,-0.042191,0.319304,0.000000,0.000000,0.000000,1.000000,position_only
2026-03-07T21:07:35.334748+00:00,1772917655334.747,0.998047,-0.022491,0.322998,27.265625,24.406250,-2.439453,19799,19429,19414,17504,6,0.450000,-0.550000,0.300000,0.000000,1772917655332.036,0.980084,-0.039591,0.319810,0.000000,0.000000,0.000000,1.000000,position_only
2026-03-07T21:07:35.343794+00:00,1772917655343.793,1.001953,-0.019363,0.323730,27.906250,24.953125,-2.703125,19829,19516,19479,17514,6,0.450000,-0.550000,0.300000,0.000000,1772917655340.662,0.982517,-0.037254,0.320432,0.000000,0.000000,0.000000,1.000000,position_only
2026-03-07T21:07:35.353404+00:00,1772917655353.403,1.003906,-0.017273,0.324463,28.406250,25.390625,-2.923828,19890,19229,19576,17844,6,0.450000,-0.550000,0.300000,0.000000,1772917655349.292,0.984885,-0.035293,0.320690,0.000000,0.000000,0.000000,1.000000,position_only
2026-03-07T21:07:35.365031+00:00,1772917655365.030,1.002930,-0.018631,0.324219,28.453125,25.421875,-2.947266,19956,19000,19738,17881,6,0.450000,-0.550000,0.300000,0.000000,1772917655357.788,0.986647,-0.033653,0.321085,0.000000,0.000000,0.000000,1.000000,position_only
2026-03-07T21:07:35.373668+00:00,1772917655373.667,1.005859,-0.015671,0.324707,29.171875,26.140625,-3.296875,19996,19358,19804,17880,6,0.450000,-0.550000,0.300000,0.000000,1772917655366.281,0.988179,-0.032450,0.321234,0.000000,0.000000,0.000000,1.000000,position_only
2026-03-07T21:07:35.383470+00:00,1772917655383.469,1.004883,-0.016800,0.324463,29.203125,26.171875,-3.316406,19864,19102,19671,18434,6,0.450000,-0.550000,0.300000,0.000000,1772917655375.224,0.989963,-0.031378,0.321131,0.000000,0.000000,0.000000,1.000000,position_only
2026-03-07T21:07:35.395484+00:00,1772917655395.484,1.007812,-0.014977,0.324463,29.531250,26.625000,-3.533203,20073,19292,19836,18346,6,0.450000,-0.550000,0.300000,0.000000,1772917655392.269,0.991510,-0.030522,0.321050,0.000000,0.000000,0.000000,1.000000,position_only
2026-03-07T21:07:35.406092+00:00,1772917655406.091,1.006836,-0.016144,0.324463,29.578125,26.656250,-3.554688,20146,18861,19891,18681,6,0.450000,-0.550000,0.300000,0.000000,1772917655400.999,0.992161,-0.030930,0.320573,0.000000,0.000000,0.000000,1.000000,position_only
2026-03-07T21:07:35.413447+00:00,1772917655413.446,1.006836,-0.016693,0.323975,29.640625,26.796875,-3.619141,20379,18803,20095,18589,6,0.450000,-0.550000,0.300000,0.000000,1772917655409.749,0.992249,-0.031579,0.320214,0.000000,0.000000,0.000000,1.000000,position_only
2026-03-07T21:07:35.426340+00:00,1772917655426.339,1.006836,-0.017853,0.323486,29.640625,26.875000,-3.642578,20198,18890,19887,19154,6,0.450000,-0.550000,0.300000,0.000000,1772917655418.238,0.991966,-0.032572,0.319746,0.000000,0.000000,0.000000,1.000000,position_only
2026-03-07T21:07:35.435088+00:00,1772917655435.087,1.005859,-0.019592,0.322754,29.562500,26.906250,-3.632812,20319,18973,20011,19121,6,0.450000,-0.550000,0.300000,0.000000,1772917655426.699,0.991092,-0.034104,0.319107,0.000000,0.000000,0.000000,1.000000,position_only
2026-03-07T21:07:35.443617+00:00,1772917655443.617,1.002930,-0.022873,0.321533,29.468750,26.906250,-3.626953,20347,19122,20086,19162,6,0.450000,-0.550000,0.300000,0.000000,1772917655435.299,0.990210,-0.035713,0.318463,0.000000,0.000000,0.000000,1.000000,position_only
2026-03-07T21:07:35.453624+00:00,1772917655453.623,1.000977,-0.025787,0.320312,29.265625,26.843750,-3.576172,20473,19221,20148,19171,6,0.450000,-0.550000,0.300000,0.000000,1772917655452.294,0.987553,-0.040177,0.316570,0.000000,0.000000,0.000000,1.000000,position_only
2026-03-07T21:07:35.465474+00:00,1772917655465.472,0.998535,-0.029037,0.319336,29.046875,26.750000,-3.509766,20370,19450,20162,19303,6,0.450000,-0.550000,0.300000,0.000000,1772917655460.773,0.985624,-0.042896,0.315624,0.000000,0.000000,0.000000,1.000000,position_only
2026-03-07T21:07:35.476794+00:00,1772917655476.793,0.995605,-0.033234,0.317627,28.765625,26.625000,-3.431641,20663,19418,20398,19106,6,0.450000,-0.550000,0.300000,0.000000,1772917655469.263,0.983347,-0.046074,0.314543,0.000000,0.000000,0.000000,1.000000,position_only
2026-03-07T21:07:35.486075+00:00,1772917655486.074,0.992188,-0.037659,0.316162,28.453125,26.484375,-3.339844,20665,19576,20392,19216,6,0.450000,-0.550000,0.300000,0.000000,1772917655477.767,0.980736,-0.049451,0.313476,0.000000,0.000000,0.000000,1.000000,position_only
2026-03-07T21:07:35.494425+00:00,1772917655494.424,0.987793,-0.043335,0.314453,28.140625,26.343750,-3.242188,20763,19633,20531,19193,6,0.450000,-0.550000,0.300000,0.000000,1772917655486.345,0.978304,-0.053082,0.312153,0.000000,0.000000,0.000000,1.000000,position_only
2026-03-07T21:07:35.505811+00:00,1772917655505.811,0.982910,-0.049042,0.312500,27.687500,26.109375,-3.093750,20747,19742,20491,19404,6,0.450000,-0.550000,0.300000,0.000000,1772917655503.370,0.971295,-0.061477,0.309872,0.000000,0.000000,0.000000,1.000000,position_only
2026-03-07T21:07:35.514939+00:00,1772917655514.938,0.978516,-0.054718,0.310791,27.218750,25.859375,-2.941406,20717,19890,20494,19507,6,0.450000,-0.550000,0.300000,0.000000,1772917655511.829,0.967879,-0.066072,0.308369,0.000000,0.000000,0.000000,1.000000,position_only
2026-03-07T21:07:35.524055+00:00,1772917655524.054,0.973145,-0.061188,0.308838,26.718750,25.562500,-2.781250,20807,19803,20656,19564,6,0.450000,-0.550000,0.300000,0.000000,1772917655520.402,0.964285,-0.071052,0.306870,0.000000,0.000000,0.000000,1.000000,position_only
2026-03-07T21:07:35.535454+00:00,1772917655535.454,0.967285,-0.068054,0.306885,26.125000,25.218750,-2.591797,20928,19624,20778,19708,6,0.450000,-0.550000,0.300000,0.000000,1772917655528.886,0.960020,-0.076266,0.305560,0.000000,0.000000,0.000000,1.000000,position_only
2026-03-07T21:07:35.545317+00:00,1772917655545.315,0.960938,-0.075867,0.304688,25.453125,24.828125,-2.376953,20904,19710,20746,19874,6,0.450000,-0.550000,0.300000,0.000000,1772917655537.462,0.955600,-0.081810,0.304173,0.000000,0.000000,0.000000,1.000000,position_only
2026-03-07T21:07:35.554595+00:00,1772917655554.594,0.954590,-0.083740,0.302490,24.609375,24.281250,-2.105469,20966,19610,20763,20080,6,0.450000,-0.550000,0.300000,0.000000,1772917655554.532,0.945603,-0.093763,0.301311,0.000000,0.000000,0.000000,1.000000,position_only
2026-03-07T21:07:35.565692+00:00,1772917655565.691,0.947266,-0.091919,0.300537,23.765625,23.718750,-1.834961,21054,19602,20807,20086,6,0.450000,-0.550000,0.300000,0.000000,1772917655563.081,0.940230,-0.099990,0.299901,0.000000,0.000000,0.000000,1.000000,position_only
2026-03-07T21:07:35.575331+00:00,1772917655575.330,0.939941,-0.100647,0.298340,22.906250,23.093750,-1.555664,20984,19614,20669,20412,6,0.450000,-0.550000,0.300000,0.000000,1772917655571.638,0.934669,-0.106677,0.298464,0.000000,0.000000,0.000000,1.000000,position_only
2026-03-07T21:07:35.584917+00:00,1772917655584.915,0.932129,-0.109741,0.296387,21.984375,22.406250,-1.269531,21005,19598,20568,20613,6,0.450000,-0.550000,0.300000,0.000000,1772917655580.240,0.928948,-0.113678,0.296950,0.000000,0.000000,0.000000,1.000000,position_only
2026-03-07T21:07:35.595323+00:00,1772917655595.322,0.924316,-0.119080,0.294189,21.031250,21.625000,-0.974609,21234,19371,20691,20563,6,0.450000,-0.550000,0.300000,0.000000,1772917655588.732,0.922825,-0.120868,0.295577,0.000000,0.000000,0.000000,1.000000,position_only
2026-03-07T21:07:35.605729+00:00,1772917655605.729,0.916016,-0.128662,0.292480,20.031250,20.796875,-0.658691,21403,19174,20828,20477,6,0.450000,-0.550000,0.300000,0.000000,1772917655597.226,0.916414,-0.128227,0.294284,0.000000,0.000000,0.000000,1.000000,position_only
2026-03-07T21:07:35.615705+00:00,1772917655615.704,0.906738,-0.139282,0.290283,18.890625,19.828125,-0.302979,21405,19084,20808,20589,6,0.450000,-0.550000,0.300000,0.000000,1772917655614.586,0.903187,-0.143622,0.291617,0.000000,0.000000,0.000000,1.000000,position_only
2026-03-07T21:07:35.624926+00:00,1772917655624.925,0.897461,-0.149902,0.288330,17.859375,18.921875,0.001369,21248,19194,20628,20810,6,0.450000,-0.550000,0.300000,0.000000,1772917655623.161,0.896217,-0.151696,0.290405,0.000000,0.000000,0.000000,1.000000,position_only
2026-03-07T21:07:35.634387+00:00,1772917655634.385,0.886719,-0.161865,0.286377,16.687500,17.859375,0.316650,21220,19122,20569,20930,6,0.450000,-0.550000,0.300000,0.000000,1772917655631.648,0.888892,-0.159848,0.289339,0.000000,0.000000,0.000000,1.000000,position_only
2026-03-07T21:07:35.645862+00:00,1772917655645.862,0.876953,-0.172729,0.284912,15.593750,16.859375,0.590332,21217,19002,20613,20932,6,0.450000,-0.550000,0.300000,0.000000,1772917655640.210,0.881472,-0.168317,0.288264,0.000000,0.000000,0.000000,1.000000,position_only
2026-03-07T21:07:35.656318+00:00,1772917655656.317,0.867188,-0.183838,0.283447,14.468750,15.820312,0.851562,21073,18989,20495,21098,6,0.450000,-0.550000,0.300000,0.000000,1772917655648.820,0.874026,-0.176997,0.287206,0.000000,0.000000,0.000000,1.000000,position_only
2026-03-07T21:07:35.664876+00:00,1772917655664.875,0.857910,-0.194336,0.282471,13.304688,14.742188,1.095703,21118,18767,20626,20978,6,0.450000,-0.550000,0.300000,0.000000,1772917655657.419,0.866253,-0.185801,0.286345,0.000000,0.000000,0.000000,1.000000,position_only
2026-03-07T21:07:35.674035+00:00,1772917655674.033,0.847656,-0.206299,0.281250,12.164062,13.710938,1.310547,21031,18712,20610,20976,6,0.450000,-0.550000,0.300000,0.000000,1772917655666.003,0.858392,-0.194700,0.285463,0.000000,0.000000,0.000000,1.000000,position_only
2026-03-07T21:07:35.685478+00:00,1772917655685.477,0.836426,-0.218262,0.280273,11.000000,12.664062,1.509766,20967,18624,20641,20917,6,0.450000,-0.550000,0.300000,0.000000,1772917655683.299,0.841927,-0.212891,0.284289,0.000000,0.000000,0.000000,1.000000,position_only
2026-03-07T21:07:35.695329+00:00,1772917655695.329,0.824707,-0.231567,0.279297,9.718750,11.531250,1.702148,20729,18653,20498,21044,6,0.450000,-0.550000,0.300000,0.000000,1772917655691.870,0.833737,-0.222101,0.283772,0.000000,0.000000,0.000000,1.000000,position_only
2026-03-07T21:07:35.707343+00:00,1772917655707.343,0.813965,-0.243408,0.278809,8.531250,10.492188,1.844727,20722,18420,20584,20968,6,0.450000,-0.550000,0.300000,0.000000,1772917655700.403,0.825307,-0.231407,0.283315,0.000000,0.000000,0.000000,1.000000,position_only
2026-03-07T21:07:35.715056+00:00,1772917655715.054,0.814941,-0.242554,0.279053,8.507812,10.468750,1.849609,20888,18192,20727,20854,6,0.450000,-0.550000,0.300000,0.000000,1772917655708.953,0.816585,-0.240876,0.282941,0.000000,0.000000,0.000000,1.000000,position_only
2026-03-07T21:07:35.725442+00:00,1772917655725.442,0.804199,-0.254150,0.278809,7.292969,9.406250,1.981445,20683,18178,20626,20930,6,0.450000,-0.550000,0.300000,0.000000,1772917655717.519,0.799049,-0.259954,0.282878,0.000000,0.000000,0.000000,1.000000,position_only
2026-03-07T21:07:35.734609+00:00,1772917655734.608,0.778809,-0.281982,0.278564,4.792969,7.234375,2.189453,20667,17781,20661,20743,6,0.450000,-0.550000,0.300000,0.000000,1772917655734.543,0.781402,-0.279194,0.283151,0.000000,0.000000,0.000000,1.000000,position_only
2026-03-07T21:07:35.745091+00:00,1772917655745.091,0.778809,-0.281738,0.278809,4.785156,7.222656,2.191406,20888,17666,20720,20537,6,0.450000,-0.550000,0.300000,0.000000,1772917655743.021,0.772586,-0.288891,0.283413,0.000000,0.000000,0.000000,1.000000,position_only
2026-03-07T21:07:35.754827+00:00,1772917655754.827,0.766113,-0.295654,0.279053,3.460938,6.050781,2.279297,20581,17744,20403,20763,6,0.450000,-0.550000,0.300000,0.000000,1772917655751.531,0.763354,-0.298492,0.284064,0.000000,0.000000,0.000000,1.000000,position_only
2026-03-07T21:07:35.767564+00:00,1772917655767.564,0.741211,-0.322754,0.280518,1.055664,3.785156,2.361328,20682,17483,20422,20590,6,0.450000,-0.550000,0.300000,0.000000,1772917655760.166,0.754471,-0.307991,0.284648,0.000000,0.000000,0.000000,1.000000,position_only
2026-03-07T21:07:35.777031+00:00,1772917655777.031,0.741211,-0.322754,0.280518,1.055664,3.785156,2.361328,20788,17190,20465,20380,6,0.450000,-0.550000,0.300000,0.000000,1772917655768.702,0.754471,-0.307991,0.284648,0.000000,0.000000,0.000000,1.000000,position_only
2026-03-07T21:07:35.783956+00:00,1772917655783.955,0.729492,-0.334961,0.281250,-0.083252,2.666016,2.376953,20684,17186,20246,20383,6,0.450000,-0.550000,0.300000,0.000000,1772917655777.211,0.736449,-0.327177,0.285951,0.000000,0.000000,0.000000,1.000000,position_only
2026-03-07T21:07:35.796102+00:00,1772917655796.101,0.717285,-0.348145,0.282959,-1.304688,1.425781,2.363281,20595,17070,20073,20359,6,0.450000,-0.550000,0.300000,0.000000,1772917655794.503,0.718567,-0.346017,0.287998,0.000000,0.000000,0.000000,1.000000,position_only
2026-03-07T21:07:35.805826+00:00,1772917655805.826,0.706055,-0.360352,0.284180,-2.359375,0.311035,2.330078,20774,16667,20164,20148,6,0.450000,-0.550000,0.300000,0.000000,1772917655803.034,0.709758,-0.355224,0.289161,0.000000,0.000000,0.000000,1.000000,position_only
2026-03-07T21:07:35.815700+00:00,1772917655815.699,0.694824,-0.372070,0.285645,-3.400391,-0.823242,2.285156,20572,16713,19818,20304,6,0.450000,-0.550000,0.300000,0.000000,1772917655811.660,0.700836,-0.364522,0.290463,0.000000,0.000000,0.000000,1.000000,position_only
2026-03-07T21:07:35.826531+00:00,1772917655826.530,0.681641,-0.385742,0.287598,-4.488281,-2.048828,2.197266,20372,16681,19635,20328,6,0.450000,-0.550000,0.300000,0.000000,1772917655820.158,0.692024,-0.373771,0.291825,0.000000,0.000000,0.000000,1.000000,position_only
2026-03-07T21:07:35.835116+00:00,1772917655835.116,0.670898,-0.396729,0.289795,-5.496094,-3.181641,2.087891,20360,16478,19559,20241,6,0.450000,-0.550000,0.300000,0.000000,1772917655828.729,0.683348,-0.382681,0.293229,0.000000,0.000000,0.000000,1.000000,position_only
2026-03-07T21:07:35.846328+00:00,1772917655846.327,0.657715,-0.410645,0.291748,-6.507812,-4.347656,1.958984,20247,16362,19413,20272,6,0.450000,-0.550000,0.300000,0.000000,1772917655845.790,0.666179,-0.400458,0.296408,0.000000,0.000000,0.000000,1.000000,position_only
2026-03-07T21:07:35.855516+00:00,1772917655855.516,0.648438,-0.420166,0.294189,-7.503906,-5.476562,1.808594,19978,16408,19192,20380,6,0.450000,-0.550000,0.300000,0.000000,1772917655854.285,0.657763,-0.409067,0.298216,0.000000,0.000000,0.000000,1.000000,position_only
2026-03-07T21:07:35.865320+00:00,1772917655865.320,0.635742,-0.432861,0.296875,-8.500000,-6.601562,1.628906,19807,16265,19137,20395,6,0.450000,-0.550000,0.300000,0.000000,1772917655862.794,0.649508,-0.417428,0.299992,0.000000,0.000000,0.000000,1.000000,position_only
2026-03-07T21:07:35.875875+00:00,1772917655875.874,0.625000,-0.443848,0.299561,-9.421875,-7.593750,1.449219,19694,16165,19054,20378,6,0.450000,-0.550000,0.300000,0.000000,1772917655871.332,0.641296,-0.425789,0.301857,0.000000,0.000000,0.000000,1.000000,position_only
2026-03-07T21:07:35.886724+00:00,1772917655886.723,0.615234,-0.453857,0.302490,-10.460938,-8.687500,1.231445,19554,16008,19065,20335,6,0.450000,-0.550000,0.300000,0.000000,1772917655879.868,0.633109,-0.433921,0.303901,0.000000,0.000000,0.000000,1.000000,position_only
2026-03-07T21:07:35.895715+00:00,1772917655895.714,0.604004,-0.465332,0.305176,-11.320312,-9.546875,1.048828,19363,16072,18993,20281,6,0.450000,-0.550000,0.300000,0.000000,1772917655888.368,0.625268,-0.441906,0.305851,0.000000,0.000000,0.000000,1.000000,position_only
2026-03-07T21:07:35.905560+00:00,1772917655905.559,0.593262,-0.476074,0.308594,-12.390625,-10.570312,0.804688,19343,15863,19013,20196,6,0.450000,-0.550000,0.300000,0.000000,1772917655905.415,0.609808,-0.457214,0.309976,0.000000,0.000000,0.000000,1.000000,position_only
2026-03-07T21:07:35.916233+00:00,1772917655916.232,0.582520,-0.486572,0.311768,-13.289062,-11.406250,0.597168,19303,15976,19015,20106,6,0.450000,-0.550000,0.300000,0.000000,1772917655913.963,0.602324,-0.464563,0.312059,0.000000,0.000000,0.000000,1.000000,position_only
2026-03-07T21:07:35.926192+00:00,1772917655926.192,0.573242,-0.495605,0.314697,-14.070312,-12.125000,0.398682,19146,15863,18797,20153,6,0.450000,-0.550000,0.300000,0.000000,1772917655922.497,0.594938,-0.471730,0.314258,0.000000,0.000000,0.000000,1.000000,position_only
2026-03-07T21:07:35.937475+00:00,1772917655937.475,0.575195,-0.493896,0.314697,-14.117188,-12.171875,0.383545,19244,15921,18925,19872,6,0.450000,-0.550000,0.300000,0.000000,1772917655930.998,0.587834,-0.478653,0.316406,0.000000,0.000000,0.000000,1.000000,position_only
2026-03-07T21:07:35.945075+00:00,1772917655945.075,0.565430,-0.502930,0.317627,-14.921875,-12.929688,0.164673,19102,15986,18801,19870,6,0.450000,-0.550000,0.300000,0.000000,1772917655939.531,0.580967,-0.485433,0.318558,0.000000,0.000000,0.000000,1.000000,position_only
2026-03-07T21:07:35.956173+00:00,1772917655956.172,0.558105,-0.510254,0.320801,-15.601562,-13.570312,-0.024826,19019,16058,18708,19794,6,0.450000,-0.550000,0.300000,0.000000,1772917655948.099,0.574118,-0.492024,0.320828,0.000000,0.000000,0.000000,1.000000,position_only
2026-03-07T21:07:35.965650+00:00,1772917655965.650,0.549316,-0.519043,0.323975,-16.218750,-14.148438,-0.212524,18904,16214,18566,19734,6,0.450000,-0.550000,0.300000,0.000000,1772917655965.237,0.560981,-0.504487,0.325052,0.000000,0.000000,0.000000,1.000000,position_only
2026-03-07T21:07:35.975191+00:00,1772917655975.191,0.541504,-0.526367,0.326660,-16.718750,-14.609375,-0.372803,18940,16217,18599,19539,6,0.450000,-0.550000,0.300000,0.000000,1772917655973.760,0.554681,-0.510376,0.327271,0.000000,0.000000,0.000000,1.000000,position_only
2026-03-07T21:07:35.985216+00:00,1772917655985.216,0.534180,-0.533203,0.329590,-17.125000,-15.007812,-0.515137,18897,16292,18547,19458,6,0.450000,-0.550000,0.300000,0.000000,1772917655982.351,0.548702,-0.515949,0.329374,0.000000,0.000000,0.000000,1.000000,position_only
2026-03-07T21:07:35.997199+00:00,1772917655997.198,0.526855,-0.540039,0.332520,-17.484375,-15.382812,-0.647949,18882,16372,18501,19342,6,0.450000,-0.550000,0.300000,0.000000,1772917655990.825,0.542792,-0.521457,0.331599,0.000000,0.000000,0.000000,1.000000,position_only
2026-03-07T21:07:36.007724+00:00,1772917656007.724,0.519531,-0.546387,0.335449,-17.734375,-15.640625,-0.746094,18911,16458,18382,19252,6,0.450000,-0.550000,0.300000,0.000000,1772917655999.406,0.537116,-0.526728,0.333736,0.000000,0.000000,0.000000,1.000000,position_only
2026-03-07T21:07:36.014747+00:00,1772917656014.746,0.513672,-0.551758,0.338379,-17.953125,-15.921875,-0.853516,18945,16467,18408,19107,6,0.450000,-0.550000,0.300000,0.000000,1772917656007.922,0.531618,-0.531702,0.335860,0.000000,0.000000,0.000000,1.000000,position_only
2026-03-07T21:07:36.025184+00:00,1772917656025.184,0.507812,-0.557129,0.340820,-18.031250,-16.109375,-0.924316,19119,16378,18444,18933,6,0.450000,-0.550000,0.300000,0.000000,1772917656025.041,0.521123,-0.540980,0.340122,0.000000,0.000000,0.000000,1.000000,position_only
2026-03-07T21:07:36.035383+00:00,1772917656035.383,0.501465,-0.562500,0.343750,-18.046875,-16.265625,-0.974121,18992,16576,18211,19052,6,0.450000,-0.550000,0.300000,0.000000,1772917656033.720,0.516238,-0.545356,0.342052,0.000000,0.000000,0.000000,1.000000,position_only
2026-03-07T21:07:36.046028+00:00,1772917656046.028,0.496094,-0.567383,0.346436,-17.968750,-16.375000,-1.017578,19053,16617,18162,18949,6,0.450000,-0.550000,0.300000,0.000000,1772917656042.238,0.511526,-0.549627,0.344002,0.000000,0.000000,0.000000,1.000000,position_only
2026-03-07T21:07:36.055191+00:00,1772917656055.191,0.490234,-0.572754,0.349121,-17.843750,-16.484375,-1.060547,19077,16629,18104,18931,6,0.450000,-0.550000,0.300000,0.000000,1772917656050.926,0.502787,-0.557042,0.347868,0.000000,0.000000,0.000000,1.000000,position_only
2026-03-07T21:07:36.067286+00:00,1772917656067.286,0.485107,-0.576660,0.351562,-17.671875,-16.546875,-1.090820,19142,16682,18015,18864,6,0.450000,-0.550000,0.300000,0.000000,1772917656059.486,0.502787,-0.557042,0.347868,0.000000,0.000000,0.000000,1.000000,position_only
2026-03-07T21:07:36.076464+00:00,1772917656076.463,0.481201,-0.579590,0.354004,-17.484375,-16.656250,-1.129883,19265,16554,18120,18770,6,0.450000,-0.550000,0.300000,0.000000,1772917656068.228,0.494641,-0.563745,0.351672,0.000000,0.000000,0.000000,1.000000,position_only
2026-03-07T21:07:36.085626+00:00,1772917656085.625,0.477295,-0.583008,0.356201,-17.265625,-16.703125,-1.143555,19234,16660,18029,18785,6,0.450000,-0.550000,0.300000,0.000000,1772917656085.549,0.487325,-0.569685,0.355194,0.000000,0.000000,0.000000,1.000000,position_only
2026-03-07T21:07:36.095830+00:00,1772917656095.830,0.472656,-0.586426,0.358887,-16.937500,-16.703125,-1.138672,19295,16660,18020,18699,6,0.450000,-0.550000,0.300000,0.000000,1772917656094.404,0.483992,-0.572245,0.356888,0.000000,0.000000,0.000000,1.000000,position_only
2026-03-07T21:07:36.105096+00:00,1772917656105.096,0.468994,-0.589355,0.361084,-16.625000,-16.703125,-1.125977,19256,16717,18008,18677,6,0.450000,-0.550000,0.300000,0.000000,1772917656103.203,0.480846,-0.574746,0.358700,0.000000,0.000000,0.000000,1.000000,position_only
2026-03-07T21:07:36.117928+00:00,1772917656117.927,0.465088,-0.592285,0.363525,-16.265625,-16.640625,-1.104492,19165,16903,17924,18650,6,0.450000,-0.550000,0.300000,0.000000,1772917656111.705,0.477896,-0.576911,0.360300,0.000000,0.000000,0.000000,1.000000,position_only
2026-03-07T21:07:36.125552+00:00,1772917656125.552,0.466064,-0.591309,0.363281,-16.296875,-16.656250,-1.114258,19267,16826,18125,18445,6,0.450000,-0.550000,0.300000,0.000000,1772917656120.238,0.475143,-0.578967,0.361924,0.000000,0.000000,0.000000,1.000000,position_only
2026-03-07T21:07:36.136172+00:00,1772917656136.172,0.463135,-0.593262,0.365234,-15.921875,-16.562500,-1.078125,19201,16889,18131,18442,6,0.450000,-0.550000,0.300000,0.000000,1772917656128.779,0.472580,-0.580798,0.363549,0.000000,0.000000,0.000000,1.000000,position_only
2026-03-07T21:07:36.145334+00:00,1772917656145.334,0.460205,-0.594727,0.367432,-15.468750,-16.390625,-1.005859,19133,16987,18119,18432,6,0.450000,-0.550000,0.300000,0.000000,1772917656137.648,0.470097,-0.582424,0.365103,0.000000,0.000000,0.000000,1.000000,position_only
2026-03-07T21:07:36.155960+00:00,1772917656155.960,0.457520,-0.596191,0.369629,-15.007812,-16.156250,-0.920898,19042,17093,18156,18386,6,0.450000,-0.550000,0.300000,0.000000,1772917656154.701,0.465685,-0.585416,0.368163,0.000000,0.000000,0.000000,1.000000,position_only
2026-03-07T21:07:36.165832+00:00,1772917656165.832,0.455566,-0.597656,0.371338,-14.593750,-15.914062,-0.840820,18968,17206,18145,18366,6,0.450000,-0.550000,0.300000,0.000000,1772917656163.223,0.463761,-0.586397,0.369638,0.000000,0.000000,0.000000,1.000000,position_only
2026-03-07T21:07:36.177271+00:00,1772917656177.271,0.453613,-0.598633,0.373291,-14.109375,-15.585938,-0.734863,19036,17195,18298,18152,6,0.450000,-0.550000,0.300000,0.000000,1772917656171.722,0.461943,-0.587454,0.371124,0.000000,0.000000,0.000000,1.000000,position_only
2026-03-07T21:07:36.184741+00:00,1772917656184.740,0.451904,-0.599121,0.375000,-13.648438,-15.250000,-0.625488,18973,17293,18261,18145,6,0.450000,-0.550000,0.300000,0.000000,1772917656180.498,0.460341,-0.588230,0.372468,0.000000,0.000000,0.000000,1.000000,position_only
2026-03-07T21:07:36.195955+00:00,1772917656195.955,0.451172,-0.599121,0.376465,-13.195312,-14.882812,-0.505371,18978,17323,18365,18020,6,0.450000,-0.550000,0.300000,0.000000,1772917656189.053,0.458957,-0.589069,0.373843,0.000000,0.000000,0.000000,1.000000,position_only
2026-03-07T21:07:36.206109+00:00,1772917656206.109,0.450195,-0.599121,0.378174,-12.648438,-14.414062,-0.361084,18960,17354,18443,17923,6,0.450000,-0.550000,0.300000,0.000000,1772917656197.591,0.457660,-0.589501,0.375204,0.000000,0.000000,0.000000,1.000000,position_only
2026-03-07T21:07:36.214712+00:00,1772917656214.711,0.449463,-0.599121,0.379639,-12.156250,-13.960938,-0.220093,18815,17495,18322,18049,6,0.450000,-0.550000,0.300000,0.000000,1772917656206.523,0.456557,-0.589871,0.376510,0.000000,0.000000,0.000000,1.000000,position_only
2026-03-07T21:07:36.226757+00:00,1772917656226.757,0.448730,-0.599121,0.381348,-11.617188,-13.445312,-0.074646,18956,17435,18436,17845,6,0.450000,-0.550000,0.300000,0.000000,1772917656223.709,0.454667,-0.590276,0.379212,0.000000,0.000000,0.000000,1.000000,position_only
2026-03-07T21:07:36.236723+00:00,1772917656236.723,0.448486,-0.598633,0.382812,-11.109375,-12.960938,0.064758,18825,17617,18344,17868,6,0.450000,-0.550000,0.300000,0.000000,1772917656232.256,0.453935,-0.590297,0.380423,0.000000,0.000000,0.000000,1.000000,position_only
2026-03-07T21:07:36.247448+00:00,1772917656247.448,0.448242,-0.598145,0.384521,-10.531250,-12.406250,0.211182,18760,17739,18206,17936,6,0.450000,-0.550000,0.300000,0.000000,1772917656240.733,0.453361,-0.590153,0.381772,0.000000,0.000000,0.000000,1.000000,position_only
2026-03-07T21:07:36.255727+00:00,1772917656255.726,0.448242,-0.597168,0.385742,-9.992188,-11.898438,0.332275,18927,17614,18386,17699,6,0.450000,-0.550000,0.300000,0.000000,1772917656249.250,0.452913,-0.589918,0.382985,0.000000,0.000000,0.000000,1.000000,position_only
2026-03-07T21:07:36.266884+00:00,1772917656266.884,0.448975,-0.595703,0.386963,-9.398438,-11.335938,0.475342,18891,17715,18218,17802,6,0.450000,-0.550000,0.300000,0.000000,1772917656266.252,0.452339,-0.589185,0.385510,0.000000,0.000000,0.000000,1.000000,position_only
2026-03-07T21:07:36.276076+00:00,1772917656276.076,0.449219,-0.594238,0.388428,-8.835938,-10.835938,0.585938,18992,17653,18255,17698,6,0.450000,-0.550000,0.300000,0.000000,1772917656274.900,0.452258,-0.588628,0.386629,0.000000,0.000000,0.000000,1.000000,position_only
2026-03-07T21:07:36.285712+00:00,1772917656285.711,0.449951,-0.593262,0.389893,-8.273438,-10.351562,0.693848,18992,17696,18198,17691,6,0.450000,-0.550000,0.300000,0.000000,1772917656283.722,0.452225,-0.588016,0.387895,0.000000,0.000000,0.000000,1.000000,position_only
2026-03-07T21:07:36.295455+00:00,1772917656295.455,0.450684,-0.591797,0.391113,-7.644531,-9.820312,0.803223,19024,17708,18176,17633,6,0.450000,-0.550000,0.300000,0.000000,1772917656292.224,0.452387,-0.587175,0.389062,0.000000,0.000000,0.000000,1.000000,position_only
2026-03-07T21:07:36.306799+00:00,1772917656306.799,0.451660,-0.589844,0.392334,-7.085938,-9.359375,0.900391,19022,17669,18172,17653,6,0.450000,-0.550000,0.300000,0.000000,1772917656300.766,0.452651,-0.586445,0.390284,0.000000,0.000000,0.000000,1.000000,position_only
2026-03-07T21:07:36.317983+00:00,1772917656317.982,0.452637,-0.588379,0.393799,-6.476562,-8.859375,0.991211,19059,17632,18237,17562,6,0.450000,-0.550000,0.300000,0.000000,1772917656309.630,0.453302,-0.584708,0.392540,0.000000,0.000000,0.000000,1.000000,position_only
2026-03-07T21:07:36.326531+00:00,1772917656326.531,0.452637,-0.587891,0.393799,-6.484375,-8.859375,0.995605,18929,17640,18184,17747,6,0.450000,-0.550000,0.300000,0.000000,1772917656318.404,0.453845,-0.583608,0.393736,0.000000,0.000000,0.000000,1.000000,position_only
2026-03-07T21:07:36.334830+00:00,1772917656334.830,0.455322,-0.583984,0.396729,-5.410156,-7.925781,1.158203,18902,17658,18121,17769,6,0.450000,-0.550000,0.300000,0.000000,1772917656326.894,0.454417,-0.582612,0.394890,0.000000,0.000000,0.000000,1.000000,position_only
2026-03-07T21:07:36.346930+00:00,1772917656346.929,0.456543,-0.582031,0.397949,-4.933594,-7.496094,1.226562,18922,17571,18223,17633,6,0.450000,-0.550000,0.300000,0.000000,1772917656344.082,0.455798,-0.580254,0.397138,0.000000,0.000000,0.000000,1.000000,position_only
2026-03-07T21:07:36.358990+00:00,1772917656358.989,0.456543,-0.582031,0.397949,-4.933594,-7.496094,1.226562,18937,17527,18305,17585,6,0.450000,-0.550000,0.300000,0.000000,1772917656352.530,0.456477,-0.579132,0.398321,0.000000,0.000000,0.000000,1.000000,position_only
2026-03-07T21:07:36.367352+00:00,1772917656367.352,0.458008,-0.580078,0.399170,-4.421875,-7.015625,1.301758,18810,17602,18221,17676,6,0.450000,-0.550000,0.300000,0.000000,1772917656361.183,0.457375,-0.577831,0.399459,0.000000,0.000000,0.000000,1.000000,position_only
2026-03-07T21:07:36.377495+00:00,1772917656377.495,0.459717,-0.577637,0.400635,-3.974609,-6.570312,1.365234,18813,17502,18335,17602,6,0.450000,-0.550000,0.300000,0.000000,1772917656369.719,0.458240,-0.576710,0.400613,0.000000,0.000000,0.000000,1.000000,position_only
2026-03-07T21:07:36.387176+00:00,1772917656387.175,0.461182,-0.575684,0.401855,-3.548828,-6.117188,1.421875,18651,17699,18262,17583,6,0.450000,-0.550000,0.300000,0.000000,1772917656378.644,0.459237,-0.575204,0.401741,0.000000,0.000000,0.000000,1.000000,position_only
2026-03-07T21:07:36.395563+00:00,1772917656395.562,0.463135,-0.573242,0.403320,-3.107422,-5.613281,1.488281,18564,17740,18183,17655,6,0.450000,-0.550000,0.300000,0.000000,1772917656387.264,0.460212,-0.573910,0.402894,0.000000,0.000000,0.000000,1.000000,position_only
2026-03-07T21:07:36.405628+00:00,1772917656405.627,0.464844,-0.571289,0.404785,-2.669922,-5.082031,1.545898,18537,17711,18249,17588,6,0.450000,-0.550000,0.300000,0.000000,1772917656404.299,0.462262,-0.571162,0.405247,0.000000,0.000000,0.000000,1.000000,position_only
2026-03-07T21:07:36.416577+00:00,1772917656416.576,0.466553,-0.568848,0.406006,-2.292969,-4.601562,1.593750,18554,17716,18337,17419,6,0.450000,-0.550000,0.300000,0.000000,1772917656412.837,0.463374,-0.569761,0.406386,0.000000,0.000000,0.000000,1.000000,position_only
2026-03-07T21:07:36.427709+00:00,1772917656427.709,0.468994,-0.566406,0.407715,-1.844727,-4.000000,1.657227,18530,17666,18406,17351,6,0.450000,-0.550000,0.300000,0.000000,1772917656421.336,0.464507,-0.568394,0.407405,0.000000,0.000000,0.000000,1.000000,position_only
2026-03-07T21:07:36.436973+00:00,1772917656436.973,0.470947,-0.563965,0.408936,-1.454102,-3.443359,1.718750,18426,17755,18278,17437,6,0.450000,-0.550000,0.300000,0.000000,1772917656429.882,0.465618,-0.566975,0.408636,0.000000,0.000000,0.000000,1.000000,position_only
2026-03-07T21:07:36.446106+00:00,1772917656446.106,0.472412,-0.562012,0.410156,-1.099609,-2.941406,1.767578,18427,17823,18330,17270,6,0.450000,-0.550000,0.300000,0.000000,1772917656438.742,0.466815,-0.565548,0.409729,0.000000,0.000000,0.000000,1.000000,position_only
2026-03-07T21:07:36.456910+00:00,1772917656456.908,0.474854,-0.559570,0.411865,-0.673828,-2.333984,1.818359,18509,17774,18332,17176,6,0.450000,-0.550000,0.300000,0.000000,1772917656455.938,0.469129,-0.562761,0.411950,0.000000,0.000000,0.000000,1.000000,position_only
2026-03-07T21:07:36.466962+00:00,1772917656466.961,0.477051,-0.557129,0.413330,-0.270264,-1.820312,1.853516,18360,17889,18106,17373,6,0.450000,-0.550000,0.300000,0.000000,1772917656464.495,0.470316,-0.561448,0.413061,0.000000,0.000000,0.000000,1.000000,position_only
2026-03-07T21:07:36.475617+00:00,1772917656475.617,0.478760,-0.555176,0.414551,0.076965,-1.388672,1.875977,18525,17763,18165,17207,6,0.450000,-0.550000,0.300000,0.000000,1772917656473.064,0.471463,-0.560092,0.414190,0.000000,0.000000,0.000000,1.000000,position_only
2026-03-07T21:07:36.487864+00:00,1772917656487.863,0.478271,-0.555176,0.414551,0.086365,-1.373047,1.879883,18526,17801,18100,17238,6,0.450000,-0.550000,0.300000,0.000000,1772917656481.711,0.472786,-0.558716,0.415310,0.000000,0.000000,0.000000,1.000000,position_only
2026-03-07T21:07:36.497634+00:00,1772917656497.634,0.480225,-0.553223,0.415771,0.487305,-0.924316,1.905273,18694,17634,18131,17148,6,0.450000,-0.550000,0.300000,0.000000,1772917656490.210,0.473865,-0.557423,0.416494,0.000000,0.000000,0.000000,1.000000,position_only
2026-03-07T21:07:36.506044+00:00,1772917656506.043,0.481445,-0.551758,0.417236,0.856445,-0.527832,1.936523,18638,17753,17963,17217,6,0.450000,-0.550000,0.300000,0.000000,1772917656498.747,0.475050,-0.556136,0.417584,0.000000,0.000000,0.000000,1.000000,position_only
2026-03-07T21:07:36.517163+00:00,1772917656517.162,0.483398,-0.549805,0.418457,1.251953,-0.150757,1.958008,18805,17573,18109,17028,6,0.450000,-0.550000,0.300000,0.000000,1772917656516.103,0.477449,-0.553595,0.419839,0.000000,0.000000,0.000000,1.000000,position_only
2026-03-07T21:07:36.526681+00:00,1772917656526.681,0.485107,-0.547852,0.419922,1.614258,0.165161,1.973633,18607,17740,17831,17286,6,0.450000,-0.550000,0.300000,0.000000,1772917656524.607,0.478533,-0.552473,0.420909,0.000000,0.000000,0.000000,1.000000,position_only
2026-03-07T21:07:36.536942+00:00,1772917656536.942,0.486572,-0.545898,0.421143,1.954102,0.444092,1.985352,18811,17517,17995,17107,6,0.450000,-0.550000,0.300000,0.000000,1772917656533.109,0.479770,-0.551250,0.421985,0.000000,0.000000,0.000000,1.000000,position_only
2026-03-07T21:07:36.548778+00:00,1772917656548.778,0.488525,-0.544434,0.422363,2.310547,0.715332,1.999023,18662,17605,17814,17304,6,0.450000,-0.550000,0.300000,0.000000,1772917656541.884,0.480832,-0.550321,0.423135,0.000000,0.000000,0.000000,1.000000,position_only
2026-03-07T21:07:36.556458+00:00,1772917656556.458,0.489502,-0.542969,0.423828,2.617188,0.940918,2.005859,18610,17615,17824,17278,6,0.450000,-0.550000,0.300000,0.000000,1772917656550.530,0.481942,-0.549133,0.424145,0.000000,0.000000,0.000000,1.000000,position_only
2026-03-07T21:07:36.566702+00:00,1772917656566.702,0.491943,-0.541016,0.425049,2.894531,1.132812,2.007812,18564,17540,17786,17387,6,0.450000,-0.550000,0.300000,0.000000,1772917656559.439,0.484037,-0.547091,0.426342,0.000000,0.000000,0.000000,1.000000,position_only
2026-03-07T21:07:36.577197+00:00,1772917656577.197,0.492676,-0.540039,0.426514,3.130859,1.332031,2.009766,18575,17465,17817,17378,6,0.450000,-0.550000,0.300000,0.000000,1772917656576.649,0.485944,-0.545266,0.428454,0.000000,0.000000,0.000000,1.000000,position_only
2026-03-07T21:07:36.586488+00:00,1772917656586.488,0.494385,-0.538574,0.427734,3.333984,1.496094,2.011719,18500,17449,17880,17364,6,0.450000,-0.550000,0.300000,0.000000,1772917656585.151,0.486863,-0.544312,0.429507,0.000000,0.000000,0.000000,1.000000,position_only
2026-03-07T21:07:36.596414+00:00,1772917656596.414,0.495605,-0.537109,0.428955,3.486328,1.651367,2.015625,18454,17460,17860,17396,6,0.450000,-0.550000,0.300000,0.000000,1772917656593.656,0.487783,-0.543502,0.430598,0.000000,0.000000,0.000000,1.000000,position_only
2026-03-07T21:07:36.607780+00:00,1772917656607.779,0.497070,-0.535645,0.430420,3.613281,1.814453,2.017578,18418,17427,17852,17439,6,0.450000,-0.550000,0.300000,0.000000,1772917656602.311,0.488626,-0.542752,0.431610,0.000000,0.000000,0.000000,1.000000,position_only
2026-03-07T21:07:36.619055+00:00,1772917656619.054,0.498291,-0.534668,0.431641,3.714844,1.944336,2.015625,18331,17429,17856,17474,6,0.450000,-0.550000,0.300000,0.000000,1772917656610.956,0.489471,-0.542155,0.432680,0.000000,0.000000,0.000000,1.000000,position_only
2026-03-07T21:07:36.626632+00:00,1772917656626.632,0.498779,-0.534180,0.433105,3.798828,2.085938,2.015625,18368,17331,17935,17403,6,0.450000,-0.550000,0.300000,0.000000,1772917656619.513,0.490232,-0.541546,0.433690,0.000000,0.000000,0.000000,1.000000,position_only
2026-03-07T21:07:36.635731+00:00,1772917656635.730,0.500000,-0.533203,0.434326,3.845703,2.208984,2.017578,18420,17205,18086,17289,6,0.450000,-0.550000,0.300000,0.000000,1772917656628.262,0.491017,-0.540854,0.434636,0.000000,0.000000,0.000000,1.000000,position_only
2026-03-07T21:07:36.646399+00:00,1772917656646.399,0.500977,-0.532715,0.435547,3.863281,2.332031,2.027344,18262,17353,17978,17374,6,0.450000,-0.550000,0.300000,0.000000,1772917656645.352,0.492424,-0.539915,0.436660,0.000000,0.000000,0.000000,1.000000,position_only
2026-03-07T21:07:36.657109+00:00,1772917656657.109,0.501953,-0.531738,0.436768,3.873047,2.470703,2.027344,18243,17391,17871,17416,6,0.450000,-0.550000,0.300000,0.000000,1772917656653.860,0.493022,-0.539521,0.437492,0.000000,0.000000,0.000000,1.000000,position_only
2026-03-07T21:07:36.667331+00:00,1772917656667.330,0.502930,-0.531250,0.437988,3.888672,2.582031,2.029297,18268,17316,17945,17363,6,0.450000,-0.550000,0.300000,0.000000,1772917656662.442,0.493612,-0.539092,0.438429,0.000000,0.000000,0.000000,1.000000,position_only
2026-03-07T21:07:36.678001+00:00,1772917656678.001,0.503906,-0.530762,0.439209,3.890625,2.703125,2.033203,18270,17363,17973,17271,6,0.450000,-0.550000,0.300000,0.000000,1772917656671.050,0.494150,-0.538863,0.439358,0.000000,0.000000,0.000000,1.000000,position_only
2026-03-07T21:07:36.687000+00:00,1772917656687.000,0.503906,-0.530762,0.440430,3.917969,2.839844,2.035156,18420,17231,18050,17176,6,0.450000,-0.550000,0.300000,0.000000,1772917656679.530,0.494675,-0.538624,0.440259,0.000000,0.000000,0.000000,1.000000,position_only
2026-03-07T21:07:36.697640+00:00,1772917656697.638,0.504883,-0.530762,0.441650,3.923828,2.931641,2.046875,18321,17335,17922,17245,6,0.450000,-0.550000,0.300000,0.000000,1772917656696.854,0.495445,-0.538379,0.441975,0.000000,0.000000,0.000000,1.000000,position_only
2026-03-07T21:07:36.706710+00:00,1772917656706.709,0.505371,-0.530273,0.442627,3.923828,3.003906,2.048828,18229,17444,17845,17279,6,0.450000,-0.550000,0.300000,0.000000,1772917656705.382,0.495889,-0.538352,0.442867,0.000000,0.000000,0.000000,1.000000,position_only
2026-03-07T21:07:36.716709+00:00,1772917656716.709,0.505859,-0.530273,0.443604,3.925781,3.078125,2.048828,18225,17416,17859,17276,6,0.450000,-0.550000,0.300000,0.000000,1772917656713.984,0.496251,-0.538385,0.443702,0.000000,0.000000,0.000000,1.000000,position_only
2026-03-07T21:07:36.726592+00:00,1772917656726.592,0.506348,-0.530273,0.444824,3.906250,3.144531,2.050781,18301,17348,17884,17243,6,0.450000,-0.550000,0.300000,0.000000,1772917656722.562,0.496494,-0.538435,0.444431,0.000000,0.000000,0.000000,1.000000,position_only
2026-03-07T21:07:36.737031+00:00,1772917656737.031,0.505371,-0.530762,0.444824,3.921875,3.164062,2.048828,18209,17424,17745,17364,6,0.450000,-0.550000,0.300000,0.000000,1772917656731.057,0.496744,-0.538459,0.445217,0.000000,0.000000,0.000000,1.000000,position_only
2026-03-07T21:07:36.747450+00:00,1772917656747.450,0.505859,-0.530762,0.446045,3.900391,3.207031,2.050781,18222,17375,17729,17382,6,0.450000,-0.550000,0.300000,0.000000,1772917656739.765,0.496887,-0.538652,0.446110,0.000000,0.000000,0.000000,1.000000,position_only
2026-03-07T21:07:36.756557+00:00,1772917656756.557,0.505371,-0.531738,0.447021,3.876953,3.234375,2.044922,18221,17355,17677,17430,6,0.450000,-0.550000,0.300000,0.000000,1772917656748.290,0.497054,-0.538880,0.446871,0.000000,0.000000,0.000000,1.000000,position_only
2026-03-07T21:07:36.766535+00:00,1772917656766.534,0.505859,-0.532227,0.447998,3.832031,3.218750,2.041016,18338,17226,17687,17408,6,0.450000,-0.550000,0.300000,0.000000,1772917656765.342,0.497288,-0.539562,0.448248,0.000000,0.000000,0.000000,1.000000,position_only
2026-03-07T21:07:36.777367+00:00,1772917656777.367,0.505859,-0.532715,0.449219,3.755859,3.152344,2.044922,18347,17166,17721,17408,6,0.450000,-0.550000,0.300000,0.000000,1772917656774.196,0.497237,-0.539948,0.449045,0.000000,0.000000,0.000000,1.000000,position_only
2026-03-07T21:07:36.786504+00:00,1772917656786.503,0.505859,-0.533203,0.450195,3.669922,3.062500,2.050781,18417,17072,17818,17332,6,0.450000,-0.550000,0.300000,0.000000,1772917656782.854,0.497223,-0.540322,0.449747,0.000000,0.000000,0.000000,1.000000,position_only
2026-03-07T21:07:36.796922+00:00,1772917656796.921,0.505859,-0.533691,0.450928,3.580078,2.972656,2.062500,18373,17104,17686,17478,6,0.450000,-0.550000,0.300000,0.000000,1772917656791.420,0.497151,-0.540814,0.450393,0.000000,0.000000,0.000000,1.000000,position_only
2026-03-07T21:07:36.807592+00:00,1772917656807.592,0.505371,-0.534668,0.451904,3.455078,2.822266,2.068359,18420,17002,17789,17420,6,0.450000,-0.550000,0.300000,0.000000,1772917656800.307,0.497073,-0.541343,0.451109,0.000000,0.000000,0.000000,1.000000,position_only
2026-03-07T21:07:36.818412+00:00,1772917656818.411,0.504883,-0.535645,0.452881,3.310547,2.667969,2.082031,18409,16969,17721,17541,6,0.450000,-0.550000,0.300000,0.000000,1772917656817.350,0.496810,-0.542460,0.452358,0.000000,0.000000,0.000000,1.000000,position_only
2026-03-07T21:07:36.827505+00:00,1772917656827.505,0.504395,-0.536133,0.452881,3.324219,2.685547,2.078125,18390,16994,17712,17549,6,0.450000,-0.550000,0.300000,0.000000,1772917656825.884,0.496552,-0.543115,0.452980,0.000000,0.000000,0.000000,1.000000,position_only
2026-03-07T21:07:36.836248+00:00,1772917656836.248,0.503906,-0.537109,0.453613,3.154297,2.511719,2.085938,18380,16980,17710,17582,6,0.450000,-0.550000,0.300000,0.000000,1772917656834.542,0.495989,-0.544552,0.454129,0.000000,0.000000,0.000000,1.000000,position_only
2026-03-07T21:07:36.847554+00:00,1772917656847.553,0.503418,-0.538086,0.454590,2.970703,2.320312,2.089844,18354,16927,17759,17613,6,0.450000,-0.550000,0.300000,0.000000,1772917656843.070,0.495736,-0.545292,0.454768,0.000000,0.000000,0.000000,1.000000,position_only
2026-03-07T21:07:36.857406+00:00,1772917656857.406,0.502441,-0.540039,0.455322,2.796875,2.175781,2.097656,18321,16936,17783,17614,6,0.450000,-0.550000,0.300000,0.000000,1772917656851.587,0.495532,-0.546057,0.455300,0.000000,0.000000,0.000000,1.000000,position_only
2026-03-07T21:07:36.867264+00:00,1772917656867.264,0.502441,-0.540527,0.456055,2.564453,1.980469,2.101562,18328,16902,17776,17651,6,0.450000,-0.550000,0.300000,0.000000,1772917656860.091,0.495031,-0.546943,0.455863,0.000000,0.000000,0.000000,1.000000,position_only
2026-03-07T21:07:36.877102+00:00,1772917656877.102,0.501465,-0.541992,0.456787,2.373047,1.833984,2.103516,18344,16836,17870,17605,6,0.450000,-0.550000,0.300000,0.000000,1772917656868.844,0.494588,-0.547805,0.456293,0.000000,0.000000,0.000000,1.000000,position_only
2026-03-07T21:07:36.888454+00:00,1772917656888.453,0.500488,-0.543457,0.457520,2.128906,1.658203,2.111328,18174,16967,17851,17669,6,0.450000,-0.550000,0.300000,0.000000,1772917656885.828,0.493756,-0.549597,0.457267,0.000000,0.000000,0.000000,1.000000,position_only
2026-03-07T21:07:36.900691+00:00,1772917656900.689,0.500000,-0.544922,0.458008,1.908203,1.533203,2.113281,18205,16934,17912,17614,6,0.450000,-0.550000,0.300000,0.000000,1772917656894.325,0.493228,-0.550575,0.457741,0.000000,0.000000,0.000000,1.000000,position_only
2026-03-07T21:07:36.907569+00:00,1772917656907.568,0.499268,-0.545898,0.458740,1.657227,1.402344,2.119141,18092,17043,17841,17696,6,0.450000,-0.550000,0.300000,0.000000,1772917656902.895,0.492762,-0.551458,0.458205,0.000000,0.000000,0.000000,1.000000,position_only
2026-03-07T21:07:36.918237+00:00,1772917656918.236,0.498535,-0.547363,0.459229,1.432617,1.296875,2.119141,18243,16853,17981,17596,6,0.450000,-0.550000,0.300000,0.000000,1772917656911.447,0.492292,-0.552507,0.458612,0.000000,0.000000,0.000000,1.000000,position_only
2026-03-07T21:07:36.929724+00:00,1772917656929.723,0.497314,-0.549316,0.459717,1.193359,1.182617,2.125000,18159,16939,17937,17643,6,0.450000,-0.550000,0.300000,0.000000,1772917656928.655,0.491146,-0.554526,0.459414,0.000000,0.000000,0.000000,1.000000,position_only
2026-03-07T21:07:36.937559+00:00,1772917656937.559,0.496338,-0.550781,0.460449,0.922852,1.056641,2.125000,18134,17019,17921,17602,6,0.450000,-0.550000,0.300000,0.000000,1772917656928.655,0.491146,-0.554526,0.459414,0.000000,0.000000,0.000000,1.000000,position_only
2026-03-07T21:07:36.946608+00:00,1772917656946.608,0.495605,-0.552246,0.460938,0.721191,0.966797,2.126953,18145,17026,17905,17605,6,0.450000,-0.550000,0.300000,0.000000,1772917656946.500,0.489822,-0.556729,0.460258,0.000000,0.000000,0.000000,1.000000,position_only
2026-03-07T21:07:36.958436+00:00,1772917656958.436,0.494629,-0.553711,0.461426,0.519043,0.868164,2.126953,18225,17025,17901,17535,6,0.450000,-0.550000,0.300000,0.000000,1772917656955.060,0.489264,-0.557629,0.460610,0.000000,0.000000,0.000000,1.000000,position_only
2026-03-07T21:07:36.968640+00:00,1772917656968.640,0.493652,-0.555176,0.461914,0.343018,0.758789,2.125000,18093,17176,17659,17758,6,0.450000,-0.550000,0.300000,0.000000,1772917656963.914,0.488638,-0.558760,0.461002,0.000000,0.000000,0.000000,1.000000,position_only
2026-03-07T21:07:36.979462+00:00,1772917656979.461,0.493408,-0.555664,0.461914,0.350098,0.770508,2.123047,18343,16995,17841,17515,6,0.450000,-0.550000,0.300000,0.000000,1772917656972.402,0.487925,-0.559882,0.461364,0.000000,0.000000,0.000000,1.000000,position_only
2026-03-07T21:07:36.988834+00:00,1772917656988.834,0.491943,-0.557617,0.462158,0.186523,0.638184,2.107422,18290,17044,17740,17633,6,0.450000,-0.550000,0.300000,0.000000,1772917656980.964,0.487320,-0.560856,0.461622,0.000000,0.000000,0.000000,1.000000,position_only
2026-03-07T21:07:36.997260+00:00,1772917656997.260,0.491211,-0.558594,0.462646,0.042755,0.250000,2.103516,18415,16897,17849,17549,6,0.450000,-0.550000,0.300000,0.000000,1772917656989.468,0.486604,-0.562008,0.461979,0.000000,0.000000,0.000000,1.000000,position_only
2026-03-07T21:07:37.007884+00:00,1772917657007.883,0.490234,-0.560547,0.463135,-0.119934,0.327637,2.099609,18356,16983,17772,17624,6,0.450000,-0.550000,0.300000,0.000000,1772917657006.494,0.485330,-0.564135,0.462608,0.000000,0.000000,0.000000,1.000000,position_only
2026-03-07T21:07:37.018000+00:00,1772917657017.999,0.489258,-0.562012,0.463379,-0.260742,0.172852,2.099609,18255,17101,17637,17760,6,0.450000,-0.550000,0.300000,0.000000,1772917657014.979,0.484511,-0.565295,0.462951,0.000000,0.000000,0.000000,1.000000,position_only
2026-03-07T21:07:37.027083+00:00,1772917657027.083,0.488281,-0.563477,0.463867,-0.410156,-0.003248,2.085938,18232,17069,17646,17813,6,0.450000,-0.550000,0.300000,0.000000,1772917657023.515,0.483857,-0.566370,0.463259,0.000000,0.000000,0.000000,1.000000,position_only
2026-03-07T21:07:37.038382+00:00,1772917657038.382,0.487305,-0.564941,0.464111,-0.559082,-0.172607,2.068359,18328,16944,17784,17711,6,0.450000,-0.550000,0.300000,0.000000,1772917657032.020,0.483131,-0.567443,0.463486,0.000000,0.000000,0.000000,1.000000,position_only
2026-03-07T21:07:37.049730+00:00,1772917657049.730,0.486328,-0.566406,0.464355,-0.714844,-0.326172,2.060547,18204,17058,17699,17826,6,0.450000,-0.550000,0.300000,0.000000,1772917657049.182,0.481723,-0.569581,0.463969,0.000000,0.000000,0.000000,1.000000,position_only
2026-03-07T21:07:37.057964+00:00,1772917657057.963,0.485107,-0.567871,0.464600,-0.883789,-0.484131,2.042969,18283,17013,17758,17758,6,0.450000,-0.550000,0.300000,0.000000,1772917657057.648,0.481021,-0.570662,0.464155,0.000000,0.000000,0.000000,1.000000,position_only
2026-03-07T21:07:37.067713+00:00,1772917657067.713,0.484131,-0.569336,0.464844,-1.036133,-0.629883,2.033203,18339,16913,17851,17713,6,0.450000,-0.550000,0.300000,0.000000,1772917657066.219,0.480309,-0.571679,0.464377,0.000000,0.000000,0.000000,1.000000,position_only
2026-03-07T21:07:37.078156+00:00,1772917657078.155,0.483154,-0.570801,0.465088,-1.206055,-0.786621,2.029297,18302,16897,17913,17704,6,0.450000,-0.550000,0.300000,0.000000,1772917657074.825,0.479552,-0.572610,0.464586,0.000000,0.000000,0.000000,1.000000,position_only
2026-03-07T21:07:37.091034+00:00,1772917657091.034,0.482178,-0.572266,0.465332,-1.371094,-0.908691,2.029297,18280,16929,17881,17742,6,0.450000,-0.550000,0.300000,0.000000,1772917657083.322,0.478789,-0.573799,0.464848,0.000000,0.000000,0.000000,1.000000,position_only
2026-03-07T21:07:37.098203+00:00,1772917657098.203,0.481201,-0.573730,0.465576,-1.541016,-1.032227,2.031250,18163,17012,17820,17863,6,0.450000,-0.550000,0.300000,0.000000,1772917657091.859,0.478247,-0.574646,0.465039,0.000000,0.000000,0.000000,1.000000,position_only
2026-03-07T21:07:37.108813+00:00,1772917657108.811,0.479980,-0.574707,0.465820,-1.704102,-1.132812,2.021484,18147,17053,17866,17804,6,0.450000,-0.550000,0.300000,0.000000,1772917657100.432,0.477468,-0.575577,0.465249,0.000000,0.000000,0.000000,1.000000,position_only
2026-03-07T21:07:37.118863+00:00,1772917657118.862,0.479004,-0.576172,0.466064,-1.875000,-1.219727,2.013672,18119,17109,17823,17826,6,0.450000,-0.550000,0.300000,0.000000,1772917657117.565,0.475415,-0.578444,0.465721,0.000000,0.000000,0.000000,1.000000,position_only
2026-03-07T21:07:37.128592+00:00,1772917657128.592,0.478027,-0.577637,0.466309,-2.017578,-1.291992,2.005859,18295,16950,18107,17557,6,0.450000,-0.550000,0.300000,0.000000,1772917657126.068,0.475415,-0.578444,0.465721,0.000000,0.000000,0.000000,1.000000,position_only
2026-03-07T21:07:37.137520+00:00,1772917657137.519,0.477295,-0.578613,0.466309,-2.146484,-1.335938,2.011719,18130,17158,17887,17752,6,0.450000,-0.550000,0.300000,0.000000,1772917657134.590,0.474029,-0.580118,0.465944,0.000000,0.000000,0.000000,1.000000,position_only
2026-03-07T21:07:37.147237+00:00,1772917657147.237,0.476318,-0.580078,0.466553,-2.269531,-1.379883,2.003906,18056,17256,17814,17816,6,0.450000,-0.550000,0.300000,0.000000,1772917657143.087,0.473374,-0.581017,0.466031,0.000000,0.000000,0.000000,1.000000,position_only
2026-03-07T21:07:37.159485+00:00,1772917657159.484,0.475342,-0.581055,0.466553,-2.369141,-1.424805,1.991211,18288,17062,17988,17615,6,0.450000,-0.550000,0.300000,0.000000,1772917657151.589,0.472685,-0.581832,0.466179,0.000000,0.000000,0.000000,1.000000,position_only
2026-03-07T21:07:37.168538+00:00,1772917657168.538,0.474365,-0.582031,0.466797,-2.455078,-1.478516,1.985352,18170,17201,17765,17831,6,0.450000,-0.550000,0.300000,0.000000,1772917657160.105,0.472130,-0.582596,0.466256,0.000000,0.000000,0.000000,1.000000,position_only
2026-03-07T21:07:37.177567+00:00,1772917657177.566,0.473633,-0.583008,0.466797,-2.535156,-1.556641,1.975586,18270,17098,17911,17705,6,0.450000,-0.550000,0.300000,0.000000,1772917657177.246,0.470806,-0.584004,0.466409,0.000000,0.000000,0.000000,1.000000,position_only
2026-03-07T21:07:37.189058+00:00,1772917657189.057,0.473389,-0.583008,0.466797,-2.533203,-1.549805,1.974609,18449,16999,17980,17561,6,0.450000,-0.550000,0.300000,0.000000,1772917657185.742,0.470217,-0.584775,0.466463,0.000000,0.000000,0.000000,1.000000,position_only
2026-03-07T21:07:37.198323+00:00,1772917657198.323,0.471924,-0.584961,0.467041,-2.656250,-1.716797,1.972656,18343,17127,17853,17696,6,0.450000,-0.550000,0.300000,0.000000,1772917657194.249,0.469690,-0.585397,0.466549,0.000000,0.000000,0.000000,1.000000,position_only
2026-03-07T21:07:37.212186+00:00,1772917657212.186,0.471680,-0.584961,0.467041,-2.656250,-1.716797,1.972656,18445,17047,17845,17703,6,0.450000,-0.550000,0.300000,0.000000,1772917657211.425,0.468579,-0.586712,0.466653,0.000000,0.000000,0.000000,1.000000,position_only
2026-03-07T21:07:37.219316+00:00,1772917657219.315,0.470947,-0.585938,0.467041,-2.699219,-1.815430,1.967773,18507,16968,17944,17634,6,0.450000,-0.550000,0.300000,0.000000,1772917657211.425,0.468579,-0.586712,0.466653,0.000000,0.000000,0.000000,1.000000,position_only
2026-03-07T21:07:37.226987+00:00,1772917657226.986,0.470215,-0.586914,0.467041,-2.738281,-1.919922,1.965820,18420,17096,17822,17736,6,0.450000,-0.550000,0.300000,0.000000,1772917657219.885,0.468060,-0.587229,0.466670,0.000000,0.000000,0.000000,1.000000,position_only
2026-03-07T21:07:37.238284+00:00,1772917657238.284,0.469482,-0.587402,0.467041,-2.771484,-2.007812,1.961914,18487,17034,17889,17684,6,0.450000,-0.550000,0.300000,0.000000,1772917657236.923,0.467052,-0.588266,0.466716,0.000000,0.000000,0.000000,1.000000,position_only
2026-03-07T21:07:37.248081+00:00,1772917657248.081,0.468750,-0.588379,0.467041,-2.800781,-2.117188,1.954102,18453,17082,17908,17664,6,0.450000,-0.550000,0.300000,0.000000,1772917657245.589,0.466603,-0.588693,0.466697,0.000000,0.000000,0.000000,1.000000,position_only
2026-03-07T21:07:37.257783+00:00,1772917657257.783,0.468262,-0.588867,0.467041,-2.824219,-2.195312,1.956055,18442,17085,17933,17659,6,0.450000,-0.550000,0.300000,0.000000,1772917657254.129,0.466076,-0.589161,0.466754,0.000000,0.000000,0.000000,1.000000,position_only
2026-03-07T21:07:37.269336+00:00,1772917657269.336,0.467529,-0.589355,0.467041,-2.843750,-2.257812,1.957031,18417,17106,17930,17684,6,0.450000,-0.550000,0.300000,0.000000,1772917657262.590,0.465643,-0.589633,0.466747,0.000000,0.000000,0.000000,1.000000,position_only
2026-03-07T21:07:37.279113+00:00,1772917657279.113,0.466797,-0.589844,0.467041,-2.865234,-2.314453,1.957031,18305,17225,17938,17692,6,0.450000,-0.550000,0.300000,0.000000,1772917657271.089,0.465309,-0.589923,0.466725,0.000000,0.000000,0.000000,1.000000,position_only
2026-03-07T21:07:37.288178+00:00,1772917657288.177,0.466309,-0.590332,0.467041,-2.880859,-2.337891,1.954102,18238,17305,17863,17773,6,0.450000,-0.550000,0.300000,0.000000,1772917657279.673,0.464877,-0.590209,0.466758,0.000000,0.000000,0.000000,1.000000,position_only
2026-03-07T21:07:37.297908+00:00,1772917657297.907,0.465820,-0.590820,0.467041,-2.896484,-2.345703,1.945312,18325,17247,18016,17606,6,0.450000,-0.550000,0.300000,0.000000,1772917657296.708,0.464102,-0.590791,0.466713,0.000000,0.000000,0.000000,1.000000,position_only
2026-03-07T21:07:37.308629+00:00,1772917657308.628,0.465332,-0.591309,0.466797,-2.896484,-2.320312,1.954102,18436,17116,18187,17468,6,0.450000,-0.550000,0.300000,0.000000,1772917657305.373,0.463736,-0.591062,0.466725,0.000000,0.000000,0.000000,1.000000,position_only
2026-03-07T21:07:37.318809+00:00,1772917657318.807,0.465088,-0.591797,0.466797,-2.894531,-2.279297,1.970703,18288,17307,18020,17601,6,0.450000,-0.550000,0.300000,0.000000,1772917657313.826,0.463406,-0.591331,0.466700,0.000000,0.000000,0.000000,1.000000,position_only
2026-03-07T21:07:37.328808+00:00,1772917657328.808,0.464600,-0.591797,0.466797,-2.880859,-2.230469,1.975586,18300,17281,18068,17583,6,0.450000,-0.550000,0.300000,0.000000,1772917657322.392,0.463144,-0.591484,0.466669,0.000000,0.000000,0.000000,1.000000,position_only
2026-03-07T21:07:37.337567+00:00,1772917657337.566,0.464111,-0.591797,0.466797,-2.859375,-2.173828,1.986328,18192,17435,17963,17655,6,0.450000,-0.550000,0.300000,0.000000,1772917657330.996,0.462844,-0.591596,0.466654,0.000000,0.000000,0.000000,1.000000,position_only
2026-03-07T21:07:37.348919+00:00,1772917657348.918,0.463867,-0.592285,0.466553,-2.828125,-2.113281,1.991211,18351,17314,18089,17502,6,0.450000,-0.550000,0.300000,0.000000,1772917657348.135,0.462266,-0.591709,0.466588,0.000000,0.000000,0.000000,1.000000,position_only
2026-03-07T21:07:37.358098+00:00,1772917657358.098,0.463623,-0.592285,0.466553,-2.779297,-2.060547,2.001953,18443,17246,18053,17527,6,0.450000,-0.550000,0.300000,0.000000,1772917657356.650,0.462013,-0.591760,0.466538,0.000000,0.000000,0.000000,1.000000,position_only
2026-03-07T21:07:37.368141+00:00,1772917657368.141,0.463379,-0.592285,0.466553,-2.730469,-2.037109,2.011719,18467,17230,18032,17550,6,0.450000,-0.550000,0.300000,0.000000,1772917657365.191,0.461766,-0.591775,0.466473,0.000000,0.000000,0.000000,1.000000,position_only
2026-03-07T21:07:37.379379+00:00,1772917657379.378,0.463135,-0.592285,0.466309,-2.673828,-2.025391,2.019531,18446,17282,17960,17592,6,0.450000,-0.550000,0.300000,0.000000,1772917657373.650,0.461553,-0.591753,0.466403,0.000000,0.000000,0.000000,1.000000,position_only
2026-03-07T21:07:37.389052+00:00,1772917657389.052,0.462891,-0.591797,0.466309,-2.613281,-2.021484,2.019531,18428,17237,17914,17701,6,0.450000,-0.550000,0.300000,0.000000,1772917657382.163,0.461366,-0.591730,0.466357,0.000000,0.000000,0.000000,1.000000,position_only
2026-03-07T21:07:37.399443+00:00,1772917657399.443,0.462646,-0.591797,0.466309,-2.552734,-2.041016,2.011719,18447,17277,17866,17722,6,0.450000,-0.550000,0.300000,0.000000,1772917657399.279,0.461140,-0.591555,0.466209,0.000000,0.000000,0.000000,1.000000,position_only
2026-03-07T21:07:37.408024+00:00,1772917657408.024,0.462646,-0.591797,0.466064,-2.492188,-2.078125,2.009766,18638,17131,17962,17595,6,0.450000,-0.550000,0.300000,0.000000,1772917657407.852,0.461044,-0.591475,0.466175,0.000000,0.000000,0.000000,1.000000,position_only
2026-03-07T21:07:37.417552+00:00,1772917657417.551,0.462646,-0.591309,0.466064,-2.421875,-2.117188,2.017578,18659,17100,17997,17572,6,0.450000,-0.550000,0.300000,0.000000,1772917657416.348,0.460974,-0.591346,0.466096,0.000000,0.000000,0.000000,1.000000,position_only
2026-03-07T21:07:37.427410+00:00,1772917657427.409,0.462402,-0.591309,0.466064,-2.339844,-2.152344,2.019531,18519,17229,17874,17706,6,0.450000,-0.550000,0.300000,0.000000,1772917657424.838,0.460909,-0.591147,0.466032,0.000000,0.000000,0.000000,1.000000,position_only
2026-03-07T21:07:37.439359+00:00,1772917657439.359,0.462402,-0.591309,0.466064,-2.339844,-2.152344,2.019531,18646,17103,18051,17532,6,0.450000,-0.550000,0.300000,0.000000,1772917657433.340,0.460817,-0.590931,0.465978,0.000000,0.000000,0.000000,1.000000,position_only
2026-03-07T21:07:37.448257+00:00,1772917657448.257,0.462158,-0.590820,0.465820,-2.273438,-2.181641,2.025391,18676,17085,18031,17550,6,0.450000,-0.550000,0.300000,0.000000,1772917657441.982,0.460754,-0.590655,0.465880,0.000000,0.000000,0.000000,1.000000,position_only
2026-03-07T21:07:37.457993+00:00,1772917657457.993,0.462158,-0.590332,0.465820,-2.195312,-2.201172,2.035156,18580,17164,18002,17604,6,0.450000,-0.550000,0.300000,0.000000,1772917657450.507,0.460701,-0.590360,0.465801,0.000000,0.000000,0.000000,1.000000,position_only
2026-03-07T21:07:37.468006+00:00,1772917657468.006,0.462158,-0.589844,0.465576,-2.125000,-2.208984,2.050781,18445,17301,17923,17684,6,0.450000,-0.550000,0.300000,0.000000,1772917657467.807,0.460579,-0.589468,0.465595,0.000000,0.000000,0.000000,1.000000,position_only
2026-03-07T21:07:37.478244+00:00,1772917657478.244,0.462402,-0.589355,0.465576,-2.048828,-2.193359,2.052734,18501,17248,18048,17560,6,0.450000,-0.550000,0.300000,0.000000,1772917657476.566,0.460576,-0.589207,0.465522,0.000000,0.000000,0.000000,1.000000,position_only
2026-03-07T21:07:37.488480+00:00,1772917657488.480,0.462402,-0.588867,0.465576,-1.984375,-2.166016,2.056641,18559,17197,18110,17499,6,0.450000,-0.550000,0.300000,0.000000,1772917657485.184,0.460626,-0.588866,0.465413,0.000000,0.000000,0.000000,1.000000,position_only
2026-03-07T21:07:37.498161+00:00,1772917657498.161,0.462402,-0.588379,0.465332,-1.907227,-2.111328,2.072266,18469,17351,18052,17496,6,0.450000,-0.550000,0.300000,0.000000,1772917657493.699,0.460626,-0.588866,0.465413,0.000000,0.000000,0.000000,1.000000,position_only
2026-03-07T21:07:37.508087+00:00,1772917657508.087,0.462646,-0.587891,0.465332,-1.821289,-2.041016,2.082031,18543,17243,18169,17410,6,0.450000,-0.550000,0.300000,0.000000,1772917657502.363,0.460749,-0.587998,0.465196,0.000000,0.000000,0.000000,1.000000,position_only
2026-03-07T21:07:37.518935+00:00,1772917657518.933,0.462646,-0.587402,0.465088,-1.739258,-1.961914,2.097656,18376,17471,17963,17556,6,0.450000,-0.550000,0.300000,0.000000,1772917657518.890,0.460921,-0.587058,0.465042,0.000000,0.000000,0.000000,1.000000,position_only
2026-03-07T21:07:37.529019+00:00,1772917657529.019,0.462891,-0.586914,0.465088,-1.633789,-1.876953,2.101562,18510,17333,18078,17451,6,0.450000,-0.550000,0.300000,0.000000,1772917657527.507,0.461021,-0.586636,0.464951,0.000000,0.000000,0.000000,1.000000,position_only
2026-03-07T21:07:37.539320+00:00,1772917657539.320,0.463135,-0.586426,0.464844,-1.537109,-1.798828,2.111328,18517,17370,18064,17427,6,0.450000,-0.550000,0.300000,0.000000,1772917657536.010,0.461136,-0.586173,0.464871,0.000000,0.000000,0.000000,1.000000,position_only
2026-03-07T21:07:37.549756+00:00,1772917657549.755,0.463379,-0.585449,0.464844,-1.418945,-1.708984,2.125000,18529,17394,18014,17446,6,0.450000,-0.550000,0.300000,0.000000,1772917657544.512,0.461255,-0.585711,0.464821,0.000000,0.000000,0.000000,1.000000,position_only
2026-03-07T21:07:37.559713+00:00,1772917657559.713,0.463379,-0.584961,0.464844,-1.301758,-1.633789,2.132812,18458,17459,17934,17536,6,0.450000,-0.550000,0.300000,0.000000,1772917657553.469,0.461430,-0.585271,0.464712,0.000000,0.000000,0.000000,1.000000,position_only
2026-03-07T21:07:37.568829+00:00,1772917657568.829,0.463623,-0.583984,0.464600,-1.173828,-1.558594,2.140625,18657,17262,18064,17406,6,0.450000,-0.550000,0.300000,0.000000,1772917657562.040,0.461608,-0.584733,0.464611,0.000000,0.000000,0.000000,1.000000,position_only
2026-03-07T21:07:37.579370+00:00,1772917657579.370,0.464111,-0.583496,0.464600,-1.053711,-1.506836,2.154297,18593,17401,17971,17420,6,0.450000,-0.550000,0.300000,0.000000,1772917657578.590,0.462004,-0.583629,0.464424,0.000000,0.000000,0.000000,1.000000,position_only
2026-03-07T21:07:37.588905+00:00,1772917657588.905,0.464355,-0.582520,0.464355,-0.919434,-1.457031,2.160156,18623,17340,17923,17490,6,0.450000,-0.550000,0.300000,0.000000,1772917657587.226,0.462163,-0.583084,0.464353,0.000000,0.000000,0.000000,1.000000,position_only
2026-03-07T21:07:37.598562+00:00,1772917657598.562,0.464600,-0.582031,0.464355,-0.806152,-1.437500,2.160156,18656,17309,17920,17479,6,0.450000,-0.550000,0.300000,0.000000,1772917657595.735,0.462342,-0.582619,0.464294,0.000000,0.000000,0.000000,1.000000,position_only
2026-03-07T21:07:37.608336+00:00,1772917657608.336,0.465088,-0.581055,0.464355,-0.690918,-1.426758,2.164062,18688,17274,17936,17467,6,0.450000,-0.550000,0.300000,0.000000,1772917657604.357,0.462599,-0.582069,0.464159,0.000000,0.000000,0.000000,1.000000,position_only
2026-03-07T21:07:37.620387+00:00,1772917657620.386,0.465332,-0.580078,0.464111,-0.568359,-1.416992,2.169922,18707,17272,17872,17518,6,0.450000,-0.550000,0.300000,0.000000,1772917657612.846,0.462757,-0.581514,0.464115,0.000000,0.000000,0.000000,1.000000,position_only
2026-03-07T21:07:37.629572+00:00,1772917657629.571,0.465576,-0.579590,0.464111,-0.447021,-1.407227,2.175781,18763,17200,17987,17415,6,0.450000,-0.550000,0.300000,0.000000,1772917657621.501,0.463052,-0.580883,0.464043,0.000000,0.000000,0.000000,1.000000,position_only
2026-03-07T21:07:37.639197+00:00,1772917657639.197,0.466064,-0.578613,0.464111,-0.335205,-1.408203,2.187500,18717,17196,17958,17496,6,0.450000,-0.550000,0.300000,0.000000,1772917657638.677,0.463678,-0.579745,0.463837,0.000000,0.000000,0.000000,1.000000,position_only
2026-03-07T21:07:37.648281+00:00,1772917657648.281,0.466309,-0.578125,0.463867,-0.247803,-1.407227,2.193359,18667,17215,17940,17550,6,0.450000,-0.550000,0.300000,0.000000,1772917657647.206,0.463900,-0.579215,0.463747,0.000000,0.000000,0.000000,1.000000,position_only
2026-03-07T21:07:37.659606+00:00,1772917657659.606,0.466309,-0.578125,0.463867,-0.247803,-1.407227,2.193359,18515,17333,17874,17652,6,0.450000,-0.550000,0.300000,0.000000,1772917657655.706,0.464119,-0.578622,0.463670,0.000000,0.000000,0.000000,1.000000,position_only
2026-03-07T21:07:37.670260+00:00,1772917657670.259,0.467041,-0.576660,0.463867,-0.118652,-1.375000,2.199219,18595,17144,18086,17547,6,0.450000,-0.550000,0.300000,0.000000,1772917657664.281,0.464377,-0.578051,0.463562,0.000000,0.000000,0.000000,1.000000,position_only
2026-03-07T21:07:37.679289+00:00,1772917657679.289,0.466797,-0.576660,0.463867,-0.118652,-1.375000,2.199219,18536,17259,18056,17521,6,0.450000,-0.550000,0.300000,0.000000,1772917657673.202,0.464757,-0.577417,0.463454,0.000000,0.000000,0.000000,1.000000,position_only
2026-03-07T21:07:37.689935+00:00,1772917657689.935,0.467285,-0.575684,0.463623,-0.077332,-1.336914,2.208984,18599,17207,18147,17426,6,0.450000,-0.550000,0.300000,0.000000,1772917657681.950,0.465111,-0.576849,0.463400,0.000000,0.000000,0.000000,1.000000,position_only
2026-03-07T21:07:37.699718+00:00,1772917657699.718,0.467773,-0.575195,0.463623,-0.029419,-1.274414,2.220703,18554,17256,18135,17446,6,0.450000,-0.550000,0.300000,0.000000,1772917657699.188,0.465676,-0.575762,0.463193,0.000000,0.000000,0.000000,1.000000,position_only
2026-03-07T21:07:37.710368+00:00,1772917657710.368,0.468262,-0.574219,0.463623,0.012238,-1.201172,2.238281,18424,17355,18001,17613,6,0.450000,-0.550000,0.300000,0.000000,1772917657707.707,0.465946,-0.575215,0.463115,0.000000,0.000000,0.000000,1.000000,position_only
2026-03-07T21:07:37.720433+00:00,1772917657720.432,0.468750,-0.573730,0.463379,0.061462,-1.117188,2.251953,18476,17348,18129,17448,6,0.450000,-0.550000,0.300000,0.000000,1772917657716.589,0.466322,-0.574541,0.463033,0.000000,0.000000,0.000000,1.000000,position_only
2026-03-07T21:07:37.728913+00:00,1772917657728.913,0.469238,-0.572754,0.463379,0.104675,-1.030273,2.261719,18427,17388,18039,17563,6,0.450000,-0.550000,0.300000,0.000000,1772917657725.405,0.466636,-0.573979,0.462958,0.000000,0.000000,0.000000,1.000000,position_only
2026-03-07T21:07:37.739571+00:00,1772917657739.570,0.469727,-0.572266,0.463135,0.149170,-0.947266,2.269531,18578,17285,18219,17340,6,0.450000,-0.550000,0.300000,0.000000,1772917657734.055,0.466938,-0.573467,0.462914,0.000000,0.000000,0.000000,1.000000,position_only
2026-03-07T21:07:37.749383+00:00,1772917657749.383,0.470215,-0.571289,0.463135,0.202393,-0.849609,2.287109,18668,17205,18279,17267,6,0.450000,-0.550000,0.300000,0.000000,1772917657742.576,0.467266,-0.572926,0.462833,0.000000,0.000000,0.000000,1.000000,position_only
2026-03-07T21:07:37.759039+00:00,1772917657759.039,0.470459,-0.570801,0.463135,0.268799,-0.739258,2.314453,18506,17459,18034,17427,6,0.450000,-0.550000,0.300000,0.000000,1772917657751.251,0.467948,-0.571851,0.462643,0.000000,0.000000,0.000000,1.000000,position_only
2026-03-07T21:07:37.768946+00:00,1772917657768.945,0.470947,-0.570312,0.462891,0.346191,-0.642090,2.326172,18485,17456,18070,17423,6,0.450000,-0.550000,0.300000,0.000000,1772917657768.831,0.468596,-0.570744,0.462518,0.000000,0.000000,0.000000,1.000000,position_only
2026-03-07T21:07:37.779714+00:00,1772917657779.714,0.471436,-0.569336,0.462891,0.427002,-0.532227,2.333984,18580,17385,18168,17306,6,0.450000,-0.550000,0.300000,0.000000,1772917657777.529,0.468899,-0.570244,0.462431,0.000000,0.000000,0.000000,1.000000,position_only
2026-03-07T21:07:37.788891+00:00,1772917657788.890,0.471924,-0.568848,0.462646,0.501953,-0.427979,2.349609,18684,17310,18203,17248,6,0.450000,-0.550000,0.300000,0.000000,1772917657786.138,0.469272,-0.569773,0.462323,0.000000,0.000000,0.000000,1.000000,position_only
2026-03-07T21:07:37.799752+00:00,1772917657799.751,0.472412,-0.567871,0.462646,0.584473,-0.335693,2.367188,18577,17432,18114,17327,6,0.450000,-0.550000,0.300000,0.000000,1772917657794.909,0.469634,-0.569342,0.462281,0.000000,0.000000,0.000000,1.000000,position_only
2026-03-07T21:07:37.810507+00:00,1772917657810.506,0.472900,-0.567383,0.462402,0.664551,-0.249146,2.382812,18530,17465,18050,17409,6,0.450000,-0.550000,0.300000,0.000000,1772917657803.820,0.469994,-0.568813,0.462222,0.000000,0.000000,0.000000,1.000000,position_only
2026-03-07T21:07:37.819406+00:00,1772917657819.405,0.473389,-0.566895,0.462402,0.739746,-0.173828,2.390625,18690,17332,18165,17259,6,0.450000,-0.550000,0.300000,0.000000,1772917657812.728,0.470329,-0.568387,0.462076,0.000000,0.000000,0.000000,1.000000,position_only
2026-03-07T21:07:37.829857+00:00,1772917657829.856,0.473633,-0.566406,0.462402,0.822266,-0.104614,2.404297,18687,17338,18093,17326,6,0.450000,-0.550000,0.300000,0.000000,1772917657821.283,0.470649,-0.567950,0.461979,0.000000,0.000000,0.000000,1.000000,position_only
2026-03-07T21:07:37.839944+00:00,1772917657839.943,0.474121,-0.565918,0.462158,0.904785,-0.046021,2.416016,18656,17366,18107,17313,6,0.450000,-0.550000,0.300000,0.000000,1772917657838.649,0.471223,-0.567068,0.461826,0.000000,0.000000,0.000000,1.000000,position_only
2026-03-07T21:07:37.848368+00:00,1772917657848.367,0.474609,-0.564941,0.462158,0.972656,0.007328,2.429688,18679,17302,18143,17318,6,0.450000,-0.550000,0.300000,0.000000,1772917657847.215,0.471513,-0.566639,0.461768,0.000000,0.000000,0.000000,1.000000,position_only
2026-03-07T21:07:37.859512+00:00,1772917657859.512,0.474854,-0.564453,0.462158,1.027344,0.048981,2.445312,18737,17245,18167,17287,6,0.450000,-0.550000,0.300000,0.000000,1772917657855.825,0.471834,-0.566206,0.461699,0.000000,0.000000,0.000000,1.000000,position_only
2026-03-07T21:07:37.871810+00:00,1772917657871.810,0.475098,-0.564453,0.461914,1.079102,0.085266,2.458984,18660,17298,18066,17404,6,0.450000,-0.550000,0.300000,0.000000,1772917657864.711,0.472157,-0.565845,0.461637,0.000000,0.000000,0.000000,1.000000,position_only
2026-03-07T21:07:37.879568+00:00,1772917657879.568,0.475830,-0.563477,0.461914,1.113281,0.088013,2.464844,18691,17228,18059,17438,6,0.450000,-0.550000,0.300000,0.000000,1772917657873.237,0.472488,-0.565401,0.461554,0.000000,0.000000,0.000000,1.000000,position_only
2026-03-07T21:07:37.890006+00:00,1772917657890.006,0.476074,-0.562988,0.461914,1.136719,0.079529,2.472656,18720,17161,18079,17455,6,0.450000,-0.550000,0.300000,0.000000,1772917657881.829,0.472761,-0.565094,0.461456,0.000000,0.000000,0.000000,1.000000,position_only
2026-03-07T21:07:37.899742+00:00,1772917657899.742,0.476318,-0.562988,0.461914,1.148438,0.066040,2.482422,18791,17091,18162,17373,6,0.450000,-0.550000,0.300000,0.000000,1772917657898.844,0.473296,-0.564480,0.461345,0.000000,0.000000,0.000000,1.000000,position_only
2026-03-07T21:07:37.908841+00:00,1772917657908.840,0.476562,-0.562500,0.461670,1.152344,0.036713,2.500000,18619,17261,17944,17580,6,0.450000,-0.550000,0.300000,0.000000,1772917657907.642,0.473602,-0.564202,0.461244,0.000000,0.000000,0.000000,1.000000,position_only
2026-03-07T21:07:37.919116+00:00,1772917657919.115,0.477051,-0.562012,0.461670,1.159180,0.003914,2.503906,18699,17139,18040,17518,6,0.450000,-0.550000,0.300000,0.000000,1772917657916.591,0.473898,-0.563877,0.461163,0.000000,0.000000,0.000000,1.000000,position_only
2026-03-07T21:07:37.928396+00:00,1772917657928.395,0.477295,-0.562012,0.461670,1.154297,-0.032532,2.513672,18649,17229,17958,17568,6,0.450000,-0.550000,0.300000,0.000000,1772917657925.531,0.474221,-0.563574,0.461089,0.000000,0.000000,0.000000,1.000000,position_only
2026-03-07T21:07:37.940942+00:00,1772917657940.941,0.477539,-0.561523,0.461670,1.158203,-0.065796,2.519531,18704,17124,18068,17509,6,0.450000,-0.550000,0.300000,0.000000,1772917657934.033,0.474507,-0.563259,0.461057,0.000000,0.000000,0.000000,1.000000,position_only
2026-03-07T21:07:37.949940+00:00,1772917657949.939,0.478027,-0.561035,0.461670,1.148438,-0.098450,2.531250,18643,17159,18015,17577,6,0.450000,-0.550000,0.300000,0.000000,1772917657942.857,0.474960,-0.562710,0.460971,0.000000,0.000000,0.000000,1.000000,position_only
2026-03-07T21:07:37.958994+00:00,1772917657958.993,0.478027,-0.561035,0.461426,1.128906,-0.123108,2.537109,18714,17103,18110,17484,6,0.450000,-0.550000,0.300000,0.000000,1772917657951.424,0.475168,-0.562514,0.460884,0.000000,0.000000,0.000000,1.000000,position_only
2026-03-07T21:07:37.968721+00:00,1772917657968.720,0.478516,-0.560547,0.461426,1.101562,-0.151123,2.548828,18706,17105,18161,17461,6,0.450000,-0.550000,0.300000,0.000000,1772917657959.885,0.475432,-0.562315,0.460780,0.000000,0.000000,0.000000,1.000000,position_only
2026-03-07T21:07:37.980226+00:00,1772917657980.225,0.478760,-0.560547,0.461426,1.078125,-0.155273,2.558594,18688,17115,18163,17484,6,0.450000,-0.550000,0.300000,0.000000,1772917657977.332,0.475857,-0.561881,0.460663,0.000000,0.000000,0.000000,1.000000,position_only
2026-03-07T21:07:37.989716+00:00,1772917657989.715,0.479004,-0.560059,0.461182,1.043945,-0.154419,2.568359,18632,17167,18165,17494,6,0.450000,-0.550000,0.300000,0.000000,1772917657985.854,0.476087,-0.561721,0.460580,0.000000,0.000000,0.000000,1.000000,position_only
2026-03-07T21:07:38.001019+00:00,1772917658001.018,0.479492,-0.560059,0.461182,1.004883,-0.139893,2.580078,18682,17077,18302,17407,6,0.450000,-0.550000,0.300000,0.000000,1772917657994.359,0.476294,-0.561542,0.460527,0.000000,0.000000,0.000000,1.000000,position_only
2026-03-07T21:07:38.010324+00:00,1772917658010.323,0.479492,-0.560059,0.460938,0.956055,-0.109009,2.603516,18804,16977,18458,17240,6,0.450000,-0.550000,0.300000,0.000000,1772917658003.172,0.476528,-0.561378,0.460487,0.000000,0.000000,0.000000,1.000000,position_only
2026-03-07T21:07:38.019843+00:00,1772917658019.842,0.479736,-0.560059,0.460938,0.912109,-0.065186,2.628906,18528,17239,18259,17457,6,0.450000,-0.550000,0.300000,0.000000,1772917658011.734,0.476750,-0.561275,0.460440,0.000000,0.000000,0.000000,1.000000,position_only
2026-03-07T21:07:38.029767+00:00,1772917658029.766,0.480225,-0.559570,0.460938,0.864258,-0.009239,2.642578,18623,17134,18407,17324,6,0.450000,-0.550000,0.300000,0.000000,1772917658028.989,0.477198,-0.560996,0.460338,0.000000,0.000000,0.000000,1.000000,position_only
2026-03-07T21:07:38.039143+00:00,1772917658039.142,0.479980,-0.560059,0.460693,0.866699,-0.002691,2.642578,18582,17150,18373,17386,6,0.450000,-0.550000,0.300000,0.000000,1772917658037.771,0.477384,-0.560919,0.460271,0.000000,0.000000,0.000000,1.000000,position_only
2026-03-07T21:07:38.048844+00:00,1772917658048.843,0.480713,-0.559570,0.460693,0.759277,0.112549,2.679688,18561,17207,18360,17366,6,0.450000,-0.550000,0.300000,0.000000,1772917658046.289,0.477552,-0.560825,0.460210,0.000000,0.000000,0.000000,1.000000,position_only
2026-03-07T21:07:38.061746+00:00,1772917658061.745,0.480957,-0.559570,0.460693,0.716309,0.179199,2.697266,18668,17142,18451,17235,6,0.450000,-0.550000,0.300000,0.000000,1772917658054.766,0.477716,-0.560750,0.460153,0.000000,0.000000,0.000000,1.000000,position_only
2026-03-07T21:07:38.070197+00:00,1772917658070.196,0.480469,-0.559570,0.460449,0.720703,0.192383,2.697266,18548,17336,18310,17309,6,0.450000,-0.550000,0.300000,0.000000,1772917658063.300,0.477854,-0.560662,0.460104,0.000000,0.000000,0.000000,1.000000,position_only
2026-03-07T21:07:38.079242+00:00,1772917658079.241,0.480957,-0.559570,0.460449,0.704102,0.274902,2.720703,18541,17301,18295,17361,6,0.450000,-0.550000,0.300000,0.000000,1772917658071.941,0.478000,-0.560570,0.460057,0.000000,0.000000,0.000000,1.000000,position_only
2026-03-07T21:07:38.088996+00:00,1772917658088.994,0.480957,-0.559570,0.460449,0.696289,0.353516,2.734375,18614,17254,18265,17357,6,0.450000,-0.550000,0.300000,0.000000,1772917658080.802,0.478126,-0.560595,0.460016,0.000000,0.000000,0.000000,1.000000,position_only
2026-03-07T21:07:38.099898+00:00,1772917658099.897,0.481201,-0.559570,0.460449,0.683105,0.406006,2.750000,18592,17341,18131,17434,6,0.450000,-0.550000,0.300000,0.000000,1772917658098.274,0.478408,-0.560507,0.459886,0.000000,0.000000,0.000000,1.000000,position_only
2026-03-07T21:07:38.109930+00:00,1772917658109.929,0.481445,-0.559570,0.460205,0.683105,0.429443,2.757812,18625,17294,18199,17393,6,0.450000,-0.550000,0.300000,0.000000,1772917658106.833,0.478548,-0.560482,0.459825,0.000000,0.000000,0.000000,1.000000,position_only
2026-03-07T21:07:38.118546+00:00,1772917658118.544,0.481445,-0.559570,0.460205,0.688477,0.449219,2.761719,18755,17247,18239,17268,6,0.450000,-0.550000,0.300000,0.000000,1772917658115.746,0.478659,-0.560448,0.459779,0.000000,0.000000,0.000000,1.000000,position_only
2026-03-07T21:07:38.131668+00:00,1772917658131.666,0.481689,-0.559570,0.460205,0.705566,0.461182,2.775391,18754,17276,18105,17375,6,0.450000,-0.550000,0.300000,0.000000,1772917658124.309,0.478777,-0.560484,0.459733,0.000000,0.000000,0.000000,1.000000,position_only
2026-03-07T21:07:38.140360+00:00,1772917658140.359,0.481689,-0.559570,0.459961,0.731445,0.456787,2.783203,18833,17183,18162,17342,6,0.450000,-0.550000,0.300000,0.000000,1772917658132.837,0.478876,-0.560486,0.459701,0.000000,0.000000,0.000000,1.000000,position_only
2026-03-07T21:07:38.149585+00:00,1772917658149.584,0.481689,-0.559570,0.459961,0.760254,0.417969,2.791016,18790,17240,18082,17407,6,0.450000,-0.550000,0.300000,0.000000,1772917658141.362,0.478991,-0.560520,0.459644,0.000000,0.000000,0.000000,1.000000,position_only
2026-03-07T21:07:38.159478+00:00,1772917658159.477,0.481934,-0.559570,0.459961,0.777344,0.365234,2.796875,18874,17130,18114,17400,6,0.450000,-0.550000,0.300000,0.000000,1772917658158.589,0.479159,-0.560590,0.459589,0.000000,0.000000,0.000000,1.000000,position_only
2026-03-07T21:07:38.170342+00:00,1772917658170.341,0.481934,-0.559570,0.459961,0.791992,0.294434,2.806641,18855,17144,18093,17426,6,0.450000,-0.550000,0.300000,0.000000,1772917658167.140,0.479250,-0.560656,0.459559,0.000000,0.000000,0.000000,1.000000,position_only
2026-03-07T21:07:38.180282+00:00,1772917658180.281,0.481934,-0.560059,0.459717,0.793945,0.219971,2.816406,18936,17024,18216,17336,6,0.450000,-0.550000,0.300000,0.000000,1772917658175.762,0.479311,-0.560700,0.459539,0.000000,0.000000,0.000000,1.000000,position_only
2026-03-07T21:07:38.190327+00:00,1772917658190.326,0.481934,-0.560059,0.459717,0.785156,0.156494,2.833984,18815,17069,18159,17458,6,0.450000,-0.550000,0.300000,0.000000,1772917658184.322,0.479479,-0.560881,0.459502,0.000000,0.000000,0.000000,1.000000,position_only
2026-03-07T21:07:38.199567+00:00,1772917658199.566,0.482178,-0.560059,0.459717,0.751953,0.090637,2.845703,18798,17016,18192,17485,6,0.450000,-0.550000,0.300000,0.000000,1772917658192.821,0.479546,-0.560906,0.459471,0.000000,0.000000,0.000000,1.000000,position_only
2026-03-07T21:07:38.209522+00:00,1772917658209.521,0.481934,-0.560059,0.459717,0.696289,0.027878,2.861328,18810,16963,18306,17413,6,0.450000,-0.550000,0.300000,0.000000,1772917658201.304,0.479546,-0.560906,0.459471,0.000000,0.000000,0.000000,1.000000,position_only
2026-03-07T21:07:38.219634+00:00,1772917658219.633,0.482178,-0.560547,0.459717,0.630859,-0.016403,2.880859,18732,16967,18288,17500,6,0.450000,-0.550000,0.300000,0.000000,1772917658218.287,0.479698,-0.561169,0.459418,0.000000,0.000000,0.000000,1.000000,position_only
2026-03-07T21:07:38.229621+00:00,1772917658229.620,0.482178,-0.560547,0.459717,0.542969,-0.066650,2.896484,18704,16941,18361,17483,6,0.450000,-0.550000,0.300000,0.000000,1772917658226.765,0.479733,-0.561284,0.459402,0.000000,0.000000,0.000000,1.000000,position_only
2026-03-07T21:07:38.242023+00:00,1772917658242.021,0.482178,-0.560547,0.459717,0.430664,-0.109070,2.914062,18718,16919,18436,17415,6,0.450000,-0.550000,0.300000,0.000000,1772917658235.361,0.479773,-0.561346,0.459388,0.000000,0.000000,0.000000,1.000000,position_only
2026-03-07T21:07:38.250100+00:00,1772917658250.099,0.482178,-0.561035,0.459717,0.335205,-0.124756,2.933594,18724,16926,18502,17334,6,0.450000,-0.550000,0.300000,0.000000,1772917658243.841,0.479812,-0.561476,0.459369,0.000000,0.000000,0.000000,1.000000,position_only
2026-03-07T21:07:38.260367+00:00,1772917658260.366,0.482178,-0.561035,0.459473,0.233154,-0.121155,2.957031,18527,17113,18322,17522,6,0.450000,-0.550000,0.300000,0.000000,1772917658252.372,0.479809,-0.561565,0.459357,0.000000,0.000000,0.000000,1.000000,position_only
2026-03-07T21:07:38.270097+00:00,1772917658270.096,0.482178,-0.561523,0.459473,0.142822,-0.111633,2.966797,18552,17066,18398,17464,6,0.450000,-0.550000,0.300000,0.000000,1772917658269.369,0.479796,-0.561779,0.459344,0.000000,0.000000,0.000000,1.000000,position_only
2026-03-07T21:07:38.279199+00:00,1772917658279.198,0.482178,-0.561523,0.459473,0.052094,-0.084717,2.986328,18550,17107,18416,17408,6,0.450000,-0.550000,0.300000,0.000000,1772917658277.866,0.479813,-0.561850,0.459318,0.000000,0.000000,0.000000,1.000000,position_only
2026-03-07T21:07:38.290486+00:00,1772917658290.485,0.481934,-0.561523,0.459473,0.052094,-0.084717,2.986328,18515,17190,18314,17448,6,0.450000,-0.550000,0.300000,0.000000,1772917658286.445,0.479804,-0.561963,0.459313,0.000000,0.000000,0.000000,1.000000,position_only
2026-03-07T21:07:38.302019+00:00,1772917658302.016,0.481934,-0.561523,0.459473,-0.017014,-0.054749,2.998047,18688,17061,18407,17297,6,0.450000,-0.550000,0.300000,0.000000,1772917658294.944,0.479809,-0.562073,0.459298,0.000000,0.000000,0.000000,1.000000,position_only
2026-03-07T21:07:38.310207+00:00,1772917658310.206,0.481934,-0.562012,0.459473,-0.069763,-0.024155,3.017578,18760,17045,18422,17221,6,0.450000,-0.550000,0.300000,0.000000,1772917658303.484,0.479787,-0.562184,0.459302,0.000000,0.000000,0.000000,1.000000,position_only
2026-03-07T21:07:38.320949+00:00,1772917658320.948,0.481934,-0.562012,0.459473,-0.100525,-0.007778,3.039062,18738,17096,18323,17288,6,0.450000,-0.550000,0.300000,0.000000,1772917658320.423,0.479714,-0.562424,0.459280,0.000000,0.000000,0.000000,1.000000,position_only
2026-03-07T21:07:38.330171+00:00,1772917658330.170,0.481934,-0.562500,0.459473,-0.114685,0.003862,3.054688,18718,17175,18283,17260,6,0.450000,-0.550000,0.300000,0.000000,1772917658328.882,0.479647,-0.562560,0.459285,0.000000,0.000000,0.000000,1.000000,position_only
2026-03-07T21:07:38.340667+00:00,1772917658340.665,0.481934,-0.562500,0.459473,-0.100220,0.015533,3.074219,18844,17087,18362,17138,6,0.450000,-0.550000,0.300000,0.000000,1772917658337.530,0.479621,-0.562681,0.459291,0.000000,0.000000,0.000000,1.000000,position_only
2026-03-07T21:07:38.349720+00:00,1772917658349.718,0.481934,-0.562500,0.459473,-0.079346,0.027008,3.091797,18742,17196,18185,17302,6,0.450000,-0.550000,0.300000,0.000000,1772917658346.068,0.479597,-0.562783,0.459296,0.000000,0.000000,0.000000,1.000000,position_only
2026-03-07T21:07:38.361162+00:00,1772917658361.161,0.481934,-0.562988,0.459717,-0.045807,0.021652,3.105469,18828,17164,18210,17220,6,0.450000,-0.550000,0.300000,0.000000,1772917658354.529,0.479566,-0.562923,0.459306,0.000000,0.000000,0.000000,1.000000,position_only
2026-03-07T21:07:38.371120+00:00,1772917658371.119,0.481689,-0.562988,0.459717,-0.004166,0.004391,3.115234,18845,17096,18185,17292,6,0.450000,-0.550000,0.300000,0.000000,1772917658363.041,0.479555,-0.562999,0.459325,0.000000,0.000000,0.000000,1.000000,position_only
2026-03-07T21:07:38.380145+00:00,1772917658380.144,0.481689,-0.562988,0.459717,0.027405,-0.041382,3.128906,18902,17107,18172,17226,6,0.450000,-0.550000,0.300000,0.000000,1772917658371.587,0.479513,-0.563159,0.459319,0.000000,0.000000,0.000000,1.000000,position_only
2026-03-07T21:07:38.389819+00:00,1772917658389.818,0.481445,-0.563477,0.459717,0.073975,-0.086975,3.138672,18893,17067,18180,17251,6,0.450000,-0.550000,0.300000,0.000000,1772917658388.968,0.479398,-0.563429,0.459368,0.000000,0.000000,0.000000,1.000000,position_only
2026-03-07T21:07:38.401073+00:00,1772917658401.072,0.481445,-0.563477,0.459717,0.111023,-0.144287,3.152344,18950,16982,18219,17231,6,0.450000,-0.550000,0.300000,0.000000,1772917658397.492,0.479347,-0.563592,0.459395,0.000000,0.000000,0.000000,1.000000,position_only
2026-03-07T21:07:38.411768+00:00,1772917658411.767,0.481445,-0.563477,0.459717,0.136719,-0.202881,3.164062,18765,17125,18074,17418,6,0.450000,-0.550000,0.300000,0.000000,1772917658405.991,0.479358,-0.563666,0.459407,0.000000,0.000000,0.000000,1.000000,position_only
2026-03-07T21:07:38.420921+00:00,1772917658420.920,0.481445,-0.563965,0.459717,0.155029,-0.270508,3.164062,18772,17083,18060,17454,6,0.450000,-0.550000,0.300000,0.000000,1772917658414.588,0.479299,-0.563792,0.459430,0.000000,0.000000,0.000000,1.000000,position_only
2026-03-07T21:07:38.429427+00:00,1772917658429.426,0.481201,-0.563965,0.459961,0.150635,-0.340332,3.166016,18690,17117,18004,17548,6,0.450000,-0.550000,0.300000,0.000000,1772917658423.262,0.479247,-0.563950,0.459448,0.000000,0.000000,0.000000,1.000000,position_only
2026-03-07T21:07:38.440592+00:00,1772917658440.591,0.481201,-0.563965,0.459961,0.131958,-0.408447,3.164062,18864,16963,18137,17400,6,0.450000,-0.550000,0.300000,0.000000,1772917658440.278,0.479156,-0.564211,0.459512,0.000000,0.000000,0.000000,1.000000,position_only
2026-03-07T21:07:38.450447+00:00,1772917658450.447,0.480957,-0.564453,0.459961,0.109375,-0.491699,3.169922,18889,16850,18220,17407,6,0.450000,-0.550000,0.300000,0.000000,1772917658448.997,0.479086,-0.564299,0.459545,0.000000,0.000000,0.000000,1.000000,position_only
2026-03-07T21:07:38.460326+00:00,1772917658460.324,0.480957,-0.564453,0.459961,0.068054,-0.572754,3.183594,18898,16823,18241,17410,6,0.450000,-0.550000,0.300000,0.000000,1772917658457.529,0.479051,-0.564437,0.459575,0.000000,0.000000,0.000000,1.000000,position_only
2026-03-07T21:07:38.470172+00:00,1772917658470.171,0.480957,-0.564453,0.459961,0.012573,-0.665527,3.197266,18910,16789,18231,17444,6,0.450000,-0.550000,0.300000,0.000000,1772917658466.013,0.479040,-0.564527,0.459588,0.000000,0.000000,0.000000,1.000000,position_only
2026-03-07T21:07:38.481056+00:00,1772917658481.054,0.480957,-0.564941,0.459961,-0.037323,-0.745605,3.208984,18742,16920,18162,17549,6,0.450000,-0.550000,0.300000,0.000000,1772917658474.551,0.478996,-0.564621,0.459630,0.000000,0.000000,0.000000,1.000000,position_only
2026-03-07T21:07:38.490634+00:00,1772917658490.633,0.480713,-0.564941,0.459961,-0.111267,-0.825195,3.210938,18694,16942,18176,17561,6,0.450000,-0.550000,0.300000,0.000000,1772917658483.066,0.478978,-0.564717,0.459656,0.000000,0.000000,0.000000,1.000000,position_only
2026-03-07T21:07:38.500367+00:00,1772917658500.366,0.480713,-0.564941,0.460205,-0.183228,-0.880371,3.218750,18738,16875,18251,17510,6,0.450000,-0.550000,0.300000,0.000000,1772917658491.787,0.478965,-0.564814,0.459685,0.000000,0.000000,0.000000,1.000000,position_only
2026-03-07T21:07:38.510310+00:00,1772917658510.309,0.480713,-0.564941,0.459961,-0.183228,-0.880371,3.218750,18698,16877,18262,17539,6,0.450000,-0.550000,0.300000,0.000000,1772917658508.923,0.478918,-0.565013,0.459749,0.000000,0.000000,0.000000,1.000000,position_only
2026-03-07T21:07:38.520930+00:00,1772917658520.929,0.480713,-0.565430,0.460205,-0.361572,-0.970703,3.242188,18689,16850,18335,17497,6,0.450000,-0.550000,0.300000,0.000000,1772917658517.580,0.478835,-0.565152,0.459829,0.000000,0.000000,0.000000,1.000000,position_only
2026-03-07T21:07:38.531038+00:00,1772917658531.037,0.480713,-0.565430,0.460205,-0.361572,-0.970703,3.242188,18641,16967,18233,17535,6,0.450000,-0.550000,0.300000,0.000000,1772917658526.330,0.478830,-0.565203,0.459863,0.000000,0.000000,0.000000,1.000000,position_only
2026-03-07T21:07:38.543002+00:00,1772917658543.000,0.480713,-0.565430,0.460205,-0.448242,-0.988281,3.250000,18643,16908,18314,17516,6,0.450000,-0.550000,0.300000,0.000000,1772917658534.825,0.478792,-0.565275,0.459922,0.000000,0.000000,0.000000,1.000000,position_only
2026-03-07T21:07:38.549858+00:00,1772917658549.857,0.480469,-0.565430,0.460205,-0.506348,-0.994141,3.259766,18645,16998,18320,17426,6,0.450000,-0.550000,0.300000,0.000000,1772917658543.411,0.478823,-0.565314,0.459940,0.000000,0.000000,0.000000,1.000000,position_only
2026-03-07T21:07:38.561181+00:00,1772917658561.180,0.480469,-0.565918,0.460205,-0.566406,-0.989258,3.269531,18708,16949,18408,17329,6,0.450000,-0.550000,0.300000,0.000000,1772917658560.632,0.478771,-0.565428,0.459994,0.000000,0.000000,0.000000,1.000000,position_only
2026-03-07T21:07:38.570440+00:00,1772917658570.439,0.480469,-0.565918,0.460205,-0.603516,-0.953613,3.283203,18667,17026,18369,17328,6,0.450000,-0.550000,0.300000,0.000000,1772917658569.134,0.478745,-0.565453,0.460035,0.000000,0.000000,0.000000,1.000000,position_only
2026-03-07T21:07:38.580803+00:00,1772917658580.802,0.480713,-0.565918,0.460205,-0.623535,-0.914062,3.300781,18652,17092,18314,17336,6,0.450000,-0.550000,0.300000,0.000000,1772917658577.714,0.478710,-0.565511,0.460075,0.000000,0.000000,0.000000,1.000000,position_only
2026-03-07T21:07:38.591637+00:00,1772917658591.637,0.480713,-0.565918,0.460205,-0.638184,-0.858887,3.312500,18764,16962,18409,17268,6,0.450000,-0.550000,0.300000,0.000000,1772917658586.205,0.478710,-0.565511,0.460075,0.000000,0.000000,0.000000,1.000000,position_only
2026-03-07T21:07:38.601328+00:00,1772917658601.327,0.480713,-0.565918,0.460205,-0.634766,-0.815430,3.328125,18762,17028,18409,17214,6,0.450000,-0.550000,0.300000,0.000000,1772917658594.783,0.478753,-0.565544,0.460105,0.000000,0.000000,0.000000,1.000000,position_only
2026-03-07T21:07:38.610384+00:00,1772917658610.383,0.480713,-0.565918,0.460205,-0.624512,-0.759277,3.351562,18721,17103,18399,17184,6,0.450000,-0.550000,0.300000,0.000000,1772917658603.264,0.478742,-0.565535,0.460131,0.000000,0.000000,0.000000,1.000000,position_only
2026-03-07T21:07:38.621033+00:00,1772917658621.032,0.480713,-0.565918,0.460449,-0.605469,-0.702148,3.369141,18750,17068,18415,17176,6,0.450000,-0.550000,0.300000,0.000000,1772917658620.278,0.478765,-0.565559,0.460195,0.000000,0.000000,0.000000,1.000000,position_only
2026-03-07T21:07:38.631563+00:00,1772917658631.562,0.480713,-0.565918,0.460449,-0.584961,-0.632324,3.394531,18727,17121,18372,17193,6,0.450000,-0.550000,0.300000,0.000000,1772917658628.785,0.478801,-0.565558,0.460182,0.000000,0.000000,0.000000,1.000000,position_only
2026-03-07T21:07:38.641373+00:00,1772917658641.372,0.480713,-0.565918,0.460449,-0.553711,-0.570801,3.412109,18832,17009,18442,17136,6,0.450000,-0.550000,0.300000,0.000000,1772917658637.313,0.478784,-0.565548,0.460216,0.000000,0.000000,0.000000,1.000000,position_only
2026-03-07T21:07:38.652021+00:00,1772917658652.020,0.480957,-0.565918,0.460449,-0.524414,-0.526367,3.431641,18860,17044,18472,17049,6,0.450000,-0.550000,0.300000,0.000000,1772917658645.975,0.478763,-0.565524,0.460239,0.000000,0.000000,0.000000,1.000000,position_only
2026-03-07T21:07:38.661073+00:00,1772917658661.072,0.480957,-0.565918,0.460449,-0.471436,-0.468750,3.457031,18843,17088,18340,17147,6,0.450000,-0.550000,0.300000,0.000000,1772917658654.468,0.478799,-0.565486,0.460247,0.000000,0.000000,0.000000,1.000000,position_only
2026-03-07T21:07:38.670269+00:00,1772917658670.268,0.480957,-0.565918,0.460449,-0.418457,-0.434082,3.472656,18665,17277,18225,17256,6,0.450000,-0.550000,0.300000,0.000000,1772917658662.942,0.478821,-0.565452,0.460297,0.000000,0.000000,0.000000,1.000000,position_only
2026-03-07T21:07:38.681644+00:00,1772917658681.643,0.480957,-0.565918,0.460449,-0.356689,-0.385498,3.478516,18778,17153,18286,17209,6,0.450000,-0.550000,0.300000,0.000000,1772917658680.343,0.478882,-0.565368,0.460344,0.000000,0.000000,0.000000,1.000000,position_only
2026-03-07T21:07:38.691350+00:00,1772917658691.349,0.480957,-0.565918,0.460449,-0.307129,-0.353027,3.490234,18766,17177,18272,17202,6,0.450000,-0.550000,0.300000,0.000000,1772917658688.889,0.478898,-0.565322,0.460362,0.000000,0.000000,0.000000,1.000000,position_only
2026-03-07T21:07:38.700469+00:00,1772917658700.468,0.481201,-0.565430,0.460449,-0.247559,-0.316406,3.501953,18759,17198,18190,17264,6,0.450000,-0.550000,0.300000,0.000000,1772917658697.429,0.478889,-0.565269,0.460388,0.000000,0.000000,0.000000,1.000000,position_only
2026-03-07T21:07:38.711949+00:00,1772917658711.947,0.481201,-0.565430,0.460449,-0.190796,-0.294922,3.511719,18962,16967,18407,17073,6,0.450000,-0.550000,0.300000,0.000000,1772917658705.959,0.478860,-0.565236,0.460455,0.000000,0.000000,0.000000,1.000000,position_only
2026-03-07T21:07:38.721756+00:00,1772917658721.755,0.481201,-0.565430,0.460449,-0.139526,-0.282959,3.535156,18933,17027,18339,17104,6,0.450000,-0.550000,0.300000,0.000000,1772917658714.510,0.478900,-0.565166,0.460474,0.000000,0.000000,0.000000,1.000000,position_only
2026-03-07T21:07:38.731627+00:00,1772917658731.625,0.481201,-0.565430,0.460449,-0.089600,-0.276855,3.550781,18859,17035,18299,17215,6,0.450000,-0.550000,0.300000,0.000000,1772917658723.107,0.478907,-0.565114,0.460497,0.000000,0.000000,0.000000,1.000000,position_only
2026-03-07T21:07:38.740722+00:00,1772917658740.721,0.481201,-0.565430,0.460449,-0.060730,-0.281494,3.562500,18763,17146,18187,17321,6,0.450000,-0.550000,0.300000,0.000000,1772917658740.215,0.478921,-0.564948,0.460573,0.000000,0.000000,0.000000,1.000000,position_only
2026-03-07T21:07:38.750207+00:00,1772917658750.206,0.481201,-0.565430,0.460449,-0.032806,-0.293945,3.566406,18868,16989,18291,17269,6,0.450000,-0.550000,0.300000,0.000000,1772917658748.958,0.478920,-0.564901,0.460630,0.000000,0.000000,0.000000,1.000000,position_only
2026-03-07T21:07:38.761874+00:00,1772917658761.873,0.481201,-0.564941,0.460693,-0.023468,-0.317871,3.576172,18855,16985,18335,17253,6,0.450000,-0.550000,0.300000,0.000000,1772917658757.594,0.478934,-0.564825,0.460641,0.000000,0.000000,0.000000,1.000000,position_only
2026-03-07T21:07:38.773074+00:00,1772917658773.073,0.481201,-0.564941,0.460693,-0.023468,-0.317871,3.576172,18847,17028,18288,17265,6,0.450000,-0.550000,0.300000,0.000000,1772917658766.207,0.478925,-0.564772,0.460694,0.000000,0.000000,0.000000,1.000000,position_only
2026-03-07T21:07:38.780765+00:00,1772917658780.764,0.480957,-0.564941,0.460693,-0.004295,-0.329590,3.589844,18737,17133,18160,17396,6,0.450000,-0.550000,0.300000,0.000000,1772917658774.727,0.478921,-0.564672,0.460737,0.000000,0.000000,0.000000,1.000000,position_only
2026-03-07T21:07:38.790588+00:00,1772917658790.587,0.480957,-0.564941,0.460693,0.017639,-0.345459,3.597656,18719,17171,18109,17417,6,0.450000,-0.550000,0.300000,0.000000,1772917658783.259,0.478904,-0.564605,0.460776,0.000000,0.000000,0.000000,1.000000,position_only
2026-03-07T21:07:38.802001+00:00,1772917658802.000,0.481201,-0.564941,0.460693,0.034515,-0.367432,3.595703,18801,17029,18234,17356,6,0.450000,-0.550000,0.300000,0.000000,1772917658800.470,0.478928,-0.564418,0.460880,0.000000,0.000000,0.000000,1.000000,position_only
2026-03-07T21:07:38.810851+00:00,1772917658810.851,0.481201,-0.564453,0.460693,0.045624,-0.394287,3.599609,18832,16967,18284,17338,6,0.450000,-0.550000,0.300000,0.000000,1772917658809.021,0.478906,-0.564353,0.460951,0.000000,0.000000,0.000000,1.000000,position_only
2026-03-07T21:07:38.821052+00:00,1772917658821.051,0.481201,-0.564453,0.460693,0.044830,-0.424072,3.611328,18754,17046,18189,17436,6,0.450000,-0.550000,0.300000,0.000000,1772917658817.530,0.478959,-0.564237,0.460971,0.000000,0.000000,0.000000,1.000000,position_only
2026-03-07T21:07:38.834344+00:00,1772917658834.343,0.481201,-0.564453,0.460693,0.043274,-0.464355,3.611328,18785,16996,18243,17394,6,0.450000,-0.550000,0.300000,0.000000,1772917658826.218,0.478906,-0.564050,0.461070,0.000000,0.000000,0.000000,1.000000,position_only
2026-03-07T21:07:38.842285+00:00,1772917658842.285,0.480957,-0.564453,0.460938,0.032227,-0.494629,3.615234,18849,16916,18280,17358,6,0.450000,-0.550000,0.300000,0.000000,1772917658834.740,0.478896,-0.563948,0.461113,0.000000,0.000000,0.000000,1.000000,position_only
2026-03-07T21:07:38.851253+00:00,1772917658851.252,0.480957,-0.564453,0.460938,0.026535,-0.536133,3.623047,18822,16924,18238,17416,6,0.450000,-0.550000,0.300000,0.000000,1772917658843.241,0.478880,-0.563845,0.461164,0.000000,0.000000,0.000000,1.000000,position_only
2026-03-07T21:07:38.860500+00:00,1772917658860.500,0.481201,-0.563965,0.460938,0.010056,-0.583008,3.628906,18821,16933,18269,17387,6,0.450000,-0.550000,0.300000,0.000000,1772917658852.128,0.478899,-0.563657,0.461209,0.000000,0.000000,0.000000,1.000000,position_only
2026-03-07T21:07:38.871732+00:00,1772917658871.731,0.481201,-0.563965,0.460938,-0.012672,-0.625000,3.634766,18867,16859,18272,17423,6,0.450000,-0.550000,0.300000,0.000000,1772917658869.241,0.478923,-0.563394,0.461314,0.000000,0.000000,0.000000,1.000000,position_only
2026-03-07T21:07:38.881511+00:00,1772917658881.511,0.481201,-0.563965,0.460938,-0.036713,-0.677734,3.642578,18833,16920,18254,17404,6,0.450000,-0.550000,0.300000,0.000000,1772917658877.786,0.478924,-0.563293,0.461349,0.000000,0.000000,0.000000,1.000000,position_only
2026-03-07T21:07:38.893250+00:00,1772917658893.249,0.481201,-0.563965,0.460938,-0.056183,-0.722168,3.652344,18841,16877,18289,17406,6,0.450000,-0.550000,0.300000,0.000000,1772917658886.488,0.478904,-0.563165,0.461403,0.000000,0.000000,0.000000,1.000000,position_only
2026-03-07T21:07:38.900486+00:00,1772917658900.485,0.480957,-0.563477,0.461182,-0.081787,-0.763672,3.658203,18852,16826,18344,17398,6,0.450000,-0.550000,0.300000,0.000000,1772917658894.945,0.478889,-0.563023,0.461449,0.000000,0.000000,0.000000,1.000000,position_only
2026-03-07T21:07:38.912504+00:00,1772917658912.502,0.481201,-0.563477,0.461182,-0.120789,-0.803711,3.667969,18792,16869,18322,17430,6,0.450000,-0.550000,0.300000,0.000000,1772917658911.989,0.478921,-0.562781,0.461536,0.000000,0.000000,0.000000,1.000000,position_only
2026-03-07T21:07:38.921870+00:00,1772917658921.869,0.481201,-0.563477,0.461182,-0.156494,-0.832520,3.677734,18764,16931,18338,17373,6,0.450000,-0.550000,0.300000,0.000000,1772917658920.528,0.478896,-0.562670,0.461585,0.000000,0.000000,0.000000,1.000000,position_only
2026-03-07T21:07:38.932595+00:00,1772917658932.594,0.481201,-0.562988,0.461182,-0.182739,-0.833984,3.685547,18764,16936,18326,17377,6,0.450000,-0.550000,0.300000,0.000000,1772917658929.064,0.478907,-0.562530,0.461619,0.000000,0.000000,0.000000,1.000000,position_only
2026-03-07T21:07:38.940508+00:00,1772917658940.507,0.481201,-0.562988,0.461182,-0.182739,-0.833984,3.685547,18622,17113,18142,17522,6,0.450000,-0.550000,0.300000,0.000000,1772917658937.595,0.478905,-0.562396,0.461666,0.000000,0.000000,0.000000,1.000000,position_only
2026-03-07T21:07:38.951935+00:00,1772917658951.933,0.481445,-0.562988,0.461182,-0.188599,-0.815430,3.693359,18670,17072,18275,17396,6,0.450000,-0.550000,0.300000,0.000000,1772917658946.099,0.478904,-0.562320,0.461708,0.000000,0.000000,0.000000,1.000000,position_only
2026-03-07T21:07:38.961920+00:00,1772917658961.919,0.480957,-0.562500,0.461426,-0.188599,-0.815430,3.693359,18608,17185,18198,17415,6,0.450000,-0.550000,0.300000,0.000000,1772917658954.589,0.478929,-0.562167,0.461736,0.000000,0.000000,0.000000,1.000000,position_only
2026-03-07T21:07:38.971780+00:00,1772917658971.779,0.481201,-0.562500,0.461426,-0.181641,-0.784668,3.697266,18766,17037,18371,17235,6,0.450000,-0.550000,0.300000,0.000000,1772917658971.647,0.478934,-0.561921,0.461841,0.000000,0.000000,0.000000,1.000000,position_only
2026-03-07T21:07:38.980851+00:00,1772917658980.850,0.481201,-0.562500,0.461426,-0.155273,-0.736328,3.705078,18709,17112,18293,17287,6,0.450000,-0.550000,0.300000,0.000000,1772917658980.497,0.478937,-0.561752,0.461902,0.000000,0.000000,0.000000,1.000000,position_only
2026-03-07T21:07:38.992792+00:00,1772917658992.791,0.481201,-0.562012,0.461426,-0.122314,-0.676758,3.720703,18821,17054,18338,17188,6,0.450000,-0.550000,0.300000,0.000000,1772917658989.002,0.478936,-0.561647,0.461974,0.000000,0.000000,0.000000,1.000000,position_only
2026-03-07T21:07:39.001800+00:00,1772917659001.799,0.481445,-0.562012,0.461426,-0.077393,-0.624023,3.730469,18663,17224,18227,17288,6,0.450000,-0.550000,0.300000,0.000000,1772917658997.587,0.478969,-0.561469,0.462026,0.000000,0.000000,0.000000,1.000000,position_only
2026-03-07T21:07:39.013172+00:00,1772917659013.171,0.481445,-0.562012,0.461426,-0.028809,-0.563477,3.734375,18678,17206,18261,17252,6,0.450000,-0.550000,0.300000,0.000000,1772917659006.214,0.478975,-0.561333,0.462099,0.000000,0.000000,0.000000,1.000000,position_only
2026-03-07T21:07:39.020381+00:00,1772917659020.380,0.481445,-0.561523,0.461670,0.032288,-0.487061,3.738281,18668,17230,18196,17297,6,0.450000,-0.550000,0.300000,0.000000,1772917659014.811,0.478987,-0.561202,0.462125,0.000000,0.000000,0.000000,1.000000,position_only
2026-03-07T21:07:39.032363+00:00,1772917659032.362,0.481445,-0.561523,0.461670,0.089539,-0.424316,3.742188,18907,17058,18371,17049,6,0.450000,-0.550000,0.300000,0.000000,1772917659032.160,0.478943,-0.560923,0.462254,0.000000,0.000000,0.000000,1.000000,position_only
2026-03-07T21:07:39.041408+00:00,1772917659041.407,0.481689,-0.561035,0.461670,0.153442,-0.387207,3.755859,18868,17059,18276,17183,6,0.450000,-0.550000,0.300000,0.000000,1772917659040.709,0.478994,-0.560743,0.462273,0.000000,0.000000,0.000000,1.000000,position_only
2026-03-07T21:07:39.051083+00:00,1772917659051.082,0.481689,-0.561035,0.461670,0.210205,-0.379150,3.763672,18881,17062,18249,17203,6,0.450000,-0.550000,0.300000,0.000000,1772917659049.207,0.478992,-0.560590,0.462336,0.000000,0.000000,0.000000,1.000000,position_only
2026-03-07T21:07:39.060372+00:00,1772917659060.371,0.481689,-0.561035,0.461914,0.262695,-0.381348,3.765625,18765,17197,18075,17351,6,0.450000,-0.550000,0.300000,0.000000,1772917659057.705,0.479016,-0.560424,0.462362,0.000000,0.000000,0.000000,1.000000,position_only
2026-03-07T21:07:39.073771+00:00,1772917659073.770,0.481445,-0.560547,0.461914,0.262695,-0.381348,3.765625,18828,17102,18081,17372,6,0.450000,-0.550000,0.300000,0.000000,1772917659066.204,0.479044,-0.560257,0.462428,0.000000,0.000000,0.000000,1.000000,position_only
2026-03-07T21:07:39.082097+00:00,1772917659082.096,0.481689,-0.560547,0.461914,0.322998,-0.386475,3.761719,18955,17013,18135,17279,6,0.450000,-0.550000,0.300000,0.000000,1772917659074.705,0.479116,-0.560099,0.462463,0.000000,0.000000,0.000000,1.000000,position_only
2026-03-07T21:07:39.091296+00:00,1772917659091.295,0.481689,-0.560059,0.461914,0.419189,-0.479004,3.765625,18882,17036,18059,17406,6,0.450000,-0.550000,0.300000,0.000000,1772917659083.542,0.479140,-0.559934,0.462508,0.000000,0.000000,0.000000,1.000000,position_only
2026-03-07T21:07:39.102048+00:00,1772917659102.047,0.481689,-0.560059,0.462158,0.456787,-0.545410,3.757812,18743,17130,18007,17499,6,0.450000,-0.550000,0.300000,0.000000,1772917659100.646,0.479206,-0.559614,0.462601,0.000000,0.000000,0.000000,1.000000,position_only
2026-03-07T21:07:39.111845+00:00,1772917659111.844,0.481934,-0.560059,0.462158,0.479248,-0.596680,3.753906,18862,16971,18100,17437,6,0.450000,-0.550000,0.300000,0.000000,1772917659109.337,0.479251,-0.559316,0.462692,0.000000,0.000000,0.000000,1.000000,position_only
2026-03-07T21:07:39.121976+00:00,1772917659121.975,0.481689,-0.560059,0.462158,0.479248,-0.596680,3.753906,18889,16865,18210,17400,6,0.450000,-0.550000,0.300000,0.000000,1772917659117.873,0.479273,-0.559181,0.462739,0.000000,0.000000,0.000000,1.000000,position_only
2026-03-07T21:07:39.131376+00:00,1772917659131.375,0.481689,-0.559570,0.462158,0.476807,-0.663086,3.757812,18886,16862,18176,17442,6,0.450000,-0.550000,0.300000,0.000000,1772917659126.460,0.479273,-0.559181,0.462739,0.000000,0.000000,0.000000,1.000000,position_only
2026-03-07T21:07:39.141726+00:00,1772917659141.725,0.481689,-0.559570,0.462402,0.452637,-0.723633,3.763672,18904,16800,18249,17410,6,0.450000,-0.550000,0.300000,0.000000,1772917659135.199,0.479353,-0.558879,0.462810,0.000000,0.000000,0.000000,1.000000,position_only
2026-03-07T21:07:39.154169+00:00,1772917659154.167,0.481689,-0.559082,0.462402,0.425537,-0.788574,3.773438,18752,16945,18107,17551,6,0.450000,-0.550000,0.300000,0.000000,1772917659152.172,0.479448,-0.558593,0.462882,0.000000,0.000000,0.000000,1.000000,position_only
2026-03-07T21:07:39.161854+00:00,1772917659161.853,0.481689,-0.559082,0.462402,0.386475,-0.849609,3.771484,18782,16896,18227,17442,6,0.450000,-0.550000,0.300000,0.000000,1772917659160.649,0.479489,-0.558482,0.462904,0.000000,0.000000,0.000000,1.000000,position_only
2026-03-07T21:07:39.170656+00:00,1772917659170.655,0.481934,-0.559082,0.462402,0.354004,-0.892090,3.771484,18883,16761,18398,17301,6,0.450000,-0.550000,0.300000,0.000000,1772917659169.189,0.479500,-0.558315,0.462955,0.000000,0.000000,0.000000,1.000000,position_only
2026-03-07T21:07:39.183221+00:00,1772917659183.220,0.481689,-0.558594,0.462646,0.312256,-0.913574,3.781250,18661,16961,18257,17476,6,0.450000,-0.550000,0.300000,0.000000,1772917659177.708,0.479578,-0.558181,0.462989,0.000000,0.000000,0.000000,1.000000,position_only
2026-03-07T21:07:39.191895+00:00,1772917659191.894,0.481934,-0.558594,0.462646,0.258545,-0.920898,3.794922,18814,16783,18430,17343,6,0.450000,-0.550000,0.300000,0.000000,1772917659186.485,0.479591,-0.558085,0.463039,0.000000,0.000000,0.000000,1.000000,position_only
2026-03-07T21:07:39.202601+00:00,1772917659202.600,0.482178,-0.558594,0.462646,0.204102,-0.918945,3.804688,18834,16807,18461,17266,6,0.450000,-0.550000,0.300000,0.000000,1772917659194.996,0.479672,-0.557923,0.463055,0.000000,0.000000,0.000000,1.000000,position_only
2026-03-07T21:07:39.211740+00:00,1772917659211.739,0.481934,-0.558594,0.462646,0.158813,-0.904297,3.822266,18799,16817,18441,17301,6,0.450000,-0.550000,0.300000,0.000000,1772917659203.729,0.479684,-0.557815,0.463086,0.000000,0.000000,0.000000,1.000000,position_only
2026-03-07T21:07:39.222407+00:00,1772917659222.406,0.482178,-0.558105,0.462646,0.119629,-0.879395,3.839844,18820,16854,18458,17232,6,0.450000,-0.550000,0.300000,0.000000,1772917659220.829,0.479759,-0.557544,0.463140,0.000000,0.000000,0.000000,1.000000,position_only
2026-03-07T21:07:39.232575+00:00,1772917659232.573,0.482178,-0.558105,0.462646,0.097656,-0.840332,3.855469,18755,16988,18347,17270,6,0.450000,-0.550000,0.300000,0.000000,1772917659229.408,0.479794,-0.557459,0.463163,0.000000,0.000000,0.000000,1.000000,position_only
2026-03-07T21:07:39.242021+00:00,1772917659242.020,0.482422,-0.558105,0.462646,0.096741,-0.792480,3.867188,18715,17003,18342,17293,6,0.450000,-0.550000,0.300000,0.000000,1772917659237.936,0.479884,-0.557275,0.463177,0.000000,0.000000,0.000000,1.000000,position_only
2026-03-07T21:07:39.252756+00:00,1772917659252.755,0.482666,-0.557617,0.462646,0.099670,-0.740234,3.876953,18750,17008,18332,17258,6,0.450000,-0.550000,0.300000,0.000000,1772917659246.474,0.479956,-0.557158,0.463190,0.000000,0.000000,0.000000,1.000000,position_only
2026-03-07T21:07:39.263285+00:00,1772917659263.283,0.482422,-0.557617,0.462891,0.115967,-0.687988,3.884766,18857,16976,18350,17157,6,0.450000,-0.550000,0.300000,0.000000,1772917659255.213,0.480036,-0.557001,0.463194,0.000000,0.000000,0.000000,1.000000,position_only
2026-03-07T21:07:39.271790+00:00,1772917659271.789,0.482666,-0.557617,0.462891,0.155273,-0.642090,3.898438,18879,16998,18343,17128,6,0.450000,-0.550000,0.300000,0.000000,1772917659263.706,0.480102,-0.556888,0.463198,0.000000,0.000000,0.000000,1.000000,position_only
2026-03-07T21:07:39.283886+00:00,1772917659283.885,0.482666,-0.557129,0.462891,0.203613,-0.605957,3.914062,18942,16926,18379,17106,6,0.450000,-0.550000,0.300000,0.000000,1772917659280.708,0.480215,-0.556670,0.463217,0.000000,0.000000,0.000000,1.000000,position_only
2026-03-07T21:07:39.292777+00:00,1772917659292.776,0.482910,-0.557129,0.462891,0.250732,-0.574219,3.929688,18892,16971,18357,17131,6,0.450000,-0.550000,0.300000,0.000000,1772917659289.244,0.480264,-0.556585,0.463244,0.000000,0.000000,0.000000,1.000000,position_only
2026-03-07T21:07:39.304875+00:00,1772917659304.874,0.483154,-0.557129,0.462891,0.294678,-0.536133,3.945312,18995,16882,18407,17052,6,0.450000,-0.550000,0.300000,0.000000,1772917659297.836,0.480365,-0.556418,0.463235,0.000000,0.000000,0.000000,1.000000,position_only
2026-03-07T21:07:39.312808+00:00,1772917659312.806,0.482910,-0.556641,0.462891,0.344238,-0.496338,3.962891,18891,17014,18244,17186,6,0.450000,-0.550000,0.300000,0.000000,1772917659306.408,0.480400,-0.556301,0.463250,0.000000,0.000000,0.000000,1.000000,position_only
2026-03-07T21:07:39.323925+00:00,1772917659323.923,0.482910,-0.556641,0.462891,0.344238,-0.496338,3.962891,18977,16942,18308,17107,6,0.450000,-0.550000,0.300000,0.000000,1772917659314.987,0.480478,-0.556170,0.463245,0.000000,0.000000,0.000000,1.000000,position_only
2026-03-07T21:07:39.331767+00:00,1772917659331.766,0.482910,-0.556641,0.463135,0.398926,-0.480225,3.970703,18827,17106,18146,17260,6,0.450000,-0.550000,0.300000,0.000000,1772917659324.039,0.480562,-0.556042,0.463263,0.000000,0.000000,0.000000,1.000000,position_only
2026-03-07T21:07:39.342747+00:00,1772917659342.746,0.483398,-0.556152,0.463135,0.510742,-0.473633,3.982422,18962,16945,18277,17157,6,0.450000,-0.550000,0.300000,0.000000,1772917659341.242,0.480715,-0.555779,0.463257,0.000000,0.000000,0.000000,1.000000,position_only
2026-03-07T21:07:39.354271+00:00,1772917659354.270,0.483154,-0.556152,0.463135,0.509277,-0.467773,3.982422,18955,16912,18307,17166,6,0.450000,-0.550000,0.300000,0.000000,1772917659350.006,0.480774,-0.555707,0.463275,0.000000,0.000000,0.000000,1.000000,position_only
2026-03-07T21:07:39.362586+00:00,1772917659362.585,0.483398,-0.556152,0.463135,0.548340,-0.466309,3.992188,19032,16828,18300,17183,6,0.450000,-0.550000,0.300000,0.000000,1772917659358.589,0.480901,-0.555567,0.463256,0.000000,0.000000,0.000000,1.000000,position_only
2026-03-07T21:07:39.372731+00:00,1772917659372.729,0.483398,-0.556152,0.463135,0.571777,-0.476318,4.007812,19007,16826,18266,17247,6,0.450000,-0.550000,0.300000,0.000000,1772917659367.116,0.480958,-0.555478,0.463244,0.000000,0.000000,0.000000,1.000000,position_only
2026-03-07T21:07:39.383306+00:00,1772917659383.305,0.483398,-0.556152,0.463135,0.591797,-0.519531,4.019531,18887,16869,18250,17340,6,0.450000,-0.550000,0.300000,0.000000,1772917659375.769,0.481027,-0.555370,0.463223,0.000000,0.000000,0.000000,1.000000,position_only
2026-03-07T21:07:39.392629+00:00,1772917659392.628,0.483643,-0.555664,0.463135,0.588867,-0.560059,4.031250,18836,16887,18243,17378,6,0.450000,-0.550000,0.300000,0.000000,1772917659384.398,0.481158,-0.555211,0.463225,0.000000,0.000000,0.000000,1.000000,position_only
2026-03-07T21:07:39.401819+00:00,1772917659401.818,0.483643,-0.555664,0.463135,0.564941,-0.595215,4.035156,18883,16796,18335,17323,6,0.450000,-0.550000,0.300000,0.000000,1772917659401.688,0.481313,-0.555048,0.463233,0.000000,0.000000,0.000000,1.000000,position_only
2026-03-07T21:07:39.413129+00:00,1772917659413.128,0.483887,-0.555664,0.463135,0.533691,-0.623535,4.042969,18899,16780,18384,17281,6,0.450000,-0.550000,0.300000,0.000000,1772917659410.273,0.481413,-0.554935,0.463203,0.000000,0.000000,0.000000,1.000000,position_only
2026-03-07T21:07:39.422279+00:00,1772917659422.278,0.483887,-0.555664,0.463135,0.491455,-0.636230,4.054688,18837,16761,18390,17363,6,0.450000,-0.550000,0.300000,0.000000,1772917659418.949,0.481474,-0.554881,0.463205,0.000000,0.000000,0.000000,1.000000,position_only
2026-03-07T21:07:39.433078+00:00,1772917659433.077,0.484131,-0.555664,0.463135,0.430664,-0.658203,4.070312,18803,16776,18417,17365,6,0.450000,-0.550000,0.300000,0.000000,1772917659427.430,0.481604,-0.554783,0.463173,0.000000,0.000000,0.000000,1.000000,position_only
2026-03-07T21:07:39.443602+00:00,1772917659443.601,0.484131,-0.555176,0.463135,0.366699,-0.668457,4.078125,18892,16747,18483,17253,6,0.450000,-0.550000,0.300000,0.000000,1772917659435.926,0.481663,-0.554723,0.463159,0.000000,0.000000,0.000000,1.000000,position_only
2026-03-07T21:07:39.451910+00:00,1772917659451.909,0.484375,-0.555176,0.463135,0.310791,-0.662598,4.097656,18956,16655,18587,17194,6,0.450000,-0.550000,0.300000,0.000000,1772917659444.417,0.481726,-0.554621,0.463147,0.000000,0.000000,0.000000,1.000000,position_only
2026-03-07T21:07:39.462678+00:00,1772917659462.677,0.484375,-0.555176,0.462891,0.252441,-0.640625,4.121094,18918,16706,18589,17186,6,0.450000,-0.550000,0.300000,0.000000,1772917659461.531,0.481903,-0.554502,0.463099,0.000000,0.000000,0.000000,1.000000,position_only
2026-03-07T21:07:39.471565+00:00,1772917659471.564,0.484619,-0.555176,0.462891,0.198364,-0.620605,4.140625,18806,16846,18511,17238,6,0.450000,-0.550000,0.300000,0.000000,1772917659470.224,0.482014,-0.554408,0.463063,0.000000,0.000000,0.000000,1.000000,position_only
2026-03-07T21:07:39.481613+00:00,1772917659481.612,0.484619,-0.555176,0.462891,0.161987,-0.580078,4.160156,18836,16833,18537,17192,6,0.450000,-0.550000,0.300000,0.000000,1772917659478.769,0.482081,-0.554355,0.463048,0.000000,0.000000,0.000000,1.000000,position_only
2026-03-07T21:07:39.494310+00:00,1772917659494.310,0.484863,-0.555176,0.462891,0.135010,-0.533691,4.175781,18837,16902,18512,17147,6,0.450000,-0.550000,0.300000,0.000000,1772917659487.548,0.482180,-0.554238,0.463023,0.000000,0.000000,0.000000,1.000000,position_only
2026-03-07T21:07:39.503472+00:00,1772917659503.471,0.485107,-0.554688,0.462891,0.126953,-0.470703,4.191406,18874,16867,18562,17103,6,0.450000,-0.550000,0.300000,0.000000,1772917659496.043,0.482288,-0.554171,0.462988,0.000000,0.000000,0.000000,1.000000,position_only
2026-03-07T21:07:39.512637+00:00,1772917659512.636,0.484863,-0.554688,0.462891,0.122498,-0.405029,4.207031,18908,16935,18489,17075,6,0.450000,-0.550000,0.300000,0.000000,1772917659504.600,0.482371,-0.554085,0.462950,0.000000,0.000000,0.000000,1.000000,position_only
2026-03-07T21:07:39.521383+00:00,1772917659521.382,0.485107,-0.554688,0.462891,0.154663,-0.352295,4.222656,18888,16942,18405,17174,6,0.450000,-0.550000,0.300000,0.000000,1772917659513.084,0.482465,-0.554020,0.462916,0.000000,0.000000,0.000000,1.000000,position_only
2026-03-07T21:07:39.532135+00:00,1772917659532.134,0.485352,-0.554688,0.462646,0.185791,-0.324707,4.238281,19088,16807,18576,16927,6,0.450000,-0.550000,0.300000,0.000000,1772917659530.472,0.482609,-0.553862,0.462849,0.000000,0.000000,0.000000,1.000000,position_only
2026-03-07T21:07:39.545743+00:00,1772917659545.741,0.485352,-0.554688,0.462646,0.241333,-0.282715,4.257812,18937,16972,18327,17154,6,0.450000,-0.550000,0.300000,0.000000,1772917659538.969,0.482691,-0.553828,0.462823,0.000000,0.000000,0.000000,1.000000,position_only
2026-03-07T21:07:39.553362+00:00,1772917659553.361,0.485596,-0.554688,0.462646,0.293701,-0.265381,4.265625,18944,16988,18317,17149,6,0.450000,-0.550000,0.300000,0.000000,1772917659547.704,0.482789,-0.553735,0.462798,0.000000,0.000000,0.000000,1.000000,position_only
2026-03-07T21:07:39.562626+00:00,1772917659562.625,0.485107,-0.554199,0.462646,0.291748,-0.259033,4.265625,18988,16910,18346,17152,6,0.450000,-0.550000,0.300000,0.000000,1772917659556.259,0.482845,-0.553712,0.462750,0.000000,0.000000,0.000000,1.000000,position_only
2026-03-07T21:07:39.573875+00:00,1772917659573.874,0.485596,-0.554199,0.462646,0.388672,-0.270508,4.292969,19077,16848,18394,17095,6,0.450000,-0.550000,0.300000,0.000000,1772917659573.263,0.483012,-0.553596,0.462654,0.000000,0.000000,0.000000,1.000000,position_only
2026-03-07T21:07:39.582996+00:00,1772917659582.995,0.485840,-0.554199,0.462646,0.419922,-0.297119,4.304688,18968,16914,18249,17292,6,0.450000,-0.550000,0.300000,0.000000,1772917659581.762,0.483117,-0.553538,0.462607,0.000000,0.000000,0.000000,1.000000,position_only
2026-03-07T21:07:39.592861+00:00,1772917659592.860,0.485596,-0.554199,0.462646,0.418213,-0.291260,4.300781,19001,16886,18260,17277,6,0.450000,-0.550000,0.300000,0.000000,1772917659590.354,0.483198,-0.553458,0.462567,0.000000,0.000000,0.000000,1.000000,position_only
2026-03-07T21:07:39.602081+00:00,1772917659602.079,0.485596,-0.554199,0.462646,0.446533,-0.330566,4.308594,19047,16797,18335,17256,6,0.450000,-0.550000,0.300000,0.000000,1772917659598.883,0.483276,-0.553435,0.462544,0.000000,0.000000,0.000000,1.000000,position_only
2026-03-07T21:07:39.613926+00:00,1772917659613.925,0.485596,-0.554199,0.462402,0.460205,-0.370605,4.320312,19031,16793,18279,17346,6,0.450000,-0.550000,0.300000,0.000000,1772917659607.490,0.483401,-0.553353,0.462486,0.000000,0.000000,0.000000,1.000000,position_only
2026-03-07T21:07:39.622610+00:00,1772917659622.608,0.485840,-0.553711,0.462402,0.461182,-0.447021,4.324219,19059,16792,18304,17312,6,0.450000,-0.550000,0.300000,0.000000,1772917659615.958,0.483514,-0.553296,0.462429,0.000000,0.000000,0.000000,1.000000,position_only
2026-03-07T21:07:39.633030+00:00,1772917659633.030,0.485840,-0.553711,0.462402,0.465088,-0.509766,4.332031,19011,16746,18323,17389,6,0.450000,-0.550000,0.300000,0.000000,1772917659624.438,0.483616,-0.553258,0.462392,0.000000,0.000000,0.000000,1.000000,position_only
2026-03-07T21:07:39.642130+00:00,1772917659642.129,0.486084,-0.553711,0.462158,0.444580,-0.586914,4.335938,19095,16647,18404,17325,6,0.450000,-0.550000,0.300000,0.000000,1772917659641.703,0.483775,-0.553169,0.462313,0.000000,0.000000,0.000000,1.000000,position_only
2026-03-07T21:07:39.653420+00:00,1772917659653.418,0.486084,-0.553711,0.462158,0.413330,-0.657227,4.351562,19028,16684,18370,17389,6,0.450000,-0.550000,0.300000,0.000000,1772917659650.190,0.483868,-0.553121,0.462262,0.000000,0.000000,0.000000,1.000000,position_only
2026-03-07T21:07:39.663307+00:00,1772917659663.306,0.486328,-0.553711,0.462158,0.374023,-0.725098,4.367188,19025,16657,18429,17372,6,0.450000,-0.550000,0.300000,0.000000,1772917659658.758,0.483938,-0.553092,0.462235,0.000000,0.000000,0.000000,1.000000,position_only
2026-03-07T21:07:39.672922+00:00,1772917659672.920,0.486328,-0.553711,0.462158,0.325439,-0.785156,4.371094,18934,16742,18317,17487,6,0.450000,-0.550000,0.300000,0.000000,1772917659667.358,0.484103,-0.553039,0.462171,0.000000,0.000000,0.000000,1.000000,position_only
2026-03-07T21:07:39.681793+00:00,1772917659681.792,0.486328,-0.553711,0.461914,0.272705,-0.843262,4.378906,18906,16719,18358,17496,6,0.450000,-0.550000,0.300000,0.000000,1772917659675.900,0.484103,-0.553039,0.462171,0.000000,0.000000,0.000000,1.000000,position_only
2026-03-07T21:07:39.693205+00:00,1772917659693.204,0.486572,-0.553711,0.461914,0.208130,-0.897461,4.382812,19024,16579,18534,17344,6,0.450000,-0.550000,0.300000,0.000000,1772917659692.999,0.484257,-0.552953,0.462111,0.000000,0.000000,0.000000,1.000000,position_only
2026-03-07T21:07:39.703431+00:00,1772917659703.430,0.486572,-0.553711,0.461914,0.139893,-0.923828,4.394531,18876,16703,18457,17461,6,0.450000,-0.550000,0.300000,0.000000,1772917659701.493,0.484446,-0.552840,0.462038,0.000000,0.000000,0.000000,1.000000,position_only
2026-03-07T21:07:39.711727+00:00,1772917659711.726,0.486816,-0.553711,0.461914,0.063049,-0.945312,4.398438,18976,16638,18576,17335,6,0.450000,-0.550000,0.300000,0.000000,1772917659710.084,0.484605,-0.552765,0.461978,0.000000,0.000000,0.000000,1.000000,position_only
2026-03-07T21:07:39.723931+00:00,1772917659723.929,0.486816,-0.553711,0.461670,0.004635,-0.948242,4.414062,18889,16775,18531,17349,6,0.450000,-0.550000,0.300000,0.000000,1772917659718.681,0.484706,-0.552722,0.461932,0.000000,0.000000,0.000000,1.000000,position_only
2026-03-07T21:07:39.734352+00:00,1772917659734.351,0.487061,-0.553223,0.461670,-0.042389,-0.928223,4.429688,18902,16766,18571,17311,6,0.450000,-0.550000,0.300000,0.000000,1772917659727.249,0.484821,-0.552653,0.461878,0.000000,0.000000,0.000000,1.000000,position_only
2026-03-07T21:07:39.742749+00:00,1772917659742.749,0.487305,-0.553223,0.461670,-0.079956,-0.892090,4.445312,18818,16858,18525,17345,6,0.450000,-0.550000,0.300000,0.000000,1772917659735.705,0.484931,-0.552597,0.461837,0.000000,0.000000,0.000000,1.000000,position_only
2026-03-07T21:07:39.752730+00:00,1772917659752.730,0.487549,-0.553223,0.461426,-0.110046,-0.831055,4.460938,18894,16830,18625,17196,6,0.450000,-0.550000,0.300000,0.000000,1772917659744.237,0.485028,-0.552524,0.461808,0.000000,0.000000,0.000000,1.000000,position_only
2026-03-07T21:07:39.762490+00:00,1772917659762.489,0.487549,-0.553223,0.461426,-0.117798,-0.748535,4.480469,19020,16753,18825,16956,6,0.450000,-0.550000,0.300000,0.000000,1772917659761.491,0.485269,-0.552392,0.461698,0.000000,0.000000,0.000000,1.000000,position_only
2026-03-07T21:07:39.773929+00:00,1772917659773.928,0.487793,-0.553223,0.461182,-0.107666,-0.647461,4.507812,18939,16906,18696,17024,6,0.450000,-0.550000,0.300000,0.000000,1772917659770.022,0.485416,-0.552311,0.461643,0.000000,0.000000,0.000000,1.000000,position_only
2026-03-07T21:07:39.783728+00:00,1772917659783.728,0.488037,-0.553223,0.461182,-0.080505,-0.529785,4.527344,18859,16989,18605,17099,6,0.450000,-0.550000,0.300000,0.000000,1772917659778.503,0.485497,-0.552252,0.461612,0.000000,0.000000,0.000000,1.000000,position_only
2026-03-07T21:07:39.792690+00:00,1772917659792.689,0.487793,-0.553223,0.461182,-0.083008,-0.523926,4.527344,18878,17005,18624,17043,1,0.450000,-0.550000,0.300000,0.000000,1772917659787.275,0.485609,-0.552171,0.461563,0.000000,0.000000,0.000000,1.000000,position_only
2026-03-07T21:07:39.801768+00:00,1772917659801.768,0.488281,-0.552734,0.461182,-0.005451,-0.293701,4.546875,18878,17005,18624,17043,1,0.450000,-0.550000,0.300000,0.000000,1772917659795.910,0.485740,-0.552096,0.461503,0.000000,0.000000,0.000000,1.000000,position_only
2026-03-07T21:07:39.813148+00:00,1772917659813.148,0.488525,-0.552734,0.460938,0.094116,-0.192871,4.472656,18878,17005,18624,17043,1,0.450000,-0.550000,0.300000,0.000000,1772917659812.932,0.486016,-0.551934,0.461419,0.000000,0.000000,0.000000,1.000000,position_only
2026-03-07T21:07:39.821745+00:00,1772917659821.744,0.488770,-0.552734,0.460938,0.221313,-0.081421,4.378906,18878,17005,18624,17043,1,0.450000,-0.550000,0.300000,0.000000,1772917659821.517,0.486124,-0.551877,0.461317,0.000000,0.000000,0.000000,1.000000,position_only
2026-03-07T21:07:39.833007+00:00,1772917659833.006,0.488770,-0.552734,0.460693,0.330566,0.053284,4.265625,18878,17005,18624,17043,1,0.450000,-0.550000,0.300000,0.000000,1772917659830.246,0.486189,-0.551823,0.461089,0.000000,0.000000,0.000000,1.000000,position_only
2026-03-07T21:07:39.843488+00:00,1772917659843.487,0.489014,-0.552734,0.460205,0.385010,0.229980,4.152344,18878,17005,18624,17043,1,0.450000,-0.550000,0.300000,0.000000,1772917659838.704,0.486265,-0.551767,0.460754,0.000000,0.000000,0.000000,1.000000,position_only
2026-03-07T21:07:39.852564+00:00,1772917659852.563,0.488770,-0.552734,0.460449,0.382812,0.236084,4.152344,18878,17005,18624,17043,1,0.450000,-0.550000,0.300000,0.000000,1772917659847.204,0.486363,-0.551712,0.460273,0.000000,0.000000,0.000000,1.000000,position_only
2026-03-07T21:07:39.863076+00:00,1772917659863.075,0.489014,-0.552246,0.458740,0.344482,0.637207,3.919922,18878,17005,18624,17043,1,0.450000,-0.550000,0.300000,0.000000,1772917659855.769,0.486411,-0.551631,0.459596,0.000000,0.000000,0.000000,1.000000,position_only
2026-03-07T21:07:39.872809+00:00,1772917659872.809,0.489258,-0.552246,0.457520,0.270752,0.838379,3.794922,18878,17005,18624,17043,1,0.450000,-0.550000,0.300000,0.000000,1772917659864.489,0.486458,-0.551563,0.458638,0.000000,0.000000,0.000000,1.000000,position_only
2026-03-07T21:07:39.882728+00:00,1772917659882.727,0.489258,-0.552246,0.455811,0.161499,1.044922,3.679688,18878,17005,18624,17043,1,0.450000,-0.550000,0.300000,0.000000,1772917659881.483,0.486524,-0.551407,0.456180,0.000000,0.000000,0.000000,1.000000,position_only
2026-03-07T21:07:39.892468+00:00,1772917659892.467,0.489502,-0.552246,0.453857,0.047699,1.234375,3.566406,18878,17005,18624,17043,1,0.450000,-0.550000,0.300000,0.000000,1772917659889.980,0.486607,-0.551339,0.454487,0.000000,0.000000,0.000000,1.000000,position_only
2026-03-07T21:07:39.903274+00:00,1772917659903.274,0.489502,-0.552246,0.451660,-0.053619,1.416016,3.460938,18878,17005,18624,17043,1,0.450000,-0.550000,0.300000,0.000000,1772917659898.532,0.486606,-0.551300,0.452700,0.000000,0.000000,0.000000,1.000000,position_only
2026-03-07T21:07:39.913734+00:00,1772917659913.734,0.489258,-0.551758,0.451660,-0.055695,1.421875,3.460938,18878,17005,18624,17043,1,0.450000,-0.550000,0.300000,0.000000,1772917659907.028,0.486565,-0.551168,0.450643,0.000000,0.000000,0.000000,1.000000,position_only
2026-03-07T21:07:39.922315+00:00,1772917659922.314,0.489258,-0.551758,0.446289,-0.212646,1.674805,3.255859,18878,17005,18624,17043,1,0.450000,-0.550000,0.300000,0.000000,1772917659915.649,0.486587,-0.551030,0.448389,0.000000,0.000000,0.000000,1.000000,position_only
2026-03-07T21:07:39.932323+00:00,1772917659932.322,0.489258,-0.551758,0.442871,-0.260010,1.746094,3.166016,18878,17005,18624,17043,1,0.450000,-0.550000,0.300000,0.000000,1772917659924.563,0.486558,-0.551073,0.445882,0.000000,0.000000,0.000000,1.000000,position_only
2026-03-07T21:07:39.942823+00:00,1772917659942.823,0.489258,-0.551758,0.439209,-0.268555,1.801758,3.064453,18878,17005,18624,17043,1,0.450000,-0.550000,0.300000,0.000000,1772917659941.646,0.486472,-0.550854,0.440147,0.000000,0.000000,0.000000,1.000000,position_only
2026-03-07T21:07:39.953313+00:00,1772917659953.312,0.489258,-0.551758,0.435547,-0.259277,1.845703,2.980469,18878,17005,18624,17043,1,0.450000,-0.550000,0.300000,0.000000,1772917659950.140,0.486449,-0.550823,0.436942,0.000000,0.000000,0.000000,1.000000,position_only
2026-03-07T21:07:39.963234+00:00,1772917659963.234,0.489014,-0.551270,0.431396,-0.240479,1.869141,2.888672,18878,17005,18624,17043,1,0.450000,-0.550000,0.300000,0.000000,1772917659958.777,0.486330,-0.550812,0.433500,0.000000,0.000000,0.000000,1.000000,position_only
2026-03-07T21:07:39.972488+00:00,1772917659972.488,0.488770,-0.551270,0.427246,-0.229004,1.891602,2.806641,18878,17005,18624,17043,1,0.450000,-0.550000,0.300000,0.000000,1772917659967.282,0.486334,-0.550787,0.429835,0.000000,0.000000,0.000000,1.000000,position_only
2026-03-07T21:07:39.982640+00:00,1772917659982.639,0.488525,-0.551270,0.422607,-0.210327,1.915039,2.722656,18878,17005,18624,17043,1,0.450000,-0.550000,0.300000,0.000000,1772917659975.869,0.486248,-0.550715,0.426165,0.000000,0.000000,0.000000,1.000000,position_only
2026-03-07T21:07:39.993112+00:00,1772917659993.111,0.488525,-0.551270,0.417725,-0.209595,1.931641,2.634766,18878,17005,18624,17043,1,0.450000,-0.550000,0.300000,0.000000,1772917659992.968,0.485805,-0.550486,0.414238,0.000000,0.000000,0.000000,1.000000,position_only
2026-03-07T21:07:40.002158+00:00,1772917660002.158,0.488281,-0.551270,0.412354,-0.230591,1.948242,2.554688,18878,17005,18624,17043,1,0.450000,-0.550000,0.300000,0.000000,1772917660001.532,0.485805,-0.550486,0.414238,0.000000,0.000000,0.000000,1.000000,position_only
2026-03-07T21:07:40.013148+00:00,1772917660013.148,0.488037,-0.550781,0.407471,-0.243042,1.955078,2.480469,18878,17005,18624,17043,1,0.450000,-0.550000,0.300000,0.000000,1772917660010.247,0.485485,-0.550362,0.405708,0.000000,0.000000,0.000000,1.000000,position_only
2026-03-07T21:07:40.022212+00:00,1772917660022.211,0.487793,-0.550781,0.402100,-0.256592,1.949219,2.408203,18878,17005,18624,17043,1,0.450000,-0.550000,0.300000,0.000000,1772917660018.708,0.485180,-0.550170,0.401413,0.000000,0.000000,0.000000,1.000000,position_only
2026-03-07T21:07:40.032228+00:00,1772917660032.228,0.487061,-0.550781,0.396729,-0.255859,1.932617,2.335938,18878,17005,18624,17043,1,0.450000,-0.550000,0.300000,0.000000,1772917660027.270,0.484938,-0.550205,0.396947,0.000000,0.000000,0.000000,1.000000,position_only
2026-03-07T21:07:40.043564+00:00,1772917660043.564,0.486816,-0.550781,0.391113,-0.260742,1.902344,2.259766,18878,17005,18624,17043,1,0.450000,-0.550000,0.300000,0.000000,1772917660035.914,0.484598,-0.550019,0.392545,0.000000,0.000000,0.000000,1.000000,position_only
2026-03-07T21:07:40.053376+00:00,1772917660053.376,0.486328,-0.550293,0.385742,-0.253174,1.896484,2.183594,18878,17005,18624,17043,1,0.450000,-0.550000,0.300000,0.000000,1772917660052.930,0.484023,-0.549973,0.383578,0.000000,0.000000,0.000000,1.000000,position_only
2026-03-07T21:07:40.062541+00:00,1772917660062.540,0.486084,-0.550293,0.380127,-0.250000,1.880859,2.123047,18878,17005,18624,17043,1,0.450000,-0.550000,0.300000,0.000000,1772917660061.463,0.483771,-0.549928,0.379189,0.000000,0.000000,0.000000,1.000000,position_only
2026-03-07T21:07:40.073076+00:00,1772917660073.075,0.485596,-0.550293,0.374756,-0.247192,1.848633,2.060547,18878,17005,18624,17043,1,0.450000,-0.550000,0.300000,0.000000,1772917660070.011,0.483350,-0.549798,0.374900,0.000000,0.000000,0.000000,1.000000,position_only
2026-03-07T21:07:40.083104+00:00,1772917660083.104,0.485107,-0.550293,0.369385,-0.240967,1.833984,1.999023,18878,17005,18624,17043,1,0.450000,-0.550000,0.300000,0.000000,1772917660078.529,0.483024,-0.549696,0.370494,0.000000,0.000000,0.000000,1.000000,position_only
2026-03-07T21:07:40.093294+00:00,1772917660093.294,0.484375,-0.549805,0.364014,-0.227905,1.815430,1.943359,18878,17005,18624,17043,1,0.450000,-0.550000,0.300000,0.000000,1772917660087.071,0.482572,-0.549561,0.366228,0.000000,0.000000,0.000000,1.000000,position_only
2026-03-07T21:07:40.102817+00:00,1772917660102.817,0.483643,-0.549805,0.358887,-0.216553,1.773438,1.893555,18878,17005,18624,17043,1,0.450000,-0.550000,0.300000,0.000000,1772917660095.687,0.482073,-0.549430,0.362050,0.000000,0.000000,0.000000,1.000000,position_only
2026-03-07T21:07:40.113278+00:00,1772917660113.277,0.483154,-0.549805,0.353760,-0.211548,1.711914,1.847656,18878,17005,18624,17043,1,0.450000,-0.550000,0.300000,0.000000,1772917660112.890,0.481027,-0.549332,0.353825,0.000000,0.000000,0.000000,1.000000,position_only
2026-03-07T21:07:40.122450+00:00,1772917660122.450,0.482422,-0.549316,0.348877,-0.186401,1.642578,1.789062,18878,17005,18624,17043,1,0.450000,-0.550000,0.300000,0.000000,1772917660121.417,0.480558,-0.549201,0.349862,0.000000,0.000000,0.000000,1.000000,position_only
2026-03-07T21:07:40.133543+00:00,1772917660133.543,0.481689,-0.549316,0.344238,-0.161377,1.594727,1.741211,18878,17005,18624,17043,1,0.450000,-0.550000,0.300000,0.000000,1772917660129.885,0.480020,-0.548990,0.345940,0.000000,0.000000,0.000000,1.000000,position_only
2026-03-07T21:07:40.143244+00:00,1772917660143.243,0.480957,-0.549316,0.339600,-0.137695,1.534180,1.685547,18878,17005,18624,17043,1,0.450000,-0.550000,0.300000,0.000000,1772917660138.648,0.479452,-0.548939,0.342151,0.000000,0.000000,0.000000,1.000000,position_only
2026-03-07T21:07:40.153606+00:00,1772917660153.606,0.480225,-0.549316,0.335205,-0.123047,1.474609,1.633789,18878,17005,18624,17043,1,0.450000,-0.550000,0.300000,0.000000,1772917660147.199,0.478772,-0.548840,0.338450,0.000000,0.000000,0.000000,1.000000,position_only
2026-03-07T21:07:40.163481+00:00,1772917660163.481,0.479248,-0.548828,0.330811,-0.104370,1.400391,1.581055,18878,17005,18624,17043,1,0.450000,-0.550000,0.300000,0.000000,1772917660155.777,0.478171,-0.548703,0.334911,0.000000,0.000000,0.000000,1.000000,position_only
2026-03-07T21:07:40.173265+00:00,1772917660173.265,0.478516,-0.548828,0.326904,-0.082947,1.329102,1.536133,18878,17005,18624,17043,1,0.450000,-0.550000,0.300000,0.000000,1772917660172.961,0.476756,-0.548430,0.328140,0.000000,0.000000,0.000000,1.000000,position_only
2026-03-07T21:07:40.183178+00:00,1772917660183.177,0.477783,-0.548828,0.322998,-0.057709,1.275391,1.498047,18878,17005,18624,17043,1,0.450000,-0.550000,0.300000,0.000000,1772917660181.531,0.476005,-0.548328,0.324929,0.000000,0.000000,0.000000,1.000000,position_only
2026-03-07T21:07:40.193554+00:00,1772917660193.554,0.476807,-0.548340,0.319092,-0.021378,1.218750,1.456055,18878,17005,18624,17043,1,0.450000,-0.550000,0.300000,0.000000,1772917660190.032,0.475269,-0.548129,0.321794,0.000000,0.000000,0.000000,1.000000,position_only
2026-03-07T21:07:40.202551+00:00,1772917660202.551,0.475830,-0.548340,0.315918,0.021439,1.133789,1.408203,18878,17005,18624,17043,1,0.450000,-0.550000,0.300000,0.000000,1772917660198.532,0.474502,-0.548071,0.318676,0.000000,0.000000,0.000000,1.000000,position_only
2026-03-07T21:07:40.213790+00:00,1772917660213.790,0.474854,-0.548340,0.312500,0.065918,1.048828,1.365234,18878,17005,18624,17043,1,0.450000,-0.550000,0.300000,0.000000,1772917660207.030,0.473667,-0.547828,0.315695,0.000000,0.000000,0.000000,1.000000,position_only
2026-03-07T21:07:40.223709+00:00,1772917660223.708,0.473877,-0.547852,0.309082,0.100464,0.964355,1.323242,18878,17005,18624,17043,1,0.450000,-0.550000,0.300000,0.000000,1772917660215.782,0.472929,-0.547790,0.312742,0.000000,0.000000,0.000000,1.000000,position_only
2026-03-07T21:07:40.233879+00:00,1772917660233.879,0.472900,-0.547852,0.305908,0.130981,0.880371,1.281250,18878,17005,18624,17043,1,0.450000,-0.550000,0.300000,0.000000,1772917660232.848,0.471253,-0.547482,0.307273,0.000000,0.000000,0.000000,1.000000,position_only
2026-03-07T21:07:40.242883+00:00,1772917660242.883,0.471924,-0.547852,0.302734,0.134033,0.766113,1.235352,18878,17005,18624,17043,1,0.450000,-0.550000,0.300000,0.000000,1772917660241.342,0.470374,-0.547301,0.304695,0.000000,0.000000,0.000000,1.000000,position_only
2026-03-07T21:07:40.253486+00:00,1772917660253.486,0.470703,-0.547363,0.300049,0.146362,0.666016,1.200195,18878,17005,18624,17043,1,0.450000,-0.550000,0.300000,0.000000,1772917660250.006,0.469502,-0.547190,0.302229,0.000000,0.000000,0.000000,1.000000,position_only
2026-03-07T21:07:40.264050+00:00,1772917660264.050,0.469727,-0.547363,0.297363,0.172607,0.544434,1.162109,18878,17005,18624,17043,1,0.450000,-0.550000,0.300000,0.000000,1772917660258.647,0.468609,-0.547055,0.299854,0.000000,0.000000,0.000000,1.000000,position_only
2026-03-07T21:07:40.273002+00:00,1772917660273.002,0.468506,-0.547363,0.294678,0.197144,0.410645,1.129883,18878,17005,18624,17043,1,0.450000,-0.550000,0.300000,0.000000,1772917660267.133,0.467659,-0.546916,0.297512,0.000000,0.000000,0.000000,1.000000,position_only
2026-03-07T21:07:40.283831+00:00,1772917660283.831,0.467529,-0.546875,0.292236,0.226196,0.285156,1.098633,18878,17005,18624,17043,1,0.450000,-0.550000,0.300000,0.000000,1772917660275.644,0.466829,-0.546774,0.295214,0.000000,0.000000,0.000000,1.000000,position_only
2026-03-07T21:07:40.292902+00:00,1772917660292.902,0.466309,-0.546875,0.289551,0.245728,0.166504,1.061523,18878,17005,18624,17043,1,0.450000,-0.550000,0.300000,0.000000,1772917660292.761,0.464010,-0.546338,0.288818,0.000000,0.000000,0.000000,1.000000,position_only
2026-03-07T21:07:40.304119+00:00,1772917660304.119,0.465088,-0.546875,0.287109,0.261719,0.043610,1.024414,18878,17005,18624,17043,1,0.450000,-0.550000,0.300000,0.000000,1772917660301.311,0.463062,-0.546231,0.286814,0.000000,0.000000,0.000000,1.000000,position_only
2026-03-07T21:07:40.313169+00:00,1772917660313.168,0.464111,-0.546387,0.284668,0.272217,-0.083130,0.998535,18878,17005,18624,17043,1,0.450000,-0.550000,0.300000,0.000000,1772917660309.848,0.463062,-0.546231,0.286814,0.000000,0.000000,0.000000,1.000000,position_only
2026-03-07T21:07:40.323760+00:00,1772917660323.759,0.462891,-0.546387,0.282715,0.281006,-0.207520,0.974121,18878,17005,18624,17043,1,0.450000,-0.550000,0.300000,0.000000,1772917660318.659,0.461147,-0.545933,0.282994,0.000000,0.000000,0.000000,1.000000,position_only
2026-03-07T21:07:40.333547+00:00,1772917660333.546,0.461670,-0.546387,0.280273,0.285645,-0.321289,0.939453,18878,17005,18624,17043,1,0.450000,-0.550000,0.300000,0.000000,1772917660327.143,0.460215,-0.545733,0.281186,0.000000,0.000000,0.000000,1.000000,position_only
2026-03-07T21:07:40.343630+00:00,1772917660343.630,0.460449,-0.545898,0.278320,0.288574,-0.427979,0.903320,18878,17005,18624,17043,1,0.450000,-0.550000,0.300000,0.000000,1772917660335.704,0.459222,-0.545601,0.279388,0.000000,0.000000,0.000000,1.000000,position_only
2026-03-07T21:07:40.353566+00:00,1772917660353.565,0.459229,-0.545898,0.276123,0.288574,-0.542480,0.874512,18878,17005,18624,17043,1,0.450000,-0.550000,0.300000,0.000000,1772917660352.700,0.457314,-0.545356,0.276021,0.000000,0.000000,0.000000,1.000000,position_only
2026-03-07T21:07:40.364113+00:00,1772917660364.112,0.458252,-0.545898,0.274170,0.300293,-0.649902,0.848145,18878,17005,18624,17043,1,0.450000,-0.550000,0.300000,0.000000,1772917660361.338,0.456385,-0.545253,0.274357,0.000000,0.000000,0.000000,1.000000,position_only
2026-03-07T21:07:40.373946+00:00,1772917660373.946,0.457031,-0.545898,0.272461,0.311035,-0.743164,0.816895,18878,17005,18624,17043,1,0.450000,-0.550000,0.300000,0.000000,1772917660369.968,0.455458,-0.545072,0.272749,0.000000,0.000000,0.000000,1.000000,position_only
2026-03-07T21:07:40.383848+00:00,1772917660383.847,0.455811,-0.545410,0.270508,0.305420,-0.829590,0.791504,18878,17005,18624,17043,1,0.450000,-0.550000,0.300000,0.000000,1772917660378.530,0.454490,-0.544981,0.271175,0.000000,0.000000,0.000000,1.000000,position_only
2026-03-07T21:07:40.393564+00:00,1772917660393.564,0.454590,-0.545410,0.268799,0.309814,-0.910645,0.774414,18878,17005,18624,17043,1,0.450000,-0.550000,0.300000,0.000000,1772917660387.057,0.453539,-0.544908,0.269659,0.000000,0.000000,0.000000,1.000000,position_only
2026-03-07T21:07:40.404402+00:00,1772917660404.402,0.453613,-0.545410,0.267090,0.325684,-0.980957,0.758301,18878,17005,18624,17043,1,0.450000,-0.550000,0.300000,0.000000,1772917660395.724,0.452601,-0.544752,0.268135,0.000000,0.000000,0.000000,1.000000,position_only
2026-03-07T21:07:40.414164+00:00,1772917660414.163,0.452393,-0.544922,0.265381,0.346680,-1.066406,0.742676,18878,17005,18624,17043,1,0.450000,-0.550000,0.300000,0.000000,1772917660413.029,0.450747,-0.544487,0.265283,0.000000,0.000000,0.000000,1.000000,position_only
2026-03-07T21:07:40.423436+00:00,1772917660423.436,0.451416,-0.544922,0.263916,0.360107,-1.143555,0.733398,18878,17005,18624,17043,1,0.450000,-0.550000,0.300000,0.000000,1772917660421.799,0.449870,-0.544332,0.263822,0.000000,0.000000,0.000000,1.000000,position_only
2026-03-07T21:07:40.433167+00:00,1772917660433.166,0.450439,-0.544922,0.262451,0.374756,-1.224609,0.714355,18878,17005,18624,17043,1,0.450000,-0.550000,0.300000,0.000000,1772917660430.364,0.448863,-0.544301,0.262533,0.000000,0.000000,0.000000,1.000000,position_only
2026-03-07T21:07:40.443710+00:00,1772917660443.710,0.449219,-0.544922,0.260986,0.391113,-1.291016,0.705566,18878,17005,18624,17043,1,0.450000,-0.550000,0.300000,0.000000,1772917660438.813,0.447954,-0.544111,0.261204,0.000000,0.000000,0.000000,1.000000,position_only
2026-03-07T21:07:40.454223+00:00,1772917660454.223,0.448242,-0.544434,0.259521,0.391602,-1.361328,0.698242,18878,17005,18624,17043,1,0.450000,-0.550000,0.300000,0.000000,1772917660447.319,0.447027,-0.543989,0.259955,0.000000,0.000000,0.000000,1.000000,position_only
2026-03-07T21:07:40.463284+00:00,1772917660463.284,0.447021,-0.544434,0.258057,0.387939,-1.432617,0.686035,18878,17005,18624,17043,1,0.450000,-0.550000,0.300000,0.000000,1772917660456.129,0.446221,-0.543863,0.258722,0.000000,0.000000,0.000000,1.000000,position_only
2026-03-07T21:07:40.473759+00:00,1772917660473.759,0.446045,-0.544434,0.256836,0.400635,-1.503906,0.673340,18878,17005,18624,17043,1,0.450000,-0.550000,0.300000,0.000000,1772917660473.092,0.444440,-0.543585,0.256418,0.000000,0.000000,0.000000,1.000000,position_only
2026-03-07T21:07:40.484573+00:00,1772917660484.573,0.445068,-0.544434,0.255371,0.400635,-1.593750,0.660645,18878,17005,18624,17043,1,0.450000,-0.550000,0.300000,0.000000,1772917660481.727,0.443572,-0.543523,0.255235,0.000000,0.000000,0.000000,1.000000,position_only
2026-03-07T21:07:40.494430+00:00,1772917660494.430,0.444336,-0.544434,0.254150,0.417725,-1.667969,0.646973,18878,17005,18624,17043,1,0.450000,-0.550000,0.300000,0.000000,1772917660490.206,0.442780,-0.543375,0.254146,0.000000,0.000000,0.000000,1.000000,position_only
2026-03-07T21:07:40.503573+00:00,1772917660503.573,0.443359,-0.543945,0.252930,0.427979,-1.744141,0.630859,18878,17005,18624,17043,1,0.450000,-0.550000,0.300000,0.000000,1772917660499.034,0.442054,-0.543287,0.253039,0.000000,0.000000,0.000000,1.000000,position_only
2026-03-07T21:07:40.513334+00:00,1772917660513.333,0.442383,-0.543945,0.251709,0.429443,-1.816406,0.617188,18878,17005,18624,17043,1,0.450000,-0.550000,0.300000,0.000000,1772917660507.530,0.441198,-0.543246,0.251968,0.000000,0.000000,0.000000,1.000000,position_only
2026-03-07T21:07:40.524631+00:00,1772917660524.631,0.441406,-0.543945,0.250488,0.427979,-1.887695,0.607422,18878,17005,18624,17043,1,0.450000,-0.550000,0.300000,0.000000,1772917660524.550,0.439598,-0.543020,0.249972,0.000000,0.000000,0.000000,1.000000,position_only
2026-03-07T21:07:40.533408+00:00,1772917660533.407,0.440674,-0.543945,0.249512,0.423340,-1.942383,0.594727,18878,17005,18624,17043,1,0.450000,-0.550000,0.300000,0.000000,1772917660533.052,0.438855,-0.542872,0.249037,0.000000,0.000000,0.000000,1.000000,position_only
2026-03-07T21:07:40.543728+00:00,1772917660543.728,0.439697,-0.543457,0.248413,0.413574,-1.999023,0.577637,18878,17005,18624,17043,1,0.450000,-0.550000,0.300000,0.000000,1772917660541.855,0.438144,-0.542799,0.248031,0.000000,0.000000,0.000000,1.000000,position_only
2026-03-07T21:07:40.555035+00:00,1772917660555.035,0.438965,-0.543457,0.247314,0.398682,-2.042969,0.563477,18878,17005,18624,17043,1,0.450000,-0.550000,0.300000,0.000000,1772917660550.397,0.437420,-0.542678,0.247079,0.000000,0.000000,0.000000,1.000000,position_only
2026-03-07T21:07:40.564827+00:00,1772917660564.827,0.438232,-0.543457,0.246338,0.379883,-2.074219,0.553711,18878,17005,18624,17043,1,0.450000,-0.550000,0.300000,0.000000,1772917660558.878,0.436763,-0.542593,0.246213,0.000000,0.000000,0.000000,1.000000,position_only
2026-03-07T21:07:40.574765+00:00,1772917660574.765,0.437256,-0.543457,0.245239,0.369141,-2.089844,0.543457,18878,17005,18624,17043,1,0.450000,-0.550000,0.300000,0.000000,1772917660567.636,0.435368,-0.542430,0.244445,0.000000,0.000000,0.000000,1.000000,position_only
2026-03-07T21:07:40.584662+00:00,1772917660584.661,0.436523,-0.543457,0.244263,0.361084,-2.105469,0.540527,18878,17005,18624,17043,1,0.450000,-0.550000,0.300000,0.000000,1772917660576.302,0.434748,-0.542299,0.243582,0.000000,0.000000,0.000000,1.000000,position_only
2026-03-07T21:07:40.593734+00:00,1772917660593.734,0.435791,-0.543457,0.243286,0.358398,-2.105469,0.540527,18878,17005,18624,17043,1,0.450000,-0.550000,0.300000,0.000000,1772917660593.329,0.433407,-0.542143,0.241992,0.000000,0.000000,0.000000,1.000000,position_only
2026-03-07T21:07:40.603557+00:00,1772917660603.557,0.435303,-0.542969,0.242310,0.373779,-2.099609,0.540527,18878,17005,18624,17043,1,0.450000,-0.550000,0.300000,0.000000,1772917660601.877,0.433407,-0.542143,0.241992,0.000000,0.000000,0.000000,1.000000,position_only
2026-03-07T21:07:40.614712+00:00,1772917660614.711,0.434570,-0.542969,0.241455,0.401855,-2.093750,0.533203,18878,17005,18624,17043,1,0.450000,-0.550000,0.300000,0.000000,1772917660610.498,0.432266,-0.542002,0.240443,0.000000,0.000000,0.000000,1.000000,position_only
2026-03-07T21:07:40.624557+00:00,1772917660624.556,0.433838,-0.542969,0.240601,0.404541,-2.103516,0.529785,18878,17005,18624,17043,1,0.450000,-0.550000,0.300000,0.000000,1772917660619.022,0.431669,-0.541897,0.239719,0.000000,0.000000,0.000000,1.000000,position_only
2026-03-07T21:07:40.634575+00:00,1772917660634.574,0.433105,-0.542969,0.239746,0.401855,-2.103516,0.530762,18878,17005,18624,17043,1,0.450000,-0.550000,0.300000,0.000000,1772917660627.512,0.431142,-0.541786,0.239005,0.000000,0.000000,0.000000,1.000000,position_only
2026-03-07T21:07:40.643962+00:00,1772917660643.962,0.432617,-0.542969,0.238892,0.395752,-2.099609,0.533203,18878,17005,18624,17043,1,0.450000,-0.550000,0.300000,0.000000,1772917660636.022,0.430654,-0.541716,0.238369,0.000000,0.000000,0.000000,1.000000,position_only
2026-03-07T21:07:40.654553+00:00,1772917660654.553,0.432129,-0.542480,0.238037,0.392090,-2.089844,0.529297,18878,17005,18624,17043,1,0.450000,-0.550000,0.300000,0.000000,1772917660653.174,0.429648,-0.541565,0.236997,0.000000,0.000000,0.000000,1.000000,position_only
2026-03-07T21:07:40.664315+00:00,1772917660664.315,0.431641,-0.542480,0.237305,0.392090,-2.078125,0.515137,18878,17005,18624,17043,1,0.450000,-0.550000,0.300000,0.000000,1772917660661.646,0.429186,-0.541458,0.236395,0.000000,0.000000,0.000000,1.000000,position_only
2026-03-07T21:07:40.675428+00:00,1772917660675.428,0.431152,-0.542480,0.236572,0.376709,-2.076172,0.515137,18878,17005,18624,17043,1,0.450000,-0.550000,0.300000,0.000000,1772917660670.198,0.428752,-0.541408,0.235859,0.000000,0.000000,0.000000,1.000000,position_only
2026-03-07T21:07:40.684566+00:00,1772917660684.566,0.430420,-0.542480,0.235962,0.374268,-2.070312,0.512695,18878,17005,18624,17043,1,0.450000,-0.550000,0.300000,0.000000,1772917660678.644,0.428264,-0.541296,0.235306,0.000000,0.000000,0.000000,1.000000,position_only
2026-03-07T21:07:40.693882+00:00,1772917660693.882,0.430176,-0.542480,0.235229,0.369629,-2.072266,0.505371,18878,17005,18624,17043,1,0.450000,-0.550000,0.300000,0.000000,1772917660687.139,0.427831,-0.541312,0.234667,0.000000,0.000000,0.000000,1.000000,position_only
2026-03-07T21:07:40.704773+00:00,1772917660704.772,0.429688,-0.542480,0.234619,0.364258,-2.066406,0.500977,18878,17005,18624,17043,1,0.450000,-0.550000,0.300000,0.000000,1772917660704.301,0.427195,-0.541213,0.233696,0.000000,0.000000,0.000000,1.000000,position_only
2026-03-07T21:07:40.713919+00:00,1772917660713.918,0.429443,-0.542480,0.234131,0.355713,-2.050781,0.490234,18878,17005,18624,17043,1,0.450000,-0.550000,0.300000,0.000000,1772917660712.760,0.426779,-0.541121,0.233237,0.000000,0.000000,0.000000,1.000000,position_only
2026-03-07T21:07:40.724877+00:00,1772917660724.876,0.428955,-0.542480,0.233521,0.365234,-2.037109,0.484375,18878,17005,18624,17043,1,0.450000,-0.550000,0.300000,0.000000,1772917660721.290,0.426402,-0.541031,0.232802,0.000000,0.000000,0.000000,1.000000,position_only
2026-03-07T21:07:40.734924+00:00,1772917660734.923,0.428467,-0.541992,0.233032,0.366455,-2.011719,0.478027,18878,17005,18624,17043,1,0.450000,-0.550000,0.300000,0.000000,1772917660729.863,0.426076,-0.540940,0.232369,0.000000,0.000000,0.000000,1.000000,position_only
2026-03-07T21:07:40.744869+00:00,1772917660744.868,0.428223,-0.541992,0.232544,0.372314,-1.985352,0.473633,18878,17005,18624,17043,1,0.450000,-0.550000,0.300000,0.000000,1772917660738.510,0.425806,-0.540885,0.231982,0.000000,0.000000,0.000000,1.000000,position_only
2026-03-07T21:07:40.754642+00:00,1772917660754.641,0.427979,-0.541992,0.232056,0.369385,-1.976562,0.464844,18878,17005,18624,17043,1,0.450000,-0.550000,0.300000,0.000000,1772917660747.064,0.425544,-0.540838,0.231621,0.000000,0.000000,0.000000,1.000000,position_only
2026-03-07T21:07:40.764335+00:00,1772917660764.335,0.427734,-0.541992,0.231689,0.371582,-1.958008,0.466309,18878,17005,18624,17043,1,0.450000,-0.550000,0.300000,0.000000,1772917660764.005,0.425101,-0.540740,0.230992,0.000000,0.000000,0.000000,1.000000,position_only
2026-03-07T21:07:40.775087+00:00,1772917660775.086,0.427490,-0.541992,0.231323,0.358643,-1.940430,0.464355,18878,17005,18624,17043,1,0.450000,-0.550000,0.300000,0.000000,1772917660772.676,0.424813,-0.540630,0.230662,0.000000,0.000000,0.000000,1.000000,position_only
2026-03-07T21:07:40.784306+00:00,1772917660784.305,0.427490,-0.541992,0.230957,0.351074,-1.911133,0.453613,18878,17005,18624,17043,1,0.450000,-0.550000,0.300000,0.000000,1772917660781.248,0.424577,-0.540546,0.230375,0.000000,0.000000,0.000000,1.000000,position_only
2026-03-07T21:07:40.794982+00:00,1772917660794.981,0.427002,-0.541992,0.230591,0.337402,-1.866211,0.447510,18878,17005,18624,17043,1,0.450000,-0.550000,0.300000,0.000000,1772917660789.740,0.424382,-0.540480,0.230092,0.000000,0.000000,0.000000,1.000000,position_only
2026-03-07T21:07:40.804756+00:00,1772917660804.755,0.427002,-0.541504,0.230347,0.325684,-1.813477,0.447266,18878,17005,18624,17043,1,0.450000,-0.550000,0.300000,0.000000,1772917660798.246,0.424138,-0.540436,0.229871,0.000000,0.000000,0.000000,1.000000,position_only
2026-03-07T21:07:40.813916+00:00,1772917660813.915,0.426758,-0.541504,0.230103,0.310059,-1.754883,0.444092,18878,17005,18624,17043,1,0.450000,-0.550000,0.300000,0.000000,1772917660806.704,0.423949,-0.540335,0.229645,0.000000,0.000000,0.000000,1.000000,position_only
2026-03-07T21:07:40.824603+00:00,1772917660824.602,0.426758,-0.541504,0.229858,0.300537,-1.702148,0.449219,18878,17005,18624,17043,1,0.450000,-0.550000,0.300000,0.000000,1772917660823.763,0.423655,-0.540206,0.229249,0.000000,0.000000,0.000000,1.000000,position_only
