time_ms,x,y,z,yaw_deg,sp_x,sp_y,sp_z,sp_yaw_deg
1.51,-0.083619,-0.027892,0.015253,0.0000,0.000000,0.000000,0.000000,0.0000
7.42,-0.083798,-0.027837,0.015189,0.0000,0.000000,0.000000,0.000000,0.0000
13.29,-0.083913,-0.027816,0.015100,0.0000,0.600000,0.000000,0.000000,0.0000
18.86,-0.083913,-0.027816,0.015100,0.0000,0.600000,0.000000,0.000000,0.0000
24.21,-0.084032,-0.027762,0.015033,0.0000,0.600000,0.000000,0.000000,0.0000
29.87,-0.084113,-0.027768,0.014942,0.0000,0.600000,0.000000,0.000000,0.0000
35.28,-0.084113,-0.027768,0.014942,0.0000,0.600000,0.000000,0.000000,0.0000
40.65,-0.084194,-0.027748,0.014881,0.0000,0.600000,0.000000,0.000000,0.0000
46.02,-0.084194,-0.027748,0.014881,0.0000,0.600000,0.000000,0.000000,0.0000
51.44,-0.084233,-0.027767,0.014796,0.0000,0.600000,0.000000,0.000000,0.0000
57.32,-0.084236,-0.027787,0.014737,0.0000,0.600000,0.000000,0.000000,0.0000
62.71,-0.084236,-0.027787,0.014737,0.0000,0.600000,0.000000,0.000000,0.0000
68.40,-0.084190,-0.027784,0.014674,0.0000,0.600000,0.000000,0.000000,0.0000
73.79,-0.084137,-0.027835,0.014593,0.0000,0.600000,0.000000,0.000000,0.0000
79.20,-0.084137,-0.027835,0.014593,0.0000,0.600000,0.000000,0.000000,0.0000
84.59,-0.083992,-0.027844,0.014517,0.0000,0.600000,0.000000,0.000000,0.0000
90.01,-0.083784,-0.027918,0.014433,0.0000,0.600000,0.000000,0.000000,0.0000
95.37,-0.083784,-0.027918,0.014433,0.0000,0.600000,0.000000,0.000000,0.0000
100.75,-0.083463,-0.027992,0.014352,0.0000,0.600000,0.000000,0.000000,0.0000
106.22,-0.083124,-0.028042,0.014258,0.0000,0.600000,0.000000,0.000000,0.0000
111.58,-0.083124,-0.028042,0.014258,0.0000,0.600000,0.000000,0.000000,0.0000
117.15,-0.082741,-0.028091,0.014188,0.0000,0.600000,0.000000,0.000000,0.0000
122.51,-0.082356,-0.028156,0.014092,0.0000,0.600000,0.000000,0.000000,0.0000
127.90,-0.082356,-0.028156,0.014092,0.0000,0.600000,0.000000,0.000000,0.0000
133.23,-0.081885,-0.028213,0.014011,0.0000,0.600000,0.000000,0.000000,0.0000
138.30,-0.081335,-0.028341,0.013897,0.0000,0.600000,0.000000,0.000000,0.0000
143.72,-0.081335,-0.028341,0.013897,0.0000,0.600000,0.000000,0.000000,0.0000
149.10,-0.080695,-0.028431,0.013822,0.0000,0.600000,0.000000,0.000000,0.0000
154.50,-0.080695,-0.028431,0.013822,0.0000,0.556742,0.004898,0.000000,0.0000
159.92,-0.080032,-0.028534,0.013752,0.0000,0.556742,0.004898,0.000000,0.0000
165.39,-0.079296,-0.028658,0.013633,0.0000,0.556742,0.004898,0.000000,0.0000
170.75,-0.079296,-0.028658,0.013633,0.0000,0.556742,0.004898,0.000000,0.0000
176.11,-0.078513,-0.028839,0.013577,0.0000,0.556742,0.004898,0.000000,0.0000
181.45,-0.077626,-0.028978,0.013424,0.0000,0.556742,0.004898,0.000000,0.0000
186.84,-0.077626,-0.028978,0.013424,0.0000,0.556742,0.004898,0.000000,0.0000
192.18,-0.076719,-0.029110,0.013356,0.0000,0.556742,0.004898,0.000000,0.0000
197.81,-0.075679,-0.029326,0.013273,0.0000,0.556742,0.004898,0.000000,0.0000
203.14,-0.075679,-0.029326,0.013273,0.0000,0.556742,0.004898,0.000000,0.0000
208.54,-0.074562,-0.029462,0.013222,0.0000,0.556742,0.004898,0.000000,0.0000
214.14,-0.073381,-0.029674,0.013108,0.0000,0.556742,0.004898,0.000000,0.0000
219.53,-0.073381,-0.029674,0.013108,0.0000,0.556742,0.004898,0.000000,0.0000
224.89,-0.072072,-0.029838,0.012960,0.0000,0.556742,0.004898,0.000000,0.0000
230.20,-0.070697,-0.030056,0.012903,0.0000,0.556742,0.004898,0.000000,0.0000
235.56,-0.070697,-0.030056,0.012903,0.0000,0.556742,0.004898,0.000000,0.0000
241.32,-0.069230,-0.030237,0.012801,0.0000,0.556742,0.004898,0.000000,0.0000
246.76,-0.067694,-0.030429,0.012711,0.0000,0.556742,0.004898,0.000000,0.0000
252.16,-0.067694,-0.030429,0.012711,0.0000,0.556742,0.004898,0.000000,0.0000
257.57,-0.066048,-0.030658,0.012621,0.0000,0.556742,0.004898,0.000000,0.0000
263.14,-0.064295,-0.030821,0.012522,0.0000,0.556742,0.004898,0.000000,0.0000
268.62,-0.064295,-0.030821,0.012522,0.0000,0.556742,0.004898,0.000000,0.0000
273.95,-0.062466,-0.031038,0.012425,0.0000,0.556742,0.004898,0.000000,0.0000
279.32,-0.062466,-0.031038,0.012425,0.0000,0.556742,0.004898,0.000000,0.0000
284.66,-0.060562,-0.031239,0.012336,0.0000,0.556742,0.004898,0.000000,0.0000
290.07,-0.058542,-0.031460,0.012292,0.0000,0.556742,0.004898,0.000000,0.0000
295.43,-0.058542,-0.031460,0.012292,0.0000,0.556742,0.004898,0.000000,0.0000
300.95,-0.056399,-0.031545,0.012124,0.0000,0.513484,0.009796,0.000000,0.0000
306.28,-0.054182,-0.031802,0.012071,0.0000,0.513484,0.009796,0.000000,0.0000
311.75,-0.054182,-0.031802,0.012071,0.0000,0.513484,0.009796,0.000000,0.0000
317.13,-0.051900,-0.032020,0.012031,0.0000,0.513484,0.009796,0.000000,0.0000
322.79,-0.049542,-0.032206,0.011947,0.0000,0.513484,0.009796,0.000000,0.0000
328.13,-0.049542,-0.032206,0.011947,0.0000,0.513484,0.009796,0.000000,0.0000
333.51,-0.047119,-0.032404,0.011851,0.0000,0.513484,0.009796,0.000000,0.0000
338.93,-0.044609,-0.032600,0.011849,0.0000,0.513484,0.009796,0.000000,0.0000
344.49,-0.044609,-0.032600,0.011849,0.0000,0.513484,0.009796,0.000000,0.0000
349.88,-0.042080,-0.032739,0.011770,0.0000,0.513484,0.009796,0.000000,0.0000
355.20,-0.039397,-0.032957,0.011680,0.0000,0.513484,0.009796,0.000000,0.0000
360.58,-0.039397,-0.032957,0.011680,0.0000,0.513484,0.009796,0.000000,0.0000
365.95,-0.036747,-0.033119,0.011646,0.0000,0.513484,0.009796,0.000000,0.0000
371.56,-0.033984,-0.033291,0.011627,0.0000,0.513484,0.009796,0.000000,0.0000
376.96,-0.033984,-0.033291,0.011627,0.0000,0.513484,0.009796,0.000000,0.0000
382.36,-0.031139,-0.033453,0.011600,0.0000,0.513484,0.009796,0.000000,0.0000
388.14,-0.028240,-0.033610,0.011539,0.0000,0.513484,0.009796,0.000000,0.0000
393.60,-0.028240,-0.033610,0.011539,0.0000,0.513484,0.009796,0.000000,0.0000
398.95,-0.025363,-0.033833,0.011509,0.0000,0.513484,0.009796,0.000000,0.0000
404.36,-0.025363,-0.033833,0.011509,0.0000,0.513484,0.009796,0.000000,0.0000
409.72,-0.022383,-0.033922,0.011473,0.0000,0.513484,0.009796,0.000000,0.0000
415.31,-0.019258,-0.034109,0.011446,0.0000,0.513484,0.009796,0.000000,0.0000
420.69,-0.019258,-0.034109,0.011446,0.0000,0.513484,0.009796,0.000000,0.0000
426.08,-0.016201,-0.034228,0.011456,0.0000,0.470225,0.014695,0.000000,0.0000
431.43,-0.013107,-0.034294,0.011428,0.0000,0.470225,0.014695,0.000000,0.0000
436.79,-0.013107,-0.034294,0.011428,0.0000,0.470225,0.014695,0.000000,0.0000
442.14,-0.009917,-0.034487,0.011417,0.0000,0.470225,0.014695,0.000000,0.0000
447.59,-0.006784,-0.034514,0.011485,0.0000,0.470225,0.014695,0.000000,0.0000
452.95,-0.006784,-0.034514,0.011485,0.0000,0.470225,0.014695,0.000000,0.0000
458.34,-0.003557,-0.034590,0.011453,0.0000,0.470225,0.014695,0.000000,0.0000
463.74,-0.000224,-0.034717,0.011461,0.0000,0.470225,0.014695,0.000000,0.0000
469.13,-0.000224,-0.034717,0.011461,0.0000,0.470225,0.014695,0.000000,0.0000
474.59,0.003002,-0.034668,0.011545,0.0000,0.470225,0.014695,0.000000,0.0000
479.96,0.006403,-0.034691,0.011577,0.0000,0.470225,0.014695,0.000000,0.0000
485.34,0.006403,-0.034691,0.011577,0.0000,0.470225,0.014695,0.000000,0.0000
490.71,0.009674,-0.034785,0.011681,0.0000,0.470225,0.014695,0.000000,0.0000
496.12,0.009674,-0.034785,0.011681,0.0000,0.470225,0.014695,0.000000,0.0000
501.47,0.012995,-0.034739,0.011682,0.0000,0.470225,0.014695,0.000000,0.0000
506.87,0.016530,-0.034778,0.011753,0.0000,0.470225,0.014695,0.000000,0.0000
512.19,0.016530,-0.034778,0.011753,0.0000,0.470225,0.014695,0.000000,0.0000
517.56,0.019847,-0.034749,0.011852,0.0000,0.470225,0.014695,0.000000,0.0000
522.96,0.023351,-0.034634,0.011917,0.0000,0.470225,0.014695,0.000000,0.0000
528.34,0.023351,-0.034634,0.011917,0.0000,0.470225,0.014695,0.000000,0.0000
533.73,0.026791,-0.034629,0.012058,0.0000,0.470225,0.014695,0.000000,0.0000
539.12,0.030237,-0.034579,0.012078,0.0000,0.470225,0.014695,0.000000,0.0000
544.49,0.030237,-0.034579,0.012078,0.0000,0.470225,0.014695,0.000000,0.0000
549.56,0.033668,-0.034516,0.012247,0.0000,0.470225,0.014695,0.000000,0.0000
554.94,0.037214,-0.034420,0.012338,0.0000,0.470225,0.014695,0.000000,0.0000
560.35,0.037214,-0.034420,0.012338,0.0000,0.470225,0.014695,0.000000,0.0000
565.85,0.040673,-0.034328,0.012357,0.0000,0.426967,0.019593,0.000000,0.0000
571.23,0.040673,-0.034328,0.012357,0.0000,0.426967,0.019593,0.000000,0.0000
576.61,0.044107,-0.034280,0.012464,0.0000,0.426967,0.019593,0.000000,0.0000
582.09,0.047600,-0.034133,0.012520,0.0000,0.426967,0.019593,0.000000,0.0000
587.46,0.047600,-0.034133,0.012520,0.0000,0.426967,0.019593,0.000000,0.0000
592.87,0.051114,-0.034085,0.012581,0.0000,0.426967,0.019593,0.000000,0.0000
598.20,0.054531,-0.033914,0.012696,0.0000,0.426967,0.019593,0.000000,0.0000
603.62,0.054531,-0.033914,0.012696,0.0000,0.426967,0.019593,0.000000,0.0000
609.08,0.058003,-0.033614,0.012727,0.0000,0.426967,0.019593,0.000000,0.0000
614.46,0.061461,-0.033495,0.012813,0.0000,0.426967,0.019593,0.000000,0.0000
619.86,0.061461,-0.033495,0.012813,0.0000,0.426967,0.019593,0.000000,0.0000
625.20,0.064799,-0.033354,0.012894,0.0000,0.426967,0.019593,0.000000,0.0000
630.66,0.068325,-0.033063,0.013042,0.0000,0.426967,0.019593,0.000000,0.0000
636.06,0.068325,-0.033063,0.013042,0.0000,0.426967,0.019593,0.000000,0.0000
641.54,0.071620,-0.032750,0.013111,0.0000,0.426967,0.019593,0.000000,0.0000
646.90,0.075029,-0.032580,0.013220,0.0000,0.426967,0.019593,0.000000,0.0000
652.87,0.075029,-0.032580,0.013220,0.0000,0.426967,0.019593,0.000000,0.0000
658.34,0.078258,-0.032266,0.013376,0.0000,0.426967,0.019593,0.000000,0.0000
663.71,0.081671,-0.031923,0.013407,0.0000,0.426967,0.019593,0.000000,0.0000
669.09,0.081671,-0.031923,0.013407,0.0000,0.426967,0.019593,0.000000,0.0000
674.64,0.084898,-0.031610,0.013643,0.0000,0.426967,0.019593,0.000000,0.0000
680.02,0.088149,-0.031333,0.013673,0.0000,0.426967,0.019593,0.000000,0.0000
685.38,0.088149,-0.031333,0.013673,0.0000,0.426967,0.019593,0.000000,0.0000
690.76,0.091460,-0.030895,0.013804,0.0000,0.426967,0.019593,0.000000,0.0000
696.13,0.091460,-0.030895,0.013804,0.0000,0.426967,0.019593,0.000000,0.0000
701.48,0.094640,-0.030556,0.013943,0.0000,0.426967,0.019593,0.000000,0.0000
706.84,0.097781,-0.030233,0.014046,0.0000,0.426967,0.019593,0.000000,0.0000
712.24,0.097781,-0.030233,0.014046,0.0000,0.383709,0.024491,0.000000,0.0000
717.67,0.100886,-0.029749,0.014279,0.0000,0.383709,0.024491,0.000000,0.0000
723.23,0.103990,-0.029295,0.014309,0.0000,0.383709,0.024491,0.000000,0.0000
728.60,0.103990,-0.029295,0.014309,0.0000,0.383709,0.024491,0.000000,0.0000
734.51,0.106965,-0.028824,0.014498,0.0000,0.383709,0.024491,0.000000,0.0000
740.08,0.109972,-0.028334,0.014705,0.0000,0.383709,0.024491,0.000000,0.0000
745.57,0.109972,-0.028334,0.014705,0.0000,0.383709,0.024491,0.000000,0.0000
750.96,0.113000,-0.027836,0.014824,0.0000,0.383709,0.024491,0.000000,0.0000
756.35,0.115912,-0.027281,0.015037,0.0000,0.383709,0.024491,0.000000,0.0000
761.72,0.115912,-0.027281,0.015037,0.0000,0.383709,0.024491,0.000000,0.0000
767.08,0.118856,-0.026714,0.015183,0.0000,0.383709,0.024491,0.000000,0.0000
773.96,0.121669,-0.026176,0.015228,0.0000,0.383709,0.024491,0.000000,0.0000
779.54,0.121669,-0.026176,0.015228,0.0000,0.383709,0.024491,0.000000,0.0000
784.89,0.124446,-0.025504,0.015502,0.0000,0.383709,0.024491,0.000000,0.0000
790.20,0.127232,-0.024912,0.015565,0.0000,0.383709,0.024491,0.000000,0.0000
795.60,0.127232,-0.024912,0.015565,0.0000,0.383709,0.024491,0.000000,0.0000
800.96,0.129867,-0.024317,0.015768,0.0000,0.383709,0.024491,0.000000,0.0000
806.40,0.132511,-0.023545,0.015926,0.0000,0.383709,0.024491,0.000000,0.0000
811.77,0.132511,-0.023545,0.015926,0.0000,0.383709,0.024491,0.000000,0.0000
817.72,0.135145,-0.022889,0.015997,0.0000,0.383709,0.024491,0.000000,0.0000
823.17,0.137664,-0.022240,0.016092,0.0000,0.383709,0.024491,0.000000,0.0000
828.56,0.137664,-0.022240,0.016092,0.0000,0.383709,0.024491,0.000000,0.0000
833.95,0.140224,-0.021387,0.016261,0.0000,0.383709,0.024491,0.000000,0.0000
839.38,0.142652,-0.020737,0.016246,0.0000,0.383709,0.024491,0.000000,0.0000
844.75,0.142652,-0.020737,0.016246,0.0000,0.383709,0.024491,0.000000,0.0000
850.22,0.145036,-0.019907,0.016530,0.0000,0.383709,0.024491,0.000000,0.0000
855.63,0.145036,-0.019907,0.016530,0.0000,0.340451,0.029389,0.000000,0.0000
861.08,0.147398,-0.018954,0.016650,0.0000,0.340451,0.029389,0.000000,0.0000
866.60,0.149620,-0.018295,0.016725,0.0000,0.340451,0.029389,0.000000,0.0000
872.12,0.151876,-0.017332,0.016867,0.0000,0.340451,0.029389,0.000000,0.0000
877.60,0.151876,-0.017332,0.016867,0.0000,0.340451,0.029389,0.000000,0.0000
883.23,0.154084,-0.016533,0.016873,0.0000,0.340451,0.029389,0.000000,0.0000
888.61,0.156210,-0.015584,0.016983,0.0000,0.340451,0.029389,0.000000,0.0000
893.96,0.156210,-0.015584,0.016983,0.0000,0.340451,0.029389,0.000000,0.0000
899.67,0.158355,-0.014606,0.016998,0.0000,0.340451,0.029389,0.000000,0.0000
905.07,0.160353,-0.013673,0.016981,0.0000,0.340451,0.029389,0.000000,0.0000
910.45,0.160353,-0.013673,0.016981,0.0000,0.340451,0.029389,0.000000,0.0000
915.84,0.162347,-0.012718,0.017026,0.0000,0.340451,0.029389,0.000000,0.0000
921.29,0.164316,-0.011751,0.017053,0.0000,0.340451,0.029389,0.000000,0.0000
926.70,0.164316,-0.011751,0.017053,0.0000,0.340451,0.029389,0.000000,0.0000
932.02,0.166128,-0.010738,0.017119,0.0000,0.340451,0.029389,0.000000,0.0000
937.42,0.166128,-0.010738,0.017119,0.0000,0.340451,0.029389,0.000000,0.0000
942.78,0.168031,-0.009730,0.017087,0.0000,0.340451,0.029389,0.000000,0.0000
948.17,0.169779,-0.008619,0.017124,0.0000,0.340451,0.029389,0.000000,0.0000
953.56,0.169779,-0.008619,0.017124,0.0000,0.340451,0.029389,0.000000,0.0000
959.02,0.171544,-0.007626,0.017116,0.0000,0.340451,0.029389,0.000000,0.0000
964.36,0.171544,-0.007626,0.017116,0.0000,0.340451,0.029389,0.000000,0.0000
969.72,0.173123,-0.006490,0.017115,0.0000,0.340451,0.029389,0.000000,0.0000
975.08,0.174703,-0.005531,0.017179,0.0000,0.340451,0.029389,0.000000,0.0000
980.50,0.176318,-0.004320,0.017156,0.0000,0.297193,0.034287,0.000000,0.0000
985.86,0.176318,-0.004320,0.017156,0.0000,0.297193,0.034287,0.000000,0.0000
991.29,0.177794,-0.003283,0.017114,0.0000,0.297193,0.034287,0.000000,0.0000
996.64,0.179302,-0.002099,0.017026,0.0000,0.297193,0.034287,0.000000,0.0000
1001.71,0.179302,-0.002099,0.017026,0.0000,0.297193,0.034287,0.000000,0.0000
1007.07,0.180690,-0.000984,0.017062,0.0000,0.297193,0.034287,0.000000,0.0000
1012.48,0.180690,-0.000984,0.017062,0.0000,0.297193,0.034287,0.000000,0.0000
1017.87,0.182165,0.000239,0.017046,0.0000,0.297193,0.034287,0.000000,0.0000
1023.51,0.183448,0.001258,0.016969,0.0000,0.297193,0.034287,0.000000,0.0000
1028.88,0.183448,0.001258,0.016969,0.0000,0.297193,0.034287,0.000000,0.0000
1034.20,0.184829,0.002424,0.016819,0.0000,0.297193,0.034287,0.000000,0.0000
1039.66,0.186027,0.003529,0.016858,0.0000,0.297193,0.034287,0.000000,0.0000
1045.01,0.186027,0.003529,0.016858,0.0000,0.297193,0.034287,0.000000,0.0000
1050.36,0.187272,0.004746,0.016853,0.0000,0.297193,0.034287,0.000000,0.0000
1055.78,0.188442,0.005877,0.016698,0.0000,0.297193,0.034287,0.000000,0.0000
1061.19,0.188442,0.005877,0.016698,0.0000,0.297193,0.034287,0.000000,0.0000
1066.61,0.189481,0.007038,0.016638,0.0000,0.297193,0.034287,0.000000,0.0000
1071.96,0.190563,0.008118,0.016556,0.0000,0.297193,0.034287,0.000000,0.0000
1077.40,0.190563,0.008118,0.016556,0.0000,0.297193,0.034287,0.000000,0.0000
1082.78,0.191616,0.009282,0.016511,0.0000,0.297193,0.034287,0.000000,0.0000
1088.18,0.191616,0.009282,0.016511,0.0000,0.297193,0.034287,0.000000,0.0000
1093.57,0.192460,0.010502,0.016507,0.0000,0.297193,0.034287,0.000000,0.0000
1098.93,0.193515,0.011622,0.016377,0.0000,0.297193,0.034287,0.000000,0.0000
1104.92,0.194424,0.012761,0.016216,0.0000,0.297193,0.034287,0.000000,0.0000
1110.35,0.194424,0.012761,0.016216,0.0000,0.297193,0.034287,0.000000,0.0000
1115.70,0.195242,0.013839,0.016220,0.0000,0.297193,0.034287,0.000000,0.0000
1121.09,0.195242,0.013839,0.016220,0.0000,0.253934,0.039186,0.000000,0.0000
1126.43,0.196031,0.015062,0.016108,0.0000,0.253934,0.039186,0.000000,0.0000
1131.91,0.196883,0.016148,0.016041,0.0000,0.253934,0.039186,0.000000,0.0000
1137.26,0.196883,0.016148,0.016041,0.0000,0.253934,0.039186,0.000000,0.0000
1142.64,0.197646,0.017237,0.015936,0.0000,0.253934,0.039186,0.000000,0.0000
1148.02,0.198422,0.018210,0.015795,0.0000,0.253934,0.039186,0.000000,0.0000
1153.57,0.198422,0.018210,0.015795,0.0000,0.253934,0.039186,0.000000,0.0000
1159.02,0.199105,0.019389,0.015760,0.0000,0.253934,0.039186,0.000000,0.0000
1164.46,0.199756,0.020454,0.015729,0.0000,0.253934,0.039186,0.000000,0.0000
1169.89,0.199756,0.020454,0.015729,0.0000,0.253934,0.039186,0.000000,0.0000
1175.20,0.200471,0.021479,0.015637,0.0000,0.253934,0.039186,0.000000,0.0000
1180.56,0.200471,0.021479,0.015637,0.0000,0.253934,0.039186,0.000000,0.0000
1185.71,0.201072,0.022513,0.015541,0.0000,0.253934,0.039186,0.000000,0.0000
1191.38,0.201656,0.023512,0.015451,0.0000,0.253934,0.039186,0.000000,0.0000
1196.80,0.202192,0.024539,0.015393,0.0000,0.253934,0.039186,0.000000,0.0000
1202.21,0.202192,0.024539,0.015393,0.0000,0.253934,0.039186,0.000000,0.0000
1207.61,0.202659,0.025463,0.015285,0.0000,0.253934,0.039186,0.000000,0.0000
1213.14,0.203145,0.026548,0.015174,0.0000,0.253934,0.039186,0.000000,0.0000
1218.67,0.203145,0.026548,0.015174,0.0000,0.253934,0.039186,0.000000,0.0000
1224.02,0.203533,0.027617,0.015209,0.0000,0.253934,0.039186,0.000000,0.0000
1229.47,0.203533,0.027617,0.015209,0.0000,0.253934,0.039186,0.000000,0.0000
1234.84,0.203896,0.028473,0.015148,0.0000,0.253934,0.039186,0.000000,0.0000
1240.20,0.204256,0.029438,0.015092,0.0000,0.253934,0.039186,0.000000,0.0000
1245.59,0.204256,0.029438,0.015092,0.0000,0.253934,0.039186,0.000000,0.0000
1251.08,0.204648,0.030466,0.015000,0.0000,0.253934,0.039186,0.000000,0.0000
1256.45,0.204951,0.031354,0.014961,0.0000,0.253934,0.039186,0.000000,0.0000
1261.83,0.204951,0.031354,0.014961,0.0000,0.253934,0.039186,0.000000,0.0000
1267.34,0.205173,0.032258,0.014969,0.0000,0.210676,0.044084,0.000000,0.0000
1272.70,0.205173,0.032258,0.014969,0.0000,0.210676,0.044084,0.000000,0.0000
1278.02,0.205390,0.033159,0.014955,0.0000,0.210676,0.044084,0.000000,0.0000
1283.38,0.205595,0.034015,0.014920,0.0000,0.210676,0.044084,0.000000,0.0000
1289.26,0.205799,0.034979,0.014913,0.0000,0.210676,0.044084,0.000000,0.0000
1294.66,0.205799,0.034979,0.014913,0.0000,0.210676,0.044084,0.000000,0.0000
1300.02,0.205988,0.035812,0.014868,0.0000,0.210676,0.044084,0.000000,0.0000
1305.43,0.206053,0.036535,0.014872,0.0000,0.210676,0.044084,0.000000,0.0000
1310.78,0.206053,0.036535,0.014872,0.0000,0.210676,0.044084,0.000000,0.0000
1316.25,0.206106,0.037453,0.014886,0.0000,0.210676,0.044084,0.000000,0.0000
1321.68,0.206198,0.038234,0.014905,0.0000,0.210676,0.044084,0.000000,0.0000
1327.02,0.206198,0.038234,0.014905,0.0000,0.210676,0.044084,0.000000,0.0000
1332.50,0.206264,0.038925,0.014848,0.0000,0.210676,0.044084,0.000000,0.0000
1338.17,0.206274,0.039696,0.014851,0.0000,0.210676,0.044084,0.000000,0.0000
1343.52,0.206274,0.039696,0.014851,0.0000,0.210676,0.044084,0.000000,0.0000
1348.95,0.206269,0.040529,0.014845,0.0000,0.210676,0.044084,0.000000,0.0000
1354.31,0.206269,0.040529,0.014845,0.0000,0.210676,0.044084,0.000000,0.0000
1359.67,0.206274,0.041305,0.014802,0.0000,0.210676,0.044084,0.000000,0.0000
1365.19,0.206192,0.041945,0.014829,0.0000,0.210676,0.044084,0.000000,0.0000
1370.62,0.206192,0.041945,0.014829,0.0000,0.210676,0.044084,0.000000,0.0000
1375.96,0.205989,0.042715,0.014882,0.0000,0.210676,0.044084,0.000000,0.0000
1381.43,0.205989,0.042715,0.014882,0.0000,0.210676,0.044084,0.000000,0.0000
1386.89,0.205762,0.043467,0.014900,0.0000,0.210676,0.044084,0.000000,0.0000
1392.96,0.205566,0.044134,0.014897,0.0000,0.210676,0.044084,0.000000,0.0000
1398.36,0.205364,0.044695,0.014878,0.0000,0.210676,0.044084,0.000000,0.0000
1403.77,0.205364,0.044695,0.014878,0.0000,0.210676,0.044084,0.000000,0.0000
1409.16,0.205135,0.045414,0.014888,0.0000,0.167418,0.048982,0.000000,0.0000
1414.57,0.204896,0.046115,0.014873,0.0000,0.167418,0.048982,0.000000,0.0000
1419.95,0.204896,0.046115,0.014873,0.0000,0.167418,0.048982,0.000000,0.0000
1425.40,0.204583,0.046764,0.014865,0.0000,0.167418,0.048982,0.000000,0.0000
1431.37,0.204275,0.047399,0.014881,0.0000,0.167418,0.048982,0.000000,0.0000
1436.79,0.204275,0.047399,0.014881,0.0000,0.167418,0.048982,0.000000,0.0000
1442.34,0.203879,0.048034,0.014897,0.0000,0.167418,0.048982,0.000000,0.0000
1447.68,0.203511,0.048662,0.014922,0.0000,0.167418,0.048982,0.000000,0.0000
1453.48,0.203511,0.048662,0.014922,0.0000,0.167418,0.048982,0.000000,0.0000
1458.95,0.203042,0.049289,0.014968,0.0000,0.167418,0.048982,0.000000,0.0000
1464.28,0.202558,0.049901,0.014975,0.0000,0.167418,0.048982,0.000000,0.0000
1469.65,0.202558,0.049901,0.014975,0.0000,0.167418,0.048982,0.000000,0.0000
1475.03,0.202012,0.050461,0.014979,0.0000,0.167418,0.048982,0.000000,0.0000
1480.34,0.201490,0.050994,0.014950,0.0000,0.167418,0.048982,0.000000,0.0000
1485.66,0.201490,0.050994,0.014950,0.0000,0.167418,0.048982,0.000000,0.0000
1491.21,0.200909,0.051590,0.014938,0.0000,0.167418,0.048982,0.000000,0.0000
1496.53,0.200316,0.052201,0.014959,0.0000,0.167418,0.048982,0.000000,0.0000
1501.85,0.200316,0.052201,0.014959,0.0000,0.167418,0.048982,0.000000,0.0000
1507.14,0.199678,0.052760,0.014932,0.0000,0.167418,0.048982,0.000000,0.0000
1512.47,0.199678,0.052760,0.014932,0.0000,0.167418,0.048982,0.000000,0.0000
1517.79,0.199044,0.053224,0.014919,0.0000,0.167418,0.048982,0.000000,0.0000
1523.08,0.198355,0.053736,0.014937,0.0000,0.167418,0.048982,0.000000,0.0000
1528.40,0.198355,0.053736,0.014937,0.0000,0.167418,0.048982,0.000000,0.0000
1533.73,0.197533,0.054224,0.014928,0.0000,0.124160,0.053880,0.000000,0.0000
1539.06,0.196847,0.054715,0.014890,0.0000,0.124160,0.053880,0.000000,0.0000
1544.40,0.196847,0.054715,0.014890,0.0000,0.124160,0.053880,0.000000,0.0000
1549.71,0.196133,0.055196,0.014907,0.0000,0.124160,0.053880,0.000000,0.0000
1554.90,0.195301,0.055749,0.014896,0.0000,0.124160,0.053880,0.000000,0.0000
1560.20,0.195301,0.055749,0.014896,0.0000,0.124160,0.053880,0.000000,0.0000
1565.58,0.194487,0.056154,0.014851,0.0000,0.124160,0.053880,0.000000,0.0000
1570.91,0.194487,0.056154,0.014851,0.0000,0.124160,0.053880,0.000000,0.0000
1576.23,0.193594,0.056577,0.014881,0.0000,0.124160,0.053880,0.000000,0.0000
1581.54,0.192783,0.057062,0.014874,0.0000,0.124160,0.053880,0.000000,0.0000
1586.87,0.192783,0.057062,0.014874,0.0000,0.124160,0.053880,0.000000,0.0000
1592.32,0.191839,0.057475,0.014826,0.0000,0.124160,0.053880,0.000000,0.0000
1597.65,0.191839,0.057475,0.014826,0.0000,0.124160,0.053880,0.000000,0.0000
1602.95,0.190906,0.057831,0.014864,0.0000,0.124160,0.053880,0.000000,0.0000
1608.32,0.189910,0.058340,0.014867,0.0000,0.124160,0.053880,0.000000,0.0000
1613.79,0.188966,0.058728,0.014859,0.0000,0.124160,0.053880,0.000000,0.0000
1619.21,0.188966,0.058728,0.014859,0.0000,0.124160,0.053880,0.000000,0.0000
1624.66,0.187901,0.059137,0.014840,0.0000,0.124160,0.053880,0.000000,0.0000
1630.10,0.186938,0.059552,0.014750,0.0000,0.124160,0.053880,0.000000,0.0000
1635.45,0.186938,0.059552,0.014750,0.0000,0.124160,0.053880,0.000000,0.0000
1640.77,0.185811,0.060002,0.014755,0.0000,0.124160,0.053880,0.000000,0.0000
1646.07,0.185811,0.060002,0.014755,0.0000,0.124160,0.053880,0.000000,0.0000
1651.39,0.184790,0.060340,0.014718,0.0000,0.124160,0.053880,0.000000,0.0000
1657.07,0.183643,0.060734,0.014754,0.0000,0.124160,0.053880,0.000000,0.0000
1662.44,0.183643,0.060734,0.014754,0.0000,0.124160,0.053880,0.000000,0.0000
1667.76,0.182525,0.061088,0.014690,0.0000,0.124160,0.053880,0.000000,0.0000
1673.08,0.181399,0.061389,0.014649,0.0000,0.080902,0.058779,0.000000,0.0000
1678.40,0.181399,0.061389,0.014649,0.0000,0.080902,0.058779,0.000000,0.0000
1683.74,0.180164,0.061744,0.014619,0.0000,0.080902,0.058779,0.000000,0.0000
1689.10,0.179021,0.062049,0.014525,0.0000,0.080902,0.058779,0.000000,0.0000
1694.47,0.179021,0.062049,0.014525,0.0000,0.080902,0.058779,0.000000,0.0000
1699.79,0.177866,0.062416,0.014555,0.0000,0.080902,0.058779,0.000000,0.0000
1705.07,0.176690,0.062785,0.014519,0.0000,0.080902,0.058779,0.000000,0.0000
1710.41,0.176690,0.062785,0.014519,0.0000,0.080902,0.058779,0.000000,0.0000
1715.74,0.175406,0.063131,0.014499,0.0000,0.080902,0.058779,0.000000,0.0000
1721.07,0.175406,0.063131,0.014499,0.0000,0.080902,0.058779,0.000000,0.0000
1726.39,0.174180,0.063466,0.014452,0.0000,0.080902,0.058779,0.000000,0.0000
1731.91,0.172936,0.063740,0.014434,0.0000,0.080902,0.058779,0.000000,0.0000
1737.20,0.172936,0.063740,0.014434,0.0000,0.080902,0.058779,0.000000,0.0000
1742.52,0.171692,0.064172,0.014485,0.0000,0.080902,0.058779,0.000000,0.0000
1747.85,0.170473,0.064489,0.014434,0.0000,0.080902,0.058779,0.000000,0.0000
1753.20,0.170473,0.064489,0.014434,0.0000,0.080902,0.058779,0.000000,0.0000
1758.29,0.169256,0.064865,0.014438,0.0000,0.080902,0.058779,0.000000,0.0000
1763.61,0.167938,0.065205,0.014373,0.0000,0.080902,0.058779,0.000000,0.0000
1768.95,0.167938,0.065205,0.014373,0.0000,0.080902,0.058779,0.000000,0.0000
1774.52,0.166679,0.065462,0.014333,0.0000,0.080902,0.058779,0.000000,0.0000
1779.88,0.165315,0.065832,0.014348,0.0000,0.080902,0.058779,0.000000,0.0000
1785.18,0.165315,0.065832,0.014348,0.0000,0.080902,0.058779,0.000000,0.0000
1790.51,0.163993,0.066164,0.014347,0.0000,0.080902,0.058779,0.000000,0.0000
1795.88,0.163993,0.066164,0.014347,0.0000,0.080902,0.058779,0.000000,0.0000
1801.45,0.162728,0.066521,0.014307,0.0000,0.080902,0.058779,0.000000,0.0000
1806.82,0.161316,0.066898,0.014293,0.0000,0.080902,0.058779,0.000000,0.0000
1812.25,0.161316,0.066898,0.014293,0.0000,0.080902,0.058779,0.000000,0.0000
1817.58,0.160001,0.067278,0.014269,0.0000,0.089611,0.101433,0.000000,0.0000
1822.90,0.158708,0.067605,0.014275,0.0000,0.089611,0.101433,0.000000,0.0000
1828.18,0.158708,0.067605,0.014275,0.0000,0.089611,0.101433,0.000000,0.0000
1833.52,0.157292,0.068028,0.014293,0.0000,0.089611,0.101433,0.000000,0.0000
1838.96,0.155830,0.068406,0.014235,0.0000,0.089611,0.101433,0.000000,0.0000
1844.30,0.155830,0.068406,0.014235,0.0000,0.089611,0.101433,0.000000,0.0000
1849.74,0.154568,0.068808,0.014129,0.0000,0.089611,0.101433,0.000000,0.0000
1855.13,0.153082,0.069276,0.014139,0.0000,0.089611,0.101433,0.000000,0.0000
1861.16,0.153082,0.069276,0.014139,0.0000,0.089611,0.101433,0.000000,0.0000
1866.48,0.151660,0.069690,0.014162,0.0000,0.089611,0.101433,0.000000,0.0000
1871.79,0.150234,0.070053,0.014142,0.0000,0.089611,0.101433,0.000000,0.0000
1877.14,0.150234,0.070053,0.014142,0.0000,0.089611,0.101433,0.000000,0.0000
1882.48,0.148827,0.070489,0.014155,0.0000,0.089611,0.101433,0.000000,0.0000
1887.96,0.147269,0.070882,0.014143,0.0000,0.089611,0.101433,0.000000,0.0000
1893.30,0.147269,0.070882,0.014143,0.0000,0.089611,0.101433,0.000000,0.0000
1898.71,0.145934,0.071345,0.014137,0.0000,0.089611,0.101433,0.000000,0.0000
1904.07,0.145934,0.071345,0.014137,0.0000,0.089611,0.101433,0.000000,0.0000
1909.38,0.144473,0.071842,0.014152,0.0000,0.089611,0.101433,0.000000,0.0000
1914.69,0.143060,0.072248,0.014102,0.0000,0.089611,0.101433,0.000000,0.0000
1920.01,0.143060,0.072248,0.014102,0.0000,0.089611,0.101433,0.000000,0.0000
1925.34,0.141525,0.072656,0.014034,0.0000,0.089611,0.101433,0.000000,0.0000
1930.65,0.140150,0.073182,0.014072,0.0000,0.089611,0.101433,0.000000,0.0000
1935.95,0.140150,0.073182,0.014072,0.0000,0.089611,0.101433,0.000000,0.0000
1941.37,0.138699,0.073618,0.014085,0.0000,0.089611,0.101433,0.000000,0.0000
1946.69,0.137292,0.074113,0.014139,0.0000,0.089611,0.101433,0.000000,0.0000
1952.03,0.137292,0.074113,0.014139,0.0000,0.089611,0.101433,0.000000,0.0000
1957.38,0.135869,0.074505,0.014102,0.0000,0.089611,0.101433,0.000000,0.0000
1963.39,0.134437,0.074887,0.014125,0.0000,0.098320,0.144088,0.000000,0.0000
1968.76,0.134437,0.074887,0.014125,0.0000,0.098320,0.144088,0.000000,0.0000
1974.07,0.132972,0.075347,0.014145,0.0000,0.098320,0.144088,0.000000,0.0000
1979.40,0.132972,0.075347,0.014145,0.0000,0.098320,0.144088,0.000000,0.0000
1984.75,0.131502,0.075812,0.014186,0.0000,0.098320,0.144088,0.000000,0.0000
1990.12,0.130121,0.076317,0.014247,0.0000,0.098320,0.144088,0.000000,0.0000
1995.49,0.130121,0.076317,0.014247,0.0000,0.098320,0.144088,0.000000,0.0000
2000.84,0.128644,0.076845,0.014303,0.0000,0.098320,0.144088,0.000000,0.0000
2006.18,0.127188,0.077355,0.014339,0.0000,0.098320,0.144088,0.000000,0.0000
2011.55,0.127188,0.077355,0.014339,0.0000,0.098320,0.144088,0.000000,0.0000
2016.93,0.125802,0.077789,0.014384,0.0000,0.098320,0.144088,0.000000,0.0000
2022.38,0.124336,0.078253,0.014551,0.0000,0.098320,0.144088,0.000000,0.0000
2027.71,0.124336,0.078253,0.014551,0.0000,0.098320,0.144088,0.000000,0.0000
2033.07,0.122936,0.078731,0.014648,0.0000,0.098320,0.144088,0.000000,0.0000
2038.46,0.121507,0.079209,0.014718,0.0000,0.098320,0.144088,0.000000,0.0000
2043.81,0.121507,0.079209,0.014718,0.0000,0.098320,0.144088,0.000000,0.0000
2049.15,0.120141,0.079760,0.014805,0.0000,0.098320,0.144088,0.000000,0.0000
2054.64,0.118732,0.080255,0.014888,0.0000,0.098320,0.144088,0.000000,0.0000
2060.01,0.118732,0.080255,0.014888,0.0000,0.098320,0.144088,0.000000,0.0000
2065.50,0.117375,0.080817,0.014988,0.0000,0.098320,0.144088,0.000000,0.0000
2070.84,0.117375,0.080817,0.014988,0.0000,0.098320,0.144088,0.000000,0.0000
2076.16,0.115995,0.081337,0.015092,0.0000,0.098320,0.144088,0.000000,0.0000
2081.50,0.114662,0.081902,0.015231,0.0000,0.098320,0.144088,0.000000,0.0000
2086.82,0.114662,0.081902,0.015231,0.0000,0.098320,0.144088,0.000000,0.0000
2092.25,0.113265,0.082430,0.015345,0.0000,0.098320,0.144088,0.000000,0.0000
2097.57,0.112004,0.082972,0.015452,0.0000,0.098320,0.144088,0.000000,0.0000
2102.90,0.112004,0.082972,0.015452,0.0000,0.107029,0.186742,0.000000,0.0000
2108.18,0.110655,0.083452,0.015551,0.0000,0.107029,0.186742,0.000000,0.0000
2113.53,0.109423,0.084018,0.015682,0.0000,0.107029,0.186742,0.000000,0.0000
2118.85,0.109423,0.084018,0.015682,0.0000,0.107029,0.186742,0.000000,0.0000
2124.14,0.108117,0.084587,0.015877,0.0000,0.107029,0.186742,0.000000,0.0000
2129.64,0.106893,0.085157,0.016033,0.0000,0.107029,0.186742,0.000000,0.0000
2134.95,0.106893,0.085157,0.016033,0.0000,0.107029,0.186742,0.000000,0.0000
2140.27,0.105692,0.085775,0.016201,0.0000,0.107029,0.186742,0.000000,0.0000
2145.59,0.105692,0.085775,0.016201,0.0000,0.107029,0.186742,0.000000,0.0000
2150.95,0.104420,0.086293,0.016345,0.0000,0.107029,0.186742,0.000000,0.0000
2156.27,0.103233,0.086913,0.016449,0.0000,0.107029,0.186742,0.000000,0.0000
2161.64,0.103233,0.086913,0.016449,0.0000,0.107029,0.186742,0.000000,0.0000
2167.64,0.102078,0.087479,0.016569,0.0000,0.107029,0.186742,0.000000,0.0000
2172.95,0.100881,0.088136,0.016757,0.0000,0.107029,0.186742,0.000000,0.0000
2178.28,0.100881,0.088136,0.016757,0.0000,0.107029,0.186742,0.000000,0.0000
2183.61,0.099815,0.088821,0.016939,0.0000,0.107029,0.186742,0.000000,0.0000
2189.06,0.098653,0.089507,0.017077,0.0000,0.107029,0.186742,0.000000,0.0000
2194.40,0.098653,0.089507,0.017077,0.0000,0.107029,0.186742,0.000000,0.0000
2199.72,0.097637,0.090138,0.017221,0.0000,0.107029,0.186742,0.000000,0.0000
2205.08,0.096609,0.090831,0.017342,0.0000,0.107029,0.186742,0.000000,0.0000
2210.45,0.096609,0.090831,0.017342,0.0000,0.107029,0.186742,0.000000,0.0000
2215.79,0.095575,0.091583,0.017467,0.0000,0.107029,0.186742,0.000000,0.0000
2221.13,0.095575,0.091583,0.017467,0.0000,0.107029,0.186742,0.000000,0.0000
2226.49,0.094610,0.092308,0.017567,0.0000,0.115738,0.229397,0.000000,0.0000
2231.83,0.093580,0.093083,0.017706,0.0000,0.115738,0.229397,0.000000,0.0000
2237.13,0.093580,0.093083,0.017706,0.0000,0.115738,0.229397,0.000000,0.0000
2242.53,0.092666,0.093788,0.017744,0.0000,0.115738,0.229397,0.000000,0.0000
2247.93,0.091731,0.094600,0.017897,0.0000,0.115738,0.229397,0.000000,0.0000
2253.25,0.091731,0.094600,0.017897,0.0000,0.115738,0.229397,0.000000,0.0000
2258.59,0.090830,0.095445,0.018020,0.0000,0.115738,0.229397,0.000000,0.0000
2264.05,0.089942,0.096264,0.018110,0.0000,0.115738,0.229397,0.000000,0.0000
2270.11,0.089942,0.096264,0.018110,0.0000,0.115738,0.229397,0.000000,0.0000
2275.66,0.089109,0.097039,0.018216,0.0000,0.115738,0.229397,0.000000,0.0000
2281.01,0.088316,0.097899,0.018338,0.0000,0.115738,0.229397,0.000000,0.0000
2286.34,0.088316,0.097899,0.018338,0.0000,0.115738,0.229397,0.000000,0.0000
2291.65,0.087463,0.098913,0.018451,0.0000,0.115738,0.229397,0.000000,0.0000
2296.95,0.086762,0.099725,0.018562,0.0000,0.115738,0.229397,0.000000,0.0000
2302.27,0.086762,0.099725,0.018562,0.0000,0.115738,0.229397,0.000000,0.0000
2307.80,0.085939,0.100644,0.018629,0.0000,0.115738,0.229397,0.000000,0.0000
2313.07,0.085175,0.101618,0.018715,0.0000,0.115738,0.229397,0.000000,0.0000
2318.41,0.085175,0.101618,0.018715,0.0000,0.115738,0.229397,0.000000,0.0000
2323.72,0.084510,0.102561,0.018782,0.0000,0.115738,0.229397,0.000000,0.0000
2329.07,0.084510,0.102561,0.018782,0.0000,0.115738,0.229397,0.000000,0.0000
2334.42,0.083885,0.103550,0.018812,0.0000,0.115738,0.229397,0.000000,0.0000
2339.74,0.083172,0.104613,0.018863,0.0000,0.115738,0.229397,0.000000,0.0000
2345.07,0.083172,0.104613,0.018863,0.0000,0.115738,0.229397,0.000000,0.0000
2350.91,0.082576,0.105718,0.018880,0.0000,0.115738,0.229397,0.000000,0.0000
2356.30,0.081997,0.106716,0.018937,0.0000,0.115738,0.229397,0.000000,0.0000
2361.63,0.081997,0.106716,0.018937,0.0000,0.115738,0.229397,0.000000,0.0000
2367.22,0.081324,0.107872,0.018980,0.0000,0.124447,0.272052,0.000000,0.0000
2372.60,0.080780,0.108858,0.019021,0.0000,0.124447,0.272052,0.000000,0.0000
2377.92,0.080780,0.108858,0.019021,0.0000,0.124447,0.272052,0.000000,0.0000
2383.26,0.080170,0.110072,0.019048,0.0000,0.124447,0.272052,0.000000,0.0000
2388.59,0.079724,0.111235,0.019080,0.0000,0.124447,0.272052,0.000000,0.0000
2393.91,0.079724,0.111235,0.019080,0.0000,0.124447,0.272052,0.000000,0.0000
2399.25,0.079183,0.112417,0.019129,0.0000,0.124447,0.272052,0.000000,0.0000
2404.64,0.078759,0.113646,0.019138,0.0000,0.124447,0.272052,0.000000,0.0000
2410.07,0.078759,0.113646,0.019138,0.0000,0.124447,0.272052,0.000000,0.0000
2415.41,0.078290,0.114865,0.019165,0.0000,0.124447,0.272052,0.000000,0.0000
2420.73,0.078290,0.114865,0.019165,0.0000,0.124447,0.272052,0.000000,0.0000
2426.02,0.077837,0.116131,0.019192,0.0000,0.124447,0.272052,0.000000,0.0000
2432.01,0.077393,0.117367,0.019250,0.0000,0.124447,0.272052,0.000000,0.0000
2437.32,0.077393,0.117367,0.019250,0.0000,0.124447,0.272052,0.000000,0.0000
2442.63,0.077090,0.118734,0.019208,0.0000,0.124447,0.272052,0.000000,0.0000
2448.12,0.076637,0.119997,0.019205,0.0000,0.124447,0.272052,0.000000,0.0000
2453.43,0.076637,0.119997,0.019205,0.0000,0.124447,0.272052,0.000000,0.0000
2459.01,0.076293,0.121389,0.019208,0.0000,0.124447,0.272052,0.000000,0.0000
2464.37,0.075902,0.122720,0.019213,0.0000,0.124447,0.272052,0.000000,0.0000
2469.70,0.075902,0.122720,0.019213,0.0000,0.124447,0.272052,0.000000,0.0000
2475.01,0.075631,0.124156,0.019232,0.0000,0.124447,0.272052,0.000000,0.0000
2480.38,0.075287,0.125515,0.019144,0.0000,0.124447,0.272052,0.000000,0.0000
2485.69,0.075287,0.125515,0.019144,0.0000,0.124447,0.272052,0.000000,0.0000
2491.24,0.074962,0.126936,0.019204,0.0000,0.124447,0.272052,0.000000,0.0000
2496.55,0.074673,0.128358,0.019154,0.0000,0.124447,0.272052,0.000000,0.0000
2501.88,0.074673,0.128358,0.019154,0.0000,0.124447,0.272052,0.000000,0.0000
2507.22,0.074372,0.129853,0.019074,0.0000,0.124447,0.272052,0.000000,0.0000
2512.61,0.074372,0.129853,0.019074,0.0000,0.133156,0.314706,0.000000,0.0000
2517.95,0.074068,0.131241,0.018994,0.0000,0.133156,0.314706,0.000000,0.0000
2523.32,0.074068,0.131241,0.018994,0.0000,0.133156,0.314706,0.000000,0.0000
2528.68,0.073809,0.132725,0.018983,0.0000,0.133156,0.314706,0.000000,0.0000
2534.38,0.073528,0.134205,0.018919,0.0000,0.133156,0.314706,0.000000,0.0000
2539.70,0.073336,0.135750,0.018865,0.0000,0.133156,0.314706,0.000000,0.0000
2545.01,0.073336,0.135750,0.018865,0.0000,0.133156,0.314706,0.000000,0.0000
2550.54,0.073088,0.137176,0.018785,0.0000,0.133156,0.314706,0.000000,0.0000
2555.92,0.072915,0.138808,0.018721,0.0000,0.133156,0.314706,0.000000,0.0000
2561.24,0.072915,0.138808,0.018721,0.0000,0.133156,0.314706,0.000000,0.0000
2566.59,0.072700,0.140309,0.018658,0.0000,0.133156,0.314706,0.000000,0.0000
2571.95,0.072422,0.141845,0.018557,0.0000,0.133156,0.314706,0.000000,0.0000
2577.30,0.072422,0.141845,0.018557,0.0000,0.133156,0.314706,0.000000,0.0000
2582.65,0.072401,0.143413,0.018411,0.0000,0.133156,0.314706,0.000000,0.0000
2587.96,0.072130,0.145005,0.018398,0.0000,0.133156,0.314706,0.000000,0.0000
2593.33,0.072130,0.145005,0.018398,0.0000,0.133156,0.314706,0.000000,0.0000
2598.65,0.071915,0.146574,0.018290,0.0000,0.133156,0.314706,0.000000,0.0000
2604.01,0.071915,0.146574,0.018290,0.0000,0.133156,0.314706,0.000000,0.0000
2609.38,0.071747,0.148209,0.018248,0.0000,0.133156,0.314706,0.000000,0.0000
2614.77,0.071691,0.149809,0.018087,0.0000,0.133156,0.314706,0.000000,0.0000
2620.07,0.071691,0.149809,0.018087,0.0000,0.133156,0.314706,0.000000,0.0000
2625.62,0.071480,0.151443,0.018112,0.0000,0.133156,0.314706,0.000000,0.0000
2630.94,0.071480,0.151443,0.018112,0.0000,0.133156,0.314706,0.000000,0.0000
2636.52,0.071355,0.153085,0.017952,0.0000,0.133156,0.314706,0.000000,0.0000
2641.88,0.071277,0.154571,0.017772,0.0000,0.133156,0.314706,0.000000,0.0000
2647.43,0.071027,0.156215,0.017721,0.0000,0.133156,0.314706,0.000000,0.0000
2652.76,0.071027,0.156215,0.017721,0.0000,0.141865,0.357361,0.000000,0.0000
2658.10,0.070936,0.157866,0.017677,0.0000,0.141865,0.357361,0.000000,0.0000
2663.41,0.070988,0.159518,0.017591,0.0000,0.141865,0.357361,0.000000,0.0000
2668.72,0.070988,0.159518,0.017591,0.0000,0.141865,0.357361,0.000000,0.0000
2674.01,0.070867,0.161214,0.017437,0.0000,0.141865,0.357361,0.000000,0.0000
2679.32,0.070867,0.161214,0.017437,0.0000,0.141865,0.357361,0.000000,0.0000
2684.66,0.070709,0.162747,0.017393,0.0000,0.141865,0.357361,0.000000,0.0000
2690.08,0.070502,0.164375,0.017304,0.0000,0.141865,0.357361,0.000000,0.0000
2695.42,0.070502,0.164375,0.017304,0.0000,0.141865,0.357361,0.000000,0.0000
2700.74,0.070675,0.165981,0.017178,0.0000,0.141865,0.357361,0.000000,0.0000
2706.01,0.070538,0.167724,0.017162,0.0000,0.141865,0.357361,0.000000,0.0000
2711.32,0.070538,0.167724,0.017162,0.0000,0.141865,0.357361,0.000000,0.0000
2716.68,0.070495,0.169292,0.017082,0.0000,0.141865,0.357361,0.000000,0.0000
2721.95,0.070406,0.170807,0.016929,0.0000,0.141865,0.357361,0.000000,0.0000
2727.28,0.070406,0.170807,0.016929,0.0000,0.141865,0.357361,0.000000,0.0000
2732.59,0.070389,0.172501,0.016858,0.0000,0.141865,0.357361,0.000000,0.0000
2738.08,0.070389,0.172501,0.016858,0.0000,0.141865,0.357361,0.000000,0.0000
2743.41,0.070415,0.174198,0.016858,0.0000,0.141865,0.357361,0.000000,0.0000
2748.74,0.070371,0.175824,0.016646,0.0000,0.141865,0.357361,0.000000,0.0000
2754.08,0.070371,0.175824,0.016646,0.0000,0.141865,0.357361,0.000000,0.0000
2759.49,0.070388,0.177454,0.016631,0.0000,0.141865,0.357361,0.000000,0.0000
2764.95,0.070361,0.179132,0.016533,0.0000,0.141865,0.357361,0.000000,0.0000
2770.29,0.070361,0.179132,0.016533,0.0000,0.141865,0.357361,0.000000,0.0000
2775.64,0.070406,0.180723,0.016455,0.0000,0.141865,0.357361,0.000000,0.0000
2780.95,0.070313,0.182475,0.016463,0.0000,0.141865,0.357361,0.000000,0.0000
2786.26,0.070313,0.182475,0.016463,0.0000,0.141865,0.357361,0.000000,0.0000
2791.62,0.070450,0.183972,0.016319,0.0000,0.141865,0.357361,0.000000,0.0000
2796.96,0.070436,0.185633,0.016278,0.0000,0.150574,0.400015,0.000000,0.0000
2802.30,0.070436,0.185633,0.016278,0.0000,0.150574,0.400015,0.000000,0.0000
2807.77,0.070512,0.187227,0.016236,0.0000,0.150574,0.400015,0.000000,0.0000
2813.13,0.070560,0.188804,0.016161,0.0000,0.150574,0.400015,0.000000,0.0000
2818.48,0.070560,0.188804,0.016161,0.0000,0.150574,0.400015,0.000000,0.0000
2823.81,0.070560,0.190379,0.016182,0.0000,0.150574,0.400015,0.000000,0.0000
2829.13,0.070560,0.190379,0.016182,0.0000,0.150574,0.400015,0.000000,0.0000
2834.45,0.070633,0.192001,0.016039,0.0000,0.150574,0.400015,0.000000,0.0000
2840.34,0.070779,0.193581,0.016067,0.0000,0.150574,0.400015,0.000000,0.0000
2845.71,0.070779,0.193581,0.016067,0.0000,0.150574,0.400015,0.000000,0.0000
2851.01,0.070842,0.195135,0.016018,0.0000,0.150574,0.400015,0.000000,0.0000
2856.37,0.070989,0.196700,0.015938,0.0000,0.150574,0.400015,0.000000,0.0000
2861.71,0.070989,0.196700,0.015938,0.0000,0.150574,0.400015,0.000000,0.0000
2867.01,0.070979,0.198378,0.015918,0.0000,0.150574,0.400015,0.000000,0.0000
2872.34,0.071194,0.199861,0.015924,0.0000,0.150574,0.400015,0.000000,0.0000
2877.68,0.071194,0.199861,0.015924,0.0000,0.150574,0.400015,0.000000,0.0000
2883.01,0.071295,0.201524,0.015872,0.0000,0.150574,0.400015,0.000000,0.0000
2888.33,0.071484,0.202985,0.015809,0.0000,0.150574,0.400015,0.000000,0.0000
2893.67,0.071484,0.202985,0.015809,0.0000,0.150574,0.400015,0.000000,0.0000
2899.02,0.071638,0.204623,0.015798,0.0000,0.150574,0.400015,0.000000,0.0000
2904.34,0.071638,0.204623,0.015798,0.0000,0.150574,0.400015,0.000000,0.0000
2910.01,0.071854,0.206137,0.015799,0.0000,0.150574,0.400015,0.000000,0.0000
2915.36,0.072056,0.207743,0.015711,0.0000,0.150574,0.400015,0.000000,0.0000
2920.72,0.072056,0.207743,0.015711,0.0000,0.150574,0.400015,0.000000,0.0000
2926.02,0.072171,0.209263,0.015714,0.0000,0.150574,0.400015,0.000000,0.0000
2931.38,0.072457,0.210914,0.015673,0.0000,0.150574,0.400015,0.000000,0.0000
2936.75,0.072457,0.210914,0.015673,0.0000,0.150574,0.400015,0.000000,0.0000
2942.16,0.072749,0.212439,0.015605,0.0000,0.159283,0.442670,0.000000,0.0000
2947.52,0.072979,0.214069,0.015624,0.0000,0.159283,0.442670,0.000000,0.0000
2952.85,0.072979,0.214069,0.015624,0.0000,0.159283,0.442670,0.000000,0.0000
2958.18,0.073295,0.215647,0.015545,0.0000,0.159283,0.442670,0.000000,0.0000
2963.50,0.073620,0.217209,0.015486,0.0000,0.159283,0.442670,0.000000,0.0000
2968.83,0.073620,0.217209,0.015486,0.0000,0.159283,0.442670,0.000000,0.0000
2974.13,0.073920,0.218844,0.015476,0.0000,0.159283,0.442670,0.000000,0.0000
2979.48,0.073920,0.218844,0.015476,0.0000,0.159283,0.442670,0.000000,0.0000
2984.83,0.074261,0.220382,0.015440,0.0000,0.159283,0.442670,0.000000,0.0000
2990.13,0.074654,0.222117,0.015330,0.0000,0.159283,0.442670,0.000000,0.0000
2995.51,0.074654,0.222117,0.015330,0.0000,0.159283,0.442670,0.000000,0.0000
3000.95,0.075052,0.223665,0.015275,0.0000,0.159283,0.442670,0.000000,0.0000
3006.29,0.075427,0.225394,0.015224,0.0000,0.159283,0.442670,0.000000,0.0000
3011.62,0.075427,0.225394,0.015224,0.0000,0.159283,0.442670,0.000000,0.0000
3017.16,0.075860,0.226957,0.015098,0.0000,0.159283,0.442670,0.000000,0.0000
3022.52,0.076238,0.228655,0.015026,0.0000,0.159283,0.442670,0.000000,0.0000
3027.84,0.076238,0.228655,0.015026,0.0000,0.159283,0.442670,0.000000,0.0000
3033.23,0.076703,0.230276,0.014919,0.0000,0.159283,0.442670,0.000000,0.0000
3038.59,0.077197,0.231982,0.014852,0.0000,0.159283,0.442670,0.000000,0.0000
3044.34,0.077197,0.231982,0.014852,0.0000,0.159283,0.442670,0.000000,0.0000
3049.95,0.077663,0.233546,0.014736,0.0000,0.159283,0.442670,0.000000,0.0000
3055.30,0.078216,0.235253,0.014625,0.0000,0.159283,0.442670,0.000000,0.0000
3060.68,0.078216,0.235253,0.014625,0.0000,0.167992,0.485325,0.000000,0.0000
3066.01,0.078694,0.236907,0.014530,0.0000,0.167992,0.485325,0.000000,0.0000
3071.40,0.079292,0.238619,0.014365,0.0000,0.167992,0.485325,0.000000,0.0000
3076.81,0.079292,0.238619,0.014365,0.0000,0.167992,0.485325,0.000000,0.0000
3082.16,0.079844,0.240289,0.014277,0.0000,0.167992,0.485325,0.000000,0.0000
3087.48,0.079844,0.240289,0.014277,0.0000,0.167992,0.485325,0.000000,0.0000
3092.85,0.080406,0.242015,0.014163,0.0000,0.167992,0.485325,0.000000,0.0000
3098.19,0.080995,0.243781,0.014078,0.0000,0.167992,0.485325,0.000000,0.0000
3103.61,0.080995,0.243781,0.014078,0.0000,0.167992,0.485325,0.000000,0.0000
3108.95,0.081622,0.245461,0.013964,0.0000,0.167992,0.485325,0.000000,0.0000
3114.31,0.082180,0.247236,0.013856,0.0000,0.167992,0.485325,0.000000,0.0000
3119.65,0.082180,0.247236,0.013856,0.0000,0.167992,0.485325,0.000000,0.0000
3124.95,0.082855,0.248971,0.013770,0.0000,0.167992,0.485325,0.000000,0.0000
3130.29,0.083484,0.250721,0.013665,0.0000,0.167992,0.485325,0.000000,0.0000
3135.65,0.083484,0.250721,0.013665,0.0000,0.167992,0.485325,0.000000,0.0000
3140.95,0.084136,0.252500,0.013570,0.0000,0.167992,0.485325,0.000000,0.0000
3146.73,0.084766,0.254367,0.013488,0.0000,0.167992,0.485325,0.000000,0.0000
3152.13,0.084766,0.254367,0.013488,0.0000,0.167992,0.485325,0.000000,0.0000
3157.48,0.085399,0.256158,0.013452,0.0000,0.167992,0.485325,0.000000,0.0000
3163.02,0.086080,0.257973,0.013369,0.0000,0.167992,0.485325,0.000000,0.0000
3168.43,0.086080,0.257973,0.013369,0.0000,0.167992,0.485325,0.000000,0.0000
3173.80,0.086698,0.259843,0.013322,0.0000,0.167992,0.485325,0.000000,0.0000
3179.14,0.086698,0.259843,0.013322,0.0000,0.167992,0.485325,0.000000,0.0000
3184.47,0.087343,0.261703,0.013277,0.0000,0.167992,0.485325,0.000000,0.0000
3189.82,0.087988,0.263680,0.013235,0.0000,0.167992,0.485325,0.000000,0.0000
3195.15,0.087988,0.263680,0.013235,0.0000,0.167992,0.485325,0.000000,0.0000
3200.50,0.088638,0.265526,0.013224,0.0000,0.167992,0.485325,0.000000,0.0000
3205.84,0.089319,0.267543,0.013153,0.0000,0.176701,0.527979,0.000000,0.0000
3211.18,0.089319,0.267543,0.013153,0.0000,0.176701,0.527979,0.000000,0.0000
3216.51,0.089914,0.269425,0.013161,0.0000,0.176701,0.527979,0.000000,0.0000
3221.87,0.090549,0.271514,0.013164,0.0000,0.176701,0.527979,0.000000,0.0000
3227.20,0.090549,0.271514,0.013164,0.0000,0.176701,0.527979,0.000000,0.0000
3232.52,0.091197,0.273433,0.013151,0.0000,0.176701,0.527979,0.000000,0.0000
3237.99,0.091806,0.275460,0.013150,0.0000,0.176701,0.527979,0.000000,0.0000
3243.41,0.091806,0.275460,0.013150,0.0000,0.176701,0.527979,0.000000,0.0000
3248.87,0.092486,0.277512,0.013161,0.0000,0.176701,0.527979,0.000000,0.0000
3254.19,0.092486,0.277512,0.013161,0.0000,0.176701,0.527979,0.000000,0.0000
3259.51,0.093043,0.279550,0.013171,0.0000,0.176701,0.527979,0.000000,0.0000
3264.88,0.093724,0.281611,0.013150,0.0000,0.176701,0.527979,0.000000,0.0000
3270.21,0.093724,0.281611,0.013150,0.0000,0.176701,0.527979,0.000000,0.0000
3275.53,0.094255,0.283727,0.013222,0.0000,0.176701,0.527979,0.000000,0.0000
3280.94,0.094882,0.285805,0.013176,0.0000,0.176701,0.527979,0.000000,0.0000
3286.32,0.094882,0.285805,0.013176,0.0000,0.176701,0.527979,0.000000,0.0000
3291.70,0.095481,0.287932,0.013232,0.0000,0.176701,0.527979,0.000000,0.0000
3297.02,0.095961,0.290115,0.013214,0.0000,0.176701,0.527979,0.000000,0.0000
3302.34,0.095961,0.290115,0.013214,0.0000,0.176701,0.527979,0.000000,0.0000
3307.92,0.096583,0.292229,0.013202,0.0000,0.176701,0.527979,0.000000,0.0000
3313.25,0.097003,0.294445,0.013230,0.0000,0.176701,0.527979,0.000000,0.0000
3318.64,0.097003,0.294445,0.013230,0.0000,0.176701,0.527979,0.000000,0.0000
3323.95,0.097602,0.296572,0.013209,0.0000,0.176701,0.527979,0.000000,0.0000
3329.29,0.097602,0.296572,0.013209,0.0000,0.176701,0.527979,0.000000,0.0000
3334.65,0.098085,0.298853,0.013189,0.0000,0.176701,0.527979,0.000000,0.0000
3339.99,0.098615,0.301082,0.013212,0.0000,0.176701,0.527979,0.000000,0.0000
3345.31,0.098615,0.301082,0.013212,0.0000,0.176701,0.527979,0.000000,0.0000
3350.79,0.099118,0.303260,0.013233,0.0000,0.185410,0.570634,0.000000,0.0000
3356.07,0.099538,0.305635,0.013229,0.0000,0.185410,0.570634,0.000000,0.0000
3361.39,0.099538,0.305635,0.013229,0.0000,0.185410,0.570634,0.000000,0.0000
3366.72,0.100028,0.307891,0.013253,0.0000,0.185410,0.570634,0.000000,0.0000
3372.01,0.100463,0.310175,0.013258,0.0000,0.185410,0.570634,0.000000,0.0000
3377.33,0.100463,0.310175,0.013258,0.0000,0.185410,0.570634,0.000000,0.0000
3382.69,0.100857,0.312489,0.013268,0.0000,0.185410,0.570634,0.000000,0.0000
3388.06,0.101252,0.314842,0.013289,0.0000,0.185410,0.570634,0.000000,0.0000
3393.43,0.101252,0.314842,0.013289,0.0000,0.185410,0.570634,0.000000,0.0000
3398.75,0.101669,0.317162,0.013263,0.0000,0.185410,0.570634,0.000000,0.0000
3404.07,0.101669,0.317162,0.013263,0.0000,0.185410,0.570634,0.000000,0.0000
3409.40,0.101999,0.319615,0.013267,0.0000,0.185410,0.570634,0.000000,0.0000
3414.82,0.102421,0.321974,0.013254,0.0000,0.185410,0.570634,0.000000,0.0000
3420.21,0.102421,0.321974,0.013254,0.0000,0.185410,0.570634,0.000000,0.0000
3425.70,0.102739,0.324315,0.013254,0.0000,0.185410,0.570634,0.000000,0.0000
3431.14,0.103033,0.326876,0.013256,0.0000,0.185410,0.570634,0.000000,0.0000
3436.52,0.103033,0.326876,0.013256,0.0000,0.185410,0.570634,0.000000,0.0000
3441.86,0.103394,0.329250,0.013242,0.0000,0.185410,0.570634,0.000000,0.0000
3447.22,0.103394,0.329250,0.013242,0.0000,0.185410,0.570634,0.000000,0.0000
3452.38,0.103738,0.331694,0.013224,0.0000,0.185410,0.570634,0.000000,0.0000
3457.94,0.104070,0.334165,0.013151,0.0000,0.185410,0.570634,0.000000,0.0000
3463.29,0.104372,0.336674,0.013111,0.0000,0.185410,0.570634,0.000000,0.0000
3468.68,0.104372,0.336674,0.013111,0.0000,0.185410,0.570634,0.000000,0.0000
3474.01,0.104715,0.339098,0.013052,0.0000,0.185410,0.570634,0.000000,0.0000
3479.33,0.104715,0.339098,0.013052,0.0000,0.185410,0.570634,0.000000,0.0000
3484.65,0.105001,0.341679,0.012991,0.0000,0.185410,0.570634,0.000000,0.0000
3490.19,0.105371,0.344213,0.012943,0.0000,0.167384,0.531007,0.000000,0.0000
3495.51,0.105371,0.344213,0.012943,0.0000,0.167384,0.531007,0.000000,0.0000
3500.90,0.105680,0.346742,0.012880,0.0000,0.167384,0.531007,0.000000,0.0000
3506.19,0.106027,0.349289,0.012844,0.0000,0.167384,0.531007,0.000000,0.0000
3511.53,0.106027,0.349289,0.012844,0.0000,0.167384,0.531007,0.000000,0.0000
3516.86,0.106299,0.351931,0.012734,0.0000,0.167384,0.531007,0.000000,0.0000
3522.20,0.106668,0.354516,0.012705,0.0000,0.167384,0.531007,0.000000,0.0000
3527.60,0.106668,0.354516,0.012705,0.0000,0.167384,0.531007,0.000000,0.0000
3533.01,0.107022,0.356999,0.012575,0.0000,0.167384,0.531007,0.000000,0.0000
3538.36,0.107293,0.359626,0.012536,0.0000,0.167384,0.531007,0.000000,0.0000
3543.69,0.107293,0.359626,0.012536,0.0000,0.167384,0.531007,0.000000,0.0000
3549.01,0.107597,0.362257,0.012415,0.0000,0.167384,0.531007,0.000000,0.0000
3554.80,0.107876,0.364834,0.012384,0.0000,0.167384,0.531007,0.000000,0.0000
3560.19,0.107876,0.364834,0.012384,0.0000,0.167384,0.531007,0.000000,0.0000
3565.55,0.108200,0.367402,0.012272,0.0000,0.167384,0.531007,0.000000,0.0000
3570.91,0.108200,0.367402,0.012272,0.0000,0.167384,0.531007,0.000000,0.0000
3576.19,0.108476,0.370037,0.012235,0.0000,0.167384,0.531007,0.000000,0.0000
3581.51,0.108751,0.372707,0.012141,0.0000,0.167384,0.531007,0.000000,0.0000
3587.03,0.108751,0.372707,0.012141,0.0000,0.167384,0.531007,0.000000,0.0000
3592.44,0.109019,0.375314,0.012111,0.0000,0.167384,0.531007,0.000000,0.0000
3597.75,0.109309,0.377936,0.012099,0.0000,0.167384,0.531007,0.000000,0.0000
3603.12,0.109309,0.377936,0.012099,0.0000,0.167384,0.531007,0.000000,0.0000
3608.44,0.109613,0.380552,0.012031,0.0000,0.167384,0.531007,0.000000,0.0000
3613.80,0.109878,0.383171,0.012017,0.0000,0.167384,0.531007,0.000000,0.0000
3619.13,0.109878,0.383171,0.012017,0.0000,0.167384,0.531007,0.000000,0.0000
3624.69,0.110150,0.385801,0.011948,0.0000,0.167384,0.531007,0.000000,0.0000
3630.07,0.110488,0.388413,0.011930,0.0000,0.167384,0.531007,0.000000,0.0000
3635.50,0.110488,0.388413,0.011930,0.0000,0.149358,0.491379,0.000000,0.0000
3640.86,0.110773,0.391038,0.011890,0.0000,0.149358,0.491379,0.000000,0.0000
3646.13,0.110773,0.391038,0.011890,0.0000,0.149358,0.491379,0.000000,0.0000
3651.44,0.111049,0.393691,0.011911,0.0000,0.149358,0.491379,0.000000,0.0000
3657.40,0.111283,0.396297,0.011919,0.0000,0.149358,0.491379,0.000000,0.0000
3662.79,0.111283,0.396297,0.011919,0.0000,0.149358,0.491379,0.000000,0.0000
3668.23,0.111610,0.398902,0.011916,0.0000,0.149358,0.491379,0.000000,0.0000
3673.75,0.111861,0.401596,0.011928,0.0000,0.149358,0.491379,0.000000,0.0000
3679.08,0.111861,0.401596,0.011928,0.0000,0.149358,0.491379,0.000000,0.0000
3684.44,0.112081,0.404176,0.011904,0.0000,0.149358,0.491379,0.000000,0.0000
3689.81,0.112330,0.406749,0.011937,0.0000,0.149358,0.491379,0.000000,0.0000
3695.19,0.112330,0.406749,0.011937,0.0000,0.149358,0.491379,0.000000,0.0000
3700.74,0.112597,0.409271,0.011930,0.0000,0.149358,0.491379,0.000000,0.0000
3706.07,0.112759,0.411790,0.011960,0.0000,0.149358,0.491379,0.000000,0.0000
3711.39,0.112759,0.411790,0.011960,0.0000,0.149358,0.491379,0.000000,0.0000
3716.73,0.112979,0.414267,0.011951,0.0000,0.149358,0.491379,0.000000,0.0000
3722.07,0.113222,0.416721,0.011999,0.0000,0.149358,0.491379,0.000000,0.0000
3727.41,0.113222,0.416721,0.011999,0.0000,0.149358,0.491379,0.000000,0.0000
3732.81,0.113410,0.419165,0.011981,0.0000,0.149358,0.491379,0.000000,0.0000
3738.87,0.113493,0.421627,0.012105,0.0000,0.149358,0.491379,0.000000,0.0000
3744.18,0.113493,0.421627,0.012105,0.0000,0.149358,0.491379,0.000000,0.0000
3749.62,0.113725,0.423958,0.012094,0.0000,0.149358,0.491379,0.000000,0.0000
3754.95,0.113812,0.426309,0.012214,0.0000,0.131332,0.451752,0.000000,0.0000
3760.27,0.113812,0.426309,0.012214,0.0000,0.131332,0.451752,0.000000,0.0000
3765.58,0.113990,0.428648,0.012241,0.0000,0.131332,0.451752,0.000000,0.0000
3770.92,0.113990,0.428648,0.012241,0.0000,0.131332,0.451752,0.000000,0.0000
3776.21,0.114094,0.430895,0.012305,0.0000,0.131332,0.451752,0.000000,0.0000
3781.56,0.114152,0.433150,0.012383,0.0000,0.131332,0.451752,0.000000,0.0000
3786.87,0.114152,0.433150,0.012383,0.0000,0.131332,0.451752,0.000000,0.0000
3792.22,0.114302,0.435367,0.012456,0.0000,0.131332,0.451752,0.000000,0.0000
3797.55,0.114403,0.437441,0.012564,0.0000,0.131332,0.451752,0.000000,0.0000
3802.87,0.114403,0.437441,0.012564,0.0000,0.131332,0.451752,0.000000,0.0000
3808.18,0.114390,0.439684,0.012676,0.0000,0.131332,0.451752,0.000000,0.0000
3813.51,0.114478,0.441719,0.012815,0.0000,0.131332,0.451752,0.000000,0.0000
3819.34,0.114478,0.441719,0.012815,0.0000,0.131332,0.451752,0.000000,0.0000
3824.77,0.114487,0.443861,0.012946,0.0000,0.131332,0.451752,0.000000,0.0000
3830.07,0.114471,0.445915,0.013022,0.0000,0.131332,0.451752,0.000000,0.0000
3835.47,0.114471,0.445915,0.013022,0.0000,0.131332,0.451752,0.000000,0.0000
3840.81,0.114461,0.447825,0.013213,0.0000,0.131332,0.451752,0.000000,0.0000
3846.13,0.114461,0.447825,0.013213,0.0000,0.131332,0.451752,0.000000,0.0000
3851.59,0.114443,0.449782,0.013310,0.0000,0.131332,0.451752,0.000000,0.0000
3857.16,0.114347,0.451637,0.013446,0.0000,0.131332,0.451752,0.000000,0.0000
3862.48,0.114347,0.451637,0.013446,0.0000,0.131332,0.451752,0.000000,0.0000
3867.81,0.114239,0.453523,0.013613,0.0000,0.131332,0.451752,0.000000,0.0000
3873.13,0.114213,0.455209,0.013741,0.0000,0.131332,0.451752,0.000000,0.0000
3878.54,0.114213,0.455209,0.013741,0.0000,0.131332,0.451752,0.000000,0.0000
3883.87,0.114021,0.457005,0.013872,0.0000,0.131332,0.451752,0.000000,0.0000
3889.20,0.113980,0.458614,0.013993,0.0000,0.131332,0.451752,0.000000,0.0000
3894.54,0.113980,0.458614,0.013993,0.0000,0.131332,0.451752,0.000000,0.0000
3899.88,0.113772,0.460325,0.014185,0.0000,0.113306,0.412124,0.000000,0.0000
3905.18,0.113679,0.461888,0.014324,0.0000,0.113306,0.412124,0.000000,0.0000
3910.51,0.113679,0.461888,0.014324,0.0000,0.113306,0.412124,0.000000,0.0000
3915.83,0.113426,0.463481,0.014470,0.0000,0.113306,0.412124,0.000000,0.0000
3921.54,0.113317,0.464883,0.014628,0.0000,0.113306,0.412124,0.000000,0.0000
3926.92,0.113317,0.464883,0.014628,0.0000,0.113306,0.412124,0.000000,0.0000
3932.26,0.113096,0.466436,0.014814,0.0000,0.113306,0.412124,0.000000,0.0000
3937.59,0.113096,0.466436,0.014814,0.0000,0.113306,0.412124,0.000000,0.0000
3942.91,0.112878,0.467830,0.014985,0.0000,0.113306,0.412124,0.000000,0.0000
3948.18,0.112645,0.469181,0.015117,0.0000,0.113306,0.412124,0.000000,0.0000
3953.51,0.112645,0.469181,0.015117,0.0000,0.113306,0.412124,0.000000,0.0000
3958.89,0.112490,0.470503,0.015282,0.0000,0.113306,0.412124,0.000000,0.0000
3964.18,0.112137,0.471755,0.015413,0.0000,0.113306,0.412124,0.000000,0.0000
3969.52,0.112137,0.471755,0.015413,0.0000,0.113306,0.412124,0.000000,0.0000
3974.84,0.111858,0.473007,0.015579,0.0000,0.113306,0.412124,0.000000,0.0000
3980.19,0.111655,0.474081,0.015717,0.0000,0.113306,0.412124,0.000000,0.0000
3985.56,0.111655,0.474081,0.015717,0.0000,0.113306,0.412124,0.000000,0.0000
3990.91,0.111322,0.475241,0.015904,0.0000,0.113306,0.412124,0.000000,0.0000
3996.20,0.111322,0.475241,0.015904,0.0000,0.113306,0.412124,0.000000,0.0000
4001.54,0.111002,0.476340,0.016052,0.0000,0.113306,0.412124,0.000000,0.0000
4006.95,0.110683,0.477295,0.016173,0.0000,0.113306,0.412124,0.000000,0.0000
4012.34,0.110683,0.477295,0.016173,0.0000,0.113306,0.412124,0.000000,0.0000
4017.68,0.110261,0.478305,0.016346,0.0000,0.113306,0.412124,0.000000,0.0000
4022.75,0.109940,0.479254,0.016441,0.0000,0.113306,0.412124,0.000000,0.0000
4028.14,0.109940,0.479254,0.016441,0.0000,0.113306,0.412124,0.000000,0.0000
4033.52,0.109675,0.480084,0.016598,0.0000,0.113306,0.412124,0.000000,0.0000
4038.87,0.109238,0.480973,0.016751,0.0000,0.095280,0.372497,0.000000,0.0000
4044.18,0.109238,0.480973,0.016751,0.0000,0.095280,0.372497,0.000000,0.0000
4049.78,0.108884,0.481763,0.016872,0.0000,0.095280,0.372497,0.000000,0.0000
4055.07,0.108504,0.482510,0.016985,0.0000,0.095280,0.372497,0.000000,0.0000
4060.42,0.108504,0.482510,0.016985,0.0000,0.095280,0.372497,0.000000,0.0000
4065.74,0.108142,0.483228,0.017091,0.0000,0.095280,0.372497,0.000000,0.0000
4071.10,0.108142,0.483228,0.017091,0.0000,0.095280,0.372497,0.000000,0.0000
4076.42,0.107669,0.483967,0.017234,0.0000,0.095280,0.372497,0.000000,0.0000
4081.76,0.107306,0.484589,0.017367,0.0000,0.095280,0.372497,0.000000,0.0000
4087.06,0.107306,0.484589,0.017367,0.0000,0.095280,0.372497,0.000000,0.0000
4092.41,0.107023,0.485107,0.017446,0.0000,0.095280,0.372497,0.000000,0.0000
4097.72,0.106544,0.485726,0.017623,0.0000,0.095280,0.372497,0.000000,0.0000
4103.01,0.106544,0.485726,0.017623,0.0000,0.095280,0.372497,0.000000,0.0000
4108.35,0.106120,0.486289,0.017722,0.0000,0.095280,0.372497,0.000000,0.0000
4113.70,0.105735,0.486771,0.017809,0.0000,0.095280,0.372497,0.000000,0.0000
4119.01,0.105735,0.486771,0.017809,0.0000,0.095280,0.372497,0.000000,0.0000
4124.63,0.105328,0.487157,0.017900,0.0000,0.095280,0.372497,0.000000,0.0000
4130.02,0.104856,0.487564,0.018025,0.0000,0.095280,0.372497,0.000000,0.0000
4135.34,0.104856,0.487564,0.018025,0.0000,0.095280,0.372497,0.000000,0.0000
4140.74,0.104416,0.487990,0.018069,0.0000,0.095280,0.372497,0.000000,0.0000
4146.08,0.104416,0.487990,0.018069,0.0000,0.095280,0.372497,0.000000,0.0000
4151.40,0.103963,0.488309,0.018177,0.0000,0.095280,0.372497,0.000000,0.0000
4156.79,0.103472,0.488597,0.018292,0.0000,0.095280,0.372497,0.000000,0.0000
4162.08,0.103472,0.488597,0.018292,0.0000,0.095280,0.372497,0.000000,0.0000
4167.40,0.103057,0.488851,0.018345,0.0000,0.095280,0.372497,0.000000,0.0000
4172.78,0.102588,0.489105,0.018419,0.0000,0.095280,0.372497,0.000000,0.0000
4178.06,0.102588,0.489105,0.018419,0.0000,0.095280,0.372497,0.000000,0.0000
4183.49,0.102131,0.489303,0.018510,0.0000,0.077254,0.332870,0.000000,0.0000
4188.84,0.101668,0.489479,0.018604,0.0000,0.077254,0.332870,0.000000,0.0000
4194.12,0.101668,0.489479,0.018604,0.0000,0.077254,0.332870,0.000000,0.0000
4199.45,0.101196,0.489654,0.018634,0.0000,0.077254,0.332870,0.000000,0.0000
4204.81,0.100736,0.489784,0.018683,0.0000,0.077254,0.332870,0.000000,0.0000
4210.13,0.100736,0.489784,0.018683,0.0000,0.077254,0.332870,0.000000,0.0000
4215.44,0.100264,0.489896,0.018773,0.0000,0.077254,0.332870,0.000000,0.0000
4220.76,0.100264,0.489896,0.018773,0.0000,0.077254,0.332870,0.000000,0.0000
4226.76,0.099851,0.489993,0.018846,0.0000,0.077254,0.332870,0.000000,0.0000
4232.07,0.099405,0.490021,0.018911,0.0000,0.077254,0.332870,0.000000,0.0000
4237.38,0.099405,0.490021,0.018911,0.0000,0.077254,0.332870,0.000000,0.0000
4242.71,0.098921,0.490022,0.018972,0.0000,0.077254,0.332870,0.000000,0.0000
4248.09,0.098467,0.489976,0.019011,0.0000,0.077254,0.332870,0.000000,0.0000
4253.41,0.098467,0.489976,0.019011,0.0000,0.077254,0.332870,0.000000,0.0000
4258.72,0.098027,0.489947,0.019075,0.0000,0.077254,0.332870,0.000000,0.0000
4264.15,0.097532,0.489883,0.019152,0.0000,0.077254,0.332870,0.000000,0.0000
4269.48,0.097532,0.489883,0.019152,0.0000,0.077254,0.332870,0.000000,0.0000
4274.81,0.097017,0.489797,0.019236,0.0000,0.077254,0.332870,0.000000,0.0000
4280.12,0.096580,0.489687,0.019283,0.0000,0.077254,0.332870,0.000000,0.0000
4285.47,0.096580,0.489687,0.019283,0.0000,0.077254,0.332870,0.000000,0.0000
4290.79,0.096118,0.489579,0.019336,0.0000,0.077254,0.332870,0.000000,0.0000
4296.10,0.096118,0.489579,0.019336,0.0000,0.077254,0.332870,0.000000,0.0000
4301.41,0.095663,0.489408,0.019408,0.0000,0.077254,0.332870,0.000000,0.0000
4306.91,0.095162,0.489231,0.019499,0.0000,0.077254,0.332870,0.000000,0.0000
4312.28,0.095162,0.489231,0.019499,0.0000,0.077254,0.332870,0.000000,0.0000
4317.60,0.094651,0.489059,0.019565,0.0000,0.077254,0.332870,0.000000,0.0000
4323.01,0.094651,0.489059,0.019565,0.0000,0.077254,0.332870,0.000000,0.0000
4328.89,0.094200,0.488867,0.019596,0.0000,0.059228,0.293242,0.000000,0.0000
4334.19,0.093696,0.488652,0.019639,0.0000,0.059228,0.293242,0.000000,0.0000
4339.52,0.093229,0.488459,0.019684,0.0000,0.059228,0.293242,0.000000,0.0000
4344.85,0.093229,0.488459,0.019684,0.0000,0.059228,0.293242,0.000000,0.0000
4350.12,0.092725,0.488259,0.019737,0.0000,0.059228,0.293242,0.000000,0.0000
4355.45,0.092230,0.488019,0.019750,0.0000,0.059228,0.293242,0.000000,0.0000
4360.82,0.092230,0.488019,0.019750,0.0000,0.059228,0.293242,0.000000,0.0000
4366.27,0.091745,0.487762,0.019794,0.0000,0.059228,0.293242,0.000000,0.0000
4371.58,0.091307,0.487401,0.019829,0.0000,0.059228,0.293242,0.000000,0.0000
4376.92,0.091307,0.487401,0.019829,0.0000,0.059228,0.293242,0.000000,0.0000
4382.24,0.090828,0.487103,0.019859,0.0000,0.059228,0.293242,0.000000,0.0000
4387.56,0.090828,0.487103,0.019859,0.0000,0.059228,0.293242,0.000000,0.0000
4392.91,0.090308,0.486791,0.019904,0.0000,0.059228,0.293242,0.000000,0.0000
4398.38,0.089786,0.486436,0.019963,0.0000,0.059228,0.293242,0.000000,0.0000
4403.69,0.089786,0.486436,0.019963,0.0000,0.059228,0.293242,0.000000,0.0000
4409.07,0.089350,0.486074,0.020026,0.0000,0.059228,0.293242,0.000000,0.0000
4414.38,0.089350,0.486074,0.020026,0.0000,0.059228,0.293242,0.000000,0.0000
4419.69,0.088851,0.485693,0.020063,0.0000,0.059228,0.293242,0.000000,0.0000
4425.01,0.088409,0.485269,0.020072,0.0000,0.059228,0.293242,0.000000,0.0000
4430.07,0.088409,0.485269,0.020072,0.0000,0.059228,0.293242,0.000000,0.0000
4435.42,0.087956,0.484866,0.020079,0.0000,0.059228,0.293242,0.000000,0.0000
4440.74,0.087412,0.484414,0.020109,0.0000,0.059228,0.293242,0.000000,0.0000
4446.08,0.087412,0.484414,0.020109,0.0000,0.041202,0.253615,0.000000,0.0000
4451.42,0.086928,0.483961,0.020083,0.0000,0.041202,0.253615,0.000000,0.0000
4456.81,0.086461,0.483484,0.020056,0.0000,0.041202,0.253615,0.000000,0.0000
4462.20,0.086461,0.483484,0.020056,0.0000,0.041202,0.253615,0.000000,0.0000
4467.53,0.085966,0.483034,0.020071,0.0000,0.041202,0.253615,0.000000,0.0000
4472.86,0.085501,0.482542,0.020078,0.0000,0.041202,0.253615,0.000000,0.0000
4478.12,0.085501,0.482542,0.020078,0.0000,0.041202,0.253615,0.000000,0.0000
4483.45,0.085049,0.482026,0.020033,0.0000,0.041202,0.253615,0.000000,0.0000
4488.79,0.084511,0.481497,0.020082,0.0000,0.041202,0.253615,0.000000,0.0000
4494.08,0.084511,0.481497,0.020082,0.0000,0.041202,0.253615,0.000000,0.0000
4499.51,0.083973,0.481021,0.020066,0.0000,0.041202,0.253615,0.000000,0.0000
4504.82,0.083448,0.480504,0.020042,0.0000,0.041202,0.253615,0.000000,0.0000
4510.14,0.083448,0.480504,0.020042,0.0000,0.041202,0.253615,0.000000,0.0000
4515.51,0.082971,0.479951,0.020006,0.0000,0.041202,0.253615,0.000000,0.0000
4520.86,0.082971,0.479951,0.020006,0.0000,0.041202,0.253615,0.000000,0.0000
4526.18,0.082482,0.479398,0.020016,0.0000,0.041202,0.253615,0.000000,0.0000
4531.72,0.081954,0.478735,0.019922,0.0000,0.041202,0.253615,0.000000,0.0000
4537.01,0.081954,0.478735,0.019922,0.0000,0.041202,0.253615,0.000000,0.0000
4542.32,0.081403,0.478113,0.019900,0.0000,0.041202,0.253615,0.000000,0.0000
4547.65,0.080840,0.477529,0.019876,0.0000,0.041202,0.253615,0.000000,0.0000
4552.95,0.080840,0.477529,0.019876,0.0000,0.041202,0.253615,0.000000,0.0000
4558.32,0.080295,0.476839,0.019815,0.0000,0.041202,0.253615,0.000000,0.0000
4563.63,0.079815,0.476056,0.019781,0.0000,0.041202,0.253615,0.000000,0.0000
4569.01,0.079815,0.476056,0.019781,0.0000,0.041202,0.253615,0.000000,0.0000
4574.32,0.079254,0.475351,0.019718,0.0000,0.041202,0.253615,0.000000,0.0000
4579.77,0.078751,0.474602,0.019649,0.0000,0.041202,0.253615,0.000000,0.0000
4585.12,0.078751,0.474602,0.019649,0.0000,0.041202,0.253615,0.000000,0.0000
4590.48,0.078218,0.473814,0.019614,0.0000,0.023176,0.213988,0.000000,0.0000
4595.79,0.078218,0.473814,0.019614,0.0000,0.023176,0.213988,0.000000,0.0000
4601.09,0.077681,0.472957,0.019501,0.0000,0.023176,0.213988,0.000000,0.0000
4606.50,0.077062,0.472252,0.019505,0.0000,0.023176,0.213988,0.000000,0.0000
4611.85,0.077062,0.472252,0.019505,0.0000,0.023176,0.213988,0.000000,0.0000
4617.34,0.076425,0.471457,0.019477,0.0000,0.023176,0.213988,0.000000,0.0000
4622.65,0.075880,0.470592,0.019320,0.0000,0.023176,0.213988,0.000000,0.0000
4627.95,0.075880,0.470592,0.019320,0.0000,0.023176,0.213988,0.000000,0.0000
4633.57,0.075305,0.469769,0.019271,0.0000,0.023176,0.213988,0.000000,0.0000
4638.88,0.074751,0.468834,0.019221,0.0000,0.023176,0.213988,0.000000,0.0000
4644.18,0.074751,0.468834,0.019221,0.0000,0.023176,0.213988,0.000000,0.0000
4649.58,0.074179,0.467889,0.019163,0.0000,0.023176,0.213988,0.000000,0.0000
4654.89,0.073581,0.466943,0.019088,0.0000,0.023176,0.213988,0.000000,0.0000
4660.25,0.073581,0.466943,0.019088,0.0000,0.023176,0.213988,0.000000,0.0000
4665.56,0.072876,0.466127,0.019077,0.0000,0.023176,0.213988,0.000000,0.0000
4670.89,0.072876,0.466127,0.019077,0.0000,0.023176,0.213988,0.000000,0.0000
4676.18,0.072236,0.465099,0.018973,0.0000,0.023176,0.213988,0.000000,0.0000
4681.52,0.071614,0.464127,0.018886,0.0000,0.023176,0.213988,0.000000,0.0000
4686.83,0.071614,0.464127,0.018886,0.0000,0.023176,0.213988,0.000000,0.0000
4692.28,0.071002,0.463016,0.018794,0.0000,0.023176,0.213988,0.000000,0.0000
4697.59,0.070421,0.461890,0.018709,0.0000,0.023176,0.213988,0.000000,0.0000
4702.90,0.070421,0.461890,0.018709,0.0000,0.023176,0.213988,0.000000,0.0000
4708.20,0.069800,0.460839,0.018715,0.0000,0.023176,0.213988,0.000000,0.0000
4713.52,0.069121,0.459795,0.018593,0.0000,0.023176,0.213988,0.000000,0.0000
4718.91,0.069121,0.459795,0.018593,0.0000,0.023176,0.213988,0.000000,0.0000
4724.27,0.068409,0.458675,0.018496,0.0000,0.023176,0.213988,0.000000,0.0000
4729.62,0.068409,0.458675,0.018496,0.0000,0.023176,0.213988,0.000000,0.0000
4735.42,0.067717,0.457477,0.018451,0.0000,0.005150,0.174360,0.000000,0.0000
4740.73,0.067099,0.456265,0.018350,0.0000,0.005150,0.174360,0.000000,0.0000
4746.01,0.067099,0.456265,0.018350,0.0000,0.005150,0.174360,0.000000,0.0000
4751.34,0.066398,0.455115,0.018310,0.0000,0.005150,0.174360,0.000000,0.0000
4756.85,0.065727,0.453877,0.018213,0.0000,0.005150,0.174360,0.000000,0.0000
4762.19,0.065727,0.453877,0.018213,0.0000,0.005150,0.174360,0.000000,0.0000
4767.54,0.065008,0.452643,0.018162,0.0000,0.005150,0.174360,0.000000,0.0000
4772.89,0.064344,0.451393,0.018040,0.0000,0.005150,0.174360,0.000000,0.0000
4778.20,0.064344,0.451393,0.018040,0.0000,0.005150,0.174360,0.000000,0.0000
4783.60,0.063610,0.450143,0.017992,0.0000,0.005150,0.174360,0.000000,0.0000
4788.96,0.062833,0.448856,0.017946,0.0000,0.005150,0.174360,0.000000,0.0000
4794.34,0.062833,0.448856,0.017946,0.0000,0.005150,0.174360,0.000000,0.0000
4799.72,0.062152,0.447592,0.017781,0.0000,0.005150,0.174360,0.000000,0.0000
4805.01,0.061416,0.446288,0.017703,0.0000,0.005150,0.174360,0.000000,0.0000
4810.35,0.061416,0.446288,0.017703,0.0000,0.005150,0.174360,0.000000,0.0000
4815.76,0.060692,0.444913,0.017706,0.0000,0.005150,0.174360,0.000000,0.0000
4821.07,0.060692,0.444913,0.017706,0.0000,0.005150,0.174360,0.000000,0.0000
4826.40,0.059968,0.443564,0.017583,0.0000,0.005150,0.174360,0.000000,0.0000
4831.71,0.059206,0.442143,0.017472,0.0000,0.005150,0.174360,0.000000,0.0000
4837.64,0.059206,0.442143,0.017472,0.0000,0.005150,0.174360,0.000000,0.0000
4842.96,0.058357,0.440791,0.017418,0.0000,0.005150,0.174360,0.000000,0.0000
4848.29,0.057607,0.439369,0.017333,0.0000,0.005150,0.174360,0.000000,0.0000
4853.62,0.057607,0.439369,0.017333,0.0000,0.005150,0.174360,0.000000,0.0000
4859.21,0.056749,0.437986,0.017296,0.0000,0.005150,0.174360,0.000000,0.0000
4864.64,0.056042,0.436507,0.017143,0.0000,0.005150,0.174360,0.000000,0.0000
4869.95,0.056042,0.436507,0.017143,0.0000,0.005150,0.174360,0.000000,0.0000
4875.34,0.055229,0.435030,0.017079,0.0000,-0.012876,0.134733,0.000000,0.0000
4880.70,0.054453,0.433526,0.016959,0.0000,-0.012876,0.134733,0.000000,0.0000
4886.01,0.054453,0.433526,0.016959,0.0000,-0.012876,0.134733,0.000000,0.0000
4891.33,0.053654,0.432163,0.016838,0.0000,-0.012876,0.134733,0.000000,0.0000
4896.69,0.052831,0.430640,0.016714,0.0000,-0.012876,0.134733,0.000000,0.0000
4902.03,0.052831,0.430640,0.016714,0.0000,-0.012876,0.134733,0.000000,0.0000
4907.40,0.052075,0.429148,0.016659,0.0000,-0.012876,0.134733,0.000000,0.0000
4912.74,0.052075,0.429148,0.016659,0.0000,-0.012876,0.134733,0.000000,0.0000
4918.07,0.051245,0.427638,0.016520,0.0000,-0.012876,0.134733,0.000000,0.0000
4923.50,0.050456,0.426079,0.016330,0.0000,-0.012876,0.134733,0.000000,0.0000
4928.83,0.050456,0.426079,0.016330,0.0000,-0.012876,0.134733,0.000000,0.0000
4934.21,0.049673,0.424494,0.016281,0.0000,-0.012876,0.134733,0.000000,0.0000
4939.68,0.049673,0.424494,0.016281,0.0000,-0.012876,0.134733,0.000000,0.0000
4945.01,0.048899,0.422946,0.016127,0.0000,-0.012876,0.134733,0.000000,0.0000
4950.36,0.047970,0.421489,0.016033,0.0000,-0.012876,0.134733,0.000000,0.0000
4955.74,0.047157,0.419816,0.015907,0.0000,-0.012876,0.134733,0.000000,0.0000
4961.12,0.047157,0.419816,0.015907,0.0000,-0.012876,0.134733,0.000000,0.0000
4966.47,0.046347,0.418264,0.015732,0.0000,-0.012876,0.134733,0.000000,0.0000
4971.82,0.045462,0.416688,0.015672,0.0000,-0.012876,0.134733,0.000000,0.0000
4977.15,0.045462,0.416688,0.015672,0.0000,-0.012876,0.134733,0.000000,0.0000
4982.47,0.044670,0.415048,0.015540,0.0000,-0.012876,0.134733,0.000000,0.0000
4988.01,0.043819,0.413371,0.015413,0.0000,-0.012876,0.134733,0.000000,0.0000
4993.45,0.043819,0.413371,0.015413,0.0000,-0.012876,0.134733,0.000000,0.0000
4998.80,0.042977,0.411819,0.015330,0.0000,-0.012876,0.134733,0.000000,0.0000
5004.17,0.042977,0.411819,0.015330,0.0000,-0.012876,0.134733,0.000000,0.0000
5009.59,0.042047,0.410175,0.015188,0.0000,-0.012876,0.134733,0.000000,0.0000
5015.31,0.041225,0.408502,0.015117,0.0000,-0.012876,0.134733,0.000000,0.0000
5020.65,0.041225,0.408502,0.015117,0.0000,-0.030902,0.095106,0.000000,0.0000
5025.95,0.040352,0.406886,0.014984,0.0000,-0.030902,0.095106,0.000000,0.0000
5031.27,0.040352,0.406886,0.014984,0.0000,-0.030902,0.095106,0.000000,0.0000
5036.68,0.039431,0.405155,0.014870,0.0000,-0.030902,0.095106,0.000000,0.0000
5042.47,0.038661,0.403465,0.014701,0.0000,-0.030902,0.095106,0.000000,0.0000
5047.81,0.037790,0.401793,0.014602,0.0000,-0.030902,0.095106,0.000000,0.0000
5053.13,0.037790,0.401793,0.014602,0.0000,-0.030902,0.095106,0.000000,0.0000
5058.52,0.036872,0.400169,0.014539,0.0000,-0.030902,0.095106,0.000000,0.0000
5063.86,0.036040,0.398494,0.014350,0.0000,-0.030902,0.095106,0.000000,0.0000
5069.19,0.036040,0.398494,0.014350,0.0000,-0.030902,0.095106,0.000000,0.0000
5074.72,0.035186,0.396713,0.014237,0.0000,-0.030902,0.095106,0.000000,0.0000
5080.06,0.034271,0.395082,0.014170,0.0000,-0.030902,0.095106,0.000000,0.0000
5085.40,0.034271,0.395082,0.014170,0.0000,-0.030902,0.095106,0.000000,0.0000
5090.72,0.033484,0.393338,0.013991,0.0000,-0.030902,0.095106,0.000000,0.0000
5096.01,0.033484,0.393338,0.013991,0.0000,-0.030902,0.095106,0.000000,0.0000
5101.36,0.032585,0.391545,0.013922,0.0000,-0.030902,0.095106,0.000000,0.0000
5106.68,0.031701,0.389877,0.013758,0.0000,-0.030902,0.095106,0.000000,0.0000
5112.05,0.031701,0.389877,0.013758,0.0000,-0.030902,0.095106,0.000000,0.0000
5117.40,0.030866,0.388072,0.013651,0.0000,-0.030902,0.095106,0.000000,0.0000
5122.76,0.029900,0.386317,0.013549,0.0000,-0.030902,0.095106,0.000000,0.0000
5128.13,0.029900,0.386317,0.013549,0.0000,-0.030902,0.095106,0.000000,0.0000
5133.45,0.028987,0.384559,0.013429,0.0000,-0.030902,0.095106,0.000000,0.0000
5138.77,0.028987,0.384559,0.013429,0.0000,-0.030902,0.095106,0.000000,0.0000
5144.27,0.028068,0.382730,0.013347,0.0000,-0.030902,0.095106,0.000000,0.0000
5149.65,0.027147,0.380847,0.013173,0.0000,-0.030902,0.095106,0.000000,0.0000
5154.95,0.026212,0.379036,0.013091,0.0000,-0.030902,0.095106,0.000000,0.0000
5160.38,0.026212,0.379036,0.013091,0.0000,-0.068777,0.116569,0.000000,0.0000
5165.77,0.025279,0.377118,0.012996,0.0000,-0.068777,0.116569,0.000000,0.0000
5171.13,0.025279,0.377118,0.012996,0.0000,-0.068777,0.116569,0.000000,0.0000
5176.50,0.024311,0.375326,0.012931,0.0000,-0.068777,0.116569,0.000000,0.0000
5181.95,0.023331,0.373382,0.012806,0.0000,-0.068777,0.116569,0.000000,0.0000
5187.31,0.023331,0.373382,0.012806,0.0000,-0.068777,0.116569,0.000000,0.0000
5192.62,0.022372,0.371442,0.012629,0.0000,-0.068777,0.116569,0.000000,0.0000
5197.94,0.021377,0.369601,0.012668,0.0000,-0.068777,0.116569,0.000000,0.0000
5203.36,0.021377,0.369601,0.012668,0.0000,-0.068777,0.116569,0.000000,0.0000
5208.70,0.020425,0.367661,0.012635,0.0000,-0.068777,0.116569,0.000000,0.0000
5214.19,0.019402,0.365669,0.012537,0.0000,-0.068777,0.116569,0.000000,0.0000
5219.57,0.019402,0.365669,0.012537,0.0000,-0.068777,0.116569,0.000000,0.0000
5224.96,0.018421,0.363729,0.012486,0.0000,-0.068777,0.116569,0.000000,0.0000
5230.27,0.018421,0.363729,0.012486,0.0000,-0.068777,0.116569,0.000000,0.0000
5235.62,0.017389,0.361851,0.012532,0.0000,-0.068777,0.116569,0.000000,0.0000
5240.94,0.016386,0.359873,0.012442,0.0000,-0.068777,0.116569,0.000000,0.0000
5246.66,0.016386,0.359873,0.012442,0.0000,-0.068777,0.116569,0.000000,0.0000
5251.95,0.015303,0.357852,0.012482,0.0000,-0.068777,0.116569,0.000000,0.0000
5257.28,0.014254,0.355889,0.012433,0.0000,-0.068777,0.116569,0.000000,0.0000
5262.70,0.014254,0.355889,0.012433,0.0000,-0.068777,0.116569,0.000000,0.0000
5268.01,0.013195,0.353874,0.012462,0.0000,-0.068777,0.116569,0.000000,0.0000
5273.33,0.012002,0.351913,0.012522,0.0000,-0.068777,0.116569,0.000000,0.0000
5278.65,0.012002,0.351913,0.012522,0.0000,-0.068777,0.116569,0.000000,0.0000
5283.95,0.010848,0.349809,0.012467,0.0000,-0.106653,0.138033,0.000000,0.0000
5289.33,0.009764,0.347716,0.012419,0.0000,-0.106653,0.138033,0.000000,0.0000
5294.68,0.009764,0.347716,0.012419,0.0000,-0.106653,0.138033,0.000000,0.0000
5300.01,0.008548,0.345819,0.012447,0.0000,-0.106653,0.138033,0.000000,0.0000
5305.38,0.007410,0.343690,0.012487,0.0000,-0.106653,0.138033,0.000000,0.0000
5310.70,0.007410,0.343690,0.012487,0.0000,-0.106653,0.138033,0.000000,0.0000
5316.30,0.006171,0.341667,0.012455,0.0000,-0.106653,0.138033,0.000000,0.0000
5321.63,0.004881,0.339574,0.012541,0.0000,-0.106653,0.138033,0.000000,0.0000
5326.95,0.004881,0.339574,0.012541,0.0000,-0.106653,0.138033,0.000000,0.0000
5332.28,0.003645,0.337464,0.012503,0.0000,-0.106653,0.138033,0.000000,0.0000
5337.60,0.003645,0.337464,0.012503,0.0000,-0.106653,0.138033,0.000000,0.0000
5342.94,0.002336,0.335344,0.012554,0.0000,-0.106653,0.138033,0.000000,0.0000
5348.79,0.001053,0.333316,0.012618,0.0000,-0.106653,0.138033,0.000000,0.0000
5354.13,0.001053,0.333316,0.012618,0.0000,-0.106653,0.138033,0.000000,0.0000
5359.45,-0.000383,0.331209,0.012664,0.0000,-0.106653,0.138033,0.000000,0.0000
5364.79,-0.001757,0.329178,0.012730,0.0000,-0.106653,0.138033,0.000000,0.0000
5370.07,-0.001757,0.329178,0.012730,0.0000,-0.106653,0.138033,0.000000,0.0000
5375.39,-0.003112,0.327041,0.012801,0.0000,-0.106653,0.138033,0.000000,0.0000
5380.70,-0.004603,0.324915,0.012817,0.0000,-0.106653,0.138033,0.000000,0.0000
5386.06,-0.004603,0.324915,0.012817,0.0000,-0.106653,0.138033,0.000000,0.0000
5391.39,-0.006123,0.322803,0.012887,0.0000,-0.106653,0.138033,0.000000,0.0000
5396.73,-0.007545,0.320685,0.012887,0.0000,-0.106653,0.138033,0.000000,0.0000
5402.01,-0.007545,0.320685,0.012887,0.0000,-0.106653,0.138033,0.000000,0.0000
5407.39,-0.009112,0.318628,0.013008,0.0000,-0.106653,0.138033,0.000000,0.0000
5412.71,-0.009112,0.318628,0.013008,0.0000,-0.106653,0.138033,0.000000,0.0000
5418.03,-0.010663,0.316565,0.013074,0.0000,-0.106653,0.138033,0.000000,0.0000
5423.62,-0.012272,0.314436,0.013141,0.0000,-0.106653,0.138033,0.000000,0.0000
5428.95,-0.012272,0.314436,0.013141,0.0000,-0.144529,0.159497,0.000000,0.0000
5434.27,-0.013900,0.312394,0.013224,0.0000,-0.144529,0.159497,0.000000,0.0000
5439.63,-0.015533,0.310307,0.013383,0.0000,-0.144529,0.159497,0.000000,0.0000
5444.95,-0.015533,0.310307,0.013383,0.0000,-0.144529,0.159497,0.000000,0.0000
5450.39,-0.017313,0.308236,0.013398,0.0000,-0.144529,0.159497,0.000000,0.0000
5455.93,-0.019006,0.306171,0.013575,0.0000,-0.144529,0.159497,0.000000,0.0000
5461.25,-0.019006,0.306171,0.013575,0.0000,-0.144529,0.159497,0.000000,0.0000
5466.64,-0.020783,0.304157,0.013634,0.0000,-0.144529,0.159497,0.000000,0.0000
5471.95,-0.022565,0.302043,0.013733,0.0000,-0.144529,0.159497,0.000000,0.0000
5477.28,-0.022565,0.302043,0.013733,0.0000,-0.144529,0.159497,0.000000,0.0000
5482.66,-0.024394,0.300058,0.013850,0.0000,-0.144529,0.159497,0.000000,0.0000
5488.19,-0.026201,0.298018,0.013894,0.0000,-0.144529,0.159497,0.000000,0.0000
5493.52,-0.026201,0.298018,0.013894,0.0000,-0.144529,0.159497,0.000000,0.0000
5498.88,-0.028158,0.296005,0.014019,0.0000,-0.144529,0.159497,0.000000,0.0000
5504.28,-0.028158,0.296005,0.014019,0.0000,-0.144529,0.159497,0.000000,0.0000
5509.64,-0.029997,0.293979,0.014114,0.0000,-0.144529,0.159497,0.000000,0.0000
5514.96,-0.031927,0.291977,0.014133,0.0000,-0.144529,0.159497,0.000000,0.0000
5520.30,-0.031927,0.291977,0.014133,0.0000,-0.144529,0.159497,0.000000,0.0000
5525.79,-0.033898,0.290015,0.014256,0.0000,-0.144529,0.159497,0.000000,0.0000
5531.24,-0.035909,0.288073,0.014318,0.0000,-0.144529,0.159497,0.000000,0.0000
5536.57,-0.035909,0.288073,0.014318,0.0000,-0.144529,0.159497,0.000000,0.0000
5541.88,-0.037906,0.286132,0.014376,0.0000,-0.144529,0.159497,0.000000,0.0000
5547.20,-0.040008,0.284226,0.014500,0.0000,-0.144529,0.159497,0.000000,0.0000
5552.75,-0.040008,0.284226,0.014500,0.0000,-0.144529,0.159497,0.000000,0.0000
5558.15,-0.042111,0.282317,0.014536,0.0000,-0.144529,0.159497,0.000000,0.0000
5563.58,-0.044200,0.280367,0.014699,0.0000,-0.144529,0.159497,0.000000,0.0000
5568.94,-0.044200,0.280367,0.014699,0.0000,-0.182405,0.180961,0.000000,0.0000
5574.31,-0.046333,0.278498,0.014768,0.0000,-0.182405,0.180961,0.000000,0.0000
5579.66,-0.046333,0.278498,0.014768,0.0000,-0.182405,0.180961,0.000000,0.0000
5584.97,-0.048493,0.276669,0.014862,0.0000,-0.182405,0.180961,0.000000,0.0000
5590.31,-0.050675,0.274852,0.015028,0.0000,-0.182405,0.180961,0.000000,0.0000
5595.63,-0.050675,0.274852,0.015028,0.0000,-0.182405,0.180961,0.000000,0.0000
5600.95,-0.052835,0.272967,0.015095,0.0000,-0.182405,0.180961,0.000000,0.0000
5606.31,-0.055101,0.271180,0.015277,0.0000,-0.182405,0.180961,0.000000,0.0000
5611.65,-0.055101,0.271180,0.015277,0.0000,-0.182405,0.180961,0.000000,0.0000
5616.95,-0.057316,0.269391,0.015393,0.0000,-0.182405,0.180961,0.000000,0.0000
5622.27,-0.059480,0.267613,0.015443,0.0000,-0.182405,0.180961,0.000000,0.0000
5627.63,-0.059480,0.267613,0.015443,0.0000,-0.182405,0.180961,0.000000,0.0000
5633.21,-0.061746,0.265904,0.015606,0.0000,-0.182405,0.180961,0.000000,0.0000
5638.57,-0.064065,0.264211,0.015713,0.0000,-0.182405,0.180961,0.000000,0.0000
5643.89,-0.064065,0.264211,0.015713,0.0000,-0.182405,0.180961,0.000000,0.0000
5649.19,-0.066242,0.262464,0.015797,0.0000,-0.182405,0.180961,0.000000,0.0000
5654.93,-0.068476,0.260892,0.015912,0.0000,-0.182405,0.180961,0.000000,0.0000
5660.31,-0.068476,0.260892,0.015912,0.0000,-0.182405,0.180961,0.000000,0.0000
5665.64,-0.070805,0.259214,0.016048,0.0000,-0.182405,0.180961,0.000000,0.0000
5671.01,-0.070805,0.259214,0.016048,0.0000,-0.182405,0.180961,0.000000,0.0000
5676.43,-0.073052,0.257533,0.016159,0.0000,-0.182405,0.180961,0.000000,0.0000
5681.75,-0.075335,0.256046,0.016292,0.0000,-0.182405,0.180961,0.000000,0.0000
5687.13,-0.075335,0.256046,0.016292,0.0000,-0.182405,0.180961,0.000000,0.0000
5692.48,-0.077646,0.254373,0.016362,0.0000,-0.182405,0.180961,0.000000,0.0000
5697.80,-0.079957,0.252825,0.016489,0.0000,-0.182405,0.180961,0.000000,0.0000
5703.13,-0.079957,0.252825,0.016489,0.0000,-0.182405,0.180961,0.000000,0.0000
5708.44,-0.082312,0.251238,0.016611,0.0000,-0.182405,0.180961,0.000000,0.0000
5713.79,-0.084631,0.249685,0.016662,0.0000,-0.220280,0.202425,0.000000,0.0000
5719.08,-0.084631,0.249685,0.016662,0.0000,-0.220280,0.202425,0.000000,0.0000
5724.40,-0.086981,0.248257,0.016838,0.0000,-0.220280,0.202425,0.000000,0.0000
5729.81,-0.089331,0.246815,0.016979,0.0000,-0.220280,0.202425,0.000000,0.0000
5735.13,-0.089331,0.246815,0.016979,0.0000,-0.220280,0.202425,0.000000,0.0000
5740.47,-0.091620,0.245377,0.017050,0.0000,-0.220280,0.202425,0.000000,0.0000
5745.81,-0.091620,0.245377,0.017050,0.0000,-0.220280,0.202425,0.000000,0.0000
5751.15,-0.093963,0.243996,0.017167,0.0000,-0.220280,0.202425,0.000000,0.0000
5757.17,-0.096367,0.242603,0.017215,0.0000,-0.220280,0.202425,0.000000,0.0000
5762.51,-0.096367,0.242603,0.017215,0.0000,-0.220280,0.202425,0.000000,0.0000
5767.83,-0.098676,0.241226,0.017317,0.0000,-0.220280,0.202425,0.000000,0.0000
5773.17,-0.100981,0.239963,0.017450,0.0000,-0.220280,0.202425,0.000000,0.0000
5778.49,-0.100981,0.239963,0.017450,0.0000,-0.220280,0.202425,0.000000,0.0000
5783.80,-0.103299,0.238724,0.017479,0.0000,-0.220280,0.202425,0.000000,0.0000
5789.12,-0.105593,0.237436,0.017572,0.0000,-0.220280,0.202425,0.000000,0.0000
5794.46,-0.105593,0.237436,0.017572,0.0000,-0.220280,0.202425,0.000000,0.0000
5799.87,-0.107986,0.236245,0.017713,0.0000,-0.220280,0.202425,0.000000,0.0000
5805.25,-0.110315,0.235074,0.017737,0.0000,-0.220280,0.202425,0.000000,0.0000
5810.57,-0.110315,0.235074,0.017737,0.0000,-0.220280,0.202425,0.000000,0.0000
5815.92,-0.112655,0.233987,0.017856,0.0000,-0.220280,0.202425,0.000000,0.0000
5821.37,-0.114998,0.232867,0.017958,0.0000,-0.220280,0.202425,0.000000,0.0000
5826.77,-0.114998,0.232867,0.017958,0.0000,-0.220280,0.202425,0.000000,0.0000
5832.14,-0.117288,0.231749,0.018048,0.0000,-0.220280,0.202425,0.000000,0.0000
5837.50,-0.117288,0.231749,0.018048,0.0000,-0.220280,0.202425,0.000000,0.0000
5842.87,-0.119510,0.230733,0.018072,0.0000,-0.220280,0.202425,0.000000,0.0000
5848.28,-0.119510,0.230733,0.018072,0.0000,-0.220280,0.202425,0.000000,0.0000
5853.60,-0.121844,0.229737,0.018191,0.0000,-0.220280,0.202425,0.000000,0.0000
5859.22,-0.124072,0.228705,0.018233,0.0000,-0.258156,0.223888,0.000000,0.0000
5864.61,-0.126318,0.227753,0.018268,0.0000,-0.258156,0.223888,0.000000,0.0000
5869.94,-0.126318,0.227753,0.018268,0.0000,-0.258156,0.223888,0.000000,0.0000
5875.33,-0.128600,0.226843,0.018286,0.0000,-0.258156,0.223888,0.000000,0.0000
5880.68,-0.130849,0.226008,0.018281,0.0000,-0.258156,0.223888,0.000000,0.0000
5885.95,-0.130849,0.226008,0.018281,0.0000,-0.258156,0.223888,0.000000,0.0000
5891.37,-0.133148,0.225165,0.018356,0.0000,-0.258156,0.223888,0.000000,0.0000
5896.70,-0.135313,0.224346,0.018333,0.0000,-0.258156,0.223888,0.000000,0.0000
5902.01,-0.135313,0.224346,0.018333,0.0000,-0.258156,0.223888,0.000000,0.0000
5907.36,-0.137514,0.223516,0.018441,0.0000,-0.258156,0.223888,0.000000,0.0000
5912.70,-0.137514,0.223516,0.018441,0.0000,-0.258156,0.223888,0.000000,0.0000
5918.01,-0.139701,0.222748,0.018416,0.0000,-0.258156,0.223888,0.000000,0.0000
5923.33,-0.141953,0.222159,0.018471,0.0000,-0.258156,0.223888,0.000000,0.0000
5928.68,-0.141953,0.222159,0.018471,0.0000,-0.258156,0.223888,0.000000,0.0000
5933.95,-0.144156,0.221445,0.018435,0.0000,-0.258156,0.223888,0.000000,0.0000
5939.29,-0.146324,0.220789,0.018399,0.0000,-0.258156,0.223888,0.000000,0.0000
5944.61,-0.146324,0.220789,0.018399,0.0000,-0.258156,0.223888,0.000000,0.0000
5949.93,-0.148456,0.220150,0.018397,0.0000,-0.258156,0.223888,0.000000,0.0000
5955.30,-0.150639,0.219598,0.018368,0.0000,-0.258156,0.223888,0.000000,0.0000
5960.31,-0.150639,0.219598,0.018368,0.0000,-0.258156,0.223888,0.000000,0.0000
5965.68,-0.152777,0.219013,0.018301,0.0000,-0.258156,0.223888,0.000000,0.0000
5971.01,-0.152777,0.219013,0.018301,0.0000,-0.258156,0.223888,0.000000,0.0000
5976.49,-0.154912,0.218519,0.018304,0.0000,-0.296032,0.245352,0.000000,0.0000
5982.01,-0.157117,0.218092,0.018294,0.0000,-0.296032,0.245352,0.000000,0.0000
5987.37,-0.157117,0.218092,0.018294,0.0000,-0.296032,0.245352,0.000000,0.0000
5992.69,-0.159252,0.217696,0.018198,0.0000,-0.296032,0.245352,0.000000,0.0000
5998.01,-0.161294,0.217264,0.018167,0.0000,-0.296032,0.245352,0.000000,0.0000
6003.33,-0.161294,0.217264,0.018167,0.0000,-0.296032,0.245352,0.000000,0.0000
6008.67,-0.163395,0.216901,0.018113,0.0000,-0.296032,0.245352,0.000000,0.0000
6014.17,-0.165476,0.216617,0.018029,0.0000,-0.296032,0.245352,0.000000,0.0000
6019.51,-0.165476,0.216617,0.018029,0.0000,-0.296032,0.245352,0.000000,0.0000
6024.85,-0.167567,0.216373,0.018019,0.0000,-0.296032,0.245352,0.000000,0.0000
6030.14,-0.169639,0.216116,0.017946,0.0000,-0.296032,0.245352,0.000000,0.0000
6035.46,-0.169639,0.216116,0.017946,0.0000,-0.296032,0.245352,0.000000,0.0000
6040.80,-0.171775,0.215981,0.017889,0.0000,-0.296032,0.245352,0.000000,0.0000
6046.13,-0.171775,0.215981,0.017889,0.0000,-0.296032,0.245352,0.000000,0.0000
6051.58,-0.173775,0.215688,0.017817,0.0000,-0.296032,0.245352,0.000000,0.0000
6056.95,-0.175893,0.215584,0.017774,0.0000,-0.296032,0.245352,0.000000,0.0000
6062.72,-0.175893,0.215584,0.017774,0.0000,-0.296032,0.245352,0.000000,0.0000
6068.02,-0.177917,0.215469,0.017731,0.0000,-0.296032,0.245352,0.000000,0.0000
6073.61,-0.179904,0.215274,0.017599,0.0000,-0.296032,0.245352,0.000000,0.0000
6078.94,-0.179904,0.215274,0.017599,0.0000,-0.296032,0.245352,0.000000,0.0000
6084.26,-0.181965,0.215261,0.017516,0.0000,-0.296032,0.245352,0.000000,0.0000
6089.60,-0.183906,0.215213,0.017470,0.0000,-0.296032,0.245352,0.000000,0.0000
6094.96,-0.183906,0.215213,0.017470,0.0000,-0.296032,0.245352,0.000000,0.0000
6100.31,-0.185815,0.215210,0.017387,0.0000,-0.296032,0.245352,0.000000,0.0000
6105.84,-0.187861,0.215237,0.017369,0.0000,-0.296032,0.245352,0.000000,0.0000
6111.15,-0.187861,0.215237,0.017369,0.0000,-0.296032,0.245352,0.000000,0.0000
6116.55,-0.189869,0.215240,0.017231,0.0000,-0.296032,0.245352,0.000000,0.0000
6121.88,-0.191880,0.215332,0.017203,0.0000,-0.333907,0.266816,0.000000,0.0000
6127.23,-0.191880,0.215332,0.017203,0.0000,-0.333907,0.266816,0.000000,0.0000
6132.56,-0.193794,0.215414,0.017155,0.0000,-0.333907,0.266816,0.000000,0.0000
6137.88,-0.193794,0.215414,0.017155,0.0000,-0.333907,0.266816,0.000000,0.0000
6143.25,-0.195747,0.215548,0.017074,0.0000,-0.333907,0.266816,0.000000,0.0000
6148.69,-0.197712,0.215679,0.017079,0.0000,-0.333907,0.266816,0.000000,0.0000
6154.01,-0.197712,0.215679,0.017079,0.0000,-0.333907,0.266816,0.000000,0.0000
6159.36,-0.199704,0.215855,0.016982,0.0000,-0.333907,0.266816,0.000000,0.0000
6164.82,-0.201642,0.215989,0.016924,0.0000,-0.333907,0.266816,0.000000,0.0000
6170.16,-0.201642,0.215989,0.016924,0.0000,-0.333907,0.266816,0.000000,0.0000
6175.50,-0.203530,0.216138,0.016894,0.0000,-0.333907,0.266816,0.000000,0.0000
6180.95,-0.205485,0.216410,0.016831,0.0000,-0.333907,0.266816,0.000000,0.0000
6186.30,-0.205485,0.216410,0.016831,0.0000,-0.333907,0.266816,0.000000,0.0000
6191.91,-0.207403,0.216594,0.016794,0.0000,-0.333907,0.266816,0.000000,0.0000
6197.21,-0.209385,0.216888,0.016799,0.0000,-0.333907,0.266816,0.000000,0.0000
6202.54,-0.209385,0.216888,0.016799,0.0000,-0.333907,0.266816,0.000000,0.0000
6208.07,-0.211279,0.217120,0.016714,0.0000,-0.333907,0.266816,0.000000,0.0000
6213.45,-0.213212,0.217441,0.016799,0.0000,-0.333907,0.266816,0.000000,0.0000
6218.79,-0.213212,0.217441,0.016799,0.0000,-0.333907,0.266816,0.000000,0.0000
6224.14,-0.215280,0.217756,0.016778,0.0000,-0.333907,0.266816,0.000000,0.0000
6229.46,-0.215280,0.217756,0.016778,0.0000,-0.333907,0.266816,0.000000,0.0000
6234.80,-0.217214,0.218084,0.016766,0.0000,-0.333907,0.266816,0.000000,0.0000
6240.30,-0.219188,0.218388,0.016734,0.0000,-0.333907,0.266816,0.000000,0.0000
6245.69,-0.219188,0.218388,0.016734,0.0000,-0.333907,0.266816,0.000000,0.0000
6251.02,-0.221111,0.218689,0.016803,0.0000,-0.333907,0.266816,0.000000,0.0000
6256.41,-0.222992,0.219085,0.016826,0.0000,-0.333907,0.266816,0.000000,0.0000
6261.84,-0.222992,0.219085,0.016826,0.0000,-0.333907,0.266816,0.000000,0.0000
6266.91,-0.224932,0.219429,0.016893,0.0000,-0.371783,0.288280,0.000000,0.0000
6272.22,-0.226970,0.219824,0.016887,0.0000,-0.371783,0.288280,0.000000,0.0000
6277.60,-0.226970,0.219824,0.016887,0.0000,-0.371783,0.288280,0.000000,0.0000
6282.95,-0.228897,0.220267,0.016980,0.0000,-0.371783,0.288280,0.000000,0.0000
6288.32,-0.230872,0.220667,0.016977,0.0000,-0.371783,0.288280,0.000000,0.0000
6293.64,-0.230872,0.220667,0.016977,0.0000,-0.371783,0.288280,0.000000,0.0000
6299.01,-0.232788,0.221053,0.017002,0.0000,-0.371783,0.288280,0.000000,0.0000
6304.34,-0.232788,0.221053,0.017002,0.0000,-0.371783,0.288280,0.000000,0.0000
6309.69,-0.234631,0.221413,0.016997,0.0000,-0.371783,0.288280,0.000000,0.0000
6315.19,-0.236469,0.221836,0.017042,0.0000,-0.371783,0.288280,0.000000,0.0000
6320.57,-0.236469,0.221836,0.017042,0.0000,-0.371783,0.288280,0.000000,0.0000
6325.90,-0.238521,0.222276,0.017043,0.0000,-0.371783,0.288280,0.000000,0.0000
6331.18,-0.240487,0.222740,0.017091,0.0000,-0.371783,0.288280,0.000000,0.0000
6336.52,-0.240487,0.222740,0.017091,0.0000,-0.371783,0.288280,0.000000,0.0000
6341.84,-0.242481,0.223173,0.017110,0.0000,-0.371783,0.288280,0.000000,0.0000
6347.51,-0.244434,0.223616,0.017114,0.0000,-0.371783,0.288280,0.000000,0.0000
6352.84,-0.244434,0.223616,0.017114,0.0000,-0.371783,0.288280,0.000000,0.0000
6358.13,-0.246398,0.224121,0.017188,0.0000,-0.371783,0.288280,0.000000,0.0000
6363.45,-0.248345,0.224583,0.017240,0.0000,-0.371783,0.288280,0.000000,0.0000
6369.22,-0.248345,0.224583,0.017240,0.0000,-0.371783,0.288280,0.000000,0.0000
6374.86,-0.250260,0.225029,0.017277,0.0000,-0.371783,0.288280,0.000000,0.0000
6380.21,-0.252229,0.225522,0.017384,0.0000,-0.371783,0.288280,0.000000,0.0000
6385.54,-0.252229,0.225522,0.017384,0.0000,-0.371783,0.288280,0.000000,0.0000
6390.86,-0.254261,0.225972,0.017422,0.0000,-0.371783,0.288280,0.000000,0.0000
6396.46,-0.256251,0.226437,0.017406,0.0000,-0.371783,0.288280,0.000000,0.0000
6401.92,-0.256251,0.226437,0.017406,0.0000,-0.371783,0.288280,0.000000,0.0000
6407.27,-0.258216,0.226999,0.017454,0.0000,-0.409659,0.309744,0.000000,0.0000
6412.67,-0.258216,0.226999,0.017454,0.0000,-0.409659,0.309744,0.000000,0.0000
6417.96,-0.260215,0.227454,0.017436,0.0000,-0.409659,0.309744,0.000000,0.0000
6423.64,-0.262198,0.228021,0.017532,0.0000,-0.409659,0.309744,0.000000,0.0000
6428.95,-0.262198,0.228021,0.017532,0.0000,-0.409659,0.309744,0.000000,0.0000
6434.27,-0.264174,0.228488,0.017589,0.0000,-0.409659,0.309744,0.000000,0.0000
6439.59,-0.266193,0.228974,0.017586,0.0000,-0.409659,0.309744,0.000000,0.0000
6444.95,-0.266193,0.228974,0.017586,0.0000,-0.409659,0.309744,0.000000,0.0000
6450.30,-0.268153,0.229540,0.017645,0.0000,-0.409659,0.309744,0.000000,0.0000
6455.89,-0.270131,0.230009,0.017679,0.0000,-0.409659,0.309744,0.000000,0.0000
6461.19,-0.270131,0.230009,0.017679,0.0000,-0.409659,0.309744,0.000000,0.0000
6466.77,-0.272218,0.230621,0.017724,0.0000,-0.409659,0.309744,0.000000,0.0000
6472.58,-0.274221,0.231116,0.017705,0.0000,-0.409659,0.309744,0.000000,0.0000
6477.90,-0.274221,0.231116,0.017705,0.0000,-0.409659,0.309744,0.000000,0.0000
6483.32,-0.276244,0.231641,0.017719,0.0000,-0.409659,0.309744,0.000000,0.0000
6488.65,-0.278238,0.232138,0.017736,0.0000,-0.409659,0.309744,0.000000,0.0000
6493.95,-0.278238,0.232138,0.017736,0.0000,-0.409659,0.309744,0.000000,0.0000
6499.29,-0.280241,0.232607,0.017711,0.0000,-0.409659,0.309744,0.000000,0.0000
6504.79,-0.282229,0.233111,0.017696,0.0000,-0.409659,0.309744,0.000000,0.0000
6510.20,-0.282229,0.233111,0.017696,0.0000,-0.409659,0.309744,0.000000,0.0000
6515.61,-0.284233,0.233622,0.017720,0.0000,-0.409659,0.309744,0.000000,0.0000
6520.94,-0.284233,0.233622,0.017720,0.0000,-0.409659,0.309744,0.000000,0.0000
6526.27,-0.286283,0.234151,0.017634,0.0000,-0.409659,0.309744,0.000000,0.0000
6531.67,-0.288333,0.234723,0.017607,0.0000,-0.447534,0.331207,0.000000,0.0000
6537.02,-0.288333,0.234723,0.017607,0.0000,-0.447534,0.331207,0.000000,0.0000
6542.42,-0.290330,0.235307,0.017590,0.0000,-0.447534,0.331207,0.000000,0.0000
6547.75,-0.292321,0.235914,0.017680,0.0000,-0.447534,0.331207,0.000000,0.0000
6553.11,-0.292321,0.235914,0.017680,0.0000,-0.447534,0.331207,0.000000,0.0000
6558.43,-0.294436,0.236402,0.017698,0.0000,-0.447534,0.331207,0.000000,0.0000
6563.77,-0.296516,0.236974,0.017671,0.0000,-0.447534,0.331207,0.000000,0.0000
6569.07,-0.296516,0.236974,0.017671,0.0000,-0.447534,0.331207,0.000000,0.0000
6574.83,-0.298594,0.237547,0.017621,0.0000,-0.447534,0.331207,0.000000,0.0000
6580.17,-0.300676,0.238131,0.017633,0.0000,-0.447534,0.331207,0.000000,0.0000
6585.48,-0.300676,0.238131,0.017633,0.0000,-0.447534,0.331207,0.000000,0.0000
6590.85,-0.302684,0.238840,0.017676,0.0000,-0.447534,0.331207,0.000000,0.0000
6596.14,-0.302684,0.238840,0.017676,0.0000,-0.447534,0.331207,0.000000,0.0000
6601.45,-0.304802,0.239415,0.017652,0.0000,-0.447534,0.331207,0.000000,0.0000
6607.01,-0.306921,0.240006,0.017567,0.0000,-0.447534,0.331207,0.000000,0.0000
6612.35,-0.306921,0.240006,0.017567,0.0000,-0.447534,0.331207,0.000000,0.0000
6617.66,-0.309036,0.240627,0.017555,0.0000,-0.447534,0.331207,0.000000,0.0000
6622.95,-0.311062,0.241253,0.017572,0.0000,-0.447534,0.331207,0.000000,0.0000
6628.30,-0.311062,0.241253,0.017572,0.0000,-0.447534,0.331207,0.000000,0.0000
6633.65,-0.313060,0.241927,0.017562,0.0000,-0.447534,0.331207,0.000000,0.0000
6638.96,-0.315217,0.242528,0.017494,0.0000,-0.447534,0.331207,0.000000,0.0000
6644.31,-0.315217,0.242528,0.017494,0.0000,-0.447534,0.331207,0.000000,0.0000
6649.64,-0.315217,0.242528,0.017494,0.0000,-0.447534,0.331207,0.000000,0.0000
6654.97,-0.319496,0.243767,0.017395,0.0000,-0.447534,0.331207,0.000000,0.0000
6660.29,-0.319496,0.243767,0.017395,0.0000,-0.447534,0.331207,0.000000,0.0000
6665.65,-0.321590,0.244327,0.017362,0.0000,-0.447534,0.331207,0.000000,0.0000
6670.95,-0.321590,0.244327,0.017362,0.0000,-0.447534,0.331207,0.000000,0.0000
6676.94,-0.323582,0.245081,0.017476,0.0000,-0.485410,0.352671,0.000000,0.0000
6682.28,-0.325827,0.245766,0.017423,0.0000,-0.485410,0.352671,0.000000,0.0000
6687.62,-0.325827,0.245766,0.017423,0.0000,-0.485410,0.352671,0.000000,0.0000
6693.07,-0.327962,0.246397,0.017332,0.0000,-0.485410,0.352671,0.000000,0.0000
6698.58,-0.330097,0.247080,0.017250,0.0000,-0.485410,0.352671,0.000000,0.0000
6703.92,-0.330097,0.247080,0.017250,0.0000,-0.485410,0.352671,0.000000,0.0000
6709.24,-0.332217,0.247789,0.017293,0.0000,-0.485410,0.352671,0.000000,0.0000
6714.72,-0.334333,0.248480,0.017331,0.0000,-0.485410,0.352671,0.000000,0.0000
6720.13,-0.334333,0.248480,0.017331,0.0000,-0.485410,0.352671,0.000000,0.0000
6725.56,-0.336508,0.249222,0.017258,0.0000,-0.485410,0.352671,0.000000,0.0000
6731.03,-0.338625,0.249943,0.017205,0.0000,-0.485410,0.352671,0.000000,0.0000
6736.38,-0.338625,0.249943,0.017205,0.0000,-0.485410,0.352671,0.000000,0.0000
6741.70,-0.340749,0.250672,0.017191,0.0000,-0.485410,0.352671,0.000000,0.0000
6747.05,-0.342889,0.251403,0.017244,0.0000,-0.485410,0.352671,0.000000,0.0000
6752.38,-0.342889,0.251403,0.017244,0.0000,-0.485410,0.352671,0.000000,0.0000
6757.95,-0.345007,0.252107,0.017159,0.0000,-0.485410,0.352671,0.000000,0.0000
6763.30,-0.347186,0.252844,0.017099,0.0000,-0.485410,0.352671,0.000000,0.0000
6768.66,-0.347186,0.252844,0.017099,0.0000,-0.485410,0.352671,0.000000,0.0000
6774.18,-0.349374,0.253553,0.017111,0.0000,-0.485410,0.352671,0.000000,0.0000
6779.24,-0.349374,0.253553,0.017111,0.0000,-0.485410,0.352671,0.000000,0.0000
6784.58,-0.351373,0.254389,0.017181,0.0000,-0.485410,0.352671,0.000000,0.0000
6789.92,-0.353495,0.255175,0.017105,0.0000,-0.485410,0.352671,0.000000,0.0000
6795.26,-0.353495,0.255175,0.017105,0.0000,-0.485410,0.352671,0.000000,0.0000
6800.87,-0.355666,0.255870,0.017047,0.0000,-0.485410,0.352671,0.000000,0.0000
6806.19,-0.357817,0.256647,0.017053,0.0000,-0.485410,0.352671,0.000000,0.0000
6811.59,-0.357817,0.256647,0.017053,0.0000,-0.485410,0.352671,0.000000,0.0000
6816.95,-0.359919,0.257536,0.017112,0.0000,-0.453293,0.323282,0.000000,0.0000
6822.27,-0.362084,0.258265,0.017028,0.0000,-0.453293,0.323282,0.000000,0.0000
6827.59,-0.362084,0.258265,0.017028,0.0000,-0.453293,0.323282,0.000000,0.0000
6832.90,-0.364194,0.259060,0.016924,0.0000,-0.453293,0.323282,0.000000,0.0000
6838.29,-0.366306,0.259899,0.016943,0.0000,-0.453293,0.323282,0.000000,0.0000
6843.60,-0.366306,0.259899,0.016943,0.0000,-0.453293,0.323282,0.000000,0.0000
6848.92,-0.368442,0.260776,0.017016,0.0000,-0.453293,0.323282,0.000000,0.0000
6854.18,-0.368442,0.260776,0.017016,0.0000,-0.453293,0.323282,0.000000,0.0000
6859.54,-0.370654,0.261505,0.016925,0.0000,-0.453293,0.323282,0.000000,0.0000
6864.86,-0.372770,0.262372,0.016826,0.0000,-0.453293,0.323282,0.000000,0.0000
6870.24,-0.372770,0.262372,0.016826,0.0000,-0.453293,0.323282,0.000000,0.0000
6875.59,-0.374785,0.263223,0.016863,0.0000,-0.453293,0.323282,0.000000,0.0000
6881.12,-0.376829,0.264058,0.016842,0.0000,-0.453293,0.323282,0.000000,0.0000
6886.47,-0.376829,0.264058,0.016842,0.0000,-0.453293,0.323282,0.000000,0.0000
6891.78,-0.378960,0.264857,0.016865,0.0000,-0.453293,0.323282,0.000000,0.0000
6897.23,-0.380961,0.265721,0.016843,0.0000,-0.453293,0.323282,0.000000,0.0000
6902.66,-0.380961,0.265721,0.016843,0.0000,-0.453293,0.323282,0.000000,0.0000
6908.01,-0.383078,0.266534,0.016798,0.0000,-0.453293,0.323282,0.000000,0.0000
6913.37,-0.385129,0.267446,0.016821,0.0000,-0.453293,0.323282,0.000000,0.0000
6918.73,-0.385129,0.267446,0.016821,0.0000,-0.453293,0.323282,0.000000,0.0000
6924.07,-0.387137,0.268161,0.016779,0.0000,-0.453293,0.323282,0.000000,0.0000
6929.43,-0.387137,0.268161,0.016779,0.0000,-0.453293,0.323282,0.000000,0.0000
6934.74,-0.389167,0.269015,0.016750,0.0000,-0.453293,0.323282,0.000000,0.0000
6940.08,-0.391155,0.269884,0.016708,0.0000,-0.453293,0.323282,0.000000,0.0000
6945.41,-0.391155,0.269884,0.016708,0.0000,-0.453293,0.323282,0.000000,0.0000
6950.77,-0.393146,0.270719,0.016702,0.0000,-0.453293,0.323282,0.000000,0.0000
6956.08,-0.395116,0.271425,0.016671,0.0000,-0.453293,0.323282,0.000000,0.0000
6961.42,-0.395116,0.271425,0.016671,0.0000,-0.421175,0.293893,0.000000,0.0000
6966.85,-0.397004,0.272284,0.016634,0.0000,-0.421175,0.293893,0.000000,0.0000
6972.12,-0.398910,0.273157,0.016546,0.0000,-0.421175,0.293893,0.000000,0.0000
6977.54,-0.398910,0.273157,0.016546,0.0000,-0.421175,0.293893,0.000000,0.0000
6983.33,-0.400703,0.273925,0.016555,0.0000,-0.421175,0.293893,0.000000,0.0000
6988.65,-0.400703,0.273925,0.016555,0.0000,-0.421175,0.293893,0.000000,0.0000
6993.95,-0.402594,0.274677,0.016547,0.0000,-0.421175,0.293893,0.000000,0.0000
6999.33,-0.404397,0.275468,0.016472,0.0000,-0.421175,0.293893,0.000000,0.0000
7004.73,-0.406220,0.276306,0.016457,0.0000,-0.421175,0.293893,0.000000,0.0000
7010.14,-0.406220,0.276306,0.016457,0.0000,-0.421175,0.293893,0.000000,0.0000
7015.45,-0.407951,0.277067,0.016397,0.0000,-0.421175,0.293893,0.000000,0.0000
7020.78,-0.407951,0.277067,0.016397,0.0000,-0.421175,0.293893,0.000000,0.0000
7026.12,-0.409627,0.277851,0.016389,0.0000,-0.421175,0.293893,0.000000,0.0000
7031.44,-0.411381,0.278520,0.016317,0.0000,-0.421175,0.293893,0.000000,0.0000
7036.75,-0.411381,0.278520,0.016317,0.0000,-0.421175,0.293893,0.000000,0.0000
7042.07,-0.412976,0.279271,0.016271,0.0000,-0.421175,0.293893,0.000000,0.0000
7047.56,-0.414642,0.280006,0.016236,0.0000,-0.421175,0.293893,0.000000,0.0000
7052.90,-0.414642,0.280006,0.016236,0.0000,-0.421175,0.293893,0.000000,0.0000
7058.19,-0.416188,0.280673,0.016181,0.0000,-0.421175,0.293893,0.000000,0.0000
7063.51,-0.417751,0.281397,0.016183,0.0000,-0.421175,0.293893,0.000000,0.0000
7068.87,-0.417751,0.281397,0.016183,0.0000,-0.421175,0.293893,0.000000,0.0000
7074.21,-0.419243,0.281959,0.016074,0.0000,-0.421175,0.293893,0.000000,0.0000
7079.53,-0.419243,0.281959,0.016074,0.0000,-0.421175,0.293893,0.000000,0.0000
7085.13,-0.420780,0.282646,0.016073,0.0000,-0.421175,0.293893,0.000000,0.0000
7090.48,-0.422181,0.283257,0.015937,0.0000,-0.421175,0.293893,0.000000,0.0000
7095.79,-0.422181,0.283257,0.015937,0.0000,-0.421175,0.293893,0.000000,0.0000
7101.36,-0.423579,0.283918,0.015890,0.0000,-0.389058,0.264503,0.000000,0.0000
7106.94,-0.424933,0.284479,0.015816,0.0000,-0.389058,0.264503,0.000000,0.0000
7112.26,-0.424933,0.284479,0.015816,0.0000,-0.389058,0.264503,0.000000,0.0000
7117.60,-0.426279,0.285075,0.015744,0.0000,-0.389058,0.264503,0.000000,0.0000
7122.93,-0.427514,0.285683,0.015685,0.0000,-0.389058,0.264503,0.000000,0.0000
7128.31,-0.427514,0.285683,0.015685,0.0000,-0.389058,0.264503,0.000000,0.0000
7133.67,-0.428842,0.286119,0.015532,0.0000,-0.389058,0.264503,0.000000,0.0000
7139.19,-0.430005,0.286673,0.015479,0.0000,-0.389058,0.264503,0.000000,0.0000
7144.56,-0.430005,0.286673,0.015479,0.0000,-0.389058,0.264503,0.000000,0.0000
7149.95,-0.431132,0.287211,0.015388,0.0000,-0.389058,0.264503,0.000000,0.0000
7155.27,-0.432252,0.287656,0.015307,0.0000,-0.389058,0.264503,0.000000,0.0000
7160.58,-0.432252,0.287656,0.015307,0.0000,-0.389058,0.264503,0.000000,0.0000
7166.37,-0.433328,0.288120,0.015267,0.0000,-0.389058,0.264503,0.000000,0.0000
7171.93,-0.434317,0.288561,0.015171,0.0000,-0.389058,0.264503,0.000000,0.0000
7177.29,-0.434317,0.288561,0.015171,0.0000,-0.389058,0.264503,0.000000,0.0000
7182.68,-0.435326,0.288897,0.015092,0.0000,-0.389058,0.264503,0.000000,0.0000
7187.85,-0.435326,0.288897,0.015092,0.0000,-0.389058,0.264503,0.000000,0.0000
7193.22,-0.436327,0.289269,0.014954,0.0000,-0.389058,0.264503,0.000000,0.0000
7198.56,-0.437158,0.289573,0.014843,0.0000,-0.389058,0.264503,0.000000,0.0000
7203.92,-0.437158,0.289573,0.014843,0.0000,-0.389058,0.264503,0.000000,0.0000
7209.30,-0.438035,0.289868,0.014765,0.0000,-0.389058,0.264503,0.000000,0.0000
7214.68,-0.438827,0.290275,0.014694,0.0000,-0.389058,0.264503,0.000000,0.0000
7219.95,-0.438827,0.290275,0.014694,0.0000,-0.389058,0.264503,0.000000,0.0000
7225.28,-0.439548,0.290502,0.014656,0.0000,-0.356940,0.235114,0.000000,0.0000
7230.64,-0.440273,0.290708,0.014607,0.0000,-0.356940,0.235114,0.000000,0.0000
7235.95,-0.440273,0.290708,0.014607,0.0000,-0.356940,0.235114,0.000000,0.0000
7241.63,-0.440936,0.291008,0.014549,0.0000,-0.356940,0.235114,0.000000,0.0000
7246.99,-0.441551,0.291149,0.014429,0.0000,-0.356940,0.235114,0.000000,0.0000
7252.31,-0.441551,0.291149,0.014429,0.0000,-0.356940,0.235114,0.000000,0.0000
7257.63,-0.442172,0.291321,0.014376,0.0000,-0.356940,0.235114,0.000000,0.0000
7263.01,-0.442172,0.291321,0.014376,0.0000,-0.356940,0.235114,0.000000,0.0000
7268.34,-0.442735,0.291442,0.014313,0.0000,-0.356940,0.235114,0.000000,0.0000
7273.84,-0.443253,0.291493,0.014233,0.0000,-0.356940,0.235114,0.000000,0.0000
7279.13,-0.443253,0.291493,0.014233,0.0000,-0.356940,0.235114,0.000000,0.0000
7284.49,-0.443738,0.291658,0.014141,0.0000,-0.356940,0.235114,0.000000,0.0000
7290.34,-0.444191,0.291725,0.014060,0.0000,-0.356940,0.235114,0.000000,0.0000
7295.68,-0.444191,0.291725,0.014060,0.0000,-0.356940,0.235114,0.000000,0.0000
7301.21,-0.444570,0.291782,0.014025,0.0000,-0.356940,0.235114,0.000000,0.0000
7306.58,-0.444939,0.291822,0.014004,0.0000,-0.356940,0.235114,0.000000,0.0000
7311.89,-0.444939,0.291822,0.014004,0.0000,-0.356940,0.235114,0.000000,0.0000
7317.30,-0.445222,0.291799,0.013939,0.0000,-0.356940,0.235114,0.000000,0.0000
7322.70,-0.445484,0.291769,0.013912,0.0000,-0.356940,0.235114,0.000000,0.0000
7328.01,-0.445484,0.291769,0.013912,0.0000,-0.356940,0.235114,0.000000,0.0000
7333.35,-0.445660,0.291749,0.013867,0.0000,-0.356940,0.235114,0.000000,0.0000
7338.67,-0.445886,0.291654,0.013812,0.0000,-0.356940,0.235114,0.000000,0.0000
7343.95,-0.445886,0.291654,0.013812,0.0000,-0.356940,0.235114,0.000000,0.0000
7349.31,-0.446049,0.291563,0.013796,0.0000,-0.356940,0.235114,0.000000,0.0000
7354.83,-0.446187,0.291433,0.013781,0.0000,-0.356940,0.235114,0.000000,0.0000
7360.16,-0.446187,0.291433,0.013781,0.0000,-0.356940,0.235114,0.000000,0.0000
7365.49,-0.446275,0.291301,0.013780,0.0000,-0.356940,0.235114,0.000000,0.0000
7370.91,-0.446275,0.291301,0.013780,0.0000,-0.324823,0.205725,0.000000,0.0000
7376.21,-0.446317,0.291119,0.013760,0.0000,-0.324823,0.205725,0.000000,0.0000
7381.54,-0.446433,0.290835,0.013722,0.0000,-0.324823,0.205725,0.000000,0.0000
7386.92,-0.446433,0.290835,0.013722,0.0000,-0.324823,0.205725,0.000000,0.0000
7392.95,-0.446403,0.290603,0.013702,0.0000,-0.324823,0.205725,0.000000,0.0000
7398.28,-0.446349,0.290387,0.013716,0.0000,-0.324823,0.205725,0.000000,0.0000
7403.61,-0.446349,0.290387,0.013716,0.0000,-0.324823,0.205725,0.000000,0.0000
7409.03,-0.446346,0.290061,0.013720,0.0000,-0.324823,0.205725,0.000000,0.0000
7414.40,-0.446208,0.289752,0.013728,0.0000,-0.324823,0.205725,0.000000,0.0000
7419.75,-0.446208,0.289752,0.013728,0.0000,-0.324823,0.205725,0.000000,0.0000
7425.07,-0.446105,0.289477,0.013743,0.0000,-0.324823,0.205725,0.000000,0.0000
7430.44,-0.445965,0.289110,0.013741,0.0000,-0.324823,0.205725,0.000000,0.0000
7435.75,-0.445965,0.289110,0.013741,0.0000,-0.324823,0.205725,0.000000,0.0000
7441.07,-0.445688,0.288754,0.013792,0.0000,-0.324823,0.205725,0.000000,0.0000
7446.39,-0.445572,0.288369,0.013812,0.0000,-0.324823,0.205725,0.000000,0.0000
7451.73,-0.445572,0.288369,0.013812,0.0000,-0.324823,0.205725,0.000000,0.0000
7457.25,-0.445352,0.287954,0.013854,0.0000,-0.324823,0.205725,0.000000,0.0000
7462.60,-0.445352,0.287954,0.013854,0.0000,-0.324823,0.205725,0.000000,0.0000
7467.95,-0.445090,0.287486,0.013926,0.0000,-0.324823,0.205725,0.000000,0.0000
7473.32,-0.444815,0.286975,0.013925,0.0000,-0.324823,0.205725,0.000000,0.0000
7478.66,-0.444815,0.286975,0.013925,0.0000,-0.324823,0.205725,0.000000,0.0000
7483.95,-0.444512,0.286523,0.013944,0.0000,-0.324823,0.205725,0.000000,0.0000
7489.29,-0.444143,0.286026,0.014002,0.0000,-0.324823,0.205725,0.000000,0.0000
7495.08,-0.444143,0.286026,0.014002,0.0000,-0.324823,0.205725,0.000000,0.0000
7500.43,-0.443808,0.285506,0.014034,0.0000,-0.324823,0.205725,0.000000,0.0000
7505.94,-0.443460,0.284876,0.014047,0.0000,-0.324823,0.205725,0.000000,0.0000
7511.28,-0.443460,0.284876,0.014047,0.0000,-0.292705,0.176336,0.000000,0.0000
7516.68,-0.443142,0.284389,0.014101,0.0000,-0.292705,0.176336,0.000000,0.0000
7521.95,-0.442715,0.283771,0.014097,0.0000,-0.292705,0.176336,0.000000,0.0000
7527.40,-0.442715,0.283771,0.014097,0.0000,-0.292705,0.176336,0.000000,0.0000
7532.73,-0.442278,0.283031,0.014107,0.0000,-0.292705,0.176336,0.000000,0.0000
7538.09,-0.441850,0.282477,0.014202,0.0000,-0.292705,0.176336,0.000000,0.0000
7543.54,-0.441850,0.282477,0.014202,0.0000,-0.292705,0.176336,0.000000,0.0000
7548.88,-0.441460,0.281798,0.014207,0.0000,-0.292705,0.176336,0.000000,0.0000
7554.24,-0.441460,0.281798,0.014207,0.0000,-0.292705,0.176336,0.000000,0.0000
7559.59,-0.440965,0.281112,0.014258,0.0000,-0.292705,0.176336,0.000000,0.0000
7565.04,-0.440565,0.280439,0.014319,0.0000,-0.292705,0.176336,0.000000,0.0000
7570.44,-0.440565,0.280439,0.014319,0.0000,-0.292705,0.176336,0.000000,0.0000
7575.85,-0.440076,0.279698,0.014327,0.0000,-0.292705,0.176336,0.000000,0.0000
7581.12,-0.439456,0.279026,0.014389,0.0000,-0.292705,0.176336,0.000000,0.0000
7586.44,-0.439456,0.279026,0.014389,0.0000,-0.292705,0.176336,0.000000,0.0000
7591.80,-0.439049,0.278255,0.014420,0.0000,-0.292705,0.176336,0.000000,0.0000
7597.62,-0.438444,0.277541,0.014469,0.0000,-0.292705,0.176336,0.000000,0.0000
7602.95,-0.438444,0.277541,0.014469,0.0000,-0.292705,0.176336,0.000000,0.0000
7608.27,-0.437981,0.276757,0.014494,0.0000,-0.292705,0.176336,0.000000,0.0000
7613.67,-0.437479,0.275993,0.014511,0.0000,-0.292705,0.176336,0.000000,0.0000
7618.95,-0.437479,0.275993,0.014511,0.0000,-0.292705,0.176336,0.000000,0.0000
7624.26,-0.436871,0.275114,0.014534,0.0000,-0.292705,0.176336,0.000000,0.0000
7629.62,-0.436871,0.275114,0.014534,0.0000,-0.292705,0.176336,0.000000,0.0000
7634.95,-0.436311,0.274361,0.014533,0.0000,-0.292705,0.176336,0.000000,0.0000
7640.35,-0.435766,0.273474,0.014570,0.0000,-0.292705,0.176336,0.000000,0.0000
7645.66,-0.435766,0.273474,0.014570,0.0000,-0.292705,0.176336,0.000000,0.0000
7650.95,-0.435221,0.272581,0.014573,0.0000,-0.292705,0.176336,0.000000,0.0000
7656.29,-0.434673,0.271748,0.014577,0.0000,-0.260588,0.146946,0.000000,0.0000
7661.62,-0.434673,0.271748,0.014577,0.0000,-0.260588,0.146946,0.000000,0.0000
7666.94,-0.434068,0.270754,0.014631,0.0000,-0.260588,0.146946,0.000000,0.0000
7672.61,-0.433459,0.269992,0.014636,0.0000,-0.260588,0.146946,0.000000,0.0000
7677.95,-0.433459,0.269992,0.014636,0.0000,-0.260588,0.146946,0.000000,0.0000
7683.27,-0.432853,0.269013,0.014627,0.0000,-0.260588,0.146946,0.000000,0.0000
7688.67,-0.432280,0.268145,0.014728,0.0000,-0.260588,0.146946,0.000000,0.0000
7693.95,-0.432280,0.268145,0.014728,0.0000,-0.260588,0.146946,0.000000,0.0000
7699.90,-0.431668,0.267217,0.014739,0.0000,-0.260588,0.146946,0.000000,0.0000
7705.26,-0.431089,0.266305,0.014785,0.0000,-0.260588,0.146946,0.000000,0.0000
7710.58,-0.431089,0.266305,0.014785,0.0000,-0.260588,0.146946,0.000000,0.0000
7715.93,-0.430469,0.265373,0.014797,0.0000,-0.260588,0.146946,0.000000,0.0000
7721.25,-0.430469,0.265373,0.014797,0.0000,-0.260588,0.146946,0.000000,0.0000
7726.63,-0.429854,0.264401,0.014783,0.0000,-0.260588,0.146946,0.000000,0.0000
7731.95,-0.429257,0.263499,0.014817,0.0000,-0.260588,0.146946,0.000000,0.0000
7737.28,-0.429257,0.263499,0.014817,0.0000,-0.260588,0.146946,0.000000,0.0000
7742.59,-0.428697,0.262383,0.014820,0.0000,-0.260588,0.146946,0.000000,0.0000
7747.92,-0.428012,0.261482,0.014824,0.0000,-0.260588,0.146946,0.000000,0.0000
7753.29,-0.428012,0.261482,0.014824,0.0000,-0.260588,0.146946,0.000000,0.0000
7758.64,-0.427438,0.260396,0.014806,0.0000,-0.260588,0.146946,0.000000,0.0000
7764.17,-0.426870,0.259527,0.014812,0.0000,-0.260588,0.146946,0.000000,0.0000
7769.48,-0.426870,0.259527,0.014812,0.0000,-0.260588,0.146946,0.000000,0.0000
7774.81,-0.426244,0.258436,0.014775,0.0000,-0.260588,0.146946,0.000000,0.0000
7780.21,-0.425599,0.257598,0.014823,0.0000,-0.260588,0.146946,0.000000,0.0000
7785.55,-0.425599,0.257598,0.014823,0.0000,-0.260588,0.146946,0.000000,0.0000
7791.17,-0.425011,0.256570,0.014782,0.0000,-0.260588,0.146946,0.000000,0.0000
7796.58,-0.424404,0.255560,0.014805,0.0000,-0.260588,0.146946,0.000000,0.0000
7802.58,-0.424404,0.255560,0.014805,0.0000,-0.228470,0.117557,0.000000,0.0000
7808.04,-0.423813,0.254566,0.014835,0.0000,-0.228470,0.117557,0.000000,0.0000
7813.40,-0.423220,0.253519,0.014856,0.0000,-0.228470,0.117557,0.000000,0.0000
7818.73,-0.423220,0.253519,0.014856,0.0000,-0.228470,0.117557,0.000000,0.0000
7824.01,-0.422614,0.252461,0.014833,0.0000,-0.228470,0.117557,0.000000,0.0000
7829.34,-0.422614,0.252461,0.014833,0.0000,-0.228470,0.117557,0.000000,0.0000
7834.70,-0.422035,0.251412,0.014871,0.0000,-0.228470,0.117557,0.000000,0.0000
7840.16,-0.421378,0.250443,0.014875,0.0000,-0.228470,0.117557,0.000000,0.0000
7845.47,-0.421378,0.250443,0.014875,0.0000,-0.228470,0.117557,0.000000,0.0000
7850.82,-0.420898,0.249358,0.014814,0.0000,-0.228470,0.117557,0.000000,0.0000
7856.13,-0.420163,0.248379,0.014852,0.0000,-0.228470,0.117557,0.000000,0.0000
7861.46,-0.420163,0.248379,0.014852,0.0000,-0.228470,0.117557,0.000000,0.0000
7867.38,-0.419582,0.247332,0.014863,0.0000,-0.228470,0.117557,0.000000,0.0000
7872.70,-0.418949,0.246343,0.014904,0.0000,-0.228470,0.117557,0.000000,0.0000
7878.01,-0.418949,0.246343,0.014904,0.0000,-0.228470,0.117557,0.000000,0.0000
7883.94,-0.418296,0.245175,0.014849,0.0000,-0.228470,0.117557,0.000000,0.0000
7889.29,-0.417747,0.244196,0.014841,0.0000,-0.228470,0.117557,0.000000,0.0000
7894.63,-0.417747,0.244196,0.014841,0.0000,-0.228470,0.117557,0.000000,0.0000
7899.95,-0.417195,0.242953,0.014811,0.0000,-0.228470,0.117557,0.000000,0.0000
7905.30,-0.416573,0.241978,0.014755,0.0000,-0.228470,0.117557,0.000000,0.0000
7910.66,-0.416573,0.241978,0.014755,0.0000,-0.228470,0.117557,0.000000,0.0000
7915.95,-0.415895,0.240875,0.014758,0.0000,-0.228470,0.117557,0.000000,0.0000
7921.40,-0.415269,0.239879,0.014692,0.0000,-0.196353,0.088168,0.000000,0.0000
7926.81,-0.415269,0.239879,0.014692,0.0000,-0.196353,0.088168,0.000000,0.0000
7932.14,-0.414603,0.238770,0.014787,0.0000,-0.196353,0.088168,0.000000,0.0000
7937.47,-0.414603,0.238770,0.014787,0.0000,-0.196353,0.088168,0.000000,0.0000
7942.80,-0.413951,0.237696,0.014781,0.0000,-0.196353,0.088168,0.000000,0.0000
7948.18,-0.413357,0.236661,0.014750,0.0000,-0.196353,0.088168,0.000000,0.0000
7953.54,-0.413357,0.236661,0.014750,0.0000,-0.196353,0.088168,0.000000,0.0000
7959.05,-0.412693,0.235533,0.014702,0.0000,-0.196353,0.088168,0.000000,0.0000
7964.44,-0.412076,0.234408,0.014634,0.0000,-0.196353,0.088168,0.000000,0.0000
7969.78,-0.412076,0.234408,0.014634,0.0000,-0.196353,0.088168,0.000000,0.0000
7975.07,-0.411433,0.233403,0.014656,0.0000,-0.196353,0.088168,0.000000,0.0000
7980.41,-0.410682,0.232345,0.014644,0.0000,-0.196353,0.088168,0.000000,0.0000
7986.15,-0.410682,0.232345,0.014644,0.0000,-0.196353,0.088168,0.000000,0.0000
7991.45,-0.410088,0.231197,0.014536,0.0000,-0.196353,0.088168,0.000000,0.0000
7996.80,-0.409348,0.230193,0.014639,0.0000,-0.196353,0.088168,0.000000,0.0000
8002.21,-0.409348,0.230193,0.014639,0.0000,-0.196353,0.088168,0.000000,0.0000
8007.53,-0.408724,0.229067,0.014567,0.0000,-0.196353,0.088168,0.000000,0.0000
8013.14,-0.407965,0.228010,0.014514,0.0000,-0.196353,0.088168,0.000000,0.0000
8018.47,-0.407965,0.228010,0.014514,0.0000,-0.196353,0.088168,0.000000,0.0000
8023.84,-0.407314,0.226991,0.014518,0.0000,-0.196353,0.088168,0.000000,0.0000
8029.14,-0.407314,0.226991,0.014518,0.0000,-0.196353,0.088168,0.000000,0.0000
8034.45,-0.406629,0.225809,0.014450,0.0000,-0.196353,0.088168,0.000000,0.0000
8039.83,-0.405985,0.224700,0.014397,0.0000,-0.196353,0.088168,0.000000,0.0000
8045.14,-0.405985,0.224700,0.014397,0.0000,-0.196353,0.088168,0.000000,0.0000
8050.47,-0.405209,0.223541,0.014407,0.0000,-0.196353,0.088168,0.000000,0.0000
8055.82,-0.404432,0.222487,0.014426,0.0000,-0.196353,0.088168,0.000000,0.0000
8061.12,-0.404432,0.222487,0.014426,0.0000,-0.196353,0.088168,0.000000,0.0000
8066.73,-0.403688,0.221362,0.014429,0.0000,-0.164235,0.058779,0.000000,0.0000
8072.01,-0.402947,0.220319,0.014429,0.0000,-0.164235,0.058779,0.000000,0.0000
8077.33,-0.402947,0.220319,0.014429,0.0000,-0.164235,0.058779,0.000000,0.0000
8082.69,-0.402216,0.219216,0.014403,0.0000,-0.164235,0.058779,0.000000,0.0000
8088.43,-0.401343,0.218122,0.014464,0.0000,-0.164235,0.058779,0.000000,0.0000
8093.76,-0.401343,0.218122,0.014464,0.0000,-0.164235,0.058779,0.000000,0.0000
8099.07,-0.400639,0.217034,0.014429,0.0000,-0.164235,0.058779,0.000000,0.0000
8104.41,-0.400639,0.217034,0.014429,0.0000,-0.164235,0.058779,0.000000,0.0000
8109.72,-0.399797,0.215922,0.014468,0.0000,-0.164235,0.058779,0.000000,0.0000
8115.01,-0.399026,0.214735,0.014485,0.0000,-0.164235,0.058779,0.000000,0.0000
8120.37,-0.399026,0.214735,0.014485,0.0000,-0.164235,0.058779,0.000000,0.0000
8125.74,-0.398243,0.213579,0.014451,0.0000,-0.164235,0.058779,0.000000,0.0000
8131.06,-0.397388,0.212455,0.014558,0.0000,-0.164235,0.058779,0.000000,0.0000
8136.40,-0.397388,0.212455,0.014558,0.0000,-0.164235,0.058779,0.000000,0.0000
8141.72,-0.396589,0.211299,0.014498,0.0000,-0.164235,0.058779,0.000000,0.0000
8147.07,-0.395707,0.210090,0.014549,0.0000,-0.164235,0.058779,0.000000,0.0000
8152.41,-0.395707,0.210090,0.014549,0.0000,-0.164235,0.058779,0.000000,0.0000
8157.93,-0.394847,0.208983,0.014648,0.0000,-0.164235,0.058779,0.000000,0.0000
8163.30,-0.393887,0.207829,0.014723,0.0000,-0.164235,0.058779,0.000000,0.0000
8168.64,-0.393887,0.207829,0.014723,0.0000,-0.164235,0.058779,0.000000,0.0000
8173.95,-0.393007,0.206659,0.014767,0.0000,-0.164235,0.058779,0.000000,0.0000
8179.27,-0.393007,0.206659,0.014767,0.0000,-0.164235,0.058779,0.000000,0.0000
8184.64,-0.392161,0.205504,0.014782,0.0000,-0.164235,0.058779,0.000000,0.0000
8189.64,-0.391224,0.204296,0.014816,0.0000,-0.164235,0.058779,0.000000,0.0000
8194.96,-0.391224,0.204296,0.014816,0.0000,-0.164235,0.058779,0.000000,0.0000
8200.27,-0.390210,0.203122,0.014928,0.0000,-0.164235,0.058779,0.000000,0.0000
8205.75,-0.389339,0.201885,0.015002,0.0000,-0.132118,0.029389,0.000000,0.0000
8211.07,-0.389339,0.201885,0.015002,0.0000,-0.132118,0.029389,0.000000,0.0000
8216.40,-0.388397,0.200782,0.015056,0.0000,-0.132118,0.029389,0.000000,0.0000
8221.73,-0.388397,0.200782,0.015056,0.0000,-0.132118,0.029389,0.000000,0.0000
8227.07,-0.387363,0.199522,0.015098,0.0000,-0.132118,0.029389,0.000000,0.0000
8232.43,-0.386482,0.198309,0.015116,0.0000,-0.132118,0.029389,0.000000,0.0000
8237.77,-0.386482,0.198309,0.015116,0.0000,-0.132118,0.029389,0.000000,0.0000
8243.10,-0.385457,0.197108,0.015242,0.0000,-0.132118,0.029389,0.000000,0.0000
8248.47,-0.384394,0.195839,0.015304,0.0000,-0.132118,0.029389,0.000000,0.0000
8253.79,-0.384394,0.195839,0.015304,0.0000,-0.132118,0.029389,0.000000,0.0000
8259.13,-0.383415,0.194614,0.015315,0.0000,-0.132118,0.029389,0.000000,0.0000
8264.50,-0.382390,0.193386,0.015429,0.0000,-0.132118,0.029389,0.000000,0.0000
8269.92,-0.382390,0.193386,0.015429,0.0000,-0.132118,0.029389,0.000000,0.0000
8275.27,-0.381187,0.192175,0.015506,0.0000,-0.132118,0.029389,0.000000,0.0000
8280.59,-0.380151,0.190934,0.015566,0.0000,-0.132118,0.029389,0.000000,0.0000
8285.96,-0.380151,0.190934,0.015566,0.0000,-0.132118,0.029389,0.000000,0.0000
8291.95,-0.378951,0.189719,0.015763,0.0000,-0.132118,0.029389,0.000000,0.0000
8297.44,-0.377912,0.188457,0.015777,0.0000,-0.132118,0.029389,0.000000,0.0000
8302.78,-0.377912,0.188457,0.015777,0.0000,-0.132118,0.029389,0.000000,0.0000
8308.09,-0.376815,0.187194,0.015729,0.0000,-0.132118,0.029389,0.000000,0.0000
8313.40,-0.376815,0.187194,0.015729,0.0000,-0.132118,0.029389,0.000000,0.0000
8318.91,-0.375651,0.185885,0.015825,0.0000,-0.132118,0.029389,0.000000,0.0000
8324.19,-0.374426,0.184605,0.015950,0.0000,-0.132118,0.029389,0.000000,0.0000
8329.56,-0.374426,0.184605,0.015950,0.0000,-0.132118,0.029389,0.000000,0.0000
8334.91,-0.373287,0.183385,0.016020,0.0000,-0.132118,0.029389,0.000000,0.0000
8340.32,-0.372078,0.182074,0.016044,0.0000,-0.132118,0.029389,0.000000,0.0000
8345.67,-0.372078,0.182074,0.016044,0.0000,-0.132118,0.029389,0.000000,0.0000
8351.01,-0.370827,0.180767,0.016083,0.0000,-0.100000,0.000000,0.000000,0.0000
8356.39,-0.369677,0.179507,0.016149,0.0000,-0.100000,0.000000,0.000000,0.0000
8361.72,-0.369677,0.179507,0.016149,0.0000,-0.100000,0.000000,0.000000,0.0000
8367.31,-0.368387,0.178231,0.016260,0.0000,-0.100000,0.000000,0.000000,0.0000
8372.72,-0.367140,0.176953,0.016385,0.0000,-0.100000,0.000000,0.000000,0.0000
8378.01,-0.367140,0.176953,0.016385,0.0000,-0.100000,0.000000,0.000000,0.0000
8383.35,-0.365924,0.175722,0.016429,0.0000,-0.100000,0.000000,0.000000,0.0000
8388.67,-0.364635,0.174397,0.016448,0.0000,-0.100000,0.000000,0.000000,0.0000
8394.43,-0.364635,0.174397,0.016448,0.0000,-0.100000,0.000000,0.000000,0.0000
8399.76,-0.363331,0.173096,0.016583,0.0000,-0.100000,0.000000,0.000000,0.0000
8405.20,-0.363331,0.173096,0.016583,0.0000,-0.100000,0.000000,0.000000,0.0000
8410.84,-0.362050,0.171711,0.016638,0.0000,-0.100000,0.000000,0.000000,0.0000
8416.29,-0.360733,0.170480,0.016623,0.0000,-0.100000,0.000000,0.000000,0.0000
8421.61,-0.360733,0.170480,0.016623,0.0000,-0.100000,0.000000,0.000000,0.0000
8426.94,-0.359463,0.169108,0.016667,0.0000,-0.100000,0.000000,0.000000,0.0000
8432.31,-0.358073,0.167802,0.016744,0.0000,-0.100000,0.000000,0.000000,0.0000
8437.65,-0.358073,0.167802,0.016744,0.0000,-0.100000,0.000000,0.000000,0.0000
8442.95,-0.356780,0.166437,0.016771,0.0000,-0.100000,0.000000,0.000000,0.0000
8448.50,-0.355378,0.165255,0.016836,0.0000,-0.100000,0.000000,0.000000,0.0000
8453.87,-0.355378,0.165255,0.016836,0.0000,-0.100000,0.000000,0.000000,0.0000
8459.19,-0.354017,0.163815,0.016860,0.0000,-0.100000,0.000000,0.000000,0.0000
8464.51,-0.352542,0.162540,0.016861,0.0000,-0.100000,0.000000,0.000000,0.0000
8469.83,-0.352542,0.162540,0.016861,0.0000,-0.100000,0.000000,0.000000,0.0000
8475.74,-0.351188,0.161202,0.016939,0.0000,-0.100000,0.000000,0.000000,0.0000
8481.04,-0.349721,0.159926,0.016974,0.0000,-0.100000,0.000000,0.000000,0.0000
8486.36,-0.349721,0.159926,0.016974,0.0000,-0.100000,0.000000,0.000000,0.0000
8491.69,-0.348270,0.158544,0.016961,0.0000,-0.132118,-0.029389,0.000000,0.0000
8497.01,-0.348270,0.158544,0.016961,0.0000,-0.132118,-0.029389,0.000000,0.0000
8502.33,-0.346801,0.157268,0.016993,0.0000,-0.132118,-0.029389,0.000000,0.0000
8507.91,-0.345350,0.155901,0.017047,0.0000,-0.132118,-0.029389,0.000000,0.0000
8513.20,-0.345350,0.155901,0.017047,0.0000,-0.132118,-0.029389,0.000000,0.0000
8518.64,-0.343842,0.154624,0.017100,0.0000,-0.132118,-0.029389,0.000000,0.0000
8523.95,-0.342414,0.153351,0.017070,0.0000,-0.132118,-0.029389,0.000000,0.0000
8529.28,-0.342414,0.153351,0.017070,0.0000,-0.132118,-0.029389,0.000000,0.0000
8534.64,-0.340927,0.151965,0.016996,0.0000,-0.132118,-0.029389,0.000000,0.0000
8540.21,-0.339413,0.150610,0.016992,0.0000,-0.132118,-0.029389,0.000000,0.0000
8545.52,-0.339413,0.150610,0.016992,0.0000,-0.132118,-0.029389,0.000000,0.0000
8550.94,-0.337905,0.149314,0.017016,0.0000,-0.132118,-0.029389,0.000000,0.0000
8556.28,-0.336432,0.148066,0.016979,0.0000,-0.132118,-0.029389,0.000000,0.0000
8561.63,-0.336432,0.148066,0.016979,0.0000,-0.132118,-0.029389,0.000000,0.0000
8567.00,-0.334944,0.146718,0.016944,0.0000,-0.132118,-0.029389,0.000000,0.0000
8572.45,-0.333431,0.145381,0.016918,0.0000,-0.132118,-0.029389,0.000000,0.0000
8578.44,-0.333431,0.145381,0.016918,0.0000,-0.132118,-0.029389,0.000000,0.0000
8583.77,-0.331871,0.143944,0.016879,0.0000,-0.132118,-0.029389,0.000000,0.0000
8589.14,-0.330324,0.142639,0.016902,0.0000,-0.132118,-0.029389,0.000000,0.0000
8594.47,-0.330324,0.142639,0.016902,0.0000,-0.132118,-0.029389,0.000000,0.0000
8599.80,-0.328863,0.141325,0.016957,0.0000,-0.132118,-0.029389,0.000000,0.0000
8605.07,-0.328863,0.141325,0.016957,0.0000,-0.132118,-0.029389,0.000000,0.0000
8610.40,-0.327342,0.139940,0.016872,0.0000,-0.132118,-0.029389,0.000000,0.0000
8615.73,-0.325869,0.138554,0.016822,0.0000,-0.164235,-0.058779,0.000000,0.0000
8621.01,-0.325869,0.138554,0.016822,0.0000,-0.164235,-0.058779,0.000000,0.0000
8626.49,-0.324316,0.137272,0.016899,0.0000,-0.164235,-0.058779,0.000000,0.0000
8632.01,-0.322945,0.135931,0.016909,0.0000,-0.164235,-0.058779,0.000000,0.0000
8637.33,-0.322945,0.135931,0.016909,0.0000,-0.164235,-0.058779,0.000000,0.0000
8642.65,-0.321351,0.134583,0.016835,0.0000,-0.164235,-0.058779,0.000000,0.0000
8647.97,-0.319969,0.133203,0.016783,0.0000,-0.164235,-0.058779,0.000000,0.0000
8653.29,-0.319969,0.133203,0.016783,0.0000,-0.164235,-0.058779,0.000000,0.0000
8658.69,-0.318421,0.131975,0.016832,0.0000,-0.164235,-0.058779,0.000000,0.0000
8664.06,-0.317044,0.130614,0.016869,0.0000,-0.164235,-0.058779,0.000000,0.0000
8669.40,-0.317044,0.130614,0.016869,0.0000,-0.164235,-0.058779,0.000000,0.0000
8674.77,-0.315572,0.129266,0.016840,0.0000,-0.164235,-0.058779,0.000000,0.0000
8680.59,-0.314164,0.127862,0.016835,0.0000,-0.164235,-0.058779,0.000000,0.0000
8685.98,-0.314164,0.127862,0.016835,0.0000,-0.164235,-0.058779,0.000000,0.0000
8691.33,-0.312824,0.126548,0.016812,0.0000,-0.164235,-0.058779,0.000000,0.0000
8696.67,-0.311412,0.125098,0.016737,0.0000,-0.164235,-0.058779,0.000000,0.0000
8701.95,-0.311412,0.125098,0.016737,0.0000,-0.164235,-0.058779,0.000000,0.0000
8707.27,-0.310057,0.123861,0.016830,0.0000,-0.164235,-0.058779,0.000000,0.0000
8712.64,-0.310057,0.123861,0.016830,0.0000,-0.164235,-0.058779,0.000000,0.0000
8718.01,-0.308737,0.122425,0.016825,0.0000,-0.164235,-0.058779,0.000000,0.0000
8723.56,-0.307448,0.121010,0.016749,0.0000,-0.164235,-0.058779,0.000000,0.0000
8728.95,-0.307448,0.121010,0.016749,0.0000,-0.164235,-0.058779,0.000000,0.0000
8734.37,-0.306155,0.119594,0.016674,0.0000,-0.164235,-0.058779,0.000000,0.0000
8739.72,-0.304837,0.118132,0.016660,0.0000,-0.164235,-0.058779,0.000000,0.0000
8745.01,-0.304837,0.118132,0.016660,0.0000,-0.164235,-0.058779,0.000000,0.0000
8750.61,-0.303521,0.116724,0.016640,0.0000,-0.164235,-0.058779,0.000000,0.0000
8755.95,-0.302341,0.115264,0.016657,0.0000,-0.164235,-0.058779,0.000000,0.0000
8761.29,-0.302341,0.115264,0.016657,0.0000,-0.196353,-0.088168,0.000000,0.0000
8766.61,-0.301006,0.113948,0.016661,0.0000,-0.196353,-0.088168,0.000000,0.0000
8771.93,-0.299866,0.112513,0.016689,0.0000,-0.196353,-0.088168,0.000000,0.0000
8777.25,-0.299866,0.112513,0.016689,0.0000,-0.196353,-0.088168,0.000000,0.0000
8783.14,-0.298707,0.111156,0.016682,0.0000,-0.196353,-0.088168,0.000000,0.0000
8788.51,-0.297617,0.109663,0.016695,0.0000,-0.196353,-0.088168,0.000000,0.0000
8793.83,-0.297617,0.109663,0.016695,0.0000,-0.196353,-0.088168,0.000000,0.0000
8799.22,-0.296531,0.108300,0.016637,0.0000,-0.196353,-0.088168,0.000000,0.0000
8804.76,-0.295559,0.106798,0.016570,0.0000,-0.196353,-0.088168,0.000000,0.0000
8810.21,-0.295559,0.106798,0.016570,0.0000,-0.196353,-0.088168,0.000000,0.0000
8815.53,-0.294511,0.105266,0.016501,0.0000,-0.196353,-0.088168,0.000000,0.0000
8820.86,-0.294511,0.105266,0.016501,0.0000,-0.196353,-0.088168,0.000000,0.0000
8826.20,-0.293481,0.103956,0.016592,0.0000,-0.196353,-0.088168,0.000000,0.0000
8831.53,-0.292528,0.102562,0.016620,0.0000,-0.196353,-0.088168,0.000000,0.0000
8836.85,-0.292528,0.102562,0.016620,0.0000,-0.196353,-0.088168,0.000000,0.0000
8842.38,-0.291625,0.100936,0.016549,0.0000,-0.196353,-0.088168,0.000000,0.0000
8847.74,-0.290749,0.099609,0.016595,0.0000,-0.196353,-0.088168,0.000000,0.0000
8853.07,-0.290749,0.099609,0.016595,0.0000,-0.196353,-0.088168,0.000000,0.0000
8858.38,-0.289839,0.098244,0.016602,0.0000,-0.196353,-0.088168,0.000000,0.0000
8863.74,-0.289118,0.096598,0.016471,0.0000,-0.196353,-0.088168,0.000000,0.0000
8869.47,-0.289118,0.096598,0.016471,0.0000,-0.196353,-0.088168,0.000000,0.0000
8874.82,-0.288308,0.095296,0.016585,0.0000,-0.196353,-0.088168,0.000000,0.0000
8880.16,-0.287650,0.093658,0.016529,0.0000,-0.196353,-0.088168,0.000000,0.0000
8886.05,-0.287650,0.093658,0.016529,0.0000,-0.196353,-0.088168,0.000000,0.0000
8891.42,-0.286839,0.092174,0.016526,0.0000,-0.196353,-0.088168,0.000000,0.0000
8896.74,-0.286225,0.090689,0.016548,0.0000,-0.196353,-0.088168,0.000000,0.0000
8902.10,-0.286225,0.090689,0.016548,0.0000,-0.228470,-0.117557,0.000000,0.0000
8907.43,-0.285585,0.089252,0.016542,0.0000,-0.228470,-0.117557,0.000000,0.0000
8912.76,-0.285585,0.089252,0.016542,0.0000,-0.228470,-0.117557,0.000000,0.0000
8918.07,-0.284990,0.087710,0.016492,0.0000,-0.228470,-0.117557,0.000000,0.0000
8923.58,-0.284432,0.086192,0.016528,0.0000,-0.228470,-0.117557,0.000000,0.0000
8928.90,-0.284432,0.086192,0.016528,0.0000,-0.228470,-0.117557,0.000000,0.0000
8934.22,-0.283846,0.084887,0.016651,0.0000,-0.228470,-0.117557,0.000000,0.0000
8939.55,-0.283342,0.083224,0.016628,0.0000,-0.228470,-0.117557,0.000000,0.0000
8944.91,-0.283342,0.083224,0.016628,0.0000,-0.228470,-0.117557,0.000000,0.0000
8950.21,-0.282996,0.081913,0.016678,0.0000,-0.228470,-0.117557,0.000000,0.0000
8955.84,-0.282524,0.080203,0.016614,0.0000,-0.228470,-0.117557,0.000000,0.0000
8961.15,-0.282524,0.080203,0.016614,0.0000,-0.228470,-0.117557,0.000000,0.0000
8966.70,-0.282157,0.078684,0.016540,0.0000,-0.228470,-0.117557,0.000000,0.0000
8972.01,-0.281774,0.077202,0.016505,0.0000,-0.228470,-0.117557,0.000000,0.0000
8977.39,-0.281774,0.077202,0.016505,0.0000,-0.228470,-0.117557,0.000000,0.0000
8982.71,-0.281358,0.075651,0.016559,0.0000,-0.228470,-0.117557,0.000000,0.0000
8988.38,-0.281196,0.074114,0.016564,0.0000,-0.228470,-0.117557,0.000000,0.0000
8993.75,-0.281196,0.074114,0.016564,0.0000,-0.228470,-0.117557,0.000000,0.0000
8999.10,-0.280918,0.072549,0.016458,0.0000,-0.228470,-0.117557,0.000000,0.0000
9004.43,-0.280918,0.072549,0.016458,0.0000,-0.228470,-0.117557,0.000000,0.0000
9009.75,-0.280687,0.070965,0.016489,0.0000,-0.228470,-0.117557,0.000000,0.0000
9015.26,-0.280481,0.069631,0.016626,0.0000,-0.228470,-0.117557,0.000000,0.0000
9020.72,-0.280481,0.069631,0.016626,0.0000,-0.228470,-0.117557,0.000000,0.0000
9026.08,-0.280293,0.067945,0.016458,0.0000,-0.228470,-0.117557,0.000000,0.0000
9031.41,-0.280322,0.066350,0.016434,0.0000,-0.228470,-0.117557,0.000000,0.0000
9036.73,-0.280322,0.066350,0.016434,0.0000,-0.228470,-0.117557,0.000000,0.0000
9042.05,-0.280197,0.064806,0.016434,0.0000,-0.228470,-0.117557,0.000000,0.0000
9047.42,-0.280137,0.063242,0.016434,0.0000,-0.260588,-0.146946,0.000000,0.0000
9052.79,-0.280137,0.063242,0.016434,0.0000,-0.260588,-0.146946,0.000000,0.0000
9058.11,-0.280010,0.061752,0.016375,0.0000,-0.260588,-0.146946,0.000000,0.0000
9063.43,-0.280037,0.060132,0.016371,0.0000,-0.260588,-0.146946,0.000000,0.0000
9068.95,-0.280037,0.060132,0.016371,0.0000,-0.260588,-0.146946,0.000000,0.0000
9074.57,-0.280062,0.058603,0.016390,0.0000,-0.260588,-0.146946,0.000000,0.0000
9079.95,-0.280157,0.057039,0.016396,0.0000,-0.260588,-0.146946,0.000000,0.0000
9085.27,-0.280157,0.057039,0.016396,0.0000,-0.260588,-0.146946,0.000000,0.0000
9091.30,-0.280205,0.055475,0.016325,0.0000,-0.260588,-0.146946,0.000000,0.0000
9096.63,-0.280312,0.053864,0.016317,0.0000,-0.260588,-0.146946,0.000000,0.0000
9101.95,-0.280312,0.053864,0.016317,0.0000,-0.260588,-0.146946,0.000000,0.0000
9107.30,-0.280435,0.052282,0.016299,0.0000,-0.260588,-0.146946,0.000000,0.0000
9112.62,-0.280435,0.052282,0.016299,0.0000,-0.260588,-0.146946,0.000000,0.0000
9117.95,-0.280575,0.050714,0.016319,0.0000,-0.260588,-0.146946,0.000000,0.0000
9123.42,-0.280774,0.049125,0.016302,0.0000,-0.260588,-0.146946,0.000000,0.0000
9128.77,-0.280774,0.049125,0.016302,0.0000,-0.260588,-0.146946,0.000000,0.0000
9134.15,-0.280914,0.047525,0.016232,0.0000,-0.260588,-0.146946,0.000000,0.0000
9139.47,-0.281221,0.046004,0.016245,0.0000,-0.260588,-0.146946,0.000000,0.0000
9144.79,-0.281221,0.046004,0.016245,0.0000,-0.260588,-0.146946,0.000000,0.0000
9150.14,-0.281458,0.044326,0.016258,0.0000,-0.260588,-0.146946,0.000000,0.0000
9155.46,-0.281730,0.042770,0.016196,0.0000,-0.260588,-0.146946,0.000000,0.0000
9160.82,-0.281730,0.042770,0.016196,0.0000,-0.260588,-0.146946,0.000000,0.0000
9166.18,-0.282080,0.041169,0.016191,0.0000,-0.260588,-0.146946,0.000000,0.0000
9171.57,-0.282369,0.039640,0.016211,0.0000,-0.292705,-0.176336,0.000000,0.0000
9176.91,-0.282369,0.039640,0.016211,0.0000,-0.292705,-0.176336,0.000000,0.0000
9182.24,-0.282765,0.037988,0.016161,0.0000,-0.292705,-0.176336,0.000000,0.0000
9187.62,-0.282765,0.037988,0.016161,0.0000,-0.292705,-0.176336,0.000000,0.0000
9193.47,-0.283100,0.036444,0.016110,0.0000,-0.292705,-0.176336,0.000000,0.0000
9198.81,-0.283497,0.034847,0.016129,0.0000,-0.292705,-0.176336,0.000000,0.0000
9204.13,-0.283497,0.034847,0.016129,0.0000,-0.292705,-0.176336,0.000000,0.0000
9209.45,-0.283877,0.033206,0.016072,0.0000,-0.292705,-0.176336,0.000000,0.0000
9214.86,-0.284381,0.031621,0.016045,0.0000,-0.292705,-0.176336,0.000000,0.0000
9220.19,-0.284381,0.031621,0.016045,0.0000,-0.292705,-0.176336,0.000000,0.0000
9225.52,-0.284781,0.029952,0.016086,0.0000,-0.292705,-0.176336,0.000000,0.0000
9230.88,-0.285147,0.028389,0.016024,0.0000,-0.292705,-0.176336,0.000000,0.0000
9236.19,-0.285147,0.028389,0.016024,0.0000,-0.292705,-0.176336,0.000000,0.0000
9241.65,-0.285721,0.026711,0.015940,0.0000,-0.292705,-0.176336,0.000000,0.0000
9246.95,-0.286182,0.025139,0.015935,0.0000,-0.292705,-0.176336,0.000000,0.0000
9252.32,-0.286182,0.025139,0.015935,0.0000,-0.292705,-0.176336,0.000000,0.0000
9257.67,-0.286718,0.023508,0.015930,0.0000,-0.292705,-0.176336,0.000000,0.0000
9262.99,-0.287266,0.021885,0.015874,0.0000,-0.292705,-0.176336,0.000000,0.0000
9268.36,-0.287266,0.021885,0.015874,0.0000,-0.292705,-0.176336,0.000000,0.0000
9273.79,-0.287800,0.020277,0.015861,0.0000,-0.292705,-0.176336,0.000000,0.0000
9279.13,-0.287800,0.020277,0.015861,0.0000,-0.292705,-0.176336,0.000000,0.0000
9284.46,-0.288372,0.018614,0.015850,0.0000,-0.292705,-0.176336,0.000000,0.0000
9289.79,-0.288915,0.016998,0.015809,0.0000,-0.292705,-0.176336,0.000000,0.0000
9295.20,-0.288915,0.016998,0.015809,0.0000,-0.292705,-0.176336,0.000000,0.0000
9300.72,-0.289500,0.015332,0.015781,0.0000,-0.292705,-0.176336,0.000000,0.0000
9306.01,-0.290147,0.013672,0.015730,0.0000,-0.292705,-0.176336,0.000000,0.0000
9311.38,-0.290147,0.013672,0.015730,0.0000,-0.324823,-0.205725,0.000000,0.0000
9316.73,-0.290757,0.011994,0.015734,0.0000,-0.324823,-0.205725,0.000000,0.0000
9322.01,-0.291388,0.010337,0.015693,0.0000,-0.324823,-0.205725,0.000000,0.0000
9327.33,-0.291388,0.010337,0.015693,0.0000,-0.324823,-0.205725,0.000000,0.0000
9332.89,-0.292042,0.008668,0.015630,0.0000,-0.324823,-0.205725,0.000000,0.0000
9338.20,-0.292695,0.007004,0.015643,0.0000,-0.324823,-0.205725,0.000000,0.0000
9343.55,-0.292695,0.007004,0.015643,0.0000,-0.324823,-0.205725,0.000000,0.0000
9348.88,-0.293334,0.005392,0.015635,0.0000,-0.324823,-0.205725,0.000000,0.0000
9354.20,-0.293334,0.005392,0.015635,0.0000,-0.324823,-0.205725,0.000000,0.0000
9359.56,-0.294037,0.003697,0.015533,0.0000,-0.324823,-0.205725,0.000000,0.0000
9365.21,-0.294740,0.002015,0.015483,0.0000,-0.324823,-0.205725,0.000000,0.0000
9370.56,-0.294740,0.002015,0.015483,0.0000,-0.324823,-0.205725,0.000000,0.0000
9375.92,-0.295438,0.000370,0.015535,0.0000,-0.324823,-0.205725,0.000000,0.0000
9381.25,-0.296244,-0.001344,0.015394,0.0000,-0.324823,-0.205725,0.000000,0.0000
9386.57,-0.296244,-0.001344,0.015394,0.0000,-0.324823,-0.205725,0.000000,0.0000
9391.88,-0.296908,-0.003016,0.015373,0.0000,-0.324823,-0.205725,0.000000,0.0000
9397.42,-0.297698,-0.004712,0.015404,0.0000,-0.324823,-0.205725,0.000000,0.0000
9402.78,-0.297698,-0.004712,0.015404,0.0000,-0.324823,-0.205725,0.000000,0.0000
9408.14,-0.298405,-0.006428,0.015290,0.0000,-0.324823,-0.205725,0.000000,0.0000
9413.51,-0.299229,-0.008087,0.015297,0.0000,-0.324823,-0.205725,0.000000,0.0000
9418.84,-0.299229,-0.008087,0.015297,0.0000,-0.324823,-0.205725,0.000000,0.0000
9424.13,-0.300029,-0.009826,0.015295,0.0000,-0.324823,-0.205725,0.000000,0.0000
9429.45,-0.300029,-0.009826,0.015295,0.0000,-0.324823,-0.205725,0.000000,0.0000
9434.79,-0.300812,-0.011508,0.015250,0.0000,-0.324823,-0.205725,0.000000,0.0000
9440.18,-0.301625,-0.013227,0.015214,0.0000,-0.324823,-0.205725,0.000000,0.0000
9445.50,-0.301625,-0.013227,0.015214,0.0000,-0.324823,-0.205725,0.000000,0.0000
9450.87,-0.302427,-0.014945,0.015173,0.0000,-0.324823,-0.205725,0.000000,0.0000
9456.20,-0.303270,-0.016666,0.015164,0.0000,-0.356940,-0.235114,0.000000,0.0000
9461.55,-0.303270,-0.016666,0.015164,0.0000,-0.356940,-0.235114,0.000000,0.0000
9466.92,-0.304061,-0.018413,0.015127,0.0000,-0.356940,-0.235114,0.000000,0.0000
9472.55,-0.304952,-0.020118,0.015095,0.0000,-0.356940,-0.235114,0.000000,0.0000
9477.92,-0.304952,-0.020118,0.015095,0.0000,-0.356940,-0.235114,0.000000,0.0000
9483.28,-0.305751,-0.021849,0.015116,0.0000,-0.356940,-0.235114,0.000000,0.0000
9488.72,-0.306611,-0.023572,0.015026,0.0000,-0.356940,-0.235114,0.000000,0.0000
9494.09,-0.306611,-0.023572,0.015026,0.0000,-0.356940,-0.235114,0.000000,0.0000
9500.07,-0.307418,-0.025303,0.015022,0.0000,-0.356940,-0.235114,0.000000,0.0000
9505.39,-0.308302,-0.027066,0.015034,0.0000,-0.356940,-0.235114,0.000000,0.0000
9510.71,-0.308302,-0.027066,0.015034,0.0000,-0.356940,-0.235114,0.000000,0.0000
9516.03,-0.309081,-0.028864,0.014966,0.0000,-0.356940,-0.235114,0.000000,0.0000
9521.44,-0.310027,-0.030564,0.014977,0.0000,-0.356940,-0.235114,0.000000,0.0000
9526.80,-0.310027,-0.030564,0.014977,0.0000,-0.356940,-0.235114,0.000000,0.0000
9532.20,-0.310888,-0.032313,0.014994,0.0000,-0.356940,-0.235114,0.000000,0.0000
9537.58,-0.310888,-0.032313,0.014994,0.0000,-0.356940,-0.235114,0.000000,0.0000
9542.90,-0.311806,-0.034035,0.014938,0.0000,-0.356940,-0.235114,0.000000,0.0000
9548.19,-0.312666,-0.035814,0.014943,0.0000,-0.356940,-0.235114,0.000000,0.0000
9553.52,-0.312666,-0.035814,0.014943,0.0000,-0.356940,-0.235114,0.000000,0.0000
9559.04,-0.313559,-0.037613,0.014962,0.0000,-0.356940,-0.235114,0.000000,0.0000
9564.36,-0.314494,-0.039354,0.014935,0.0000,-0.356940,-0.235114,0.000000,0.0000
9569.67,-0.314494,-0.039354,0.014935,0.0000,-0.356940,-0.235114,0.000000,0.0000
9575.01,-0.315418,-0.041177,0.014886,0.0000,-0.356940,-0.235114,0.000000,0.0000
9580.47,-0.316376,-0.042946,0.014851,0.0000,-0.356940,-0.235114,0.000000,0.0000
9585.81,-0.316376,-0.042946,0.014851,0.0000,-0.356940,-0.235114,0.000000,0.0000
9591.53,-0.317230,-0.044733,0.014846,0.0000,-0.356940,-0.235114,0.000000,0.0000
9596.85,-0.318222,-0.046539,0.014809,0.0000,-0.356940,-0.235114,0.000000,0.0000
9602.79,-0.318222,-0.046539,0.014809,0.0000,-0.389058,-0.264503,0.000000,0.0000
9608.09,-0.319126,-0.048331,0.014830,0.0000,-0.389058,-0.264503,0.000000,0.0000
9613.48,-0.320100,-0.050179,0.014726,0.0000,-0.389058,-0.264503,0.000000,0.0000
9618.83,-0.320100,-0.050179,0.014726,0.0000,-0.389058,-0.264503,0.000000,0.0000
9624.13,-0.320971,-0.051946,0.014669,0.0000,-0.389058,-0.264503,0.000000,0.0000
9629.48,-0.320971,-0.051946,0.014669,0.0000,-0.389058,-0.264503,0.000000,0.0000
9634.80,-0.321936,-0.053815,0.014684,0.0000,-0.389058,-0.264503,0.000000,0.0000
9640.14,-0.322880,-0.055637,0.014603,0.0000,-0.389058,-0.264503,0.000000,0.0000
9645.45,-0.322880,-0.055637,0.014603,0.0000,-0.389058,-0.264503,0.000000,0.0000
9650.76,-0.323858,-0.057413,0.014556,0.0000,-0.389058,-0.264503,0.000000,0.0000
9656.09,-0.324798,-0.059251,0.014541,0.0000,-0.389058,-0.264503,0.000000,0.0000
9661.41,-0.324798,-0.059251,0.014541,0.0000,-0.389058,-0.264503,0.000000,0.0000
9666.76,-0.325748,-0.061037,0.014526,0.0000,-0.389058,-0.264503,0.000000,0.0000
9672.07,-0.326733,-0.062892,0.014443,0.0000,-0.389058,-0.264503,0.000000,0.0000
9677.54,-0.326733,-0.062892,0.014443,0.0000,-0.389058,-0.264503,0.000000,0.0000
9682.95,-0.327756,-0.064743,0.014455,0.0000,-0.389058,-0.264503,0.000000,0.0000
9688.28,-0.328755,-0.066601,0.014420,0.0000,-0.389058,-0.264503,0.000000,0.0000
9693.61,-0.328755,-0.066601,0.014420,0.0000,-0.389058,-0.264503,0.000000,0.0000
9698.93,-0.329710,-0.068478,0.014373,0.0000,-0.389058,-0.264503,0.000000,0.0000
9704.89,-0.330719,-0.070297,0.014384,0.0000,-0.389058,-0.264503,0.000000,0.0000
9710.18,-0.330719,-0.070297,0.014384,0.0000,-0.389058,-0.264503,0.000000,0.0000
9715.52,-0.331721,-0.072236,0.014324,0.0000,-0.389058,-0.264503,0.000000,0.0000
9720.85,-0.331721,-0.072236,0.014324,0.0000,-0.389058,-0.264503,0.000000,0.0000
9726.27,-0.332781,-0.074062,0.014310,0.0000,-0.389058,-0.264503,0.000000,0.0000
9731.90,-0.333667,-0.075952,0.014269,0.0000,-0.389058,-0.264503,0.000000,0.0000
9737.24,-0.333667,-0.075952,0.014269,0.0000,-0.389058,-0.264503,0.000000,0.0000
9742.62,-0.334776,-0.077842,0.014298,0.0000,-0.421175,-0.293893,0.000000,0.0000
9748.02,-0.335805,-0.079766,0.014167,0.0000,-0.421175,-0.293893,0.000000,0.0000
9753.34,-0.335805,-0.079766,0.014167,0.0000,-0.421175,-0.293893,0.000000,0.0000
9758.91,-0.336807,-0.081580,0.014160,0.0000,-0.421175,-0.293893,0.000000,0.0000
9764.21,-0.337869,-0.083502,0.014184,0.0000,-0.421175,-0.293893,0.000000,0.0000
9769.67,-0.337869,-0.083502,0.014184,0.0000,-0.421175,-0.293893,0.000000,0.0000
9775.01,-0.338874,-0.085391,0.014089,0.0000,-0.421175,-0.293893,0.000000,0.0000
9780.36,-0.339942,-0.087245,0.014115,0.0000,-0.421175,-0.293893,0.000000,0.0000
9794.01,-0.340969,-0.089165,0.014063,0.0000,-0.421175,-0.293893,0.000000,0.0000
9799.91,-0.341954,-0.091047,0.014107,0.0000,-0.421175,-0.293893,0.000000,0.0000
9805.33,-0.343033,-0.092997,0.014025,0.0000,-0.421175,-0.293893,0.000000,0.0000
9810.64,-0.343033,-0.092997,0.014025,0.0000,-0.421175,-0.293893,0.000000,0.0000
9816.13,-0.344057,-0.094890,0.014046,0.0000,-0.421175,-0.293893,0.000000,0.0000
9821.47,-0.345140,-0.096761,0.014006,0.0000,-0.421175,-0.293893,0.000000,0.0000
9826.80,-0.345140,-0.096761,0.014006,0.0000,-0.421175,-0.293893,0.000000,0.0000
9832.09,-0.346219,-0.098696,0.014002,0.0000,-0.421175,-0.293893,0.000000,0.0000
9837.45,-0.346219,-0.098696,0.014002,0.0000,-0.421175,-0.293893,0.000000,0.0000
9843.01,-0.347299,-0.100586,0.014004,0.0000,-0.421175,-0.293893,0.000000,0.0000
9848.46,-0.348406,-0.102528,0.013965,0.0000,-0.421175,-0.293893,0.000000,0.0000
9853.77,-0.348406,-0.102528,0.013965,0.0000,-0.421175,-0.293893,0.000000,0.0000
9859.07,-0.349493,-0.104441,0.013975,0.0000,-0.421175,-0.293893,0.000000,0.0000
9864.42,-0.350513,-0.106397,0.013917,0.0000,-0.453293,-0.323282,0.000000,0.0000
9869.73,-0.350513,-0.106397,0.013917,0.0000,-0.453293,-0.323282,0.000000,0.0000
9875.01,-0.351668,-0.108311,0.013953,0.0000,-0.453293,-0.323282,0.000000,0.0000
9880.43,-0.352750,-0.110331,0.013927,0.0000,-0.453293,-0.323282,0.000000,0.0000
9885.75,-0.352750,-0.110331,0.013927,0.0000,-0.453293,-0.323282,0.000000,0.0000
9891.22,-0.353841,-0.112216,0.013938,0.0000,-0.453293,-0.323282,0.000000,0.0000
9896.58,-0.354985,-0.114197,0.013916,0.0000,-0.453293,-0.323282,0.000000,0.0000
9901.91,-0.354985,-0.114197,0.013916,0.0000,-0.453293,-0.323282,0.000000,0.0000
9907.22,-0.356163,-0.116134,0.013961,0.0000,-0.453293,-0.323282,0.000000,0.0000
9912.56,-0.356163,-0.116134,0.013961,0.0000,-0.453293,-0.323282,0.000000,0.0000
9917.87,-0.357306,-0.118122,0.013924,0.0000,-0.453293,-0.323282,0.000000,0.0000
9923.25,-0.358480,-0.120014,0.013956,0.0000,-0.453293,-0.323282,0.000000,0.0000
9928.61,-0.358480,-0.120014,0.013956,0.0000,-0.453293,-0.323282,0.000000,0.0000
9933.92,-0.359611,-0.122010,0.013901,0.0000,-0.453293,-0.323282,0.000000,0.0000
9939.29,-0.360759,-0.123948,0.013970,0.0000,-0.453293,-0.323282,0.000000,0.0000
9944.61,-0.360759,-0.123948,0.013970,0.0000,-0.453293,-0.323282,0.000000,0.0000
9950.30,-0.361928,-0.125948,0.013904,0.0000,-0.453293,-0.323282,0.000000,0.0000
9955.66,-0.363042,-0.127870,0.013956,0.0000,-0.453293,-0.323282,0.000000,0.0000
9960.95,-0.363042,-0.127870,0.013956,0.0000,-0.453293,-0.323282,0.000000,0.0000
9966.56,-0.364306,-0.129889,0.013915,0.0000,-0.453293,-0.323282,0.000000,0.0000
9971.87,-0.365504,-0.131824,0.013895,0.0000,-0.453293,-0.323282,0.000000,0.0000
9977.19,-0.365504,-0.131824,0.013895,0.0000,-0.453293,-0.323282,0.000000,0.0000
9982.57,-0.366735,-0.133833,0.013907,0.0000,-0.453293,-0.323282,0.000000,0.0000
9988.04,-0.367986,-0.135790,0.013906,0.0000,-0.453293,-0.323282,0.000000,0.0000
9993.47,-0.367986,-0.135790,0.013906,0.0000,-0.453293,-0.323282,0.000000,0.0000
9998.79,-0.369202,-0.137820,0.013864,0.0000,-0.453293,-0.323282,0.000000,0.0000
10004.07,-0.369202,-0.137820,0.013864,0.0000,-0.453293,-0.323282,0.000000,0.0000
10009.40,-0.370382,-0.139730,0.013884,0.0000,-0.485410,-0.352671,0.000000,0.0000
10014.78,-0.371620,-0.141806,0.013838,0.0000,-0.485410,-0.352671,0.000000,0.0000
10020.37,-0.371620,-0.141806,0.013838,0.0000,-0.485410,-0.352671,0.000000,0.0000
10025.71,-0.372870,-0.143734,0.013879,0.0000,-0.485410,-0.352671,0.000000,0.0000
10031.14,-0.374118,-0.145729,0.013859,0.0000,-0.485410,-0.352671,0.000000,0.0000
10036.46,-0.374118,-0.145729,0.013859,0.0000,-0.485410,-0.352671,0.000000,0.0000
10041.77,-0.375426,-0.147632,0.013879,0.0000,-0.485410,-0.352671,0.000000,0.0000
10047.07,-0.376637,-0.149683,0.013847,0.0000,-0.485410,-0.352671,0.000000,0.0000
10052.61,-0.376637,-0.149683,0.013847,0.0000,-0.485410,-0.352671,0.000000,0.0000
10057.92,-0.377914,-0.151629,0.013914,0.0000,-0.485410,-0.352671,0.000000,0.0000
10063.26,-0.379157,-0.153642,0.013880,0.0000,-0.485410,-0.352671,0.000000,0.0000
10068.62,-0.379157,-0.153642,0.013880,0.0000,-0.485410,-0.352671,0.000000,0.0000
10073.93,-0.380464,-0.155587,0.013904,0.0000,-0.485410,-0.352671,0.000000,0.0000
10079.27,-0.380464,-0.155587,0.013904,0.0000,-0.485410,-0.352671,0.000000,0.0000
10084.61,-0.381803,-0.157611,0.013908,0.0000,-0.485410,-0.352671,0.000000,0.0000
10089.94,-0.383159,-0.159555,0.013926,0.0000,-0.485410,-0.352671,0.000000,0.0000
10095.26,-0.383159,-0.159555,0.013926,0.0000,-0.485410,-0.352671,0.000000,0.0000
10100.68,-0.384400,-0.161631,0.013886,0.0000,-0.485410,-0.352671,0.000000,0.0000
10105.95,-0.385719,-0.163663,0.013979,0.0000,-0.485410,-0.352671,0.000000,0.0000
10111.28,-0.385719,-0.163663,0.013979,0.0000,-0.485410,-0.352671,0.000000,0.0000
10116.59,-0.387086,-0.165692,0.013919,0.0000,-0.485410,-0.352671,0.000000,0.0000
10121.91,-0.388450,-0.167687,0.013963,0.0000,-0.485410,-0.352671,0.000000,0.0000
10127.19,-0.388450,-0.167687,0.013963,0.0000,-0.485410,-0.352671,0.000000,0.0000
10132.51,-0.389822,-0.169754,0.013915,0.0000,-0.485410,-0.352671,0.000000,0.0000
10138.08,-0.391200,-0.171732,0.013931,0.0000,-0.485410,-0.352671,0.000000,0.0000
10143.50,-0.391200,-0.171732,0.013931,0.0000,-0.485410,-0.352671,0.000000,0.0000
10148.83,-0.392531,-0.173793,0.013944,0.0000,-0.485410,-0.352671,0.000000,0.0000
10154.18,-0.392531,-0.173793,0.013944,0.0000,-0.447534,-0.331207,0.000000,0.0000
10159.52,-0.393825,-0.175775,0.013967,0.0000,-0.447534,-0.331207,0.000000,0.0000
10164.87,-0.395255,-0.177799,0.013949,0.0000,-0.447534,-0.331207,0.000000,0.0000
10170.20,-0.395255,-0.177799,0.013949,0.0000,-0.447534,-0.331207,0.000000,0.0000
10175.63,-0.396673,-0.179805,0.013987,0.0000,-0.447534,-0.331207,0.000000,0.0000
10180.95,-0.397996,-0.181796,0.013975,0.0000,-0.447534,-0.331207,0.000000,0.0000
10186.28,-0.397996,-0.181796,0.013975,0.0000,-0.447534,-0.331207,0.000000,0.0000
10191.61,-0.399356,-0.183785,0.014018,0.0000,-0.447534,-0.331207,0.000000,0.0000
10196.94,-0.400713,-0.185855,0.014032,0.0000,-0.447534,-0.331207,0.000000,0.0000
10202.26,-0.400713,-0.185855,0.014032,0.0000,-0.447534,-0.331207,0.000000,0.0000
10207.60,-0.402117,-0.187899,0.014020,0.0000,-0.447534,-0.331207,0.000000,0.0000
10213.05,-0.403517,-0.189878,0.014049,0.0000,-0.447534,-0.331207,0.000000,0.0000
10218.50,-0.403517,-0.189878,0.014049,0.0000,-0.447534,-0.331207,0.000000,0.0000
10223.82,-0.404918,-0.191914,0.014023,0.0000,-0.447534,-0.331207,0.000000,0.0000
10229.13,-0.404918,-0.191914,0.014023,0.0000,-0.447534,-0.331207,0.000000,0.0000
10234.46,-0.406274,-0.193968,0.014041,0.0000,-0.447534,-0.331207,0.000000,0.0000
10239.84,-0.407625,-0.196014,0.014021,0.0000,-0.447534,-0.331207,0.000000,0.0000
10245.13,-0.407625,-0.196014,0.014021,0.0000,-0.447534,-0.331207,0.000000,0.0000
10250.65,-0.408971,-0.198009,0.014042,0.0000,-0.447534,-0.331207,0.000000,0.0000
10256.61,-0.410371,-0.200024,0.014015,0.0000,-0.447534,-0.331207,0.000000,0.0000
10262.01,-0.410371,-0.200024,0.014015,0.0000,-0.447534,-0.331207,0.000000,0.0000
10267.34,-0.411753,-0.201936,0.014036,0.0000,-0.447534,-0.331207,0.000000,0.0000
10272.69,-0.413034,-0.203957,0.013989,0.0000,-0.447534,-0.331207,0.000000,0.0000
10278.01,-0.413034,-0.203957,0.013989,0.0000,-0.447534,-0.331207,0.000000,0.0000
10283.35,-0.414362,-0.205901,0.014061,0.0000,-0.447534,-0.331207,0.000000,0.0000
10288.67,-0.415664,-0.207908,0.014017,0.0000,-0.447534,-0.331207,0.000000,0.0000
10294.01,-0.415664,-0.207908,0.014017,0.0000,-0.409659,-0.309744,0.000000,0.0000
10299.54,-0.416974,-0.209824,0.014039,0.0000,-0.409659,-0.309744,0.000000,0.0000
10304.86,-0.418260,-0.211745,0.014052,0.0000,-0.409659,-0.309744,0.000000,0.0000
10310.31,-0.418260,-0.211745,0.014052,0.0000,-0.409659,-0.309744,0.000000,0.0000
10315.67,-0.419602,-0.213667,0.014083,0.0000,-0.409659,-0.309744,0.000000,0.0000
10320.95,-0.419602,-0.213667,0.014083,0.0000,-0.409659,-0.309744,0.000000,0.0000
10326.40,-0.420818,-0.215665,0.014012,0.0000,-0.409659,-0.309744,0.000000,0.0000
10331.95,-0.422015,-0.217527,0.014101,0.0000,-0.409659,-0.309744,0.000000,0.0000
10337.32,-0.422015,-0.217527,0.014101,0.0000,-0.409659,-0.309744,0.000000,0.0000
10342.76,-0.423273,-0.219458,0.014073,0.0000,-0.409659,-0.309744,0.000000,0.0000
10348.13,-0.424470,-0.221313,0.014042,0.0000,-0.409659,-0.309744,0.000000,0.0000
10353.51,-0.424470,-0.221313,0.014042,0.0000,-0.409659,-0.309744,0.000000,0.0000
10359.38,-0.425690,-0.223186,0.014060,0.0000,-0.409659,-0.309744,0.000000,0.0000
10364.84,-0.426872,-0.224955,0.014080,0.0000,-0.409659,-0.309744,0.000000,0.0000
10370.26,-0.426872,-0.224955,0.014080,0.0000,-0.409659,-0.309744,0.000000,0.0000
10375.72,-0.428028,-0.226797,0.014014,0.0000,-0.409659,-0.309744,0.000000,0.0000
10381.01,-0.429148,-0.228622,0.014054,0.0000,-0.409659,-0.309744,0.000000,0.0000
10386.33,-0.429148,-0.228622,0.014054,0.0000,-0.409659,-0.309744,0.000000,0.0000
10391.72,-0.430229,-0.230410,0.014054,0.0000,-0.409659,-0.309744,0.000000,0.0000
10397.41,-0.431265,-0.232142,0.014041,0.0000,-0.409659,-0.309744,0.000000,0.0000
10402.77,-0.431265,-0.232142,0.014041,0.0000,-0.409659,-0.309744,0.000000,0.0000
10408.07,-0.432356,-0.233914,0.014007,0.0000,-0.409659,-0.309744,0.000000,0.0000
10413.42,-0.433285,-0.235517,0.013957,0.0000,-0.409659,-0.309744,0.000000,0.0000
10418.79,-0.433285,-0.235517,0.013957,0.0000,-0.409659,-0.309744,0.000000,0.0000
10424.14,-0.434230,-0.237210,0.013876,0.0000,-0.409659,-0.309744,0.000000,0.0000
10429.46,-0.434230,-0.237210,0.013876,0.0000,-0.409659,-0.309744,0.000000,0.0000
10434.84,-0.435249,-0.238861,0.013894,0.0000,-0.409659,-0.309744,0.000000,0.0000
10440.37,-0.436219,-0.240492,0.013915,0.0000,-0.371783,-0.288280,0.000000,0.0000
10445.70,-0.436219,-0.240492,0.013915,0.0000,-0.371783,-0.288280,0.000000,0.0000
10451.01,-0.437116,-0.242137,0.013888,0.0000,-0.371783,-0.288280,0.000000,0.0000
10456.35,-0.437960,-0.243678,0.013893,0.0000,-0.371783,-0.288280,0.000000,0.0000
10461.70,-0.437960,-0.243678,0.013893,0.0000,-0.371783,-0.288280,0.000000,0.0000
10467.20,-0.438825,-0.245357,0.013905,0.0000,-0.371783,-0.288280,0.000000,0.0000
10472.53,-0.438825,-0.245357,0.013905,0.0000,-0.371783,-0.288280,0.000000,0.0000
10477.93,-0.439597,-0.246805,0.013926,0.0000,-0.371783,-0.288280,0.000000,0.0000
10483.34,-0.440425,-0.248406,0.013928,0.0000,-0.371783,-0.288280,0.000000,0.0000
10488.77,-0.441151,-0.249834,0.013876,0.0000,-0.371783,-0.288280,0.000000,0.0000
10494.19,-0.441151,-0.249834,0.013876,0.0000,-0.371783,-0.288280,0.000000,0.0000
10499.68,-0.441853,-0.251250,0.013879,0.0000,-0.371783,-0.288280,0.000000,0.0000
10504.95,-0.442556,-0.252696,0.013873,0.0000,-0.371783,-0.288280,0.000000,0.0000
10510.26,-0.442556,-0.252696,0.013873,0.0000,-0.371783,-0.288280,0.000000,0.0000
10515.60,-0.443178,-0.254084,0.013884,0.0000,-0.371783,-0.288280,0.000000,0.0000
10520.95,-0.443178,-0.254084,0.013884,0.0000,-0.371783,-0.288280,0.000000,0.0000
10526.30,-0.443768,-0.255485,0.013855,0.0000,-0.371783,-0.288280,0.000000,0.0000
10531.62,-0.444364,-0.256779,0.013782,0.0000,-0.371783,-0.288280,0.000000,0.0000
10536.94,-0.444364,-0.256779,0.013782,0.0000,-0.371783,-0.288280,0.000000,0.0000
10542.70,-0.444812,-0.258106,0.013817,0.0000,-0.371783,-0.288280,0.000000,0.0000
10548.02,-0.445326,-0.259313,0.013839,0.0000,-0.371783,-0.288280,0.000000,0.0000
10553.37,-0.445326,-0.259313,0.013839,0.0000,-0.371783,-0.288280,0.000000,0.0000
10558.70,-0.445840,-0.260651,0.013791,0.0000,-0.333907,-0.266816,0.000000,0.0000
10564.02,-0.446254,-0.261792,0.013765,0.0000,-0.333907,-0.266816,0.000000,0.0000
10569.35,-0.446254,-0.261792,0.013765,0.0000,-0.333907,-0.266816,0.000000,0.0000
10574.76,-0.446626,-0.262897,0.013789,0.0000,-0.333907,-0.266816,0.000000,0.0000
10580.12,-0.446976,-0.264134,0.013727,0.0000,-0.333907,-0.266816,0.000000,0.0000
10585.51,-0.446976,-0.264134,0.013727,0.0000,-0.333907,-0.266816,0.000000,0.0000
10590.88,-0.447329,-0.265238,0.013728,0.0000,-0.333907,-0.266816,0.000000,0.0000
10596.18,-0.447329,-0.265238,0.013728,0.0000,-0.333907,-0.266816,0.000000,0.0000
10601.52,-0.447614,-0.266245,0.013748,0.0000,-0.333907,-0.266816,0.000000,0.0000
10606.96,-0.447851,-0.267310,0.013750,0.0000,-0.333907,-0.266816,0.000000,0.0000
10612.28,-0.447851,-0.267310,0.013750,0.0000,-0.333907,-0.266816,0.000000,0.0000
10617.61,-0.448124,-0.268330,0.013711,0.0000,-0.333907,-0.266816,0.000000,0.0000
10622.96,-0.448250,-0.269420,0.013642,0.0000,-0.333907,-0.266816,0.000000,0.0000
10628.31,-0.448250,-0.269420,0.013642,0.0000,-0.333907,-0.266816,0.000000,0.0000
10633.66,-0.448415,-0.270243,0.013657,0.0000,-0.333907,-0.266816,0.000000,0.0000
10639.12,-0.448531,-0.271161,0.013688,0.0000,-0.333907,-0.266816,0.000000,0.0000
10645.02,-0.448531,-0.271161,0.013688,0.0000,-0.333907,-0.266816,0.000000,0.0000
10650.39,-0.448634,-0.272113,0.013674,0.0000,-0.333907,-0.266816,0.000000,0.0000
10655.88,-0.448741,-0.273007,0.013624,0.0000,-0.333907,-0.266816,0.000000,0.0000
10661.20,-0.448741,-0.273007,0.013624,0.0000,-0.333907,-0.266816,0.000000,0.0000
10666.54,-0.448733,-0.273806,0.013579,0.0000,-0.333907,-0.266816,0.000000,0.0000
10672.40,-0.448733,-0.273806,0.013579,0.0000,-0.333907,-0.266816,0.000000,0.0000
10677.74,-0.448701,-0.274616,0.013540,0.0000,-0.333907,-0.266816,0.000000,0.0000
10683.10,-0.448682,-0.275336,0.013554,0.0000,-0.333907,-0.266816,0.000000,0.0000
10688.42,-0.448682,-0.275336,0.013554,0.0000,-0.333907,-0.266816,0.000000,0.0000
10693.74,-0.448618,-0.276042,0.013553,0.0000,-0.333907,-0.266816,0.000000,0.0000
10699.07,-0.448505,-0.276777,0.013547,0.0000,-0.333907,-0.266816,0.000000,0.0000
10704.42,-0.448505,-0.276777,0.013547,0.0000,-0.296032,-0.245352,0.000000,0.0000
10709.77,-0.448361,-0.277490,0.013538,0.0000,-0.296032,-0.245352,0.000000,0.0000
10715.24,-0.448235,-0.278092,0.013481,0.0000,-0.296032,-0.245352,0.000000,0.0000
10720.60,-0.448235,-0.278092,0.013481,0.0000,-0.296032,-0.245352,0.000000,0.0000
10725.95,-0.448069,-0.278703,0.013438,0.0000,-0.296032,-0.245352,0.000000,0.0000
10731.34,-0.447834,-0.279308,0.013429,0.0000,-0.296032,-0.245352,0.000000,0.0000
10736.72,-0.447834,-0.279308,0.013429,0.0000,-0.296032,-0.245352,0.000000,0.0000
10742.35,-0.447594,-0.279788,0.013423,0.0000,-0.296032,-0.245352,0.000000,0.0000
10747.86,-0.447296,-0.280322,0.013375,0.0000,-0.296032,-0.245352,0.000000,0.0000
10753.23,-0.447296,-0.280322,0.013375,0.0000,-0.296032,-0.245352,0.000000,0.0000
10758.59,-0.446950,-0.280825,0.013350,0.0000,-0.296032,-0.245352,0.000000,0.0000
10764.12,-0.446675,-0.281243,0.013329,0.0000,-0.296032,-0.245352,0.000000,0.0000
10769.49,-0.446675,-0.281243,0.013329,0.0000,-0.296032,-0.245352,0.000000,0.0000
10774.81,-0.446350,-0.281656,0.013308,0.0000,-0.296032,-0.245352,0.000000,0.0000
10780.13,-0.446350,-0.281656,0.013308,0.0000,-0.296032,-0.245352,0.000000,0.0000
10785.72,-0.446017,-0.281974,0.013318,0.0000,-0.296032,-0.245352,0.000000,0.0000
10791.17,-0.445609,-0.282305,0.013339,0.0000,-0.296032,-0.245352,0.000000,0.0000
10796.54,-0.445133,-0.282690,0.013304,0.0000,-0.296032,-0.245352,0.000000,0.0000
10801.86,-0.445133,-0.282690,0.013304,0.0000,-0.296032,-0.245352,0.000000,0.0000
10807.20,-0.444732,-0.283007,0.013256,0.0000,-0.296032,-0.245352,0.000000,0.0000
10812.53,-0.444732,-0.283007,0.013256,0.0000,-0.296032,-0.245352,0.000000,0.0000
10817.85,-0.444343,-0.283247,0.013270,0.0000,-0.296032,-0.245352,0.000000,0.0000
10823.48,-0.443828,-0.283444,0.013280,0.0000,-0.296032,-0.245352,0.000000,0.0000
10828.87,-0.443828,-0.283444,0.013280,0.0000,-0.296032,-0.245352,0.000000,0.0000
10834.22,-0.443262,-0.283704,0.013300,0.0000,-0.296032,-0.245352,0.000000,0.0000
10839.62,-0.442678,-0.283939,0.013299,0.0000,-0.296032,-0.245352,0.000000,0.0000
10844.95,-0.442678,-0.283939,0.013299,0.0000,-0.296032,-0.245352,0.000000,0.0000
10850.87,-0.442169,-0.284072,0.013266,0.0000,-0.258156,-0.223888,0.000000,0.0000
10856.23,-0.441628,-0.284191,0.013262,0.0000,-0.258156,-0.223888,0.000000,0.0000
10861.55,-0.441628,-0.284191,0.013262,0.0000,-0.258156,-0.223888,0.000000,0.0000
10866.93,-0.441045,-0.284280,0.013256,0.0000,-0.258156,-0.223888,0.000000,0.0000
10872.39,-0.441045,-0.284280,0.013256,0.0000,-0.258156,-0.223888,0.000000,0.0000
10877.96,-0.440324,-0.284399,0.013223,0.0000,-0.258156,-0.223888,0.000000,0.0000
10883.43,-0.439714,-0.284521,0.013212,0.0000,-0.258156,-0.223888,0.000000,0.0000
10888.78,-0.439714,-0.284521,0.013212,0.0000,-0.258156,-0.223888,0.000000,0.0000
10894.12,-0.439106,-0.284570,0.013195,0.0000,-0.258156,-0.223888,0.000000,0.0000
10899.65,-0.438396,-0.284594,0.013167,0.0000,-0.258156,-0.223888,0.000000,0.0000
10905.01,-0.437696,-0.284582,0.013178,0.0000,-0.258156,-0.223888,0.000000,0.0000
10910.36,-0.437696,-0.284582,0.013178,0.0000,-0.258156,-0.223888,0.000000,0.0000
10915.68,-0.436981,-0.284507,0.013158,0.0000,-0.258156,-0.223888,0.000000,0.0000
10921.01,-0.436981,-0.284507,0.013158,0.0000,-0.258156,-0.223888,0.000000,0.0000
10926.37,-0.436230,-0.284449,0.013144,0.0000,-0.258156,-0.223888,0.000000,0.0000
10931.71,-0.435435,-0.284423,0.013176,0.0000,-0.258156,-0.223888,0.000000,0.0000
10937.01,-0.435435,-0.284423,0.013176,0.0000,-0.258156,-0.223888,0.000000,0.0000
10942.51,-0.434646,-0.284361,0.013212,0.0000,-0.258156,-0.223888,0.000000,0.0000
10947.85,-0.433915,-0.284270,0.013166,0.0000,-0.258156,-0.223888,0.000000,0.0000
10953.47,-0.433915,-0.284270,0.013166,0.0000,-0.258156,-0.223888,0.000000,0.0000
10959.07,-0.433118,-0.284128,0.013137,0.0000,-0.258156,-0.223888,0.000000,0.0000
10964.42,-0.432267,-0.283904,0.013152,0.0000,-0.258156,-0.223888,0.000000,0.0000
10969.77,-0.432267,-0.283904,0.013152,0.0000,-0.258156,-0.223888,0.000000,0.0000
10975.10,-0.431482,-0.283711,0.013133,0.0000,-0.258156,-0.223888,0.000000,0.0000
10980.43,-0.430664,-0.283554,0.013117,0.0000,-0.258156,-0.223888,0.000000,0.0000
10985.75,-0.430664,-0.283554,0.013117,0.0000,-0.258156,-0.223888,0.000000,0.0000
10991.40,-0.429773,-0.283373,0.013129,0.0000,-0.220280,-0.202425,0.000000,0.0000
10996.73,-0.429773,-0.283373,0.013129,0.0000,-0.220280,-0.202425,0.000000,0.0000
11002.01,-0.428870,-0.283134,0.013136,0.0000,-0.220280,-0.202425,0.000000,0.0000
11007.34,-0.427992,-0.282860,0.013127,0.0000,-0.220280,-0.202425,0.000000,0.0000
11012.81,-0.427992,-0.282860,0.013127,0.0000,-0.220280,-0.202425,0.000000,0.0000
11018.23,-0.427076,-0.282647,0.013056,0.0000,-0.220280,-0.202425,0.000000,0.0000
11023.65,-0.426243,-0.282415,0.013028,0.0000,-0.220280,-0.202425,0.000000,0.0000
11028.96,-0.426243,-0.282415,0.013028,0.0000,-0.220280,-0.202425,0.000000,0.0000
11034.37,-0.425291,-0.282139,0.013053,0.0000,-0.220280,-0.202425,0.000000,0.0000
11039.69,-0.424344,-0.281841,0.013090,0.0000,-0.220280,-0.202425,0.000000,0.0000
11045.01,-0.424344,-0.281841,0.013090,0.0000,-0.220280,-0.202425,0.000000,0.0000
11050.42,-0.423430,-0.281507,0.013101,0.0000,-0.220280,-0.202425,0.000000,0.0000
11055.91,-0.422450,-0.281135,0.013074,0.0000,-0.220280,-0.202425,0.000000,0.0000
11061.26,-0.422450,-0.281135,0.013074,0.0000,-0.220280,-0.202425,0.000000,0.0000
11066.60,-0.421516,-0.280815,0.013058,0.0000,-0.220280,-0.202425,0.000000,0.0000
11071.95,-0.420497,-0.280498,0.013020,0.0000,-0.220280,-0.202425,0.000000,0.0000
11077.27,-0.420497,-0.280498,0.013020,0.0000,-0.220280,-0.202425,0.000000,0.0000
11082.60,-0.419495,-0.280123,0.013006,0.0000,-0.220280,-0.202425,0.000000,0.0000
11088.06,-0.418485,-0.279688,0.013039,0.0000,-0.220280,-0.202425,0.000000,0.0000
11093.40,-0.418485,-0.279688,0.013039,0.0000,-0.220280,-0.202425,0.000000,0.0000
11098.74,-0.417380,-0.279349,0.013076,0.0000,-0.220280,-0.202425,0.000000,0.0000
11104.12,-0.417380,-0.279349,0.013076,0.0000,-0.220280,-0.202425,0.000000,0.0000
11109.51,-0.416384,-0.279005,0.013056,0.0000,-0.220280,-0.202425,0.000000,0.0000
11114.84,-0.415294,-0.278565,0.012986,0.0000,-0.182405,-0.180961,0.000000,0.0000
11120.13,-0.415294,-0.278565,0.012986,0.0000,-0.182405,-0.180961,0.000000,0.0000
11125.79,-0.414200,-0.278131,0.012977,0.0000,-0.182405,-0.180961,0.000000,0.0000
11131.19,-0.413110,-0.277747,0.012981,0.0000,-0.182405,-0.180961,0.000000,0.0000
11136.53,-0.413110,-0.277747,0.012981,0.0000,-0.182405,-0.180961,0.000000,0.0000
11141.85,-0.411996,-0.277258,0.012988,0.0000,-0.182405,-0.180961,0.000000,0.0000
11147.18,-0.410919,-0.276820,0.012908,0.0000,-0.182405,-0.180961,0.000000,0.0000
11152.52,-0.410919,-0.276820,0.012908,0.0000,-0.182405,-0.180961,0.000000,0.0000
11157.54,-0.409804,-0.276413,0.012909,0.0000,-0.182405,-0.180961,0.000000,0.0000
11162.89,-0.409804,-0.276413,0.012909,0.0000,-0.182405,-0.180961,0.000000,0.0000
11168.20,-0.408709,-0.275929,0.012959,0.0000,-0.182405,-0.180961,0.000000,0.0000
11173.70,-0.407524,-0.275404,0.013009,0.0000,-0.182405,-0.180961,0.000000,0.0000
11179.01,-0.407524,-0.275404,0.013009,0.0000,-0.182405,-0.180961,0.000000,0.0000
11184.49,-0.406429,-0.274961,0.012998,0.0000,-0.182405,-0.180961,0.000000,0.0000
11189.87,-0.405231,-0.274482,0.012969,0.0000,-0.182405,-0.180961,0.000000,0.0000
11195.19,-0.405231,-0.274482,0.012969,0.0000,-0.182405,-0.180961,0.000000,0.0000
11200.51,-0.404059,-0.274011,0.013018,0.0000,-0.182405,-0.180961,0.000000,0.0000
11205.95,-0.402878,-0.273495,0.013081,0.0000,-0.182405,-0.180961,0.000000,0.0000
11211.30,-0.402878,-0.273495,0.013081,0.0000,-0.182405,-0.180961,0.000000,0.0000
11216.72,-0.401688,-0.272899,0.013082,0.0000,-0.182405,-0.180961,0.000000,0.0000
11222.06,-0.400482,-0.272404,0.013129,0.0000,-0.182405,-0.180961,0.000000,0.0000
11227.38,-0.400482,-0.272404,0.013129,0.0000,-0.182405,-0.180961,0.000000,0.0000
11233.01,-0.399226,-0.271898,0.013149,0.0000,-0.182405,-0.180961,0.000000,0.0000
11238.37,-0.398011,-0.271328,0.013143,0.0000,-0.182405,-0.180961,0.000000,0.0000
11243.78,-0.398011,-0.271328,0.013143,0.0000,-0.182405,-0.180961,0.000000,0.0000
11249.13,-0.396741,-0.270796,0.013127,0.0000,-0.182405,-0.180961,0.000000,0.0000
11254.45,-0.396741,-0.270796,0.013127,0.0000,-0.182405,-0.180961,0.000000,0.0000
11260.37,-0.395478,-0.270232,0.013160,0.0000,-0.144529,-0.159497,0.000000,0.0000
11265.69,-0.394207,-0.269664,0.013185,0.0000,-0.144529,-0.159497,0.000000,0.0000
11271.01,-0.394207,-0.269664,0.013185,0.0000,-0.144529,-0.159497,0.000000,0.0000
11276.36,-0.392860,-0.269093,0.013215,0.0000,-0.144529,-0.159497,0.000000,0.0000
11281.68,-0.391594,-0.268546,0.013214,0.0000,-0.144529,-0.159497,0.000000,0.0000
11287.01,-0.391594,-0.268546,0.013214,0.0000,-0.144529,-0.159497,0.000000,0.0000
11292.32,-0.390226,-0.267946,0.013203,0.0000,-0.144529,-0.159497,0.000000,0.0000
11297.71,-0.388907,-0.267304,0.013289,0.0000,-0.144529,-0.159497,0.000000,0.0000
11303.02,-0.388907,-0.267304,0.013289,0.0000,-0.144529,-0.159497,0.000000,0.0000
11308.41,-0.387600,-0.266747,0.013348,0.0000,-0.144529,-0.159497,0.000000,0.0000
11313.78,-0.386282,-0.266098,0.013380,0.0000,-0.144529,-0.159497,0.000000,0.0000
11319.07,-0.386282,-0.266098,0.013380,0.0000,-0.144529,-0.159497,0.000000,0.0000
11324.75,-0.384870,-0.265490,0.013430,0.0000,-0.144529,-0.159497,0.000000,0.0000
11330.13,-0.383525,-0.264829,0.013460,0.0000,-0.144529,-0.159497,0.000000,0.0000
11335.59,-0.383525,-0.264829,0.013460,0.0000,-0.144529,-0.159497,0.000000,0.0000
11340.95,-0.382133,-0.264219,0.013469,0.0000,-0.144529,-0.159497,0.000000,0.0000
11346.54,-0.380750,-0.263578,0.013524,0.0000,-0.144529,-0.159497,0.000000,0.0000
11352.02,-0.380750,-0.263578,0.013524,0.0000,-0.144529,-0.159497,0.000000,0.0000
11357.38,-0.379392,-0.262836,0.013583,0.0000,-0.144529,-0.159497,0.000000,0.0000
11363.46,-0.377951,-0.262251,0.013572,0.0000,-0.144529,-0.159497,0.000000,0.0000
11368.83,-0.377951,-0.262251,0.013572,0.0000,-0.144529,-0.159497,0.000000,0.0000
11374.18,-0.376578,-0.261501,0.013566,0.0000,-0.144529,-0.159497,0.000000,0.0000
11379.52,-0.376578,-0.261501,0.013566,0.0000,-0.144529,-0.159497,0.000000,0.0000
11384.84,-0.375100,-0.260869,0.013628,0.0000,-0.144529,-0.159497,0.000000,0.0000
11390.37,-0.373704,-0.260103,0.013639,0.0000,-0.144529,-0.159497,0.000000,0.0000
11395.75,-0.373704,-0.260103,0.013639,0.0000,-0.144529,-0.159497,0.000000,0.0000
11401.15,-0.372259,-0.259418,0.013682,0.0000,-0.106653,-0.138033,0.000000,0.0000
11406.47,-0.370723,-0.258697,0.013710,0.0000,-0.106653,-0.138033,0.000000,0.0000
11411.82,-0.370723,-0.258697,0.013710,0.0000,-0.106653,-0.138033,0.000000,0.0000
11417.51,-0.369343,-0.257980,0.013694,0.0000,-0.106653,-0.138033,0.000000,0.0000
11422.85,-0.367739,-0.257264,0.013694,0.0000,-0.106653,-0.138033,0.000000,0.0000
11428.19,-0.367739,-0.257264,0.013694,0.0000,-0.106653,-0.138033,0.000000,0.0000
11433.56,-0.366336,-0.256470,0.013770,0.0000,-0.106653,-0.138033,0.000000,0.0000
11438.89,-0.364838,-0.255760,0.013745,0.0000,-0.106653,-0.138033,0.000000,0.0000
11444.59,-0.364838,-0.255760,0.013745,0.0000,-0.106653,-0.138033,0.000000,0.0000
11449.95,-0.363268,-0.254995,0.013750,0.0000,-0.106653,-0.138033,0.000000,0.0000
11455.35,-0.361750,-0.254230,0.013767,0.0000,-0.106653,-0.138033,0.000000,0.0000
11460.72,-0.361750,-0.254230,0.013767,0.0000,-0.106653,-0.138033,0.000000,0.0000
11466.01,-0.360231,-0.253390,0.013800,0.0000,-0.106653,-0.138033,0.000000,0.0000
11471.38,-0.360231,-0.253390,0.013800,0.0000,-0.106653,-0.138033,0.000000,0.0000
11476.69,-0.358643,-0.252662,0.013828,0.0000,-0.106653,-0.138033,0.000000,0.0000
11482.18,-0.357117,-0.251850,0.013836,0.0000,-0.106653,-0.138033,0.000000,0.0000
11487.56,-0.357117,-0.251850,0.013836,0.0000,-0.106653,-0.138033,0.000000,0.0000
11492.90,-0.355596,-0.251042,0.013828,0.0000,-0.106653,-0.138033,0.000000,0.0000
11498.65,-0.353899,-0.250240,0.013777,0.0000,-0.106653,-0.138033,0.000000,0.0000
11503.95,-0.353899,-0.250240,0.013777,0.0000,-0.106653,-0.138033,0.000000,0.0000
11509.29,-0.352455,-0.249379,0.013812,0.0000,-0.106653,-0.138033,0.000000,0.0000
11514.63,-0.350775,-0.248528,0.013788,0.0000,-0.106653,-0.138033,0.000000,0.0000
11519.98,-0.350775,-0.248528,0.013788,0.0000,-0.106653,-0.138033,0.000000,0.0000
11525.44,-0.349155,-0.247691,0.013757,0.0000,-0.106653,-0.138033,0.000000,0.0000
11531.21,-0.347554,-0.246839,0.013772,0.0000,-0.106653,-0.138033,0.000000,0.0000
11536.52,-0.347554,-0.246839,0.013772,0.0000,-0.106653,-0.138033,0.000000,0.0000
11541.91,-0.345882,-0.245964,0.013732,0.0000,-0.106653,-0.138033,0.000000,0.0000
11547.10,-0.344222,-0.245081,0.013703,0.0000,-0.068777,-0.116569,0.000000,0.0000
11552.49,-0.344222,-0.245081,0.013703,0.0000,-0.068777,-0.116569,0.000000,0.0000
11557.89,-0.342632,-0.244188,0.013693,0.0000,-0.068777,-0.116569,0.000000,0.0000
11563.28,-0.341021,-0.243270,0.013622,0.0000,-0.068777,-0.116569,0.000000,0.0000
11568.61,-0.341021,-0.243270,0.013622,0.0000,-0.068777,-0.116569,0.000000,0.0000
11574.07,-0.339302,-0.242315,0.013614,0.0000,-0.068777,-0.116569,0.000000,0.0000
11579.39,-0.339302,-0.242315,0.013614,0.0000,-0.068777,-0.116569,0.000000,0.0000
11584.74,-0.337650,-0.241375,0.013580,0.0000,-0.068777,-0.116569,0.000000,0.0000
11590.28,-0.336039,-0.240456,0.013549,0.0000,-0.068777,-0.116569,0.000000,0.0000
11595.61,-0.336039,-0.240456,0.013549,0.0000,-0.068777,-0.116569,0.000000,0.0000
11601.01,-0.334311,-0.239477,0.013538,0.0000,-0.068777,-0.116569,0.000000,0.0000
11606.34,-0.332654,-0.238503,0.013488,0.0000,-0.068777,-0.116569,0.000000,0.0000
11611.67,-0.332654,-0.238503,0.013488,0.0000,-0.068777,-0.116569,0.000000,0.0000
11617.08,-0.331001,-0.237502,0.013423,0.0000,-0.068777,-0.116569,0.000000,0.0000
11622.79,-0.329348,-0.236563,0.013451,0.0000,-0.068777,-0.116569,0.000000,0.0000
11628.12,-0.329348,-0.236563,0.013451,0.0000,-0.068777,-0.116569,0.000000,0.0000
11633.53,-0.327644,-0.235530,0.013407,0.0000,-0.068777,-0.116569,0.000000,0.0000
11639.12,-0.325933,-0.234519,0.013387,0.0000,-0.068777,-0.116569,0.000000,0.0000
11644.51,-0.325933,-0.234519,0.013387,0.0000,-0.068777,-0.116569,0.000000,0.0000
11650.13,-0.324299,-0.233448,0.013410,0.0000,-0.068777,-0.116569,0.000000,0.0000
11655.65,-0.322588,-0.232416,0.013389,0.0000,-0.068777,-0.116569,0.000000,0.0000
11661.05,-0.322588,-0.232416,0.013389,0.0000,-0.068777,-0.116569,0.000000,0.0000
11666.42,-0.320904,-0.231374,0.013330,0.0000,-0.068777,-0.116569,0.000000,0.0000
11671.79,-0.320904,-0.231374,0.013330,0.0000,-0.068777,-0.116569,0.000000,0.0000
11677.19,-0.319131,-0.230345,0.013294,0.0000,-0.068777,-0.116569,0.000000,0.0000
11682.51,-0.317500,-0.229305,0.013374,0.0000,-0.068777,-0.116569,0.000000,0.0000
11687.88,-0.317500,-0.229305,0.013374,0.0000,-0.030902,-0.095106,0.000000,0.0000
11693.18,-0.315782,-0.228189,0.013334,0.0000,-0.030902,-0.095106,0.000000,0.0000
11698.54,-0.314025,-0.227137,0.013392,0.0000,-0.030902,-0.095106,0.000000,0.0000
11703.87,-0.314025,-0.227137,0.013392,0.0000,-0.030902,-0.095106,0.000000,0.0000
11709.26,-0.312399,-0.226047,0.013391,0.0000,-0.030902,-0.095106,0.000000,0.0000
11714.59,-0.310596,-0.224949,0.013392,0.0000,-0.030902,-0.095106,0.000000,0.0000
11719.94,-0.310596,-0.224949,0.013392,0.0000,-0.030902,-0.095106,0.000000,0.0000
11725.26,-0.308901,-0.223827,0.013394,0.0000,-0.030902,-0.095106,0.000000,0.0000
11730.79,-0.307190,-0.222683,0.013487,0.0000,-0.030902,-0.095106,0.000000,0.0000
11736.15,-0.307190,-0.222683,0.013487,0.0000,-0.030902,-0.095106,0.000000,0.0000
11741.46,-0.305521,-0.221552,0.013495,0.0000,-0.030902,-0.095106,0.000000,0.0000
11746.81,-0.303780,-0.220390,0.013459,0.0000,-0.030902,-0.095106,0.000000,0.0000
11752.39,-0.303780,-0.220390,0.013459,0.0000,-0.030902,-0.095106,0.000000,0.0000
11757.77,-0.302084,-0.219152,0.013519,0.0000,-0.030902,-0.095106,0.000000,0.0000
11763.09,-0.300352,-0.217969,0.013566,0.0000,-0.030902,-0.095106,0.000000,0.0000
11768.51,-0.300352,-0.217969,0.013566,0.0000,-0.030902,-0.095106,0.000000,0.0000
11773.95,-0.298727,-0.216811,0.013617,0.0000,-0.030902,-0.095106,0.000000,0.0000
11779.30,-0.298727,-0.216811,0.013617,0.0000,-0.030902,-0.095106,0.000000,0.0000
11784.62,-0.296955,-0.215622,0.013666,0.0000,-0.030902,-0.095106,0.000000,0.0000
11790.14,-0.295288,-0.214434,0.013741,0.0000,-0.030902,-0.095106,0.000000,0.0000
11795.45,-0.295288,-0.214434,0.013741,0.0000,-0.030902,-0.095106,0.000000,0.0000
11800.83,-0.293584,-0.213179,0.013709,0.0000,-0.030902,-0.095106,0.000000,0.0000
11806.13,-0.291879,-0.211959,0.013755,0.0000,-0.030902,-0.095106,0.000000,0.0000
11811.53,-0.291879,-0.211959,0.013755,0.0000,-0.012876,-0.134733,0.000000,0.0000
11816.89,-0.290224,-0.210744,0.013854,0.0000,-0.012876,-0.134733,0.000000,0.0000
11822.19,-0.288469,-0.209450,0.013885,0.0000,-0.012876,-0.134733,0.000000,0.0000
11827.51,-0.288469,-0.209450,0.013885,0.0000,-0.012876,-0.134733,0.000000,0.0000
11833.10,-0.286791,-0.208247,0.013906,0.0000,-0.012876,-0.134733,0.000000,0.0000
11838.43,-0.285030,-0.206950,0.013974,0.0000,-0.012876,-0.134733,0.000000,0.0000
11843.76,-0.285030,-0.206950,0.013974,0.0000,-0.012876,-0.134733,0.000000,0.0000
11849.07,-0.283439,-0.205644,0.014075,0.0000,-0.012876,-0.134733,0.000000,0.0000
11854.86,-0.281706,-0.204430,0.014085,0.0000,-0.012876,-0.134733,0.000000,0.0000
11860.23,-0.281706,-0.204430,0.014085,0.0000,-0.012876,-0.134733,0.000000,0.0000
11865.62,-0.280064,-0.203100,0.014187,0.0000,-0.012876,-0.134733,0.000000,0.0000
11871.01,-0.280064,-0.203100,0.014187,0.0000,-0.012876,-0.134733,0.000000,0.0000
11876.41,-0.278391,-0.201793,0.014299,0.0000,-0.012876,-0.134733,0.000000,0.0000
11882.22,-0.276736,-0.200499,0.014407,0.0000,-0.012876,-0.134733,0.000000,0.0000
11887.56,-0.276736,-0.200499,0.014407,0.0000,-0.012876,-0.134733,0.000000,0.0000
11893.11,-0.275036,-0.199194,0.014414,0.0000,-0.012876,-0.134733,0.000000,0.0000
11898.65,-0.273360,-0.197949,0.014493,0.0000,-0.012876,-0.134733,0.000000,0.0000
11903.97,-0.273360,-0.197949,0.014493,0.0000,-0.012876,-0.134733,0.000000,0.0000
11909.37,-0.271799,-0.196662,0.014650,0.0000,-0.012876,-0.134733,0.000000,0.0000
11914.74,-0.270121,-0.195279,0.014705,0.0000,-0.012876,-0.134733,0.000000,0.0000
11920.07,-0.270121,-0.195279,0.014705,0.0000,-0.012876,-0.134733,0.000000,0.0000
11925.40,-0.268491,-0.193989,0.014808,0.0000,-0.012876,-0.134733,0.000000,0.0000
11930.72,-0.266893,-0.192707,0.014927,0.0000,-0.012876,-0.134733,0.000000,0.0000
11936.36,-0.266893,-0.192707,0.014927,0.0000,-0.012876,-0.134733,0.000000,0.0000
11941.70,-0.265324,-0.191400,0.014990,0.0000,-0.012876,-0.134733,0.000000,0.0000
11947.05,-0.263694,-0.190019,0.015120,0.0000,-0.012876,-0.134733,0.000000,0.0000
11952.40,-0.263694,-0.190019,0.015120,0.0000,0.005150,-0.174360,0.000000,0.0000
11957.74,-0.262118,-0.188728,0.015276,0.0000,0.005150,-0.174360,0.000000,0.0000
11963.36,-0.260581,-0.187405,0.015377,0.0000,0.005150,-0.174360,0.000000,0.0000
11968.72,-0.260581,-0.187405,0.015377,0.0000,0.005150,-0.174360,0.000000,0.0000
11974.03,-0.258963,-0.186101,0.015465,0.0000,0.005150,-0.174360,0.000000,0.0000
11979.39,-0.258963,-0.186101,0.015465,0.0000,0.005150,-0.174360,0.000000,0.0000
11984.71,-0.257327,-0.184757,0.015517,0.0000,0.005150,-0.174360,0.000000,0.0000
11990.42,-0.255813,-0.183480,0.015677,0.0000,0.005150,-0.174360,0.000000,0.0000
11995.78,-0.255813,-0.183480,0.015677,0.0000,0.005150,-0.174360,0.000000,0.0000
12001.13,-0.254186,-0.182234,0.015751,0.0000,0.005150,-0.174360,0.000000,0.0000
12006.46,-0.252630,-0.180948,0.015793,0.0000,0.005150,-0.174360,0.000000,0.0000
12011.78,-0.252630,-0.180948,0.015793,0.0000,0.005150,-0.174360,0.000000,0.0000
12017.15,-0.251119,-0.179634,0.015909,0.0000,0.005150,-0.174360,0.000000,0.0000
12022.78,-0.249572,-0.178390,0.015995,0.0000,0.005150,-0.174360,0.000000,0.0000
12028.08,-0.249572,-0.178390,0.015995,0.0000,0.005150,-0.174360,0.000000,0.0000
12033.40,-0.248020,-0.177199,0.016054,0.0000,0.005150,-0.174360,0.000000,0.0000
12039.25,-0.246479,-0.175886,0.016139,0.0000,0.005150,-0.174360,0.000000,0.0000
12044.65,-0.246479,-0.175886,0.016139,0.0000,0.005150,-0.174360,0.000000,0.0000
12049.96,-0.244972,-0.174735,0.016253,0.0000,0.005150,-0.174360,0.000000,0.0000
12055.33,-0.243476,-0.173528,0.016315,0.0000,0.005150,-0.174360,0.000000,0.0000
12060.67,-0.243476,-0.173528,0.016315,0.0000,0.005150,-0.174360,0.000000,0.0000
12066.01,-0.241936,-0.172229,0.016405,0.0000,0.005150,-0.174360,0.000000,0.0000
12071.32,-0.240518,-0.171106,0.016521,0.0000,0.005150,-0.174360,0.000000,0.0000
12077.08,-0.240518,-0.171106,0.016521,0.0000,0.005150,-0.174360,0.000000,0.0000
12082.40,-0.239043,-0.169917,0.016501,0.0000,0.005150,-0.174360,0.000000,0.0000
12087.73,-0.239043,-0.169917,0.016501,0.0000,0.005150,-0.174360,0.000000,0.0000
12093.11,-0.237511,-0.168874,0.016624,0.0000,0.005150,-0.174360,0.000000,0.0000
12098.75,-0.235994,-0.167644,0.016678,0.0000,0.023176,-0.213988,0.000000,0.0000
12104.08,-0.235994,-0.167644,0.016678,0.0000,0.023176,-0.213988,0.000000,0.0000
12109.42,-0.234610,-0.166535,0.016748,0.0000,0.023176,-0.213988,0.000000,0.0000
12114.76,-0.233097,-0.165438,0.016781,0.0000,0.023176,-0.213988,0.000000,0.0000
12120.07,-0.233097,-0.165438,0.016781,0.0000,0.023176,-0.213988,0.000000,0.0000
12125.64,-0.231611,-0.164371,0.016765,0.0000,0.023176,-0.213988,0.000000,0.0000
12131.07,-0.230184,-0.163346,0.016788,0.0000,0.023176,-0.213988,0.000000,0.0000
12136.43,-0.230184,-0.163346,0.016788,0.0000,0.023176,-0.213988,0.000000,0.0000
12141.49,-0.228737,-0.162293,0.016924,0.0000,0.023176,-0.213988,0.000000,0.0000
12146.82,-0.227333,-0.161268,0.017026,0.0000,0.023176,-0.213988,0.000000,0.0000
12152.13,-0.227333,-0.161268,0.017026,0.0000,0.023176,-0.213988,0.000000,0.0000
12157.44,-0.225811,-0.160311,0.016960,0.0000,0.023176,-0.213988,0.000000,0.0000
12163.11,-0.224443,-0.159322,0.017099,0.0000,0.023176,-0.213988,0.000000,0.0000
12168.57,-0.224443,-0.159322,0.017099,0.0000,0.023176,-0.213988,0.000000,0.0000
12174.10,-0.223058,-0.158371,0.017135,0.0000,0.023176,-0.213988,0.000000,0.0000
12179.46,-0.223058,-0.158371,0.017135,0.0000,0.023176,-0.213988,0.000000,0.0000
12184.79,-0.221636,-0.157475,0.017156,0.0000,0.023176,-0.213988,0.000000,0.0000
12190.14,-0.220122,-0.156589,0.017157,0.0000,0.023176,-0.213988,0.000000,0.0000
12195.54,-0.220122,-0.156589,0.017157,0.0000,0.023176,-0.213988,0.000000,0.0000
12200.91,-0.218696,-0.155770,0.017233,0.0000,0.023176,-0.213988,0.000000,0.0000
12206.27,-0.217354,-0.154851,0.017286,0.0000,0.023176,-0.213988,0.000000,0.0000
12211.62,-0.217354,-0.154851,0.017286,0.0000,0.023176,-0.213988,0.000000,0.0000
12217.02,-0.215809,-0.154105,0.017339,0.0000,0.023176,-0.213988,0.000000,0.0000
12222.51,-0.214434,-0.153270,0.017364,0.0000,0.023176,-0.213988,0.000000,0.0000
12227.85,-0.214434,-0.153270,0.017364,0.0000,0.023176,-0.213988,0.000000,0.0000
12233.13,-0.212997,-0.152511,0.017406,0.0000,0.023176,-0.213988,0.000000,0.0000
12238.44,-0.211572,-0.151759,0.017414,0.0000,0.023176,-0.213988,0.000000,0.0000
12243.79,-0.211572,-0.151759,0.017414,0.0000,0.041202,-0.253615,0.000000,0.0000
12249.12,-0.210136,-0.151061,0.017452,0.0000,0.041202,-0.253615,0.000000,0.0000
12254.78,-0.208631,-0.150318,0.017453,0.0000,0.041202,-0.253615,0.000000,0.0000
12260.06,-0.208631,-0.150318,0.017453,0.0000,0.041202,-0.253615,0.000000,0.0000
12266.08,-0.207182,-0.149704,0.017434,0.0000,0.041202,-0.253615,0.000000,0.0000
12271.46,-0.205681,-0.149031,0.017545,0.0000,0.041202,-0.253615,0.000000,0.0000
12276.85,-0.205681,-0.149031,0.017545,0.0000,0.041202,-0.253615,0.000000,0.0000
12282.20,-0.204301,-0.148426,0.017613,0.0000,0.041202,-0.253615,0.000000,0.0000
12287.54,-0.204301,-0.148426,0.017613,0.0000,0.041202,-0.253615,0.000000,0.0000
12292.96,-0.202817,-0.147895,0.017535,0.0000,0.041202,-0.253615,0.000000,0.0000
12298.29,-0.201391,-0.147284,0.017604,0.0000,0.041202,-0.253615,0.000000,0.0000
12303.66,-0.201391,-0.147284,0.017604,0.0000,0.041202,-0.253615,0.000000,0.0000
12309.13,-0.199906,-0.146820,0.017606,0.0000,0.041202,-0.253615,0.000000,0.0000
12314.62,-0.198590,-0.146267,0.017697,0.0000,0.041202,-0.253615,0.000000,0.0000
12319.95,-0.198590,-0.146267,0.017697,0.0000,0.041202,-0.253615,0.000000,0.0000
12325.33,-0.197058,-0.145889,0.017621,0.0000,0.041202,-0.253615,0.000000,0.0000
12330.67,-0.195614,-0.145534,0.017609,0.0000,0.041202,-0.253615,0.000000,0.0000
12336.01,-0.195614,-0.145534,0.017609,0.0000,0.041202,-0.253615,0.000000,0.0000
12341.43,-0.194012,-0.145171,0.017595,0.0000,0.041202,-0.253615,0.000000,0.0000
12346.54,-0.192577,-0.144820,0.017616,0.0000,0.041202,-0.253615,0.000000,0.0000
12351.88,-0.192577,-0.144820,0.017616,0.0000,0.041202,-0.253615,0.000000,0.0000
12357.23,-0.191115,-0.144538,0.017642,0.0000,0.041202,-0.253615,0.000000,0.0000
12362.58,-0.191115,-0.144538,0.017642,0.0000,0.059228,-0.293242,0.000000,0.0000
12367.90,-0.189742,-0.144183,0.017627,0.0000,0.059228,-0.293242,0.000000,0.0000
12373.30,-0.188170,-0.144073,0.017567,0.0000,0.059228,-0.293242,0.000000,0.0000
12378.68,-0.188170,-0.144073,0.017567,0.0000,0.059228,-0.293242,0.000000,0.0000
12384.01,-0.186670,-0.143766,0.017555,0.0000,0.059228,-0.293242,0.000000,0.0000
12389.37,-0.185162,-0.143600,0.017533,0.0000,0.059228,-0.293242,0.000000,0.0000
12394.69,-0.185162,-0.143600,0.017533,0.0000,0.059228,-0.293242,0.000000,0.0000
12400.01,-0.183746,-0.143417,0.017609,0.0000,0.059228,-0.293242,0.000000,0.0000
12405.41,-0.182253,-0.143243,0.017522,0.0000,0.059228,-0.293242,0.000000,0.0000
12410.74,-0.182253,-0.143243,0.017522,0.0000,0.059228,-0.293242,0.000000,0.0000
12416.35,-0.180718,-0.143210,0.017520,0.0000,0.059228,-0.293242,0.000000,0.0000
12421.74,-0.179186,-0.143154,0.017516,0.0000,0.059228,-0.293242,0.000000,0.0000
12427.07,-0.179186,-0.143154,0.017516,0.0000,0.059228,-0.293242,0.000000,0.0000
12432.39,-0.177686,-0.143095,0.017499,0.0000,0.059228,-0.293242,0.000000,0.0000
12437.72,-0.177686,-0.143095,0.017499,0.0000,0.059228,-0.293242,0.000000,0.0000
12443.02,-0.176229,-0.143127,0.017480,0.0000,0.059228,-0.293242,0.000000,0.0000
12448.87,-0.174756,-0.143178,0.017475,0.0000,0.059228,-0.293242,0.000000,0.0000
12454.19,-0.174756,-0.143178,0.017475,0.0000,0.059228,-0.293242,0.000000,0.0000
12459.52,-0.173194,-0.143286,0.017455,0.0000,0.059228,-0.293242,0.000000,0.0000
12464.94,-0.171691,-0.143300,0.017413,0.0000,0.059228,-0.293242,0.000000,0.0000
12470.27,-0.171691,-0.143300,0.017413,0.0000,0.059228,-0.293242,0.000000,0.0000
12475.67,-0.170151,-0.143525,0.017346,0.0000,0.059228,-0.293242,0.000000,0.0000
12481.34,-0.168654,-0.143675,0.017254,0.0000,0.059228,-0.293242,0.000000,0.0000
12486.68,-0.168654,-0.143675,0.017254,0.0000,0.059228,-0.293242,0.000000,0.0000
12492.08,-0.167145,-0.143845,0.017270,0.0000,0.059228,-0.293242,0.000000,0.0000
12497.61,-0.165519,-0.144163,0.017182,0.0000,0.059228,-0.293242,0.000000,0.0000
12502.94,-0.165519,-0.144163,0.017182,0.0000,0.059228,-0.293242,0.000000,0.0000
12508.29,-0.164071,-0.144412,0.017191,0.0000,0.077254,-0.332870,0.000000,0.0000
12513.62,-0.162447,-0.144739,0.017170,0.0000,0.077254,-0.332870,0.000000,0.0000
12518.94,-0.162447,-0.144739,0.017170,0.0000,0.077254,-0.332870,0.000000,0.0000
12524.63,-0.160953,-0.145074,0.017181,0.0000,0.077254,-0.332870,0.000000,0.0000
12530.16,-0.159309,-0.145540,0.017057,0.0000,0.077254,-0.332870,0.000000,0.0000
12535.63,-0.159309,-0.145540,0.017057,0.0000,0.077254,-0.332870,0.000000,0.0000
12541.07,-0.157711,-0.145980,0.017026,0.0000,0.077254,-0.332870,0.000000,0.0000
12546.53,-0.156189,-0.146416,0.016991,0.0000,0.077254,-0.332870,0.000000,0.0000
12551.66,-0.156189,-0.146416,0.016991,0.0000,0.077254,-0.332870,0.000000,0.0000
12557.01,-0.154663,-0.146861,0.016996,0.0000,0.077254,-0.332870,0.000000,0.0000
12562.37,-0.154663,-0.146861,0.016996,0.0000,0.077254,-0.332870,0.000000,0.0000
12567.70,-0.153112,-0.147404,0.016960,0.0000,0.077254,-0.332870,0.000000,0.0000
12573.01,-0.151537,-0.148014,0.016901,0.0000,0.077254,-0.332870,0.000000,0.0000
12578.32,-0.151537,-0.148014,0.016901,0.0000,0.077254,-0.332870,0.000000,0.0000
12583.65,-0.149988,-0.148527,0.016910,0.0000,0.077254,-0.332870,0.000000,0.0000
12589.07,-0.148448,-0.149156,0.016894,0.0000,0.077254,-0.332870,0.000000,0.0000
12594.43,-0.148448,-0.149156,0.016894,0.0000,0.077254,-0.332870,0.000000,0.0000
12599.82,-0.146879,-0.149763,0.016874,0.0000,0.077254,-0.332870,0.000000,0.0000
12605.12,-0.145323,-0.150371,0.016903,0.0000,0.077254,-0.332870,0.000000,0.0000
12610.48,-0.145323,-0.150371,0.016903,0.0000,0.077254,-0.332870,0.000000,0.0000
12615.90,-0.143838,-0.151114,0.016869,0.0000,0.077254,-0.332870,0.000000,0.0000
12621.19,-0.143838,-0.151114,0.016869,0.0000,0.077254,-0.332870,0.000000,0.0000
12626.50,-0.142170,-0.151897,0.016826,0.0000,0.077254,-0.332870,0.000000,0.0000
12631.84,-0.140632,-0.152661,0.016856,0.0000,0.077254,-0.332870,0.000000,0.0000
12637.19,-0.140632,-0.152661,0.016856,0.0000,0.077254,-0.332870,0.000000,0.0000
12643.83,-0.139029,-0.153478,0.016851,0.0000,0.077254,-0.332870,0.000000,0.0000
12649.16,-0.137517,-0.154381,0.016796,0.0000,0.095280,-0.372497,0.000000,0.0000
12654.49,-0.137517,-0.154381,0.016796,0.0000,0.095280,-0.372497,0.000000,0.0000
12659.82,-0.135884,-0.155268,0.016811,0.0000,0.095280,-0.372497,0.000000,0.0000
12665.19,-0.134380,-0.156120,0.016782,0.0000,0.095280,-0.372497,0.000000,0.0000
12670.54,-0.134380,-0.156120,0.016782,0.0000,0.095280,-0.372497,0.000000,0.0000
12675.87,-0.132734,-0.157058,0.016782,0.0000,0.095280,-0.372497,0.000000,0.0000
12681.23,-0.131139,-0.158066,0.016787,0.0000,0.095280,-0.372497,0.000000,0.0000
12686.55,-0.131139,-0.158066,0.016787,0.0000,0.095280,-0.372497,0.000000,0.0000
12691.89,-0.129591,-0.159050,0.016844,0.0000,0.095280,-0.372497,0.000000,0.0000
12697.19,-0.128078,-0.160048,0.016816,0.0000,0.095280,-0.372497,0.000000,0.0000
12702.57,-0.128078,-0.160048,0.016816,0.0000,0.095280,-0.372497,0.000000,0.0000
12708.01,-0.126500,-0.161122,0.016845,0.0000,0.095280,-0.372497,0.000000,0.0000
12713.35,-0.124937,-0.162136,0.016848,0.0000,0.095280,-0.372497,0.000000,0.0000
12718.74,-0.124937,-0.162136,0.016848,0.0000,0.095280,-0.372497,0.000000,0.0000
12724.08,-0.123245,-0.163220,0.016910,0.0000,0.095280,-0.372497,0.000000,0.0000
12729.42,-0.123245,-0.163220,0.016910,0.0000,0.095280,-0.372497,0.000000,0.0000
12735.44,-0.121734,-0.164402,0.016971,0.0000,0.095280,-0.372497,0.000000,0.0000
12740.79,-0.120176,-0.165514,0.016936,0.0000,0.095280,-0.372497,0.000000,0.0000
12746.15,-0.118617,-0.166666,0.016985,0.0000,0.095280,-0.372497,0.000000,0.0000
12751.55,-0.118617,-0.166666,0.016985,0.0000,0.095280,-0.372497,0.000000,0.0000
12756.89,-0.117019,-0.167941,0.017040,0.0000,0.095280,-0.372497,0.000000,0.0000
12762.19,-0.117019,-0.167941,0.017040,0.0000,0.095280,-0.372497,0.000000,0.0000
12767.50,-0.115433,-0.169192,0.017060,0.0000,0.095280,-0.372497,0.000000,0.0000
12772.83,-0.113915,-0.170470,0.017080,0.0000,0.095280,-0.372497,0.000000,0.0000
12778.15,-0.113915,-0.170470,0.017080,0.0000,0.095280,-0.372497,0.000000,0.0000
12783.55,-0.112366,-0.171760,0.017077,0.0000,0.095280,-0.372497,0.000000,0.0000
12788.95,-0.110780,-0.173064,0.017127,0.0000,0.095280,-0.372497,0.000000,0.0000
12794.29,-0.110780,-0.173064,0.017127,0.0000,0.113306,-0.412124,0.000000,0.0000
12799.62,-0.109260,-0.174488,0.017212,0.0000,0.113306,-0.412124,0.000000,0.0000
12804.94,-0.107702,-0.175893,0.017171,0.0000,0.113306,-0.412124,0.000000,0.0000
12810.35,-0.107702,-0.175893,0.017171,0.0000,0.113306,-0.412124,0.000000,0.0000
12815.82,-0.106114,-0.177296,0.017221,0.0000,0.113306,-0.412124,0.000000,0.0000
12821.24,-0.104521,-0.178722,0.017270,0.0000,0.113306,-0.412124,0.000000,0.0000
12826.67,-0.104521,-0.178722,0.017270,0.0000,0.113306,-0.412124,0.000000,0.0000
12832.04,-0.103044,-0.180095,0.017345,0.0000,0.113306,-0.412124,0.000000,0.0000
12837.35,-0.103044,-0.180095,0.017345,0.0000,0.113306,-0.412124,0.000000,0.0000
12842.68,-0.101517,-0.181619,0.017385,0.0000,0.113306,-0.412124,0.000000,0.0000
12848.04,-0.099864,-0.183113,0.017392,0.0000,0.113306,-0.412124,0.000000,0.0000
12853.41,-0.099864,-0.183113,0.017392,0.0000,0.113306,-0.412124,0.000000,0.0000
12858.89,-0.098353,-0.184679,0.017452,0.0000,0.113306,-0.412124,0.000000,0.0000
12864.18,-0.096807,-0.186235,0.017437,0.0000,0.113306,-0.412124,0.000000,0.0000
12869.57,-0.096807,-0.186235,0.017437,0.0000,0.113306,-0.412124,0.000000,0.0000
12874.95,-0.095259,-0.187845,0.017477,0.0000,0.113306,-0.412124,0.000000,0.0000
12880.27,-0.093711,-0.189421,0.017513,0.0000,0.113306,-0.412124,0.000000,0.0000
12885.60,-0.093711,-0.189421,0.017513,0.0000,0.113306,-0.412124,0.000000,0.0000
12890.93,-0.092134,-0.191029,0.017555,0.0000,0.113306,-0.412124,0.000000,0.0000
12896.28,-0.090628,-0.192652,0.017595,0.0000,0.113306,-0.412124,0.000000,0.0000
12901.59,-0.090628,-0.192652,0.017595,0.0000,0.113306,-0.412124,0.000000,0.0000
12906.92,-0.089177,-0.194349,0.017641,0.0000,0.113306,-0.412124,0.000000,0.0000
12912.26,-0.089177,-0.194349,0.017641,0.0000,0.113306,-0.412124,0.000000,0.0000
12917.83,-0.087633,-0.196032,0.017738,0.0000,0.113306,-0.412124,0.000000,0.0000
12923.13,-0.086131,-0.197689,0.017816,0.0000,0.113306,-0.412124,0.000000,0.0000
12928.45,-0.086131,-0.197689,0.017816,0.0000,0.113306,-0.412124,0.000000,0.0000
12933.80,-0.084677,-0.199419,0.017867,0.0000,0.131332,-0.451752,0.000000,0.0000
12939.52,-0.083204,-0.201163,0.017908,0.0000,0.131332,-0.451752,0.000000,0.0000
12944.86,-0.083204,-0.201163,0.017908,0.0000,0.131332,-0.451752,0.000000,0.0000
12950.20,-0.081683,-0.202927,0.017976,0.0000,0.131332,-0.451752,0.000000,0.0000
12955.78,-0.080159,-0.204637,0.018016,0.0000,0.131332,-0.451752,0.000000,0.0000
12961.15,-0.080159,-0.204637,0.018016,0.0000,0.131332,-0.451752,0.000000,0.0000
12966.46,-0.078722,-0.206512,0.018036,0.0000,0.131332,-0.451752,0.000000,0.0000
12971.85,-0.077230,-0.208274,0.018085,0.0000,0.131332,-0.451752,0.000000,0.0000
12977.17,-0.077230,-0.208274,0.018085,0.0000,0.131332,-0.451752,0.000000,0.0000
12982.50,-0.075730,-0.210108,0.018158,0.0000,0.131332,-0.451752,0.000000,0.0000
12987.82,-0.075730,-0.210108,0.018158,0.0000,0.131332,-0.451752,0.000000,0.0000
12993.14,-0.074177,-0.211937,0.018187,0.0000,0.131332,-0.451752,0.000000,0.0000
12998.58,-0.072772,-0.213683,0.018282,0.0000,0.131332,-0.451752,0.000000,0.0000
13003.95,-0.072772,-0.213683,0.018282,0.0000,0.131332,-0.451752,0.000000,0.0000
13009.28,-0.071288,-0.215617,0.018301,0.0000,0.131332,-0.451752,0.000000,0.0000
13014.60,-0.069802,-0.217466,0.018409,0.0000,0.131332,-0.451752,0.000000,0.0000
13020.07,-0.069802,-0.217466,0.018409,0.0000,0.131332,-0.451752,0.000000,0.0000
13025.62,-0.068364,-0.219300,0.018537,0.0000,0.131332,-0.451752,0.000000,0.0000
13031.14,-0.066911,-0.221278,0.018591,0.0000,0.131332,-0.451752,0.000000,0.0000
13036.46,-0.066911,-0.221278,0.018591,0.0000,0.131332,-0.451752,0.000000,0.0000
13041.79,-0.065446,-0.223052,0.018600,0.0000,0.131332,-0.451752,0.000000,0.0000
13047.14,-0.064098,-0.224985,0.018671,0.0000,0.131332,-0.451752,0.000000,0.0000
13052.49,-0.064098,-0.224985,0.018671,0.0000,0.131332,-0.451752,0.000000,0.0000
13057.88,-0.062731,-0.226884,0.018731,0.0000,0.149358,-0.491379,0.000000,0.0000
13063.26,-0.061340,-0.228744,0.018783,0.0000,0.149358,-0.491379,0.000000,0.0000
13068.61,-0.061340,-0.228744,0.018783,0.0000,0.149358,-0.491379,0.000000,0.0000
13073.92,-0.059912,-0.230742,0.018786,0.0000,0.149358,-0.491379,0.000000,0.0000
13079.27,-0.059912,-0.230742,0.018786,0.0000,0.149358,-0.491379,0.000000,0.0000
13084.60,-0.058587,-0.232673,0.018812,0.0000,0.149358,-0.491379,0.000000,0.0000
13089.94,-0.057213,-0.234614,0.018792,0.0000,0.149358,-0.491379,0.000000,0.0000
13095.29,-0.057213,-0.234614,0.018792,0.0000,0.149358,-0.491379,0.000000,0.0000
13100.70,-0.055840,-0.236599,0.018878,0.0000,0.149358,-0.491379,0.000000,0.0000
13106.07,-0.054469,-0.238563,0.018962,0.0000,0.149358,-0.491379,0.000000,0.0000
13111.46,-0.054469,-0.238563,0.018962,0.0000,0.149358,-0.491379,0.000000,0.0000
13116.93,-0.053056,-0.240494,0.018938,0.0000,0.149358,-0.491379,0.000000,0.0000
13122.95,-0.051721,-0.242551,0.018996,0.0000,0.149358,-0.491379,0.000000,0.0000
13128.29,-0.051721,-0.242551,0.018996,0.0000,0.149358,-0.491379,0.000000,0.0000
13133.63,-0.050307,-0.244470,0.019008,0.0000,0.149358,-0.491379,0.000000,0.0000
13139.21,-0.049018,-0.246423,0.019036,0.0000,0.149358,-0.491379,0.000000,0.0000
13144.53,-0.049018,-0.246423,0.019036,0.0000,0.149358,-0.491379,0.000000,0.0000
13149.86,-0.047733,-0.248472,0.019117,0.0000,0.149358,-0.491379,0.000000,0.0000
13155.19,-0.046393,-0.250426,0.019163,0.0000,0.149358,-0.491379,0.000000,0.0000
13160.52,-0.046393,-0.250426,0.019163,0.0000,0.149358,-0.491379,0.000000,0.0000
13165.89,-0.045075,-0.252438,0.019131,0.0000,0.149358,-0.491379,0.000000,0.0000
13171.45,-0.043826,-0.254533,0.019192,0.0000,0.149358,-0.491379,0.000000,0.0000
13176.91,-0.043826,-0.254533,0.019192,0.0000,0.149358,-0.491379,0.000000,0.0000
13182.30,-0.042506,-0.256499,0.019214,0.0000,0.149358,-0.491379,0.000000,0.0000
13187.69,-0.042506,-0.256499,0.019214,0.0000,0.149358,-0.491379,0.000000,0.0000
13193.01,-0.041199,-0.258464,0.019263,0.0000,0.149358,-0.491379,0.000000,0.0000
13198.52,-0.040007,-0.260541,0.019294,0.0000,0.149358,-0.491379,0.000000,0.0000
13203.88,-0.040007,-0.260541,0.019294,0.0000,0.167384,-0.531007,0.000000,0.0000
13209.23,-0.038771,-0.262573,0.019301,0.0000,0.167384,-0.531007,0.000000,0.0000
13214.56,-0.037550,-0.264686,0.019300,0.0000,0.167384,-0.531007,0.000000,0.0000
13219.89,-0.037550,-0.264686,0.019300,0.0000,0.167384,-0.531007,0.000000,0.0000
13225.40,-0.036202,-0.266814,0.019336,0.0000,0.167384,-0.531007,0.000000,0.0000
13230.87,-0.035046,-0.268810,0.019412,0.0000,0.167384,-0.531007,0.000000,0.0000
13236.20,-0.035046,-0.268810,0.019412,0.0000,0.167384,-0.531007,0.000000,0.0000
13241.57,-0.033806,-0.270833,0.019435,0.0000,0.167384,-0.531007,0.000000,0.0000
13246.90,-0.032595,-0.272970,0.019431,0.0000,0.167384,-0.531007,0.000000,0.0000
13252.18,-0.032595,-0.272970,0.019431,0.0000,0.167384,-0.531007,0.000000,0.0000
13257.50,-0.031377,-0.275107,0.019386,0.0000,0.167384,-0.531007,0.000000,0.0000
13263.07,-0.030173,-0.277166,0.019459,0.0000,0.167384,-0.531007,0.000000,0.0000
13268.56,-0.030173,-0.277166,0.019459,0.0000,0.167384,-0.531007,0.000000,0.0000
13273.95,-0.028935,-0.279272,0.019465,0.0000,0.167384,-0.531007,0.000000,0.0000
13279.31,-0.028935,-0.279272,0.019465,0.0000,0.167384,-0.531007,0.000000,0.0000
13284.68,-0.027700,-0.281475,0.019403,0.0000,0.167384,-0.531007,0.000000,0.0000
13290.28,-0.026514,-0.283572,0.019368,0.0000,0.167384,-0.531007,0.000000,0.0000
13295.59,-0.026514,-0.283572,0.019368,0.0000,0.167384,-0.531007,0.000000,0.0000
13300.95,-0.025349,-0.285701,0.019453,0.0000,0.167384,-0.531007,0.000000,0.0000
13306.34,-0.024105,-0.287805,0.019454,0.0000,0.167384,-0.531007,0.000000,0.0000
13311.71,-0.024105,-0.287805,0.019454,0.0000,0.167384,-0.531007,0.000000,0.0000
13317.31,-0.022862,-0.289927,0.019444,0.0000,0.167384,-0.531007,0.000000,0.0000
13322.72,-0.021726,-0.292057,0.019373,0.0000,0.167384,-0.531007,0.000000,0.0000
13328.26,-0.021726,-0.292057,0.019373,0.0000,0.167384,-0.531007,0.000000,0.0000
13333.62,-0.020564,-0.294179,0.019343,0.0000,0.167384,-0.531007,0.000000,0.0000
13339.10,-0.019377,-0.296395,0.019437,0.0000,0.167384,-0.531007,0.000000,0.0000
13344.43,-0.019377,-0.296395,0.019437,0.0000,0.185410,-0.570634,0.000000,0.0000
13349.84,-0.018212,-0.298500,0.019503,0.0000,0.185410,-0.570634,0.000000,0.0000
13355.18,-0.017136,-0.300730,0.019374,0.0000,0.185410,-0.570634,0.000000,0.0000
13360.53,-0.017136,-0.300730,0.019374,0.0000,0.185410,-0.570634,0.000000,0.0000
13365.89,-0.015822,-0.303188,0.019295,0.0000,0.185410,-0.570634,0.000000,0.0000
13371.40,-0.014557,-0.305392,0.019273,0.0000,0.185410,-0.570634,0.000000,0.0000
13376.86,-0.014557,-0.305392,0.019273,0.0000,0.185410,-0.570634,0.000000,0.0000
13382.25,-0.013508,-0.307528,0.019245,0.0000,0.185410,-0.570634,0.000000,0.0000
13387.62,-0.013508,-0.307528,0.019245,0.0000,0.185410,-0.570634,0.000000,0.0000
13393.01,-0.012241,-0.309755,0.019237,0.0000,0.185410,-0.570634,0.000000,0.0000
13398.42,-0.011060,-0.311955,0.019148,0.0000,0.185410,-0.570634,0.000000,0.0000
13403.88,-0.011060,-0.311955,0.019148,0.0000,0.185410,-0.570634,0.000000,0.0000
13409.19,-0.009951,-0.314020,0.019145,0.0000,0.185410,-0.570634,0.000000,0.0000
13414.51,-0.008905,-0.316248,0.019219,0.0000,0.185410,-0.570634,0.000000,0.0000
13419.84,-0.008905,-0.316248,0.019219,0.0000,0.185410,-0.570634,0.000000,0.0000
13425.27,-0.007672,-0.318573,0.019119,0.0000,0.185410,-0.570634,0.000000,0.0000
13431.30,-0.006491,-0.320771,0.019102,0.0000,0.185410,-0.570634,0.000000,0.0000
13436.65,-0.006491,-0.320771,0.019102,0.0000,0.185410,-0.570634,0.000000,0.0000
13441.95,-0.005408,-0.322991,0.019073,0.0000,0.185410,-0.570634,0.000000,0.0000
13447.53,-0.004184,-0.325207,0.018948,0.0000,0.185410,-0.570634,0.000000,0.0000
13452.89,-0.004184,-0.325207,0.018948,0.0000,0.185410,-0.570634,0.000000,0.0000
13458.19,-0.003046,-0.327535,0.018976,0.0000,0.185410,-0.570634,0.000000,0.0000
13463.52,-0.001885,-0.330424,0.018612,0.0000,0.185410,-0.570634,0.000000,0.0000
13468.90,-0.001885,-0.330424,0.018612,0.0000,0.185410,-0.570634,0.000000,0.0000
13474.36,-0.000741,-0.331956,0.018890,0.0000,0.185410,-0.570634,0.000000,0.0000
13479.84,0.000603,-0.334287,0.018879,0.0000,0.185410,-0.570634,0.000000,0.0000
13485.34,0.000603,-0.334287,0.018879,0.0000,0.185410,-0.570634,0.000000,0.0000
13490.89,0.001693,-0.336523,0.018799,0.0000,0.176701,-0.527979,0.000000,0.0000
13496.37,0.002799,-0.338753,0.018738,0.0000,0.176701,-0.527979,0.000000,0.0000
13501.69,0.002799,-0.338753,0.018738,0.0000,0.176701,-0.527979,0.000000,0.0000
13506.95,0.003915,-0.341104,0.018642,0.0000,0.176701,-0.527979,0.000000,0.0000
13512.26,0.003915,-0.341104,0.018642,0.0000,0.176701,-0.527979,0.000000,0.0000
13517.60,0.005071,-0.343253,0.018717,0.0000,0.176701,-0.527979,0.000000,0.0000
13522.96,0.006188,-0.345413,0.018672,0.0000,0.176701,-0.527979,0.000000,0.0000
13528.30,0.006188,-0.345413,0.018672,0.0000,0.176701,-0.527979,0.000000,0.0000
13534.19,0.007266,-0.348125,0.018389,0.0000,0.176701,-0.527979,0.000000,0.0000
13539.51,0.008575,-0.350086,0.018484,0.0000,0.176701,-0.527979,0.000000,0.0000
13544.88,0.008575,-0.350086,0.018484,0.0000,0.176701,-0.527979,0.000000,0.0000
13550.20,0.009648,-0.352120,0.018540,0.0000,0.176701,-0.527979,0.000000,0.0000
13555.52,0.010751,-0.354411,0.018539,0.0000,0.176701,-0.527979,0.000000,0.0000
13560.84,0.010751,-0.354411,0.018539,0.0000,0.176701,-0.527979,0.000000,0.0000
13566.16,0.011937,-0.356602,0.018471,0.0000,0.176701,-0.527979,0.000000,0.0000
13571.59,0.013037,-0.358761,0.018438,0.0000,0.176701,-0.527979,0.000000,0.0000
13576.95,0.013037,-0.358761,0.018438,0.0000,0.176701,-0.527979,0.000000,0.0000
13582.29,0.014218,-0.360917,0.018456,0.0000,0.176701,-0.527979,0.000000,0.0000
13587.65,0.014218,-0.360917,0.018456,0.0000,0.176701,-0.527979,0.000000,0.0000
13593.07,0.015273,-0.363079,0.018399,0.0000,0.176701,-0.527979,0.000000,0.0000
13598.42,0.016404,-0.365318,0.018199,0.0000,0.176701,-0.527979,0.000000,0.0000
13603.76,0.016404,-0.365318,0.018199,0.0000,0.176701,-0.527979,0.000000,0.0000
13609.12,0.017419,-0.367356,0.018254,0.0000,0.176701,-0.527979,0.000000,0.0000
13614.47,0.018674,-0.369668,0.018079,0.0000,0.176701,-0.527979,0.000000,0.0000
13619.80,0.018674,-0.369668,0.018079,0.0000,0.176701,-0.527979,0.000000,0.0000
13625.16,0.019801,-0.371736,0.017994,0.0000,0.176701,-0.527979,0.000000,0.0000
13630.47,0.020888,-0.373750,0.018003,0.0000,0.176701,-0.527979,0.000000,0.0000
13636.07,0.020888,-0.373750,0.018003,0.0000,0.167992,-0.485325,0.000000,0.0000
13641.48,0.022017,-0.375953,0.017949,0.0000,0.167992,-0.485325,0.000000,0.0000
13646.82,0.023005,-0.378096,0.017862,0.0000,0.167992,-0.485325,0.000000,0.0000
13652.14,0.023005,-0.378096,0.017862,0.0000,0.167992,-0.485325,0.000000,0.0000
13657.47,0.024025,-0.380058,0.017796,0.0000,0.167992,-0.485325,0.000000,0.0000
13663.06,0.025182,-0.382132,0.017710,0.0000,0.167992,-0.485325,0.000000,0.0000
13668.56,0.025182,-0.382132,0.017710,0.0000,0.167992,-0.485325,0.000000,0.0000
13673.91,0.026177,-0.384094,0.017569,0.0000,0.167992,-0.485325,0.000000,0.0000
13679.17,0.026177,-0.384094,0.017569,0.0000,0.167992,-0.485325,0.000000,0.0000
13684.49,0.027198,-0.385977,0.017444,0.0000,0.167992,-0.485325,0.000000,0.0000
13689.90,0.028220,-0.388021,0.017434,0.0000,0.167992,-0.485325,0.000000,0.0000
13695.18,0.028220,-0.388021,0.017434,0.0000,0.167992,-0.485325,0.000000,0.0000
13700.60,0.029252,-0.389830,0.017419,0.0000,0.167992,-0.485325,0.000000,0.0000
13706.14,0.030215,-0.391691,0.017352,0.0000,0.167992,-0.485325,0.000000,0.0000
13711.46,0.030215,-0.391691,0.017352,0.0000,0.167992,-0.485325,0.000000,0.0000
13716.83,0.031253,-0.393642,0.017208,0.0000,0.167992,-0.485325,0.000000,0.0000
13722.33,0.032240,-0.395336,0.017154,0.0000,0.167992,-0.485325,0.000000,0.0000
13727.64,0.032240,-0.395336,0.017154,0.0000,0.167992,-0.485325,0.000000,0.0000
13732.95,0.033224,-0.397268,0.017025,0.0000,0.167992,-0.485325,0.000000,0.0000
13738.83,0.034091,-0.398883,0.016978,0.0000,0.167992,-0.485325,0.000000,0.0000
13744.13,0.034091,-0.398883,0.016978,0.0000,0.167992,-0.485325,0.000000,0.0000
13749.62,0.035094,-0.400740,0.016818,0.0000,0.167992,-0.485325,0.000000,0.0000
13755.02,0.035970,-0.402369,0.016696,0.0000,0.159283,-0.442670,0.000000,0.0000
13760.36,0.035970,-0.402369,0.016696,0.0000,0.159283,-0.442670,0.000000,0.0000
13765.68,0.036941,-0.404009,0.016588,0.0000,0.159283,-0.442670,0.000000,0.0000
13771.29,0.037775,-0.405609,0.016471,0.0000,0.159283,-0.442670,0.000000,0.0000
13776.96,0.037775,-0.405609,0.016471,0.0000,0.159283,-0.442670,0.000000,0.0000
13782.37,0.038685,-0.407128,0.016368,0.0000,0.159283,-0.442670,0.000000,0.0000
13787.92,0.039548,-0.408691,0.016294,0.0000,0.159283,-0.442670,0.000000,0.0000
13793.32,0.039548,-0.408691,0.016294,0.0000,0.159283,-0.442670,0.000000,0.0000
13798.76,0.040339,-0.410137,0.016215,0.0000,0.159283,-0.442670,0.000000,0.0000
13804.13,0.040339,-0.410137,0.016215,0.0000,0.159283,-0.442670,0.000000,0.0000
13809.53,0.041167,-0.411602,0.016094,0.0000,0.159283,-0.442670,0.000000,0.0000
13814.89,0.042066,-0.413042,0.016022,0.0000,0.159283,-0.442670,0.000000,0.0000
13820.21,0.042066,-0.413042,0.016022,0.0000,0.159283,-0.442670,0.000000,0.0000
13825.63,0.042753,-0.414294,0.015963,0.0000,0.159283,-0.442670,0.000000,0.0000
13830.98,0.043581,-0.415722,0.015849,0.0000,0.159283,-0.442670,0.000000,0.0000
13836.33,0.043581,-0.415722,0.015849,0.0000,0.159283,-0.442670,0.000000,0.0000
13842.22,0.044305,-0.416788,0.015819,0.0000,0.159283,-0.442670,0.000000,0.0000
13847.63,0.045033,-0.418104,0.015682,0.0000,0.159283,-0.442670,0.000000,0.0000
13852.96,0.045033,-0.418104,0.015682,0.0000,0.159283,-0.442670,0.000000,0.0000
13858.42,0.045726,-0.419290,0.015495,0.0000,0.159283,-0.442670,0.000000,0.0000
13863.78,0.046396,-0.420291,0.015403,0.0000,0.159283,-0.442670,0.000000,0.0000
13869.07,0.046396,-0.420291,0.015403,0.0000,0.159283,-0.442670,0.000000,0.0000
13874.41,0.047093,-0.421473,0.015282,0.0000,0.159283,-0.442670,0.000000,0.0000
13880.03,0.047661,-0.422484,0.015182,0.0000,0.159283,-0.442670,0.000000,0.0000
13885.48,0.047661,-0.422484,0.015182,0.0000,0.159283,-0.442670,0.000000,0.0000
13890.83,0.048277,-0.423380,0.015070,0.0000,0.159283,-0.442670,0.000000,0.0000
13896.13,0.048277,-0.423380,0.015070,0.0000,0.159283,-0.442670,0.000000,0.0000
13901.48,0.048894,-0.424310,0.014932,0.0000,0.150574,-0.400015,0.000000,0.0000
13907.07,0.049515,-0.425325,0.014811,0.0000,0.150574,-0.400015,0.000000,0.0000
13912.38,0.049515,-0.425325,0.014811,0.0000,0.150574,-0.400015,0.000000,0.0000
13917.77,0.050104,-0.426100,0.014712,0.0000,0.150574,-0.400015,0.000000,0.0000
13923.24,0.050606,-0.426732,0.014653,0.0000,0.150574,-0.400015,0.000000,0.0000
13928.55,0.050606,-0.426732,0.014653,0.0000,0.150574,-0.400015,0.000000,0.0000
13933.97,0.051143,-0.427538,0.014518,0.0000,0.150574,-0.400015,0.000000,0.0000
13939.40,0.051596,-0.428306,0.014440,0.0000,0.150574,-0.400015,0.000000,0.0000
13945.27,0.051596,-0.428306,0.014440,0.0000,0.150574,-0.400015,0.000000,0.0000
13950.89,0.052098,-0.429024,0.014308,0.0000,0.150574,-0.400015,0.000000,0.0000
13956.30,0.052534,-0.429555,0.014269,0.0000,0.150574,-0.400015,0.000000,0.0000
13961.65,0.052534,-0.429555,0.014269,0.0000,0.150574,-0.400015,0.000000,0.0000
13966.96,0.052973,-0.430076,0.014251,0.0000,0.150574,-0.400015,0.000000,0.0000
13972.66,0.053439,-0.430638,0.014178,0.0000,0.150574,-0.400015,0.000000,0.0000
13977.97,0.053439,-0.430638,0.014178,0.0000,0.150574,-0.400015,0.000000,0.0000
13983.35,0.053800,-0.431105,0.014127,0.0000,0.150574,-0.400015,0.000000,0.0000
13988.67,0.054223,-0.431587,0.014032,0.0000,0.150574,-0.400015,0.000000,0.0000
13994.02,0.054223,-0.431587,0.014032,0.0000,0.150574,-0.400015,0.000000,0.0000
13999.33,0.054605,-0.432033,0.013937,0.0000,0.150574,-0.400015,0.000000,0.0000
14004.86,0.054954,-0.432376,0.013897,0.0000,0.150574,-0.400015,0.000000,0.0000
14010.27,0.054954,-0.432376,0.013897,0.0000,0.150574,-0.400015,0.000000,0.0000
14015.59,0.055269,-0.432675,0.013830,0.0000,0.150574,-0.400015,0.000000,0.0000
14020.92,0.055269,-0.432675,0.013830,0.0000,0.150574,-0.400015,0.000000,0.0000
14026.96,0.055604,-0.432964,0.013778,0.0000,0.150574,-0.400015,0.000000,0.0000
14032.39,0.055896,-0.433184,0.013747,0.0000,0.150574,-0.400015,0.000000,0.0000
14037.73,0.055896,-0.433184,0.013747,0.0000,0.150574,-0.400015,0.000000,0.0000
14043.10,0.056212,-0.433351,0.013677,0.0000,0.141865,-0.357361,0.000000,0.0000
14048.64,0.056446,-0.433493,0.013648,0.0000,0.141865,-0.357361,0.000000,0.0000
14053.95,0.056446,-0.433493,0.013648,0.0000,0.141865,-0.357361,0.000000,0.0000
14059.30,0.056681,-0.433610,0.013594,0.0000,0.141865,-0.357361,0.000000,0.0000
14064.65,0.056935,-0.433749,0.013525,0.0000,0.141865,-0.357361,0.000000,0.0000
14069.97,0.056935,-0.433749,0.013525,0.0000,0.141865,-0.357361,0.000000,0.0000
14075.33,0.057162,-0.433808,0.013479,0.0000,0.141865,-0.357361,0.000000,0.0000
14080.70,0.057432,-0.433845,0.013410,0.0000,0.141865,-0.357361,0.000000,0.0000
14086.01,0.057432,-0.433845,0.013410,0.0000,0.141865,-0.357361,0.000000,0.0000
14091.41,0.057585,-0.433874,0.013373,0.0000,0.141865,-0.357361,0.000000,0.0000
14096.88,0.057795,-0.433907,0.013337,0.0000,0.141865,-0.357361,0.000000,0.0000
14102.19,0.057795,-0.433907,0.013337,0.0000,0.141865,-0.357361,0.000000,0.0000
14107.82,0.058008,-0.433864,0.013291,0.0000,0.141865,-0.357361,0.000000,0.0000
14113.32,0.058184,-0.433837,0.013247,0.0000,0.141865,-0.357361,0.000000,0.0000
14118.68,0.058184,-0.433837,0.013247,0.0000,0.141865,-0.357361,0.000000,0.0000
14124.02,0.058347,-0.433798,0.013218,0.0000,0.141865,-0.357361,0.000000,0.0000
14129.34,0.058347,-0.433798,0.013218,0.0000,0.141865,-0.357361,0.000000,0.0000
14134.67,0.058505,-0.433692,0.013178,0.0000,0.141865,-0.357361,0.000000,0.0000
14140.34,0.058649,-0.433556,0.013155,0.0000,0.141865,-0.357361,0.000000,0.0000
14145.72,0.058649,-0.433556,0.013155,0.0000,0.141865,-0.357361,0.000000,0.0000
14151.06,0.058777,-0.433381,0.013097,0.0000,0.141865,-0.357361,0.000000,0.0000
14156.41,0.058863,-0.433176,0.013097,0.0000,0.141865,-0.357361,0.000000,0.0000
14161.75,0.058863,-0.433176,0.013097,0.0000,0.141865,-0.357361,0.000000,0.0000
14167.10,0.058962,-0.432883,0.013073,0.0000,0.141865,-0.357361,0.000000,0.0000
14172.64,0.059064,-0.432518,0.013046,0.0000,0.141865,-0.357361,0.000000,0.0000
14178.08,0.059064,-0.432518,0.013046,0.0000,0.141865,-0.357361,0.000000,0.0000
14183.48,0.059109,-0.432138,0.013086,0.0000,0.141865,-0.357361,0.000000,0.0000
14189.03,0.059195,-0.431868,0.013080,0.0000,0.133156,-0.314706,0.000000,0.0000
14194.36,0.059195,-0.431868,0.013080,0.0000,0.133156,-0.314706,0.000000,0.0000
14199.71,0.059304,-0.431642,0.013034,0.0000,0.133156,-0.314706,0.000000,0.0000
14205.04,0.059308,-0.431390,0.013045,0.0000,0.133156,-0.314706,0.000000,0.0000
14210.87,0.059308,-0.431390,0.013045,0.0000,0.133156,-0.314706,0.000000,0.0000
14216.19,0.059409,-0.431125,0.013017,0.0000,0.133156,-0.314706,0.000000,0.0000
14221.56,0.059497,-0.430745,0.013024,0.0000,0.133156,-0.314706,0.000000,0.0000
14226.93,0.059497,-0.430745,0.013024,0.0000,0.133156,-0.314706,0.000000,0.0000
14232.25,0.059481,-0.430236,0.013087,0.0000,0.133156,-0.314706,0.000000,0.0000
14237.61,0.059481,-0.430236,0.013087,0.0000,0.133156,-0.314706,0.000000,0.0000
14242.93,0.059516,-0.429752,0.013124,0.0000,0.133156,-0.314706,0.000000,0.0000
14248.28,0.059564,-0.429287,0.013108,0.0000,0.133156,-0.314706,0.000000,0.0000
14253.60,0.059564,-0.429287,0.013108,0.0000,0.133156,-0.314706,0.000000,0.0000
14258.95,0.059581,-0.428909,0.013126,0.0000,0.133156,-0.314706,0.000000,0.0000
14264.31,0.059600,-0.428547,0.013133,0.0000,0.133156,-0.314706,0.000000,0.0000
14269.71,0.059600,-0.428547,0.013133,0.0000,0.133156,-0.314706,0.000000,0.0000
14275.01,0.059579,-0.427997,0.013204,0.0000,0.133156,-0.314706,0.000000,0.0000
14280.38,0.059554,-0.427371,0.013291,0.0000,0.133156,-0.314706,0.000000,0.0000
14285.71,0.059554,-0.427371,0.013291,0.0000,0.133156,-0.314706,0.000000,0.0000
14291.14,0.059557,-0.426821,0.013304,0.0000,0.133156,-0.314706,0.000000,0.0000
14296.52,0.059518,-0.426321,0.013326,0.0000,0.133156,-0.314706,0.000000,0.0000
14301.84,0.059518,-0.426321,0.013326,0.0000,0.133156,-0.314706,0.000000,0.0000
14307.13,0.059519,-0.425854,0.013310,0.0000,0.133156,-0.314706,0.000000,0.0000
14313.13,0.059540,-0.425258,0.013322,0.0000,0.124447,-0.272052,0.000000,0.0000
14318.49,0.059540,-0.425258,0.013322,0.0000,0.124447,-0.272052,0.000000,0.0000
14323.84,0.059499,-0.424640,0.013405,0.0000,0.124447,-0.272052,0.000000,0.0000
14329.13,0.059499,-0.424640,0.013405,0.0000,0.124447,-0.272052,0.000000,0.0000
14334.45,0.059483,-0.424022,0.013468,0.0000,0.124447,-0.272052,0.000000,0.0000
14339.85,0.059435,-0.423473,0.013494,0.0000,0.124447,-0.272052,0.000000,0.0000
14345.14,0.059435,-0.423473,0.013494,0.0000,0.124447,-0.272052,0.000000,0.0000
14350.59,0.059404,-0.422923,0.013518,0.0000,0.124447,-0.272052,0.000000,0.0000
14355.93,0.059379,-0.422229,0.013605,0.0000,0.124447,-0.272052,0.000000,0.0000
14361.28,0.059379,-0.422229,0.013605,0.0000,0.124447,-0.272052,0.000000,0.0000
14366.60,0.059307,-0.421565,0.013658,0.0000,0.124447,-0.272052,0.000000,0.0000
14371.93,0.059243,-0.420896,0.013729,0.0000,0.124447,-0.272052,0.000000,0.0000
14377.62,0.059243,-0.420896,0.013729,0.0000,0.124447,-0.272052,0.000000,0.0000
14382.95,0.059256,-0.420315,0.013773,0.0000,0.124447,-0.272052,0.000000,0.0000
14388.40,0.059150,-0.419554,0.013812,0.0000,0.124447,-0.272052,0.000000,0.0000
14393.83,0.059150,-0.419554,0.013812,0.0000,0.124447,-0.272052,0.000000,0.0000
14399.13,0.059070,-0.418809,0.013856,0.0000,0.124447,-0.272052,0.000000,0.0000
14404.56,0.058986,-0.418076,0.013973,0.0000,0.124447,-0.272052,0.000000,0.0000
14409.93,0.058986,-0.418076,0.013973,0.0000,0.124447,-0.272052,0.000000,0.0000
14415.47,0.058934,-0.417412,0.013949,0.0000,0.124447,-0.272052,0.000000,0.0000
14420.95,0.058934,-0.417412,0.013949,0.0000,0.124447,-0.272052,0.000000,0.0000
14426.29,0.058889,-0.416611,0.013956,0.0000,0.124447,-0.272052,0.000000,0.0000
14431.66,0.058814,-0.415729,0.014080,0.0000,0.124447,-0.272052,0.000000,0.0000
14436.95,0.058814,-0.415729,0.014080,0.0000,0.124447,-0.272052,0.000000,0.0000
14442.32,0.058731,-0.415037,0.014102,0.0000,0.124447,-0.272052,0.000000,0.0000
14447.64,0.058620,-0.414297,0.014139,0.0000,0.124447,-0.272052,0.000000,0.0000
14452.95,0.058620,-0.414297,0.014139,0.0000,0.115738,-0.229397,0.000000,0.0000
14458.27,0.058525,-0.413376,0.014186,0.0000,0.115738,-0.229397,0.000000,0.0000
14463.63,0.058485,-0.412526,0.014254,0.0000,0.115738,-0.229397,0.000000,0.0000
14468.96,0.058485,-0.412526,0.014254,0.0000,0.115738,-0.229397,0.000000,0.0000
14474.29,0.058318,-0.411798,0.014306,0.0000,0.115738,-0.229397,0.000000,0.0000
14479.61,0.058318,-0.411798,0.014306,0.0000,0.115738,-0.229397,0.000000,0.0000
14484.96,0.058209,-0.410827,0.014346,0.0000,0.115738,-0.229397,0.000000,0.0000
14490.31,0.058099,-0.409869,0.014414,0.0000,0.115738,-0.229397,0.000000,0.0000
14495.64,0.058099,-0.409869,0.014414,0.0000,0.115738,-0.229397,0.000000,0.0000
14500.95,0.057974,-0.409132,0.014402,0.0000,0.115738,-0.229397,0.000000,0.0000
14506.27,0.057877,-0.408194,0.014421,0.0000,0.115738,-0.229397,0.000000,0.0000
14511.60,0.057877,-0.408194,0.014421,0.0000,0.115738,-0.229397,0.000000,0.0000
14517.61,0.057782,-0.407195,0.014483,0.0000,0.115738,-0.229397,0.000000,0.0000
14523.08,0.057697,-0.406441,0.014461,0.0000,0.115738,-0.229397,0.000000,0.0000
14528.40,0.057697,-0.406441,0.014461,0.0000,0.115738,-0.229397,0.000000,0.0000
14533.74,0.057554,-0.405349,0.014516,0.0000,0.115738,-0.229397,0.000000,0.0000
14539.13,0.057429,-0.404309,0.014518,0.0000,0.115738,-0.229397,0.000000,0.0000
14544.46,0.057429,-0.404309,0.014518,0.0000,0.115738,-0.229397,0.000000,0.0000
14549.78,0.057383,-0.403533,0.014507,0.0000,0.115738,-0.229397,0.000000,0.0000
14555.15,0.057232,-0.402365,0.014593,0.0000,0.115738,-0.229397,0.000000,0.0000
14560.47,0.057232,-0.402365,0.014593,0.0000,0.115738,-0.229397,0.000000,0.0000
14565.79,0.057155,-0.401425,0.014573,0.0000,0.115738,-0.229397,0.000000,0.0000
14571.29,0.057016,-0.400450,0.014618,0.0000,0.115738,-0.229397,0.000000,0.0000
14577.25,0.057016,-0.400450,0.014618,0.0000,0.115738,-0.229397,0.000000,0.0000
14582.58,0.056859,-0.399224,0.014687,0.0000,0.115738,-0.229397,0.000000,0.0000
14587.91,0.056859,-0.399224,0.014687,0.0000,0.115738,-0.229397,0.000000,0.0000
14593.18,0.056747,-0.398276,0.014690,0.0000,0.115738,-0.229397,0.000000,0.0000
14598.81,0.056606,-0.397119,0.014695,0.0000,0.107029,-0.186742,0.000000,0.0000
14604.13,0.056606,-0.397119,0.014695,0.0000,0.107029,-0.186742,0.000000,0.0000
14609.44,0.056539,-0.396031,0.014694,0.0000,0.107029,-0.186742,0.000000,0.0000
14614.78,0.056383,-0.394980,0.014728,0.0000,0.107029,-0.186742,0.000000,0.0000
14620.07,0.056383,-0.394980,0.014728,0.0000,0.107029,-0.186742,0.000000,0.0000
14625.40,0.056265,-0.393664,0.014739,0.0000,0.107029,-0.186742,0.000000,0.0000
14630.72,0.056265,-0.393664,0.014739,0.0000,0.107029,-0.186742,0.000000,0.0000
14636.02,0.056105,-0.392623,0.014790,0.0000,0.107029,-0.186742,0.000000,0.0000
14641.37,0.056032,-0.391425,0.014831,0.0000,0.107029,-0.186742,0.000000,0.0000
14646.69,0.056032,-0.391425,0.014831,0.0000,0.107029,-0.186742,0.000000,0.0000
14652.07,0.056038,-0.390219,0.014830,0.0000,0.107029,-0.186742,0.000000,0.0000
14657.44,0.055921,-0.389122,0.014802,0.0000,0.107029,-0.186742,0.000000,0.0000
14662.88,0.055921,-0.389122,0.014802,0.0000,0.107029,-0.186742,0.000000,0.0000
14668.19,0.055862,-0.387777,0.014839,0.0000,0.107029,-0.186742,0.000000,0.0000
14673.53,0.055773,-0.386739,0.014840,0.0000,0.107029,-0.186742,0.000000,0.0000
14678.94,0.055773,-0.386739,0.014840,0.0000,0.107029,-0.186742,0.000000,0.0000
14684.27,0.055647,-0.385289,0.014829,0.0000,0.107029,-0.186742,0.000000,0.0000
14689.64,0.055634,-0.384210,0.014853,0.0000,0.107029,-0.186742,0.000000,0.0000
14694.95,0.055634,-0.384210,0.014853,0.0000,0.107029,-0.186742,0.000000,0.0000
14700.91,0.055573,-0.382757,0.015011,0.0000,0.107029,-0.186742,0.000000,0.0000
14706.32,0.055489,-0.381476,0.015054,0.0000,0.107029,-0.186742,0.000000,0.0000
14711.67,0.055489,-0.381476,0.015054,0.0000,0.107029,-0.186742,0.000000,0.0000
14717.04,0.055328,-0.379953,0.015165,0.0000,0.107029,-0.186742,0.000000,0.0000
14722.59,0.055328,-0.378625,0.015196,0.0000,0.107029,-0.186742,0.000000,0.0000
14727.94,0.055328,-0.378625,0.015196,0.0000,0.107029,-0.186742,0.000000,0.0000
14733.28,0.055241,-0.377077,0.015234,0.0000,0.107029,-0.186742,0.000000,0.0000
14738.68,0.055241,-0.377077,0.015234,0.0000,0.098320,-0.144088,0.000000,0.0000
14744.01,0.055165,-0.375749,0.015218,0.0000,0.098320,-0.144088,0.000000,0.0000
14749.45,0.055123,-0.374245,0.015339,0.0000,0.098320,-0.144088,0.000000,0.0000
14754.79,0.055123,-0.374245,0.015339,0.0000,0.098320,-0.144088,0.000000,0.0000
14760.14,0.055027,-0.372699,0.015364,0.0000,0.098320,-0.144088,0.000000,0.0000
14765.49,0.054883,-0.371254,0.015441,0.0000,0.098320,-0.144088,0.000000,0.0000
14770.81,0.054883,-0.371254,0.015441,0.0000,0.098320,-0.144088,0.000000,0.0000
14776.14,0.054823,-0.369726,0.015468,0.0000,0.098320,-0.144088,0.000000,0.0000
14781.48,0.054795,-0.368301,0.015460,0.0000,0.098320,-0.144088,0.000000,0.0000
14786.82,0.054795,-0.368301,0.015460,0.0000,0.098320,-0.144088,0.000000,0.0000
14792.24,0.054793,-0.366732,0.015451,0.0000,0.098320,-0.144088,0.000000,0.0000
14797.59,0.054776,-0.365446,0.015437,0.0000,0.098320,-0.144088,0.000000,0.0000
14803.30,0.054776,-0.365446,0.015437,0.0000,0.098320,-0.144088,0.000000,0.0000
14808.64,0.054588,-0.363765,0.015518,0.0000,0.098320,-0.144088,0.000000,0.0000
14813.95,0.054603,-0.362228,0.015534,0.0000,0.098320,-0.144088,0.000000,0.0000
14819.29,0.054603,-0.362228,0.015534,0.0000,0.098320,-0.144088,0.000000,0.0000
14824.67,0.054454,-0.360585,0.015521,0.0000,0.098320,-0.144088,0.000000,0.0000
14830.19,0.054461,-0.358967,0.015514,0.0000,0.098320,-0.144088,0.000000,0.0000
14835.63,0.054461,-0.358967,0.015514,0.0000,0.098320,-0.144088,0.000000,0.0000
14840.97,0.054476,-0.357318,0.015498,0.0000,0.098320,-0.144088,0.000000,0.0000
14846.30,0.054476,-0.357318,0.015498,0.0000,0.098320,-0.144088,0.000000,0.0000
14851.62,0.054308,-0.355577,0.015535,0.0000,0.098320,-0.144088,0.000000,0.0000
14857.01,0.054229,-0.353817,0.015544,0.0000,0.098320,-0.144088,0.000000,0.0000
14862.34,0.054229,-0.353817,0.015544,0.0000,0.098320,-0.144088,0.000000,0.0000
14867.75,0.054218,-0.352024,0.015426,0.0000,0.098320,-0.144088,0.000000,0.0000
14873.10,0.054178,-0.350337,0.015418,0.0000,0.098320,-0.144088,0.000000,0.0000
14878.43,0.054178,-0.350337,0.015418,0.0000,0.098320,-0.144088,0.000000,0.0000
14883.78,0.054050,-0.348631,0.015465,0.0000,0.089611,-0.101433,0.000000,0.0000
14889.29,0.053960,-0.346804,0.015465,0.0000,0.089611,-0.101433,0.000000,0.0000
14894.67,0.053960,-0.346804,0.015465,0.0000,0.089611,-0.101433,0.000000,0.0000
14900.43,0.053968,-0.345028,0.015390,0.0000,0.089611,-0.101433,0.000000,0.0000
14906.23,0.053852,-0.343285,0.015329,0.0000,0.089611,-0.101433,0.000000,0.0000
14911.61,0.053852,-0.343285,0.015329,0.0000,0.089611,-0.101433,0.000000,0.0000
14917.02,0.053842,-0.341420,0.015380,0.0000,0.089611,-0.101433,0.000000,0.0000
14922.76,0.053697,-0.339591,0.015314,0.0000,0.089611,-0.101433,0.000000,0.0000
14928.15,0.053697,-0.339591,0.015314,0.0000,0.089611,-0.101433,0.000000,0.0000
14933.50,0.053629,-0.337745,0.015233,0.0000,0.089611,-0.101433,0.000000,0.0000
14938.86,0.053536,-0.335870,0.015206,0.0000,0.089611,-0.101433,0.000000,0.0000
14944.22,0.053536,-0.335870,0.015206,0.0000,0.089611,-0.101433,0.000000,0.0000
14949.75,0.053512,-0.334049,0.015184,0.0000,0.089611,-0.101433,0.000000,0.0000
14955.13,0.053442,-0.332111,0.015197,0.0000,0.089611,-0.101433,0.000000,0.0000
14960.45,0.053442,-0.332111,0.015197,0.0000,0.089611,-0.101433,0.000000,0.0000
14965.80,0.053290,-0.330283,0.015149,0.0000,0.089611,-0.101433,0.000000,0.0000
14971.12,0.053290,-0.330283,0.015149,0.0000,0.089611,-0.101433,0.000000,0.0000
14976.46,0.053149,-0.328305,0.015125,0.0000,0.089611,-0.101433,0.000000,0.0000
14981.78,0.053149,-0.326258,0.015042,0.0000,0.089611,-0.101433,0.000000,0.0000
14987.13,0.053149,-0.326258,0.015042,0.0000,0.089611,-0.101433,0.000000,0.0000
14992.52,0.052961,-0.324417,0.015063,0.0000,0.089611,-0.101433,0.000000,0.0000
14997.90,0.052813,-0.322406,0.015007,0.0000,0.089611,-0.101433,0.000000,0.0000
15003.21,0.052813,-0.322406,0.015007,0.0000,0.089611,-0.101433,0.000000,0.0000
