time_ms,x,y,z,yaw_deg,sp_x,sp_y,sp_z,sp_yaw_deg
-1.46,0.015883,0.003060,0.004024,0.0000,0.000000,0.000000,0.000000,0.0000
3.65,0.015883,0.003060,0.004024,0.0000,0.000000,0.000000,0.000000,0.0000
9.20,0.015791,0.002973,0.003992,0.0000,0.000000,0.000000,0.000000,0.0000
14.66,0.015791,0.002973,0.003992,0.0000,0.000000,0.000000,0.000000,0.0000
20.10,0.015672,0.002882,0.003978,0.0000,0.000000,0.000000,0.000000,0.0000
25.45,0.015554,0.002827,0.003931,0.0000,0.000000,0.000000,0.000000,0.0000
30.77,0.015554,0.002827,0.003931,0.0000,0.000000,0.000000,0.000000,0.0000
36.14,0.015471,0.002733,0.003903,0.0000,0.000000,0.000000,0.000000,0.0000
41.57,0.015347,0.002659,0.003883,0.0000,0.000000,0.000000,0.000000,0.0000
47.00,0.015347,0.002659,0.003883,0.0000,0.000000,0.000000,0.000000,0.0000
52.52,0.015251,0.002576,0.003865,0.0000,0.000000,0.000000,0.000000,0.0000
58.04,0.015156,0.002506,0.003826,0.0000,0.000000,0.000000,0.000000,0.0000
63.42,0.015156,0.002506,0.003826,0.0000,0.000000,0.000000,0.000000,0.0000
68.72,0.015048,0.002402,0.003812,0.0000,0.000000,0.000000,0.000000,0.0000
74.12,0.014947,0.002357,0.003786,0.0000,0.000000,0.000000,0.000000,0.0000
79.58,0.014947,0.002357,0.003786,0.0000,0.000000,0.000000,0.000000,0.0000
85.17,0.014843,0.002253,0.003758,0.0000,0.018837,0.018846,0.000000,0.0000
90.60,0.014758,0.002178,0.003721,0.0000,0.018837,0.018846,0.000000,0.0000
95.91,0.014758,0.002178,0.003721,0.0000,0.018837,0.018846,0.000000,0.0000
101.64,0.014655,0.002083,0.003705,0.0000,0.018837,0.018846,0.000000,0.0000
107.04,0.014586,0.002005,0.003660,0.0000,0.018837,0.018846,0.000000,0.0000
112.36,0.014586,0.002005,0.003660,0.0000,0.018837,0.018846,0.000000,0.0000
117.68,0.014515,0.001928,0.003634,0.0000,0.018837,0.018846,0.000000,0.0000
122.96,0.014515,0.001928,0.003634,0.0000,0.018837,0.018846,0.000000,0.0000
128.28,0.014426,0.001854,0.003616,0.0000,0.018837,0.018846,0.000000,0.0000
133.60,0.014363,0.001809,0.003575,0.0000,0.018837,0.018846,0.000000,0.0000
138.89,0.014363,0.001809,0.003575,0.0000,0.018837,0.018846,0.000000,0.0000
144.41,0.014296,0.001734,0.003559,0.0000,0.018837,0.018846,0.000000,0.0000
149.72,0.014236,0.001706,0.003533,0.0000,0.018837,0.018846,0.000000,0.0000
155.04,0.014236,0.001706,0.003533,0.0000,0.018837,0.018846,0.000000,0.0000
160.38,0.014172,0.001633,0.003523,0.0000,0.018837,0.018846,0.000000,0.0000
165.70,0.014123,0.001631,0.003504,0.0000,0.037600,0.037674,0.000000,0.0000
171.02,0.014123,0.001631,0.003504,0.0000,0.037600,0.037674,0.000000,0.0000
176.35,0.014069,0.001561,0.003476,0.0000,0.037600,0.037674,0.000000,0.0000
181.91,0.014023,0.001549,0.003453,0.0000,0.037600,0.037674,0.000000,0.0000
187.49,0.014023,0.001549,0.003453,0.0000,0.037600,0.037674,0.000000,0.0000
192.88,0.013961,0.001492,0.003441,0.0000,0.037600,0.037674,0.000000,0.0000
198.23,0.013961,0.001492,0.003441,0.0000,0.037600,0.037674,0.000000,0.0000
203.59,0.013954,0.001526,0.003409,0.0000,0.037600,0.037674,0.000000,0.0000
208.89,0.013932,0.001508,0.003378,0.0000,0.037600,0.037674,0.000000,0.0000
214.22,0.013932,0.001508,0.003378,0.0000,0.037600,0.037674,0.000000,0.0000
219.64,0.013923,0.001531,0.003366,0.0000,0.037600,0.037674,0.000000,0.0000
225.06,0.013924,0.001544,0.003318,0.0000,0.037600,0.037674,0.000000,0.0000
230.38,0.013924,0.001544,0.003318,0.0000,0.037600,0.037674,0.000000,0.0000
235.70,0.013943,0.001574,0.003291,0.0000,0.037600,0.037674,0.000000,0.0000
241.02,0.013957,0.001615,0.003274,0.0000,0.037600,0.037674,0.000000,0.0000
246.42,0.013957,0.001615,0.003274,0.0000,0.056214,0.056465,0.000000,0.0000
251.77,0.014006,0.001664,0.003245,0.0000,0.056214,0.056465,0.000000,0.0000
257.15,0.014063,0.001727,0.003194,0.0000,0.056214,0.056465,0.000000,0.0000
262.49,0.014063,0.001727,0.003194,0.0000,0.056214,0.056465,0.000000,0.0000
267.83,0.014128,0.001806,0.003176,0.0000,0.056214,0.056465,0.000000,0.0000
273.14,0.014128,0.001806,0.003176,0.0000,0.056214,0.056465,0.000000,0.0000
278.46,0.014206,0.001919,0.003140,0.0000,0.056214,0.056465,0.000000,0.0000
283.85,0.014255,0.002020,0.003106,0.0000,0.056214,0.056465,0.000000,0.0000
289.27,0.014255,0.002020,0.003106,0.0000,0.056214,0.056465,0.000000,0.0000
294.65,0.014390,0.002168,0.003066,0.0000,0.056214,0.056465,0.000000,0.0000
299.95,0.014454,0.002299,0.003050,0.0000,0.056214,0.056465,0.000000,0.0000
305.28,0.014454,0.002299,0.003050,0.0000,0.074607,0.075200,0.000000,0.0000
310.60,0.014589,0.002518,0.003006,0.0000,0.074607,0.075200,0.000000,0.0000
315.89,0.014589,0.002518,0.003006,0.0000,0.074607,0.075200,0.000000,0.0000
321.20,0.014743,0.002684,0.002965,0.0000,0.074607,0.075200,0.000000,0.0000
326.60,0.014895,0.002907,0.002944,0.0000,0.074607,0.075200,0.000000,0.0000
331.98,0.015043,0.003127,0.002926,0.0000,0.074607,0.075200,0.000000,0.0000
337.32,0.015043,0.003127,0.002926,0.0000,0.074607,0.075200,0.000000,0.0000
342.67,0.015229,0.003373,0.002887,0.0000,0.074607,0.075200,0.000000,0.0000
348.05,0.015229,0.003373,0.002887,0.0000,0.074607,0.075200,0.000000,0.0000
353.38,0.015451,0.003613,0.002831,0.0000,0.074607,0.075200,0.000000,0.0000
358.71,0.015697,0.003895,0.002789,0.0000,0.074607,0.075200,0.000000,0.0000
364.09,0.015697,0.003895,0.002789,0.0000,0.074607,0.075200,0.000000,0.0000
369.60,0.015944,0.004222,0.002747,0.0000,0.074607,0.075200,0.000000,0.0000
374.97,0.016231,0.004560,0.002697,0.0000,0.074607,0.075200,0.000000,0.0000
380.30,0.016231,0.004560,0.002697,0.0000,0.074607,0.075200,0.000000,0.0000
385.68,0.016553,0.004946,0.002630,0.0000,0.074607,0.075200,0.000000,0.0000
391.70,0.016875,0.005337,0.002631,0.0000,0.092705,0.093861,0.000000,0.0000
397.04,0.016875,0.005337,0.002631,0.0000,0.092705,0.093861,0.000000,0.0000
402.38,0.017233,0.005718,0.002565,0.0000,0.092705,0.093861,0.000000,0.0000
407.72,0.017233,0.005718,0.002565,0.0000,0.092705,0.093861,0.000000,0.0000
413.03,0.017635,0.006131,0.002553,0.0000,0.092705,0.093861,0.000000,0.0000
418.44,0.018007,0.006587,0.002531,0.0000,0.092705,0.093861,0.000000,0.0000
423.71,0.018007,0.006587,0.002531,0.0000,0.092705,0.093861,0.000000,0.0000
429.13,0.018335,0.007060,0.002531,0.0000,0.092705,0.093861,0.000000,0.0000
434.47,0.018792,0.007609,0.002468,0.0000,0.092705,0.093861,0.000000,0.0000
439.77,0.018792,0.007609,0.002468,0.0000,0.092705,0.093861,0.000000,0.0000
445.09,0.019267,0.008183,0.002387,0.0000,0.092705,0.093861,0.000000,0.0000
450.42,0.019723,0.008746,0.002322,0.0000,0.092705,0.093861,0.000000,0.0000
455.71,0.019723,0.008746,0.002322,0.0000,0.092705,0.093861,0.000000,0.0000
461.11,0.020198,0.009372,0.002265,0.0000,0.092705,0.093861,0.000000,0.0000
466.43,0.020731,0.009990,0.002215,0.0000,0.092705,0.093861,0.000000,0.0000
471.77,0.020731,0.009990,0.002215,0.0000,0.110437,0.112429,0.000000,0.0000
477.09,0.021348,0.010595,0.002180,0.0000,0.110437,0.112429,0.000000,0.0000
482.50,0.021912,0.011296,0.002145,0.0000,0.110437,0.112429,0.000000,0.0000
487.83,0.021912,0.011296,0.002145,0.0000,0.110437,0.112429,0.000000,0.0000
493.65,0.022484,0.012027,0.002049,0.0000,0.110437,0.112429,0.000000,0.0000
498.95,0.023136,0.012833,0.001962,0.0000,0.110437,0.112429,0.000000,0.0000
504.28,0.023136,0.012833,0.001962,0.0000,0.110437,0.112429,0.000000,0.0000
509.61,0.023826,0.013588,0.001932,0.0000,0.110437,0.112429,0.000000,0.0000
514.90,0.023826,0.013588,0.001932,0.0000,0.110437,0.112429,0.000000,0.0000
520.28,0.024509,0.014403,0.001903,0.0000,0.110437,0.112429,0.000000,0.0000
525.64,0.025250,0.015219,0.001818,0.0000,0.110437,0.112429,0.000000,0.0000
530.97,0.025250,0.015219,0.001818,0.0000,0.127734,0.130886,0.000000,0.0000
536.29,0.026004,0.016078,0.001775,0.0000,0.127734,0.130886,0.000000,0.0000
541.66,0.026726,0.017026,0.001709,0.0000,0.127734,0.130886,0.000000,0.0000
546.97,0.026726,0.017026,0.001709,0.0000,0.127734,0.130886,0.000000,0.0000
552.33,0.027540,0.017929,0.001675,0.0000,0.127734,0.130886,0.000000,0.0000
557.66,0.028374,0.018959,0.001595,0.0000,0.127734,0.130886,0.000000,0.0000
562.99,0.028374,0.018959,0.001595,0.0000,0.127734,0.130886,0.000000,0.0000
568.38,0.029238,0.019897,0.001548,0.0000,0.127734,0.130886,0.000000,0.0000
573.71,0.030096,0.020930,0.001529,0.0000,0.127734,0.130886,0.000000,0.0000
579.03,0.030096,0.020930,0.001529,0.0000,0.127734,0.130886,0.000000,0.0000
584.39,0.030976,0.021959,0.001505,0.0000,0.127734,0.130886,0.000000,0.0000
589.72,0.030976,0.021959,0.001505,0.0000,0.127734,0.130886,0.000000,0.0000
594.84,0.031965,0.023074,0.001372,0.0000,0.127734,0.130886,0.000000,0.0000
600.16,0.032892,0.024195,0.001323,0.0000,0.127734,0.130886,0.000000,0.0000
605.51,0.032892,0.024195,0.001323,0.0000,0.127734,0.130886,0.000000,0.0000
610.85,0.033856,0.025342,0.001290,0.0000,0.144526,0.149214,0.000000,0.0000
616.19,0.034883,0.026510,0.001241,0.0000,0.144526,0.149214,0.000000,0.0000
621.52,0.034883,0.026510,0.001241,0.0000,0.144526,0.149214,0.000000,0.0000
626.83,0.035982,0.027677,0.001194,0.0000,0.144526,0.149214,0.000000,0.0000
632.16,0.037017,0.028938,0.001187,0.0000,0.144526,0.149214,0.000000,0.0000
637.48,0.037017,0.028938,0.001187,0.0000,0.144526,0.149214,0.000000,0.0000
642.92,0.038083,0.030215,0.001072,0.0000,0.144526,0.149214,0.000000,0.0000
648.34,0.038083,0.030215,0.001072,0.0000,0.144526,0.149214,0.000000,0.0000
653.83,0.039225,0.031419,0.001026,0.0000,0.144526,0.149214,0.000000,0.0000
659.15,0.040372,0.032730,0.001006,0.0000,0.144526,0.149214,0.000000,0.0000
664.54,0.040372,0.032730,0.001006,0.0000,0.144526,0.149214,0.000000,0.0000
669.86,0.041500,0.034077,0.000977,0.0000,0.144526,0.149214,0.000000,0.0000
675.23,0.042741,0.035484,0.000930,0.0000,0.144526,0.149214,0.000000,0.0000
680.56,0.042741,0.035484,0.000930,0.0000,0.144526,0.149214,0.000000,0.0000
685.91,0.043979,0.036825,0.000835,0.0000,0.144526,0.149214,0.000000,0.0000
691.24,0.045211,0.038292,0.000812,0.0000,0.144526,0.149214,0.000000,0.0000
696.95,0.045211,0.038292,0.000812,0.0000,0.160748,0.167395,0.000000,0.0000
702.30,0.046470,0.039680,0.000797,0.0000,0.160748,0.167395,0.000000,0.0000
707.67,0.047790,0.041210,0.000757,0.0000,0.160748,0.167395,0.000000,0.0000
713.02,0.047790,0.041210,0.000757,0.0000,0.160748,0.167395,0.000000,0.0000
718.36,0.049057,0.042692,0.000682,0.0000,0.160748,0.167395,0.000000,0.0000
723.80,0.050420,0.044155,0.000675,0.0000,0.160748,0.167395,0.000000,0.0000
729.12,0.050420,0.044155,0.000675,0.0000,0.160748,0.167395,0.000000,0.0000
734.45,0.051708,0.045809,0.000654,0.0000,0.160748,0.167395,0.000000,0.0000
739.77,0.051708,0.045809,0.000654,0.0000,0.160748,0.167395,0.000000,0.0000
745.09,0.053082,0.047285,0.000608,0.0000,0.160748,0.167395,0.000000,0.0000
750.47,0.054529,0.048820,0.000533,0.0000,0.160748,0.167395,0.000000,0.0000
755.83,0.054529,0.048820,0.000533,0.0000,0.160748,0.167395,0.000000,0.0000
761.19,0.055892,0.050454,0.000508,0.0000,0.160748,0.167395,0.000000,0.0000
766.56,0.057401,0.052068,0.000497,0.0000,0.160748,0.167395,0.000000,0.0000
771.89,0.057401,0.052068,0.000497,0.0000,0.160748,0.167395,0.000000,0.0000
777.23,0.058850,0.053719,0.000490,0.0000,0.176336,0.185410,0.000000,0.0000
782.55,0.060384,0.055351,0.000396,0.0000,0.176336,0.185410,0.000000,0.0000
787.83,0.060384,0.055351,0.000396,0.0000,0.176336,0.185410,0.000000,0.0000
793.15,0.061829,0.057064,0.000421,0.0000,0.176336,0.185410,0.000000,0.0000
798.84,0.063451,0.058797,0.000380,0.0000,0.176336,0.185410,0.000000,0.0000
804.19,0.063451,0.058797,0.000380,0.0000,0.176336,0.185410,0.000000,0.0000
809.61,0.064951,0.060437,0.000392,0.0000,0.176336,0.185410,0.000000,0.0000
814.91,0.064951,0.060437,0.000392,0.0000,0.176336,0.185410,0.000000,0.0000
820.23,0.066486,0.062214,0.000301,0.0000,0.176336,0.185410,0.000000,0.0000
825.57,0.066486,0.062214,0.000301,0.0000,0.176336,0.185410,0.000000,0.0000
830.95,0.068090,0.063984,0.000378,0.0000,0.176336,0.185410,0.000000,0.0000
836.35,0.069699,0.065691,0.000344,0.0000,0.191227,0.203243,0.000000,0.0000
841.68,0.071283,0.067475,0.000294,0.0000,0.191227,0.203243,0.000000,0.0000
847.00,0.071283,0.067475,0.000294,0.0000,0.191227,0.203243,0.000000,0.0000
852.33,0.072879,0.069356,0.000316,0.0000,0.191227,0.203243,0.000000,0.0000
857.66,0.074620,0.071097,0.000317,0.0000,0.191227,0.203243,0.000000,0.0000
862.95,0.074620,0.071097,0.000317,0.0000,0.191227,0.203243,0.000000,0.0000
868.31,0.076186,0.072941,0.000310,0.0000,0.191227,0.203243,0.000000,0.0000
873.67,0.077876,0.074766,0.000291,0.0000,0.191227,0.203243,0.000000,0.0000
879.09,0.077876,0.074766,0.000291,0.0000,0.191227,0.203243,0.000000,0.0000
884.49,0.079499,0.076546,0.000308,0.0000,0.191227,0.203243,0.000000,0.0000
889.89,0.079499,0.076546,0.000308,0.0000,0.191227,0.203243,0.000000,0.0000
895.79,0.081238,0.078456,0.000286,0.0000,0.191227,0.203243,0.000000,0.0000
901.85,0.082872,0.080327,0.000258,0.0000,0.191227,0.203243,0.000000,0.0000
907.37,0.084649,0.082119,0.000290,0.0000,0.191227,0.203243,0.000000,0.0000
912.81,0.084649,0.082119,0.000290,0.0000,0.191227,0.203243,0.000000,0.0000
918.43,0.086313,0.083995,0.000216,0.0000,0.205364,0.220875,0.000000,0.0000
925.79,0.088071,0.085896,0.000187,0.0000,0.205364,0.220875,0.000000,0.0000
931.18,0.088071,0.085896,0.000187,0.0000,0.205364,0.220875,0.000000,0.0000
936.56,0.089810,0.087791,0.000201,0.0000,0.205364,0.220875,0.000000,0.0000
942.44,0.091542,0.089649,0.000163,0.0000,0.205364,0.220875,0.000000,0.0000
947.83,0.091542,0.089649,0.000163,0.0000,0.205364,0.220875,0.000000,0.0000
953.16,0.093205,0.091548,0.000136,0.0000,0.205364,0.220875,0.000000,0.0000
958.55,0.095037,0.093507,0.000089,0.0000,0.205364,0.220875,0.000000,0.0000
963.90,0.095037,0.093507,0.000089,0.0000,0.205364,0.220875,0.000000,0.0000
969.45,0.096819,0.095447,0.000086,0.0000,0.205364,0.220875,0.000000,0.0000
974.86,0.098539,0.097366,0.000107,0.0000,0.205364,0.220875,0.000000,0.0000
980.21,0.098539,0.097366,0.000107,0.0000,0.205364,0.220875,0.000000,0.0000
985.54,0.100327,0.099222,0.000028,0.0000,0.205364,0.220875,0.000000,0.0000
990.87,0.102075,0.101152,0.000097,0.0000,0.205364,0.220875,0.000000,0.0000
996.21,0.102075,0.101152,0.000097,0.0000,0.205364,0.220875,0.000000,0.0000
1001.77,0.103827,0.103198,0.000005,0.0000,0.218691,0.238289,0.000000,0.0000
1007.20,0.105631,0.105118,0.000032,0.0000,0.218691,0.238289,0.000000,0.0000
1012.56,0.105631,0.105118,0.000032,0.0000,0.218691,0.238289,0.000000,0.0000
1017.98,0.107407,0.107059,0.000077,0.0000,0.218691,0.238289,0.000000,0.0000
1023.32,0.107407,0.107059,0.000077,0.0000,0.218691,0.238289,0.000000,0.0000
1028.72,0.109094,0.108942,0.000019,0.0000,0.218691,0.238289,0.000000,0.0000
1034.09,0.110940,0.110921,0.000026,0.0000,0.218691,0.238289,0.000000,0.0000
1039.51,0.110940,0.110921,0.000026,0.0000,0.218691,0.238289,0.000000,0.0000
1044.60,0.112744,0.112916,0.000028,0.0000,0.218691,0.238289,0.000000,0.0000
1050.02,0.114511,0.114995,0.000045,0.0000,0.218691,0.238289,0.000000,0.0000
1055.36,0.114511,0.114995,0.000045,0.0000,0.218691,0.238289,0.000000,0.0000
1060.71,0.116270,0.116921,0.000017,0.0000,0.231154,0.255468,0.000000,0.0000
1066.37,0.118009,0.118808,0.000031,0.0000,0.231154,0.255468,0.000000,0.0000
1071.72,0.118009,0.118808,0.000031,0.0000,0.231154,0.255468,0.000000,0.0000
1077.11,0.119771,0.120779,0.000056,0.0000,0.231154,0.255468,0.000000,0.0000
1082.48,0.121592,0.122729,0.000051,0.0000,0.231154,0.255468,0.000000,0.0000
1087.94,0.121592,0.122729,0.000051,0.0000,0.231154,0.255468,0.000000,0.0000
1093.45,0.123339,0.124723,0.000111,0.0000,0.231154,0.255468,0.000000,0.0000
1098.83,0.125098,0.126656,0.000019,0.0000,0.231154,0.255468,0.000000,0.0000
1104.19,0.125098,0.126656,0.000019,0.0000,0.231154,0.255468,0.000000,0.0000
1109.51,0.126869,0.128539,0.000032,0.0000,0.231154,0.255468,0.000000,0.0000
1115.16,0.128622,0.130510,0.000146,0.0000,0.231154,0.255468,0.000000,0.0000
1120.54,0.128622,0.130510,0.000146,0.0000,0.231154,0.255468,0.000000,0.0000
1125.92,0.130352,0.132591,0.000104,0.0000,0.231154,0.255468,0.000000,0.0000
1131.26,0.130352,0.132591,0.000104,0.0000,0.231154,0.255468,0.000000,0.0000
1136.58,0.132139,0.134582,0.000186,0.0000,0.231154,0.255468,0.000000,0.0000
1141.93,0.133910,0.136474,0.000148,0.0000,0.231154,0.255468,0.000000,0.0000
1147.83,0.133910,0.136474,0.000148,0.0000,0.242705,0.272394,0.000000,0.0000
1153.45,0.135665,0.138383,0.000181,0.0000,0.242705,0.272394,0.000000,0.0000
1158.77,0.137376,0.140370,0.000198,0.0000,0.242705,0.272394,0.000000,0.0000
1164.10,0.137376,0.140370,0.000198,0.0000,0.242705,0.272394,0.000000,0.0000
1169.43,0.139146,0.142376,0.000244,0.0000,0.242705,0.272394,0.000000,0.0000
1174.84,0.140857,0.144368,0.000254,0.0000,0.242705,0.272394,0.000000,0.0000
1180.16,0.140857,0.144368,0.000254,0.0000,0.242705,0.272394,0.000000,0.0000
1185.48,0.142597,0.146195,0.000222,0.0000,0.242705,0.272394,0.000000,0.0000
1190.86,0.144314,0.148188,0.000289,0.0000,0.242705,0.272394,0.000000,0.0000
1196.18,0.144314,0.148188,0.000289,0.0000,0.242705,0.272394,0.000000,0.0000
1201.64,0.145998,0.150173,0.000262,0.0000,0.242705,0.272394,0.000000,0.0000
1206.99,0.147763,0.152115,0.000268,0.0000,0.242705,0.272394,0.000000,0.0000
1212.35,0.147763,0.152115,0.000268,0.0000,0.242705,0.272394,0.000000,0.0000
1217.68,0.149524,0.154062,0.000305,0.0000,0.242705,0.272394,0.000000,0.0000
1222.95,0.149524,0.154062,0.000305,0.0000,0.242705,0.272394,0.000000,0.0000
1228.83,0.151197,0.155928,0.000309,0.0000,0.253298,0.289052,0.000000,0.0000
1234.18,0.152874,0.157851,0.000316,0.0000,0.253298,0.289052,0.000000,0.0000
1239.50,0.152874,0.157851,0.000316,0.0000,0.253298,0.289052,0.000000,0.0000
1244.79,0.154620,0.159780,0.000325,0.0000,0.253298,0.289052,0.000000,0.0000
1250.10,0.156314,0.161739,0.000356,0.0000,0.253298,0.289052,0.000000,0.0000
1255.44,0.156314,0.161739,0.000356,0.0000,0.253298,0.289052,0.000000,0.0000
1261.00,0.157971,0.163612,0.000386,0.0000,0.253298,0.289052,0.000000,0.0000
1266.33,0.159665,0.165499,0.000415,0.0000,0.253298,0.289052,0.000000,0.0000
1271.64,0.159665,0.165499,0.000415,0.0000,0.253298,0.289052,0.000000,0.0000
1277.01,0.161314,0.167474,0.000438,0.0000,0.253298,0.289052,0.000000,0.0000
1282.34,0.163009,0.169461,0.000486,0.0000,0.253298,0.289052,0.000000,0.0000
1287.71,0.163009,0.169461,0.000486,0.0000,0.262892,0.305425,0.000000,0.0000
1293.27,0.164681,0.171244,0.000509,0.0000,0.262892,0.305425,0.000000,0.0000
1298.62,0.166332,0.173095,0.000578,0.0000,0.262892,0.305425,0.000000,0.0000
1303.91,0.166332,0.173095,0.000578,0.0000,0.262892,0.305425,0.000000,0.0000
1309.30,0.167940,0.175030,0.000495,0.0000,0.262892,0.305425,0.000000,0.0000
1314.66,0.167940,0.175030,0.000495,0.0000,0.262892,0.305425,0.000000,0.0000
1319.95,0.169658,0.176899,0.000526,0.0000,0.262892,0.305425,0.000000,0.0000
1325.26,0.171351,0.178781,0.000610,0.0000,0.262892,0.305425,0.000000,0.0000
1330.68,0.171351,0.178781,0.000610,0.0000,0.262892,0.305425,0.000000,0.0000
1335.95,0.172944,0.180611,0.000574,0.0000,0.262892,0.305425,0.000000,0.0000
1341.26,0.174513,0.182558,0.000668,0.0000,0.262892,0.305425,0.000000,0.0000
1346.62,0.174513,0.182558,0.000668,0.0000,0.262892,0.305425,0.000000,0.0000
1351.99,0.176222,0.184422,0.000650,0.0000,0.262892,0.305425,0.000000,0.0000
1357.31,0.177810,0.186330,0.000751,0.0000,0.262892,0.305425,0.000000,0.0000
1362.63,0.177810,0.186330,0.000751,0.0000,0.262892,0.305425,0.000000,0.0000
1367.98,0.179360,0.188218,0.000792,0.0000,0.271448,0.321496,0.000000,0.0000
1373.34,0.179360,0.188218,0.000792,0.0000,0.271448,0.321496,0.000000,0.0000
1378.67,0.181011,0.189909,0.000639,0.0000,0.271448,0.321496,0.000000,0.0000
1384.04,0.182653,0.191794,0.000689,0.0000,0.271448,0.321496,0.000000,0.0000
1389.39,0.182653,0.191794,0.000689,0.0000,0.271448,0.321496,0.000000,0.0000
1394.71,0.184280,0.193710,0.000723,0.0000,0.271448,0.321496,0.000000,0.0000
1400.04,0.185864,0.195511,0.000671,0.0000,0.271448,0.321496,0.000000,0.0000
1405.40,0.185864,0.195511,0.000671,0.0000,0.271448,0.321496,0.000000,0.0000
1410.71,0.187517,0.197350,0.000737,0.0000,0.271448,0.321496,0.000000,0.0000
1416.06,0.189105,0.199235,0.000731,0.0000,0.271448,0.321496,0.000000,0.0000
1421.38,0.189105,0.199235,0.000731,0.0000,0.271448,0.321496,0.000000,0.0000
1426.83,0.190743,0.201081,0.000660,0.0000,0.271448,0.321496,0.000000,0.0000
1432.27,0.192269,0.202886,0.000704,0.0000,0.271448,0.321496,0.000000,0.0000
1437.60,0.192269,0.202886,0.000704,0.0000,0.271448,0.321496,0.000000,0.0000
1442.96,0.193867,0.204664,0.000770,0.0000,0.271448,0.321496,0.000000,0.0000
1448.40,0.195442,0.206505,0.000709,0.0000,0.278933,0.337250,0.000000,0.0000
1453.77,0.195442,0.206505,0.000709,0.0000,0.278933,0.337250,0.000000,0.0000
1459.09,0.197004,0.208368,0.000744,0.0000,0.278933,0.337250,0.000000,0.0000
1464.45,0.197004,0.208368,0.000744,0.0000,0.278933,0.337250,0.000000,0.0000
1469.79,0.198555,0.210172,0.000777,0.0000,0.278933,0.337250,0.000000,0.0000
1475.13,0.200140,0.211916,0.000790,0.0000,0.278933,0.337250,0.000000,0.0000
1480.47,0.200140,0.211916,0.000790,0.0000,0.278933,0.337250,0.000000,0.0000
1486.19,0.201709,0.213862,0.000781,0.0000,0.278933,0.337250,0.000000,0.0000
1491.55,0.203205,0.215652,0.000788,0.0000,0.278933,0.337250,0.000000,0.0000
1496.92,0.203205,0.215652,0.000788,0.0000,0.278933,0.337250,0.000000,0.0000
1502.27,0.204749,0.217401,0.000848,0.0000,0.278933,0.337250,0.000000,0.0000
1507.90,0.206225,0.219206,0.000846,0.0000,0.278933,0.337250,0.000000,0.0000
1513.25,0.206225,0.219206,0.000846,0.0000,0.285317,0.352671,0.000000,0.0000
1518.64,0.207750,0.221084,0.000824,0.0000,0.285317,0.352671,0.000000,0.0000
1523.96,0.209241,0.222862,0.000868,0.0000,0.285317,0.352671,0.000000,0.0000
1529.33,0.209241,0.222862,0.000868,0.0000,0.285317,0.352671,0.000000,0.0000
1535.31,0.210770,0.224634,0.000913,0.0000,0.285317,0.352671,0.000000,0.0000
1540.83,0.212283,0.226502,0.000805,0.0000,0.285317,0.352671,0.000000,0.0000
1546.23,0.212283,0.226502,0.000805,0.0000,0.285317,0.352671,0.000000,0.0000
1551.56,0.213803,0.228286,0.000875,0.0000,0.285317,0.352671,0.000000,0.0000
1556.93,0.215277,0.230041,0.000866,0.0000,0.285317,0.352671,0.000000,0.0000
1562.27,0.215277,0.230041,0.000866,0.0000,0.285317,0.352671,0.000000,0.0000
1567.58,0.216785,0.231886,0.000840,0.0000,0.285317,0.352671,0.000000,0.0000
1572.91,0.216785,0.231886,0.000840,0.0000,0.285317,0.352671,0.000000,0.0000
1578.22,0.218286,0.233724,0.000814,0.0000,0.285317,0.352671,0.000000,0.0000
1583.55,0.219655,0.235509,0.000921,0.0000,0.285317,0.352671,0.000000,0.0000
1588.83,0.219655,0.235509,0.000921,0.0000,0.285317,0.352671,0.000000,0.0000
1594.56,0.221105,0.237333,0.000896,0.0000,0.290575,0.367744,0.000000,0.0000
1599.96,0.222600,0.239227,0.000939,0.0000,0.290575,0.367744,0.000000,0.0000
1605.29,0.222600,0.239227,0.000939,0.0000,0.290575,0.367744,0.000000,0.0000
1610.65,0.224036,0.240918,0.000876,0.0000,0.290575,0.367744,0.000000,0.0000
1615.67,0.225420,0.242645,0.000841,0.0000,0.290575,0.367744,0.000000,0.0000
1620.96,0.225420,0.242645,0.000841,0.0000,0.290575,0.367744,0.000000,0.0000
1626.29,0.226902,0.244582,0.000938,0.0000,0.290575,0.367744,0.000000,0.0000
1632.02,0.228258,0.246277,0.000945,0.0000,0.290575,0.367744,0.000000,0.0000
1637.06,0.228258,0.246277,0.000945,0.0000,0.290575,0.367744,0.000000,0.0000
1642.43,0.229644,0.247920,0.000832,0.0000,0.290575,0.367744,0.000000,0.0000
1647.71,0.229644,0.247920,0.000832,0.0000,0.290575,0.367744,0.000000,0.0000
1653.06,0.231092,0.249878,0.000945,0.0000,0.290575,0.367744,0.000000,0.0000
1658.53,0.232504,0.251608,0.001015,0.0000,0.290575,0.367744,0.000000,0.0000
1663.93,0.232504,0.251608,0.001015,0.0000,0.290575,0.367744,0.000000,0.0000
1669.49,0.233891,0.253288,0.000948,0.0000,0.290575,0.367744,0.000000,0.0000
1674.80,0.235228,0.255163,0.001016,0.0000,0.294686,0.382454,0.000000,0.0000
1680.13,0.235228,0.255163,0.001016,0.0000,0.294686,0.382454,0.000000,0.0000
1685.45,0.236648,0.256939,0.001032,0.0000,0.294686,0.382454,0.000000,0.0000
1690.77,0.237938,0.258597,0.001036,0.0000,0.294686,0.382454,0.000000,0.0000
1696.12,0.237938,0.258597,0.001036,0.0000,0.294686,0.382454,0.000000,0.0000
1701.72,0.239249,0.260487,0.001106,0.0000,0.294686,0.382454,0.000000,0.0000
1707.11,0.240581,0.262246,0.001092,0.0000,0.294686,0.382454,0.000000,0.0000
1712.42,0.240581,0.262246,0.001092,0.0000,0.294686,0.382454,0.000000,0.0000
1717.71,0.241955,0.263898,0.001088,0.0000,0.294686,0.382454,0.000000,0.0000
1723.03,0.241955,0.263898,0.001088,0.0000,0.294686,0.382454,0.000000,0.0000
1728.37,0.243254,0.265754,0.001183,0.0000,0.294686,0.382454,0.000000,0.0000
1733.72,0.243254,0.265754,0.001183,0.0000,0.294686,0.382454,0.000000,0.0000
1739.05,0.244598,0.267501,0.001207,0.0000,0.297634,0.396787,0.000000,0.0000
1744.46,0.245874,0.269104,0.001116,0.0000,0.297634,0.396787,0.000000,0.0000
1749.84,0.247061,0.270930,0.001234,0.0000,0.297634,0.396787,0.000000,0.0000
1755.18,0.247061,0.270930,0.001234,0.0000,0.297634,0.396787,0.000000,0.0000
1761.10,0.248379,0.272649,0.001281,0.0000,0.297634,0.396787,0.000000,0.0000
1766.50,0.249571,0.274366,0.001339,0.0000,0.297634,0.396787,0.000000,0.0000
1771.77,0.249571,0.274366,0.001339,0.0000,0.297634,0.396787,0.000000,0.0000
1777.10,0.250850,0.276140,0.001307,0.0000,0.297634,0.396787,0.000000,0.0000
1782.45,0.252060,0.277863,0.001385,0.0000,0.297634,0.396787,0.000000,0.0000
1787.78,0.252060,0.277863,0.001385,0.0000,0.297634,0.396787,0.000000,0.0000
1793.30,0.253296,0.279581,0.001408,0.0000,0.297634,0.396787,0.000000,0.0000
1798.64,0.254626,0.281243,0.001357,0.0000,0.297634,0.396787,0.000000,0.0000
1803.95,0.254626,0.281243,0.001357,0.0000,0.297634,0.396787,0.000000,0.0000
1809.26,0.255838,0.283011,0.001377,0.0000,0.297634,0.396787,0.000000,0.0000
1814.58,0.255838,0.283011,0.001377,0.0000,0.297634,0.396787,0.000000,0.0000
1819.92,0.257039,0.284688,0.001400,0.0000,0.299408,0.410728,0.000000,0.0000
1825.23,0.257039,0.284688,0.001400,0.0000,0.299408,0.410728,0.000000,0.0000
1830.57,0.258299,0.286433,0.001368,0.0000,0.299408,0.410728,0.000000,0.0000
1836.13,0.259448,0.288168,0.001473,0.0000,0.299408,0.410728,0.000000,0.0000
1841.49,0.260640,0.289905,0.001461,0.0000,0.299408,0.410728,0.000000,0.0000
1846.83,0.260640,0.289905,0.001461,0.0000,0.299408,0.410728,0.000000,0.0000
1852.15,0.261822,0.291590,0.001461,0.0000,0.299408,0.410728,0.000000,0.0000
1857.49,0.262895,0.293315,0.001473,0.0000,0.299408,0.410728,0.000000,0.0000
1862.91,0.262895,0.293315,0.001473,0.0000,0.299408,0.410728,0.000000,0.0000
1868.24,0.264010,0.295057,0.001553,0.0000,0.299408,0.410728,0.000000,0.0000
1873.64,0.265136,0.296783,0.001580,0.0000,0.299408,0.410728,0.000000,0.0000
1879.02,0.265136,0.296783,0.001580,0.0000,0.299408,0.410728,0.000000,0.0000
1884.34,0.266208,0.298525,0.001586,0.0000,0.299408,0.410728,0.000000,0.0000
1889.66,0.266208,0.298525,0.001586,0.0000,0.299408,0.410728,0.000000,0.0000
1894.95,0.267300,0.300258,0.001566,0.0000,0.299408,0.410728,0.000000,0.0000
1900.52,0.268413,0.301874,0.001570,0.0000,0.300000,0.424264,0.000000,0.0000
1905.86,0.268413,0.301874,0.001570,0.0000,0.300000,0.424264,0.000000,0.0000
1911.17,0.269447,0.303621,0.001553,0.0000,0.300000,0.424264,0.000000,0.0000
1916.52,0.270575,0.305312,0.001614,0.0000,0.300000,0.424264,0.000000,0.0000
1921.86,0.270575,0.305312,0.001614,0.0000,0.300000,0.424264,0.000000,0.0000
1927.21,0.271636,0.306927,0.001605,0.0000,0.300000,0.424264,0.000000,0.0000
1932.53,0.272561,0.308721,0.001617,0.0000,0.300000,0.424264,0.000000,0.0000
1937.83,0.272561,0.308721,0.001617,0.0000,0.300000,0.424264,0.000000,0.0000
1943.31,0.273698,0.310369,0.001597,0.0000,0.300000,0.424264,0.000000,0.0000
1948.71,0.273698,0.310369,0.001597,0.0000,0.300000,0.424264,0.000000,0.0000
1954.03,0.274712,0.312001,0.001656,0.0000,0.300000,0.424264,0.000000,0.0000
1959.38,0.275630,0.313806,0.001711,0.0000,0.300000,0.424264,0.000000,0.0000
1965.13,0.276702,0.315436,0.001760,0.0000,0.300000,0.424264,0.000000,0.0000
1970.44,0.276702,0.315436,0.001760,0.0000,0.300000,0.424264,0.000000,0.0000
1975.84,0.277672,0.317157,0.001737,0.0000,0.300000,0.424264,0.000000,0.0000
1981.19,0.277672,0.317157,0.001737,0.0000,0.299408,0.437381,0.000000,0.0000
1986.51,0.278578,0.318877,0.001773,0.0000,0.299408,0.437381,0.000000,0.0000
1991.83,0.279560,0.320449,0.001738,0.0000,0.299408,0.437381,0.000000,0.0000
1997.15,0.279560,0.320449,0.001738,0.0000,0.299408,0.437381,0.000000,0.0000
2002.66,0.280489,0.322096,0.001748,0.0000,0.299408,0.437381,0.000000,0.0000
2007.95,0.281373,0.323702,0.001721,0.0000,0.299408,0.437381,0.000000,0.0000
2013.32,0.281373,0.323702,0.001721,0.0000,0.299408,0.437381,0.000000,0.0000
2018.66,0.282257,0.325304,0.001740,0.0000,0.299408,0.437381,0.000000,0.0000
2023.98,0.283171,0.326974,0.001666,0.0000,0.299408,0.437381,0.000000,0.0000
2029.29,0.283171,0.326974,0.001666,0.0000,0.299408,0.437381,0.000000,0.0000
2034.61,0.284015,0.328595,0.001649,0.0000,0.299408,0.437381,0.000000,0.0000
2039.91,0.284015,0.328595,0.001649,0.0000,0.299408,0.437381,0.000000,0.0000
2045.41,0.284984,0.330335,0.001638,0.0000,0.297634,0.450067,0.000000,0.0000
2050.99,0.285875,0.331992,0.001693,0.0000,0.297634,0.450067,0.000000,0.0000
2056.46,0.285875,0.331992,0.001693,0.0000,0.297634,0.450067,0.000000,0.0000
2061.85,0.286686,0.333748,0.001650,0.0000,0.297634,0.450067,0.000000,0.0000
2067.54,0.287561,0.335334,0.001685,0.0000,0.297634,0.450067,0.000000,0.0000
2072.95,0.287561,0.335334,0.001685,0.0000,0.297634,0.450067,0.000000,0.0000
2078.31,0.288377,0.336956,0.001582,0.0000,0.297634,0.450067,0.000000,0.0000
2083.89,0.289187,0.338688,0.001607,0.0000,0.297634,0.450067,0.000000,0.0000
2089.26,0.289187,0.338688,0.001607,0.0000,0.297634,0.450067,0.000000,0.0000
2094.72,0.289973,0.340259,0.001567,0.0000,0.297634,0.450067,0.000000,0.0000
2100.11,0.290686,0.341915,0.001593,0.0000,0.297634,0.450067,0.000000,0.0000
2105.53,0.290686,0.341915,0.001593,0.0000,0.297634,0.450067,0.000000,0.0000
2111.01,0.291487,0.343568,0.001614,0.0000,0.297634,0.450067,0.000000,0.0000
2116.45,0.292243,0.345115,0.001647,0.0000,0.297634,0.450067,0.000000,0.0000
2121.97,0.292243,0.345115,0.001647,0.0000,0.297634,0.450067,0.000000,0.0000
2127.43,0.292974,0.346808,0.001594,0.0000,0.294686,0.462308,0.000000,0.0000
2132.78,0.292974,0.346808,0.001594,0.0000,0.294686,0.462308,0.000000,0.0000
2138.12,0.293693,0.348321,0.001557,0.0000,0.294686,0.462308,0.000000,0.0000
2143.54,0.294343,0.350022,0.001537,0.0000,0.294686,0.462308,0.000000,0.0000
2149.07,0.295045,0.351623,0.001533,0.0000,0.294686,0.462308,0.000000,0.0000
2154.61,0.295045,0.351623,0.001533,0.0000,0.294686,0.462308,0.000000,0.0000
2160.22,0.295727,0.353188,0.001536,0.0000,0.294686,0.462308,0.000000,0.0000
2165.63,0.296446,0.354876,0.001481,0.0000,0.294686,0.462308,0.000000,0.0000
2170.78,0.296446,0.354876,0.001481,0.0000,0.294686,0.462308,0.000000,0.0000
2176.14,0.297049,0.356399,0.001555,0.0000,0.294686,0.462308,0.000000,0.0000
2181.52,0.297049,0.356399,0.001555,0.0000,0.294686,0.462308,0.000000,0.0000
2187.19,0.297727,0.358079,0.001532,0.0000,0.290575,0.474093,0.000000,0.0000
2192.57,0.298304,0.359683,0.001527,0.0000,0.290575,0.474093,0.000000,0.0000
2197.98,0.298304,0.359683,0.001527,0.0000,0.290575,0.474093,0.000000,0.0000
2203.39,0.298896,0.361258,0.001493,0.0000,0.290575,0.474093,0.000000,0.0000
2208.80,0.299488,0.362854,0.001478,0.0000,0.290575,0.474093,0.000000,0.0000
2214.30,0.299488,0.362854,0.001478,0.0000,0.290575,0.474093,0.000000,0.0000
2219.72,0.299952,0.364440,0.001455,0.0000,0.290575,0.474093,0.000000,0.0000
2225.15,0.300593,0.366103,0.001436,0.0000,0.290575,0.474093,0.000000,0.0000
2230.62,0.300593,0.366103,0.001436,0.0000,0.290575,0.474093,0.000000,0.0000
2236.28,0.301099,0.367594,0.001426,0.0000,0.290575,0.474093,0.000000,0.0000
2241.92,0.301675,0.369290,0.001422,0.0000,0.290575,0.474093,0.000000,0.0000
2247.43,0.301675,0.369290,0.001422,0.0000,0.290575,0.474093,0.000000,0.0000
2252.47,0.302190,0.370806,0.001486,0.0000,0.290575,0.474093,0.000000,0.0000
2257.94,0.302714,0.372459,0.001490,0.0000,0.290575,0.474093,0.000000,0.0000
2263.32,0.302714,0.372459,0.001490,0.0000,0.290575,0.474093,0.000000,0.0000
2268.72,0.303187,0.373987,0.001416,0.0000,0.285317,0.485410,0.000000,0.0000
2274.09,0.303671,0.375515,0.001449,0.0000,0.285317,0.485410,0.000000,0.0000
2279.47,0.303671,0.375515,0.001449,0.0000,0.285317,0.485410,0.000000,0.0000
2285.02,0.304104,0.377165,0.001366,0.0000,0.285317,0.485410,0.000000,0.0000
2290.55,0.304601,0.378600,0.001397,0.0000,0.285317,0.485410,0.000000,0.0000
2295.91,0.304601,0.378600,0.001397,0.0000,0.285317,0.485410,0.000000,0.0000
2301.29,0.305011,0.380328,0.001355,0.0000,0.285317,0.485410,0.000000,0.0000
2306.91,0.305457,0.381790,0.001348,0.0000,0.285317,0.485410,0.000000,0.0000
2312.38,0.305457,0.381790,0.001348,0.0000,0.285317,0.485410,0.000000,0.0000
2317.85,0.305896,0.383369,0.001397,0.0000,0.285317,0.485410,0.000000,0.0000
2323.39,0.305896,0.383369,0.001397,0.0000,0.285317,0.485410,0.000000,0.0000
2329.05,0.306256,0.384995,0.001375,0.0000,0.285317,0.485410,0.000000,0.0000
2334.61,0.306646,0.386493,0.001451,0.0000,0.285317,0.485410,0.000000,0.0000
2340.23,0.306988,0.388153,0.001415,0.0000,0.285317,0.485410,0.000000,0.0000
2345.66,0.306988,0.388153,0.001415,0.0000,0.285317,0.485410,0.000000,0.0000
2350.97,0.307345,0.389690,0.001490,0.0000,0.285317,0.485410,0.000000,0.0000
2357.03,0.307675,0.391260,0.001484,0.0000,0.278933,0.496248,0.000000,0.0000
2362.55,0.307675,0.391260,0.001484,0.0000,0.278933,0.496248,0.000000,0.0000
2367.92,0.308010,0.392825,0.001463,0.0000,0.278933,0.496248,0.000000,0.0000
2373.38,0.308010,0.392825,0.001463,0.0000,0.278933,0.496248,0.000000,0.0000
2378.79,0.308287,0.394404,0.001508,0.0000,0.278933,0.496248,0.000000,0.0000
2384.22,0.308577,0.395910,0.001457,0.0000,0.278933,0.496248,0.000000,0.0000
2389.60,0.308577,0.395910,0.001457,0.0000,0.278933,0.496248,0.000000,0.0000
2395.02,0.308824,0.397480,0.001461,0.0000,0.278933,0.496248,0.000000,0.0000
2400.39,0.309043,0.398954,0.001526,0.0000,0.278933,0.496248,0.000000,0.0000
2405.88,0.309043,0.398954,0.001526,0.0000,0.278933,0.496248,0.000000,0.0000
2411.40,0.309298,0.400558,0.001506,0.0000,0.278933,0.496248,0.000000,0.0000
2416.78,0.309532,0.402013,0.001565,0.0000,0.271448,0.506597,0.000000,0.0000
2422.13,0.309532,0.402013,0.001565,0.0000,0.271448,0.506597,0.000000,0.0000
2427.46,0.309703,0.403569,0.001580,0.0000,0.271448,0.506597,0.000000,0.0000
2432.97,0.309933,0.405042,0.001603,0.0000,0.271448,0.506597,0.000000,0.0000
2438.75,0.309933,0.405042,0.001603,0.0000,0.271448,0.506597,0.000000,0.0000
2444.10,0.310146,0.406525,0.001656,0.0000,0.271448,0.506597,0.000000,0.0000
2449.58,0.310300,0.408069,0.001704,0.0000,0.271448,0.506597,0.000000,0.0000
2454.93,0.310300,0.408069,0.001704,0.0000,0.271448,0.506597,0.000000,0.0000
2460.28,0.310479,0.409465,0.001734,0.0000,0.271448,0.506597,0.000000,0.0000
2465.72,0.310586,0.411075,0.001739,0.0000,0.271448,0.506597,0.000000,0.0000
2471.11,0.310586,0.411075,0.001739,0.0000,0.271448,0.506597,0.000000,0.0000
2476.59,0.310744,0.412464,0.001860,0.0000,0.271448,0.506597,0.000000,0.0000
2481.98,0.310806,0.414065,0.001850,0.0000,0.271448,0.506597,0.000000,0.0000
2487.48,0.310806,0.414065,0.001850,0.0000,0.271448,0.506597,0.000000,0.0000
2492.77,0.310881,0.415489,0.001901,0.0000,0.271448,0.506597,0.000000,0.0000
2498.14,0.310881,0.415489,0.001901,0.0000,0.262892,0.516445,0.000000,0.0000
2503.53,0.310988,0.417065,0.001969,0.0000,0.262892,0.516445,0.000000,0.0000
2508.87,0.311023,0.418455,0.002007,0.0000,0.262892,0.516445,0.000000,0.0000
2514.21,0.311023,0.418455,0.002007,0.0000,0.262892,0.516445,0.000000,0.0000
2519.62,0.311139,0.419994,0.002010,0.0000,0.262892,0.516445,0.000000,0.0000
2524.96,0.311102,0.421428,0.002111,0.0000,0.262892,0.516445,0.000000,0.0000
2530.37,0.311102,0.421428,0.002111,0.0000,0.262892,0.516445,0.000000,0.0000
2535.78,0.311118,0.422911,0.002175,0.0000,0.262892,0.516445,0.000000,0.0000
2541.88,0.311113,0.424370,0.002179,0.0000,0.262892,0.516445,0.000000,0.0000
2547.26,0.311113,0.424370,0.002179,0.0000,0.262892,0.516445,0.000000,0.0000
2552.78,0.311086,0.425813,0.002243,0.0000,0.262892,0.516445,0.000000,0.0000
2558.15,0.311083,0.427218,0.002298,0.0000,0.262892,0.516445,0.000000,0.0000
2563.49,0.311083,0.427218,0.002298,0.0000,0.262892,0.516445,0.000000,0.0000
2568.83,0.311023,0.428711,0.002282,0.0000,0.262892,0.516445,0.000000,0.0000
2574.20,0.310944,0.430095,0.002361,0.0000,0.262892,0.516445,0.000000,0.0000
2579.57,0.310944,0.430095,0.002361,0.0000,0.253298,0.525784,0.000000,0.0000
2585.07,0.310817,0.431594,0.002421,0.0000,0.253298,0.525784,0.000000,0.0000
2590.49,0.310783,0.432990,0.002479,0.0000,0.253298,0.525784,0.000000,0.0000
2595.83,0.310783,0.432990,0.002479,0.0000,0.253298,0.525784,0.000000,0.0000
2601.20,0.310716,0.434420,0.002495,0.0000,0.253298,0.525784,0.000000,0.0000
2606.64,0.310716,0.434420,0.002495,0.0000,0.253298,0.525784,0.000000,0.0000
2612.34,0.310528,0.435789,0.002546,0.0000,0.253298,0.525784,0.000000,0.0000
2617.72,0.310372,0.437193,0.002609,0.0000,0.253298,0.525784,0.000000,0.0000
2623.21,0.310372,0.437193,0.002609,0.0000,0.253298,0.525784,0.000000,0.0000
2628.53,0.310220,0.438613,0.002665,0.0000,0.253298,0.525784,0.000000,0.0000
2634.07,0.310123,0.440013,0.002687,0.0000,0.253298,0.525784,0.000000,0.0000
2639.42,0.310123,0.440013,0.002687,0.0000,0.242705,0.534604,0.000000,0.0000
2644.77,0.309844,0.441382,0.002728,0.0000,0.242705,0.534604,0.000000,0.0000
2650.09,0.309660,0.442799,0.002766,0.0000,0.242705,0.534604,0.000000,0.0000
2655.40,0.309660,0.442799,0.002766,0.0000,0.242705,0.534604,0.000000,0.0000
2660.73,0.309458,0.444161,0.002815,0.0000,0.242705,0.534604,0.000000,0.0000
2666.26,0.309188,0.445577,0.002869,0.0000,0.242705,0.534604,0.000000,0.0000
2671.57,0.309188,0.445577,0.002869,0.0000,0.242705,0.534604,0.000000,0.0000
2677.16,0.308977,0.446928,0.002939,0.0000,0.242705,0.534604,0.000000,0.0000
2682.52,0.308680,0.448384,0.002977,0.0000,0.242705,0.534604,0.000000,0.0000
2687.83,0.308680,0.448384,0.002977,0.0000,0.242705,0.534604,0.000000,0.0000
2693.15,0.308394,0.449636,0.003001,0.0000,0.242705,0.534604,0.000000,0.0000
2698.67,0.308088,0.451088,0.003039,0.0000,0.242705,0.534604,0.000000,0.0000
2703.98,0.308088,0.451088,0.003039,0.0000,0.242705,0.534604,0.000000,0.0000
2709.44,0.307773,0.452343,0.003090,0.0000,0.242705,0.534604,0.000000,0.0000
2714.71,0.307773,0.452343,0.003090,0.0000,0.242705,0.534604,0.000000,0.0000
2720.03,0.307392,0.453746,0.003143,0.0000,0.242705,0.534604,0.000000,0.0000
2726.00,0.307070,0.455051,0.003215,0.0000,0.231154,0.542896,0.000000,0.0000
2731.31,0.307070,0.455051,0.003215,0.0000,0.231154,0.542896,0.000000,0.0000
2736.73,0.306701,0.456404,0.003253,0.0000,0.231154,0.542896,0.000000,0.0000
2742.13,0.306296,0.457712,0.003269,0.0000,0.231154,0.542896,0.000000,0.0000
2747.46,0.306296,0.457712,0.003269,0.0000,0.231154,0.542896,0.000000,0.0000
2752.77,0.305876,0.458993,0.003319,0.0000,0.231154,0.542896,0.000000,0.0000
2758.14,0.305462,0.460353,0.003340,0.0000,0.231154,0.542896,0.000000,0.0000
2763.53,0.305462,0.460353,0.003340,0.0000,0.231154,0.542896,0.000000,0.0000
2768.84,0.305057,0.461646,0.003395,0.0000,0.231154,0.542896,0.000000,0.0000
2774.21,0.304544,0.463038,0.003402,0.0000,0.231154,0.542896,0.000000,0.0000
2779.55,0.304544,0.463038,0.003402,0.0000,0.231154,0.542896,0.000000,0.0000
2785.12,0.304090,0.464305,0.003439,0.0000,0.231154,0.542896,0.000000,0.0000
2790.51,0.303564,0.465681,0.003442,0.0000,0.231154,0.542896,0.000000,0.0000
2795.87,0.303564,0.465681,0.003442,0.0000,0.231154,0.542896,0.000000,0.0000
2801.26,0.303095,0.466923,0.003443,0.0000,0.231154,0.542896,0.000000,0.0000
2806.98,0.302531,0.468313,0.003475,0.0000,0.218691,0.550653,0.000000,0.0000
2812.46,0.302531,0.468313,0.003475,0.0000,0.218691,0.550653,0.000000,0.0000
2817.78,0.302031,0.469540,0.003499,0.0000,0.218691,0.550653,0.000000,0.0000
2823.12,0.302031,0.469540,0.003499,0.0000,0.218691,0.550653,0.000000,0.0000
2828.19,0.301472,0.470923,0.003513,0.0000,0.218691,0.550653,0.000000,0.0000
2833.62,0.300912,0.472069,0.003536,0.0000,0.218691,0.550653,0.000000,0.0000
2838.96,0.300912,0.472069,0.003536,0.0000,0.218691,0.550653,0.000000,0.0000
2844.58,0.300323,0.473393,0.003583,0.0000,0.218691,0.550653,0.000000,0.0000
2849.89,0.299760,0.474638,0.003543,0.0000,0.218691,0.550653,0.000000,0.0000
2855.26,0.299760,0.474638,0.003543,0.0000,0.218691,0.550653,0.000000,0.0000
2861.07,0.299135,0.475842,0.003622,0.0000,0.218691,0.550653,0.000000,0.0000
2866.63,0.298501,0.477166,0.003681,0.0000,0.205364,0.557866,0.000000,0.0000
2872.10,0.298501,0.477166,0.003681,0.0000,0.205364,0.557866,0.000000,0.0000
2877.52,0.297886,0.478288,0.003705,0.0000,0.205364,0.557866,0.000000,0.0000
2883.24,0.297238,0.479616,0.003784,0.0000,0.205364,0.557866,0.000000,0.0000
2888.71,0.297238,0.479616,0.003784,0.0000,0.205364,0.557866,0.000000,0.0000
2894.07,0.296612,0.480745,0.003820,0.0000,0.205364,0.557866,0.000000,0.0000
2899.63,0.295930,0.481996,0.003843,0.0000,0.205364,0.557866,0.000000,0.0000
2904.97,0.295930,0.481996,0.003843,0.0000,0.205364,0.557866,0.000000,0.0000
2910.41,0.295256,0.483170,0.003923,0.0000,0.205364,0.557866,0.000000,0.0000
2915.92,0.294559,0.484385,0.003925,0.0000,0.205364,0.557866,0.000000,0.0000
2921.44,0.294559,0.484385,0.003925,0.0000,0.205364,0.557866,0.000000,0.0000
2927.04,0.293823,0.485572,0.004014,0.0000,0.205364,0.557866,0.000000,0.0000
2932.97,0.293087,0.486789,0.004068,0.0000,0.205364,0.557866,0.000000,0.0000
2938.43,0.293087,0.486789,0.004068,0.0000,0.205364,0.557866,0.000000,0.0000
2943.84,0.292334,0.487932,0.004080,0.0000,0.205364,0.557866,0.000000,0.0000
2949.23,0.292334,0.487932,0.004080,0.0000,0.191227,0.564528,0.000000,0.0000
2954.62,0.291568,0.489105,0.004159,0.0000,0.191227,0.564528,0.000000,0.0000
2960.03,0.290820,0.490303,0.004233,0.0000,0.191227,0.564528,0.000000,0.0000
2965.46,0.290064,0.491477,0.004213,0.0000,0.191227,0.564528,0.000000,0.0000
2970.87,0.290064,0.491477,0.004213,0.0000,0.191227,0.564528,0.000000,0.0000
2976.23,0.289308,0.492577,0.004273,0.0000,0.191227,0.564528,0.000000,0.0000
2981.62,0.289308,0.492577,0.004273,0.0000,0.191227,0.564528,0.000000,0.0000
2986.98,0.288478,0.493800,0.004376,0.0000,0.191227,0.564528,0.000000,0.0000
2992.45,0.287670,0.494884,0.004413,0.0000,0.191227,0.564528,0.000000,0.0000
2997.84,0.287670,0.494884,0.004413,0.0000,0.191227,0.564528,0.000000,0.0000
3003.23,0.286824,0.496039,0.004448,0.0000,0.191227,0.564528,0.000000,0.0000
3008.94,0.285986,0.497189,0.004580,0.0000,0.191227,0.564528,0.000000,0.0000
3014.68,0.285986,0.497189,0.004580,0.0000,0.191227,0.564528,0.000000,0.0000
3020.41,0.285146,0.498216,0.004636,0.0000,0.191227,0.564528,0.000000,0.0000
3025.83,0.284296,0.499420,0.004666,0.0000,0.191227,0.564528,0.000000,0.0000
3031.18,0.284296,0.499420,0.004666,0.0000,0.176336,0.570634,0.000000,0.0000
3036.52,0.283490,0.500447,0.004740,0.0000,0.176336,0.570634,0.000000,0.0000
3041.89,0.282591,0.501579,0.004814,0.0000,0.176336,0.570634,0.000000,0.0000
3047.20,0.282591,0.501579,0.004814,0.0000,0.176336,0.570634,0.000000,0.0000
3052.59,0.281752,0.502625,0.004835,0.0000,0.176336,0.570634,0.000000,0.0000
3057.92,0.281752,0.502625,0.004835,0.0000,0.176336,0.570634,0.000000,0.0000
3063.23,0.280867,0.503715,0.004822,0.0000,0.176336,0.570634,0.000000,0.0000
3068.57,0.279938,0.504803,0.004894,0.0000,0.176336,0.570634,0.000000,0.0000
3073.96,0.279036,0.505839,0.004918,0.0000,0.176336,0.570634,0.000000,0.0000
3079.30,0.279036,0.505839,0.004918,0.0000,0.176336,0.570634,0.000000,0.0000
3084.62,0.278137,0.506846,0.004985,0.0000,0.176336,0.570634,0.000000,0.0000
3090.06,0.278137,0.506846,0.004985,0.0000,0.176336,0.570634,0.000000,0.0000
3095.46,0.277249,0.508051,0.005022,0.0000,0.176336,0.570634,0.000000,0.0000
3101.04,0.276330,0.509015,0.005075,0.0000,0.176336,0.570634,0.000000,0.0000
3106.38,0.276330,0.509015,0.005075,0.0000,0.176336,0.570634,0.000000,0.0000
3111.72,0.275348,0.509981,0.005113,0.0000,0.160748,0.576176,0.000000,0.0000
3117.09,0.274394,0.511057,0.005179,0.0000,0.160748,0.576176,0.000000,0.0000
3122.43,0.274394,0.511057,0.005179,0.0000,0.160748,0.576176,0.000000,0.0000
3127.72,0.273466,0.512086,0.005196,0.0000,0.160748,0.576176,0.000000,0.0000
3133.25,0.272489,0.513113,0.005191,0.0000,0.160748,0.576176,0.000000,0.0000
3138.59,0.272489,0.513113,0.005191,0.0000,0.160748,0.576176,0.000000,0.0000
3143.89,0.271509,0.514057,0.005230,0.0000,0.160748,0.576176,0.000000,0.0000
3149.24,0.270480,0.515064,0.005220,0.0000,0.160748,0.576176,0.000000,0.0000
3154.59,0.270480,0.515064,0.005220,0.0000,0.160748,0.576176,0.000000,0.0000
3159.89,0.269490,0.516088,0.005266,0.0000,0.160748,0.576176,0.000000,0.0000
3165.32,0.268534,0.517124,0.005289,0.0000,0.160748,0.576176,0.000000,0.0000
3170.72,0.268534,0.517124,0.005289,0.0000,0.160748,0.576176,0.000000,0.0000
3176.23,0.267530,0.518040,0.005371,0.0000,0.144526,0.581150,0.000000,0.0000
3181.58,0.267530,0.518040,0.005371,0.0000,0.144526,0.581150,0.000000,0.0000
3187.09,0.266461,0.519068,0.005375,0.0000,0.144526,0.581150,0.000000,0.0000
3192.55,0.265453,0.520024,0.005397,0.0000,0.144526,0.581150,0.000000,0.0000
3198.07,0.265453,0.520024,0.005397,0.0000,0.144526,0.581150,0.000000,0.0000
3203.43,0.264423,0.521013,0.005421,0.0000,0.144526,0.581150,0.000000,0.0000
3208.98,0.263336,0.521958,0.005431,0.0000,0.144526,0.581150,0.000000,0.0000
3214.36,0.263336,0.521958,0.005431,0.0000,0.144526,0.581150,0.000000,0.0000
3219.72,0.262290,0.522905,0.005387,0.0000,0.144526,0.581150,0.000000,0.0000
3225.03,0.261206,0.523815,0.005399,0.0000,0.144526,0.581150,0.000000,0.0000
3230.41,0.261206,0.523815,0.005399,0.0000,0.144526,0.581150,0.000000,0.0000
3235.72,0.260146,0.524829,0.005433,0.0000,0.144526,0.581150,0.000000,0.0000
3241.03,0.259071,0.525735,0.005451,0.0000,0.144526,0.581150,0.000000,0.0000
3246.35,0.259071,0.525735,0.005451,0.0000,0.144526,0.581150,0.000000,0.0000
3251.94,0.257958,0.526611,0.005461,0.0000,0.144526,0.581150,0.000000,0.0000
3257.27,0.256855,0.527614,0.005435,0.0000,0.127734,0.585550,0.000000,0.0000
3262.60,0.256855,0.527614,0.005435,0.0000,0.127734,0.585550,0.000000,0.0000
3267.95,0.255738,0.528522,0.005447,0.0000,0.127734,0.585550,0.000000,0.0000
3273.27,0.255738,0.528522,0.005447,0.0000,0.127734,0.585550,0.000000,0.0000
3278.60,0.254521,0.529452,0.005450,0.0000,0.127734,0.585550,0.000000,0.0000
3284.14,0.253409,0.530380,0.005491,0.0000,0.127734,0.585550,0.000000,0.0000
3289.46,0.253409,0.530380,0.005491,0.0000,0.127734,0.585550,0.000000,0.0000
3295.01,0.252280,0.531337,0.005503,0.0000,0.127734,0.585550,0.000000,0.0000
3300.83,0.251056,0.532234,0.005510,0.0000,0.127734,0.585550,0.000000,0.0000
3306.15,0.251056,0.532234,0.005510,0.0000,0.127734,0.585550,0.000000,0.0000
3311.47,0.249823,0.533184,0.005519,0.0000,0.127734,0.585550,0.000000,0.0000
3316.79,0.248687,0.534066,0.005586,0.0000,0.127734,0.585550,0.000000,0.0000
3322.28,0.248687,0.534066,0.005586,0.0000,0.127734,0.585550,0.000000,0.0000
3327.64,0.247447,0.534966,0.005556,0.0000,0.127734,0.585550,0.000000,0.0000
3333.25,0.246203,0.535856,0.005576,0.0000,0.127734,0.585550,0.000000,0.0000
3338.58,0.246203,0.535856,0.005576,0.0000,0.110437,0.589372,0.000000,0.0000
3343.89,0.244970,0.536799,0.005571,0.0000,0.110437,0.589372,0.000000,0.0000
3349.23,0.243701,0.537638,0.005616,0.0000,0.110437,0.589372,0.000000,0.0000
3354.56,0.243701,0.537638,0.005616,0.0000,0.110437,0.589372,0.000000,0.0000
3359.89,0.242491,0.538545,0.005576,0.0000,0.110437,0.589372,0.000000,0.0000
3365.30,0.241233,0.539444,0.005576,0.0000,0.110437,0.589372,0.000000,0.0000
3370.77,0.241233,0.539444,0.005576,0.0000,0.110437,0.589372,0.000000,0.0000
3376.15,0.239890,0.540326,0.005538,0.0000,0.110437,0.589372,0.000000,0.0000
3381.53,0.239890,0.540326,0.005538,0.0000,0.110437,0.589372,0.000000,0.0000
3386.83,0.238580,0.541214,0.005553,0.0000,0.110437,0.589372,0.000000,0.0000
3392.19,0.237224,0.542112,0.005511,0.0000,0.110437,0.589372,0.000000,0.0000
3397.55,0.237224,0.542112,0.005511,0.0000,0.110437,0.589372,0.000000,0.0000
3403.21,0.235890,0.543006,0.005502,0.0000,0.092705,0.592613,0.000000,0.0000
3408.77,0.234551,0.543878,0.005456,0.0000,0.092705,0.592613,0.000000,0.0000
3414.10,0.234551,0.543878,0.005456,0.0000,0.092705,0.592613,0.000000,0.0000
3419.62,0.233177,0.544666,0.005458,0.0000,0.092705,0.592613,0.000000,0.0000
3425.02,0.231806,0.545572,0.005383,0.0000,0.092705,0.592613,0.000000,0.0000
3430.37,0.231806,0.545572,0.005383,0.0000,0.092705,0.592613,0.000000,0.0000
3435.71,0.230347,0.546426,0.005389,0.0000,0.092705,0.592613,0.000000,0.0000
3441.04,0.228942,0.547315,0.005388,0.0000,0.092705,0.592613,0.000000,0.0000
3446.44,0.228942,0.547315,0.005388,0.0000,0.092705,0.592613,0.000000,0.0000
3451.99,0.227480,0.548133,0.005417,0.0000,0.092705,0.592613,0.000000,0.0000
3457.33,0.226060,0.549009,0.005370,0.0000,0.092705,0.592613,0.000000,0.0000
3462.66,0.226060,0.549009,0.005370,0.0000,0.092705,0.592613,0.000000,0.0000
3472.71,0.224524,0.549853,0.005362,0.0000,0.092705,0.592613,0.000000,0.0000
3478.35,0.223022,0.550710,0.005334,0.0000,0.092705,0.592613,0.000000,0.0000
3483.72,0.221490,0.551536,0.005331,0.0000,0.074607,0.595269,0.000000,0.0000
3489.04,0.221490,0.551536,0.005331,0.0000,0.074607,0.595269,0.000000,0.0000
3494.52,0.220013,0.552381,0.005283,0.0000,0.074607,0.595269,0.000000,0.0000
3499.87,0.218408,0.553219,0.005314,0.0000,0.074607,0.595269,0.000000,0.0000
3505.23,0.218408,0.553219,0.005314,0.0000,0.074607,0.595269,0.000000,0.0000
3510.57,0.216845,0.554060,0.005321,0.0000,0.074607,0.595269,0.000000,0.0000
3515.96,0.215232,0.554904,0.005343,0.0000,0.074607,0.595269,0.000000,0.0000
3521.28,0.215232,0.554904,0.005343,0.0000,0.074607,0.595269,0.000000,0.0000
3526.96,0.213708,0.555731,0.005288,0.0000,0.074607,0.595269,0.000000,0.0000
3532.33,0.212069,0.556571,0.005259,0.0000,0.074607,0.595269,0.000000,0.0000
3537.72,0.212069,0.556571,0.005259,0.0000,0.074607,0.595269,0.000000,0.0000
3543.07,0.210484,0.557386,0.005279,0.0000,0.074607,0.595269,0.000000,0.0000
3548.41,0.210484,0.557386,0.005279,0.0000,0.074607,0.595269,0.000000,0.0000
3553.72,0.208830,0.558217,0.005262,0.0000,0.074607,0.595269,0.000000,0.0000
3559.21,0.207235,0.559016,0.005230,0.0000,0.074607,0.595269,0.000000,0.0000
3564.54,0.207235,0.559016,0.005230,0.0000,0.056214,0.597337,0.000000,0.0000
3570.00,0.205532,0.559883,0.005183,0.0000,0.056214,0.597337,0.000000,0.0000
3575.33,0.203850,0.560674,0.005163,0.0000,0.056214,0.597337,0.000000,0.0000
3580.70,0.203850,0.560674,0.005163,0.0000,0.056214,0.597337,0.000000,0.0000
3586.39,0.202144,0.561465,0.005147,0.0000,0.056214,0.597337,0.000000,0.0000
3592.39,0.200364,0.562362,0.005099,0.0000,0.056214,0.597337,0.000000,0.0000
3597.72,0.200364,0.562362,0.005099,0.0000,0.056214,0.597337,0.000000,0.0000
3603.05,0.198681,0.563192,0.005025,0.0000,0.056214,0.597337,0.000000,0.0000
3608.44,0.196910,0.563977,0.004995,0.0000,0.056214,0.597337,0.000000,0.0000
3613.82,0.196910,0.563977,0.004995,0.0000,0.056214,0.597337,0.000000,0.0000
3619.15,0.195150,0.564793,0.004961,0.0000,0.056214,0.597337,0.000000,0.0000
3624.56,0.193400,0.565680,0.004888,0.0000,0.056214,0.597337,0.000000,0.0000
3629.91,0.193400,0.565680,0.004888,0.0000,0.037600,0.598816,0.000000,0.0000
3635.26,0.191584,0.566391,0.004896,0.0000,0.037600,0.598816,0.000000,0.0000
3640.62,0.189845,0.567226,0.004872,0.0000,0.037600,0.598816,0.000000,0.0000
3646.04,0.189845,0.567226,0.004872,0.0000,0.037600,0.598816,0.000000,0.0000
3651.44,0.188001,0.568079,0.004807,0.0000,0.037600,0.598816,0.000000,0.0000
3657.11,0.186164,0.568840,0.004761,0.0000,0.037600,0.598816,0.000000,0.0000
3662.48,0.186164,0.568840,0.004761,0.0000,0.037600,0.598816,0.000000,0.0000
3667.83,0.184341,0.569700,0.004606,0.0000,0.037600,0.598816,0.000000,0.0000
3673.21,0.184341,0.569700,0.004606,0.0000,0.037600,0.598816,0.000000,0.0000
3678.53,0.182503,0.570479,0.004586,0.0000,0.037600,0.598816,0.000000,0.0000
3684.22,0.180595,0.571334,0.004538,0.0000,0.037600,0.598816,0.000000,0.0000
3689.56,0.180595,0.571334,0.004538,0.0000,0.037600,0.598816,0.000000,0.0000
3695.60,0.178717,0.572044,0.004491,0.0000,0.037600,0.598816,0.000000,0.0000
3701.02,0.176800,0.572871,0.004428,0.0000,0.037600,0.598816,0.000000,0.0000
3706.35,0.176800,0.572871,0.004428,0.0000,0.037600,0.598816,0.000000,0.0000
3711.70,0.174871,0.573654,0.004378,0.0000,0.018837,0.599704,0.000000,0.0000
3717.11,0.172986,0.574410,0.004236,0.0000,0.018837,0.599704,0.000000,0.0000
3722.45,0.172986,0.574410,0.004236,0.0000,0.018837,0.599704,0.000000,0.0000
3727.99,0.171063,0.575170,0.004198,0.0000,0.018837,0.599704,0.000000,0.0000
3736.43,0.169110,0.575993,0.004179,0.0000,0.018837,0.599704,0.000000,0.0000
3741.80,0.167109,0.576777,0.004124,0.0000,0.018837,0.599704,0.000000,0.0000
3747.27,0.167109,0.576777,0.004124,0.0000,0.018837,0.599704,0.000000,0.0000
3752.70,0.165153,0.577514,0.004068,0.0000,0.018837,0.599704,0.000000,0.0000
3758.07,0.163151,0.578294,0.004022,0.0000,0.018837,0.599704,0.000000,0.0000
3763.40,0.163151,0.578294,0.004022,0.0000,0.018837,0.599704,0.000000,0.0000
3768.72,0.161126,0.579124,0.003973,0.0000,0.018837,0.599704,0.000000,0.0000
3774.07,0.159147,0.579786,0.003949,0.0000,-0.000000,0.600000,0.000000,0.0000
3779.40,0.159147,0.579786,0.003949,0.0000,-0.000000,0.600000,0.000000,0.0000
3784.71,0.157127,0.580571,0.003931,0.0000,-0.000000,0.600000,0.000000,0.0000
3790.13,0.157127,0.580571,0.003931,0.0000,-0.000000,0.600000,0.000000,0.0000
3795.80,0.155100,0.581371,0.003877,0.0000,-0.000000,0.600000,0.000000,0.0000
3801.15,0.153082,0.582082,0.003855,0.0000,-0.000000,0.600000,0.000000,0.0000
3806.55,0.153082,0.582082,0.003855,0.0000,-0.000000,0.600000,0.000000,0.0000
3811.93,0.151024,0.582804,0.003855,0.0000,-0.000000,0.600000,0.000000,0.0000
3817.29,0.149062,0.583494,0.003832,0.0000,-0.000000,0.600000,0.000000,0.0000
3822.62,0.149062,0.583494,0.003832,0.0000,-0.000000,0.600000,0.000000,0.0000
3828.28,0.146999,0.584301,0.003709,0.0000,-0.000000,0.600000,0.000000,0.0000
3833.64,0.144988,0.584975,0.003655,0.0000,-0.000000,0.600000,0.000000,0.0000
3839.16,0.144988,0.584975,0.003655,0.0000,-0.000000,0.600000,0.000000,0.0000
3844.62,0.142982,0.585651,0.003638,0.0000,-0.000000,0.600000,0.000000,0.0000
3849.95,0.140839,0.586419,0.003581,0.0000,-0.000000,0.600000,0.000000,0.0000
3855.29,0.140839,0.586419,0.003581,0.0000,-0.018837,0.599704,0.000000,0.0000
3860.62,0.138815,0.587115,0.003496,0.0000,-0.018837,0.599704,0.000000,0.0000
3866.04,0.136759,0.587800,0.003473,0.0000,-0.018837,0.599704,0.000000,0.0000
3871.43,0.136759,0.587800,0.003473,0.0000,-0.018837,0.599704,0.000000,0.0000
3876.96,0.134689,0.588494,0.003374,0.0000,-0.018837,0.599704,0.000000,0.0000
3882.33,0.132572,0.589168,0.003331,0.0000,-0.018837,0.599704,0.000000,0.0000
3887.69,0.132572,0.589168,0.003331,0.0000,-0.018837,0.599704,0.000000,0.0000
3893.03,0.130468,0.589917,0.003339,0.0000,-0.018837,0.599704,0.000000,0.0000
3898.37,0.130468,0.589917,0.003339,0.0000,-0.018837,0.599704,0.000000,0.0000
3903.99,0.128386,0.590492,0.003274,0.0000,-0.018837,0.599704,0.000000,0.0000
3909.72,0.126221,0.591274,0.003200,0.0000,-0.018837,0.599704,0.000000,0.0000
3915.18,0.124168,0.591968,0.003267,0.0000,-0.018837,0.599704,0.000000,0.0000
3920.60,0.124168,0.591968,0.003267,0.0000,-0.018837,0.599704,0.000000,0.0000
3925.96,0.122087,0.592565,0.003216,0.0000,-0.018837,0.599704,0.000000,0.0000
3931.39,0.122087,0.592565,0.003216,0.0000,-0.018837,0.599704,0.000000,0.0000
3936.72,0.119978,0.593244,0.003098,0.0000,-0.018837,0.599704,0.000000,0.0000
3942.69,0.117999,0.593832,0.003151,0.0000,-0.037600,0.598816,0.000000,0.0000
3948.03,0.117999,0.593832,0.003151,0.0000,-0.037600,0.598816,0.000000,0.0000
3953.35,0.115827,0.594588,0.003079,0.0000,-0.037600,0.598816,0.000000,0.0000
3958.69,0.113718,0.595113,0.003061,0.0000,-0.037600,0.598816,0.000000,0.0000
3964.04,0.113718,0.595113,0.003061,0.0000,-0.037600,0.598816,0.000000,0.0000
3969.55,0.111598,0.595712,0.003047,0.0000,-0.037600,0.598816,0.000000,0.0000
3975.09,0.109474,0.596297,0.003015,0.0000,-0.037600,0.598816,0.000000,0.0000
3980.44,0.109474,0.596297,0.003015,0.0000,-0.037600,0.598816,0.000000,0.0000
3985.77,0.107352,0.596932,0.002881,0.0000,-0.037600,0.598816,0.000000,0.0000
3991.40,0.105219,0.597546,0.002928,0.0000,-0.037600,0.598816,0.000000,0.0000
3996.72,0.105219,0.597546,0.002928,0.0000,-0.037600,0.598816,0.000000,0.0000
4002.22,0.103130,0.598028,0.003022,0.0000,-0.056214,0.597337,0.000000,0.0000
4007.55,0.100965,0.598661,0.002905,0.0000,-0.056214,0.597337,0.000000,0.0000
4012.92,0.100965,0.598661,0.002905,0.0000,-0.056214,0.597337,0.000000,0.0000
4018.50,0.098882,0.599216,0.002980,0.0000,-0.056214,0.597337,0.000000,0.0000
4023.93,0.096785,0.599881,0.002912,0.0000,-0.056214,0.597337,0.000000,0.0000
4029.27,0.096785,0.599881,0.002912,0.0000,-0.056214,0.597337,0.000000,0.0000
4034.59,0.094615,0.600395,0.002845,0.0000,-0.056214,0.597337,0.000000,0.0000
4039.91,0.094615,0.600395,0.002845,0.0000,-0.056214,0.597337,0.000000,0.0000
4045.75,0.092473,0.600874,0.002879,0.0000,-0.056214,0.597337,0.000000,0.0000
4051.07,0.090258,0.601407,0.002940,0.0000,-0.056214,0.597337,0.000000,0.0000
4056.44,0.090258,0.601407,0.002940,0.0000,-0.056214,0.597337,0.000000,0.0000
4061.80,0.088106,0.601978,0.002805,0.0000,-0.056214,0.597337,0.000000,0.0000
4067.12,0.086011,0.602509,0.002824,0.0000,-0.056214,0.597337,0.000000,0.0000
4072.47,0.086011,0.602509,0.002824,0.0000,-0.056214,0.597337,0.000000,0.0000
4078.00,0.083902,0.602966,0.002827,0.0000,-0.056214,0.597337,0.000000,0.0000
4083.34,0.081748,0.603450,0.002744,0.0000,-0.074607,0.595269,0.000000,0.0000
4088.77,0.081748,0.603450,0.002744,0.0000,-0.074607,0.595269,0.000000,0.0000
4094.22,0.079576,0.603989,0.002820,0.0000,-0.074607,0.595269,0.000000,0.0000
4099.65,0.077444,0.604466,0.002888,0.0000,-0.074607,0.595269,0.000000,0.0000
4104.98,0.077444,0.604466,0.002888,0.0000,-0.074607,0.595269,0.000000,0.0000
4110.37,0.075206,0.604966,0.002795,0.0000,-0.074607,0.595269,0.000000,0.0000
4115.72,0.073170,0.605297,0.002829,0.0000,-0.074607,0.595269,0.000000,0.0000
4121.06,0.073170,0.605297,0.002829,0.0000,-0.074607,0.595269,0.000000,0.0000
4126.43,0.070944,0.605795,0.002867,0.0000,-0.074607,0.595269,0.000000,0.0000
4132.13,0.068826,0.606146,0.002848,0.0000,-0.074607,0.595269,0.000000,0.0000
4137.49,0.068826,0.606146,0.002848,0.0000,-0.074607,0.595269,0.000000,0.0000
4142.78,0.066629,0.606609,0.002868,0.0000,-0.074607,0.595269,0.000000,0.0000
4148.85,0.064547,0.606997,0.002913,0.0000,-0.074607,0.595269,0.000000,0.0000
4154.19,0.064547,0.606997,0.002913,0.0000,-0.074607,0.595269,0.000000,0.0000
4159.52,0.062354,0.607454,0.002818,0.0000,-0.074607,0.595269,0.000000,0.0000
4164.88,0.062354,0.607454,0.002818,0.0000,-0.092705,0.592613,0.000000,0.0000
4170.25,0.060257,0.607757,0.002873,0.0000,-0.092705,0.592613,0.000000,0.0000
4175.58,0.058117,0.608108,0.002903,0.0000,-0.092705,0.592613,0.000000,0.0000
4180.90,0.058117,0.608108,0.002903,0.0000,-0.092705,0.592613,0.000000,0.0000
4186.31,0.055961,0.608438,0.002830,0.0000,-0.092705,0.592613,0.000000,0.0000
4191.64,0.053821,0.608796,0.002867,0.0000,-0.092705,0.592613,0.000000,0.0000
4196.97,0.053821,0.608796,0.002867,0.0000,-0.092705,0.592613,0.000000,0.0000
4202.30,0.051596,0.609138,0.002927,0.0000,-0.092705,0.592613,0.000000,0.0000
4208.14,0.049394,0.609464,0.002814,0.0000,-0.092705,0.592613,0.000000,0.0000
4213.55,0.049394,0.609464,0.002814,0.0000,-0.092705,0.592613,0.000000,0.0000
4219.06,0.047231,0.609786,0.002857,0.0000,-0.092705,0.592613,0.000000,0.0000
4224.39,0.045123,0.610091,0.002838,0.0000,-0.092705,0.592613,0.000000,0.0000
4229.72,0.045123,0.610091,0.002838,0.0000,-0.110437,0.589372,0.000000,0.0000
4235.10,0.042961,0.610355,0.002758,0.0000,-0.110437,0.589372,0.000000,0.0000
4240.47,0.040872,0.610627,0.002745,0.0000,-0.110437,0.589372,0.000000,0.0000
4245.77,0.040872,0.610627,0.002745,0.0000,-0.110437,0.589372,0.000000,0.0000
4250.77,0.038714,0.610828,0.002732,0.0000,-0.110437,0.589372,0.000000,0.0000
4256.13,0.038714,0.610828,0.002732,0.0000,-0.110437,0.589372,0.000000,0.0000
4261.59,0.036561,0.611103,0.002611,0.0000,-0.110437,0.589372,0.000000,0.0000
4266.96,0.034453,0.611331,0.002671,0.0000,-0.110437,0.589372,0.000000,0.0000
4272.37,0.034453,0.611331,0.002671,0.0000,-0.110437,0.589372,0.000000,0.0000
4277.83,0.032286,0.611602,0.002562,0.0000,-0.110437,0.589372,0.000000,0.0000
4283.16,0.030083,0.611821,0.002540,0.0000,-0.110437,0.589372,0.000000,0.0000
4288.53,0.030083,0.611821,0.002540,0.0000,-0.110437,0.589372,0.000000,0.0000
4293.89,0.027991,0.611992,0.002529,0.0000,-0.110437,0.589372,0.000000,0.0000
4299.23,0.025807,0.612162,0.002428,0.0000,-0.110437,0.589372,0.000000,0.0000
4304.56,0.025807,0.612162,0.002428,0.0000,-0.110437,0.589372,0.000000,0.0000
4310.10,0.023674,0.612336,0.002435,0.0000,-0.127734,0.585550,0.000000,0.0000
4315.44,0.021566,0.612489,0.002377,0.0000,-0.127734,0.585550,0.000000,0.0000
4320.75,0.021566,0.612489,0.002377,0.0000,-0.127734,0.585550,0.000000,0.0000
4326.24,0.019346,0.612604,0.002282,0.0000,-0.127734,0.585550,0.000000,0.0000
4331.84,0.017245,0.612729,0.002307,0.0000,-0.127734,0.585550,0.000000,0.0000
4337.34,0.017245,0.612729,0.002307,0.0000,-0.127734,0.585550,0.000000,0.0000
4342.66,0.015038,0.612885,0.002286,0.0000,-0.127734,0.585550,0.000000,0.0000
4347.97,0.015038,0.612885,0.002286,0.0000,-0.127734,0.585550,0.000000,0.0000
4353.22,0.012973,0.612935,0.002220,0.0000,-0.127734,0.585550,0.000000,0.0000
4358.58,0.010808,0.613120,0.002202,0.0000,-0.127734,0.585550,0.000000,0.0000
4363.93,0.010808,0.613120,0.002202,0.0000,-0.127734,0.585550,0.000000,0.0000
4369.52,0.008729,0.613196,0.002192,0.0000,-0.127734,0.585550,0.000000,0.0000
4374.84,0.006602,0.613307,0.002201,0.0000,-0.127734,0.585550,0.000000,0.0000
4380.16,0.006602,0.613307,0.002201,0.0000,-0.127734,0.585550,0.000000,0.0000
4385.52,0.004474,0.613354,0.002179,0.0000,-0.127734,0.585550,0.000000,0.0000
4390.86,0.002345,0.613457,0.002144,0.0000,-0.144526,0.581150,0.000000,0.0000
4396.18,0.002345,0.613457,0.002144,0.0000,-0.144526,0.581150,0.000000,0.0000
4401.57,0.000151,0.613513,0.002154,0.0000,-0.144526,0.581150,0.000000,0.0000
4406.96,-0.001947,0.613534,0.002149,0.0000,-0.144526,0.581150,0.000000,0.0000
4412.35,-0.001947,0.613534,0.002149,0.0000,-0.144526,0.581150,0.000000,0.0000
4417.80,-0.004154,0.613583,0.002105,0.0000,-0.144526,0.581150,0.000000,0.0000
4423.12,-0.004154,0.613583,0.002105,0.0000,-0.144526,0.581150,0.000000,0.0000
4428.46,-0.006292,0.613618,0.002098,0.0000,-0.144526,0.581150,0.000000,0.0000
4433.99,-0.008415,0.613604,0.002069,0.0000,-0.144526,0.581150,0.000000,0.0000
4439.47,-0.008415,0.613604,0.002069,0.0000,-0.144526,0.581150,0.000000,0.0000
4444.77,-0.010553,0.613635,0.002031,0.0000,-0.144526,0.581150,0.000000,0.0000
4450.10,-0.012645,0.613599,0.001994,0.0000,-0.144526,0.581150,0.000000,0.0000
4455.52,-0.012645,0.613599,0.001994,0.0000,-0.160748,0.576176,0.000000,0.0000
4460.83,-0.014764,0.613582,0.001893,0.0000,-0.160748,0.576176,0.000000,0.0000
4466.47,-0.016834,0.613544,0.001866,0.0000,-0.160748,0.576176,0.000000,0.0000
4471.79,-0.016834,0.613544,0.001866,0.0000,-0.160748,0.576176,0.000000,0.0000
4477.11,-0.018957,0.613463,0.001822,0.0000,-0.160748,0.576176,0.000000,0.0000
4482.47,-0.021094,0.613427,0.001719,0.0000,-0.160748,0.576176,0.000000,0.0000
4487.77,-0.021094,0.613427,0.001719,0.0000,-0.160748,0.576176,0.000000,0.0000
4493.13,-0.023216,0.613340,0.001677,0.0000,-0.160748,0.576176,0.000000,0.0000
4498.57,-0.025413,0.613253,0.001613,0.0000,-0.160748,0.576176,0.000000,0.0000
4503.95,-0.025413,0.613253,0.001613,0.0000,-0.160748,0.576176,0.000000,0.0000
4509.49,-0.027536,0.613159,0.001537,0.0000,-0.160748,0.576176,0.000000,0.0000
4514.90,-0.027536,0.613159,0.001537,0.0000,-0.160748,0.576176,0.000000,0.0000
4520.24,-0.029680,0.613040,0.001498,0.0000,-0.160748,0.576176,0.000000,0.0000
4525.57,-0.031794,0.612949,0.001445,0.0000,-0.160748,0.576176,0.000000,0.0000
4530.89,-0.031794,0.612949,0.001445,0.0000,-0.160748,0.576176,0.000000,0.0000
4536.29,-0.033882,0.612812,0.001398,0.0000,-0.176336,0.570634,0.000000,0.0000
4541.72,-0.035991,0.612710,0.001392,0.0000,-0.176336,0.570634,0.000000,0.0000
4547.05,-0.035991,0.612710,0.001392,0.0000,-0.176336,0.570634,0.000000,0.0000
4552.36,-0.038081,0.612590,0.001341,0.0000,-0.176336,0.570634,0.000000,0.0000
4558.08,-0.040275,0.612442,0.001316,0.0000,-0.176336,0.570634,0.000000,0.0000
4563.42,-0.040275,0.612442,0.001316,0.0000,-0.176336,0.570634,0.000000,0.0000
4568.72,-0.042343,0.612303,0.001267,0.0000,-0.176336,0.570634,0.000000,0.0000
4574.05,-0.044550,0.612107,0.001258,0.0000,-0.176336,0.570634,0.000000,0.0000
4579.38,-0.044550,0.612107,0.001258,0.0000,-0.176336,0.570634,0.000000,0.0000
4584.70,-0.046755,0.611971,0.001240,0.0000,-0.176336,0.570634,0.000000,0.0000
4590.23,-0.048891,0.611830,0.001182,0.0000,-0.176336,0.570634,0.000000,0.0000
4595.70,-0.048891,0.611830,0.001182,0.0000,-0.176336,0.570634,0.000000,0.0000
4601.04,-0.051047,0.611641,0.001228,0.0000,-0.176336,0.570634,0.000000,0.0000
4606.40,-0.051047,0.611641,0.001228,0.0000,-0.176336,0.570634,0.000000,0.0000
4611.72,-0.053158,0.611493,0.001180,0.0000,-0.176336,0.570634,0.000000,0.0000
4617.06,-0.053158,0.611493,0.001180,0.0000,-0.191227,0.564528,0.000000,0.0000
4622.39,-0.055329,0.611313,0.001175,0.0000,-0.191227,0.564528,0.000000,0.0000
4627.98,-0.057361,0.611081,0.001156,0.0000,-0.191227,0.564528,0.000000,0.0000
4633.31,-0.059547,0.610863,0.001137,0.0000,-0.191227,0.564528,0.000000,0.0000
4638.65,-0.059547,0.610863,0.001137,0.0000,-0.191227,0.564528,0.000000,0.0000
4643.96,-0.061700,0.610634,0.001170,0.0000,-0.191227,0.564528,0.000000,0.0000
4649.36,-0.063832,0.610391,0.001103,0.0000,-0.191227,0.564528,0.000000,0.0000
4654.72,-0.063832,0.610391,0.001103,0.0000,-0.191227,0.564528,0.000000,0.0000
4660.76,-0.065989,0.610094,0.001132,0.0000,-0.191227,0.564528,0.000000,0.0000
4666.36,-0.068014,0.609880,0.001089,0.0000,-0.191227,0.564528,0.000000,0.0000
4671.69,-0.068014,0.609880,0.001089,0.0000,-0.191227,0.564528,0.000000,0.0000
4677.16,-0.070157,0.609636,0.001036,0.0000,-0.205364,0.557866,0.000000,0.0000
4682.49,-0.072152,0.609396,0.001084,0.0000,-0.205364,0.557866,0.000000,0.0000
4687.84,-0.072152,0.609396,0.001084,0.0000,-0.205364,0.557866,0.000000,0.0000
4693.16,-0.074259,0.609088,0.001091,0.0000,-0.205364,0.557866,0.000000,0.0000
4698.83,-0.076381,0.608860,0.001004,0.0000,-0.205364,0.557866,0.000000,0.0000
4704.19,-0.076381,0.608860,0.001004,0.0000,-0.205364,0.557866,0.000000,0.0000
4709.52,-0.078506,0.608529,0.001040,0.0000,-0.205364,0.557866,0.000000,0.0000
4714.90,-0.078506,0.608529,0.001040,0.0000,-0.205364,0.557866,0.000000,0.0000
4720.29,-0.080618,0.608194,0.001033,0.0000,-0.205364,0.557866,0.000000,0.0000
4725.85,-0.082704,0.607884,0.001029,0.0000,-0.205364,0.557866,0.000000,0.0000
4731.26,-0.082704,0.607884,0.001029,0.0000,-0.205364,0.557866,0.000000,0.0000
4736.65,-0.084779,0.607554,0.001030,0.0000,-0.205364,0.557866,0.000000,0.0000
4741.72,-0.086876,0.607241,0.001009,0.0000,-0.205364,0.557866,0.000000,0.0000
4747.04,-0.086876,0.607241,0.001009,0.0000,-0.205364,0.557866,0.000000,0.0000
4752.36,-0.088944,0.606896,0.001026,0.0000,-0.205364,0.557866,0.000000,0.0000
4757.69,-0.091125,0.606585,0.001051,0.0000,-0.205364,0.557866,0.000000,0.0000
4763.28,-0.091125,0.606585,0.001051,0.0000,-0.218691,0.550653,0.000000,0.0000
4768.67,-0.093381,0.606243,0.001012,0.0000,-0.218691,0.550653,0.000000,0.0000
4774.06,-0.095367,0.605883,0.001064,0.0000,-0.218691,0.550653,0.000000,0.0000
4779.51,-0.095367,0.605883,0.001064,0.0000,-0.218691,0.550653,0.000000,0.0000
4784.84,-0.097486,0.605531,0.001049,0.0000,-0.218691,0.550653,0.000000,0.0000
4790.34,-0.099566,0.605173,0.000983,0.0000,-0.218691,0.550653,0.000000,0.0000
4795.77,-0.099566,0.605173,0.000983,0.0000,-0.218691,0.550653,0.000000,0.0000
4801.12,-0.101712,0.604733,0.000978,0.0000,-0.218691,0.550653,0.000000,0.0000
4806.48,-0.101712,0.604733,0.000978,0.0000,-0.218691,0.550653,0.000000,0.0000
4811.77,-0.103830,0.604334,0.000890,0.0000,-0.218691,0.550653,0.000000,0.0000
4817.19,-0.105905,0.603931,0.000949,0.0000,-0.218691,0.550653,0.000000,0.0000
4822.69,-0.105905,0.603931,0.000949,0.0000,-0.218691,0.550653,0.000000,0.0000
4828.16,-0.108018,0.603523,0.000819,0.0000,-0.218691,0.550653,0.000000,0.0000
4833.52,-0.110138,0.603111,0.000687,0.0000,-0.218691,0.550653,0.000000,0.0000
4838.83,-0.110138,0.603111,0.000687,0.0000,-0.218691,0.550653,0.000000,0.0000
4844.17,-0.112134,0.602738,0.000629,0.0000,-0.231154,0.542896,0.000000,0.0000
4849.67,-0.114078,0.602333,0.000590,0.0000,-0.231154,0.542896,0.000000,0.0000
4855.01,-0.114078,0.602333,0.000590,0.0000,-0.231154,0.542896,0.000000,0.0000
4860.33,-0.116017,0.601963,0.000609,0.0000,-0.231154,0.542896,0.000000,0.0000
4865.95,-0.117963,0.601536,0.000499,0.0000,-0.231154,0.542896,0.000000,0.0000
4871.33,-0.117963,0.601536,0.000499,0.0000,-0.231154,0.542896,0.000000,0.0000
4876.66,-0.119969,0.601135,0.000487,0.0000,-0.231154,0.542896,0.000000,0.0000
4881.99,-0.121860,0.600681,0.000547,0.0000,-0.231154,0.542896,0.000000,0.0000
4887.42,-0.121860,0.600681,0.000547,0.0000,-0.231154,0.542896,0.000000,0.0000
4892.71,-0.123902,0.600230,0.000581,0.0000,-0.231154,0.542896,0.000000,0.0000
4898.03,-0.123902,0.600230,0.000581,0.0000,-0.231154,0.542896,0.000000,0.0000
4903.38,-0.126020,0.599722,0.000636,0.0000,-0.242705,0.534604,0.000000,0.0000
4908.70,-0.126020,0.599722,0.000636,0.0000,-0.242705,0.534604,0.000000,0.0000
4914.02,-0.128139,0.599172,0.000637,0.0000,-0.242705,0.534604,0.000000,0.0000
4919.39,-0.130172,0.598667,0.000613,0.0000,-0.242705,0.534604,0.000000,0.0000
4924.85,-0.132111,0.598198,0.000620,0.0000,-0.242705,0.534604,0.000000,0.0000
4930.32,-0.132111,0.598198,0.000620,0.0000,-0.242705,0.534604,0.000000,0.0000
4935.64,-0.134068,0.597778,0.000615,0.0000,-0.242705,0.534604,0.000000,0.0000
4940.95,-0.136032,0.597257,0.000587,0.0000,-0.242705,0.534604,0.000000,0.0000
4946.28,-0.136032,0.597257,0.000587,0.0000,-0.242705,0.534604,0.000000,0.0000
4951.61,-0.137937,0.596750,0.000610,0.0000,-0.242705,0.534604,0.000000,0.0000
4957.13,-0.140011,0.596189,0.000640,0.0000,-0.242705,0.534604,0.000000,0.0000
4962.47,-0.140011,0.596189,0.000640,0.0000,-0.242705,0.534604,0.000000,0.0000
4967.54,-0.141954,0.595726,0.000602,0.0000,-0.242705,0.534604,0.000000,0.0000
4972.83,-0.141954,0.595726,0.000602,0.0000,-0.242705,0.534604,0.000000,0.0000
4978.54,-0.143848,0.595155,0.000712,0.0000,-0.242705,0.534604,0.000000,0.0000
4983.85,-0.145904,0.594689,0.000669,0.0000,-0.253298,0.525784,0.000000,0.0000
4989.19,-0.145904,0.594689,0.000669,0.0000,-0.253298,0.525784,0.000000,0.0000
4994.61,-0.147783,0.594125,0.000645,0.0000,-0.253298,0.525784,0.000000,0.0000
4999.90,-0.149652,0.593544,0.000667,0.0000,-0.253298,0.525784,0.000000,0.0000
5005.24,-0.149652,0.593544,0.000667,0.0000,-0.253298,0.525784,0.000000,0.0000
5010.88,-0.151593,0.592978,0.000605,0.0000,-0.253298,0.525784,0.000000,0.0000
5016.27,-0.151593,0.592978,0.000605,0.0000,-0.253298,0.525784,0.000000,0.0000
5021.63,-0.153417,0.592459,0.000588,0.0000,-0.253298,0.525784,0.000000,0.0000
5027.19,-0.155269,0.591958,0.000561,0.0000,-0.253298,0.525784,0.000000,0.0000
5032.56,-0.157232,0.591280,0.000491,0.0000,-0.253298,0.525784,0.000000,0.0000
5037.90,-0.157232,0.591280,0.000491,0.0000,-0.253298,0.525784,0.000000,0.0000
5043.24,-0.159084,0.590701,0.000532,0.0000,-0.253298,0.525784,0.000000,0.0000
5048.74,-0.160935,0.590118,0.000520,0.0000,-0.253298,0.525784,0.000000,0.0000
5054.07,-0.160935,0.590118,0.000520,0.0000,-0.253298,0.525784,0.000000,0.0000
5059.51,-0.162876,0.589622,0.000473,0.0000,-0.253298,0.525784,0.000000,0.0000
5064.83,-0.162876,0.589622,0.000473,0.0000,-0.253298,0.525784,0.000000,0.0000
5070.80,-0.164547,0.589019,0.000645,0.0000,-0.262892,0.516445,0.000000,0.0000
5076.14,-0.166488,0.588369,0.000578,0.0000,-0.262892,0.516445,0.000000,0.0000
5081.46,-0.166488,0.588369,0.000578,0.0000,-0.262892,0.516445,0.000000,0.0000
5086.81,-0.168344,0.587775,0.000463,0.0000,-0.262892,0.516445,0.000000,0.0000
5092.23,-0.170115,0.587173,0.000504,0.0000,-0.262892,0.516445,0.000000,0.0000
5097.57,-0.170115,0.587173,0.000504,0.0000,-0.262892,0.516445,0.000000,0.0000
5103.01,-0.171926,0.586643,0.000501,0.0000,-0.262892,0.516445,0.000000,0.0000
5108.39,-0.171926,0.586643,0.000501,0.0000,-0.262892,0.516445,0.000000,0.0000
5113.72,-0.173670,0.585911,0.000409,0.0000,-0.262892,0.516445,0.000000,0.0000
5119.04,-0.175345,0.585256,0.000399,0.0000,-0.262892,0.516445,0.000000,0.0000
5124.35,-0.175345,0.585256,0.000399,0.0000,-0.262892,0.516445,0.000000,0.0000
5129.69,-0.177125,0.584681,0.000472,0.0000,-0.271448,0.506597,0.000000,0.0000
5135.24,-0.178833,0.584002,0.000443,0.0000,-0.271448,0.506597,0.000000,0.0000
5140.56,-0.180536,0.583351,0.000503,0.0000,-0.271448,0.506597,0.000000,0.0000
5145.89,-0.180536,0.583351,0.000503,0.0000,-0.271448,0.506597,0.000000,0.0000
5151.25,-0.182251,0.582684,0.000500,0.0000,-0.271448,0.506597,0.000000,0.0000
5156.56,-0.182251,0.582684,0.000500,0.0000,-0.271448,0.506597,0.000000,0.0000
5161.84,-0.183932,0.582048,0.000476,0.0000,-0.271448,0.506597,0.000000,0.0000
5167.16,-0.185655,0.581346,0.000471,0.0000,-0.271448,0.506597,0.000000,0.0000
5173.03,-0.185655,0.581346,0.000471,0.0000,-0.271448,0.506597,0.000000,0.0000
5178.65,-0.187306,0.580662,0.000484,0.0000,-0.271448,0.506597,0.000000,0.0000
5184.17,-0.189006,0.579975,0.000433,0.0000,-0.271448,0.506597,0.000000,0.0000
5189.53,-0.189006,0.579975,0.000433,0.0000,-0.271448,0.506597,0.000000,0.0000
5194.83,-0.190683,0.579357,0.000382,0.0000,-0.271448,0.506597,0.000000,0.0000
5200.15,-0.192316,0.578645,0.000423,0.0000,-0.271448,0.506597,0.000000,0.0000
5205.47,-0.192316,0.578645,0.000423,0.0000,-0.271448,0.506597,0.000000,0.0000
5210.77,-0.193939,0.577921,0.000306,0.0000,-0.278933,0.496248,0.000000,0.0000
5216.10,-0.193939,0.577921,0.000306,0.0000,-0.278933,0.496248,0.000000,0.0000
5221.60,-0.195507,0.577189,0.000316,0.0000,-0.278933,0.496248,0.000000,0.0000
5227.06,-0.197095,0.576514,0.000318,0.0000,-0.278933,0.496248,0.000000,0.0000
5232.41,-0.197095,0.576514,0.000318,0.0000,-0.278933,0.496248,0.000000,0.0000
5237.73,-0.198672,0.575756,0.000290,0.0000,-0.278933,0.496248,0.000000,0.0000
5243.05,-0.200227,0.575055,0.000261,0.0000,-0.278933,0.496248,0.000000,0.0000
5248.67,-0.201782,0.574331,0.000249,0.0000,-0.278933,0.496248,0.000000,0.0000
5254.14,-0.201782,0.574331,0.000249,0.0000,-0.278933,0.496248,0.000000,0.0000
5259.46,-0.203364,0.573587,0.000224,0.0000,-0.278933,0.496248,0.000000,0.0000
5264.86,-0.203364,0.573587,0.000224,0.0000,-0.278933,0.496248,0.000000,0.0000
5270.22,-0.204908,0.572814,0.000205,0.0000,-0.278933,0.496248,0.000000,0.0000
5275.55,-0.206415,0.571997,0.000214,0.0000,-0.278933,0.496248,0.000000,0.0000
5281.01,-0.206415,0.571997,0.000214,0.0000,-0.278933,0.496248,0.000000,0.0000
5286.32,-0.207958,0.571286,0.000150,0.0000,-0.278933,0.496248,0.000000,0.0000
5291.70,-0.209463,0.570447,0.000067,0.0000,-0.285317,0.485410,0.000000,0.0000
5297.03,-0.209463,0.570447,0.000067,0.0000,-0.285317,0.485410,0.000000,0.0000
5302.34,-0.210885,0.569687,0.000097,0.0000,-0.285317,0.485410,0.000000,0.0000
5307.72,-0.212434,0.568905,0.000085,0.0000,-0.285317,0.485410,0.000000,0.0000
5313.10,-0.212434,0.568905,0.000085,0.0000,-0.285317,0.485410,0.000000,0.0000
5318.51,-0.213891,0.568078,0.000037,0.0000,-0.285317,0.485410,0.000000,0.0000
5323.83,-0.213891,0.568078,0.000037,0.0000,-0.285317,0.485410,0.000000,0.0000
5329.16,-0.215330,0.567295,0.000005,0.0000,-0.285317,0.485410,0.000000,0.0000
5334.51,-0.216797,0.566537,-0.000033,0.0000,-0.285317,0.485410,0.000000,0.0000
5339.83,-0.216797,0.566537,-0.000033,0.0000,-0.285317,0.485410,0.000000,0.0000
5345.14,-0.218254,0.565662,-0.000054,0.0000,-0.285317,0.485410,0.000000,0.0000
5350.47,-0.219669,0.564854,-0.000070,0.0000,-0.285317,0.485410,0.000000,0.0000
5356.44,-0.219669,0.564854,-0.000070,0.0000,-0.285317,0.485410,0.000000,0.0000
5361.72,-0.221091,0.563998,-0.000053,0.0000,-0.285317,0.485410,0.000000,0.0000
5367.11,-0.222515,0.563167,-0.000088,0.0000,-0.285317,0.485410,0.000000,0.0000
5372.53,-0.222515,0.563167,-0.000088,0.0000,-0.290575,0.474093,0.000000,0.0000
5378.07,-0.223921,0.562296,-0.000082,0.0000,-0.290575,0.474093,0.000000,0.0000
5383.39,-0.225322,0.561449,-0.000059,0.0000,-0.290575,0.474093,0.000000,0.0000
5388.71,-0.225322,0.561449,-0.000059,0.0000,-0.290575,0.474093,0.000000,0.0000
5394.08,-0.226658,0.560589,0.000006,0.0000,-0.290575,0.474093,0.000000,0.0000
5399.40,-0.228113,0.559710,0.000037,0.0000,-0.290575,0.474093,0.000000,0.0000
5404.72,-0.228113,0.559710,0.000037,0.0000,-0.290575,0.474093,0.000000,0.0000
5410.17,-0.229399,0.558860,0.000010,0.0000,-0.290575,0.474093,0.000000,0.0000
5415.56,-0.229399,0.558860,0.000010,0.0000,-0.290575,0.474093,0.000000,0.0000
5420.90,-0.230728,0.557977,0.000005,0.0000,-0.290575,0.474093,0.000000,0.0000
5426.25,-0.232052,0.557104,0.000015,0.0000,-0.290575,0.474093,0.000000,0.0000
5431.93,-0.233392,0.556179,-0.000001,0.0000,-0.290575,0.474093,0.000000,0.0000
5437.52,-0.233392,0.556179,-0.000001,0.0000,-0.294686,0.462308,0.000000,0.0000
5442.91,-0.234685,0.555284,0.000019,0.0000,-0.294686,0.462308,0.000000,0.0000
5448.37,-0.234685,0.555284,0.000019,0.0000,-0.294686,0.462308,0.000000,0.0000
5453.72,-0.235954,0.554332,-0.000003,0.0000,-0.294686,0.462308,0.000000,0.0000
5459.33,-0.237209,0.553455,-0.000027,0.0000,-0.294686,0.462308,0.000000,0.0000
5464.72,-0.237209,0.553455,-0.000027,0.0000,-0.294686,0.462308,0.000000,0.0000
5470.17,-0.238487,0.552457,-0.000055,0.0000,-0.294686,0.462308,0.000000,0.0000
5475.81,-0.239717,0.551570,-0.000070,0.0000,-0.294686,0.462308,0.000000,0.0000
5481.20,-0.239717,0.551570,-0.000070,0.0000,-0.294686,0.462308,0.000000,0.0000
5486.71,-0.240938,0.550609,-0.000030,0.0000,-0.294686,0.462308,0.000000,0.0000
5492.42,-0.242169,0.549708,-0.000075,0.0000,-0.294686,0.462308,0.000000,0.0000
5497.79,-0.242169,0.549708,-0.000075,0.0000,-0.294686,0.462308,0.000000,0.0000
5503.22,-0.243458,0.548705,-0.000212,0.0000,-0.294686,0.462308,0.000000,0.0000
5508.60,-0.244708,0.547735,-0.000265,0.0000,-0.294686,0.462308,0.000000,0.0000
5513.95,-0.244708,0.547735,-0.000265,0.0000,-0.294686,0.462308,0.000000,0.0000
5519.30,-0.245912,0.546799,-0.000291,0.0000,-0.297634,0.450067,0.000000,0.0000
5524.72,-0.245912,0.546799,-0.000291,0.0000,-0.297634,0.450067,0.000000,0.0000
5530.04,-0.247118,0.545840,-0.000249,0.0000,-0.297634,0.450067,0.000000,0.0000
5535.42,-0.248308,0.544844,-0.000324,0.0000,-0.297634,0.450067,0.000000,0.0000
5540.77,-0.249496,0.543910,-0.000262,0.0000,-0.297634,0.450067,0.000000,0.0000
5546.17,-0.249496,0.543910,-0.000262,0.0000,-0.297634,0.450067,0.000000,0.0000
5551.50,-0.250734,0.542956,-0.000307,0.0000,-0.297634,0.450067,0.000000,0.0000
5557.10,-0.251889,0.541960,-0.000308,0.0000,-0.297634,0.450067,0.000000,0.0000
5562.16,-0.251889,0.541960,-0.000308,0.0000,-0.297634,0.450067,0.000000,0.0000
5567.55,-0.253006,0.540921,-0.000278,0.0000,-0.297634,0.450067,0.000000,0.0000
5572.97,-0.253006,0.540921,-0.000278,0.0000,-0.297634,0.450067,0.000000,0.0000
5578.35,-0.254170,0.539930,-0.000308,0.0000,-0.297634,0.450067,0.000000,0.0000
5583.72,-0.255272,0.538993,-0.000325,0.0000,-0.297634,0.450067,0.000000,0.0000
5589.39,-0.255272,0.538993,-0.000325,0.0000,-0.297634,0.450067,0.000000,0.0000
5594.96,-0.256413,0.537936,-0.000332,0.0000,-0.297634,0.450067,0.000000,0.0000
5600.82,-0.257455,0.536908,-0.000381,0.0000,-0.299408,0.437381,0.000000,0.0000
5606.27,-0.257455,0.536908,-0.000381,0.0000,-0.299408,0.437381,0.000000,0.0000
5611.72,-0.258568,0.535871,-0.000328,0.0000,-0.299408,0.437381,0.000000,0.0000
5617.15,-0.259668,0.534855,-0.000389,0.0000,-0.299408,0.437381,0.000000,0.0000
5622.57,-0.259668,0.534855,-0.000389,0.0000,-0.299408,0.437381,0.000000,0.0000
5628.01,-0.260766,0.533779,-0.000386,0.0000,-0.299408,0.437381,0.000000,0.0000
5633.38,-0.261823,0.532772,-0.000401,0.0000,-0.299408,0.437381,0.000000,0.0000
5638.79,-0.261823,0.532772,-0.000401,0.0000,-0.299408,0.437381,0.000000,0.0000
5644.62,-0.262886,0.531612,-0.000416,0.0000,-0.299408,0.437381,0.000000,0.0000
5650.01,-0.263967,0.530636,-0.000427,0.0000,-0.299408,0.437381,0.000000,0.0000
5655.41,-0.263967,0.530636,-0.000427,0.0000,-0.299408,0.437381,0.000000,0.0000
5660.86,-0.265014,0.529485,-0.000418,0.0000,-0.300000,0.424264,0.000000,0.0000
5666.35,-0.266005,0.528463,-0.000403,0.0000,-0.300000,0.424264,0.000000,0.0000
5671.72,-0.266005,0.528463,-0.000403,0.0000,-0.300000,0.424264,0.000000,0.0000
5677.12,-0.267052,0.527353,-0.000401,0.0000,-0.300000,0.424264,0.000000,0.0000
5682.89,-0.268041,0.526295,-0.000431,0.0000,-0.300000,0.424264,0.000000,0.0000
5688.35,-0.268041,0.526295,-0.000431,0.0000,-0.300000,0.424264,0.000000,0.0000
5693.77,-0.269088,0.525208,-0.000399,0.0000,-0.300000,0.424264,0.000000,0.0000
5699.12,-0.269997,0.524115,-0.000339,0.0000,-0.300000,0.424264,0.000000,0.0000
5704.55,-0.269997,0.524115,-0.000339,0.0000,-0.300000,0.424264,0.000000,0.0000
5710.26,-0.271036,0.522949,-0.000342,0.0000,-0.300000,0.424264,0.000000,0.0000
5715.80,-0.271974,0.521945,-0.000394,0.0000,-0.300000,0.424264,0.000000,0.0000
5721.17,-0.271974,0.521945,-0.000394,0.0000,-0.300000,0.424264,0.000000,0.0000
5726.59,-0.272910,0.520733,-0.000358,0.0000,-0.300000,0.424264,0.000000,0.0000
5731.93,-0.273870,0.519640,-0.000350,0.0000,-0.300000,0.424264,0.000000,0.0000
5737.33,-0.273870,0.519640,-0.000350,0.0000,-0.300000,0.424264,0.000000,0.0000
5742.94,-0.274782,0.518456,-0.000376,0.0000,-0.300000,0.424264,0.000000,0.0000
5748.55,-0.275670,0.517331,-0.000420,0.0000,-0.299408,0.410728,0.000000,0.0000
5754.26,-0.275670,0.517331,-0.000420,0.0000,-0.299408,0.410728,0.000000,0.0000
5759.69,-0.276646,0.516119,-0.000403,0.0000,-0.299408,0.410728,0.000000,0.0000
5765.27,-0.277506,0.515054,-0.000408,0.0000,-0.299408,0.410728,0.000000,0.0000
5770.66,-0.277506,0.515054,-0.000408,0.0000,-0.299408,0.410728,0.000000,0.0000
5776.14,-0.278459,0.513786,-0.000431,0.0000,-0.299408,0.410728,0.000000,0.0000
5781.53,-0.278459,0.513786,-0.000431,0.0000,-0.299408,0.410728,0.000000,0.0000
5786.83,-0.279357,0.512687,-0.000475,0.0000,-0.299408,0.410728,0.000000,0.0000
5792.16,-0.280244,0.511495,-0.000492,0.0000,-0.299408,0.410728,0.000000,0.0000
5797.49,-0.280244,0.511495,-0.000492,0.0000,-0.299408,0.410728,0.000000,0.0000
5803.10,-0.281113,0.510291,-0.000502,0.0000,-0.299408,0.410728,0.000000,0.0000
5808.48,-0.282006,0.509059,-0.000528,0.0000,-0.297634,0.396787,0.000000,0.0000
5813.72,-0.282006,0.509059,-0.000528,0.0000,-0.297634,0.396787,0.000000,0.0000
5819.07,-0.282865,0.507884,-0.000420,0.0000,-0.297634,0.396787,0.000000,0.0000
5824.42,-0.283761,0.506695,-0.000493,0.0000,-0.297634,0.396787,0.000000,0.0000
5829.95,-0.283761,0.506695,-0.000493,0.0000,-0.297634,0.396787,0.000000,0.0000
5835.31,-0.284538,0.505557,-0.000524,0.0000,-0.297634,0.396787,0.000000,0.0000
5840.62,-0.285432,0.504323,-0.000549,0.0000,-0.297634,0.396787,0.000000,0.0000
5845.94,-0.285432,0.504323,-0.000549,0.0000,-0.297634,0.396787,0.000000,0.0000
5851.48,-0.286212,0.503112,-0.000559,0.0000,-0.297634,0.396787,0.000000,0.0000
5856.86,-0.287099,0.501890,-0.000628,0.0000,-0.297634,0.396787,0.000000,0.0000
5862.33,-0.287099,0.501890,-0.000628,0.0000,-0.297634,0.396787,0.000000,0.0000
5867.66,-0.287879,0.500674,-0.000604,0.0000,-0.297634,0.396787,0.000000,0.0000
5872.94,-0.287879,0.500674,-0.000604,0.0000,-0.297634,0.396787,0.000000,0.0000
5878.26,-0.288661,0.499411,-0.000708,0.0000,-0.297634,0.396787,0.000000,0.0000
5883.59,-0.289400,0.498162,-0.000654,0.0000,-0.297634,0.396787,0.000000,0.0000
5888.91,-0.289400,0.498162,-0.000654,0.0000,-0.294686,0.382454,0.000000,0.0000
5894.24,-0.290168,0.496872,-0.000676,0.0000,-0.294686,0.382454,0.000000,0.0000
5899.64,-0.290881,0.495610,-0.000742,0.0000,-0.294686,0.382454,0.000000,0.0000
5904.95,-0.290881,0.495610,-0.000742,0.0000,-0.294686,0.382454,0.000000,0.0000
5910.29,-0.291620,0.494312,-0.000692,0.0000,-0.294686,0.382454,0.000000,0.0000
5915.62,-0.292358,0.493083,-0.000687,0.0000,-0.294686,0.382454,0.000000,0.0000
5921.00,-0.292358,0.493083,-0.000687,0.0000,-0.294686,0.382454,0.000000,0.0000
5926.31,-0.293077,0.491734,-0.000684,0.0000,-0.294686,0.382454,0.000000,0.0000
5932.10,-0.293760,0.490475,-0.000779,0.0000,-0.294686,0.382454,0.000000,0.0000
5937.51,-0.293760,0.490475,-0.000779,0.0000,-0.294686,0.382454,0.000000,0.0000
5942.83,-0.294488,0.489163,-0.000783,0.0000,-0.294686,0.382454,0.000000,0.0000
5948.16,-0.294488,0.489163,-0.000783,0.0000,-0.294686,0.382454,0.000000,0.0000
5953.47,-0.295167,0.487872,-0.000813,0.0000,-0.294686,0.382454,0.000000,0.0000
5958.99,-0.295885,0.486544,-0.000814,0.0000,-0.294686,0.382454,0.000000,0.0000
5964.35,-0.295885,0.486544,-0.000814,0.0000,-0.294686,0.382454,0.000000,0.0000
5969.70,-0.296506,0.485257,-0.000792,0.0000,-0.290575,0.367744,0.000000,0.0000
5975.06,-0.297236,0.483831,-0.000884,0.0000,-0.290575,0.367744,0.000000,0.0000
5980.39,-0.297236,0.483831,-0.000884,0.0000,-0.290575,0.367744,0.000000,0.0000
5985.70,-0.297806,0.482539,-0.000816,0.0000,-0.290575,0.367744,0.000000,0.0000
5991.04,-0.298494,0.481169,-0.000849,0.0000,-0.290575,0.367744,0.000000,0.0000
5996.36,-0.298494,0.481169,-0.000849,0.0000,-0.290575,0.367744,0.000000,0.0000
6001.93,-0.299058,0.479814,-0.000816,0.0000,-0.290575,0.367744,0.000000,0.0000
6007.65,-0.299637,0.478412,-0.000835,0.0000,-0.290575,0.367744,0.000000,0.0000
6013.54,-0.299637,0.478412,-0.000835,0.0000,-0.290575,0.367744,0.000000,0.0000
6018.96,-0.300219,0.477056,-0.000820,0.0000,-0.290575,0.367744,0.000000,0.0000
6024.35,-0.300829,0.475640,-0.000786,0.0000,-0.290575,0.367744,0.000000,0.0000
6029.75,-0.300829,0.475640,-0.000786,0.0000,-0.290575,0.367744,0.000000,0.0000
6035.18,-0.301311,0.474290,-0.000765,0.0000,-0.285317,0.352671,0.000000,0.0000
6040.57,-0.301895,0.472876,-0.000697,0.0000,-0.285317,0.352671,0.000000,0.0000
6045.93,-0.301895,0.472876,-0.000697,0.0000,-0.285317,0.352671,0.000000,0.0000
6051.30,-0.302420,0.471513,-0.000750,0.0000,-0.285317,0.352671,0.000000,0.0000
6057.08,-0.302970,0.469998,-0.000730,0.0000,-0.285317,0.352671,0.000000,0.0000
6062.49,-0.302970,0.469998,-0.000730,0.0000,-0.285317,0.352671,0.000000,0.0000
6067.85,-0.303425,0.468678,-0.000741,0.0000,-0.285317,0.352671,0.000000,0.0000
6073.27,-0.303425,0.468678,-0.000741,0.0000,-0.285317,0.352671,0.000000,0.0000
6078.72,-0.303937,0.467233,-0.000670,0.0000,-0.285317,0.352671,0.000000,0.0000
6084.18,-0.304385,0.465843,-0.000601,0.0000,-0.285317,0.352671,0.000000,0.0000
6089.58,-0.304385,0.465843,-0.000601,0.0000,-0.285317,0.352671,0.000000,0.0000
6094.93,-0.304881,0.464374,-0.000653,0.0000,-0.285317,0.352671,0.000000,0.0000
6100.32,-0.305311,0.462970,-0.000601,0.0000,-0.285317,0.352671,0.000000,0.0000
6105.72,-0.305311,0.462970,-0.000601,0.0000,-0.285317,0.352671,0.000000,0.0000
6111.32,-0.305718,0.461477,-0.000612,0.0000,-0.285317,0.352671,0.000000,0.0000
6116.92,-0.306111,0.460038,-0.000583,0.0000,-0.278933,0.337250,0.000000,0.0000
6129.29,-0.306548,0.458518,-0.000545,0.0000,-0.278933,0.337250,0.000000,0.0000
6144.88,-0.307292,0.455601,-0.000491,0.0000,-0.278933,0.337250,0.000000,0.0000
6150.72,-0.307639,0.454151,-0.000531,0.0000,-0.278933,0.337250,0.000000,0.0000
6156.13,-0.307639,0.454151,-0.000531,0.0000,-0.278933,0.337250,0.000000,0.0000
6161.57,-0.307990,0.452646,-0.000535,0.0000,-0.278933,0.337250,0.000000,0.0000
6167.01,-0.308304,0.451172,-0.000552,0.0000,-0.278933,0.337250,0.000000,0.0000
6172.46,-0.308304,0.451172,-0.000552,0.0000,-0.278933,0.337250,0.000000,0.0000
6178.05,-0.308597,0.449648,-0.000573,0.0000,-0.278933,0.337250,0.000000,0.0000
6183.43,-0.308886,0.448132,-0.000492,0.0000,-0.278933,0.337250,0.000000,0.0000
6188.83,-0.308886,0.448132,-0.000492,0.0000,-0.271448,0.321496,0.000000,0.0000
6194.22,-0.309151,0.446652,-0.000408,0.0000,-0.271448,0.321496,0.000000,0.0000
6199.72,-0.309434,0.445093,-0.000404,0.0000,-0.271448,0.321496,0.000000,0.0000
6205.40,-0.309434,0.445093,-0.000404,0.0000,-0.271448,0.321496,0.000000,0.0000
6210.86,-0.309663,0.443608,-0.000402,0.0000,-0.271448,0.321496,0.000000,0.0000
6216.54,-0.309895,0.442010,-0.000368,0.0000,-0.271448,0.321496,0.000000,0.0000
6221.96,-0.309895,0.442010,-0.000368,0.0000,-0.271448,0.321496,0.000000,0.0000
6227.34,-0.310069,0.440557,-0.000404,0.0000,-0.271448,0.321496,0.000000,0.0000
6232.79,-0.310069,0.440557,-0.000404,0.0000,-0.271448,0.321496,0.000000,0.0000
6238.15,-0.310288,0.438923,-0.000427,0.0000,-0.271448,0.321496,0.000000,0.0000
6243.53,-0.310467,0.437418,-0.000395,0.0000,-0.271448,0.321496,0.000000,0.0000
6249.05,-0.310467,0.437418,-0.000395,0.0000,-0.271448,0.321496,0.000000,0.0000
6254.86,-0.310638,0.435882,-0.000348,0.0000,-0.271448,0.321496,0.000000,0.0000
6260.23,-0.310724,0.434252,-0.000233,0.0000,-0.271448,0.321496,0.000000,0.0000
6265.69,-0.310819,0.432764,-0.000231,0.0000,-0.271448,0.321496,0.000000,0.0000
6271.10,-0.310819,0.432764,-0.000231,0.0000,-0.262892,0.305425,0.000000,0.0000
6276.48,-0.310994,0.431168,-0.000232,0.0000,-0.262892,0.305425,0.000000,0.0000
6281.92,-0.311049,0.429634,-0.000210,0.0000,-0.262892,0.305425,0.000000,0.0000
6287.44,-0.311049,0.429634,-0.000210,0.0000,-0.262892,0.305425,0.000000,0.0000
6292.88,-0.311145,0.428068,-0.000151,0.0000,-0.262892,0.305425,0.000000,0.0000
6298.46,-0.311205,0.426482,-0.000131,0.0000,-0.262892,0.305425,0.000000,0.0000
6303.95,-0.311205,0.426482,-0.000131,0.0000,-0.262892,0.305425,0.000000,0.0000
6309.42,-0.311297,0.424895,-0.000106,0.0000,-0.262892,0.305425,0.000000,0.0000
6314.84,-0.311297,0.424895,-0.000106,0.0000,-0.262892,0.305425,0.000000,0.0000
6320.31,-0.311276,0.423323,0.000013,0.0000,-0.262892,0.305425,0.000000,0.0000
6326.02,-0.311382,0.421708,0.000057,0.0000,-0.262892,0.305425,0.000000,0.0000
6331.41,-0.311382,0.421708,0.000057,0.0000,-0.262892,0.305425,0.000000,0.0000
6336.89,-0.311383,0.420090,0.000019,0.0000,-0.253298,0.289052,0.000000,0.0000
6342.25,-0.311284,0.418566,0.000066,0.0000,-0.253298,0.289052,0.000000,0.0000
6347.75,-0.311284,0.418566,0.000066,0.0000,-0.253298,0.289052,0.000000,0.0000
6353.22,-0.311374,0.416875,0.000075,0.0000,-0.253298,0.289052,0.000000,0.0000
6358.28,-0.311288,0.415263,0.000116,0.0000,-0.253298,0.289052,0.000000,0.0000
6363.67,-0.311288,0.415263,0.000116,0.0000,-0.253298,0.289052,0.000000,0.0000
6369.09,-0.311231,0.413647,0.000197,0.0000,-0.253298,0.289052,0.000000,0.0000
6374.47,-0.311165,0.412008,0.000202,0.0000,-0.253298,0.289052,0.000000,0.0000
6379.84,-0.311165,0.412008,0.000202,0.0000,-0.253298,0.289052,0.000000,0.0000
6385.29,-0.311002,0.410354,0.000283,0.0000,-0.253298,0.289052,0.000000,0.0000
6390.66,-0.310929,0.408697,0.000298,0.0000,-0.253298,0.289052,0.000000,0.0000
6396.00,-0.310929,0.408697,0.000298,0.0000,-0.253298,0.289052,0.000000,0.0000
6401.40,-0.310829,0.407114,0.000286,0.0000,-0.253298,0.289052,0.000000,0.0000
6407.02,-0.310668,0.405380,0.000319,0.0000,-0.253298,0.289052,0.000000,0.0000
6412.53,-0.310668,0.405380,0.000319,0.0000,-0.253298,0.289052,0.000000,0.0000
6418.01,-0.310470,0.403786,0.000414,0.0000,-0.242705,0.272394,0.000000,0.0000
6423.36,-0.310470,0.403786,0.000414,0.0000,-0.242705,0.272394,0.000000,0.0000
6428.77,-0.310332,0.402181,0.000451,0.0000,-0.242705,0.272394,0.000000,0.0000
6434.11,-0.310145,0.400452,0.000406,0.0000,-0.242705,0.272394,0.000000,0.0000
6439.49,-0.310145,0.400452,0.000406,0.0000,-0.242705,0.272394,0.000000,0.0000
6444.95,-0.309945,0.398863,0.000470,0.0000,-0.242705,0.272394,0.000000,0.0000
6450.33,-0.309748,0.397186,0.000518,0.0000,-0.242705,0.272394,0.000000,0.0000
6455.65,-0.309748,0.397186,0.000518,0.0000,-0.242705,0.272394,0.000000,0.0000
6461.54,-0.309493,0.395484,0.000534,0.0000,-0.242705,0.272394,0.000000,0.0000
6466.83,-0.309261,0.393856,0.000606,0.0000,-0.242705,0.272394,0.000000,0.0000
6472.16,-0.309261,0.393856,0.000606,0.0000,-0.242705,0.272394,0.000000,0.0000
6477.50,-0.308962,0.392170,0.000600,0.0000,-0.242705,0.272394,0.000000,0.0000
6483.11,-0.308751,0.390454,0.000621,0.0000,-0.242705,0.272394,0.000000,0.0000
6488.53,-0.308751,0.390454,0.000621,0.0000,-0.242705,0.272394,0.000000,0.0000
6493.83,-0.308437,0.388776,0.000663,0.0000,-0.242705,0.272394,0.000000,0.0000
6499.23,-0.308114,0.387086,0.000661,0.0000,-0.231154,0.255468,0.000000,0.0000
6504.56,-0.308114,0.387086,0.000661,0.0000,-0.231154,0.255468,0.000000,0.0000
6509.87,-0.307809,0.385383,0.000745,0.0000,-0.231154,0.255468,0.000000,0.0000
6515.37,-0.307421,0.383664,0.000796,0.0000,-0.231154,0.255468,0.000000,0.0000
6520.78,-0.307421,0.383664,0.000796,0.0000,-0.231154,0.255468,0.000000,0.0000
6526.17,-0.307114,0.381948,0.000809,0.0000,-0.231154,0.255468,0.000000,0.0000
6531.50,-0.307114,0.381948,0.000809,0.0000,-0.231154,0.255468,0.000000,0.0000
6536.83,-0.306726,0.380268,0.000819,0.0000,-0.231154,0.255468,0.000000,0.0000
6542.17,-0.306300,0.378554,0.000855,0.0000,-0.231154,0.255468,0.000000,0.0000
6547.51,-0.306300,0.378554,0.000855,0.0000,-0.231154,0.255468,0.000000,0.0000
6552.91,-0.305949,0.376813,0.000949,0.0000,-0.231154,0.255468,0.000000,0.0000
6558.32,-0.305500,0.375162,0.000997,0.0000,-0.231154,0.255468,0.000000,0.0000
6563.74,-0.305500,0.375162,0.000997,0.0000,-0.218691,0.238289,0.000000,0.0000
6569.11,-0.305037,0.373427,0.001010,0.0000,-0.218691,0.238289,0.000000,0.0000
6574.44,-0.304669,0.371676,0.000978,0.0000,-0.218691,0.238289,0.000000,0.0000
6579.88,-0.304669,0.371676,0.000978,0.0000,-0.218691,0.238289,0.000000,0.0000
6585.38,-0.304173,0.369977,0.001084,0.0000,-0.218691,0.238289,0.000000,0.0000
6590.72,-0.303726,0.368267,0.001137,0.0000,-0.218691,0.238289,0.000000,0.0000
6596.04,-0.303726,0.368267,0.001137,0.0000,-0.218691,0.238289,0.000000,0.0000
6601.44,-0.303240,0.366466,0.001190,0.0000,-0.218691,0.238289,0.000000,0.0000
6606.94,-0.302739,0.364736,0.001188,0.0000,-0.218691,0.238289,0.000000,0.0000
6612.36,-0.302739,0.364736,0.001188,0.0000,-0.218691,0.238289,0.000000,0.0000
6617.78,-0.302230,0.363044,0.001247,0.0000,-0.218691,0.238289,0.000000,0.0000
6623.18,-0.302230,0.363044,0.001247,0.0000,-0.218691,0.238289,0.000000,0.0000
6628.50,-0.301716,0.361178,0.001308,0.0000,-0.218691,0.238289,0.000000,0.0000
6633.86,-0.301716,0.361178,0.001308,0.0000,-0.218691,0.238289,0.000000,0.0000
6639.20,-0.301130,0.359455,0.001357,0.0000,-0.218691,0.238289,0.000000,0.0000
6644.62,-0.300591,0.357671,0.001399,0.0000,-0.205364,0.220875,0.000000,0.0000
6649.95,-0.300016,0.355896,0.001390,0.0000,-0.205364,0.220875,0.000000,0.0000
6655.27,-0.300016,0.355896,0.001390,0.0000,-0.205364,0.220875,0.000000,0.0000
6660.63,-0.299402,0.354154,0.001442,0.0000,-0.205364,0.220875,0.000000,0.0000
6666.60,-0.298867,0.352386,0.001490,0.0000,-0.205364,0.220875,0.000000,0.0000
6672.04,-0.298867,0.352386,0.001490,0.0000,-0.205364,0.220875,0.000000,0.0000
6677.36,-0.298200,0.350610,0.001509,0.0000,-0.205364,0.220875,0.000000,0.0000
6682.72,-0.297598,0.348866,0.001569,0.0000,-0.205364,0.220875,0.000000,0.0000
6688.12,-0.297598,0.348866,0.001569,0.0000,-0.205364,0.220875,0.000000,0.0000
6693.64,-0.296958,0.347100,0.001516,0.0000,-0.205364,0.220875,0.000000,0.0000
6699.02,-0.296372,0.345284,0.001576,0.0000,-0.205364,0.220875,0.000000,0.0000
6704.37,-0.296372,0.345284,0.001576,0.0000,-0.205364,0.220875,0.000000,0.0000
6709.76,-0.295717,0.343579,0.001609,0.0000,-0.205364,0.220875,0.000000,0.0000
6715.37,-0.295045,0.341726,0.001660,0.0000,-0.205364,0.220875,0.000000,0.0000
6720.90,-0.295045,0.341726,0.001660,0.0000,-0.205364,0.220875,0.000000,0.0000
6726.28,-0.294378,0.339950,0.001647,0.0000,-0.191227,0.203243,0.000000,0.0000
6731.65,-0.294378,0.339950,0.001647,0.0000,-0.191227,0.203243,0.000000,0.0000
6736.97,-0.293745,0.338142,0.001628,0.0000,-0.191227,0.203243,0.000000,0.0000
6742.72,-0.293021,0.336406,0.001668,0.0000,-0.191227,0.203243,0.000000,0.0000
6748.13,-0.293021,0.336406,0.001668,0.0000,-0.191227,0.203243,0.000000,0.0000
6753.50,-0.292257,0.334587,0.001739,0.0000,-0.191227,0.203243,0.000000,0.0000
6759.14,-0.291565,0.332722,0.001709,0.0000,-0.191227,0.203243,0.000000,0.0000
6764.53,-0.291565,0.332722,0.001709,0.0000,-0.191227,0.203243,0.000000,0.0000
6770.27,-0.290779,0.331015,0.001701,0.0000,-0.191227,0.203243,0.000000,0.0000
6775.65,-0.290032,0.329149,0.001790,0.0000,-0.191227,0.203243,0.000000,0.0000
6780.95,-0.290032,0.329149,0.001790,0.0000,-0.191227,0.203243,0.000000,0.0000
6786.36,-0.289259,0.327341,0.001855,0.0000,-0.176336,0.185410,0.000000,0.0000
6791.72,-0.288518,0.325514,0.001928,0.0000,-0.176336,0.185410,0.000000,0.0000
6797.05,-0.288518,0.325514,0.001928,0.0000,-0.176336,0.185410,0.000000,0.0000
6802.38,-0.287718,0.323747,0.001931,0.0000,-0.176336,0.185410,0.000000,0.0000
6807.72,-0.287003,0.321925,0.001920,0.0000,-0.176336,0.185410,0.000000,0.0000
6813.12,-0.287003,0.321925,0.001920,0.0000,-0.176336,0.185410,0.000000,0.0000
6818.63,-0.286205,0.320066,0.001969,0.0000,-0.176336,0.185410,0.000000,0.0000
6824.06,-0.285409,0.318292,0.002055,0.0000,-0.176336,0.185410,0.000000,0.0000
6829.43,-0.285409,0.318292,0.002055,0.0000,-0.176336,0.185410,0.000000,0.0000
6834.78,-0.284581,0.316511,0.002091,0.0000,-0.176336,0.185410,0.000000,0.0000
6840.11,-0.284581,0.316511,0.002091,0.0000,-0.176336,0.185410,0.000000,0.0000
6845.44,-0.283758,0.314634,0.002006,0.0000,-0.176336,0.185410,0.000000,0.0000
6850.78,-0.282946,0.312803,0.002073,0.0000,-0.176336,0.185410,0.000000,0.0000
6856.15,-0.282946,0.312803,0.002073,0.0000,-0.176336,0.185410,0.000000,0.0000
6861.51,-0.282120,0.311029,0.002134,0.0000,-0.176336,0.185410,0.000000,0.0000
6866.83,-0.281214,0.309205,0.002207,0.0000,-0.176336,0.185410,0.000000,0.0000
6872.35,-0.281214,0.309205,0.002207,0.0000,-0.160748,0.167395,0.000000,0.0000
6877.72,-0.280380,0.307362,0.002258,0.0000,-0.160748,0.167395,0.000000,0.0000
6883.31,-0.279491,0.305590,0.002202,0.0000,-0.160748,0.167395,0.000000,0.0000
6888.65,-0.279491,0.305590,0.002202,0.0000,-0.160748,0.167395,0.000000,0.0000
6893.95,-0.278604,0.303779,0.002254,0.0000,-0.160748,0.167395,0.000000,0.0000
6899.29,-0.277710,0.301968,0.002302,0.0000,-0.160748,0.167395,0.000000,0.0000
6904.64,-0.277710,0.301968,0.002302,0.0000,-0.160748,0.167395,0.000000,0.0000
6909.98,-0.276879,0.300099,0.002330,0.0000,-0.160748,0.167395,0.000000,0.0000
6915.46,-0.275911,0.298359,0.002337,0.0000,-0.160748,0.167395,0.000000,0.0000
6920.85,-0.275911,0.298359,0.002337,0.0000,-0.160748,0.167395,0.000000,0.0000
6926.37,-0.274979,0.296521,0.002431,0.0000,-0.160748,0.167395,0.000000,0.0000
6931.73,-0.274979,0.296521,0.002431,0.0000,-0.160748,0.167395,0.000000,0.0000
6937.05,-0.274024,0.294646,0.002434,0.0000,-0.160748,0.167395,0.000000,0.0000
6942.54,-0.273118,0.292852,0.002451,0.0000,-0.160748,0.167395,0.000000,0.0000
6947.84,-0.273118,0.292852,0.002451,0.0000,-0.160748,0.167395,0.000000,0.0000
6953.20,-0.272106,0.290990,0.002418,0.0000,-0.144526,0.149214,0.000000,0.0000
6958.54,-0.271176,0.289223,0.002461,0.0000,-0.144526,0.149214,0.000000,0.0000
6963.89,-0.271176,0.289223,0.002461,0.0000,-0.144526,0.149214,0.000000,0.0000
6969.25,-0.270198,0.287341,0.002552,0.0000,-0.144526,0.149214,0.000000,0.0000
6975.26,-0.269204,0.285583,0.002547,0.0000,-0.144526,0.149214,0.000000,0.0000
6980.62,-0.269204,0.285583,0.002547,0.0000,-0.144526,0.149214,0.000000,0.0000
6986.01,-0.268217,0.283747,0.002552,0.0000,-0.144526,0.149214,0.000000,0.0000
6991.41,-0.267198,0.281901,0.002551,0.0000,-0.144526,0.149214,0.000000,0.0000
6996.79,-0.267198,0.281901,0.002551,0.0000,-0.144526,0.149214,0.000000,0.0000
7002.11,-0.266206,0.280102,0.002604,0.0000,-0.144526,0.149214,0.000000,0.0000
7007.52,-0.265223,0.278267,0.002653,0.0000,-0.144526,0.149214,0.000000,0.0000
7012.85,-0.265223,0.278267,0.002653,0.0000,-0.127734,0.130886,0.000000,0.0000
7018.22,-0.264091,0.276434,0.002629,0.0000,-0.127734,0.130886,0.000000,0.0000
7023.79,-0.263072,0.274565,0.002669,0.0000,-0.127734,0.130886,0.000000,0.0000
7029.22,-0.263072,0.274565,0.002669,0.0000,-0.127734,0.130886,0.000000,0.0000
7034.61,-0.262013,0.272662,0.002559,0.0000,-0.127734,0.130886,0.000000,0.0000
7039.89,-0.262013,0.272662,0.002559,0.0000,-0.127734,0.130886,0.000000,0.0000
7045.21,-0.260901,0.270841,0.002625,0.0000,-0.127734,0.130886,0.000000,0.0000
7050.69,-0.259865,0.268985,0.002616,0.0000,-0.127734,0.130886,0.000000,0.0000
7056.06,-0.259865,0.268985,0.002616,0.0000,-0.127734,0.130886,0.000000,0.0000
7061.49,-0.258795,0.267125,0.002576,0.0000,-0.127734,0.130886,0.000000,0.0000
7066.78,-0.257699,0.265348,0.002658,0.0000,-0.127734,0.130886,0.000000,0.0000
7072.12,-0.257699,0.265348,0.002658,0.0000,-0.127734,0.130886,0.000000,0.0000
7077.59,-0.256586,0.263601,0.002753,0.0000,-0.127734,0.130886,0.000000,0.0000
7083.02,-0.255475,0.261708,0.002741,0.0000,-0.127734,0.130886,0.000000,0.0000
7088.37,-0.255475,0.261708,0.002741,0.0000,-0.127734,0.130886,0.000000,0.0000
7093.77,-0.254312,0.259904,0.002732,0.0000,-0.110437,0.112429,0.000000,0.0000
7099.10,-0.253230,0.258050,0.002746,0.0000,-0.110437,0.112429,0.000000,0.0000
7104.44,-0.253230,0.258050,0.002746,0.0000,-0.110437,0.112429,0.000000,0.0000
7109.78,-0.252062,0.256232,0.002764,0.0000,-0.110437,0.112429,0.000000,0.0000
7115.19,-0.252062,0.256232,0.002764,0.0000,-0.110437,0.112429,0.000000,0.0000
7120.78,-0.250926,0.254317,0.002777,0.0000,-0.110437,0.112429,0.000000,0.0000
7126.32,-0.249774,0.252544,0.002781,0.0000,-0.110437,0.112429,0.000000,0.0000
7131.87,-0.248638,0.250670,0.002784,0.0000,-0.110437,0.112429,0.000000,0.0000
7137.41,-0.248638,0.250670,0.002784,0.0000,-0.110437,0.112429,0.000000,0.0000
7143.05,-0.247464,0.248815,0.002783,0.0000,-0.110437,0.112429,0.000000,0.0000
7148.38,-0.247464,0.248815,0.002783,0.0000,-0.110437,0.112429,0.000000,0.0000
7153.70,-0.246247,0.246955,0.002761,0.0000,-0.110437,0.112429,0.000000,0.0000
7159.59,-0.245026,0.245144,0.002766,0.0000,-0.110437,0.112429,0.000000,0.0000
7164.89,-0.245026,0.245144,0.002766,0.0000,-0.110437,0.112429,0.000000,0.0000
7170.24,-0.243781,0.243262,0.002774,0.0000,-0.110437,0.112429,0.000000,0.0000
7175.61,-0.242494,0.241386,0.002806,0.0000,-0.092705,0.093861,0.000000,0.0000
7180.89,-0.242494,0.241386,0.002806,0.0000,-0.092705,0.093861,0.000000,0.0000
7186.28,-0.241269,0.239548,0.002782,0.0000,-0.092705,0.093861,0.000000,0.0000
7191.60,-0.239969,0.237709,0.002785,0.0000,-0.092705,0.093861,0.000000,0.0000
7196.90,-0.239969,0.237709,0.002785,0.0000,-0.092705,0.093861,0.000000,0.0000
7202.29,-0.238725,0.235796,0.002785,0.0000,-0.092705,0.093861,0.000000,0.0000
7207.64,-0.237391,0.233926,0.002795,0.0000,-0.092705,0.093861,0.000000,0.0000
7212.97,-0.237391,0.233926,0.002795,0.0000,-0.092705,0.093861,0.000000,0.0000
7218.62,-0.236114,0.232057,0.002813,0.0000,-0.092705,0.093861,0.000000,0.0000
7223.98,-0.234762,0.230249,0.002799,0.0000,-0.092705,0.093861,0.000000,0.0000
7229.35,-0.234762,0.230249,0.002799,0.0000,-0.092705,0.093861,0.000000,0.0000
7234.72,-0.233512,0.228281,0.002737,0.0000,-0.092705,0.093861,0.000000,0.0000
7240.28,-0.232143,0.226438,0.002748,0.0000,-0.092705,0.093861,0.000000,0.0000
7245.74,-0.232143,0.226438,0.002748,0.0000,-0.092705,0.093861,0.000000,0.0000
7251.07,-0.230797,0.224525,0.002740,0.0000,-0.092705,0.093861,0.000000,0.0000
7256.47,-0.230797,0.224525,0.002740,0.0000,-0.092705,0.093861,0.000000,0.0000
7261.96,-0.229361,0.222635,0.002717,0.0000,-0.074607,0.075200,0.000000,0.0000
7267.53,-0.227992,0.220717,0.002719,0.0000,-0.074607,0.075200,0.000000,0.0000
7272.85,-0.227992,0.220717,0.002719,0.0000,-0.074607,0.075200,0.000000,0.0000
7278.19,-0.226527,0.218849,0.002703,0.0000,-0.074607,0.075200,0.000000,0.0000
7283.53,-0.225165,0.216899,0.002712,0.0000,-0.074607,0.075200,0.000000,0.0000
7288.84,-0.225165,0.216899,0.002712,0.0000,-0.074607,0.075200,0.000000,0.0000
7294.16,-0.223745,0.215052,0.002755,0.0000,-0.074607,0.075200,0.000000,0.0000
7299.50,-0.222343,0.213198,0.002757,0.0000,-0.074607,0.075200,0.000000,0.0000
7304.84,-0.222343,0.213198,0.002757,0.0000,-0.074607,0.075200,0.000000,0.0000
7310.26,-0.220941,0.211305,0.002769,0.0000,-0.074607,0.075200,0.000000,0.0000
7315.64,-0.219592,0.209376,0.002753,0.0000,-0.074607,0.075200,0.000000,0.0000
7321.00,-0.219592,0.209376,0.002753,0.0000,-0.056214,0.056465,0.000000,0.0000
7326.33,-0.218158,0.207513,0.002739,0.0000,-0.056214,0.056465,0.000000,0.0000
7331.83,-0.216717,0.205604,0.002751,0.0000,-0.056214,0.056465,0.000000,0.0000
7337.29,-0.216717,0.205604,0.002751,0.0000,-0.056214,0.056465,0.000000,0.0000
7342.69,-0.215229,0.203697,0.002714,0.0000,-0.056214,0.056465,0.000000,0.0000
7348.04,-0.215229,0.203697,0.002714,0.0000,-0.056214,0.056465,0.000000,0.0000
7353.42,-0.213768,0.201756,0.002747,0.0000,-0.056214,0.056465,0.000000,0.0000
7358.95,-0.212279,0.199876,0.002752,0.0000,-0.056214,0.056465,0.000000,0.0000
7364.54,-0.212279,0.199876,0.002752,0.0000,-0.056214,0.056465,0.000000,0.0000
7369.89,-0.210706,0.197953,0.002725,0.0000,-0.056214,0.056465,0.000000,0.0000
7375.29,-0.209226,0.196019,0.002763,0.0000,-0.056214,0.056465,0.000000,0.0000
7380.68,-0.209226,0.196019,0.002763,0.0000,-0.056214,0.056465,0.000000,0.0000
7386.10,-0.207651,0.194190,0.002750,0.0000,-0.056214,0.056465,0.000000,0.0000
7391.43,-0.206129,0.192180,0.002750,0.0000,-0.056214,0.056465,0.000000,0.0000
7396.82,-0.206129,0.192180,0.002750,0.0000,-0.056214,0.056465,0.000000,0.0000
7402.19,-0.204584,0.190265,0.002708,0.0000,-0.037600,0.037674,0.000000,0.0000
7407.52,-0.203058,0.188279,0.002666,0.0000,-0.037600,0.037674,0.000000,0.0000
7412.84,-0.203058,0.188279,0.002666,0.0000,-0.037600,0.037674,0.000000,0.0000
7418.43,-0.201429,0.186374,0.002674,0.0000,-0.037600,0.037674,0.000000,0.0000
7423.77,-0.199823,0.184444,0.002665,0.0000,-0.037600,0.037674,0.000000,0.0000
7429.11,-0.199823,0.184444,0.002665,0.0000,-0.037600,0.037674,0.000000,0.0000
7434.46,-0.198230,0.182517,0.002698,0.0000,-0.037600,0.037674,0.000000,0.0000
7439.77,-0.198230,0.182517,0.002698,0.0000,-0.037600,0.037674,0.000000,0.0000
7445.11,-0.196614,0.180612,0.002708,0.0000,-0.037600,0.037674,0.000000,0.0000
7450.51,-0.194974,0.178742,0.002735,0.0000,-0.037600,0.037674,0.000000,0.0000
7455.83,-0.194974,0.178742,0.002735,0.0000,-0.037600,0.037674,0.000000,0.0000
7461.20,-0.193406,0.176779,0.002691,0.0000,-0.037600,0.037674,0.000000,0.0000
7466.95,-0.191749,0.174849,0.002629,0.0000,-0.037600,0.037674,0.000000,0.0000
7472.31,-0.191749,0.174849,0.002629,0.0000,-0.037600,0.037674,0.000000,0.0000
7477.72,-0.190148,0.172877,0.002659,0.0000,-0.037600,0.037674,0.000000,0.0000
7483.10,-0.188483,0.170941,0.002617,0.0000,-0.018837,0.018846,0.000000,0.0000
7488.48,-0.188483,0.170941,0.002617,0.0000,-0.018837,0.018846,0.000000,0.0000
7493.77,-0.186823,0.168951,0.002596,0.0000,-0.018837,0.018846,0.000000,0.0000
7499.11,-0.185143,0.167035,0.002541,0.0000,-0.018837,0.018846,0.000000,0.0000
7504.58,-0.185143,0.167035,0.002541,0.0000,-0.018837,0.018846,0.000000,0.0000
7510.06,-0.183471,0.165097,0.002524,0.0000,-0.018837,0.018846,0.000000,0.0000
7515.46,-0.181735,0.163134,0.002492,0.0000,-0.018837,0.018846,0.000000,0.0000
7520.78,-0.181735,0.163134,0.002492,0.0000,-0.018837,0.018846,0.000000,0.0000
7526.23,-0.180059,0.161192,0.002437,0.0000,-0.018837,0.018846,0.000000,0.0000
7531.61,-0.180059,0.161192,0.002437,0.0000,-0.018837,0.018846,0.000000,0.0000
7536.89,-0.178344,0.159220,0.002449,0.0000,-0.018837,0.018846,0.000000,0.0000
7542.27,-0.176614,0.157291,0.002420,0.0000,-0.018837,0.018846,0.000000,0.0000
7547.66,-0.176614,0.157291,0.002420,0.0000,0.000000,-0.000000,0.000000,0.0000
7553.00,-0.174927,0.155253,0.002430,0.0000,0.000000,-0.000000,0.000000,0.0000
7558.35,-0.173190,0.153301,0.002368,0.0000,0.000000,-0.000000,0.000000,0.0000
7563.70,-0.173190,0.153301,0.002368,0.0000,0.000000,-0.000000,0.000000,0.0000
7568.71,-0.171431,0.151313,0.002334,0.0000,0.000000,-0.000000,0.000000,0.0000
7574.12,-0.169626,0.149333,0.002348,0.0000,0.000000,-0.000000,0.000000,0.0000
7579.47,-0.169626,0.149333,0.002348,0.0000,0.000000,-0.000000,0.000000,0.0000
7584.86,-0.167843,0.147365,0.002275,0.0000,0.000000,-0.000000,0.000000,0.0000
7590.28,-0.166072,0.145383,0.002210,0.0000,0.000000,-0.000000,0.000000,0.0000
7595.70,-0.166072,0.145383,0.002210,0.0000,0.000000,-0.000000,0.000000,0.0000
7601.07,-0.164226,0.143394,0.002216,0.0000,0.000000,-0.000000,0.000000,0.0000
7606.43,-0.164226,0.143394,0.002216,0.0000,0.000000,-0.000000,0.000000,0.0000
7611.78,-0.162433,0.141456,0.002170,0.0000,0.000000,-0.000000,0.000000,0.0000
7617.53,-0.160620,0.139464,0.002117,0.0000,0.000000,-0.000000,0.000000,0.0000
7622.90,-0.160620,0.139464,0.002117,0.0000,0.000000,-0.000000,0.000000,0.0000
7628.30,-0.158817,0.137418,0.002025,0.0000,0.018837,-0.018846,0.000000,0.0000
7633.73,-0.156963,0.135428,0.002019,0.0000,0.018837,-0.018846,0.000000,0.0000
7639.11,-0.156963,0.135428,0.002019,0.0000,0.018837,-0.018846,0.000000,0.0000
7644.61,-0.155113,0.133404,0.002011,0.0000,0.018837,-0.018846,0.000000,0.0000
7649.97,-0.153239,0.131381,0.001957,0.0000,0.018837,-0.018846,0.000000,0.0000
7655.44,-0.153239,0.131381,0.001957,0.0000,0.018837,-0.018846,0.000000,0.0000
7660.77,-0.151389,0.129350,0.002003,0.0000,0.018837,-0.018846,0.000000,0.0000
7666.13,-0.151389,0.129350,0.002003,0.0000,0.018837,-0.018846,0.000000,0.0000
7671.96,-0.149470,0.127326,0.001952,0.0000,0.018837,-0.018846,0.000000,0.0000
7677.29,-0.147556,0.125231,0.001892,0.0000,0.018837,-0.018846,0.000000,0.0000
7682.62,-0.145600,0.123193,0.001796,0.0000,0.018837,-0.018846,0.000000,0.0000
7688.08,-0.145600,0.123193,0.001796,0.0000,0.018837,-0.018846,0.000000,0.0000
7693.43,-0.143709,0.121153,0.001854,0.0000,0.018837,-0.018846,0.000000,0.0000
7698.82,-0.143709,0.121153,0.001854,0.0000,0.018837,-0.018846,0.000000,0.0000
7704.18,-0.141754,0.119181,0.001833,0.0000,0.018837,-0.018846,0.000000,0.0000
7709.53,-0.139789,0.117106,0.001749,0.0000,0.037600,-0.037674,0.000000,0.0000
7714.84,-0.139789,0.117106,0.001749,0.0000,0.037600,-0.037674,0.000000,0.0000
7720.21,-0.137884,0.114990,0.001714,0.0000,0.037600,-0.037674,0.000000,0.0000
7725.54,-0.135881,0.112955,0.001711,0.0000,0.037600,-0.037674,0.000000,0.0000
7730.84,-0.135881,0.112955,0.001711,0.0000,0.037600,-0.037674,0.000000,0.0000
7736.17,-0.133919,0.110888,0.001688,0.0000,0.037600,-0.037674,0.000000,0.0000
7741.59,-0.133919,0.110888,0.001688,0.0000,0.037600,-0.037674,0.000000,0.0000
7747.09,-0.131938,0.108755,0.001634,0.0000,0.037600,-0.037674,0.000000,0.0000
7752.72,-0.129930,0.106639,0.001622,0.0000,0.037600,-0.037674,0.000000,0.0000
7758.13,-0.127951,0.104608,0.001664,0.0000,0.037600,-0.037674,0.000000,0.0000
7763.53,-0.127951,0.104608,0.001664,0.0000,0.037600,-0.037674,0.000000,0.0000
7768.85,-0.125961,0.102472,0.001609,0.0000,0.037600,-0.037674,0.000000,0.0000
7774.81,-0.123875,0.100352,0.001624,0.0000,0.056214,-0.056465,0.000000,0.0000
7780.20,-0.123875,0.100352,0.001624,0.0000,0.056214,-0.056465,0.000000,0.0000
7785.53,-0.121868,0.098193,0.001639,0.0000,0.056214,-0.056465,0.000000,0.0000
7790.92,-0.119799,0.096144,0.001521,0.0000,0.056214,-0.056465,0.000000,0.0000
7796.26,-0.119799,0.096144,0.001521,0.0000,0.056214,-0.056465,0.000000,0.0000
7801.83,-0.117737,0.094026,0.001480,0.0000,0.056214,-0.056465,0.000000,0.0000
7807.28,-0.115661,0.091886,0.001565,0.0000,0.056214,-0.056465,0.000000,0.0000
7812.78,-0.115661,0.091886,0.001565,0.0000,0.056214,-0.056465,0.000000,0.0000
7818.17,-0.113574,0.089801,0.001523,0.0000,0.056214,-0.056465,0.000000,0.0000
7823.52,-0.113574,0.089801,0.001523,0.0000,0.056214,-0.056465,0.000000,0.0000
7828.83,-0.111480,0.087661,0.001443,0.0000,0.056214,-0.056465,0.000000,0.0000
7834.29,-0.109417,0.085481,0.001485,0.0000,0.056214,-0.056465,0.000000,0.0000
7839.62,-0.109417,0.085481,0.001485,0.0000,0.056214,-0.056465,0.000000,0.0000
7844.98,-0.107270,0.083295,0.001490,0.0000,0.056214,-0.056465,0.000000,0.0000
7850.54,-0.105186,0.081156,0.001369,0.0000,0.056214,-0.056465,0.000000,0.0000
7856.02,-0.105186,0.081156,0.001369,0.0000,0.074607,-0.075200,0.000000,0.0000
7861.42,-0.103095,0.078978,0.001386,0.0000,0.074607,-0.075200,0.000000,0.0000
7866.96,-0.100914,0.076786,0.001408,0.0000,0.074607,-0.075200,0.000000,0.0000
7872.39,-0.100914,0.076786,0.001408,0.0000,0.074607,-0.075200,0.000000,0.0000
7878.21,-0.098852,0.074544,0.001372,0.0000,0.074607,-0.075200,0.000000,0.0000
7883.59,-0.096644,0.072371,0.001363,0.0000,0.074607,-0.075200,0.000000,0.0000
7888.89,-0.096644,0.072371,0.001363,0.0000,0.074607,-0.075200,0.000000,0.0000
7894.31,-0.094446,0.070146,0.001363,0.0000,0.074607,-0.075200,0.000000,0.0000
7899.80,-0.092342,0.067938,0.001304,0.0000,0.074607,-0.075200,0.000000,0.0000
7905.29,-0.092342,0.067938,0.001304,0.0000,0.074607,-0.075200,0.000000,0.0000
7910.65,-0.090168,0.065763,0.001278,0.0000,0.074607,-0.075200,0.000000,0.0000
7915.98,-0.088045,0.063541,0.001380,0.0000,0.074607,-0.075200,0.000000,0.0000
7921.33,-0.088045,0.063541,0.001380,0.0000,0.074607,-0.075200,0.000000,0.0000
7926.69,-0.085767,0.061348,0.001302,0.0000,0.074607,-0.075200,0.000000,0.0000
7932.33,-0.083607,0.059158,0.001289,0.0000,0.074607,-0.075200,0.000000,0.0000
7937.87,-0.083607,0.059158,0.001289,0.0000,0.092705,-0.093861,0.000000,0.0000
7943.39,-0.081373,0.056894,0.001298,0.0000,0.092705,-0.093861,0.000000,0.0000
7948.78,-0.079154,0.054689,0.001290,0.0000,0.092705,-0.093861,0.000000,0.0000
7954.18,-0.079154,0.054689,0.001290,0.0000,0.092705,-0.093861,0.000000,0.0000
7959.60,-0.076944,0.052406,0.001207,0.0000,0.092705,-0.093861,0.000000,0.0000
7964.98,-0.076944,0.052406,0.001207,0.0000,0.092705,-0.093861,0.000000,0.0000
7970.35,-0.074691,0.050134,0.001235,0.0000,0.092705,-0.093861,0.000000,0.0000
7975.94,-0.072575,0.047909,0.001302,0.0000,0.092705,-0.093861,0.000000,0.0000
7981.88,-0.070347,0.045688,0.001264,0.0000,0.092705,-0.093861,0.000000,0.0000
7987.34,-0.070347,0.045688,0.001264,0.0000,0.092705,-0.093861,0.000000,0.0000
7992.72,-0.068084,0.043417,0.001352,0.0000,0.092705,-0.093861,0.000000,0.0000
7998.20,-0.068084,0.043417,0.001352,0.0000,0.110437,-0.112429,0.000000,0.0000
8003.59,-0.065921,0.041169,0.001289,0.0000,0.110437,-0.112429,0.000000,0.0000
8009.30,-0.063653,0.038831,0.001292,0.0000,0.110437,-0.112429,0.000000,0.0000
8014.70,-0.063653,0.038831,0.001292,0.0000,0.110437,-0.112429,0.000000,0.0000
8020.28,-0.061466,0.036589,0.001230,0.0000,0.110437,-0.112429,0.000000,0.0000
8025.78,-0.059171,0.034281,0.001245,0.0000,0.110437,-0.112429,0.000000,0.0000
8031.14,-0.059171,0.034281,0.001245,0.0000,0.110437,-0.112429,0.000000,0.0000
8036.46,-0.056916,0.031989,0.001239,0.0000,0.110437,-0.112429,0.000000,0.0000
8041.78,-0.054660,0.029733,0.001229,0.0000,0.110437,-0.112429,0.000000,0.0000
8047.13,-0.054660,0.029733,0.001229,0.0000,0.110437,-0.112429,0.000000,0.0000
8052.64,-0.052394,0.027431,0.001255,0.0000,0.110437,-0.112429,0.000000,0.0000
8058.02,-0.050148,0.025055,0.001181,0.0000,0.110437,-0.112429,0.000000,0.0000
8064.05,-0.050148,0.025055,0.001181,0.0000,0.110437,-0.112429,0.000000,0.0000
8069.37,-0.047902,0.022723,0.001213,0.0000,0.110437,-0.112429,0.000000,0.0000
8074.94,-0.045687,0.020419,0.001181,0.0000,0.110437,-0.112429,0.000000,0.0000
8080.29,-0.045687,0.020419,0.001181,0.0000,0.127734,-0.130886,0.000000,0.0000
8085.63,-0.043446,0.018142,0.001258,0.0000,0.127734,-0.130886,0.000000,0.0000
8090.96,-0.041132,0.015817,0.001230,0.0000,0.127734,-0.130886,0.000000,0.0000
8096.33,-0.041132,0.015817,0.001230,0.0000,0.127734,-0.130886,0.000000,0.0000
8101.79,-0.038849,0.013436,0.001273,0.0000,0.127734,-0.130886,0.000000,0.0000
8107.17,-0.036633,0.011121,0.001262,0.0000,0.127734,-0.130886,0.000000,0.0000
8112.60,-0.036633,0.011121,0.001262,0.0000,0.127734,-0.130886,0.000000,0.0000
8117.89,-0.034378,0.008794,0.001258,0.0000,0.127734,-0.130886,0.000000,0.0000
8123.28,-0.034378,0.008794,0.001258,0.0000,0.127734,-0.130886,0.000000,0.0000
8128.60,-0.032075,0.006455,0.001242,0.0000,0.127734,-0.130886,0.000000,0.0000
8134.08,-0.029817,0.004096,0.001259,0.0000,0.127734,-0.130886,0.000000,0.0000
8139.40,-0.029817,0.004096,0.001259,0.0000,0.127734,-0.130886,0.000000,0.0000
8144.89,-0.027584,0.001779,0.001264,0.0000,0.127734,-0.130886,0.000000,0.0000
8150.27,-0.025328,-0.000502,0.001301,0.0000,0.127734,-0.130886,0.000000,0.0000
8155.67,-0.025328,-0.000502,0.001301,0.0000,0.127734,-0.130886,0.000000,0.0000
8160.97,-0.023025,-0.002829,0.001324,0.0000,0.144526,-0.149214,0.000000,0.0000
8166.36,-0.020801,-0.005191,0.001306,0.0000,0.144526,-0.149214,0.000000,0.0000
8171.68,-0.020801,-0.005191,0.001306,0.0000,0.144526,-0.149214,0.000000,0.0000
8176.98,-0.018534,-0.007569,0.001338,0.0000,0.144526,-0.149214,0.000000,0.0000
8182.32,-0.016249,-0.009923,0.001306,0.0000,0.144526,-0.149214,0.000000,0.0000
8187.64,-0.016249,-0.009923,0.001306,0.0000,0.144526,-0.149214,0.000000,0.0000
8192.98,-0.013768,-0.012346,0.001231,0.0000,0.144526,-0.149214,0.000000,0.0000
8198.63,-0.011503,-0.014706,0.001238,0.0000,0.144526,-0.149214,0.000000,0.0000
8203.97,-0.011503,-0.014706,0.001238,0.0000,0.144526,-0.149214,0.000000,0.0000
8209.38,-0.009307,-0.017080,0.001260,0.0000,0.144526,-0.149214,0.000000,0.0000
8214.70,-0.009307,-0.017080,0.001260,0.0000,0.144526,-0.149214,0.000000,0.0000
8220.08,-0.007059,-0.019384,0.001227,0.0000,0.144526,-0.149214,0.000000,0.0000
8225.45,-0.004806,-0.021741,0.001241,0.0000,0.160748,-0.167395,0.000000,0.0000
8230.79,-0.004806,-0.021741,0.001241,0.0000,0.160748,-0.167395,0.000000,0.0000
8236.24,-0.002596,-0.024113,0.001262,0.0000,0.160748,-0.167395,0.000000,0.0000
8241.60,-0.000388,-0.026468,0.001221,0.0000,0.160748,-0.167395,0.000000,0.0000
8247.17,-0.000388,-0.026468,0.001221,0.0000,0.160748,-0.167395,0.000000,0.0000
8252.53,0.001854,-0.028831,0.001279,0.0000,0.160748,-0.167395,0.000000,0.0000
8258.06,0.004168,-0.031226,0.001203,0.0000,0.160748,-0.167395,0.000000,0.0000
8263.39,0.004168,-0.031226,0.001203,0.0000,0.160748,-0.167395,0.000000,0.0000
8268.89,0.006337,-0.033559,0.001201,0.0000,0.160748,-0.167395,0.000000,0.0000
8274.22,0.008554,-0.035853,0.001219,0.0000,0.160748,-0.167395,0.000000,0.0000
8279.58,0.008554,-0.035853,0.001219,0.0000,0.160748,-0.167395,0.000000,0.0000
8285.18,0.010814,-0.038253,0.001221,0.0000,0.160748,-0.167395,0.000000,0.0000
8290.53,0.013057,-0.040651,0.001139,0.0000,0.160748,-0.167395,0.000000,0.0000
8295.83,0.013057,-0.040651,0.001139,0.0000,0.160748,-0.167395,0.000000,0.0000
8301.21,0.015281,-0.043018,0.001160,0.0000,0.160748,-0.167395,0.000000,0.0000
8306.55,0.015281,-0.043018,0.001160,0.0000,0.176336,-0.185410,0.000000,0.0000
8311.94,0.017468,-0.045350,0.001149,0.0000,0.176336,-0.185410,0.000000,0.0000
8317.43,0.019693,-0.047685,0.001093,0.0000,0.176336,-0.185410,0.000000,0.0000
8322.86,0.019693,-0.047685,0.001093,0.0000,0.176336,-0.185410,0.000000,0.0000
8328.32,0.021897,-0.050133,0.001101,0.0000,0.176336,-0.185410,0.000000,0.0000
8333.67,0.024128,-0.052449,0.001115,0.0000,0.176336,-0.185410,0.000000,0.0000
8338.95,0.024128,-0.052449,0.001115,0.0000,0.176336,-0.185410,0.000000,0.0000
8344.54,0.026277,-0.054715,0.001134,0.0000,0.176336,-0.185410,0.000000,0.0000
8350.02,0.028411,-0.057079,0.001101,0.0000,0.176336,-0.185410,0.000000,0.0000
8355.37,0.028411,-0.057079,0.001101,0.0000,0.176336,-0.185410,0.000000,0.0000
8360.92,0.030684,-0.059471,0.001106,0.0000,0.176336,-0.185410,0.000000,0.0000
8366.44,0.032861,-0.061763,0.001105,0.0000,0.176336,-0.185410,0.000000,0.0000
8371.79,0.032861,-0.061763,0.001105,0.0000,0.176336,-0.185410,0.000000,0.0000
8377.11,0.035098,-0.064041,0.001080,0.0000,0.176336,-0.185410,0.000000,0.0000
8382.55,0.037213,-0.066346,0.001145,0.0000,0.176336,-0.185410,0.000000,0.0000
8387.97,0.037213,-0.066346,0.001145,0.0000,0.191227,-0.203243,0.000000,0.0000
8393.68,0.039487,-0.068832,0.001132,0.0000,0.191227,-0.203243,0.000000,0.0000
8399.03,0.041611,-0.071223,0.001004,0.0000,0.191227,-0.203243,0.000000,0.0000
8404.38,0.041611,-0.071223,0.001004,0.0000,0.191227,-0.203243,0.000000,0.0000
8409.72,0.043783,-0.073610,0.000971,0.0000,0.191227,-0.203243,0.000000,0.0000
8415.30,0.045892,-0.075893,0.001084,0.0000,0.191227,-0.203243,0.000000,0.0000
8420.72,0.045892,-0.075893,0.001084,0.0000,0.191227,-0.203243,0.000000,0.0000
8426.11,0.048038,-0.078213,0.001062,0.0000,0.191227,-0.203243,0.000000,0.0000
8431.46,0.048038,-0.078213,0.001062,0.0000,0.191227,-0.203243,0.000000,0.0000
8436.77,0.050127,-0.080514,0.001087,0.0000,0.191227,-0.203243,0.000000,0.0000
8442.11,0.052309,-0.082821,0.001101,0.0000,0.191227,-0.203243,0.000000,0.0000
8447.48,0.052309,-0.082821,0.001101,0.0000,0.191227,-0.203243,0.000000,0.0000
8452.51,0.054482,-0.085113,0.001090,0.0000,0.205364,-0.220875,0.000000,0.0000
8458.06,0.056649,-0.087600,0.000962,0.0000,0.205364,-0.220875,0.000000,0.0000
8463.43,0.056649,-0.087600,0.000962,0.0000,0.205364,-0.220875,0.000000,0.0000
8468.79,0.058788,-0.089910,0.001014,0.0000,0.205364,-0.220875,0.000000,0.0000
8474.16,0.060921,-0.092221,0.001054,0.0000,0.205364,-0.220875,0.000000,0.0000
8479.58,0.060921,-0.092221,0.001054,0.0000,0.205364,-0.220875,0.000000,0.0000
8484.90,0.062952,-0.094564,0.001012,0.0000,0.205364,-0.220875,0.000000,0.0000
8490.32,0.065024,-0.096886,0.000944,0.0000,0.205364,-0.220875,0.000000,0.0000
8495.72,0.065024,-0.096886,0.000944,0.0000,0.205364,-0.220875,0.000000,0.0000
8501.06,0.067055,-0.099245,0.000961,0.0000,0.205364,-0.220875,0.000000,0.0000
8506.42,0.067055,-0.099245,0.000961,0.0000,0.205364,-0.220875,0.000000,0.0000
8511.77,0.069122,-0.101477,0.000986,0.0000,0.205364,-0.220875,0.000000,0.0000
8517.11,0.071189,-0.103863,0.000908,0.0000,0.205364,-0.220875,0.000000,0.0000
8522.49,0.071189,-0.103863,0.000908,0.0000,0.205364,-0.220875,0.000000,0.0000
8527.83,0.073341,-0.106162,0.000986,0.0000,0.205364,-0.220875,0.000000,0.0000
8533.27,0.075345,-0.108354,0.001043,0.0000,0.218691,-0.238289,0.000000,0.0000
8538.60,0.075345,-0.108354,0.001043,0.0000,0.218691,-0.238289,0.000000,0.0000
8543.97,0.077501,-0.110678,0.000941,0.0000,0.218691,-0.238289,0.000000,0.0000
8549.29,0.079510,-0.113060,0.000902,0.0000,0.218691,-0.238289,0.000000,0.0000
8554.72,0.079510,-0.113060,0.000902,0.0000,0.218691,-0.238289,0.000000,0.0000
8560.06,0.081609,-0.115335,0.000879,0.0000,0.218691,-0.238289,0.000000,0.0000
8565.42,0.083554,-0.117632,0.000969,0.0000,0.218691,-0.238289,0.000000,0.0000
8570.80,0.083554,-0.117632,0.000969,0.0000,0.218691,-0.238289,0.000000,0.0000
8576.15,0.085560,-0.119807,0.000903,0.0000,0.218691,-0.238289,0.000000,0.0000
8581.48,0.085560,-0.119807,0.000903,0.0000,0.218691,-0.238289,0.000000,0.0000
8587.29,0.087519,-0.122186,0.000874,0.0000,0.218691,-0.238289,0.000000,0.0000
8592.67,0.089635,-0.124489,0.000905,0.0000,0.218691,-0.238289,0.000000,0.0000
8598.01,0.089635,-0.124489,0.000905,0.0000,0.218691,-0.238289,0.000000,0.0000
8603.39,0.091632,-0.126708,0.000891,0.0000,0.218691,-0.238289,0.000000,0.0000
8608.72,0.093634,-0.129078,0.000871,0.0000,0.218691,-0.238289,0.000000,0.0000
8614.28,0.093634,-0.129078,0.000871,0.0000,0.231154,-0.255468,0.000000,0.0000
8619.73,0.095660,-0.131280,0.000867,0.0000,0.231154,-0.255468,0.000000,0.0000
8625.06,0.097549,-0.133382,0.001023,0.0000,0.231154,-0.255468,0.000000,0.0000
8630.41,0.097549,-0.133382,0.001023,0.0000,0.231154,-0.255468,0.000000,0.0000
8635.72,0.099493,-0.135606,0.000988,0.0000,0.231154,-0.255468,0.000000,0.0000
8641.04,0.101419,-0.137898,0.000872,0.0000,0.231154,-0.255468,0.000000,0.0000
8646.39,0.101419,-0.137898,0.000872,0.0000,0.231154,-0.255468,0.000000,0.0000
8651.77,0.103418,-0.140152,0.000905,0.0000,0.231154,-0.255468,0.000000,0.0000
8656.85,0.105355,-0.142439,0.000917,0.0000,0.231154,-0.255468,0.000000,0.0000
8662.24,0.105355,-0.142439,0.000917,0.0000,0.231154,-0.255468,0.000000,0.0000
8667.57,0.107328,-0.144681,0.000906,0.0000,0.231154,-0.255468,0.000000,0.0000
8672.93,0.107328,-0.144681,0.000906,0.0000,0.242705,-0.272394,0.000000,0.0000
8678.25,0.109185,-0.146812,0.000886,0.0000,0.242705,-0.272394,0.000000,0.0000
8683.59,0.111118,-0.149009,0.000861,0.0000,0.242705,-0.272394,0.000000,0.0000
8688.89,0.111118,-0.149009,0.000861,0.0000,0.242705,-0.272394,0.000000,0.0000
8694.27,0.113048,-0.151224,0.000886,0.0000,0.242705,-0.272394,0.000000,0.0000
8699.65,0.114960,-0.153475,0.000800,0.0000,0.242705,-0.272394,0.000000,0.0000
8704.98,0.114960,-0.153475,0.000800,0.0000,0.242705,-0.272394,0.000000,0.0000
8710.34,0.116952,-0.155660,0.000781,0.0000,0.242705,-0.272394,0.000000,0.0000
8716.03,0.118762,-0.157886,0.000841,0.0000,0.242705,-0.272394,0.000000,0.0000
8721.41,0.118762,-0.157886,0.000841,0.0000,0.242705,-0.272394,0.000000,0.0000
8727.01,0.120688,-0.160005,0.000826,0.0000,0.242705,-0.272394,0.000000,0.0000
8732.37,0.122459,-0.162219,0.000830,0.0000,0.242705,-0.272394,0.000000,0.0000
8737.72,0.122459,-0.162219,0.000830,0.0000,0.242705,-0.272394,0.000000,0.0000
8743.08,0.124369,-0.164401,0.000702,0.0000,0.242705,-0.272394,0.000000,0.0000
8748.59,0.126223,-0.166687,0.000730,0.0000,0.242705,-0.272394,0.000000,0.0000
8754.04,0.126223,-0.166687,0.000730,0.0000,0.242705,-0.272394,0.000000,0.0000
8759.12,0.128103,-0.168827,0.000785,0.0000,0.253298,-0.289052,0.000000,0.0000
8764.52,0.128103,-0.168827,0.000785,0.0000,0.253298,-0.289052,0.000000,0.0000
8769.84,0.130001,-0.170978,0.000780,0.0000,0.253298,-0.289052,0.000000,0.0000
8775.22,0.130001,-0.170978,0.000780,0.0000,0.253298,-0.289052,0.000000,0.0000
8780.55,0.131761,-0.173098,0.000794,0.0000,0.253298,-0.289052,0.000000,0.0000
8785.83,0.133547,-0.175180,0.000831,0.0000,0.253298,-0.289052,0.000000,0.0000
8791.37,0.135359,-0.177318,0.000813,0.0000,0.253298,-0.289052,0.000000,0.0000
8796.72,0.135359,-0.177318,0.000813,0.0000,0.253298,-0.289052,0.000000,0.0000
8802.31,0.137169,-0.179476,0.000811,0.0000,0.253298,-0.289052,0.000000,0.0000
8807.75,0.138973,-0.181638,0.000725,0.0000,0.253298,-0.289052,0.000000,0.0000
8813.12,0.138973,-0.181638,0.000725,0.0000,0.253298,-0.289052,0.000000,0.0000
8818.59,0.140774,-0.183751,0.000720,0.0000,0.253298,-0.289052,0.000000,0.0000
8824.03,0.142555,-0.185868,0.000752,0.0000,0.253298,-0.289052,0.000000,0.0000
8829.37,0.142555,-0.185868,0.000752,0.0000,0.253298,-0.289052,0.000000,0.0000
8834.70,0.144344,-0.188004,0.000749,0.0000,0.253298,-0.289052,0.000000,0.0000
8840.32,0.146085,-0.190132,0.000745,0.0000,0.262892,-0.305425,0.000000,0.0000
8845.73,0.146085,-0.190132,0.000745,0.0000,0.262892,-0.305425,0.000000,0.0000
8851.05,0.147841,-0.192256,0.000716,0.0000,0.262892,-0.305425,0.000000,0.0000
8856.41,0.147841,-0.192256,0.000716,0.0000,0.262892,-0.305425,0.000000,0.0000
8862.47,0.149569,-0.194346,0.000761,0.0000,0.262892,-0.305425,0.000000,0.0000
8867.78,0.151292,-0.196439,0.000780,0.0000,0.262892,-0.305425,0.000000,0.0000
8873.15,0.151292,-0.196439,0.000780,0.0000,0.262892,-0.305425,0.000000,0.0000
8878.55,0.152945,-0.198483,0.000775,0.0000,0.262892,-0.305425,0.000000,0.0000
8884.04,0.154675,-0.200519,0.000785,0.0000,0.262892,-0.305425,0.000000,0.0000
8889.36,0.154675,-0.200519,0.000785,0.0000,0.262892,-0.305425,0.000000,0.0000
8894.80,0.156338,-0.202616,0.000792,0.0000,0.262892,-0.305425,0.000000,0.0000
8900.32,0.158064,-0.204646,0.000774,0.0000,0.271448,-0.321496,0.000000,0.0000
8905.71,0.158064,-0.204646,0.000774,0.0000,0.271448,-0.321496,0.000000,0.0000
8911.22,0.159814,-0.206766,0.000765,0.0000,0.271448,-0.321496,0.000000,0.0000
8916.56,0.161541,-0.208841,0.000745,0.0000,0.271448,-0.321496,0.000000,0.0000
8922.00,0.161541,-0.208841,0.000745,0.0000,0.271448,-0.321496,0.000000,0.0000
8927.36,0.163236,-0.210987,0.000724,0.0000,0.271448,-0.321496,0.000000,0.0000
8933.01,0.164934,-0.213073,0.000750,0.0000,0.271448,-0.321496,0.000000,0.0000
8938.37,0.164934,-0.213073,0.000750,0.0000,0.271448,-0.321496,0.000000,0.0000
8943.72,0.166564,-0.215073,0.000817,0.0000,0.271448,-0.321496,0.000000,0.0000
8949.07,0.168211,-0.217122,0.000829,0.0000,0.271448,-0.321496,0.000000,0.0000
8954.39,0.168211,-0.217122,0.000829,0.0000,0.271448,-0.321496,0.000000,0.0000
8959.72,0.169868,-0.219132,0.000833,0.0000,0.271448,-0.321496,0.000000,0.0000
8965.32,0.171512,-0.221195,0.000758,0.0000,0.271448,-0.321496,0.000000,0.0000
8970.72,0.171512,-0.221195,0.000758,0.0000,0.271448,-0.321496,0.000000,0.0000
8976.11,0.173198,-0.223249,0.000713,0.0000,0.271448,-0.321496,0.000000,0.0000
8981.53,0.173198,-0.223249,0.000713,0.0000,0.278933,-0.337250,0.000000,0.0000
8986.90,0.174942,-0.225392,0.000767,0.0000,0.278933,-0.337250,0.000000,0.0000
8992.46,0.176581,-0.227395,0.000732,0.0000,0.278933,-0.337250,0.000000,0.0000
8997.78,0.176581,-0.227395,0.000732,0.0000,0.278933,-0.337250,0.000000,0.0000
9003.15,0.178160,-0.229505,0.000683,0.0000,0.278933,-0.337250,0.000000,0.0000
9008.49,0.179701,-0.231431,0.000692,0.0000,0.278933,-0.337250,0.000000,0.0000
9013.86,0.179701,-0.231431,0.000692,0.0000,0.278933,-0.337250,0.000000,0.0000
9019.22,0.181257,-0.233446,0.000689,0.0000,0.278933,-0.337250,0.000000,0.0000
9024.90,0.182832,-0.235388,0.000626,0.0000,0.278933,-0.337250,0.000000,0.0000
9030.22,0.182832,-0.235388,0.000626,0.0000,0.278933,-0.337250,0.000000,0.0000
9035.56,0.184984,-0.237804,0.000474,0.0000,0.278933,-0.337250,0.000000,0.0000
9040.92,0.186699,-0.239873,0.000382,0.0000,0.278933,-0.337250,0.000000,0.0000
9046.28,0.186699,-0.239873,0.000382,0.0000,0.278933,-0.337250,0.000000,0.0000
9051.82,0.188039,-0.241631,0.000448,0.0000,0.278933,-0.337250,0.000000,0.0000
9057.19,0.189676,-0.243749,0.000367,0.0000,0.278933,-0.337250,0.000000,0.0000
9062.54,0.189676,-0.243749,0.000367,0.0000,0.278933,-0.337250,0.000000,0.0000
9067.58,0.191290,-0.245717,0.000273,0.0000,0.285317,-0.352671,0.000000,0.0000
9073.06,0.191290,-0.245717,0.000273,0.0000,0.285317,-0.352671,0.000000,0.0000
9078.69,0.192648,-0.247556,0.000333,0.0000,0.285317,-0.352671,0.000000,0.0000
9084.14,0.194205,-0.249698,0.000313,0.0000,0.285317,-0.352671,0.000000,0.0000
9089.50,0.194205,-0.249698,0.000313,0.0000,0.285317,-0.352671,0.000000,0.0000
9094.77,0.195732,-0.251454,0.000276,0.0000,0.285317,-0.352671,0.000000,0.0000
9100.11,0.197313,-0.253584,0.000146,0.0000,0.285317,-0.352671,0.000000,0.0000
9105.45,0.197313,-0.253584,0.000146,0.0000,0.285317,-0.352671,0.000000,0.0000
9110.77,0.198678,-0.255436,0.000146,0.0000,0.285317,-0.352671,0.000000,0.0000
9116.12,0.200309,-0.257380,0.000092,0.0000,0.285317,-0.352671,0.000000,0.0000
9121.44,0.200309,-0.257380,0.000092,0.0000,0.285317,-0.352671,0.000000,0.0000
9127.01,0.201812,-0.259320,0.000028,0.0000,0.290575,-0.367744,0.000000,0.0000
9132.33,0.202998,-0.261051,0.000224,0.0000,0.290575,-0.367744,0.000000,0.0000
9137.69,0.202998,-0.261051,0.000224,0.0000,0.290575,-0.367744,0.000000,0.0000
9143.03,0.204523,-0.263161,0.000056,0.0000,0.290575,-0.367744,0.000000,0.0000
9148.37,0.204523,-0.263161,0.000056,0.0000,0.290575,-0.367744,0.000000,0.0000
9153.71,0.206142,-0.265056,-0.000099,0.0000,0.290575,-0.367744,0.000000,0.0000
9159.22,0.207567,-0.267102,-0.000082,0.0000,0.290575,-0.367744,0.000000,0.0000
9164.57,0.207567,-0.267102,-0.000082,0.0000,0.290575,-0.367744,0.000000,0.0000
9170.08,0.208828,-0.268892,-0.000082,0.0000,0.290575,-0.367744,0.000000,0.0000
9175.48,0.210320,-0.270802,-0.000133,0.0000,0.290575,-0.367744,0.000000,0.0000
9181.20,0.210320,-0.270802,-0.000133,0.0000,0.290575,-0.367744,0.000000,0.0000
9186.53,0.212029,-0.273002,-0.000255,0.0000,0.290575,-0.367744,0.000000,0.0000
9191.86,0.213245,-0.274747,-0.000198,0.0000,0.290575,-0.367744,0.000000,0.0000
9197.19,0.213245,-0.274747,-0.000198,0.0000,0.290575,-0.367744,0.000000,0.0000
9202.53,0.214595,-0.276756,-0.000404,0.0000,0.290575,-0.367744,0.000000,0.0000
9208.04,0.215959,-0.278691,-0.000438,0.0000,0.294686,-0.382454,0.000000,0.0000
9213.36,0.215959,-0.278691,-0.000438,0.0000,0.294686,-0.382454,0.000000,0.0000
9218.92,0.217432,-0.280653,-0.000458,0.0000,0.294686,-0.382454,0.000000,0.0000
9224.32,0.218827,-0.282497,-0.000546,0.0000,0.294686,-0.382454,0.000000,0.0000
9229.69,0.218827,-0.282497,-0.000546,0.0000,0.294686,-0.382454,0.000000,0.0000
9235.24,0.219940,-0.284123,-0.000473,0.0000,0.294686,-0.382454,0.000000,0.0000
9240.72,0.221269,-0.286145,-0.000437,0.0000,0.294686,-0.382454,0.000000,0.0000
9246.11,0.221269,-0.286145,-0.000437,0.0000,0.294686,-0.382454,0.000000,0.0000
9251.46,0.222612,-0.287888,-0.000497,0.0000,0.294686,-0.382454,0.000000,0.0000
9256.92,0.224002,-0.289899,-0.000691,0.0000,0.294686,-0.382454,0.000000,0.0000
9262.35,0.224002,-0.289899,-0.000691,0.0000,0.294686,-0.382454,0.000000,0.0000
9267.68,0.225124,-0.291825,-0.000599,0.0000,0.294686,-0.382454,0.000000,0.0000
9273.83,0.226240,-0.293606,-0.000603,0.0000,0.294686,-0.382454,0.000000,0.0000
9279.29,0.226240,-0.293606,-0.000603,0.0000,0.294686,-0.382454,0.000000,0.0000
9284.66,0.227652,-0.295585,-0.000705,0.0000,0.294686,-0.382454,0.000000,0.0000
9289.98,0.227652,-0.295585,-0.000705,0.0000,0.297634,-0.396787,0.000000,0.0000
9295.30,0.229001,-0.297402,-0.000690,0.0000,0.297634,-0.396787,0.000000,0.0000
9300.62,0.230351,-0.299433,-0.000687,0.0000,0.297634,-0.396787,0.000000,0.0000
9305.93,0.230351,-0.299433,-0.000687,0.0000,0.297634,-0.396787,0.000000,0.0000
9311.27,0.231452,-0.301098,-0.000790,0.0000,0.297634,-0.396787,0.000000,0.0000
9316.59,0.232508,-0.303025,-0.000841,0.0000,0.297634,-0.396787,0.000000,0.0000
9321.89,0.232508,-0.303025,-0.000841,0.0000,0.297634,-0.396787,0.000000,0.0000
9327.27,0.233744,-0.304984,-0.000880,0.0000,0.297634,-0.396787,0.000000,0.0000
9332.89,0.234938,-0.306804,-0.000919,0.0000,0.297634,-0.396787,0.000000,0.0000
9338.23,0.234938,-0.306804,-0.000919,0.0000,0.297634,-0.396787,0.000000,0.0000
9343.57,0.236211,-0.308577,-0.000901,0.0000,0.297634,-0.396787,0.000000,0.0000
9348.89,0.237198,-0.310290,-0.000807,0.0000,0.297634,-0.396787,0.000000,0.0000
9354.72,0.237198,-0.310290,-0.000807,0.0000,0.299408,-0.410728,0.000000,0.0000
9360.15,0.238275,-0.312111,-0.000772,0.0000,0.299408,-0.410728,0.000000,0.0000
9365.51,0.239152,-0.313879,-0.000868,0.0000,0.299408,-0.410728,0.000000,0.0000
9370.85,0.239152,-0.313879,-0.000868,0.0000,0.299408,-0.410728,0.000000,0.0000
9376.17,0.240352,-0.315850,-0.000973,0.0000,0.299408,-0.410728,0.000000,0.0000
9381.60,0.240352,-0.315850,-0.000973,0.0000,0.299408,-0.410728,0.000000,0.0000
9386.90,0.241492,-0.317695,-0.001005,0.0000,0.299408,-0.410728,0.000000,0.0000
9392.25,0.242582,-0.319442,-0.000920,0.0000,0.299408,-0.410728,0.000000,0.0000
9397.58,0.242582,-0.319442,-0.000920,0.0000,0.299408,-0.410728,0.000000,0.0000
9402.94,0.243791,-0.321309,-0.001049,0.0000,0.299408,-0.410728,0.000000,0.0000
9408.37,0.244745,-0.323164,-0.001022,0.0000,0.299408,-0.410728,0.000000,0.0000
9413.83,0.244745,-0.323164,-0.001022,0.0000,0.299408,-0.410728,0.000000,0.0000
9419.22,0.245649,-0.325032,-0.001037,0.0000,0.299408,-0.410728,0.000000,0.0000
9424.55,0.246530,-0.326765,-0.001142,0.0000,0.299408,-0.410728,0.000000,0.0000
9429.89,0.246530,-0.326765,-0.001142,0.0000,0.299408,-0.410728,0.000000,0.0000
9435.28,0.247639,-0.328555,-0.001280,0.0000,0.300000,-0.424264,0.000000,0.0000
9440.60,0.248543,-0.330254,-0.001128,0.0000,0.300000,-0.424264,0.000000,0.0000
9445.89,0.248543,-0.330254,-0.001128,0.0000,0.300000,-0.424264,0.000000,0.0000
9451.21,0.249594,-0.331982,-0.001074,0.0000,0.300000,-0.424264,0.000000,0.0000
9457.09,0.250500,-0.333849,-0.001205,0.0000,0.300000,-0.424264,0.000000,0.0000
9462.46,0.250500,-0.333849,-0.001205,0.0000,0.300000,-0.424264,0.000000,0.0000
9467.77,0.251414,-0.335620,-0.001256,0.0000,0.300000,-0.424264,0.000000,0.0000
9473.15,0.251414,-0.335620,-0.001256,0.0000,0.300000,-0.424264,0.000000,0.0000
9478.48,0.252393,-0.337540,-0.001297,0.0000,0.300000,-0.424264,0.000000,0.0000
9483.77,0.253382,-0.339158,-0.001367,0.0000,0.300000,-0.424264,0.000000,0.0000
9489.09,0.253382,-0.339158,-0.001367,0.0000,0.300000,-0.424264,0.000000,0.0000
9494.71,0.254222,-0.340867,-0.001427,0.0000,0.300000,-0.424264,0.000000,0.0000
9500.16,0.254947,-0.342585,-0.001299,0.0000,0.300000,-0.424264,0.000000,0.0000
9505.55,0.254947,-0.342585,-0.001299,0.0000,0.300000,-0.424264,0.000000,0.0000
9511.15,0.255692,-0.344336,-0.001205,0.0000,0.300000,-0.424264,0.000000,0.0000
9516.51,0.256493,-0.346121,-0.001236,0.0000,0.299408,-0.437381,0.000000,0.0000
9521.83,0.256493,-0.346121,-0.001236,0.0000,0.299408,-0.437381,0.000000,0.0000
9527.16,0.257424,-0.347796,-0.001379,0.0000,0.299408,-0.437381,0.000000,0.0000
9532.48,0.258219,-0.349458,-0.001346,0.0000,0.299408,-0.437381,0.000000,0.0000
9537.83,0.258219,-0.349458,-0.001346,0.0000,0.299408,-0.437381,0.000000,0.0000
9543.15,0.259076,-0.351213,-0.001341,0.0000,0.299408,-0.437381,0.000000,0.0000
9548.66,0.259806,-0.353019,-0.001435,0.0000,0.299408,-0.437381,0.000000,0.0000
9554.14,0.259806,-0.353019,-0.001435,0.0000,0.299408,-0.437381,0.000000,0.0000
9559.15,0.260530,-0.354624,-0.001399,0.0000,0.299408,-0.437381,0.000000,0.0000
9564.48,0.260530,-0.354624,-0.001399,0.0000,0.299408,-0.437381,0.000000,0.0000
9569.83,0.261278,-0.356367,-0.001301,0.0000,0.299408,-0.437381,0.000000,0.0000
9575.18,0.261978,-0.357837,-0.001259,0.0000,0.299408,-0.437381,0.000000,0.0000
9580.90,0.261978,-0.357837,-0.001259,0.0000,0.297634,-0.450067,0.000000,0.0000
9586.33,0.262734,-0.359655,-0.001416,0.0000,0.297634,-0.450067,0.000000,0.0000
9591.67,0.263356,-0.361360,-0.001471,0.0000,0.297634,-0.450067,0.000000,0.0000
9596.96,0.263356,-0.361360,-0.001471,0.0000,0.297634,-0.450067,0.000000,0.0000
9602.42,0.264039,-0.363050,-0.001480,0.0000,0.297634,-0.450067,0.000000,0.0000
9607.77,0.264039,-0.363050,-0.001480,0.0000,0.297634,-0.450067,0.000000,0.0000
9613.08,0.264684,-0.364602,-0.001445,0.0000,0.297634,-0.450067,0.000000,0.0000
9618.52,0.265372,-0.366186,-0.001489,0.0000,0.297634,-0.450067,0.000000,0.0000
9623.93,0.265909,-0.367872,-0.001391,0.0000,0.297634,-0.450067,0.000000,0.0000
9629.25,0.265909,-0.367872,-0.001391,0.0000,0.297634,-0.450067,0.000000,0.0000
9634.60,0.266521,-0.369604,-0.001302,0.0000,0.297634,-0.450067,0.000000,0.0000
9639.96,0.266521,-0.369604,-0.001302,0.0000,0.297634,-0.450067,0.000000,0.0000
9645.30,0.267113,-0.371202,-0.001339,0.0000,0.297634,-0.450067,0.000000,0.0000
9650.81,0.267854,-0.372817,-0.001484,0.0000,0.297634,-0.450067,0.000000,0.0000
9656.14,0.267854,-0.372817,-0.001484,0.0000,0.297634,-0.450067,0.000000,0.0000
9661.48,0.268300,-0.374427,-0.001461,0.0000,0.294686,-0.462308,0.000000,0.0000
9666.83,0.268876,-0.376240,-0.001536,0.0000,0.294686,-0.462308,0.000000,0.0000
9672.21,0.268876,-0.376240,-0.001536,0.0000,0.294686,-0.462308,0.000000,0.0000
9677.64,0.269434,-0.377838,-0.001581,0.0000,0.294686,-0.462308,0.000000,0.0000
9683.65,0.269434,-0.377838,-0.001581,0.0000,0.294686,-0.462308,0.000000,0.0000
9688.96,0.269942,-0.379399,-0.001574,0.0000,0.294686,-0.462308,0.000000,0.0000
9694.37,0.270467,-0.380889,-0.001487,0.0000,0.294686,-0.462308,0.000000,0.0000
9699.86,0.270891,-0.382543,-0.001379,0.0000,0.294686,-0.462308,0.000000,0.0000
9705.21,0.270891,-0.382543,-0.001379,0.0000,0.294686,-0.462308,0.000000,0.0000
9710.56,0.271338,-0.384173,-0.001394,0.0000,0.294686,-0.462308,0.000000,0.0000
9715.93,0.271754,-0.385640,-0.001431,0.0000,0.294686,-0.462308,0.000000,0.0000
9721.38,0.271754,-0.385640,-0.001431,0.0000,0.294686,-0.462308,0.000000,0.0000
9726.70,0.272235,-0.387124,-0.001435,0.0000,0.294686,-0.462308,0.000000,0.0000
9732.06,0.272594,-0.388682,-0.001416,0.0000,0.294686,-0.462308,0.000000,0.0000
9737.39,0.272594,-0.388682,-0.001416,0.0000,0.294686,-0.462308,0.000000,0.0000
9742.72,0.273020,-0.390451,-0.001464,0.0000,0.290575,-0.474093,0.000000,0.0000
9748.05,0.273020,-0.390451,-0.001464,0.0000,0.290575,-0.474093,0.000000,0.0000
9753.48,0.273438,-0.391912,-0.001542,0.0000,0.290575,-0.474093,0.000000,0.0000
9758.98,0.273785,-0.393386,-0.001426,0.0000,0.290575,-0.474093,0.000000,0.0000
9764.32,0.273785,-0.393386,-0.001426,0.0000,0.290575,-0.474093,0.000000,0.0000
9769.64,0.274172,-0.394916,-0.001328,0.0000,0.290575,-0.474093,0.000000,0.0000
9775.06,0.274509,-0.396592,-0.001321,0.0000,0.290575,-0.474093,0.000000,0.0000
9780.51,0.274509,-0.396592,-0.001321,0.0000,0.290575,-0.474093,0.000000,0.0000
9786.23,0.274941,-0.398158,-0.001372,0.0000,0.290575,-0.474093,0.000000,0.0000
9791.60,0.275357,-0.399594,-0.001398,0.0000,0.290575,-0.474093,0.000000,0.0000
9796.91,0.275357,-0.399594,-0.001398,0.0000,0.290575,-0.474093,0.000000,0.0000
9802.25,0.275666,-0.401164,-0.001390,0.0000,0.285317,-0.485410,0.000000,0.0000
9807.64,0.275978,-0.402844,-0.001500,0.0000,0.285317,-0.485410,0.000000,0.0000
9813.04,0.275978,-0.402844,-0.001500,0.0000,0.285317,-0.485410,0.000000,0.0000
9818.57,0.276240,-0.404348,-0.001568,0.0000,0.285317,-0.485410,0.000000,0.0000
9823.94,0.276664,-0.405844,-0.001642,0.0000,0.285317,-0.485410,0.000000,0.0000
9829.27,0.276664,-0.405844,-0.001642,0.0000,0.285317,-0.485410,0.000000,0.0000
9834.62,0.276809,-0.407210,-0.001495,0.0000,0.285317,-0.485410,0.000000,0.0000
9840.06,0.277105,-0.408888,-0.001440,0.0000,0.285317,-0.485410,0.000000,0.0000
9845.53,0.277105,-0.408888,-0.001440,0.0000,0.285317,-0.485410,0.000000,0.0000
9850.83,0.277242,-0.410246,-0.001345,0.0000,0.285317,-0.485410,0.000000,0.0000
9856.18,0.277242,-0.410246,-0.001345,0.0000,0.285317,-0.485410,0.000000,0.0000
9861.50,0.277634,-0.411801,-0.001447,0.0000,0.285317,-0.485410,0.000000,0.0000
9866.83,0.277752,-0.413160,-0.001366,0.0000,0.285317,-0.485410,0.000000,0.0000
9872.19,0.277752,-0.413160,-0.001366,0.0000,0.285317,-0.485410,0.000000,0.0000
9877.51,0.278102,-0.414984,-0.001446,0.0000,0.285317,-0.485410,0.000000,0.0000
9882.86,0.278238,-0.416360,-0.001476,0.0000,0.285317,-0.485410,0.000000,0.0000
9888.30,0.278238,-0.416360,-0.001476,0.0000,0.278933,-0.496248,0.000000,0.0000
9893.64,0.278620,-0.417858,-0.001585,0.0000,0.278933,-0.496248,0.000000,0.0000
9898.96,0.278620,-0.417858,-0.001585,0.0000,0.278933,-0.496248,0.000000,0.0000
9904.37,0.278760,-0.419234,-0.001559,0.0000,0.278933,-0.496248,0.000000,0.0000
9909.69,0.278988,-0.420955,-0.001586,0.0000,0.278933,-0.496248,0.000000,0.0000
9915.05,0.278988,-0.420955,-0.001586,0.0000,0.278933,-0.496248,0.000000,0.0000
9920.51,0.279037,-0.422291,-0.001428,0.0000,0.278933,-0.496248,0.000000,0.0000
9925.89,0.279378,-0.423801,-0.001456,0.0000,0.278933,-0.496248,0.000000,0.0000
9931.23,0.279378,-0.423801,-0.001456,0.0000,0.278933,-0.496248,0.000000,0.0000
9936.58,0.279423,-0.425093,-0.001398,0.0000,0.278933,-0.496248,0.000000,0.0000
9941.89,0.279673,-0.426895,-0.001461,0.0000,0.278933,-0.496248,0.000000,0.0000
9947.23,0.279673,-0.426895,-0.001461,0.0000,0.278933,-0.496248,0.000000,0.0000
9952.59,0.279658,-0.428102,-0.001303,0.0000,0.278933,-0.496248,0.000000,0.0000
9957.92,0.279884,-0.429645,-0.001339,0.0000,0.278933,-0.496248,0.000000,0.0000
9963.25,0.279884,-0.429645,-0.001339,0.0000,0.278933,-0.496248,0.000000,0.0000
9968.63,0.279963,-0.431025,-0.001421,0.0000,0.271448,-0.506597,0.000000,0.0000
9973.95,0.280194,-0.432898,-0.001560,0.0000,0.271448,-0.506597,0.000000,0.0000
9979.27,0.280194,-0.432898,-0.001560,0.0000,0.271448,-0.506597,0.000000,0.0000
9984.63,0.280216,-0.434053,-0.001457,0.0000,0.271448,-0.506597,0.000000,0.0000
9990.08,0.280216,-0.434053,-0.001457,0.0000,0.271448,-0.506597,0.000000,0.0000
9995.40,0.280435,-0.435627,-0.001477,0.0000,0.271448,-0.506597,0.000000,0.0000
10000.72,0.280415,-0.437027,-0.001477,0.0000,0.271448,-0.506597,0.000000,0.0000
10006.08,0.280415,-0.437027,-0.001477,0.0000,0.271448,-0.506597,0.000000,0.0000
10011.57,0.280450,-0.438605,-0.001481,0.0000,0.271448,-0.506597,0.000000,0.0000
10016.94,0.280428,-0.439790,-0.001333,0.0000,0.271448,-0.506597,0.000000,0.0000
10022.33,0.280428,-0.439790,-0.001333,0.0000,0.271448,-0.506597,0.000000,0.0000
10027.70,0.280551,-0.441288,-0.001288,0.0000,0.262892,-0.516445,0.000000,0.0000
10033.03,0.280418,-0.442693,-0.001180,0.0000,0.262892,-0.516445,0.000000,0.0000
10038.35,0.280418,-0.442693,-0.001180,0.0000,0.262892,-0.516445,0.000000,0.0000
10043.67,0.280701,-0.444274,-0.001319,0.0000,0.262892,-0.516445,0.000000,0.0000
10048.97,0.280499,-0.445335,-0.001186,0.0000,0.262892,-0.516445,0.000000,0.0000
10054.42,0.280499,-0.445335,-0.001186,0.0000,0.262892,-0.516445,0.000000,0.0000
10059.92,0.280566,-0.446981,-0.001238,0.0000,0.262892,-0.516445,0.000000,0.0000
10065.24,0.280431,-0.448345,-0.001248,0.0000,0.262892,-0.516445,0.000000,0.0000
10070.57,0.280431,-0.448345,-0.001248,0.0000,0.262892,-0.516445,0.000000,0.0000
10075.89,0.280581,-0.449803,-0.001334,0.0000,0.262892,-0.516445,0.000000,0.0000
10081.28,0.280581,-0.449803,-0.001334,0.0000,0.262892,-0.516445,0.000000,0.0000
10086.61,0.280562,-0.451070,-0.001353,0.0000,0.262892,-0.516445,0.000000,0.0000
10092.48,0.280536,-0.452705,-0.001422,0.0000,0.262892,-0.516445,0.000000,0.0000
10097.78,0.280536,-0.452705,-0.001422,0.0000,0.262892,-0.516445,0.000000,0.0000
10103.10,0.280407,-0.454017,-0.001373,0.0000,0.262892,-0.516445,0.000000,0.0000
10108.52,0.280315,-0.455314,-0.001324,0.0000,0.253298,-0.525784,0.000000,0.0000
10114.19,0.280315,-0.455314,-0.001324,0.0000,0.253298,-0.525784,0.000000,0.0000
10119.54,0.280174,-0.456719,-0.001249,0.0000,0.253298,-0.525784,0.000000,0.0000
10124.89,0.280215,-0.458290,-0.001329,0.0000,0.253298,-0.525784,0.000000,0.0000
10130.24,0.280215,-0.458290,-0.001329,0.0000,0.253298,-0.525784,0.000000,0.0000
10135.56,0.280215,-0.458290,-0.001329,0.0000,0.253298,-0.525784,0.000000,0.0000
10140.89,0.280062,-0.460887,-0.001158,0.0000,0.253298,-0.525784,0.000000,0.0000
10146.22,0.280062,-0.460887,-0.001158,0.0000,0.253298,-0.525784,0.000000,0.0000
10151.72,0.279693,-0.462221,-0.001139,0.0000,0.253298,-0.525784,0.000000,0.0000
10157.07,0.279665,-0.463709,-0.001196,0.0000,0.253298,-0.525784,0.000000,0.0000
10162.42,0.279665,-0.463709,-0.001196,0.0000,0.253298,-0.525784,0.000000,0.0000
10167.72,0.279555,-0.464894,-0.001189,0.0000,0.253298,-0.525784,0.000000,0.0000
10173.09,0.279555,-0.464894,-0.001189,0.0000,0.253298,-0.525784,0.000000,0.0000
10178.41,0.279478,-0.466508,-0.001249,0.0000,0.253298,-0.525784,0.000000,0.0000
10183.88,0.279170,-0.467723,-0.001241,0.0000,0.253298,-0.525784,0.000000,0.0000
10189.28,0.279170,-0.467723,-0.001241,0.0000,0.253298,-0.525784,0.000000,0.0000
10195.28,0.278932,-0.469021,-0.001239,0.0000,0.242705,-0.534604,0.000000,0.0000
10200.62,0.278697,-0.470151,-0.001184,0.0000,0.242705,-0.534604,0.000000,0.0000
10205.95,0.278697,-0.470151,-0.001184,0.0000,0.242705,-0.534604,0.000000,0.0000
10211.38,0.278762,-0.471979,-0.001344,0.0000,0.242705,-0.534604,0.000000,0.0000
10216.72,0.278287,-0.472931,-0.001151,0.0000,0.242705,-0.534604,0.000000,0.0000
10222.07,0.278287,-0.472931,-0.001151,0.0000,0.242705,-0.534604,0.000000,0.0000
10227.39,0.278175,-0.474299,-0.001220,0.0000,0.242705,-0.534604,0.000000,0.0000
10232.85,0.277730,-0.475554,-0.001086,0.0000,0.242705,-0.534604,0.000000,0.0000
10238.18,0.277730,-0.475554,-0.001086,0.0000,0.242705,-0.534604,0.000000,0.0000
10243.60,0.277885,-0.477166,-0.001208,0.0000,0.242705,-0.534604,0.000000,0.0000
10248.89,0.277408,-0.478135,-0.001048,0.0000,0.242705,-0.534604,0.000000,0.0000
10254.25,0.277408,-0.478135,-0.001048,0.0000,0.242705,-0.534604,0.000000,0.0000
10259.59,0.277080,-0.479579,-0.001031,0.0000,0.242705,-0.534604,0.000000,0.0000
10264.92,0.277080,-0.479579,-0.001031,0.0000,0.242705,-0.534604,0.000000,0.0000
10270.53,0.276793,-0.480858,-0.001026,0.0000,0.242705,-0.534604,0.000000,0.0000
10275.89,0.276743,-0.482287,-0.001092,0.0000,0.231154,-0.542896,0.000000,0.0000
10281.21,0.276743,-0.482287,-0.001092,0.0000,0.231154,-0.542896,0.000000,0.0000
10286.61,0.276336,-0.483452,-0.001025,0.0000,0.231154,-0.542896,0.000000,0.0000
10291.89,0.275868,-0.484923,-0.001091,0.0000,0.231154,-0.542896,0.000000,0.0000
10297.73,0.275868,-0.484923,-0.001091,0.0000,0.231154,-0.542896,0.000000,0.0000
10303.17,0.275615,-0.485967,-0.001059,0.0000,0.231154,-0.542896,0.000000,0.0000
10308.49,0.275468,-0.487589,-0.001217,0.0000,0.231154,-0.542896,0.000000,0.0000
10313.79,0.275468,-0.487589,-0.001217,0.0000,0.231154,-0.542896,0.000000,0.0000
10319.14,0.274980,-0.488714,-0.001234,0.0000,0.231154,-0.542896,0.000000,0.0000
10324.46,0.274571,-0.490108,-0.001307,0.0000,0.231154,-0.542896,0.000000,0.0000
10329.80,0.274571,-0.490108,-0.001307,0.0000,0.231154,-0.542896,0.000000,0.0000
10335.13,0.274189,-0.491187,-0.001237,0.0000,0.218691,-0.550653,0.000000,0.0000
10340.46,0.273865,-0.492637,-0.001325,0.0000,0.218691,-0.550653,0.000000,0.0000
10345.79,0.273865,-0.492637,-0.001325,0.0000,0.218691,-0.550653,0.000000,0.0000
10351.10,0.273165,-0.493654,-0.001282,0.0000,0.218691,-0.550653,0.000000,0.0000
10356.43,0.273165,-0.493654,-0.001282,0.0000,0.218691,-0.550653,0.000000,0.0000
10361.75,0.272759,-0.494770,-0.001259,0.0000,0.218691,-0.550653,0.000000,0.0000
10367.17,0.272386,-0.496152,-0.001349,0.0000,0.218691,-0.550653,0.000000,0.0000
10372.52,0.272386,-0.496152,-0.001349,0.0000,0.218691,-0.550653,0.000000,0.0000
10377.90,0.271616,-0.497141,-0.001132,0.0000,0.218691,-0.550653,0.000000,0.0000
10383.22,0.271137,-0.498208,-0.001044,0.0000,0.218691,-0.550653,0.000000,0.0000
10388.55,0.271137,-0.498208,-0.001044,0.0000,0.218691,-0.550653,0.000000,0.0000
10393.89,0.270571,-0.499416,-0.001062,0.0000,0.218691,-0.550653,0.000000,0.0000
10399.60,0.270258,-0.500871,-0.001157,0.0000,0.218691,-0.550653,0.000000,0.0000
10405.00,0.270258,-0.500871,-0.001157,0.0000,0.218691,-0.550653,0.000000,0.0000
10410.33,0.269286,-0.501381,-0.000853,0.0000,0.218691,-0.550653,0.000000,0.0000
10415.69,0.269200,-0.503225,-0.001013,0.0000,0.205364,-0.557866,0.000000,0.0000
10421.06,0.269200,-0.503225,-0.001013,0.0000,0.205364,-0.557866,0.000000,0.0000
10426.38,0.268285,-0.504072,-0.000814,0.0000,0.205364,-0.557866,0.000000,0.0000
10431.81,0.267738,-0.505191,-0.000793,0.0000,0.205364,-0.557866,0.000000,0.0000
10437.16,0.267738,-0.505191,-0.000793,0.0000,0.205364,-0.557866,0.000000,0.0000
10442.51,0.267171,-0.506394,-0.000771,0.0000,0.205364,-0.557866,0.000000,0.0000
10447.91,0.267171,-0.506394,-0.000771,0.0000,0.205364,-0.557866,0.000000,0.0000
10453.28,0.266619,-0.507652,-0.000878,0.0000,0.205364,-0.557866,0.000000,0.0000
10458.64,0.265876,-0.508482,-0.000763,0.0000,0.205364,-0.557866,0.000000,0.0000
10463.99,0.265876,-0.508482,-0.000763,0.0000,0.205364,-0.557866,0.000000,0.0000
10469.31,0.265536,-0.510007,-0.000876,0.0000,0.205364,-0.557866,0.000000,0.0000
10474.72,0.264699,-0.511079,-0.000776,0.0000,0.205364,-0.557866,0.000000,0.0000
10480.07,0.264699,-0.511079,-0.000776,0.0000,0.205364,-0.557866,0.000000,0.0000
10485.40,0.264044,-0.512026,-0.000794,0.0000,0.205364,-0.557866,0.000000,0.0000
10490.72,0.263534,-0.513393,-0.000914,0.0000,0.205364,-0.557866,0.000000,0.0000
10496.05,0.263534,-0.513393,-0.000914,0.0000,0.205364,-0.557866,0.000000,0.0000
10501.54,0.262826,-0.514508,-0.000942,0.0000,0.191227,-0.564528,0.000000,0.0000
10506.94,0.262068,-0.515436,-0.000893,0.0000,0.191227,-0.564528,0.000000,0.0000
10512.26,0.262068,-0.515436,-0.000893,0.0000,0.191227,-0.564528,0.000000,0.0000
10517.59,0.261506,-0.516592,-0.000966,0.0000,0.191227,-0.564528,0.000000,0.0000
10522.90,0.261506,-0.516592,-0.000966,0.0000,0.191227,-0.564528,0.000000,0.0000
10528.22,0.260597,-0.517755,-0.000962,0.0000,0.191227,-0.564528,0.000000,0.0000
10533.56,0.259848,-0.518497,-0.000899,0.0000,0.191227,-0.564528,0.000000,0.0000
10538.89,0.259848,-0.518497,-0.000899,0.0000,0.191227,-0.564528,0.000000,0.0000
10544.28,0.259344,-0.520029,-0.001041,0.0000,0.191227,-0.564528,0.000000,0.0000
10549.64,0.258341,-0.520858,-0.000977,0.0000,0.191227,-0.564528,0.000000,0.0000
10555.00,0.258341,-0.520858,-0.000977,0.0000,0.191227,-0.564528,0.000000,0.0000
10560.37,0.257651,-0.521883,-0.001015,0.0000,0.176336,-0.570634,0.000000,0.0000
10565.69,0.256760,-0.523005,-0.001103,0.0000,0.176336,-0.570634,0.000000,0.0000
10571.03,0.256760,-0.523005,-0.001103,0.0000,0.176336,-0.570634,0.000000,0.0000
10576.35,0.255869,-0.523948,-0.001014,0.0000,0.176336,-0.570634,0.000000,0.0000
10581.86,0.255296,-0.525134,-0.001050,0.0000,0.176336,-0.570634,0.000000,0.0000
10587.26,0.255296,-0.525134,-0.001050,0.0000,0.176336,-0.570634,0.000000,0.0000
10592.78,0.254064,-0.525956,-0.000968,0.0000,0.176336,-0.570634,0.000000,0.0000
10598.42,0.253663,-0.527273,-0.001161,0.0000,0.176336,-0.570634,0.000000,0.0000
10603.92,0.253663,-0.527273,-0.001161,0.0000,0.176336,-0.570634,0.000000,0.0000
10609.36,0.252574,-0.528037,-0.001036,0.0000,0.176336,-0.570634,0.000000,0.0000
10614.68,0.252574,-0.528037,-0.001036,0.0000,0.176336,-0.570634,0.000000,0.0000
10620.08,0.251755,-0.529355,-0.001126,0.0000,0.176336,-0.570634,0.000000,0.0000
10625.41,0.251064,-0.530164,-0.001154,0.0000,0.176336,-0.570634,0.000000,0.0000
10630.72,0.251064,-0.530164,-0.001154,0.0000,0.176336,-0.570634,0.000000,0.0000
10636.10,0.249959,-0.531208,-0.001086,0.0000,0.176336,-0.570634,0.000000,0.0000
10641.48,0.249318,-0.532475,-0.001214,0.0000,0.160748,-0.576176,0.000000,0.0000
10646.77,0.249318,-0.532475,-0.001214,0.0000,0.160748,-0.576176,0.000000,0.0000
10652.29,0.248213,-0.533174,-0.001070,0.0000,0.160748,-0.576176,0.000000,0.0000
10657.83,0.247406,-0.534518,-0.001204,0.0000,0.160748,-0.576176,0.000000,0.0000
10663.16,0.247406,-0.534518,-0.001204,0.0000,0.160748,-0.576176,0.000000,0.0000
10668.53,0.246453,-0.535430,-0.001222,0.0000,0.160748,-0.576176,0.000000,0.0000
10673.83,0.245417,-0.536316,-0.001154,0.0000,0.160748,-0.576176,0.000000,0.0000
10679.28,0.245417,-0.536316,-0.001154,0.0000,0.160748,-0.576176,0.000000,0.0000
10684.61,0.244512,-0.537418,-0.001201,0.0000,0.160748,-0.576176,0.000000,0.0000
10689.89,0.244512,-0.537418,-0.001201,0.0000,0.160748,-0.576176,0.000000,0.0000
10695.20,0.243391,-0.538361,-0.001153,0.0000,0.160748,-0.576176,0.000000,0.0000
10700.64,0.242506,-0.539305,-0.001133,0.0000,0.160748,-0.576176,0.000000,0.0000
10706.22,0.242506,-0.539305,-0.001133,0.0000,0.160748,-0.576176,0.000000,0.0000
10711.61,0.241508,-0.540573,-0.001220,0.0000,0.160748,-0.576176,0.000000,0.0000
10716.89,0.240600,-0.541301,-0.001168,0.0000,0.160748,-0.576176,0.000000,0.0000
10722.30,0.240600,-0.541301,-0.001168,0.0000,0.144526,-0.581150,0.000000,0.0000
10727.63,0.239662,-0.542486,-0.001257,0.0000,0.144526,-0.581150,0.000000,0.0000
10733.01,0.238603,-0.543463,-0.001259,0.0000,0.144526,-0.581150,0.000000,0.0000
10738.35,0.238603,-0.543463,-0.001259,0.0000,0.144526,-0.581150,0.000000,0.0000
10743.71,0.237743,-0.544510,-0.001309,0.0000,0.144526,-0.581150,0.000000,0.0000
10749.04,0.236489,-0.545501,-0.001273,0.0000,0.144526,-0.581150,0.000000,0.0000
10754.36,0.236489,-0.545501,-0.001273,0.0000,0.144526,-0.581150,0.000000,0.0000
10759.72,0.235691,-0.546461,-0.001265,0.0000,0.144526,-0.581150,0.000000,0.0000
10765.23,0.234500,-0.547395,-0.001252,0.0000,0.144526,-0.581150,0.000000,0.0000
10770.55,0.234500,-0.547395,-0.001252,0.0000,0.144526,-0.581150,0.000000,0.0000
10775.84,0.233345,-0.548339,-0.001233,0.0000,0.144526,-0.581150,0.000000,0.0000
10781.18,0.233345,-0.548339,-0.001233,0.0000,0.144526,-0.581150,0.000000,0.0000
10786.53,0.232279,-0.549323,-0.001205,0.0000,0.127734,-0.585550,0.000000,0.0000
10791.84,0.231075,-0.550121,-0.001174,0.0000,0.127734,-0.585550,0.000000,0.0000
10797.16,0.231075,-0.550121,-0.001174,0.0000,0.127734,-0.585550,0.000000,0.0000
10802.52,0.229912,-0.551170,-0.001195,0.0000,0.127734,-0.585550,0.000000,0.0000
10808.06,0.229053,-0.552157,-0.001206,0.0000,0.127734,-0.585550,0.000000,0.0000
10813.39,0.229053,-0.552157,-0.001206,0.0000,0.127734,-0.585550,0.000000,0.0000
10818.84,0.227460,-0.552944,-0.001023,0.0000,0.127734,-0.585550,0.000000,0.0000
10824.29,0.226636,-0.553969,-0.001088,0.0000,0.127734,-0.585550,0.000000,0.0000
10829.62,0.226636,-0.553969,-0.001088,0.0000,0.127734,-0.585550,0.000000,0.0000
10835.17,0.225269,-0.554805,-0.001013,0.0000,0.127734,-0.585550,0.000000,0.0000
10840.52,0.224363,-0.556022,-0.001119,0.0000,0.127734,-0.585550,0.000000,0.0000
10845.85,0.224363,-0.556022,-0.001119,0.0000,0.127734,-0.585550,0.000000,0.0000
10851.24,0.223108,-0.556815,-0.001064,0.0000,0.127734,-0.585550,0.000000,0.0000
10856.57,0.223108,-0.556815,-0.001064,0.0000,0.127734,-0.585550,0.000000,0.0000
10861.89,0.221973,-0.557999,-0.001095,0.0000,0.127734,-0.585550,0.000000,0.0000
10867.25,0.220545,-0.558493,-0.000896,0.0000,0.110437,-0.589372,0.000000,0.0000
10872.58,0.220545,-0.558493,-0.000896,0.0000,0.110437,-0.589372,0.000000,0.0000
10877.98,0.219739,-0.559929,-0.001081,0.0000,0.110437,-0.589372,0.000000,0.0000
10883.32,0.218200,-0.560501,-0.000874,0.0000,0.110437,-0.589372,0.000000,0.0000
10888.66,0.218200,-0.560501,-0.000874,0.0000,0.110437,-0.589372,0.000000,0.0000
10894.01,0.217185,-0.561563,-0.000973,0.0000,0.110437,-0.589372,0.000000,0.0000
10899.42,0.215815,-0.562519,-0.000953,0.0000,0.110437,-0.589372,0.000000,0.0000
10904.72,0.215815,-0.562519,-0.000953,0.0000,0.110437,-0.589372,0.000000,0.0000
10910.68,0.214757,-0.563344,-0.000926,0.0000,0.110437,-0.589372,0.000000,0.0000
10916.04,0.213388,-0.564303,-0.000935,0.0000,0.110437,-0.589372,0.000000,0.0000
10921.49,0.213388,-0.564303,-0.000935,0.0000,0.110437,-0.589372,0.000000,0.0000
10926.99,0.212329,-0.565288,-0.000955,0.0000,0.110437,-0.589372,0.000000,0.0000
10932.34,0.210848,-0.566040,-0.000845,0.0000,0.110437,-0.589372,0.000000,0.0000
10937.72,0.210848,-0.566040,-0.000845,0.0000,0.110437,-0.589372,0.000000,0.0000
10943.08,0.209727,-0.567086,-0.000913,0.0000,0.110437,-0.589372,0.000000,0.0000
10948.61,0.208570,-0.567991,-0.000927,0.0000,0.092705,-0.592613,0.000000,0.0000
10953.95,0.208570,-0.567991,-0.000927,0.0000,0.092705,-0.592613,0.000000,0.0000
10959.35,0.207088,-0.568771,-0.000848,0.0000,0.092705,-0.592613,0.000000,0.0000
10964.69,0.207088,-0.568771,-0.000848,0.0000,0.092705,-0.592613,0.000000,0.0000
10970.05,0.205760,-0.569563,-0.000770,0.0000,0.092705,-0.592613,0.000000,0.0000
10975.44,0.204386,-0.570361,-0.000742,0.0000,0.092705,-0.592613,0.000000,0.0000
10980.78,0.204386,-0.570361,-0.000742,0.0000,0.092705,-0.592613,0.000000,0.0000
10986.29,0.202969,-0.571363,-0.000746,0.0000,0.092705,-0.592613,0.000000,0.0000
10992.32,0.201871,-0.572177,-0.000757,0.0000,0.092705,-0.592613,0.000000,0.0000
10997.67,0.201871,-0.572177,-0.000757,0.0000,0.092705,-0.592613,0.000000,0.0000
11002.97,0.200314,-0.573121,-0.000700,0.0000,0.092705,-0.592613,0.000000,0.0000
11008.35,0.200314,-0.573121,-0.000700,0.0000,0.074607,-0.595269,0.000000,0.0000
11013.72,0.199003,-0.573775,-0.000566,0.0000,0.074607,-0.595269,0.000000,0.0000
11019.24,0.197525,-0.574558,-0.000582,0.0000,0.074607,-0.595269,0.000000,0.0000
11024.60,0.196349,-0.575717,-0.000659,0.0000,0.074607,-0.595269,0.000000,0.0000
11029.93,0.196349,-0.575717,-0.000659,0.0000,0.074607,-0.595269,0.000000,0.0000
11035.36,0.194884,-0.576283,-0.000560,0.0000,0.074607,-0.595269,0.000000,0.0000
11040.70,0.193455,-0.577277,-0.000603,0.0000,0.074607,-0.595269,0.000000,0.0000
11046.04,0.193455,-0.577277,-0.000603,0.0000,0.074607,-0.595269,0.000000,0.0000
11051.38,0.192094,-0.577809,-0.000511,0.0000,0.074607,-0.595269,0.000000,0.0000
11056.72,0.192094,-0.577809,-0.000511,0.0000,0.074607,-0.595269,0.000000,0.0000
11062.05,0.190558,-0.578761,-0.000527,0.0000,0.074607,-0.595269,0.000000,0.0000
11067.47,0.189478,-0.579730,-0.000564,0.0000,0.074607,-0.595269,0.000000,0.0000
11072.83,0.189478,-0.579730,-0.000564,0.0000,0.074607,-0.595269,0.000000,0.0000
11078.34,0.187808,-0.580358,-0.000485,0.0000,0.074607,-0.595269,0.000000,0.0000
11083.67,0.186456,-0.581306,-0.000464,0.0000,0.074607,-0.595269,0.000000,0.0000
11089.00,0.186456,-0.581306,-0.000464,0.0000,0.074607,-0.595269,0.000000,0.0000
11094.03,0.185053,-0.581821,-0.000411,0.0000,0.056214,-0.597337,0.000000,0.0000
11099.36,0.185053,-0.581821,-0.000411,0.0000,0.056214,-0.597337,0.000000,0.0000
11104.69,0.183656,-0.583025,-0.000552,0.0000,0.056214,-0.597337,0.000000,0.0000
11110.02,0.182170,-0.583481,-0.000419,0.0000,0.056214,-0.597337,0.000000,0.0000
11115.95,0.180570,-0.584280,-0.000429,0.0000,0.056214,-0.597337,0.000000,0.0000
11121.36,0.180570,-0.584280,-0.000429,0.0000,0.056214,-0.597337,0.000000,0.0000
11127.12,0.179292,-0.585110,-0.000433,0.0000,0.056214,-0.597337,0.000000,0.0000
11132.53,0.177597,-0.585550,-0.000314,0.0000,0.056214,-0.597337,0.000000,0.0000
11137.85,0.177597,-0.585550,-0.000314,0.0000,0.056214,-0.597337,0.000000,0.0000
11143.19,0.176343,-0.586692,-0.000439,0.0000,0.056214,-0.597337,0.000000,0.0000
11148.69,0.174612,-0.587020,-0.000354,0.0000,0.056214,-0.597337,0.000000,0.0000
11154.22,0.174612,-0.587020,-0.000354,0.0000,0.056214,-0.597337,0.000000,0.0000
11159.64,0.173054,-0.588001,-0.000357,0.0000,0.056214,-0.597337,0.000000,0.0000
11164.95,0.173054,-0.588001,-0.000357,0.0000,0.056214,-0.597337,0.000000,0.0000
11170.32,0.171600,-0.588519,-0.000354,0.0000,0.056214,-0.597337,0.000000,0.0000
11176.05,0.170054,-0.589334,-0.000403,0.0000,0.037600,-0.598816,0.000000,0.0000
11181.44,0.170054,-0.589334,-0.000403,0.0000,0.037600,-0.598816,0.000000,0.0000
11186.77,0.168599,-0.590162,-0.000460,0.0000,0.037600,-0.598816,0.000000,0.0000
11192.14,0.166940,-0.590506,-0.000314,0.0000,0.037600,-0.598816,0.000000,0.0000
11198.15,0.166940,-0.590506,-0.000314,0.0000,0.037600,-0.598816,0.000000,0.0000
11203.47,0.165609,-0.591776,-0.000528,0.0000,0.037600,-0.598816,0.000000,0.0000
11208.96,0.163996,-0.592126,-0.000314,0.0000,0.037600,-0.598816,0.000000,0.0000
11214.40,0.163996,-0.592126,-0.000314,0.0000,0.037600,-0.598816,0.000000,0.0000
11219.85,0.162249,-0.592808,-0.000339,0.0000,0.037600,-0.598816,0.000000,0.0000
11225.24,0.161062,-0.593646,-0.000427,0.0000,0.037600,-0.598816,0.000000,0.0000
11230.57,0.161062,-0.593646,-0.000427,0.0000,0.037600,-0.598816,0.000000,0.0000
11235.91,0.159284,-0.594113,-0.000288,0.0000,0.018837,-0.599704,0.000000,0.0000
11241.48,0.157743,-0.594987,-0.000316,0.0000,0.018837,-0.599704,0.000000,0.0000
11246.78,0.157743,-0.594987,-0.000316,0.0000,0.018837,-0.599704,0.000000,0.0000
11252.11,0.156045,-0.595315,-0.000216,0.0000,0.018837,-0.599704,0.000000,0.0000
11257.45,0.154530,-0.596323,-0.000309,0.0000,0.018837,-0.599704,0.000000,0.0000
11262.81,0.154530,-0.596323,-0.000309,0.0000,0.018837,-0.599704,0.000000,0.0000
11268.13,0.152928,-0.596631,-0.000172,0.0000,0.018837,-0.599704,0.000000,0.0000
11273.48,0.152928,-0.596631,-0.000172,0.0000,0.018837,-0.599704,0.000000,0.0000
11279.00,0.151275,-0.597388,-0.000184,0.0000,0.018837,-0.599704,0.000000,0.0000
11284.38,0.149705,-0.598013,-0.000166,0.0000,0.018837,-0.599704,0.000000,0.0000
11289.70,0.149705,-0.598013,-0.000166,0.0000,0.018837,-0.599704,0.000000,0.0000
11295.09,0.147917,-0.598430,-0.000013,0.0000,0.018837,-0.599704,0.000000,0.0000
11300.44,0.146174,-0.599003,0.000020,0.0000,0.018837,-0.599704,0.000000,0.0000
11305.83,0.146174,-0.599003,0.000020,0.0000,0.018837,-0.599704,0.000000,0.0000
11311.28,0.144864,-0.599665,-0.000034,0.0000,0.018837,-0.599704,0.000000,0.0000
11316.65,0.142849,-0.600070,0.000074,0.0000,0.000000,-0.600000,0.000000,0.0000
11322.12,0.142849,-0.600070,0.000074,0.0000,0.000000,-0.600000,0.000000,0.0000
11327.45,0.141490,-0.600836,0.000067,0.0000,0.000000,-0.600000,0.000000,0.0000
11332.90,0.139753,-0.601371,-0.000013,0.0000,0.000000,-0.600000,0.000000,0.0000
11338.24,0.139753,-0.601371,-0.000013,0.0000,0.000000,-0.600000,0.000000,0.0000
11343.63,0.137979,-0.601822,0.000046,0.0000,0.000000,-0.600000,0.000000,0.0000
11348.99,0.136477,-0.602592,-0.000061,0.0000,0.000000,-0.600000,0.000000,0.0000
11354.33,0.136477,-0.602592,-0.000061,0.0000,0.000000,-0.600000,0.000000,0.0000
11359.69,0.134723,-0.603010,-0.000063,0.0000,0.000000,-0.600000,0.000000,0.0000
11365.27,0.133049,-0.603406,-0.000018,0.0000,0.000000,-0.600000,0.000000,0.0000
11370.71,0.133049,-0.603406,-0.000018,0.0000,0.000000,-0.600000,0.000000,0.0000
11376.09,0.131492,-0.604164,-0.000056,0.0000,0.000000,-0.600000,0.000000,0.0000
11381.52,0.131492,-0.604164,-0.000056,0.0000,0.000000,-0.600000,0.000000,0.0000
11386.83,0.129655,-0.604359,0.000050,0.0000,0.000000,-0.600000,0.000000,0.0000
11392.49,0.128136,-0.605089,0.000023,0.0000,0.000000,-0.600000,0.000000,0.0000
11397.87,0.128136,-0.605089,0.000023,0.0000,-0.018837,-0.599704,0.000000,0.0000
11403.23,0.126318,-0.605555,0.000075,0.0000,-0.018837,-0.599704,0.000000,0.0000
11408.65,0.126318,-0.605555,0.000075,0.0000,-0.018837,-0.599704,0.000000,0.0000
11413.99,0.124591,-0.605763,0.000166,0.0000,-0.018837,-0.599704,0.000000,0.0000
11419.66,0.123015,-0.606699,0.000055,0.0000,-0.018837,-0.599704,0.000000,0.0000
11424.98,0.123015,-0.606699,0.000055,0.0000,-0.018837,-0.599704,0.000000,0.0000
11430.32,0.121090,-0.606666,0.000265,0.0000,-0.018837,-0.599704,0.000000,0.0000
11435.74,0.119565,-0.607395,0.000185,0.0000,-0.018837,-0.599704,0.000000,0.0000
11441.13,0.117754,-0.607845,0.000185,0.0000,-0.018837,-0.599704,0.000000,0.0000
11446.52,0.117754,-0.607845,0.000185,0.0000,-0.018837,-0.599704,0.000000,0.0000
11451.84,0.116043,-0.608067,0.000301,0.0000,-0.018837,-0.599704,0.000000,0.0000
11457.22,0.114174,-0.608539,0.000304,0.0000,-0.018837,-0.599704,0.000000,0.0000
11462.59,0.114174,-0.608539,0.000304,0.0000,-0.037600,-0.598816,0.000000,0.0000
11467.89,0.112568,-0.609034,0.000248,0.0000,-0.037600,-0.598816,0.000000,0.0000
11473.22,0.112568,-0.609034,0.000248,0.0000,-0.037600,-0.598816,0.000000,0.0000
11478.56,0.110717,-0.609271,0.000294,0.0000,-0.037600,-0.598816,0.000000,0.0000
11484.35,0.109013,-0.609720,0.000236,0.0000,-0.037600,-0.598816,0.000000,0.0000
11489.67,0.109013,-0.609720,0.000236,0.0000,-0.037600,-0.598816,0.000000,0.0000
11494.99,0.107356,-0.610149,0.000230,0.0000,-0.037600,-0.598816,0.000000,0.0000
11500.36,0.105406,-0.610393,0.000242,0.0000,-0.037600,-0.598816,0.000000,0.0000
11505.72,0.105406,-0.610393,0.000242,0.0000,-0.037600,-0.598816,0.000000,0.0000
11511.20,0.103694,-0.610559,0.000253,0.0000,-0.037600,-0.598816,0.000000,0.0000
11516.53,0.101914,-0.611119,0.000226,0.0000,-0.037600,-0.598816,0.000000,0.0000
11522.03,0.101914,-0.611119,0.000226,0.0000,-0.037600,-0.598816,0.000000,0.0000
11527.40,0.100105,-0.611221,0.000341,0.0000,-0.037600,-0.598816,0.000000,0.0000
11532.98,0.098260,-0.611348,0.000458,0.0000,-0.037600,-0.598816,0.000000,0.0000
11538.50,0.098260,-0.611348,0.000458,0.0000,-0.037600,-0.598816,0.000000,0.0000
11543.93,0.096450,-0.611858,0.000297,0.0000,-0.056214,-0.597337,0.000000,0.0000
11549.26,0.093929,-0.611138,0.000791,0.0000,-0.056214,-0.597337,0.000000,0.0000
11554.65,0.093929,-0.611138,0.000791,0.0000,-0.056214,-0.597337,0.000000,0.0000
11560.27,0.092032,-0.611583,0.000685,0.0000,-0.056214,-0.597337,0.000000,0.0000
11565.71,0.090273,-0.611707,0.000701,0.0000,-0.056214,-0.597337,0.000000,0.0000
11571.04,0.090273,-0.611707,0.000701,0.0000,-0.056214,-0.597337,0.000000,0.0000
11576.38,0.088496,-0.611996,0.000626,0.0000,-0.056214,-0.597337,0.000000,0.0000
11581.87,0.086681,-0.612163,0.000675,0.0000,-0.056214,-0.597337,0.000000,0.0000
11587.70,0.086681,-0.612163,0.000675,0.0000,-0.056214,-0.597337,0.000000,0.0000
11593.14,0.084847,-0.612279,0.000687,0.0000,-0.056214,-0.597337,0.000000,0.0000
11598.59,0.082967,-0.612480,0.000717,0.0000,-0.056214,-0.597337,0.000000,0.0000
11604.03,0.082967,-0.612480,0.000717,0.0000,-0.056214,-0.597337,0.000000,0.0000
11609.35,0.081143,-0.612780,0.000505,0.0000,-0.056214,-0.597337,0.000000,0.0000
11614.71,0.081143,-0.612780,0.000505,0.0000,-0.056214,-0.597337,0.000000,0.0000
11620.06,0.079360,-0.612754,0.000569,0.0000,-0.056214,-0.597337,0.000000,0.0000
11625.47,0.077310,-0.613047,0.000543,0.0000,-0.074607,-0.595269,0.000000,0.0000
11630.96,0.077310,-0.613047,0.000543,0.0000,-0.074607,-0.595269,0.000000,0.0000
11636.39,0.075561,-0.613112,0.000617,0.0000,-0.074607,-0.595269,0.000000,0.0000
11641.72,0.073741,-0.613325,0.000599,0.0000,-0.074607,-0.595269,0.000000,0.0000
11647.12,0.073741,-0.613325,0.000599,0.0000,-0.074607,-0.595269,0.000000,0.0000
11652.44,0.071867,-0.613481,0.000547,0.0000,-0.074607,-0.595269,0.000000,0.0000
11658.09,0.070033,-0.613371,0.000515,0.0000,-0.074607,-0.595269,0.000000,0.0000
11663.44,0.070033,-0.613371,0.000515,0.0000,-0.074607,-0.595269,0.000000,0.0000
11669.15,0.068161,-0.613684,0.000429,0.0000,-0.074607,-0.595269,0.000000,0.0000
11674.50,0.066289,-0.613792,0.000397,0.0000,-0.074607,-0.595269,0.000000,0.0000
11679.84,0.066289,-0.613792,0.000397,0.0000,-0.074607,-0.595269,0.000000,0.0000
11685.31,0.064285,-0.613719,0.000456,0.0000,-0.092705,-0.592613,0.000000,0.0000
11690.72,0.062389,-0.613924,0.000277,0.0000,-0.092705,-0.592613,0.000000,0.0000
11696.08,0.062389,-0.613924,0.000277,0.0000,-0.092705,-0.592613,0.000000,0.0000
11701.41,0.060599,-0.613937,0.000207,0.0000,-0.092705,-0.592613,0.000000,0.0000
11706.94,0.058700,-0.614122,0.000169,0.0000,-0.092705,-0.592613,0.000000,0.0000
11712.38,0.058700,-0.614122,0.000169,0.0000,-0.092705,-0.592613,0.000000,0.0000
11717.78,0.056717,-0.614028,0.000150,0.0000,-0.092705,-0.592613,0.000000,0.0000
11723.21,0.056717,-0.614028,0.000150,0.0000,-0.092705,-0.592613,0.000000,0.0000
11728.57,0.054898,-0.613960,0.000226,0.0000,-0.092705,-0.592613,0.000000,0.0000
11733.89,0.053023,-0.614172,0.000135,0.0000,-0.092705,-0.592613,0.000000,0.0000
11739.22,0.053023,-0.614172,0.000135,0.0000,-0.092705,-0.592613,0.000000,0.0000
11744.61,0.051104,-0.614096,0.000085,0.0000,-0.092705,-0.592613,0.000000,0.0000
11749.99,0.049198,-0.614127,-0.000044,0.0000,-0.092705,-0.592613,0.000000,0.0000
11755.31,0.049198,-0.614127,-0.000044,0.0000,-0.092705,-0.592613,0.000000,0.0000
11760.65,0.047337,-0.614260,-0.000256,0.0000,-0.092705,-0.592613,0.000000,0.0000
11765.95,0.045460,-0.614140,-0.000240,0.0000,-0.092705,-0.592613,0.000000,0.0000
11771.49,0.045460,-0.614140,-0.000240,0.0000,-0.110437,-0.589372,0.000000,0.0000
11777.00,0.043325,-0.614065,-0.000208,0.0000,-0.110437,-0.589372,0.000000,0.0000
11782.35,0.041370,-0.613932,-0.000223,0.0000,-0.110437,-0.589372,0.000000,0.0000
11787.68,0.041370,-0.613932,-0.000223,0.0000,-0.110437,-0.589372,0.000000,0.0000
11793.01,0.039558,-0.613830,-0.000261,0.0000,-0.110437,-0.589372,0.000000,0.0000
11798.33,0.039558,-0.613830,-0.000261,0.0000,-0.110437,-0.589372,0.000000,0.0000
11803.90,0.037669,-0.614009,-0.000482,0.0000,-0.110437,-0.589372,0.000000,0.0000
11809.35,0.035747,-0.613870,-0.000546,0.0000,-0.110437,-0.589372,0.000000,0.0000
11814.75,0.035747,-0.613870,-0.000546,0.0000,-0.110437,-0.589372,0.000000,0.0000
11820.08,0.033870,-0.613930,-0.000719,0.0000,-0.110437,-0.589372,0.000000,0.0000
11825.41,0.032077,-0.613969,-0.000811,0.0000,-0.110437,-0.589372,0.000000,0.0000
11830.75,0.032077,-0.613969,-0.000811,0.0000,-0.110437,-0.589372,0.000000,0.0000
11836.24,0.030134,-0.613785,-0.000867,0.0000,-0.110437,-0.589372,0.000000,0.0000
11841.56,0.027994,-0.613425,-0.000772,0.0000,-0.110437,-0.589372,0.000000,0.0000
11846.91,0.027994,-0.613425,-0.000772,0.0000,-0.110437,-0.589372,0.000000,0.0000
11852.89,0.026053,-0.613459,-0.000924,0.0000,-0.127734,-0.585550,0.000000,0.0000
11858.21,0.024176,-0.613206,-0.001001,0.0000,-0.127734,-0.585550,0.000000,0.0000
11863.56,0.024176,-0.613206,-0.001001,0.0000,-0.127734,-0.585550,0.000000,0.0000
11868.83,0.022184,-0.613269,-0.001223,0.0000,-0.127734,-0.585550,0.000000,0.0000
11874.39,0.020165,-0.613015,-0.001230,0.0000,-0.127734,-0.585550,0.000000,0.0000
11879.72,0.020165,-0.613015,-0.001230,0.0000,-0.127734,-0.585550,0.000000,0.0000
11885.08,0.018178,-0.612895,-0.001319,0.0000,-0.127734,-0.585550,0.000000,0.0000
11890.52,0.016238,-0.612883,-0.001408,0.0000,-0.127734,-0.585550,0.000000,0.0000
11895.83,0.016238,-0.612883,-0.001408,0.0000,-0.127734,-0.585550,0.000000,0.0000
11901.24,0.014307,-0.612722,-0.001499,0.0000,-0.127734,-0.585550,0.000000,0.0000
11906.56,0.014307,-0.612722,-0.001499,0.0000,-0.127734,-0.585550,0.000000,0.0000
11911.90,0.012304,-0.612522,-0.001598,0.0000,-0.144526,-0.581150,0.000000,0.0000
11917.47,0.010237,-0.612539,-0.001738,0.0000,-0.144526,-0.581150,0.000000,0.0000
11922.77,0.010237,-0.612539,-0.001738,0.0000,-0.144526,-0.581150,0.000000,0.0000
11928.17,0.008313,-0.612368,-0.001832,0.0000,-0.144526,-0.581150,0.000000,0.0000
11933.51,0.006397,-0.612268,-0.001986,0.0000,-0.144526,-0.581150,0.000000,0.0000
11938.88,0.006397,-0.612268,-0.001986,0.0000,-0.144526,-0.581150,0.000000,0.0000
11944.30,0.004313,-0.612145,-0.002032,0.0000,-0.144526,-0.581150,0.000000,0.0000
11950.00,0.002227,-0.611781,-0.002012,0.0000,-0.144526,-0.581150,0.000000,0.0000
11955.36,0.002227,-0.611781,-0.002012,0.0000,-0.144526,-0.581150,0.000000,0.0000
11960.69,0.000163,-0.611772,-0.002034,0.0000,-0.144526,-0.581150,0.000000,0.0000
11966.05,-0.001794,-0.611552,-0.002116,0.0000,-0.144526,-0.581150,0.000000,0.0000
11971.38,-0.001794,-0.611552,-0.002116,0.0000,-0.144526,-0.581150,0.000000,0.0000
11977.13,-0.003719,-0.611353,-0.002223,0.0000,-0.144526,-0.581150,0.000000,0.0000
11982.48,-0.005833,-0.611225,-0.002298,0.0000,-0.144526,-0.581150,0.000000,0.0000
11987.79,-0.005833,-0.611225,-0.002298,0.0000,-0.144526,-0.581150,0.000000,0.0000
11993.12,-0.007927,-0.610942,-0.002324,0.0000,-0.160748,-0.576176,0.000000,0.0000
11998.48,-0.007927,-0.610942,-0.002324,0.0000,-0.160748,-0.576176,0.000000,0.0000
12003.77,-0.009962,-0.610769,-0.002389,0.0000,-0.160748,-0.576176,0.000000,0.0000
12009.24,-0.011940,-0.610592,-0.002388,0.0000,-0.160748,-0.576176,0.000000,0.0000
12014.58,-0.011940,-0.610592,-0.002388,0.0000,-0.160748,-0.576176,0.000000,0.0000
12019.89,-0.014029,-0.610309,-0.002430,0.0000,-0.160748,-0.576176,0.000000,0.0000
12025.24,-0.016128,-0.610127,-0.002500,0.0000,-0.160748,-0.576176,0.000000,0.0000
12030.56,-0.016128,-0.610127,-0.002500,0.0000,-0.160748,-0.576176,0.000000,0.0000
12035.91,-0.018208,-0.609865,-0.002597,0.0000,-0.160748,-0.576176,0.000000,0.0000
12041.52,-0.020256,-0.609652,-0.002745,0.0000,-0.160748,-0.576176,0.000000,0.0000
12046.86,-0.020256,-0.609652,-0.002745,0.0000,-0.160748,-0.576176,0.000000,0.0000
12052.19,-0.022243,-0.609584,-0.002893,0.0000,-0.160748,-0.576176,0.000000,0.0000
12057.61,-0.024287,-0.609391,-0.002897,0.0000,-0.160748,-0.576176,0.000000,0.0000
12062.89,-0.024287,-0.609391,-0.002897,0.0000,-0.160748,-0.576176,0.000000,0.0000
12068.24,-0.026498,-0.609079,-0.002873,0.0000,-0.160748,-0.576176,0.000000,0.0000
12073.59,-0.026498,-0.609079,-0.002873,0.0000,-0.160748,-0.576176,0.000000,0.0000
12079.51,-0.028624,-0.608759,-0.002906,0.0000,-0.176336,-0.570634,0.000000,0.0000
12084.84,-0.030667,-0.608504,-0.002946,0.0000,-0.176336,-0.570634,0.000000,0.0000
12090.45,-0.032832,-0.608311,-0.003031,0.0000,-0.176336,-0.570634,0.000000,0.0000
12095.97,-0.032832,-0.608311,-0.003031,0.0000,-0.176336,-0.570634,0.000000,0.0000
12101.32,-0.034855,-0.608119,-0.003057,0.0000,-0.176336,-0.570634,0.000000,0.0000
12106.96,-0.036945,-0.607888,-0.003127,0.0000,-0.176336,-0.570634,0.000000,0.0000
12112.43,-0.036945,-0.607888,-0.003127,0.0000,-0.176336,-0.570634,0.000000,0.0000
12117.77,-0.039168,-0.607466,-0.003055,0.0000,-0.176336,-0.570634,0.000000,0.0000
12123.10,-0.039168,-0.607466,-0.003055,0.0000,-0.176336,-0.570634,0.000000,0.0000
12128.43,-0.041306,-0.607196,-0.002991,0.0000,-0.176336,-0.570634,0.000000,0.0000
12133.84,-0.043328,-0.606986,-0.002994,0.0000,-0.176336,-0.570634,0.000000,0.0000
12139.18,-0.043328,-0.606986,-0.002994,0.0000,-0.176336,-0.570634,0.000000,0.0000
12144.66,-0.045468,-0.606665,-0.002988,0.0000,-0.176336,-0.570634,0.000000,0.0000
12150.05,-0.047541,-0.606390,-0.003041,0.0000,-0.176336,-0.570634,0.000000,0.0000
12155.38,-0.047541,-0.606390,-0.003041,0.0000,-0.176336,-0.570634,0.000000,0.0000
12161.41,-0.049736,-0.606043,-0.003068,0.0000,-0.191227,-0.564528,0.000000,0.0000
12166.72,-0.051969,-0.605713,-0.003028,0.0000,-0.191227,-0.564528,0.000000,0.0000
12172.07,-0.051969,-0.605713,-0.003028,0.0000,-0.191227,-0.564528,0.000000,0.0000
12177.41,-0.054138,-0.605469,-0.003042,0.0000,-0.191227,-0.564528,0.000000,0.0000
12182.72,-0.056191,-0.605188,-0.003082,0.0000,-0.191227,-0.564528,0.000000,0.0000
12188.07,-0.056191,-0.605188,-0.003082,0.0000,-0.191227,-0.564528,0.000000,0.0000
12193.61,-0.058297,-0.604891,-0.003108,0.0000,-0.191227,-0.564528,0.000000,0.0000
12198.99,-0.060508,-0.604626,-0.003158,0.0000,-0.191227,-0.564528,0.000000,0.0000
12204.36,-0.060508,-0.604626,-0.003158,0.0000,-0.191227,-0.564528,0.000000,0.0000
12209.70,-0.062742,-0.604139,-0.003126,0.0000,-0.191227,-0.564528,0.000000,0.0000
12215.03,-0.062742,-0.604139,-0.003126,0.0000,-0.191227,-0.564528,0.000000,0.0000
12220.47,-0.064919,-0.603777,-0.003129,0.0000,-0.205364,-0.557866,0.000000,0.0000
12225.83,-0.067003,-0.603386,-0.003110,0.0000,-0.205364,-0.557866,0.000000,0.0000
12231.16,-0.067003,-0.603386,-0.003110,0.0000,-0.205364,-0.557866,0.000000,0.0000
12236.57,-0.069087,-0.603121,-0.003128,0.0000,-0.205364,-0.557866,0.000000,0.0000
12241.89,-0.071128,-0.602861,-0.003107,0.0000,-0.205364,-0.557866,0.000000,0.0000
12247.21,-0.071128,-0.602861,-0.003107,0.0000,-0.205364,-0.557866,0.000000,0.0000
12252.53,-0.073272,-0.602453,-0.003065,0.0000,-0.205364,-0.557866,0.000000,0.0000
12257.83,-0.075508,-0.602009,-0.002977,0.0000,-0.205364,-0.557866,0.000000,0.0000
12263.27,-0.075508,-0.602009,-0.002977,0.0000,-0.205364,-0.557866,0.000000,0.0000
12268.68,-0.077708,-0.601600,-0.002912,0.0000,-0.205364,-0.557866,0.000000,0.0000
12274.14,-0.079727,-0.601234,-0.002889,0.0000,-0.205364,-0.557866,0.000000,0.0000
12279.50,-0.079727,-0.601234,-0.002889,0.0000,-0.205364,-0.557866,0.000000,0.0000
12284.83,-0.081905,-0.600968,-0.002890,0.0000,-0.205364,-0.557866,0.000000,0.0000
12290.34,-0.084025,-0.600562,-0.002910,0.0000,-0.205364,-0.557866,0.000000,0.0000
12295.77,-0.084025,-0.600562,-0.002910,0.0000,-0.205364,-0.557866,0.000000,0.0000
12301.11,-0.086153,-0.600141,-0.002847,0.0000,-0.218691,-0.550653,0.000000,0.0000
12306.50,-0.086153,-0.600141,-0.002847,0.0000,-0.218691,-0.550653,0.000000,0.0000
12311.82,-0.088418,-0.599762,-0.002727,0.0000,-0.218691,-0.550653,0.000000,0.0000
12317.15,-0.090562,-0.599324,-0.002642,0.0000,-0.218691,-0.550653,0.000000,0.0000
12322.61,-0.090562,-0.599324,-0.002642,0.0000,-0.218691,-0.550653,0.000000,0.0000
12327.91,-0.092573,-0.598941,-0.002534,0.0000,-0.218691,-0.550653,0.000000,0.0000
12333.25,-0.094688,-0.598658,-0.002559,0.0000,-0.218691,-0.550653,0.000000,0.0000
12338.63,-0.094688,-0.598658,-0.002559,0.0000,-0.218691,-0.550653,0.000000,0.0000
12343.96,-0.096773,-0.598240,-0.002542,0.0000,-0.218691,-0.550653,0.000000,0.0000
12349.32,-0.098915,-0.597673,-0.002447,0.0000,-0.218691,-0.550653,0.000000,0.0000
12354.64,-0.098915,-0.597673,-0.002447,0.0000,-0.218691,-0.550653,0.000000,0.0000
12359.99,-0.101131,-0.597267,-0.002450,0.0000,-0.218691,-0.550653,0.000000,0.0000
12365.83,-0.103200,-0.596715,-0.002260,0.0000,-0.218691,-0.550653,0.000000,0.0000
12371.17,-0.103200,-0.596715,-0.002260,0.0000,-0.218691,-0.550653,0.000000,0.0000
12376.53,-0.105184,-0.596253,-0.002106,0.0000,-0.218691,-0.550653,0.000000,0.0000
12381.85,-0.107337,-0.595805,-0.002063,0.0000,-0.231154,-0.542896,0.000000,0.0000
12387.17,-0.107337,-0.595805,-0.002063,0.0000,-0.231154,-0.542896,0.000000,0.0000
12392.50,-0.109458,-0.595202,-0.002001,0.0000,-0.231154,-0.542896,0.000000,0.0000
12397.84,-0.109458,-0.595202,-0.002001,0.0000,-0.231154,-0.542896,0.000000,0.0000
12403.17,-0.111534,-0.594756,-0.001955,0.0000,-0.231154,-0.542896,0.000000,0.0000
12408.52,-0.111534,-0.594756,-0.001955,0.0000,-0.231154,-0.542896,0.000000,0.0000
12413.84,-0.113616,-0.594404,-0.002023,0.0000,-0.231154,-0.542896,0.000000,0.0000
12419.38,-0.115533,-0.593935,-0.001894,0.0000,-0.231154,-0.542896,0.000000,0.0000
12424.72,-0.117603,-0.593429,-0.001829,0.0000,-0.231154,-0.542896,0.000000,0.0000
12430.08,-0.117603,-0.593429,-0.001829,0.0000,-0.231154,-0.542896,0.000000,0.0000
12435.49,-0.119745,-0.592913,-0.001704,0.0000,-0.231154,-0.542896,0.000000,0.0000
12440.77,-0.121790,-0.592390,-0.001550,0.0000,-0.231154,-0.542896,0.000000,0.0000
12446.19,-0.121790,-0.592390,-0.001550,0.0000,-0.242705,-0.534604,0.000000,0.0000
12451.57,-0.123753,-0.591720,-0.001387,0.0000,-0.242705,-0.534604,0.000000,0.0000
12456.90,-0.125804,-0.591452,-0.001324,0.0000,-0.242705,-0.534604,0.000000,0.0000
12462.28,-0.125804,-0.591452,-0.001324,0.0000,-0.242705,-0.534604,0.000000,0.0000
12467.32,-0.127781,-0.590809,-0.001203,0.0000,-0.242705,-0.534604,0.000000,0.0000
12472.64,-0.127781,-0.590809,-0.001203,0.0000,-0.242705,-0.534604,0.000000,0.0000
12477.97,-0.129840,-0.590094,-0.001051,0.0000,-0.242705,-0.534604,0.000000,0.0000
12483.28,-0.131885,-0.589671,-0.001028,0.0000,-0.242705,-0.534604,0.000000,0.0000
12488.86,-0.131885,-0.589671,-0.001028,0.0000,-0.242705,-0.534604,0.000000,0.0000
12494.19,-0.133775,-0.589167,-0.000957,0.0000,-0.242705,-0.534604,0.000000,0.0000
12499.71,-0.135725,-0.588459,-0.000796,0.0000,-0.242705,-0.534604,0.000000,0.0000
12505.11,-0.135725,-0.588459,-0.000796,0.0000,-0.242705,-0.534604,0.000000,0.0000
12510.42,-0.137696,-0.587829,-0.000643,0.0000,-0.242705,-0.534604,0.000000,0.0000
12515.77,-0.137696,-0.587829,-0.000643,0.0000,-0.242705,-0.534604,0.000000,0.0000
12521.14,-0.139721,-0.587252,-0.000482,0.0000,-0.242705,-0.534604,0.000000,0.0000
12526.52,-0.141595,-0.586597,-0.000364,0.0000,-0.253298,-0.525784,0.000000,0.0000
12531.84,-0.141595,-0.586597,-0.000364,0.0000,-0.253298,-0.525784,0.000000,0.0000
12537.16,-0.143399,-0.585916,-0.000205,0.0000,-0.253298,-0.525784,0.000000,0.0000
12542.57,-0.145406,-0.585355,-0.000148,0.0000,-0.253298,-0.525784,0.000000,0.0000
12547.91,-0.145406,-0.585355,-0.000148,0.0000,-0.253298,-0.525784,0.000000,0.0000
12553.23,-0.147362,-0.584808,-0.000176,0.0000,-0.253298,-0.525784,0.000000,0.0000
12558.55,-0.149139,-0.584014,-0.000079,0.0000,-0.253298,-0.525784,0.000000,0.0000
12563.89,-0.149139,-0.584014,-0.000079,0.0000,-0.253298,-0.525784,0.000000,0.0000
12569.21,-0.150975,-0.583491,-0.000041,0.0000,-0.253298,-0.525784,0.000000,0.0000
12574.56,-0.152886,-0.582858,0.000032,0.0000,-0.253298,-0.525784,0.000000,0.0000
12579.89,-0.152886,-0.582858,0.000032,0.0000,-0.253298,-0.525784,0.000000,0.0000
12585.23,-0.154867,-0.582035,0.000188,0.0000,-0.253298,-0.525784,0.000000,0.0000
12590.80,-0.156531,-0.581382,0.000318,0.0000,-0.253298,-0.525784,0.000000,0.0000
12596.14,-0.156531,-0.581382,0.000318,0.0000,-0.253298,-0.525784,0.000000,0.0000
12601.51,-0.158421,-0.580710,0.000359,0.0000,-0.253298,-0.525784,0.000000,0.0000
12606.85,-0.158421,-0.580710,0.000359,0.0000,-0.262892,-0.516445,0.000000,0.0000
12612.31,-0.160377,-0.580041,0.000324,0.0000,-0.262892,-0.516445,0.000000,0.0000
12617.63,-0.162223,-0.579317,0.000350,0.0000,-0.262892,-0.516445,0.000000,0.0000
12623.26,-0.162223,-0.579317,0.000350,0.0000,-0.262892,-0.516445,0.000000,0.0000
12628.60,-0.163987,-0.578511,0.000402,0.0000,-0.262892,-0.516445,0.000000,0.0000
12634.07,-0.165766,-0.577837,0.000469,0.0000,-0.262892,-0.516445,0.000000,0.0000
12639.40,-0.165766,-0.577837,0.000469,0.0000,-0.262892,-0.516445,0.000000,0.0000
12644.72,-0.167635,-0.577137,0.000575,0.0000,-0.262892,-0.516445,0.000000,0.0000
12650.13,-0.169357,-0.576360,0.000614,0.0000,-0.262892,-0.516445,0.000000,0.0000
12655.46,-0.169357,-0.576360,0.000614,0.0000,-0.262892,-0.516445,0.000000,0.0000
12660.77,-0.171025,-0.575609,0.000705,0.0000,-0.262892,-0.516445,0.000000,0.0000
12666.13,-0.172814,-0.574782,0.000793,0.0000,-0.262892,-0.516445,0.000000,0.0000
12671.52,-0.172814,-0.574782,0.000793,0.0000,-0.271448,-0.506597,0.000000,0.0000
12676.83,-0.174743,-0.574105,0.000745,0.0000,-0.271448,-0.506597,0.000000,0.0000
12682.29,-0.176450,-0.573483,0.000728,0.0000,-0.271448,-0.506597,0.000000,0.0000
12687.69,-0.176450,-0.573483,0.000728,0.0000,-0.271448,-0.506597,0.000000,0.0000
12693.49,-0.178168,-0.572642,0.000792,0.0000,-0.271448,-0.506597,0.000000,0.0000
12698.80,-0.179935,-0.571750,0.000884,0.0000,-0.271448,-0.506597,0.000000,0.0000
12704.12,-0.179935,-0.571750,0.000884,0.0000,-0.271448,-0.506597,0.000000,0.0000
12709.45,-0.181646,-0.571036,0.000976,0.0000,-0.271448,-0.506597,0.000000,0.0000
12714.79,-0.181646,-0.571036,0.000976,0.0000,-0.271448,-0.506597,0.000000,0.0000
12720.15,-0.183319,-0.570324,0.001021,0.0000,-0.271448,-0.506597,0.000000,0.0000
12725.51,-0.185076,-0.569584,0.001033,0.0000,-0.271448,-0.506597,0.000000,0.0000
12730.85,-0.185076,-0.569584,0.001033,0.0000,-0.271448,-0.506597,0.000000,0.0000
12736.19,-0.186727,-0.568598,0.001050,0.0000,-0.271448,-0.506597,0.000000,0.0000
12741.52,-0.188311,-0.567823,0.001002,0.0000,-0.271448,-0.506597,0.000000,0.0000
12746.93,-0.188311,-0.567823,0.001002,0.0000,-0.271448,-0.506597,0.000000,0.0000
12752.36,-0.190073,-0.567157,0.000935,0.0000,-0.278933,-0.496248,0.000000,0.0000
12757.70,-0.191686,-0.566406,0.000992,0.0000,-0.278933,-0.496248,0.000000,0.0000
12763.03,-0.191686,-0.566406,0.000992,0.0000,-0.278933,-0.496248,0.000000,0.0000
12768.42,-0.193324,-0.565708,0.001013,0.0000,-0.278933,-0.496248,0.000000,0.0000
12773.74,-0.194954,-0.564757,0.001102,0.0000,-0.278933,-0.496248,0.000000,0.0000
12779.16,-0.194954,-0.564757,0.001102,0.0000,-0.278933,-0.496248,0.000000,0.0000
12784.50,-0.196596,-0.563880,0.001139,0.0000,-0.278933,-0.496248,0.000000,0.0000
12789.82,-0.196596,-0.563880,0.001139,0.0000,-0.278933,-0.496248,0.000000,0.0000
12795.71,-0.198143,-0.563075,0.001103,0.0000,-0.278933,-0.496248,0.000000,0.0000
12801.05,-0.199911,-0.562334,0.000962,0.0000,-0.278933,-0.496248,0.000000,0.0000
12806.38,-0.199911,-0.562334,0.000962,0.0000,-0.278933,-0.496248,0.000000,0.0000
12811.72,-0.201586,-0.561399,0.001031,0.0000,-0.278933,-0.496248,0.000000,0.0000
12817.04,-0.203127,-0.560613,0.001069,0.0000,-0.278933,-0.496248,0.000000,0.0000
12822.42,-0.203127,-0.560613,0.001069,0.0000,-0.278933,-0.496248,0.000000,0.0000
12827.80,-0.204696,-0.559670,0.001130,0.0000,-0.278933,-0.496248,0.000000,0.0000
12833.16,-0.206334,-0.558751,0.001196,0.0000,-0.285317,-0.485410,0.000000,0.0000
12838.49,-0.206334,-0.558751,0.001196,0.0000,-0.285317,-0.485410,0.000000,0.0000
12843.78,-0.207859,-0.557980,0.001217,0.0000,-0.285317,-0.485410,0.000000,0.0000
12849.09,-0.209508,-0.557247,0.001070,0.0000,-0.285317,-0.485410,0.000000,0.0000
12854.44,-0.209508,-0.557247,0.001070,0.0000,-0.285317,-0.485410,0.000000,0.0000
12859.72,-0.211086,-0.556325,0.000995,0.0000,-0.285317,-0.485410,0.000000,0.0000
12865.20,-0.212549,-0.555447,0.000989,0.0000,-0.285317,-0.485410,0.000000,0.0000
12870.68,-0.212549,-0.555447,0.000989,0.0000,-0.285317,-0.485410,0.000000,0.0000
12876.04,-0.214080,-0.554518,0.001021,0.0000,-0.285317,-0.485410,0.000000,0.0000
12881.42,-0.214080,-0.554518,0.001021,0.0000,-0.285317,-0.485410,0.000000,0.0000
12886.71,-0.215589,-0.553639,0.001041,0.0000,-0.285317,-0.485410,0.000000,0.0000
12892.03,-0.217083,-0.552803,0.001046,0.0000,-0.285317,-0.485410,0.000000,0.0000
12897.59,-0.217083,-0.552803,0.001046,0.0000,-0.290575,-0.474093,0.000000,0.0000
12902.91,-0.218620,-0.552007,0.000995,0.0000,-0.290575,-0.474093,0.000000,0.0000
12908.23,-0.220143,-0.551246,0.000872,0.0000,-0.290575,-0.474093,0.000000,0.0000
12913.56,-0.220143,-0.551246,0.000872,0.0000,-0.290575,-0.474093,0.000000,0.0000
12919.01,-0.221607,-0.550225,0.000878,0.0000,-0.290575,-0.474093,0.000000,0.0000
12924.33,-0.223061,-0.549292,0.000855,0.0000,-0.290575,-0.474093,0.000000,0.0000
12929.66,-0.223061,-0.549292,0.000855,0.0000,-0.290575,-0.474093,0.000000,0.0000
12935.22,-0.224562,-0.548279,0.000915,0.0000,-0.290575,-0.474093,0.000000,0.0000
12940.57,-0.225989,-0.547373,0.000928,0.0000,-0.290575,-0.474093,0.000000,0.0000
12945.96,-0.225989,-0.547373,0.000928,0.0000,-0.290575,-0.474093,0.000000,0.0000
12951.28,-0.227466,-0.546437,0.000979,0.0000,-0.290575,-0.474093,0.000000,0.0000
12956.61,-0.227466,-0.546437,0.000979,0.0000,-0.290575,-0.474093,0.000000,0.0000
12961.90,-0.228940,-0.545575,0.000900,0.0000,-0.290575,-0.474093,0.000000,0.0000
12967.25,-0.230392,-0.544843,0.000751,0.0000,-0.290575,-0.474093,0.000000,0.0000
12972.56,-0.230392,-0.544843,0.000751,0.0000,-0.290575,-0.474093,0.000000,0.0000
12978.14,-0.231806,-0.543864,0.000748,0.0000,-0.294686,-0.462308,0.000000,0.0000
12983.46,-0.233164,-0.542959,0.000721,0.0000,-0.294686,-0.462308,0.000000,0.0000
12988.83,-0.233164,-0.542959,0.000721,0.0000,-0.294686,-0.462308,0.000000,0.0000
12994.22,-0.234537,-0.541900,0.000784,0.0000,-0.294686,-0.462308,0.000000,0.0000
13000.21,-0.235918,-0.540914,0.000854,0.0000,-0.294686,-0.462308,0.000000,0.0000
13005.57,-0.235918,-0.540914,0.000854,0.0000,-0.294686,-0.462308,0.000000,0.0000
13010.97,-0.237262,-0.539945,0.000888,0.0000,-0.294686,-0.462308,0.000000,0.0000
13016.33,-0.238623,-0.539008,0.000864,0.0000,-0.294686,-0.462308,0.000000,0.0000
13021.78,-0.238623,-0.539008,0.000864,0.0000,-0.294686,-0.462308,0.000000,0.0000
13027.22,-0.240034,-0.538120,0.000741,0.0000,-0.294686,-0.462308,0.000000,0.0000
13032.57,-0.241380,-0.537197,0.000651,0.0000,-0.294686,-0.462308,0.000000,0.0000
13037.91,-0.241380,-0.537197,0.000651,0.0000,-0.294686,-0.462308,0.000000,0.0000
13043.45,-0.242709,-0.536197,0.000755,0.0000,-0.294686,-0.462308,0.000000,0.0000
13048.83,-0.242709,-0.536197,0.000755,0.0000,-0.294686,-0.462308,0.000000,0.0000
13054.16,-0.244042,-0.535193,0.000799,0.0000,-0.294686,-0.462308,0.000000,0.0000
13059.52,-0.245261,-0.534310,0.000800,0.0000,-0.297634,-0.450067,0.000000,0.0000
13064.83,-0.245261,-0.534310,0.000800,0.0000,-0.297634,-0.450067,0.000000,0.0000
13070.21,-0.246533,-0.533252,0.000829,0.0000,-0.297634,-0.450067,0.000000,0.0000
13075.61,-0.247791,-0.532231,0.000806,0.0000,-0.297634,-0.450067,0.000000,0.0000
13080.96,-0.247791,-0.532231,0.000806,0.0000,-0.297634,-0.450067,0.000000,0.0000
13086.28,-0.249018,-0.531224,0.000799,0.0000,-0.297634,-0.450067,0.000000,0.0000
13091.62,-0.250245,-0.530244,0.000774,0.0000,-0.297634,-0.450067,0.000000,0.0000
13096.94,-0.250245,-0.530244,0.000774,0.0000,-0.297634,-0.450067,0.000000,0.0000
13106.47,-0.251460,-0.529209,0.000765,0.0000,-0.297634,-0.450067,0.000000,0.0000
13112.07,-0.252716,-0.528193,0.000826,0.0000,-0.297634,-0.450067,0.000000,0.0000
13117.57,-0.253857,-0.527216,0.000867,0.0000,-0.297634,-0.450067,0.000000,0.0000
13122.90,-0.253857,-0.527216,0.000867,0.0000,-0.299408,-0.437381,0.000000,0.0000
13128.31,-0.255044,-0.526154,0.000934,0.0000,-0.299408,-0.437381,0.000000,0.0000
13133.65,-0.255044,-0.526154,0.000934,0.0000,-0.299408,-0.437381,0.000000,0.0000
13138.98,-0.256260,-0.525118,0.000954,0.0000,-0.299408,-0.437381,0.000000,0.0000
13144.63,-0.257376,-0.524118,0.000892,0.0000,-0.299408,-0.437381,0.000000,0.0000
13150.00,-0.258547,-0.523099,0.000764,0.0000,-0.299408,-0.437381,0.000000,0.0000
13155.35,-0.258547,-0.523099,0.000764,0.0000,-0.299408,-0.437381,0.000000,0.0000
13160.71,-0.259644,-0.522124,0.000759,0.0000,-0.299408,-0.437381,0.000000,0.0000
13166.03,-0.260766,-0.520996,0.000821,0.0000,-0.299408,-0.437381,0.000000,0.0000
13171.41,-0.260766,-0.520996,0.000821,0.0000,-0.299408,-0.437381,0.000000,0.0000
13177.04,-0.261808,-0.519955,0.000908,0.0000,-0.299408,-0.437381,0.000000,0.0000
13182.41,-0.262905,-0.518835,0.000890,0.0000,-0.299408,-0.437381,0.000000,0.0000
13187.74,-0.262905,-0.518835,0.000890,0.0000,-0.299408,-0.437381,0.000000,0.0000
13193.09,-0.263943,-0.517790,0.000908,0.0000,-0.299408,-0.437381,0.000000,0.0000
13198.48,-0.264942,-0.516643,0.000883,0.0000,-0.299408,-0.437381,0.000000,0.0000
13203.89,-0.264942,-0.516643,0.000883,0.0000,-0.300000,-0.424264,0.000000,0.0000
13209.22,-0.265946,-0.515597,0.000852,0.0000,-0.300000,-0.424264,0.000000,0.0000
13214.60,-0.265946,-0.515597,0.000852,0.0000,-0.300000,-0.424264,0.000000,0.0000
13220.00,-0.267029,-0.514428,0.000871,0.0000,-0.300000,-0.424264,0.000000,0.0000
13225.67,-0.267876,-0.513390,0.000873,0.0000,-0.300000,-0.424264,0.000000,0.0000
13230.95,-0.267876,-0.513390,0.000873,0.0000,-0.300000,-0.424264,0.000000,0.0000
13236.34,-0.268936,-0.512102,0.000977,0.0000,-0.300000,-0.424264,0.000000,0.0000
13241.67,-0.269776,-0.511078,0.000942,0.0000,-0.300000,-0.424264,0.000000,0.0000
13246.95,-0.269776,-0.511078,0.000942,0.0000,-0.300000,-0.424264,0.000000,0.0000
13252.27,-0.270873,-0.509772,0.000978,0.0000,-0.300000,-0.424264,0.000000,0.0000
13257.63,-0.271715,-0.508727,0.000994,0.0000,-0.300000,-0.424264,0.000000,0.0000
13262.96,-0.271715,-0.508727,0.000994,0.0000,-0.300000,-0.424264,0.000000,0.0000
13268.29,-0.272701,-0.507435,0.001058,0.0000,-0.300000,-0.424264,0.000000,0.0000
13273.61,-0.272701,-0.507435,0.001058,0.0000,-0.300000,-0.424264,0.000000,0.0000
13278.89,-0.273585,-0.506310,0.001085,0.0000,-0.300000,-0.424264,0.000000,0.0000
13284.22,-0.274479,-0.505054,0.000997,0.0000,-0.299408,-0.410728,0.000000,0.0000
13289.54,-0.274479,-0.505054,0.000997,0.0000,-0.299408,-0.410728,0.000000,0.0000
13294.83,-0.275369,-0.503867,0.001018,0.0000,-0.299408,-0.410728,0.000000,0.0000
13303.16,-0.276138,-0.502667,0.000998,0.0000,-0.299408,-0.410728,0.000000,0.0000
13308.70,-0.276971,-0.501478,0.000968,0.0000,-0.299408,-0.410728,0.000000,0.0000
13314.04,-0.276971,-0.501478,0.000968,0.0000,-0.299408,-0.410728,0.000000,0.0000
13319.36,-0.277802,-0.500166,0.001001,0.0000,-0.299408,-0.410728,0.000000,0.0000
13324.99,-0.278621,-0.498990,0.001002,0.0000,-0.299408,-0.410728,0.000000,0.0000
13330.33,-0.278621,-0.498990,0.001002,0.0000,-0.299408,-0.410728,0.000000,0.0000
13335.65,-0.279485,-0.497741,0.000902,0.0000,-0.299408,-0.410728,0.000000,0.0000
13340.95,-0.280237,-0.496496,0.000875,0.0000,-0.299408,-0.410728,0.000000,0.0000
13346.31,-0.280237,-0.496496,0.000875,0.0000,-0.297634,-0.396787,0.000000,0.0000
13351.65,-0.281168,-0.495141,0.000960,0.0000,-0.297634,-0.396787,0.000000,0.0000
13356.95,-0.281168,-0.495141,0.000960,0.0000,-0.297634,-0.396787,0.000000,0.0000
13362.50,-0.281965,-0.493895,0.001015,0.0000,-0.297634,-0.396787,0.000000,0.0000
13367.89,-0.282753,-0.492634,0.000971,0.0000,-0.297634,-0.396787,0.000000,0.0000
13373.25,-0.282753,-0.492634,0.000971,0.0000,-0.297634,-0.396787,0.000000,0.0000
13378.61,-0.283430,-0.491389,0.000929,0.0000,-0.297634,-0.396787,0.000000,0.0000
13383.89,-0.284266,-0.490071,0.000916,0.0000,-0.297634,-0.396787,0.000000,0.0000
13389.26,-0.284266,-0.490071,0.000916,0.0000,-0.297634,-0.396787,0.000000,0.0000
13394.66,-0.284873,-0.488783,0.000962,0.0000,-0.297634,-0.396787,0.000000,0.0000
13399.95,-0.285556,-0.487494,0.000918,0.0000,-0.297634,-0.396787,0.000000,0.0000
13405.27,-0.285556,-0.487494,0.000918,0.0000,-0.297634,-0.396787,0.000000,0.0000
13411.09,-0.286242,-0.486075,0.000980,0.0000,-0.297634,-0.396787,0.000000,0.0000
13416.49,-0.286919,-0.484747,0.000924,0.0000,-0.297634,-0.396787,0.000000,0.0000
13421.83,-0.286919,-0.484747,0.000924,0.0000,-0.297634,-0.396787,0.000000,0.0000
13427.22,-0.287582,-0.483428,0.000848,0.0000,-0.294686,-0.382454,0.000000,0.0000
13432.61,-0.288280,-0.482062,0.000823,0.0000,-0.294686,-0.382454,0.000000,0.0000
13437.90,-0.288280,-0.482062,0.000823,0.0000,-0.294686,-0.382454,0.000000,0.0000
13443.24,-0.288897,-0.480715,0.000829,0.0000,-0.294686,-0.382454,0.000000,0.0000
13448.66,-0.289544,-0.479367,0.000794,0.0000,-0.294686,-0.382454,0.000000,0.0000
13453.95,-0.289544,-0.479367,0.000794,0.0000,-0.294686,-0.382454,0.000000,0.0000
13459.30,-0.290112,-0.477998,0.000770,0.0000,-0.294686,-0.382454,0.000000,0.0000
13464.68,-0.290112,-0.477998,0.000770,0.0000,-0.294686,-0.382454,0.000000,0.0000
13470.03,-0.290741,-0.476606,0.000757,0.0000,-0.294686,-0.382454,0.000000,0.0000
13475.37,-0.291285,-0.475191,0.000754,0.0000,-0.294686,-0.382454,0.000000,0.0000
13480.69,-0.291285,-0.475191,0.000754,0.0000,-0.294686,-0.382454,0.000000,0.0000
13486.22,-0.291851,-0.473830,0.000802,0.0000,-0.294686,-0.382454,0.000000,0.0000
13491.62,-0.292467,-0.472436,0.000763,0.0000,-0.294686,-0.382454,0.000000,0.0000
13496.99,-0.292467,-0.472436,0.000763,0.0000,-0.294686,-0.382454,0.000000,0.0000
13502.33,-0.293017,-0.471031,0.000718,0.0000,-0.294686,-0.382454,0.000000,0.0000
13507.64,-0.293492,-0.469634,0.000639,0.0000,-0.294686,-0.382454,0.000000,0.0000
13513.12,-0.293492,-0.469634,0.000639,0.0000,-0.290575,-0.367744,0.000000,0.0000
13518.46,-0.294010,-0.468247,0.000677,0.0000,-0.290575,-0.367744,0.000000,0.0000
13523.78,-0.294496,-0.466839,0.000635,0.0000,-0.290575,-0.367744,0.000000,0.0000
13529.20,-0.294496,-0.466839,0.000635,0.0000,-0.290575,-0.367744,0.000000,0.0000
13534.56,-0.295008,-0.465444,0.000601,0.0000,-0.290575,-0.367744,0.000000,0.0000
13539.91,-0.295008,-0.465444,0.000601,0.0000,-0.290575,-0.367744,0.000000,0.0000
13545.22,-0.295513,-0.463915,0.000560,0.0000,-0.290575,-0.367744,0.000000,0.0000
13550.65,-0.295871,-0.462567,0.000591,0.0000,-0.290575,-0.367744,0.000000,0.0000
13556.02,-0.295871,-0.462567,0.000591,0.0000,-0.290575,-0.367744,0.000000,0.0000
13561.46,-0.296361,-0.461060,0.000611,0.0000,-0.290575,-0.367744,0.000000,0.0000
13566.84,-0.296844,-0.459671,0.000615,0.0000,-0.290575,-0.367744,0.000000,0.0000
13572.22,-0.296844,-0.459671,0.000615,0.0000,-0.285317,-0.352671,0.000000,0.0000
13577.57,-0.297197,-0.458157,0.000551,0.0000,-0.285317,-0.352671,0.000000,0.0000
13583.16,-0.297567,-0.456758,0.000531,0.0000,-0.285317,-0.352671,0.000000,0.0000
13588.58,-0.297567,-0.456758,0.000531,0.0000,-0.285317,-0.352671,0.000000,0.0000
13593.90,-0.297956,-0.455263,0.000491,0.0000,-0.285317,-0.352671,0.000000,0.0000
13599.25,-0.298295,-0.453814,0.000510,0.0000,-0.285317,-0.352671,0.000000,0.0000
13604.59,-0.298295,-0.453814,0.000510,0.0000,-0.285317,-0.352671,0.000000,0.0000
13610.22,-0.298670,-0.452386,0.000483,0.0000,-0.285317,-0.352671,0.000000,0.0000
13615.46,-0.299063,-0.450794,0.000507,0.0000,-0.285317,-0.352671,0.000000,0.0000
13620.89,-0.299063,-0.450794,0.000507,0.0000,-0.285317,-0.352671,0.000000,0.0000
13626.23,-0.299369,-0.449409,0.000504,0.0000,-0.285317,-0.352671,0.000000,0.0000
13631.60,-0.299369,-0.449409,0.000504,0.0000,-0.285317,-0.352671,0.000000,0.0000
13636.89,-0.299660,-0.447858,0.000463,0.0000,-0.285317,-0.352671,0.000000,0.0000
13642.34,-0.299660,-0.447858,0.000463,0.0000,-0.285317,-0.352671,0.000000,0.0000
13647.81,-0.299941,-0.446409,0.000407,0.0000,-0.285317,-0.352671,0.000000,0.0000
13653.18,-0.300243,-0.444902,0.000268,0.0000,-0.278933,-0.337250,0.000000,0.0000
13658.66,-0.300505,-0.443428,0.000299,0.0000,-0.278933,-0.337250,0.000000,0.0000
13664.04,-0.300505,-0.443428,0.000299,0.0000,-0.278933,-0.337250,0.000000,0.0000
13669.70,-0.300747,-0.441968,0.000306,0.0000,-0.278933,-0.337250,0.000000,0.0000
13675.20,-0.301030,-0.440308,0.000382,0.0000,-0.278933,-0.337250,0.000000,0.0000
13680.55,-0.301030,-0.440308,0.000382,0.0000,-0.278933,-0.337250,0.000000,0.0000
13685.90,-0.301226,-0.438899,0.000349,0.0000,-0.278933,-0.337250,0.000000,0.0000
13691.44,-0.301462,-0.437328,0.000270,0.0000,-0.278933,-0.337250,0.000000,0.0000
13696.80,-0.301462,-0.437328,0.000270,0.0000,-0.278933,-0.337250,0.000000,0.0000
13702.13,-0.301662,-0.435878,0.000238,0.0000,-0.278933,-0.337250,0.000000,0.0000
13707.54,-0.301870,-0.434398,0.000130,0.0000,-0.278933,-0.337250,0.000000,0.0000
13712.89,-0.301870,-0.434398,0.000130,0.0000,-0.278933,-0.337250,0.000000,0.0000
13718.60,-0.301959,-0.432851,0.000052,0.0000,-0.278933,-0.337250,0.000000,0.0000
13724.00,-0.302268,-0.431301,0.000006,0.0000,-0.278933,-0.337250,0.000000,0.0000
13729.38,-0.302268,-0.431301,0.000006,0.0000,-0.278933,-0.337250,0.000000,0.0000
13734.81,-0.302464,-0.429718,0.000014,0.0000,-0.271448,-0.321496,0.000000,0.0000
13740.37,-0.302602,-0.428132,0.000039,0.0000,-0.271448,-0.321496,0.000000,0.0000
13745.81,-0.302602,-0.428132,0.000039,0.0000,-0.271448,-0.321496,0.000000,0.0000
13751.14,-0.302666,-0.426707,-0.000058,0.0000,-0.271448,-0.321496,0.000000,0.0000
13756.51,-0.302666,-0.426707,-0.000058,0.0000,-0.271448,-0.321496,0.000000,0.0000
13761.84,-0.302700,-0.425102,-0.000112,0.0000,-0.271448,-0.321496,0.000000,0.0000
13767.23,-0.302831,-0.423590,-0.000121,0.0000,-0.271448,-0.321496,0.000000,0.0000
13772.59,-0.302831,-0.423590,-0.000121,0.0000,-0.271448,-0.321496,0.000000,0.0000
13778.23,-0.302971,-0.422056,-0.000148,0.0000,-0.271448,-0.321496,0.000000,0.0000
13783.57,-0.302981,-0.420473,-0.000192,0.0000,-0.271448,-0.321496,0.000000,0.0000
13788.89,-0.302981,-0.420473,-0.000192,0.0000,-0.271448,-0.321496,0.000000,0.0000
13794.22,-0.302974,-0.418985,-0.000218,0.0000,-0.271448,-0.321496,0.000000,0.0000
13799.64,-0.302992,-0.417420,-0.000249,0.0000,-0.262892,-0.305425,0.000000,0.0000
13804.95,-0.302992,-0.417420,-0.000249,0.0000,-0.262892,-0.305425,0.000000,0.0000
13810.38,-0.303048,-0.415859,-0.000306,0.0000,-0.262892,-0.305425,0.000000,0.0000
13815.78,-0.303070,-0.414384,-0.000344,0.0000,-0.262892,-0.305425,0.000000,0.0000
13821.69,-0.303070,-0.414384,-0.000344,0.0000,-0.262892,-0.305425,0.000000,0.0000
13827.11,-0.303021,-0.412807,-0.000351,0.0000,-0.262892,-0.305425,0.000000,0.0000
13832.51,-0.302923,-0.411304,-0.000355,0.0000,-0.262892,-0.305425,0.000000,0.0000
13837.91,-0.302923,-0.411304,-0.000355,0.0000,-0.262892,-0.305425,0.000000,0.0000
13843.48,-0.302859,-0.409801,-0.000423,0.0000,-0.262892,-0.305425,0.000000,0.0000
13848.82,-0.302817,-0.408224,-0.000472,0.0000,-0.262892,-0.305425,0.000000,0.0000
13854.20,-0.302817,-0.408224,-0.000472,0.0000,-0.262892,-0.305425,0.000000,0.0000
13859.56,-0.302781,-0.406683,-0.000524,0.0000,-0.262892,-0.305425,0.000000,0.0000
13864.92,-0.302781,-0.406683,-0.000524,0.0000,-0.262892,-0.305425,0.000000,0.0000
13870.29,-0.302687,-0.405099,-0.000498,0.0000,-0.262892,-0.305425,0.000000,0.0000
13875.67,-0.302549,-0.403611,-0.000521,0.0000,-0.262892,-0.305425,0.000000,0.0000
13881.05,-0.302549,-0.403611,-0.000521,0.0000,-0.253298,-0.289052,0.000000,0.0000
13886.45,-0.302377,-0.402052,-0.000542,0.0000,-0.253298,-0.289052,0.000000,0.0000
13891.91,-0.302262,-0.400542,-0.000558,0.0000,-0.253298,-0.289052,0.000000,0.0000
13897.28,-0.302262,-0.400542,-0.000558,0.0000,-0.253298,-0.289052,0.000000,0.0000
13902.63,-0.302087,-0.399005,-0.000653,0.0000,-0.253298,-0.289052,0.000000,0.0000
13908.15,-0.301991,-0.397407,-0.000579,0.0000,-0.253298,-0.289052,0.000000,0.0000
13913.49,-0.301991,-0.397407,-0.000579,0.0000,-0.253298,-0.289052,0.000000,0.0000
13918.83,-0.301824,-0.395859,-0.000628,0.0000,-0.253298,-0.289052,0.000000,0.0000
13924.55,-0.301660,-0.394290,-0.000723,0.0000,-0.253298,-0.289052,0.000000,0.0000
13929.90,-0.301660,-0.394290,-0.000723,0.0000,-0.253298,-0.289052,0.000000,0.0000
13935.35,-0.301470,-0.392774,-0.000745,0.0000,-0.253298,-0.289052,0.000000,0.0000
13940.72,-0.301168,-0.391233,-0.000787,0.0000,-0.253298,-0.289052,0.000000,0.0000
13946.06,-0.301168,-0.391233,-0.000787,0.0000,-0.253298,-0.289052,0.000000,0.0000
13951.44,-0.300923,-0.389640,-0.000831,0.0000,-0.253298,-0.289052,0.000000,0.0000
13956.93,-0.300712,-0.388117,-0.000889,0.0000,-0.253298,-0.289052,0.000000,0.0000
13962.40,-0.300712,-0.388117,-0.000889,0.0000,-0.242705,-0.272394,0.000000,0.0000
13967.72,-0.300481,-0.386595,-0.000894,0.0000,-0.242705,-0.272394,0.000000,0.0000
13973.08,-0.300481,-0.386595,-0.000894,0.0000,-0.242705,-0.272394,0.000000,0.0000
13978.46,-0.300190,-0.384989,-0.000938,0.0000,-0.242705,-0.272394,0.000000,0.0000
13983.81,-0.299933,-0.383427,-0.000905,0.0000,-0.242705,-0.272394,0.000000,0.0000
13989.16,-0.299933,-0.383427,-0.000905,0.0000,-0.242705,-0.272394,0.000000,0.0000
13994.58,-0.299629,-0.381887,-0.000991,0.0000,-0.242705,-0.272394,0.000000,0.0000
14000.02,-0.299339,-0.380318,-0.000996,0.0000,-0.242705,-0.272394,0.000000,0.0000
14005.40,-0.299339,-0.380318,-0.000996,0.0000,-0.242705,-0.272394,0.000000,0.0000
14010.72,-0.299016,-0.378740,-0.000997,0.0000,-0.242705,-0.272394,0.000000,0.0000
14016.06,-0.298614,-0.377207,-0.001040,0.0000,-0.242705,-0.272394,0.000000,0.0000
14021.41,-0.298614,-0.377207,-0.001040,0.0000,-0.242705,-0.272394,0.000000,0.0000
14027.04,-0.298261,-0.375597,-0.001085,0.0000,-0.231154,-0.255468,0.000000,0.0000
14032.50,-0.297931,-0.374046,-0.001072,0.0000,-0.231154,-0.255468,0.000000,0.0000
14037.83,-0.297931,-0.374046,-0.001072,0.0000,-0.231154,-0.255468,0.000000,0.0000
14043.19,-0.297547,-0.372510,-0.001087,0.0000,-0.231154,-0.255468,0.000000,0.0000
14048.63,-0.297151,-0.370970,-0.001160,0.0000,-0.231154,-0.255468,0.000000,0.0000
14054.09,-0.297151,-0.370970,-0.001160,0.0000,-0.231154,-0.255468,0.000000,0.0000
14059.44,-0.296741,-0.369293,-0.001101,0.0000,-0.231154,-0.255468,0.000000,0.0000
14064.85,-0.296741,-0.369293,-0.001101,0.0000,-0.231154,-0.255468,0.000000,0.0000
14070.18,-0.296344,-0.367749,-0.001054,0.0000,-0.231154,-0.255468,0.000000,0.0000
14075.54,-0.295898,-0.366173,-0.001073,0.0000,-0.231154,-0.255468,0.000000,0.0000
14080.89,-0.295898,-0.366173,-0.001073,0.0000,-0.231154,-0.255468,0.000000,0.0000
14086.30,-0.295506,-0.364531,-0.001058,0.0000,-0.231154,-0.255468,0.000000,0.0000
14091.67,-0.295066,-0.363019,-0.001118,0.0000,-0.231154,-0.255468,0.000000,0.0000
14097.02,-0.295066,-0.363019,-0.001118,0.0000,-0.231154,-0.255468,0.000000,0.0000
14102.35,-0.294611,-0.361420,-0.001118,0.0000,-0.231154,-0.255468,0.000000,0.0000
14107.72,-0.294123,-0.359806,-0.001122,0.0000,-0.218691,-0.238289,0.000000,0.0000
14113.06,-0.294123,-0.359806,-0.001122,0.0000,-0.218691,-0.238289,0.000000,0.0000
14118.57,-0.293690,-0.358226,-0.001139,0.0000,-0.218691,-0.238289,0.000000,0.0000
14124.13,-0.293258,-0.356581,-0.001118,0.0000,-0.218691,-0.238289,0.000000,0.0000
14129.31,-0.293258,-0.356581,-0.001118,0.0000,-0.218691,-0.238289,0.000000,0.0000
14134.71,-0.292672,-0.354984,-0.001119,0.0000,-0.218691,-0.238289,0.000000,0.0000
14140.04,-0.292672,-0.354984,-0.001119,0.0000,-0.218691,-0.238289,0.000000,0.0000
14145.38,-0.292166,-0.353368,-0.001096,0.0000,-0.218691,-0.238289,0.000000,0.0000
14150.72,-0.291664,-0.351825,-0.001095,0.0000,-0.218691,-0.238289,0.000000,0.0000
14156.08,-0.291664,-0.351825,-0.001095,0.0000,-0.218691,-0.238289,0.000000,0.0000
14161.78,-0.291143,-0.350174,-0.001098,0.0000,-0.218691,-0.238289,0.000000,0.0000
14167.17,-0.290608,-0.348542,-0.001060,0.0000,-0.218691,-0.238289,0.000000,0.0000
14172.50,-0.290608,-0.348542,-0.001060,0.0000,-0.218691,-0.238289,0.000000,0.0000
14177.83,-0.289971,-0.346950,-0.001070,0.0000,-0.218691,-0.238289,0.000000,0.0000
14183.16,-0.289971,-0.346950,-0.001070,0.0000,-0.218691,-0.238289,0.000000,0.0000
14188.56,-0.289379,-0.345350,-0.000963,0.0000,-0.205364,-0.220875,0.000000,0.0000
14193.92,-0.288843,-0.343687,-0.001007,0.0000,-0.205364,-0.220875,0.000000,0.0000
14199.24,-0.288242,-0.342044,-0.001025,0.0000,-0.205364,-0.220875,0.000000,0.0000
14204.63,-0.288242,-0.342044,-0.001025,0.0000,-0.205364,-0.220875,0.000000,0.0000
14210.27,-0.287627,-0.340500,-0.001062,0.0000,-0.205364,-0.220875,0.000000,0.0000
14215.61,-0.287022,-0.338818,-0.001053,0.0000,-0.205364,-0.220875,0.000000,0.0000
14220.95,-0.287022,-0.338818,-0.001053,0.0000,-0.205364,-0.220875,0.000000,0.0000
14226.35,-0.286402,-0.337175,-0.001049,0.0000,-0.205364,-0.220875,0.000000,0.0000
14232.24,-0.285755,-0.335524,-0.001042,0.0000,-0.205364,-0.220875,0.000000,0.0000
14237.75,-0.285755,-0.335524,-0.001042,0.0000,-0.205364,-0.220875,0.000000,0.0000
14243.14,-0.285068,-0.333984,-0.001036,0.0000,-0.205364,-0.220875,0.000000,0.0000
14248.85,-0.284353,-0.332369,-0.001039,0.0000,-0.191227,-0.203243,0.000000,0.0000
14254.22,-0.284353,-0.332369,-0.001039,0.0000,-0.191227,-0.203243,0.000000,0.0000
14259.65,-0.283770,-0.330621,-0.001039,0.0000,-0.191227,-0.203243,0.000000,0.0000
14264.95,-0.283770,-0.330621,-0.001039,0.0000,-0.191227,-0.203243,0.000000,0.0000
14270.34,-0.283030,-0.328994,-0.001027,0.0000,-0.191227,-0.203243,0.000000,0.0000
14275.72,-0.283030,-0.328994,-0.001027,0.0000,-0.191227,-0.203243,0.000000,0.0000
14281.04,-0.282356,-0.327340,-0.001005,0.0000,-0.191227,-0.203243,0.000000,0.0000
14286.51,-0.281561,-0.325694,-0.000976,0.0000,-0.191227,-0.203243,0.000000,0.0000
14291.84,-0.280842,-0.323997,-0.000963,0.0000,-0.191227,-0.203243,0.000000,0.0000
14297.19,-0.280842,-0.323997,-0.000963,0.0000,-0.191227,-0.203243,0.000000,0.0000
14302.60,-0.280103,-0.322261,-0.000989,0.0000,-0.191227,-0.203243,0.000000,0.0000
14307.89,-0.279370,-0.320656,-0.000957,0.0000,-0.191227,-0.203243,0.000000,0.0000
14313.64,-0.279370,-0.320656,-0.000957,0.0000,-0.191227,-0.203243,0.000000,0.0000
14318.95,-0.278593,-0.318915,-0.000924,0.0000,-0.191227,-0.203243,0.000000,0.0000
14324.28,-0.277759,-0.317256,-0.000938,0.0000,-0.191227,-0.203243,0.000000,0.0000
14329.67,-0.277759,-0.317256,-0.000938,0.0000,-0.176336,-0.185410,0.000000,0.0000
14335.01,-0.277020,-0.315504,-0.000982,0.0000,-0.176336,-0.185410,0.000000,0.0000
14340.65,-0.276285,-0.313914,-0.000979,0.0000,-0.176336,-0.185410,0.000000,0.0000
14345.97,-0.276285,-0.313914,-0.000979,0.0000,-0.176336,-0.185410,0.000000,0.0000
14351.32,-0.275507,-0.312170,-0.000998,0.0000,-0.176336,-0.185410,0.000000,0.0000
14356.70,-0.275507,-0.312170,-0.000998,0.0000,-0.176336,-0.185410,0.000000,0.0000
14362.73,-0.274698,-0.310467,-0.000960,0.0000,-0.176336,-0.185410,0.000000,0.0000
14368.32,-0.273881,-0.308775,-0.000965,0.0000,-0.176336,-0.185410,0.000000,0.0000
14373.79,-0.273881,-0.308775,-0.000965,0.0000,-0.176336,-0.185410,0.000000,0.0000
14379.18,-0.273089,-0.307036,-0.000998,0.0000,-0.176336,-0.185410,0.000000,0.0000
14384.61,-0.272238,-0.305323,-0.001011,0.0000,-0.176336,-0.185410,0.000000,0.0000
14389.98,-0.272238,-0.305323,-0.001011,0.0000,-0.176336,-0.185410,0.000000,0.0000
14395.14,-0.271430,-0.303609,-0.001004,0.0000,-0.176336,-0.185410,0.000000,0.0000
14400.60,-0.270436,-0.301839,-0.000951,0.0000,-0.176336,-0.185410,0.000000,0.0000
14406.07,-0.270436,-0.301839,-0.000951,0.0000,-0.176336,-0.185410,0.000000,0.0000
14411.63,-0.269642,-0.300131,-0.000918,0.0000,-0.160748,-0.167395,0.000000,0.0000
14417.01,-0.268697,-0.298383,-0.000926,0.0000,-0.160748,-0.167395,0.000000,0.0000
14422.46,-0.268697,-0.298383,-0.000926,0.0000,-0.160748,-0.167395,0.000000,0.0000
14427.89,-0.267835,-0.296704,-0.000915,0.0000,-0.160748,-0.167395,0.000000,0.0000
14433.80,-0.266901,-0.294955,-0.000862,0.0000,-0.160748,-0.167395,0.000000,0.0000
14439.26,-0.266901,-0.294955,-0.000862,0.0000,-0.160748,-0.167395,0.000000,0.0000
14444.86,-0.265919,-0.293217,-0.000859,0.0000,-0.160748,-0.167395,0.000000,0.0000
14450.26,-0.265047,-0.291442,-0.000755,0.0000,-0.160748,-0.167395,0.000000,0.0000
14455.72,-0.265047,-0.291442,-0.000755,0.0000,-0.160748,-0.167395,0.000000,0.0000
14461.12,-0.264061,-0.289665,-0.000774,0.0000,-0.160748,-0.167395,0.000000,0.0000
14466.52,-0.263097,-0.287851,-0.000795,0.0000,-0.160748,-0.167395,0.000000,0.0000
14471.90,-0.263097,-0.287851,-0.000795,0.0000,-0.160748,-0.167395,0.000000,0.0000
14477.54,-0.262145,-0.286018,-0.000735,0.0000,-0.160748,-0.167395,0.000000,0.0000
14483.22,-0.261115,-0.284289,-0.000774,0.0000,-0.160748,-0.167395,0.000000,0.0000
14488.63,-0.261115,-0.284289,-0.000774,0.0000,-0.160748,-0.167395,0.000000,0.0000
14493.99,-0.260086,-0.282481,-0.000738,0.0000,-0.144526,-0.149214,0.000000,0.0000
14499.36,-0.259003,-0.280762,-0.000808,0.0000,-0.144526,-0.149214,0.000000,0.0000
14504.72,-0.259003,-0.280762,-0.000808,0.0000,-0.144526,-0.149214,0.000000,0.0000
14510.13,-0.258028,-0.278925,-0.000780,0.0000,-0.144526,-0.149214,0.000000,0.0000
14515.66,-0.256959,-0.277193,-0.000783,0.0000,-0.144526,-0.149214,0.000000,0.0000
14521.20,-0.256959,-0.277193,-0.000783,0.0000,-0.144526,-0.149214,0.000000,0.0000
14526.62,-0.255920,-0.275343,-0.000760,0.0000,-0.144526,-0.149214,0.000000,0.0000
14532.25,-0.254876,-0.273539,-0.000765,0.0000,-0.144526,-0.149214,0.000000,0.0000
14537.70,-0.254876,-0.273539,-0.000765,0.0000,-0.144526,-0.149214,0.000000,0.0000
14543.16,-0.253802,-0.271673,-0.000713,0.0000,-0.144526,-0.149214,0.000000,0.0000
14548.50,-0.253802,-0.271673,-0.000713,0.0000,-0.144526,-0.149214,0.000000,0.0000
14553.84,-0.252701,-0.269923,-0.000723,0.0000,-0.144526,-0.149214,0.000000,0.0000
14559.36,-0.251541,-0.268026,-0.000696,0.0000,-0.127734,-0.130886,0.000000,0.0000
14564.79,-0.251541,-0.268026,-0.000696,0.0000,-0.127734,-0.130886,0.000000,0.0000
14570.21,-0.250442,-0.266263,-0.000696,0.0000,-0.127734,-0.130886,0.000000,0.0000
14575.80,-0.249245,-0.264421,-0.000683,0.0000,-0.127734,-0.130886,0.000000,0.0000
14581.51,-0.249245,-0.264421,-0.000683,0.0000,-0.127734,-0.130886,0.000000,0.0000
14586.83,-0.248104,-0.262556,-0.000652,0.0000,-0.127734,-0.130886,0.000000,0.0000
14592.16,-0.246956,-0.260806,-0.000682,0.0000,-0.127734,-0.130886,0.000000,0.0000
14597.57,-0.246956,-0.260806,-0.000682,0.0000,-0.127734,-0.130886,0.000000,0.0000
14603.01,-0.245663,-0.258881,-0.000593,0.0000,-0.127734,-0.130886,0.000000,0.0000
14608.39,-0.244502,-0.257116,-0.000562,0.0000,-0.127734,-0.130886,0.000000,0.0000
14613.71,-0.244502,-0.257116,-0.000562,0.0000,-0.127734,-0.130886,0.000000,0.0000
14619.05,-0.243276,-0.255232,-0.000569,0.0000,-0.127734,-0.130886,0.000000,0.0000
14624.37,-0.242122,-0.253382,-0.000582,0.0000,-0.127734,-0.130886,0.000000,0.0000
14629.73,-0.242122,-0.253382,-0.000582,0.0000,-0.127734,-0.130886,0.000000,0.0000
14635.23,-0.240829,-0.251562,-0.000529,0.0000,-0.127734,-0.130886,0.000000,0.0000
14640.62,-0.239603,-0.249746,-0.000527,0.0000,-0.110437,-0.112429,0.000000,0.0000
14645.98,-0.239603,-0.249746,-0.000527,0.0000,-0.110437,-0.112429,0.000000,0.0000
14651.34,-0.238375,-0.247854,-0.000540,0.0000,-0.110437,-0.112429,0.000000,0.0000
14656.68,-0.238375,-0.247854,-0.000540,0.0000,-0.110437,-0.112429,0.000000,0.0000
14662.03,-0.237100,-0.246029,-0.000490,0.0000,-0.110437,-0.112429,0.000000,0.0000
14667.39,-0.235817,-0.244100,-0.000495,0.0000,-0.110437,-0.112429,0.000000,0.0000
14672.72,-0.235817,-0.244100,-0.000495,0.0000,-0.110437,-0.112429,0.000000,0.0000
14678.07,-0.234482,-0.242305,-0.000544,0.0000,-0.110437,-0.112429,0.000000,0.0000
14683.52,-0.233161,-0.240383,-0.000437,0.0000,-0.110437,-0.112429,0.000000,0.0000
14688.83,-0.233161,-0.240383,-0.000437,0.0000,-0.110437,-0.112429,0.000000,0.0000
14694.22,-0.231820,-0.238554,-0.000509,0.0000,-0.110437,-0.112429,0.000000,0.0000
14699.56,-0.230486,-0.236576,-0.000461,0.0000,-0.110437,-0.112429,0.000000,0.0000
14704.89,-0.230486,-0.236576,-0.000461,0.0000,-0.110437,-0.112429,0.000000,0.0000
14710.33,-0.229131,-0.234716,-0.000406,0.0000,-0.110437,-0.112429,0.000000,0.0000
14715.65,-0.227776,-0.232811,-0.000443,0.0000,-0.110437,-0.112429,0.000000,0.0000
14720.98,-0.227776,-0.232811,-0.000443,0.0000,-0.092705,-0.093861,0.000000,0.0000
14726.36,-0.226440,-0.230923,-0.000377,0.0000,-0.092705,-0.093861,0.000000,0.0000
14731.69,-0.226440,-0.230923,-0.000377,0.0000,-0.092705,-0.093861,0.000000,0.0000
14737.06,-0.225024,-0.229010,-0.000369,0.0000,-0.092705,-0.093861,0.000000,0.0000
14742.58,-0.223723,-0.227217,-0.000389,0.0000,-0.092705,-0.093861,0.000000,0.0000
14747.92,-0.223723,-0.227217,-0.000389,0.0000,-0.092705,-0.093861,0.000000,0.0000
14753.24,-0.222264,-0.225201,-0.000303,0.0000,-0.092705,-0.093861,0.000000,0.0000
14758.69,-0.220904,-0.223348,-0.000339,0.0000,-0.092705,-0.093861,0.000000,0.0000
14764.05,-0.220904,-0.223348,-0.000339,0.0000,-0.092705,-0.093861,0.000000,0.0000
14769.40,-0.219498,-0.221462,-0.000303,0.0000,-0.092705,-0.093861,0.000000,0.0000
14774.85,-0.218078,-0.219493,-0.000278,0.0000,-0.092705,-0.093861,0.000000,0.0000
14780.19,-0.218078,-0.219493,-0.000278,0.0000,-0.092705,-0.093861,0.000000,0.0000
14786.12,-0.216523,-0.217645,-0.000352,0.0000,-0.074607,-0.075200,0.000000,0.0000
14791.49,-0.215213,-0.215799,-0.000262,0.0000,-0.074607,-0.075200,0.000000,0.0000
14796.78,-0.215213,-0.215799,-0.000262,0.0000,-0.074607,-0.075200,0.000000,0.0000
14802.17,-0.213717,-0.213895,-0.000255,0.0000,-0.074607,-0.075200,0.000000,0.0000
14807.50,-0.212220,-0.211982,-0.000307,0.0000,-0.074607,-0.075200,0.000000,0.0000
14812.78,-0.212220,-0.211982,-0.000307,0.0000,-0.074607,-0.075200,0.000000,0.0000
14818.10,-0.210726,-0.210131,-0.000219,0.0000,-0.074607,-0.075200,0.000000,0.0000
14823.50,-0.210726,-0.210131,-0.000219,0.0000,-0.074607,-0.075200,0.000000,0.0000
14828.84,-0.209285,-0.208197,-0.000200,0.0000,-0.074607,-0.075200,0.000000,0.0000
14834.24,-0.207756,-0.206278,-0.000191,0.0000,-0.074607,-0.075200,0.000000,0.0000
14839.64,-0.207756,-0.206278,-0.000191,0.0000,-0.074607,-0.075200,0.000000,0.0000
14845.07,-0.206261,-0.204378,-0.000179,0.0000,-0.074607,-0.075200,0.000000,0.0000
14850.39,-0.204789,-0.202450,-0.000164,0.0000,-0.074607,-0.075200,0.000000,0.0000
14855.72,-0.204789,-0.202450,-0.000164,0.0000,-0.074607,-0.075200,0.000000,0.0000
14861.08,-0.203272,-0.200547,-0.000149,0.0000,-0.074607,-0.075200,0.000000,0.0000
14866.50,-0.201748,-0.198651,-0.000148,0.0000,-0.056214,-0.056465,0.000000,0.0000
14871.84,-0.201748,-0.198651,-0.000148,0.0000,-0.056214,-0.056465,0.000000,0.0000
14877.18,-0.200168,-0.196767,-0.000112,0.0000,-0.056214,-0.056465,0.000000,0.0000
14882.51,-0.198647,-0.194797,-0.000091,0.0000,-0.056214,-0.056465,0.000000,0.0000
14888.20,-0.198647,-0.194797,-0.000091,0.0000,-0.056214,-0.056465,0.000000,0.0000
14893.57,-0.197063,-0.192911,-0.000143,0.0000,-0.056214,-0.056465,0.000000,0.0000
14898.91,-0.195535,-0.191001,-0.000066,0.0000,-0.056214,-0.056465,0.000000,0.0000
14904.24,-0.195535,-0.191001,-0.000066,0.0000,-0.056214,-0.056465,0.000000,0.0000
14909.69,-0.193893,-0.189100,-0.000111,0.0000,-0.056214,-0.056465,0.000000,0.0000
14915.02,-0.193893,-0.189100,-0.000111,0.0000,-0.056214,-0.056465,0.000000,0.0000
14920.43,-0.192334,-0.187150,-0.000043,0.0000,-0.056214,-0.056465,0.000000,0.0000
14925.78,-0.190762,-0.185305,-0.000026,0.0000,-0.056214,-0.056465,0.000000,0.0000
14931.11,-0.190762,-0.185305,-0.000026,0.0000,-0.056214,-0.056465,0.000000,0.0000
14936.47,-0.189156,-0.183382,-0.000015,0.0000,-0.056214,-0.056465,0.000000,0.0000
14941.78,-0.187581,-0.181431,-0.000015,0.0000,-0.056214,-0.056465,0.000000,0.0000
14947.15,-0.187581,-0.181431,-0.000015,0.0000,-0.037600,-0.037674,0.000000,0.0000
14952.48,-0.185955,-0.179538,0.000016,0.0000,-0.037600,-0.037674,0.000000,0.0000
14957.78,-0.184393,-0.177630,-0.000011,0.0000,-0.037600,-0.037674,0.000000,0.0000
14963.14,-0.184393,-0.177630,-0.000011,0.0000,-0.037600,-0.037674,0.000000,0.0000
14968.66,-0.182738,-0.175657,0.000008,0.0000,-0.037600,-0.037674,0.000000,0.0000
14974.14,-0.181119,-0.173789,-0.000004,0.0000,-0.037600,-0.037674,0.000000,0.0000
14979.64,-0.181119,-0.173789,-0.000004,0.0000,-0.037600,-0.037674,0.000000,0.0000
14984.96,-0.179532,-0.171810,0.000034,0.0000,-0.037600,-0.037674,0.000000,0.0000
14990.66,-0.177847,-0.169928,-0.000089,0.0000,-0.037600,-0.037674,0.000000,0.0000
14996.08,-0.177847,-0.169928,-0.000089,0.0000,-0.037600,-0.037674,0.000000,0.0000
15001.41,-0.176180,-0.168006,0.000063,0.0000,-0.037600,-0.037674,0.000000,0.0000
