time_ms,x,y,z,yaw_deg,sp_x,sp_y,sp_z,sp_yaw_deg
2.32,-0.060221,0.034594,0.006951,0.0000,-0.018837,-0.018846,0.000000,0.0000
7.78,-0.060059,0.034795,0.006922,0.0000,-0.018837,-0.018846,0.000000,0.0000
13.72,-0.060011,0.034947,0.006902,0.0000,0.000000,0.000000,0.000000,0.0000
19.12,-0.060011,0.034947,0.006902,0.0000,0.000000,0.000000,0.000000,0.0000
24.50,-0.059891,0.035106,0.006872,0.0000,0.000000,0.000000,0.000000,0.0000
29.90,-0.059789,0.035271,0.006859,0.0000,0.000000,0.000000,0.000000,0.0000
35.38,-0.059789,0.035271,0.006859,0.0000,0.000000,0.000000,0.000000,0.0000
40.98,-0.059663,0.035444,0.006865,0.0000,0.000000,0.000000,0.000000,0.0000
46.53,-0.059515,0.035588,0.006825,0.0000,0.000000,0.000000,0.000000,0.0000
52.01,-0.059515,0.035588,0.006825,0.0000,0.000000,0.000000,0.000000,0.0000
57.88,-0.059379,0.035731,0.006806,0.0000,0.000000,0.000000,0.000000,0.0000
63.32,-0.059253,0.035887,0.006795,0.0000,0.000000,0.000000,0.000000,0.0000
68.75,-0.059253,0.035887,0.006795,0.0000,0.000000,0.000000,0.000000,0.0000
74.32,-0.059066,0.036059,0.006762,0.0000,0.000000,0.000000,0.000000,0.0000
79.72,-0.058938,0.036172,0.006756,0.0000,0.000000,0.000000,0.000000,0.0000
85.12,-0.058938,0.036172,0.006756,0.0000,0.000000,0.000000,0.000000,0.0000
90.57,-0.058778,0.036312,0.006732,0.0000,0.000000,0.000000,0.000000,0.0000
96.28,-0.058608,0.036421,0.006709,0.0000,0.018837,0.018846,0.000000,0.0000
101.67,-0.058608,0.036421,0.006709,0.0000,0.018837,0.018846,0.000000,0.0000
107.05,-0.058422,0.036542,0.006707,0.0000,0.018837,0.018846,0.000000,0.0000
112.68,-0.058194,0.036703,0.006705,0.0000,0.018837,0.018846,0.000000,0.0000
118.04,-0.058194,0.036703,0.006705,0.0000,0.018837,0.018846,0.000000,0.0000
123.51,-0.058028,0.036809,0.006692,0.0000,0.018837,0.018846,0.000000,0.0000
128.85,-0.057828,0.036939,0.006690,0.0000,0.018837,0.018846,0.000000,0.0000
134.29,-0.057828,0.036939,0.006690,0.0000,0.018837,0.018846,0.000000,0.0000
139.79,-0.057589,0.037084,0.006716,0.0000,0.018837,0.018846,0.000000,0.0000
145.30,-0.057406,0.037182,0.006686,0.0000,0.018837,0.018846,0.000000,0.0000
150.68,-0.057406,0.037182,0.006686,0.0000,0.018837,0.018846,0.000000,0.0000
156.21,-0.057177,0.037313,0.006673,0.0000,0.037600,0.037674,0.000000,0.0000
161.57,-0.057177,0.037313,0.006673,0.0000,0.037600,0.037674,0.000000,0.0000
166.96,-0.056952,0.037419,0.006680,0.0000,0.037600,0.037674,0.000000,0.0000
172.36,-0.056688,0.037526,0.006673,0.0000,0.037600,0.037674,0.000000,0.0000
177.77,-0.056688,0.037526,0.006673,0.0000,0.037600,0.037674,0.000000,0.0000
183.17,-0.056376,0.037677,0.006663,0.0000,0.037600,0.037674,0.000000,0.0000
188.57,-0.056103,0.037788,0.006645,0.0000,0.037600,0.037674,0.000000,0.0000
193.90,-0.056103,0.037788,0.006645,0.0000,0.037600,0.037674,0.000000,0.0000
199.57,-0.055828,0.037912,0.006638,0.0000,0.037600,0.037674,0.000000,0.0000
204.90,-0.055555,0.038061,0.006657,0.0000,0.037600,0.037674,0.000000,0.0000
210.30,-0.055555,0.038061,0.006657,0.0000,0.037600,0.037674,0.000000,0.0000
216.21,-0.055253,0.038179,0.006648,0.0000,0.037600,0.037674,0.000000,0.0000
221.60,-0.054950,0.038320,0.006642,0.0000,0.037600,0.037674,0.000000,0.0000
226.94,-0.054950,0.038320,0.006642,0.0000,0.037600,0.037674,0.000000,0.0000
232.32,-0.054658,0.038463,0.006651,0.0000,0.037600,0.037674,0.000000,0.0000
237.67,-0.054289,0.038608,0.006631,0.0000,0.056214,0.056465,0.000000,0.0000
243.04,-0.054289,0.038608,0.006631,0.0000,0.056214,0.056465,0.000000,0.0000
248.37,-0.053917,0.038773,0.006642,0.0000,0.056214,0.056465,0.000000,0.0000
253.71,-0.053557,0.038953,0.006683,0.0000,0.056214,0.056465,0.000000,0.0000
259.11,-0.053557,0.038953,0.006683,0.0000,0.056214,0.056465,0.000000,0.0000
264.44,-0.053125,0.039158,0.006687,0.0000,0.056214,0.056465,0.000000,0.0000
269.87,-0.052733,0.039355,0.006724,0.0000,0.056214,0.056465,0.000000,0.0000
275.22,-0.052733,0.039355,0.006724,0.0000,0.056214,0.056465,0.000000,0.0000
280.55,-0.052353,0.039553,0.006712,0.0000,0.056214,0.056465,0.000000,0.0000
285.88,-0.052353,0.039553,0.006712,0.0000,0.056214,0.056465,0.000000,0.0000
291.20,-0.051895,0.039789,0.006743,0.0000,0.056214,0.056465,0.000000,0.0000
296.49,-0.051471,0.040040,0.006784,0.0000,0.056214,0.056465,0.000000,0.0000
302.31,-0.051471,0.040040,0.006784,0.0000,0.056214,0.056465,0.000000,0.0000
307.61,-0.050961,0.040295,0.006762,0.0000,0.056214,0.056465,0.000000,0.0000
312.93,-0.050509,0.040567,0.006777,0.0000,0.056214,0.056465,0.000000,0.0000
318.31,-0.050509,0.040567,0.006777,0.0000,0.074607,0.075200,0.000000,0.0000
323.70,-0.049981,0.040893,0.006808,0.0000,0.074607,0.075200,0.000000,0.0000
329.13,-0.049459,0.041155,0.006826,0.0000,0.074607,0.075200,0.000000,0.0000
334.49,-0.049459,0.041155,0.006826,0.0000,0.074607,0.075200,0.000000,0.0000
339.84,-0.048907,0.041472,0.006828,0.0000,0.074607,0.075200,0.000000,0.0000
345.16,-0.048373,0.041854,0.006861,0.0000,0.074607,0.075200,0.000000,0.0000
350.49,-0.048373,0.041854,0.006861,0.0000,0.074607,0.075200,0.000000,0.0000
355.82,-0.047776,0.042232,0.006925,0.0000,0.074607,0.075200,0.000000,0.0000
361.28,-0.047102,0.042672,0.006985,0.0000,0.074607,0.075200,0.000000,0.0000
366.71,-0.047102,0.042672,0.006985,0.0000,0.074607,0.075200,0.000000,0.0000
372.25,-0.046525,0.043063,0.007018,0.0000,0.074607,0.075200,0.000000,0.0000
377.62,-0.046525,0.043063,0.007018,0.0000,0.074607,0.075200,0.000000,0.0000
383.04,-0.045847,0.043496,0.007014,0.0000,0.092705,0.093861,0.000000,0.0000
388.38,-0.045191,0.043996,0.007027,0.0000,0.092705,0.093861,0.000000,0.0000
393.67,-0.045191,0.043996,0.007027,0.0000,0.092705,0.093861,0.000000,0.0000
399.02,-0.044475,0.044532,0.007043,0.0000,0.092705,0.093861,0.000000,0.0000
405.04,-0.043797,0.045072,0.007068,0.0000,0.092705,0.093861,0.000000,0.0000
410.42,-0.043797,0.045072,0.007068,0.0000,0.092705,0.093861,0.000000,0.0000
415.76,-0.043074,0.045683,0.007148,0.0000,0.092705,0.093861,0.000000,0.0000
421.22,-0.042168,0.046336,0.007184,0.0000,0.092705,0.093861,0.000000,0.0000
426.55,-0.042168,0.046336,0.007184,0.0000,0.092705,0.093861,0.000000,0.0000
431.90,-0.041466,0.046928,0.007180,0.0000,0.092705,0.093861,0.000000,0.0000
437.38,-0.040642,0.047574,0.007167,0.0000,0.092705,0.093861,0.000000,0.0000
442.68,-0.040642,0.047574,0.007167,0.0000,0.092705,0.093861,0.000000,0.0000
447.99,-0.039821,0.048301,0.007217,0.0000,0.092705,0.093861,0.000000,0.0000
453.36,-0.038996,0.049024,0.007244,0.0000,0.092705,0.093861,0.000000,0.0000
458.67,-0.038996,0.049024,0.007244,0.0000,0.092705,0.093861,0.000000,0.0000
464.04,-0.038105,0.049814,0.007321,0.0000,0.110437,0.112429,0.000000,0.0000
469.40,-0.038105,0.049814,0.007321,0.0000,0.110437,0.112429,0.000000,0.0000
474.68,-0.037189,0.050573,0.007310,0.0000,0.110437,0.112429,0.000000,0.0000
480.32,-0.036298,0.051439,0.007339,0.0000,0.110437,0.112429,0.000000,0.0000
485.67,-0.036298,0.051439,0.007339,0.0000,0.110437,0.112429,0.000000,0.0000
491.04,-0.035368,0.052283,0.007348,0.0000,0.110437,0.112429,0.000000,0.0000
496.39,-0.034411,0.053223,0.007344,0.0000,0.110437,0.112429,0.000000,0.0000
501.70,-0.034411,0.053223,0.007344,0.0000,0.110437,0.112429,0.000000,0.0000
507.49,-0.033473,0.054137,0.007381,0.0000,0.110437,0.112429,0.000000,0.0000
512.88,-0.032435,0.055177,0.007394,0.0000,0.110437,0.112429,0.000000,0.0000
518.23,-0.032435,0.055177,0.007394,0.0000,0.110437,0.112429,0.000000,0.0000
523.85,-0.031512,0.056143,0.007424,0.0000,0.110437,0.112429,0.000000,0.0000
529.19,-0.030379,0.057237,0.007399,0.0000,0.110437,0.112429,0.000000,0.0000
534.49,-0.030379,0.057237,0.007399,0.0000,0.110437,0.112429,0.000000,0.0000
539.82,-0.029356,0.058294,0.007412,0.0000,0.110437,0.112429,0.000000,0.0000
545.15,-0.028211,0.059485,0.007478,0.0000,0.127734,0.130886,0.000000,0.0000
550.44,-0.028211,0.059485,0.007478,0.0000,0.127734,0.130886,0.000000,0.0000
555.76,-0.027157,0.060615,0.007470,0.0000,0.127734,0.130886,0.000000,0.0000
561.29,-0.025916,0.061885,0.007481,0.0000,0.127734,0.130886,0.000000,0.0000
566.61,-0.025916,0.061885,0.007481,0.0000,0.127734,0.130886,0.000000,0.0000
572.01,-0.024731,0.063096,0.007490,0.0000,0.127734,0.130886,0.000000,0.0000
577.33,-0.024731,0.063096,0.007490,0.0000,0.127734,0.130886,0.000000,0.0000
582.67,-0.023548,0.064368,0.007525,0.0000,0.127734,0.130886,0.000000,0.0000
588.61,-0.022364,0.065712,0.007503,0.0000,0.127734,0.130886,0.000000,0.0000
594.00,-0.022364,0.065712,0.007503,0.0000,0.127734,0.130886,0.000000,0.0000
599.40,-0.021120,0.067034,0.007543,0.0000,0.127734,0.130886,0.000000,0.0000
604.77,-0.019809,0.068503,0.007517,0.0000,0.144526,0.149214,0.000000,0.0000
610.17,-0.019809,0.068503,0.007517,0.0000,0.144526,0.149214,0.000000,0.0000
615.55,-0.018578,0.069832,0.007479,0.0000,0.144526,0.149214,0.000000,0.0000
621.27,-0.017251,0.071281,0.007477,0.0000,0.144526,0.149214,0.000000,0.0000
626.63,-0.017251,0.071281,0.007477,0.0000,0.144526,0.149214,0.000000,0.0000
632.27,-0.016008,0.072781,0.007485,0.0000,0.144526,0.149214,0.000000,0.0000
637.59,-0.014646,0.074325,0.007417,0.0000,0.144526,0.149214,0.000000,0.0000
642.90,-0.014646,0.074325,0.007417,0.0000,0.144526,0.149214,0.000000,0.0000
648.25,-0.013304,0.075822,0.007424,0.0000,0.144526,0.149214,0.000000,0.0000
653.56,-0.011952,0.077386,0.007419,0.0000,0.144526,0.149214,0.000000,0.0000
658.86,-0.011952,0.077386,0.007419,0.0000,0.144526,0.149214,0.000000,0.0000
664.24,-0.010603,0.079064,0.007408,0.0000,0.144526,0.149214,0.000000,0.0000
669.66,-0.009212,0.080654,0.007372,0.0000,0.144526,0.149214,0.000000,0.0000
675.04,-0.009212,0.080654,0.007372,0.0000,0.144526,0.149214,0.000000,0.0000
680.38,-0.007815,0.082252,0.007364,0.0000,0.144526,0.149214,0.000000,0.0000
685.67,-0.007815,0.082252,0.007364,0.0000,0.144526,0.149214,0.000000,0.0000
691.66,-0.006406,0.084027,0.007385,0.0000,0.160748,0.167395,0.000000,0.0000
697.02,-0.004968,0.085712,0.007294,0.0000,0.160748,0.167395,0.000000,0.0000
702.36,-0.004968,0.085712,0.007294,0.0000,0.160748,0.167395,0.000000,0.0000
707.68,-0.003521,0.087359,0.007297,0.0000,0.160748,0.167395,0.000000,0.0000
713.02,-0.002024,0.089168,0.007227,0.0000,0.160748,0.167395,0.000000,0.0000
718.37,-0.002024,0.089168,0.007227,0.0000,0.160748,0.167395,0.000000,0.0000
723.82,-0.000562,0.090958,0.007200,0.0000,0.160748,0.167395,0.000000,0.0000
729.18,0.001006,0.092715,0.007172,0.0000,0.160748,0.167395,0.000000,0.0000
734.49,0.001006,0.092715,0.007172,0.0000,0.160748,0.167395,0.000000,0.0000
739.80,0.002441,0.094487,0.007121,0.0000,0.160748,0.167395,0.000000,0.0000
745.14,0.003918,0.096386,0.007117,0.0000,0.160748,0.167395,0.000000,0.0000
750.49,0.003918,0.096386,0.007117,0.0000,0.160748,0.167395,0.000000,0.0000
755.81,0.005529,0.098241,0.007054,0.0000,0.160748,0.167395,0.000000,0.0000
761.20,0.007100,0.100095,0.007017,0.0000,0.160748,0.167395,0.000000,0.0000
766.61,0.007100,0.100095,0.007017,0.0000,0.160748,0.167395,0.000000,0.0000
771.95,0.008591,0.101908,0.006990,0.0000,0.176336,0.185410,0.000000,0.0000
777.27,0.008591,0.101908,0.006990,0.0000,0.176336,0.185410,0.000000,0.0000
782.55,0.010197,0.103794,0.006939,0.0000,0.176336,0.185410,0.000000,0.0000
787.86,0.011814,0.105749,0.006967,0.0000,0.176336,0.185410,0.000000,0.0000
792.88,0.011814,0.105749,0.006967,0.0000,0.176336,0.185410,0.000000,0.0000
798.22,0.013378,0.107689,0.006928,0.0000,0.176336,0.185410,0.000000,0.0000
803.57,0.014960,0.109572,0.006874,0.0000,0.176336,0.185410,0.000000,0.0000
808.90,0.014960,0.109572,0.006874,0.0000,0.176336,0.185410,0.000000,0.0000
814.68,0.016593,0.111498,0.006857,0.0000,0.176336,0.185410,0.000000,0.0000
820.03,0.018130,0.113502,0.006863,0.0000,0.176336,0.185410,0.000000,0.0000
825.35,0.018130,0.113502,0.006863,0.0000,0.176336,0.185410,0.000000,0.0000
830.73,0.019848,0.115419,0.006799,0.0000,0.191227,0.203243,0.000000,0.0000
836.25,0.021429,0.117358,0.006788,0.0000,0.191227,0.203243,0.000000,0.0000
841.61,0.021429,0.117358,0.006788,0.0000,0.191227,0.203243,0.000000,0.0000
846.96,0.023005,0.119317,0.006726,0.0000,0.191227,0.203243,0.000000,0.0000
852.40,0.023005,0.119317,0.006726,0.0000,0.191227,0.203243,0.000000,0.0000
857.76,0.024694,0.121274,0.006791,0.0000,0.191227,0.203243,0.000000,0.0000
863.09,0.026356,0.123322,0.006781,0.0000,0.191227,0.203243,0.000000,0.0000
868.44,0.026356,0.123322,0.006781,0.0000,0.191227,0.203243,0.000000,0.0000
873.96,0.028060,0.125306,0.006727,0.0000,0.191227,0.203243,0.000000,0.0000
879.29,0.029700,0.127280,0.006754,0.0000,0.191227,0.203243,0.000000,0.0000
884.61,0.029700,0.127280,0.006754,0.0000,0.191227,0.203243,0.000000,0.0000
889.92,0.031318,0.129281,0.006755,0.0000,0.191227,0.203243,0.000000,0.0000
895.26,0.032917,0.131200,0.006722,0.0000,0.191227,0.203243,0.000000,0.0000
900.58,0.032917,0.131200,0.006722,0.0000,0.191227,0.203243,0.000000,0.0000
905.92,0.034592,0.133178,0.006798,0.0000,0.191227,0.203243,0.000000,0.0000
911.29,0.036181,0.135172,0.006765,0.0000,0.191227,0.203243,0.000000,0.0000
917.03,0.036181,0.135172,0.006765,0.0000,0.205364,0.220875,0.000000,0.0000
922.35,0.037885,0.137133,0.006808,0.0000,0.205364,0.220875,0.000000,0.0000
927.87,0.039511,0.139061,0.006809,0.0000,0.205364,0.220875,0.000000,0.0000
933.32,0.039511,0.139061,0.006809,0.0000,0.205364,0.220875,0.000000,0.0000
938.63,0.041196,0.141065,0.006765,0.0000,0.205364,0.220875,0.000000,0.0000
943.99,0.041196,0.141065,0.006765,0.0000,0.205364,0.220875,0.000000,0.0000
949.35,0.042852,0.142991,0.006797,0.0000,0.205364,0.220875,0.000000,0.0000
954.70,0.044570,0.145076,0.006810,0.0000,0.205364,0.220875,0.000000,0.0000
960.08,0.044570,0.145076,0.006810,0.0000,0.205364,0.220875,0.000000,0.0000
965.55,0.046159,0.147053,0.006826,0.0000,0.205364,0.220875,0.000000,0.0000
970.87,0.046159,0.147053,0.006826,0.0000,0.205364,0.220875,0.000000,0.0000
976.36,0.047899,0.148973,0.006810,0.0000,0.205364,0.220875,0.000000,0.0000
981.68,0.049408,0.150900,0.006833,0.0000,0.205364,0.220875,0.000000,0.0000
986.99,0.051036,0.152870,0.006835,0.0000,0.205364,0.220875,0.000000,0.0000
992.33,0.051036,0.152870,0.006835,0.0000,0.205364,0.220875,0.000000,0.0000
997.85,0.052703,0.154840,0.006907,0.0000,0.218691,0.238289,0.000000,0.0000
1003.25,0.054373,0.156799,0.006859,0.0000,0.218691,0.238289,0.000000,0.0000
1008.61,0.054373,0.156799,0.006859,0.0000,0.218691,0.238289,0.000000,0.0000
1013.97,0.055894,0.158678,0.006904,0.0000,0.218691,0.238289,0.000000,0.0000
1019.95,0.057532,0.160594,0.006897,0.0000,0.218691,0.238289,0.000000,0.0000
1025.37,0.057532,0.160594,0.006897,0.0000,0.218691,0.238289,0.000000,0.0000
1030.73,0.059067,0.162535,0.006964,0.0000,0.218691,0.238289,0.000000,0.0000
1036.09,0.059067,0.162535,0.006964,0.0000,0.218691,0.238289,0.000000,0.0000
1041.41,0.060629,0.164513,0.007020,0.0000,0.218691,0.238289,0.000000,0.0000
1046.90,0.062238,0.166324,0.007001,0.0000,0.218691,0.238289,0.000000,0.0000
1052.27,0.062238,0.166324,0.007001,0.0000,0.218691,0.238289,0.000000,0.0000
1057.62,0.063840,0.168227,0.007027,0.0000,0.231154,0.255468,0.000000,0.0000
1062.94,0.065381,0.170127,0.007010,0.0000,0.231154,0.255468,0.000000,0.0000
1068.27,0.065381,0.170127,0.007010,0.0000,0.231154,0.255468,0.000000,0.0000
1073.65,0.066967,0.171998,0.007076,0.0000,0.231154,0.255468,0.000000,0.0000
1079.13,0.068517,0.173862,0.007105,0.0000,0.231154,0.255468,0.000000,0.0000
1084.43,0.068517,0.173862,0.007105,0.0000,0.231154,0.255468,0.000000,0.0000
1089.79,0.070010,0.175692,0.007134,0.0000,0.231154,0.255468,0.000000,0.0000
1095.12,0.070010,0.175692,0.007134,0.0000,0.231154,0.255468,0.000000,0.0000
1100.50,0.071539,0.177473,0.007158,0.0000,0.231154,0.255468,0.000000,0.0000
1105.89,0.073088,0.179267,0.007198,0.0000,0.231154,0.255468,0.000000,0.0000
1111.31,0.074599,0.181185,0.007222,0.0000,0.231154,0.255468,0.000000,0.0000
1116.80,0.074599,0.181185,0.007222,0.0000,0.231154,0.255468,0.000000,0.0000
1122.88,0.076107,0.182910,0.007285,0.0000,0.231154,0.255468,0.000000,0.0000
1128.22,0.077609,0.184737,0.007278,0.0000,0.231154,0.255468,0.000000,0.0000
1133.58,0.077609,0.184737,0.007278,0.0000,0.231154,0.255468,0.000000,0.0000
1138.93,0.079079,0.186515,0.007312,0.0000,0.242705,0.272394,0.000000,0.0000
1144.30,0.079079,0.186515,0.007312,0.0000,0.242705,0.272394,0.000000,0.0000
1149.96,0.080560,0.188332,0.007349,0.0000,0.242705,0.272394,0.000000,0.0000
1155.37,0.081961,0.190007,0.007366,0.0000,0.242705,0.272394,0.000000,0.0000
1160.75,0.081961,0.190007,0.007366,0.0000,0.242705,0.272394,0.000000,0.0000
1166.09,0.083386,0.191813,0.007400,0.0000,0.242705,0.272394,0.000000,0.0000
1171.43,0.084887,0.193556,0.007394,0.0000,0.242705,0.272394,0.000000,0.0000
1176.77,0.084887,0.193556,0.007394,0.0000,0.242705,0.272394,0.000000,0.0000
1182.23,0.086325,0.195231,0.007422,0.0000,0.242705,0.272394,0.000000,0.0000
1187.76,0.087717,0.196921,0.007394,0.0000,0.242705,0.272394,0.000000,0.0000
1193.17,0.087717,0.196921,0.007394,0.0000,0.242705,0.272394,0.000000,0.0000
1198.49,0.089172,0.198660,0.007470,0.0000,0.242705,0.272394,0.000000,0.0000
1203.83,0.090606,0.200360,0.007425,0.0000,0.242705,0.272394,0.000000,0.0000
1209.26,0.090606,0.200360,0.007425,0.0000,0.242705,0.272394,0.000000,0.0000
1214.68,0.091929,0.201956,0.007435,0.0000,0.242705,0.272394,0.000000,0.0000
1220.01,0.093356,0.203597,0.007482,0.0000,0.242705,0.272394,0.000000,0.0000
1225.81,0.093356,0.203597,0.007482,0.0000,0.253298,0.289052,0.000000,0.0000
1231.25,0.094758,0.205268,0.007488,0.0000,0.253298,0.289052,0.000000,0.0000
1236.61,0.096105,0.206861,0.007473,0.0000,0.253298,0.289052,0.000000,0.0000
1241.97,0.096105,0.206861,0.007473,0.0000,0.253298,0.289052,0.000000,0.0000
1247.31,0.097491,0.208398,0.007525,0.0000,0.253298,0.289052,0.000000,0.0000
1252.63,0.097491,0.208398,0.007525,0.0000,0.253298,0.289052,0.000000,0.0000
1257.95,0.098902,0.210009,0.007521,0.0000,0.253298,0.289052,0.000000,0.0000
1263.56,0.100238,0.211588,0.007509,0.0000,0.253298,0.289052,0.000000,0.0000
1268.95,0.100238,0.211588,0.007509,0.0000,0.253298,0.289052,0.000000,0.0000
1274.29,0.101701,0.213197,0.007535,0.0000,0.253298,0.289052,0.000000,0.0000
1279.62,0.101701,0.213197,0.007535,0.0000,0.253298,0.289052,0.000000,0.0000
1284.96,0.103070,0.214644,0.007546,0.0000,0.262892,0.305425,0.000000,0.0000
1290.44,0.104466,0.216247,0.007514,0.0000,0.262892,0.305425,0.000000,0.0000
1295.87,0.105827,0.217838,0.007581,0.0000,0.262892,0.305425,0.000000,0.0000
1301.20,0.105827,0.217838,0.007581,0.0000,0.262892,0.305425,0.000000,0.0000
1306.55,0.107269,0.219283,0.007568,0.0000,0.262892,0.305425,0.000000,0.0000
1311.88,0.108610,0.220819,0.007646,0.0000,0.262892,0.305425,0.000000,0.0000
1317.26,0.108610,0.220819,0.007646,0.0000,0.262892,0.305425,0.000000,0.0000
1322.86,0.110048,0.222333,0.007662,0.0000,0.262892,0.305425,0.000000,0.0000
1328.32,0.111416,0.223785,0.007681,0.0000,0.262892,0.305425,0.000000,0.0000
1333.61,0.111416,0.223785,0.007681,0.0000,0.262892,0.305425,0.000000,0.0000
1338.96,0.112812,0.225303,0.007737,0.0000,0.262892,0.305425,0.000000,0.0000
1344.34,0.112812,0.225303,0.007737,0.0000,0.262892,0.305425,0.000000,0.0000
1349.67,0.114187,0.226737,0.007750,0.0000,0.262892,0.305425,0.000000,0.0000
1355.03,0.115583,0.228142,0.007723,0.0000,0.262892,0.305425,0.000000,0.0000
1360.35,0.115583,0.228142,0.007723,0.0000,0.262892,0.305425,0.000000,0.0000
1365.72,0.116958,0.229551,0.007836,0.0000,0.271448,0.321496,0.000000,0.0000
1371.11,0.118432,0.231008,0.007795,0.0000,0.271448,0.321496,0.000000,0.0000
1376.43,0.118432,0.231008,0.007795,0.0000,0.271448,0.321496,0.000000,0.0000
1381.80,0.119779,0.232400,0.007836,0.0000,0.271448,0.321496,0.000000,0.0000
1387.16,0.119779,0.232400,0.007836,0.0000,0.271448,0.321496,0.000000,0.0000
1392.46,0.121158,0.233810,0.007944,0.0000,0.271448,0.321496,0.000000,0.0000
1397.93,0.122612,0.235155,0.007910,0.0000,0.271448,0.321496,0.000000,0.0000
1403.27,0.122612,0.235155,0.007910,0.0000,0.271448,0.321496,0.000000,0.0000
1408.61,0.124034,0.236584,0.007913,0.0000,0.271448,0.321496,0.000000,0.0000
1414.05,0.125459,0.237922,0.008019,0.0000,0.271448,0.321496,0.000000,0.0000
1419.57,0.126906,0.239312,0.008006,0.0000,0.271448,0.321496,0.000000,0.0000
1425.14,0.126906,0.239312,0.008006,0.0000,0.271448,0.321496,0.000000,0.0000
1430.79,0.128303,0.240620,0.008039,0.0000,0.271448,0.321496,0.000000,0.0000
1436.29,0.129806,0.242030,0.008029,0.0000,0.271448,0.321496,0.000000,0.0000
1441.71,0.129806,0.242030,0.008029,0.0000,0.271448,0.321496,0.000000,0.0000
1447.10,0.131221,0.243345,0.008085,0.0000,0.278933,0.337250,0.000000,0.0000
1452.41,0.131221,0.243345,0.008085,0.0000,0.278933,0.337250,0.000000,0.0000
1457.74,0.132714,0.244691,0.008080,0.0000,0.278933,0.337250,0.000000,0.0000
1463.08,0.134185,0.246065,0.008127,0.0000,0.278933,0.337250,0.000000,0.0000
1468.44,0.134185,0.246065,0.008127,0.0000,0.278933,0.337250,0.000000,0.0000
1473.98,0.135658,0.247391,0.008133,0.0000,0.278933,0.337250,0.000000,0.0000
1479.33,0.137179,0.248722,0.008118,0.0000,0.278933,0.337250,0.000000,0.0000
1484.65,0.137179,0.248722,0.008118,0.0000,0.278933,0.337250,0.000000,0.0000
1489.98,0.138658,0.250052,0.008103,0.0000,0.278933,0.337250,0.000000,0.0000
1495.37,0.138658,0.250052,0.008103,0.0000,0.278933,0.337250,0.000000,0.0000
1500.87,0.140130,0.251368,0.008109,0.0000,0.278933,0.337250,0.000000,0.0000
1506.25,0.141659,0.252666,0.008078,0.0000,0.278933,0.337250,0.000000,0.0000
1511.56,0.141659,0.252666,0.008078,0.0000,0.278933,0.337250,0.000000,0.0000
1516.91,0.143147,0.253985,0.008134,0.0000,0.278933,0.337250,0.000000,0.0000
1522.26,0.144684,0.255243,0.008145,0.0000,0.278933,0.337250,0.000000,0.0000
1527.55,0.144684,0.255243,0.008145,0.0000,0.278933,0.337250,0.000000,0.0000
1532.84,0.146174,0.256554,0.008081,0.0000,0.285317,0.352671,0.000000,0.0000
1538.26,0.147677,0.257824,0.008070,0.0000,0.285317,0.352671,0.000000,0.0000
1543.58,0.147677,0.257824,0.008070,0.0000,0.285317,0.352671,0.000000,0.0000
1548.91,0.149203,0.259154,0.008101,0.0000,0.285317,0.352671,0.000000,0.0000
1554.23,0.150699,0.260449,0.008077,0.0000,0.285317,0.352671,0.000000,0.0000
1559.65,0.150699,0.260449,0.008077,0.0000,0.285317,0.352671,0.000000,0.0000
1565.27,0.152289,0.261758,0.008078,0.0000,0.285317,0.352671,0.000000,0.0000
1570.96,0.153797,0.263046,0.008070,0.0000,0.285317,0.352671,0.000000,0.0000
1576.29,0.153797,0.263046,0.008070,0.0000,0.285317,0.352671,0.000000,0.0000
1581.61,0.155373,0.264344,0.008037,0.0000,0.285317,0.352671,0.000000,0.0000
1586.93,0.156933,0.265602,0.008024,0.0000,0.285317,0.352671,0.000000,0.0000
1592.28,0.156933,0.265602,0.008024,0.0000,0.290575,0.367744,0.000000,0.0000
1597.61,0.158575,0.266973,0.007960,0.0000,0.290575,0.367744,0.000000,0.0000
1603.15,0.160093,0.268221,0.007954,0.0000,0.290575,0.367744,0.000000,0.0000
1608.61,0.160093,0.268221,0.007954,0.0000,0.290575,0.367744,0.000000,0.0000
1614.27,0.161733,0.269532,0.007906,0.0000,0.290575,0.367744,0.000000,0.0000
1619.68,0.161733,0.269532,0.007906,0.0000,0.290575,0.367744,0.000000,0.0000
1625.11,0.163260,0.270890,0.007846,0.0000,0.290575,0.367744,0.000000,0.0000
1630.43,0.164864,0.272143,0.007827,0.0000,0.290575,0.367744,0.000000,0.0000
1636.34,0.166452,0.273485,0.007851,0.0000,0.290575,0.367744,0.000000,0.0000
1641.76,0.166452,0.273485,0.007851,0.0000,0.290575,0.367744,0.000000,0.0000
1647.11,0.168072,0.274767,0.007741,0.0000,0.290575,0.367744,0.000000,0.0000
1652.46,0.168072,0.274767,0.007741,0.0000,0.290575,0.367744,0.000000,0.0000
1657.80,0.169632,0.276094,0.007768,0.0000,0.290575,0.367744,0.000000,0.0000
1663.52,0.171265,0.277383,0.007757,0.0000,0.290575,0.367744,0.000000,0.0000
1668.85,0.171265,0.277383,0.007757,0.0000,0.290575,0.367744,0.000000,0.0000
1674.18,0.172841,0.278706,0.007671,0.0000,0.294686,0.382454,0.000000,0.0000
1679.57,0.174442,0.280066,0.007639,0.0000,0.294686,0.382454,0.000000,0.0000
1684.89,0.174442,0.280066,0.007639,0.0000,0.294686,0.382454,0.000000,0.0000
1690.21,0.176090,0.281422,0.007587,0.0000,0.294686,0.382454,0.000000,0.0000
1695.72,0.177700,0.282774,0.007547,0.0000,0.294686,0.382454,0.000000,0.0000
1701.08,0.177700,0.282774,0.007547,0.0000,0.294686,0.382454,0.000000,0.0000
1706.50,0.179313,0.284153,0.007523,0.0000,0.294686,0.382454,0.000000,0.0000
1711.84,0.179313,0.284153,0.007523,0.0000,0.294686,0.382454,0.000000,0.0000
1717.18,0.180934,0.285544,0.007446,0.0000,0.294686,0.382454,0.000000,0.0000
1722.49,0.182546,0.286852,0.007387,0.0000,0.294686,0.382454,0.000000,0.0000
1727.82,0.182546,0.286852,0.007387,0.0000,0.294686,0.382454,0.000000,0.0000
1733.14,0.184174,0.288215,0.007345,0.0000,0.294686,0.382454,0.000000,0.0000
1739.18,0.185775,0.289658,0.007305,0.0000,0.294686,0.382454,0.000000,0.0000
1744.73,0.187368,0.290981,0.007300,0.0000,0.294686,0.382454,0.000000,0.0000
1750.08,0.187368,0.290981,0.007300,0.0000,0.294686,0.382454,0.000000,0.0000
1755.50,0.188958,0.292416,0.007274,0.0000,0.297634,0.396787,0.000000,0.0000
1760.85,0.188958,0.292416,0.007274,0.0000,0.297634,0.396787,0.000000,0.0000
1766.17,0.190531,0.293808,0.007216,0.0000,0.297634,0.396787,0.000000,0.0000
1771.50,0.192104,0.295214,0.007196,0.0000,0.297634,0.396787,0.000000,0.0000
1776.85,0.192104,0.295214,0.007196,0.0000,0.297634,0.396787,0.000000,0.0000
1782.30,0.193688,0.296651,0.007205,0.0000,0.297634,0.396787,0.000000,0.0000
1787.67,0.195308,0.298094,0.007117,0.0000,0.297634,0.396787,0.000000,0.0000
1792.98,0.195308,0.298094,0.007117,0.0000,0.297634,0.396787,0.000000,0.0000
1798.31,0.196894,0.299582,0.007087,0.0000,0.297634,0.396787,0.000000,0.0000
1803.61,0.196894,0.299582,0.007087,0.0000,0.297634,0.396787,0.000000,0.0000
1809.26,0.198483,0.300976,0.007074,0.0000,0.297634,0.396787,0.000000,0.0000
1814.55,0.200070,0.302487,0.007007,0.0000,0.297634,0.396787,0.000000,0.0000
1820.32,0.201576,0.303940,0.006958,0.0000,0.299408,0.410728,0.000000,0.0000
1825.61,0.201576,0.303940,0.006958,0.0000,0.299408,0.410728,0.000000,0.0000
1831.16,0.203140,0.305335,0.006925,0.0000,0.299408,0.410728,0.000000,0.0000
1836.51,0.204660,0.306845,0.006921,0.0000,0.299408,0.410728,0.000000,0.0000
1841.85,0.204660,0.306845,0.006921,0.0000,0.299408,0.410728,0.000000,0.0000
1847.18,0.206203,0.308284,0.006893,0.0000,0.299408,0.410728,0.000000,0.0000
1852.55,0.206203,0.308284,0.006893,0.0000,0.299408,0.410728,0.000000,0.0000
1858.08,0.207664,0.309704,0.006852,0.0000,0.299408,0.410728,0.000000,0.0000
1863.44,0.209167,0.311247,0.006848,0.0000,0.299408,0.410728,0.000000,0.0000
1868.77,0.209167,0.311247,0.006848,0.0000,0.299408,0.410728,0.000000,0.0000
1874.17,0.210604,0.312687,0.006863,0.0000,0.299408,0.410728,0.000000,0.0000
1879.50,0.212078,0.314149,0.006805,0.0000,0.299408,0.410728,0.000000,0.0000
1884.82,0.212078,0.314149,0.006805,0.0000,0.299408,0.410728,0.000000,0.0000
1890.17,0.213533,0.315648,0.006804,0.0000,0.299408,0.410728,0.000000,0.0000
1895.55,0.213533,0.315648,0.006804,0.0000,0.299408,0.410728,0.000000,0.0000
1900.92,0.214988,0.317141,0.006822,0.0000,0.300000,0.424264,0.000000,0.0000
1906.30,0.216423,0.318689,0.006772,0.0000,0.300000,0.424264,0.000000,0.0000
1911.80,0.217810,0.320173,0.006735,0.0000,0.300000,0.424264,0.000000,0.0000
1917.15,0.217810,0.320173,0.006735,0.0000,0.300000,0.424264,0.000000,0.0000
1922.69,0.219230,0.321654,0.006720,0.0000,0.300000,0.424264,0.000000,0.0000
1928.01,0.220620,0.323199,0.006728,0.0000,0.300000,0.424264,0.000000,0.0000
1933.38,0.220620,0.323199,0.006728,0.0000,0.300000,0.424264,0.000000,0.0000
1938.75,0.221979,0.324639,0.006660,0.0000,0.300000,0.424264,0.000000,0.0000
1944.12,0.221979,0.324639,0.006660,0.0000,0.300000,0.424264,0.000000,0.0000
1949.43,0.223254,0.326162,0.006655,0.0000,0.300000,0.424264,0.000000,0.0000
1954.75,0.224611,0.327698,0.006712,0.0000,0.300000,0.424264,0.000000,0.0000
1960.08,0.224611,0.327698,0.006712,0.0000,0.300000,0.424264,0.000000,0.0000
1965.49,0.225859,0.329112,0.006652,0.0000,0.300000,0.424264,0.000000,0.0000
1970.83,0.227156,0.330638,0.006608,0.0000,0.300000,0.424264,0.000000,0.0000
1976.15,0.227156,0.330638,0.006608,0.0000,0.300000,0.424264,0.000000,0.0000
1981.50,0.228424,0.332172,0.006664,0.0000,0.299408,0.437381,0.000000,0.0000
1986.92,0.229553,0.333646,0.006673,0.0000,0.299408,0.437381,0.000000,0.0000
1992.28,0.229553,0.333646,0.006673,0.0000,0.299408,0.437381,0.000000,0.0000
1997.71,0.230860,0.335238,0.006638,0.0000,0.299408,0.437381,0.000000,0.0000
2003.11,0.230860,0.335238,0.006638,0.0000,0.299408,0.437381,0.000000,0.0000
2008.44,0.231981,0.336718,0.006679,0.0000,0.299408,0.437381,0.000000,0.0000
2013.77,0.233112,0.338219,0.006655,0.0000,0.299408,0.437381,0.000000,0.0000
2019.09,0.233112,0.338219,0.006655,0.0000,0.299408,0.437381,0.000000,0.0000
2024.84,0.234265,0.339745,0.006637,0.0000,0.299408,0.437381,0.000000,0.0000
2030.16,0.235412,0.341217,0.006656,0.0000,0.299408,0.437381,0.000000,0.0000
2035.49,0.235412,0.341217,0.006656,0.0000,0.299408,0.437381,0.000000,0.0000
2040.87,0.236465,0.342750,0.006704,0.0000,0.297634,0.450067,0.000000,0.0000
2046.24,0.237526,0.344210,0.006568,0.0000,0.297634,0.450067,0.000000,0.0000
2051.55,0.237526,0.344210,0.006568,0.0000,0.297634,0.450067,0.000000,0.0000
2056.88,0.238552,0.345755,0.006616,0.0000,0.297634,0.450067,0.000000,0.0000
2062.31,0.239607,0.347224,0.006616,0.0000,0.297634,0.450067,0.000000,0.0000
2067.61,0.239607,0.347224,0.006616,0.0000,0.297634,0.450067,0.000000,0.0000
2072.96,0.240602,0.348769,0.006597,0.0000,0.297634,0.450067,0.000000,0.0000
2078.28,0.241583,0.350243,0.006540,0.0000,0.297634,0.450067,0.000000,0.0000
2083.64,0.241583,0.350243,0.006540,0.0000,0.297634,0.450067,0.000000,0.0000
2089.01,0.242478,0.351773,0.006545,0.0000,0.297634,0.450067,0.000000,0.0000
2094.35,0.242478,0.351773,0.006545,0.0000,0.297634,0.450067,0.000000,0.0000
2099.67,0.243358,0.353344,0.006508,0.0000,0.297634,0.450067,0.000000,0.0000
2105.00,0.244234,0.354799,0.006547,0.0000,0.297634,0.450067,0.000000,0.0000
2110.35,0.244234,0.354799,0.006547,0.0000,0.297634,0.450067,0.000000,0.0000
2115.68,0.245116,0.356289,0.006470,0.0000,0.297634,0.450067,0.000000,0.0000
2121.02,0.245931,0.357822,0.006489,0.0000,0.297634,0.450067,0.000000,0.0000
2126.82,0.245931,0.357822,0.006489,0.0000,0.294686,0.462308,0.000000,0.0000
2132.31,0.246686,0.359290,0.006495,0.0000,0.294686,0.462308,0.000000,0.0000
2137.61,0.247490,0.360782,0.006472,0.0000,0.294686,0.462308,0.000000,0.0000
2142.95,0.247490,0.360782,0.006472,0.0000,0.294686,0.462308,0.000000,0.0000
2148.30,0.248201,0.362243,0.006427,0.0000,0.294686,0.462308,0.000000,0.0000
2153.62,0.248977,0.363770,0.006479,0.0000,0.294686,0.462308,0.000000,0.0000
2158.94,0.248977,0.363770,0.006479,0.0000,0.294686,0.462308,0.000000,0.0000
2164.63,0.249700,0.365269,0.006500,0.0000,0.294686,0.462308,0.000000,0.0000
2170.03,0.250377,0.366818,0.006501,0.0000,0.294686,0.462308,0.000000,0.0000
2175.37,0.250377,0.366818,0.006501,0.0000,0.294686,0.462308,0.000000,0.0000
2180.67,0.251054,0.368245,0.006482,0.0000,0.294686,0.462308,0.000000,0.0000
2186.19,0.251678,0.369775,0.006452,0.0000,0.294686,0.462308,0.000000,0.0000
2191.61,0.251678,0.369775,0.006452,0.0000,0.294686,0.462308,0.000000,0.0000
2197.03,0.252268,0.371282,0.006488,0.0000,0.294686,0.462308,0.000000,0.0000
2202.38,0.252268,0.371282,0.006488,0.0000,0.294686,0.462308,0.000000,0.0000
2207.87,0.252868,0.372745,0.006467,0.0000,0.290575,0.474093,0.000000,0.0000
2213.49,0.253456,0.374214,0.006420,0.0000,0.290575,0.474093,0.000000,0.0000
2218.84,0.253456,0.374214,0.006420,0.0000,0.290575,0.474093,0.000000,0.0000
2224.19,0.253949,0.375766,0.006478,0.0000,0.290575,0.474093,0.000000,0.0000
2229.80,0.254462,0.377212,0.006478,0.0000,0.290575,0.474093,0.000000,0.0000
2235.13,0.254462,0.377212,0.006478,0.0000,0.290575,0.474093,0.000000,0.0000
2240.50,0.254916,0.378786,0.006430,0.0000,0.290575,0.474093,0.000000,0.0000
2245.92,0.255388,0.380207,0.006400,0.0000,0.290575,0.474093,0.000000,0.0000
2251.25,0.255388,0.380207,0.006400,0.0000,0.290575,0.474093,0.000000,0.0000
2256.55,0.255800,0.381703,0.006456,0.0000,0.290575,0.474093,0.000000,0.0000
2261.92,0.256200,0.383272,0.006482,0.0000,0.290575,0.474093,0.000000,0.0000
2267.30,0.256200,0.383272,0.006482,0.0000,0.285317,0.485410,0.000000,0.0000
2272.61,0.256596,0.384697,0.006513,0.0000,0.285317,0.485410,0.000000,0.0000
2278.04,0.256968,0.386238,0.006532,0.0000,0.285317,0.485410,0.000000,0.0000
2283.44,0.256968,0.386238,0.006532,0.0000,0.285317,0.485410,0.000000,0.0000
2288.86,0.257367,0.387651,0.006525,0.0000,0.285317,0.485410,0.000000,0.0000
2294.18,0.257367,0.387651,0.006525,0.0000,0.285317,0.485410,0.000000,0.0000
2299.52,0.257670,0.389233,0.006565,0.0000,0.285317,0.485410,0.000000,0.0000
2304.84,0.257997,0.390747,0.006619,0.0000,0.285317,0.485410,0.000000,0.0000
2310.17,0.257997,0.390747,0.006619,0.0000,0.285317,0.485410,0.000000,0.0000
2315.49,0.258389,0.392229,0.006576,0.0000,0.285317,0.485410,0.000000,0.0000
2320.81,0.258603,0.393722,0.006589,0.0000,0.285317,0.485410,0.000000,0.0000
2326.13,0.258603,0.393722,0.006589,0.0000,0.285317,0.485410,0.000000,0.0000
2332.03,0.258896,0.395231,0.006580,0.0000,0.285317,0.485410,0.000000,0.0000
2337.47,0.258896,0.395231,0.006580,0.0000,0.285317,0.485410,0.000000,0.0000
2343.09,0.259169,0.396742,0.006568,0.0000,0.285317,0.485410,0.000000,0.0000
2348.42,0.259337,0.398251,0.006606,0.0000,0.278933,0.496248,0.000000,0.0000
2353.75,0.259587,0.399745,0.006651,0.0000,0.278933,0.496248,0.000000,0.0000
2359.09,0.259587,0.399745,0.006651,0.0000,0.278933,0.496248,0.000000,0.0000
2364.52,0.259771,0.401212,0.006629,0.0000,0.278933,0.496248,0.000000,0.0000
2369.88,0.259967,0.402752,0.006604,0.0000,0.278933,0.496248,0.000000,0.0000
2375.22,0.259967,0.402752,0.006604,0.0000,0.278933,0.496248,0.000000,0.0000
2380.55,0.260107,0.404290,0.006667,0.0000,0.278933,0.496248,0.000000,0.0000
2385.88,0.260107,0.404290,0.006667,0.0000,0.278933,0.496248,0.000000,0.0000
2391.22,0.260231,0.405798,0.006636,0.0000,0.278933,0.496248,0.000000,0.0000
2396.82,0.260426,0.407324,0.006576,0.0000,0.278933,0.496248,0.000000,0.0000
2402.17,0.260426,0.407324,0.006576,0.0000,0.278933,0.496248,0.000000,0.0000
2407.49,0.260481,0.408835,0.006608,0.0000,0.278933,0.496248,0.000000,0.0000
2412.96,0.260615,0.410396,0.006617,0.0000,0.278933,0.496248,0.000000,0.0000
2418.40,0.260615,0.410396,0.006617,0.0000,0.278933,0.496248,0.000000,0.0000
2423.86,0.260654,0.411982,0.006653,0.0000,0.278933,0.496248,0.000000,0.0000
2429.24,0.260752,0.413410,0.006672,0.0000,0.271448,0.506597,0.000000,0.0000
2434.57,0.260752,0.413410,0.006672,0.0000,0.271448,0.506597,0.000000,0.0000
2439.90,0.260800,0.415021,0.006643,0.0000,0.271448,0.506597,0.000000,0.0000
2445.24,0.260834,0.416500,0.006652,0.0000,0.271448,0.506597,0.000000,0.0000
2450.63,0.260834,0.416500,0.006652,0.0000,0.271448,0.506597,0.000000,0.0000
2455.96,0.260883,0.418121,0.006623,0.0000,0.271448,0.506597,0.000000,0.0000
2461.33,0.260814,0.419636,0.006631,0.0000,0.271448,0.506597,0.000000,0.0000
2466.67,0.260814,0.419636,0.006631,0.0000,0.271448,0.506597,0.000000,0.0000
2472.03,0.260832,0.421178,0.006620,0.0000,0.271448,0.506597,0.000000,0.0000
2477.39,0.260832,0.421178,0.006620,0.0000,0.271448,0.506597,0.000000,0.0000
2482.67,0.260876,0.422781,0.006544,0.0000,0.271448,0.506597,0.000000,0.0000
2488.01,0.260802,0.424281,0.006611,0.0000,0.271448,0.506597,0.000000,0.0000
2493.42,0.260802,0.424281,0.006611,0.0000,0.262892,0.516445,0.000000,0.0000
2498.84,0.260793,0.425939,0.006651,0.0000,0.262892,0.516445,0.000000,0.0000
2504.17,0.260759,0.427470,0.006624,0.0000,0.262892,0.516445,0.000000,0.0000
2509.49,0.260759,0.427470,0.006624,0.0000,0.262892,0.516445,0.000000,0.0000
2515.13,0.260658,0.429108,0.006606,0.0000,0.262892,0.516445,0.000000,0.0000
2520.63,0.260613,0.430679,0.006622,0.0000,0.262892,0.516445,0.000000,0.0000
2525.96,0.260613,0.430679,0.006622,0.0000,0.262892,0.516445,0.000000,0.0000
2531.32,0.260515,0.432260,0.006563,0.0000,0.262892,0.516445,0.000000,0.0000
2536.67,0.260476,0.433866,0.006614,0.0000,0.262892,0.516445,0.000000,0.0000
2541.99,0.260476,0.433866,0.006614,0.0000,0.262892,0.516445,0.000000,0.0000
2547.34,0.260292,0.435478,0.006618,0.0000,0.262892,0.516445,0.000000,0.0000
2552.91,0.260191,0.437018,0.006658,0.0000,0.262892,0.516445,0.000000,0.0000
2558.35,0.260191,0.437018,0.006658,0.0000,0.262892,0.516445,0.000000,0.0000
2563.67,0.260092,0.438672,0.006621,0.0000,0.262892,0.516445,0.000000,0.0000
2569.03,0.260092,0.438672,0.006621,0.0000,0.262892,0.516445,0.000000,0.0000
2574.44,0.259935,0.440222,0.006659,0.0000,0.253298,0.525784,0.000000,0.0000
2579.76,0.259803,0.441857,0.006685,0.0000,0.253298,0.525784,0.000000,0.0000
2585.07,0.259803,0.441857,0.006685,0.0000,0.253298,0.525784,0.000000,0.0000
2590.40,0.259619,0.443467,0.006672,0.0000,0.253298,0.525784,0.000000,0.0000
2595.79,0.259476,0.445076,0.006673,0.0000,0.253298,0.525784,0.000000,0.0000
2601.15,0.259476,0.445076,0.006673,0.0000,0.253298,0.525784,0.000000,0.0000
2606.44,0.259321,0.446762,0.006690,0.0000,0.253298,0.525784,0.000000,0.0000
2611.81,0.259129,0.448296,0.006729,0.0000,0.253298,0.525784,0.000000,0.0000
2617.27,0.259129,0.448296,0.006729,0.0000,0.253298,0.525784,0.000000,0.0000
2622.73,0.258971,0.449942,0.006775,0.0000,0.253298,0.525784,0.000000,0.0000
2628.16,0.258789,0.451593,0.006847,0.0000,0.253298,0.525784,0.000000,0.0000
2633.57,0.258789,0.451593,0.006847,0.0000,0.253298,0.525784,0.000000,0.0000
2638.91,0.258490,0.453160,0.006799,0.0000,0.253298,0.525784,0.000000,0.0000
2644.27,0.258490,0.453160,0.006799,0.0000,0.253298,0.525784,0.000000,0.0000
2649.55,0.258237,0.454736,0.006825,0.0000,0.253298,0.525784,0.000000,0.0000
2654.90,0.258060,0.456408,0.006797,0.0000,0.242705,0.534604,0.000000,0.0000
2660.26,0.258060,0.456408,0.006797,0.0000,0.242705,0.534604,0.000000,0.0000
2665.57,0.257847,0.457992,0.006822,0.0000,0.242705,0.534604,0.000000,0.0000
2670.92,0.257616,0.459734,0.006895,0.0000,0.242705,0.534604,0.000000,0.0000
2676.25,0.257616,0.459734,0.006895,0.0000,0.242705,0.534604,0.000000,0.0000
2681.56,0.257359,0.461193,0.006915,0.0000,0.242705,0.534604,0.000000,0.0000
2686.88,0.257078,0.462887,0.006847,0.0000,0.242705,0.534604,0.000000,0.0000
2692.26,0.257078,0.462887,0.006847,0.0000,0.242705,0.534604,0.000000,0.0000
2697.61,0.256816,0.464447,0.006922,0.0000,0.242705,0.534604,0.000000,0.0000
2703.20,0.256480,0.466076,0.006913,0.0000,0.242705,0.534604,0.000000,0.0000
2708.73,0.256480,0.466076,0.006913,0.0000,0.242705,0.534604,0.000000,0.0000
2714.09,0.256189,0.467739,0.006940,0.0000,0.242705,0.534604,0.000000,0.0000
2719.82,0.255947,0.469316,0.006947,0.0000,0.231154,0.542896,0.000000,0.0000
2725.17,0.255947,0.469316,0.006947,0.0000,0.231154,0.542896,0.000000,0.0000
2730.49,0.255565,0.470920,0.006959,0.0000,0.231154,0.542896,0.000000,0.0000
2735.89,0.255565,0.470920,0.006959,0.0000,0.231154,0.542896,0.000000,0.0000
2741.23,0.255268,0.472521,0.006976,0.0000,0.231154,0.542896,0.000000,0.0000
2746.56,0.254908,0.474114,0.006992,0.0000,0.231154,0.542896,0.000000,0.0000
2751.94,0.254908,0.474114,0.006992,0.0000,0.231154,0.542896,0.000000,0.0000
2757.43,0.254521,0.475740,0.006984,0.0000,0.231154,0.542896,0.000000,0.0000
2762.84,0.254182,0.477328,0.006963,0.0000,0.231154,0.542896,0.000000,0.0000
2768.18,0.254182,0.477328,0.006963,0.0000,0.231154,0.542896,0.000000,0.0000
2773.55,0.253777,0.478888,0.006943,0.0000,0.231154,0.542896,0.000000,0.0000
2779.15,0.253385,0.480390,0.006934,0.0000,0.231154,0.542896,0.000000,0.0000
2784.54,0.253385,0.480390,0.006934,0.0000,0.231154,0.542896,0.000000,0.0000
2789.87,0.253011,0.482031,0.006917,0.0000,0.231154,0.542896,0.000000,0.0000
2795.19,0.252697,0.483582,0.006962,0.0000,0.231154,0.542896,0.000000,0.0000
2800.55,0.252697,0.483582,0.006962,0.0000,0.218691,0.550653,0.000000,0.0000
2805.88,0.252235,0.485110,0.006961,0.0000,0.218691,0.550653,0.000000,0.0000
2811.33,0.251875,0.486675,0.006971,0.0000,0.218691,0.550653,0.000000,0.0000
2816.64,0.251875,0.486675,0.006971,0.0000,0.218691,0.550653,0.000000,0.0000
2821.76,0.251482,0.488265,0.006892,0.0000,0.218691,0.550653,0.000000,0.0000
2827.08,0.251482,0.488265,0.006892,0.0000,0.218691,0.550653,0.000000,0.0000
2832.40,0.251055,0.489656,0.006882,0.0000,0.218691,0.550653,0.000000,0.0000
2837.74,0.250623,0.491219,0.006913,0.0000,0.218691,0.550653,0.000000,0.0000
2843.06,0.250623,0.491219,0.006913,0.0000,0.218691,0.550653,0.000000,0.0000
2848.39,0.250211,0.492719,0.006983,0.0000,0.218691,0.550653,0.000000,0.0000
2853.81,0.249756,0.494222,0.006957,0.0000,0.218691,0.550653,0.000000,0.0000
2859.15,0.249756,0.494222,0.006957,0.0000,0.218691,0.550653,0.000000,0.0000
2864.50,0.249317,0.495694,0.006928,0.0000,0.218691,0.550653,0.000000,0.0000
2869.84,0.248890,0.497206,0.006894,0.0000,0.218691,0.550653,0.000000,0.0000
2875.17,0.248890,0.497206,0.006894,0.0000,0.218691,0.550653,0.000000,0.0000
2880.49,0.248434,0.498616,0.006888,0.0000,0.205364,0.557866,0.000000,0.0000
2885.81,0.248434,0.498616,0.006888,0.0000,0.205364,0.557866,0.000000,0.0000
2891.15,0.247950,0.500035,0.006885,0.0000,0.205364,0.557866,0.000000,0.0000
2896.44,0.247455,0.501532,0.006945,0.0000,0.205364,0.557866,0.000000,0.0000
2901.78,0.247455,0.501532,0.006945,0.0000,0.205364,0.557866,0.000000,0.0000
2907.30,0.246999,0.502951,0.006932,0.0000,0.205364,0.557866,0.000000,0.0000
2912.61,0.246999,0.502951,0.006932,0.0000,0.205364,0.557866,0.000000,0.0000
2917.96,0.246496,0.504358,0.006935,0.0000,0.205364,0.557866,0.000000,0.0000
2923.49,0.245973,0.505755,0.006951,0.0000,0.205364,0.557866,0.000000,0.0000
2928.92,0.245449,0.507170,0.006924,0.0000,0.205364,0.557866,0.000000,0.0000
2934.25,0.245449,0.507170,0.006924,0.0000,0.205364,0.557866,0.000000,0.0000
2939.63,0.244960,0.508530,0.006913,0.0000,0.205364,0.557866,0.000000,0.0000
2944.96,0.244385,0.509908,0.006958,0.0000,0.205364,0.557866,0.000000,0.0000
2950.35,0.244385,0.509908,0.006958,0.0000,0.205364,0.557866,0.000000,0.0000
2955.67,0.243876,0.511192,0.006961,0.0000,0.205364,0.557866,0.000000,0.0000
2961.00,0.243876,0.511192,0.006961,0.0000,0.191227,0.564528,0.000000,0.0000
2966.63,0.243329,0.512605,0.006992,0.0000,0.191227,0.564528,0.000000,0.0000
2971.97,0.242757,0.513876,0.007026,0.0000,0.191227,0.564528,0.000000,0.0000
2977.36,0.242757,0.513876,0.007026,0.0000,0.191227,0.564528,0.000000,0.0000
2982.71,0.242179,0.515200,0.006970,0.0000,0.191227,0.564528,0.000000,0.0000
2988.07,0.241593,0.516401,0.006976,0.0000,0.191227,0.564528,0.000000,0.0000
2993.44,0.241593,0.516401,0.006976,0.0000,0.191227,0.564528,0.000000,0.0000
2998.95,0.240977,0.517725,0.007040,0.0000,0.191227,0.564528,0.000000,0.0000
3004.40,0.240406,0.518929,0.007016,0.0000,0.191227,0.564528,0.000000,0.0000
3009.73,0.240406,0.518929,0.007016,0.0000,0.191227,0.564528,0.000000,0.0000
3015.06,0.239761,0.520222,0.007060,0.0000,0.191227,0.564528,0.000000,0.0000
3020.41,0.239761,0.520222,0.007060,0.0000,0.191227,0.564528,0.000000,0.0000
3025.60,0.239108,0.521404,0.007059,0.0000,0.176336,0.570634,0.000000,0.0000
3030.92,0.238468,0.522633,0.007020,0.0000,0.176336,0.570634,0.000000,0.0000
3036.24,0.238468,0.522633,0.007020,0.0000,0.176336,0.570634,0.000000,0.0000
3041.59,0.237799,0.523834,0.007063,0.0000,0.176336,0.570634,0.000000,0.0000
3046.94,0.237103,0.525050,0.007060,0.0000,0.176336,0.570634,0.000000,0.0000
3052.26,0.237103,0.525050,0.007060,0.0000,0.176336,0.570634,0.000000,0.0000
3057.55,0.236438,0.526256,0.007074,0.0000,0.176336,0.570634,0.000000,0.0000
3062.94,0.235757,0.527385,0.007074,0.0000,0.176336,0.570634,0.000000,0.0000
3068.26,0.235757,0.527385,0.007074,0.0000,0.176336,0.570634,0.000000,0.0000
3073.56,0.235008,0.528534,0.007087,0.0000,0.176336,0.570634,0.000000,0.0000
3079.07,0.234308,0.529702,0.007041,0.0000,0.176336,0.570634,0.000000,0.0000
3084.41,0.234308,0.529702,0.007041,0.0000,0.176336,0.570634,0.000000,0.0000
3089.76,0.233545,0.530859,0.007030,0.0000,0.176336,0.570634,0.000000,0.0000
3095.10,0.232813,0.531995,0.007009,0.0000,0.176336,0.570634,0.000000,0.0000
3100.48,0.232813,0.531995,0.007009,0.0000,0.176336,0.570634,0.000000,0.0000
3105.93,0.232039,0.533150,0.007027,0.0000,0.160748,0.576176,0.000000,0.0000
3111.31,0.231281,0.534276,0.007026,0.0000,0.160748,0.576176,0.000000,0.0000
3116.73,0.231281,0.534276,0.007026,0.0000,0.160748,0.576176,0.000000,0.0000
3122.05,0.230473,0.535302,0.007052,0.0000,0.160748,0.576176,0.000000,0.0000
3127.61,0.230473,0.535302,0.007052,0.0000,0.160748,0.576176,0.000000,0.0000
3132.96,0.229652,0.536446,0.006979,0.0000,0.160748,0.576176,0.000000,0.0000
3138.49,0.228799,0.537522,0.006909,0.0000,0.160748,0.576176,0.000000,0.0000
3143.87,0.228799,0.537522,0.006909,0.0000,0.160748,0.576176,0.000000,0.0000
3149.20,0.227959,0.538583,0.006925,0.0000,0.160748,0.576176,0.000000,0.0000
3154.56,0.227058,0.539704,0.006894,0.0000,0.160748,0.576176,0.000000,0.0000
3159.91,0.227058,0.539704,0.006894,0.0000,0.160748,0.576176,0.000000,0.0000
3165.57,0.226230,0.540768,0.006909,0.0000,0.160748,0.576176,0.000000,0.0000
3170.97,0.225319,0.541888,0.006863,0.0000,0.160748,0.576176,0.000000,0.0000
3176.31,0.225319,0.541888,0.006863,0.0000,0.160748,0.576176,0.000000,0.0000
3181.61,0.224391,0.542928,0.006832,0.0000,0.160748,0.576176,0.000000,0.0000
3186.97,0.223466,0.544023,0.006778,0.0000,0.144526,0.581150,0.000000,0.0000
3192.31,0.223466,0.544023,0.006778,0.0000,0.144526,0.581150,0.000000,0.0000
3197.61,0.222462,0.545096,0.006769,0.0000,0.144526,0.581150,0.000000,0.0000
3203.01,0.222462,0.545096,0.006769,0.0000,0.144526,0.581150,0.000000,0.0000
3208.43,0.221522,0.546128,0.006789,0.0000,0.144526,0.581150,0.000000,0.0000
3213.78,0.220563,0.547147,0.006777,0.0000,0.144526,0.581150,0.000000,0.0000
3219.10,0.220563,0.547147,0.006777,0.0000,0.144526,0.581150,0.000000,0.0000
3224.42,0.219497,0.548205,0.006825,0.0000,0.144526,0.581150,0.000000,0.0000
3230.42,0.218520,0.549283,0.006782,0.0000,0.144526,0.581150,0.000000,0.0000
3235.76,0.218520,0.549283,0.006782,0.0000,0.144526,0.581150,0.000000,0.0000
3241.26,0.217467,0.550349,0.006789,0.0000,0.144526,0.581150,0.000000,0.0000
3246.57,0.216426,0.551330,0.006762,0.0000,0.127734,0.585550,0.000000,0.0000
3252.01,0.216426,0.551330,0.006762,0.0000,0.127734,0.585550,0.000000,0.0000
3257.37,0.215378,0.552446,0.006817,0.0000,0.127734,0.585550,0.000000,0.0000
3262.69,0.214378,0.553415,0.006795,0.0000,0.127734,0.585550,0.000000,0.0000
3268.04,0.214378,0.553415,0.006795,0.0000,0.127734,0.585550,0.000000,0.0000
3273.36,0.213266,0.554532,0.006781,0.0000,0.127734,0.585550,0.000000,0.0000
3278.67,0.212163,0.555560,0.006734,0.0000,0.127734,0.585550,0.000000,0.0000
3284.08,0.212163,0.555560,0.006734,0.0000,0.127734,0.585550,0.000000,0.0000
3289.55,0.211094,0.556617,0.006655,0.0000,0.127734,0.585550,0.000000,0.0000
3294.94,0.209938,0.557698,0.006650,0.0000,0.127734,0.585550,0.000000,0.0000
3300.34,0.209938,0.557698,0.006650,0.0000,0.127734,0.585550,0.000000,0.0000
3305.61,0.208815,0.558689,0.006598,0.0000,0.127734,0.585550,0.000000,0.0000
3311.57,0.207738,0.559763,0.006640,0.0000,0.127734,0.585550,0.000000,0.0000
3316.93,0.207738,0.559763,0.006640,0.0000,0.127734,0.585550,0.000000,0.0000
3322.25,0.206579,0.560796,0.006597,0.0000,0.127734,0.585550,0.000000,0.0000
3327.63,0.206579,0.560796,0.006597,0.0000,0.110437,0.589372,0.000000,0.0000
3333.30,0.205406,0.561869,0.006530,0.0000,0.110437,0.589372,0.000000,0.0000
3338.76,0.204209,0.562922,0.006488,0.0000,0.110437,0.589372,0.000000,0.0000
3344.08,0.204209,0.562922,0.006488,0.0000,0.110437,0.589372,0.000000,0.0000
3349.41,0.203038,0.563921,0.006522,0.0000,0.110437,0.589372,0.000000,0.0000
3354.80,0.201801,0.565007,0.006532,0.0000,0.110437,0.589372,0.000000,0.0000
3360.17,0.201801,0.565007,0.006532,0.0000,0.110437,0.589372,0.000000,0.0000
3365.61,0.200592,0.566064,0.006540,0.0000,0.110437,0.589372,0.000000,0.0000
3370.94,0.199334,0.567169,0.006487,0.0000,0.110437,0.589372,0.000000,0.0000
3376.30,0.199334,0.567169,0.006487,0.0000,0.110437,0.589372,0.000000,0.0000
3381.61,0.198022,0.568245,0.006540,0.0000,0.110437,0.589372,0.000000,0.0000
3386.95,0.196820,0.569315,0.006516,0.0000,0.110437,0.589372,0.000000,0.0000
3392.34,0.196820,0.569315,0.006516,0.0000,0.110437,0.589372,0.000000,0.0000
3397.89,0.195493,0.570470,0.006534,0.0000,0.110437,0.589372,0.000000,0.0000
3403.26,0.194223,0.571517,0.006603,0.0000,0.110437,0.589372,0.000000,0.0000
3408.63,0.194223,0.571517,0.006603,0.0000,0.110437,0.589372,0.000000,0.0000
3414.40,0.192910,0.572628,0.006562,0.0000,0.092705,0.592613,0.000000,0.0000
3419.74,0.191573,0.573746,0.006590,0.0000,0.092705,0.592613,0.000000,0.0000
3425.09,0.191573,0.573746,0.006590,0.0000,0.092705,0.592613,0.000000,0.0000
3430.42,0.190293,0.574820,0.006646,0.0000,0.092705,0.592613,0.000000,0.0000
3435.75,0.190293,0.574820,0.006646,0.0000,0.092705,0.592613,0.000000,0.0000
3441.07,0.188966,0.575895,0.006710,0.0000,0.092705,0.592613,0.000000,0.0000
3446.43,0.187621,0.576986,0.006717,0.0000,0.092705,0.592613,0.000000,0.0000
3451.77,0.187621,0.576986,0.006717,0.0000,0.092705,0.592613,0.000000,0.0000
3457.17,0.186207,0.578122,0.006732,0.0000,0.092705,0.592613,0.000000,0.0000
3462.59,0.184977,0.579173,0.006697,0.0000,0.092705,0.592613,0.000000,0.0000
3467.90,0.184977,0.579173,0.006697,0.0000,0.092705,0.592613,0.000000,0.0000
3473.25,0.183560,0.580282,0.006757,0.0000,0.074607,0.595269,0.000000,0.0000
3478.61,0.182250,0.581414,0.006734,0.0000,0.074607,0.595269,0.000000,0.0000
3483.93,0.182250,0.581414,0.006734,0.0000,0.074607,0.595269,0.000000,0.0000
3489.44,0.180960,0.582496,0.006728,0.0000,0.074607,0.595269,0.000000,0.0000
3494.78,0.179506,0.583659,0.006802,0.0000,0.074607,0.595269,0.000000,0.0000
3500.10,0.179506,0.583659,0.006802,0.0000,0.074607,0.595269,0.000000,0.0000
3505.42,0.178220,0.584763,0.006706,0.0000,0.074607,0.595269,0.000000,0.0000
3510.75,0.178220,0.584763,0.006706,0.0000,0.074607,0.595269,0.000000,0.0000
3516.67,0.176840,0.585871,0.006725,0.0000,0.074607,0.595269,0.000000,0.0000
3522.05,0.175434,0.587005,0.006803,0.0000,0.074607,0.595269,0.000000,0.0000
3527.39,0.175434,0.587005,0.006803,0.0000,0.074607,0.595269,0.000000,0.0000
3532.74,0.174109,0.588146,0.006835,0.0000,0.074607,0.595269,0.000000,0.0000
3538.07,0.172653,0.589271,0.006848,0.0000,0.074607,0.595269,0.000000,0.0000
3543.44,0.172653,0.589271,0.006848,0.0000,0.074607,0.595269,0.000000,0.0000
3548.92,0.171248,0.590396,0.006870,0.0000,0.074607,0.595269,0.000000,0.0000
3554.28,0.169849,0.591561,0.006892,0.0000,0.056214,0.597337,0.000000,0.0000
3559.61,0.169849,0.591561,0.006892,0.0000,0.056214,0.597337,0.000000,0.0000
3564.95,0.168455,0.592695,0.006918,0.0000,0.056214,0.597337,0.000000,0.0000
3570.27,0.166987,0.593848,0.006976,0.0000,0.056214,0.597337,0.000000,0.0000
3575.62,0.166987,0.593848,0.006976,0.0000,0.056214,0.597337,0.000000,0.0000
3581.24,0.165566,0.595015,0.007002,0.0000,0.056214,0.597337,0.000000,0.0000
3586.69,0.164133,0.596116,0.006964,0.0000,0.056214,0.597337,0.000000,0.0000
3592.03,0.164133,0.596116,0.006964,0.0000,0.056214,0.597337,0.000000,0.0000
3597.44,0.162726,0.597272,0.007040,0.0000,0.056214,0.597337,0.000000,0.0000
3602.95,0.161255,0.598397,0.007061,0.0000,0.056214,0.597337,0.000000,0.0000
3608.42,0.161255,0.598397,0.007061,0.0000,0.056214,0.597337,0.000000,0.0000
3613.84,0.159821,0.599549,0.007102,0.0000,0.056214,0.597337,0.000000,0.0000
3620.04,0.158389,0.600725,0.007088,0.0000,0.056214,0.597337,0.000000,0.0000
3625.49,0.158389,0.600725,0.007088,0.0000,0.056214,0.597337,0.000000,0.0000
3630.85,0.156828,0.601912,0.007158,0.0000,0.056214,0.597337,0.000000,0.0000
3636.21,0.156828,0.601912,0.007158,0.0000,0.037600,0.598816,0.000000,0.0000
3641.55,0.155508,0.603006,0.007181,0.0000,0.037600,0.598816,0.000000,0.0000
3646.91,0.153981,0.604201,0.007150,0.0000,0.037600,0.598816,0.000000,0.0000
3652.26,0.153981,0.604201,0.007150,0.0000,0.037600,0.598816,0.000000,0.0000
3657.79,0.152537,0.605383,0.007257,0.0000,0.037600,0.598816,0.000000,0.0000
3663.15,0.151089,0.606447,0.007217,0.0000,0.037600,0.598816,0.000000,0.0000
3668.45,0.151089,0.606447,0.007217,0.0000,0.037600,0.598816,0.000000,0.0000
3673.83,0.149598,0.607734,0.007233,0.0000,0.037600,0.598816,0.000000,0.0000
3679.20,0.148162,0.608806,0.007273,0.0000,0.037600,0.598816,0.000000,0.0000
3684.55,0.148162,0.608806,0.007273,0.0000,0.037600,0.598816,0.000000,0.0000
3689.92,0.146703,0.609957,0.007257,0.0000,0.037600,0.598816,0.000000,0.0000
3695.25,0.145186,0.611121,0.007256,0.0000,0.037600,0.598816,0.000000,0.0000
3700.67,0.145186,0.611121,0.007256,0.0000,0.018837,0.599704,0.000000,0.0000
3705.99,0.143728,0.612248,0.007323,0.0000,0.018837,0.599704,0.000000,0.0000
3711.35,0.142208,0.613359,0.007340,0.0000,0.018837,0.599704,0.000000,0.0000
3716.69,0.142208,0.613359,0.007340,0.0000,0.018837,0.599704,0.000000,0.0000
3722.04,0.140714,0.614512,0.007321,0.0000,0.018837,0.599704,0.000000,0.0000
3727.40,0.140714,0.614512,0.007321,0.0000,0.018837,0.599704,0.000000,0.0000
3732.81,0.139126,0.615620,0.007303,0.0000,0.018837,0.599704,0.000000,0.0000
3738.26,0.137712,0.616753,0.007379,0.0000,0.018837,0.599704,0.000000,0.0000
3743.55,0.137712,0.616753,0.007379,0.0000,0.018837,0.599704,0.000000,0.0000
3748.88,0.136103,0.617866,0.007392,0.0000,0.018837,0.599704,0.000000,0.0000
3754.22,0.134637,0.618946,0.007369,0.0000,0.018837,0.599704,0.000000,0.0000
3759.55,0.134637,0.618946,0.007369,0.0000,0.018837,0.599704,0.000000,0.0000
3764.89,0.133083,0.620064,0.007351,0.0000,0.018837,0.599704,0.000000,0.0000
3770.23,0.131565,0.621138,0.007351,0.0000,0.018837,0.599704,0.000000,0.0000
3775.56,0.131565,0.621138,0.007351,0.0000,0.018837,0.599704,0.000000,0.0000
3781.05,0.130079,0.622216,0.007375,0.0000,-0.000000,0.600000,0.000000,0.0000
3786.42,0.128528,0.623310,0.007317,0.0000,-0.000000,0.600000,0.000000,0.0000
3791.76,0.128528,0.623310,0.007317,0.0000,-0.000000,0.600000,0.000000,0.0000
3797.11,0.126965,0.624295,0.007342,0.0000,-0.000000,0.600000,0.000000,0.0000
3802.93,0.126965,0.624295,0.007342,0.0000,-0.000000,0.600000,0.000000,0.0000
3808.27,0.125432,0.625412,0.007303,0.0000,-0.000000,0.600000,0.000000,0.0000
3813.55,0.123912,0.626444,0.007297,0.0000,-0.000000,0.600000,0.000000,0.0000
3818.95,0.123912,0.626444,0.007297,0.0000,-0.000000,0.600000,0.000000,0.0000
3824.28,0.122333,0.627445,0.007281,0.0000,-0.000000,0.600000,0.000000,0.0000
3829.85,0.120722,0.628558,0.007208,0.0000,-0.000000,0.600000,0.000000,0.0000
3835.16,0.120722,0.628558,0.007208,0.0000,-0.000000,0.600000,0.000000,0.0000
3840.57,0.119176,0.629548,0.007209,0.0000,-0.000000,0.600000,0.000000,0.0000
3845.96,0.117683,0.630535,0.007239,0.0000,-0.000000,0.600000,0.000000,0.0000
3851.34,0.117683,0.630535,0.007239,0.0000,-0.000000,0.600000,0.000000,0.0000
3856.62,0.116006,0.631568,0.007152,0.0000,-0.000000,0.600000,0.000000,0.0000
3862.08,0.114417,0.632545,0.007145,0.0000,-0.018837,0.599704,0.000000,0.0000
3867.44,0.114417,0.632545,0.007145,0.0000,-0.018837,0.599704,0.000000,0.0000
3872.79,0.112822,0.633514,0.007157,0.0000,-0.018837,0.599704,0.000000,0.0000
3878.11,0.111215,0.634429,0.007148,0.0000,-0.018837,0.599704,0.000000,0.0000
3883.44,0.111215,0.634429,0.007148,0.0000,-0.018837,0.599704,0.000000,0.0000
3888.85,0.109639,0.635379,0.007066,0.0000,-0.018837,0.599704,0.000000,0.0000
3894.17,0.109639,0.635379,0.007066,0.0000,-0.018837,0.599704,0.000000,0.0000
3899.49,0.107956,0.636367,0.007063,0.0000,-0.018837,0.599704,0.000000,0.0000
3905.03,0.106398,0.637269,0.007052,0.0000,-0.018837,0.599704,0.000000,0.0000
3910.35,0.106398,0.637269,0.007052,0.0000,-0.018837,0.599704,0.000000,0.0000
3915.67,0.104807,0.638171,0.006997,0.0000,-0.018837,0.599704,0.000000,0.0000
3921.01,0.103173,0.639062,0.006868,0.0000,-0.037600,0.598816,0.000000,0.0000
3926.39,0.103173,0.639062,0.006868,0.0000,-0.037600,0.598816,0.000000,0.0000
3931.73,0.101662,0.639937,0.006922,0.0000,-0.037600,0.598816,0.000000,0.0000
3937.13,0.099973,0.640820,0.006818,0.0000,-0.037600,0.598816,0.000000,0.0000
3942.50,0.099973,0.640820,0.006818,0.0000,-0.037600,0.598816,0.000000,0.0000
3947.95,0.098401,0.641626,0.006765,0.0000,-0.037600,0.598816,0.000000,0.0000
3953.33,0.096777,0.642515,0.006737,0.0000,-0.037600,0.598816,0.000000,0.0000
3958.73,0.096777,0.642515,0.006737,0.0000,-0.037600,0.598816,0.000000,0.0000
3964.15,0.095115,0.643337,0.006696,0.0000,-0.037600,0.598816,0.000000,0.0000
3969.66,0.093529,0.644083,0.006670,0.0000,-0.037600,0.598816,0.000000,0.0000
3975.12,0.093529,0.644083,0.006670,0.0000,-0.037600,0.598816,0.000000,0.0000
3980.50,0.091764,0.644979,0.006649,0.0000,-0.037600,0.598816,0.000000,0.0000
3985.88,0.091764,0.644979,0.006649,0.0000,-0.037600,0.598816,0.000000,0.0000
3991.29,0.090149,0.645683,0.006616,0.0000,-0.037600,0.598816,0.000000,0.0000
3996.84,0.088427,0.646432,0.006647,0.0000,-0.037600,0.598816,0.000000,0.0000
4002.28,0.088427,0.646432,0.006647,0.0000,-0.037600,0.598816,0.000000,0.0000
4007.99,0.086758,0.647172,0.006570,0.0000,-0.056214,0.597337,0.000000,0.0000
4013.44,0.084996,0.647866,0.006634,0.0000,-0.056214,0.597337,0.000000,0.0000
4018.77,0.084996,0.647866,0.006634,0.0000,-0.056214,0.597337,0.000000,0.0000
4024.13,0.083363,0.648564,0.006536,0.0000,-0.056214,0.597337,0.000000,0.0000
4029.43,0.081648,0.649233,0.006547,0.0000,-0.056214,0.597337,0.000000,0.0000
4034.80,0.081648,0.649233,0.006547,0.0000,-0.056214,0.597337,0.000000,0.0000
4040.14,0.079907,0.649920,0.006481,0.0000,-0.056214,0.597337,0.000000,0.0000
4045.78,0.078288,0.650505,0.006500,0.0000,-0.056214,0.597337,0.000000,0.0000
4051.12,0.078288,0.650505,0.006500,0.0000,-0.056214,0.597337,0.000000,0.0000
4056.50,0.076521,0.651151,0.006489,0.0000,-0.056214,0.597337,0.000000,0.0000
4061.94,0.074768,0.651783,0.006447,0.0000,-0.056214,0.597337,0.000000,0.0000
4067.32,0.074768,0.651783,0.006447,0.0000,-0.056214,0.597337,0.000000,0.0000
4072.82,0.073055,0.652399,0.006480,0.0000,-0.056214,0.597337,0.000000,0.0000
4078.22,0.071313,0.652926,0.006512,0.0000,-0.056214,0.597337,0.000000,0.0000
4083.61,0.071313,0.652926,0.006512,0.0000,-0.056214,0.597337,0.000000,0.0000
4088.97,0.069509,0.653522,0.006492,0.0000,-0.074607,0.595269,0.000000,0.0000
4094.42,0.069509,0.653522,0.006492,0.0000,-0.074607,0.595269,0.000000,0.0000
4100.04,0.067655,0.654072,0.006540,0.0000,-0.074607,0.595269,0.000000,0.0000
4105.61,0.065944,0.654598,0.006479,0.0000,-0.074607,0.595269,0.000000,0.0000
4111.46,0.064092,0.655121,0.006526,0.0000,-0.074607,0.595269,0.000000,0.0000
4116.85,0.064092,0.655121,0.006526,0.0000,-0.074607,0.595269,0.000000,0.0000
4122.17,0.062304,0.655573,0.006519,0.0000,-0.074607,0.595269,0.000000,0.0000
4127.51,0.062304,0.655573,0.006519,0.0000,-0.074607,0.595269,0.000000,0.0000
4132.83,0.060391,0.656085,0.006580,0.0000,-0.074607,0.595269,0.000000,0.0000
4138.20,0.058598,0.656505,0.006525,0.0000,-0.074607,0.595269,0.000000,0.0000
4143.56,0.058598,0.656505,0.006525,0.0000,-0.074607,0.595269,0.000000,0.0000
4148.89,0.056706,0.656992,0.006523,0.0000,-0.092705,0.592613,0.000000,0.0000
4154.29,0.054805,0.657343,0.006532,0.0000,-0.092705,0.592613,0.000000,0.0000
4159.61,0.054805,0.657343,0.006532,0.0000,-0.092705,0.592613,0.000000,0.0000
4164.97,0.052957,0.657763,0.006504,0.0000,-0.092705,0.592613,0.000000,0.0000
4170.31,0.051047,0.658061,0.006563,0.0000,-0.092705,0.592613,0.000000,0.0000
4175.61,0.051047,0.658061,0.006563,0.0000,-0.092705,0.592613,0.000000,0.0000
4180.94,0.049170,0.658441,0.006574,0.0000,-0.092705,0.592613,0.000000,0.0000
4186.35,0.047180,0.658753,0.006566,0.0000,-0.092705,0.592613,0.000000,0.0000
4191.80,0.047180,0.658753,0.006566,0.0000,-0.092705,0.592613,0.000000,0.0000
4197.17,0.045238,0.659145,0.006534,0.0000,-0.092705,0.592613,0.000000,0.0000
4202.49,0.045238,0.659145,0.006534,0.0000,-0.092705,0.592613,0.000000,0.0000
4207.83,0.043334,0.659419,0.006588,0.0000,-0.092705,0.592613,0.000000,0.0000
4213.82,0.041300,0.659681,0.006587,0.0000,-0.092705,0.592613,0.000000,0.0000
4219.14,0.041300,0.659681,0.006587,0.0000,-0.092705,0.592613,0.000000,0.0000
4224.43,0.039404,0.659910,0.006595,0.0000,-0.092705,0.592613,0.000000,0.0000
4229.77,0.037371,0.660176,0.006609,0.0000,-0.110437,0.589372,0.000000,0.0000
4235.11,0.037371,0.660176,0.006609,0.0000,-0.110437,0.589372,0.000000,0.0000
4240.55,0.035370,0.660350,0.006578,0.0000,-0.110437,0.589372,0.000000,0.0000
4245.87,0.033339,0.660596,0.006574,0.0000,-0.110437,0.589372,0.000000,0.0000
4251.22,0.033339,0.660596,0.006574,0.0000,-0.110437,0.589372,0.000000,0.0000
4256.49,0.031237,0.660745,0.006603,0.0000,-0.110437,0.589372,0.000000,0.0000
4261.81,0.029170,0.660929,0.006645,0.0000,-0.110437,0.589372,0.000000,0.0000
4267.13,0.029170,0.660929,0.006645,0.0000,-0.110437,0.589372,0.000000,0.0000
4272.43,0.027084,0.661133,0.006652,0.0000,-0.110437,0.589372,0.000000,0.0000
4277.75,0.027084,0.661133,0.006652,0.0000,-0.110437,0.589372,0.000000,0.0000
4283.30,0.024943,0.661266,0.006615,0.0000,-0.110437,0.589372,0.000000,0.0000
4288.61,0.022831,0.661420,0.006672,0.0000,-0.110437,0.589372,0.000000,0.0000
4293.99,0.022831,0.661420,0.006672,0.0000,-0.110437,0.589372,0.000000,0.0000
4299.36,0.020720,0.661511,0.006682,0.0000,-0.110437,0.589372,0.000000,0.0000
4304.67,0.018592,0.661570,0.006770,0.0000,-0.110437,0.589372,0.000000,0.0000
4310.01,0.018592,0.661570,0.006770,0.0000,-0.110437,0.589372,0.000000,0.0000
4315.55,0.016407,0.661681,0.006798,0.0000,-0.127734,0.585550,0.000000,0.0000
4320.89,0.014245,0.661660,0.006756,0.0000,-0.127734,0.585550,0.000000,0.0000
4326.22,0.014245,0.661660,0.006756,0.0000,-0.127734,0.585550,0.000000,0.0000
4331.51,0.012028,0.661816,0.006806,0.0000,-0.127734,0.585550,0.000000,0.0000
4336.82,0.009815,0.661722,0.006807,0.0000,-0.127734,0.585550,0.000000,0.0000
4342.16,0.009815,0.661722,0.006807,0.0000,-0.127734,0.585550,0.000000,0.0000
4347.83,0.007709,0.661816,0.006900,0.0000,-0.127734,0.585550,0.000000,0.0000
4353.21,0.005462,0.661728,0.006931,0.0000,-0.127734,0.585550,0.000000,0.0000
4358.55,0.005462,0.661728,0.006931,0.0000,-0.127734,0.585550,0.000000,0.0000
4363.88,0.003263,0.661733,0.006904,0.0000,-0.127734,0.585550,0.000000,0.0000
4369.22,0.003263,0.661733,0.006904,0.0000,-0.127734,0.585550,0.000000,0.0000
4374.56,0.001013,0.661618,0.006916,0.0000,-0.127734,0.585550,0.000000,0.0000
4380.20,-0.001232,0.661617,0.006910,0.0000,-0.127734,0.585550,0.000000,0.0000
4385.56,-0.001232,0.661617,0.006910,0.0000,-0.127734,0.585550,0.000000,0.0000
4390.94,-0.003524,0.661463,0.006975,0.0000,-0.127734,0.585550,0.000000,0.0000
4396.27,-0.005748,0.661410,0.007027,0.0000,-0.144526,0.581150,0.000000,0.0000
4401.57,-0.005748,0.661410,0.007027,0.0000,-0.144526,0.581150,0.000000,0.0000
4406.92,-0.008027,0.661271,0.007064,0.0000,-0.144526,0.581150,0.000000,0.0000
4412.37,-0.010311,0.661170,0.007026,0.0000,-0.144526,0.581150,0.000000,0.0000
4418.10,-0.010311,0.661170,0.007026,0.0000,-0.144526,0.581150,0.000000,0.0000
4423.42,-0.012570,0.660961,0.007003,0.0000,-0.144526,0.581150,0.000000,0.0000
4429.01,-0.014810,0.660830,0.007016,0.0000,-0.144526,0.581150,0.000000,0.0000
4434.36,-0.014810,0.660830,0.007016,0.0000,-0.144526,0.581150,0.000000,0.0000
4439.68,-0.017134,0.660617,0.007016,0.0000,-0.144526,0.581150,0.000000,0.0000
4445.00,-0.019410,0.660449,0.007085,0.0000,-0.144526,0.581150,0.000000,0.0000
4450.32,-0.019410,0.660449,0.007085,0.0000,-0.144526,0.581150,0.000000,0.0000
4455.65,-0.021679,0.660201,0.007051,0.0000,-0.160748,0.576176,0.000000,0.0000
4460.98,-0.023979,0.659965,0.007006,0.0000,-0.160748,0.576176,0.000000,0.0000
4466.68,-0.023979,0.659965,0.007006,0.0000,-0.160748,0.576176,0.000000,0.0000
4472.05,-0.026382,0.659752,0.006986,0.0000,-0.160748,0.576176,0.000000,0.0000
4477.45,-0.026382,0.659752,0.006986,0.0000,-0.160748,0.576176,0.000000,0.0000
4482.79,-0.028695,0.659421,0.006961,0.0000,-0.160748,0.576176,0.000000,0.0000
4488.15,-0.030960,0.659194,0.007015,0.0000,-0.160748,0.576176,0.000000,0.0000
4493.49,-0.030960,0.659194,0.007015,0.0000,-0.160748,0.576176,0.000000,0.0000
4498.92,-0.033347,0.658879,0.007048,0.0000,-0.160748,0.576176,0.000000,0.0000
4504.30,-0.035619,0.658636,0.006972,0.0000,-0.160748,0.576176,0.000000,0.0000
4509.64,-0.035619,0.658636,0.006972,0.0000,-0.160748,0.576176,0.000000,0.0000
4514.97,-0.037934,0.658305,0.006953,0.0000,-0.160748,0.576176,0.000000,0.0000
4520.81,-0.040196,0.657999,0.006980,0.0000,-0.160748,0.576176,0.000000,0.0000
4526.17,-0.040196,0.657999,0.006980,0.0000,-0.160748,0.576176,0.000000,0.0000
4531.50,-0.042451,0.657753,0.007020,0.0000,-0.160748,0.576176,0.000000,0.0000
4536.87,-0.044730,0.657315,0.007027,0.0000,-0.176336,0.570634,0.000000,0.0000
4542.25,-0.044730,0.657315,0.007027,0.0000,-0.176336,0.570634,0.000000,0.0000
4547.59,-0.047020,0.657040,0.007052,0.0000,-0.176336,0.570634,0.000000,0.0000
4553.13,-0.049310,0.656604,0.007026,0.0000,-0.176336,0.570634,0.000000,0.0000
4558.64,-0.049310,0.656604,0.007026,0.0000,-0.176336,0.570634,0.000000,0.0000
4564.19,-0.051624,0.656333,0.007069,0.0000,-0.176336,0.570634,0.000000,0.0000
4569.64,-0.053832,0.655910,0.007061,0.0000,-0.176336,0.570634,0.000000,0.0000
4575.12,-0.053832,0.655910,0.007061,0.0000,-0.176336,0.570634,0.000000,0.0000
4580.49,-0.056126,0.655433,0.007052,0.0000,-0.176336,0.570634,0.000000,0.0000
4585.84,-0.056126,0.655433,0.007052,0.0000,-0.176336,0.570634,0.000000,0.0000
4591.29,-0.058276,0.654986,0.007082,0.0000,-0.176336,0.570634,0.000000,0.0000
4596.95,-0.060535,0.654523,0.007082,0.0000,-0.176336,0.570634,0.000000,0.0000
4602.32,-0.060535,0.654523,0.007082,0.0000,-0.191227,0.564528,0.000000,0.0000
4607.61,-0.062752,0.654155,0.007104,0.0000,-0.191227,0.564528,0.000000,0.0000
4612.97,-0.064927,0.653680,0.007175,0.0000,-0.191227,0.564528,0.000000,0.0000
4618.34,-0.064927,0.653680,0.007175,0.0000,-0.191227,0.564528,0.000000,0.0000
4623.43,-0.067154,0.653231,0.007093,0.0000,-0.191227,0.564528,0.000000,0.0000
4628.89,-0.069302,0.652767,0.007120,0.0000,-0.191227,0.564528,0.000000,0.0000
4634.31,-0.069302,0.652767,0.007120,0.0000,-0.191227,0.564528,0.000000,0.0000
4639.70,-0.071491,0.652245,0.007056,0.0000,-0.191227,0.564528,0.000000,0.0000
4645.06,-0.073668,0.651799,0.007139,0.0000,-0.191227,0.564528,0.000000,0.0000
4650.43,-0.073668,0.651799,0.007139,0.0000,-0.191227,0.564528,0.000000,0.0000
4655.83,-0.075840,0.651300,0.007106,0.0000,-0.191227,0.564528,0.000000,0.0000
4661.54,-0.077941,0.650683,0.007059,0.0000,-0.191227,0.564528,0.000000,0.0000
4666.98,-0.077941,0.650683,0.007059,0.0000,-0.191227,0.564528,0.000000,0.0000
4672.37,-0.080101,0.650203,0.007055,0.0000,-0.191227,0.564528,0.000000,0.0000
4677.99,-0.082224,0.649625,0.007032,0.0000,-0.191227,0.564528,0.000000,0.0000
4683.43,-0.082224,0.649625,0.007032,0.0000,-0.205364,0.557866,0.000000,0.0000
4688.76,-0.084272,0.649100,0.007073,0.0000,-0.205364,0.557866,0.000000,0.0000
4694.12,-0.084272,0.649100,0.007073,0.0000,-0.205364,0.557866,0.000000,0.0000
4699.45,-0.086406,0.648584,0.007014,0.0000,-0.205364,0.557866,0.000000,0.0000
4705.43,-0.088382,0.647959,0.007000,0.0000,-0.205364,0.557866,0.000000,0.0000
4710.80,-0.088382,0.647959,0.007000,0.0000,-0.205364,0.557866,0.000000,0.0000
4716.15,-0.090480,0.647369,0.006964,0.0000,-0.205364,0.557866,0.000000,0.0000
4721.53,-0.092454,0.646802,0.007009,0.0000,-0.205364,0.557866,0.000000,0.0000
4726.87,-0.092454,0.646802,0.007009,0.0000,-0.205364,0.557866,0.000000,0.0000
4732.35,-0.094568,0.646266,0.006968,0.0000,-0.205364,0.557866,0.000000,0.0000
4737.68,-0.096597,0.645554,0.006930,0.0000,-0.205364,0.557866,0.000000,0.0000
4743.05,-0.096597,0.645554,0.006930,0.0000,-0.205364,0.557866,0.000000,0.0000
4748.38,-0.098541,0.644943,0.006900,0.0000,-0.205364,0.557866,0.000000,0.0000
4753.67,-0.100599,0.644306,0.006889,0.0000,-0.205364,0.557866,0.000000,0.0000
4759.04,-0.100599,0.644306,0.006889,0.0000,-0.205364,0.557866,0.000000,0.0000
4764.40,-0.102519,0.643722,0.006893,0.0000,-0.218691,0.550653,0.000000,0.0000
4769.83,-0.104510,0.643033,0.006847,0.0000,-0.218691,0.550653,0.000000,0.0000
4775.23,-0.104510,0.643033,0.006847,0.0000,-0.218691,0.550653,0.000000,0.0000
4780.56,-0.106418,0.642343,0.006824,0.0000,-0.218691,0.550653,0.000000,0.0000
4785.92,-0.106418,0.642343,0.006824,0.0000,-0.218691,0.550653,0.000000,0.0000
4791.29,-0.108296,0.641724,0.006863,0.0000,-0.218691,0.550653,0.000000,0.0000
4796.87,-0.110300,0.641080,0.006844,0.0000,-0.218691,0.550653,0.000000,0.0000
4802.21,-0.110300,0.641080,0.006844,0.0000,-0.218691,0.550653,0.000000,0.0000
4807.71,-0.112040,0.640316,0.006762,0.0000,-0.218691,0.550653,0.000000,0.0000
4813.14,-0.114004,0.639608,0.006769,0.0000,-0.218691,0.550653,0.000000,0.0000
4818.49,-0.114004,0.639608,0.006769,0.0000,-0.218691,0.550653,0.000000,0.0000
4824.14,-0.115902,0.638938,0.006806,0.0000,-0.218691,0.550653,0.000000,0.0000
4829.50,-0.117782,0.638217,0.006784,0.0000,-0.218691,0.550653,0.000000,0.0000
4834.84,-0.117782,0.638217,0.006784,0.0000,-0.218691,0.550653,0.000000,0.0000
4840.22,-0.119713,0.637422,0.006815,0.0000,-0.218691,0.550653,0.000000,0.0000
4845.66,-0.121513,0.636666,0.006817,0.0000,-0.231154,0.542896,0.000000,0.0000
4851.07,-0.121513,0.636666,0.006817,0.0000,-0.231154,0.542896,0.000000,0.0000
4856.42,-0.123368,0.635915,0.006761,0.0000,-0.231154,0.542896,0.000000,0.0000
4861.84,-0.125208,0.635130,0.006795,0.0000,-0.231154,0.542896,0.000000,0.0000
4867.21,-0.125208,0.635130,0.006795,0.0000,-0.231154,0.542896,0.000000,0.0000
4872.56,-0.126982,0.634388,0.006810,0.0000,-0.231154,0.542896,0.000000,0.0000
4877.96,-0.128762,0.633531,0.006743,0.0000,-0.231154,0.542896,0.000000,0.0000
4883.42,-0.128762,0.633531,0.006743,0.0000,-0.231154,0.542896,0.000000,0.0000
4888.78,-0.130471,0.632725,0.006732,0.0000,-0.231154,0.542896,0.000000,0.0000
4894.14,-0.130471,0.632725,0.006732,0.0000,-0.231154,0.542896,0.000000,0.0000
4899.49,-0.132242,0.631948,0.006757,0.0000,-0.231154,0.542896,0.000000,0.0000
4904.84,-0.134026,0.631191,0.006757,0.0000,-0.231154,0.542896,0.000000,0.0000
4910.81,-0.134026,0.631191,0.006757,0.0000,-0.242705,0.534604,0.000000,0.0000
4916.14,-0.135723,0.630329,0.006706,0.0000,-0.242705,0.534604,0.000000,0.0000
4921.50,-0.137372,0.629466,0.006674,0.0000,-0.242705,0.534604,0.000000,0.0000
4926.89,-0.137372,0.629466,0.006674,0.0000,-0.242705,0.534604,0.000000,0.0000
4932.27,-0.139071,0.628644,0.006730,0.0000,-0.242705,0.534604,0.000000,0.0000
4937.62,-0.140778,0.627759,0.006714,0.0000,-0.242705,0.534604,0.000000,0.0000
4942.96,-0.140778,0.627759,0.006714,0.0000,-0.242705,0.534604,0.000000,0.0000
4948.32,-0.142519,0.626925,0.006672,0.0000,-0.242705,0.534604,0.000000,0.0000
4953.69,-0.144161,0.626016,0.006662,0.0000,-0.242705,0.534604,0.000000,0.0000
4959.25,-0.144161,0.626016,0.006662,0.0000,-0.242705,0.534604,0.000000,0.0000
4964.56,-0.145865,0.625157,0.006671,0.0000,-0.242705,0.534604,0.000000,0.0000
4969.97,-0.147631,0.624337,0.006700,0.0000,-0.242705,0.534604,0.000000,0.0000
4975.32,-0.147631,0.624337,0.006700,0.0000,-0.242705,0.534604,0.000000,0.0000
4980.71,-0.149225,0.623366,0.006673,0.0000,-0.242705,0.534604,0.000000,0.0000
4986.08,-0.149225,0.623366,0.006673,0.0000,-0.242705,0.534604,0.000000,0.0000
4991.43,-0.150843,0.622450,0.006623,0.0000,-0.253298,0.525784,0.000000,0.0000
4996.87,-0.152517,0.621518,0.006655,0.0000,-0.253298,0.525784,0.000000,0.0000
5002.21,-0.152517,0.621518,0.006655,0.0000,-0.253298,0.525784,0.000000,0.0000
5007.55,-0.154073,0.620603,0.006643,0.0000,-0.253298,0.525784,0.000000,0.0000
5013.44,-0.155766,0.619651,0.006581,0.0000,-0.253298,0.525784,0.000000,0.0000
5018.78,-0.155766,0.619651,0.006581,0.0000,-0.253298,0.525784,0.000000,0.0000
5024.14,-0.157366,0.618758,0.006597,0.0000,-0.253298,0.525784,0.000000,0.0000
5029.83,-0.158983,0.617803,0.006580,0.0000,-0.253298,0.525784,0.000000,0.0000
5035.21,-0.158983,0.617803,0.006580,0.0000,-0.253298,0.525784,0.000000,0.0000
5040.61,-0.160672,0.616919,0.006569,0.0000,-0.253298,0.525784,0.000000,0.0000
5046.02,-0.162208,0.615913,0.006564,0.0000,-0.253298,0.525784,0.000000,0.0000
5051.38,-0.162208,0.615913,0.006564,0.0000,-0.253298,0.525784,0.000000,0.0000
5056.68,-0.163776,0.614913,0.006493,0.0000,-0.253298,0.525784,0.000000,0.0000
5062.02,-0.165382,0.613970,0.006501,0.0000,-0.253298,0.525784,0.000000,0.0000
5067.37,-0.165382,0.613970,0.006501,0.0000,-0.253298,0.525784,0.000000,0.0000
5072.69,-0.166937,0.612927,0.006555,0.0000,-0.262892,0.516445,0.000000,0.0000
5078.10,-0.168566,0.611960,0.006559,0.0000,-0.262892,0.516445,0.000000,0.0000
5083.44,-0.168566,0.611960,0.006559,0.0000,-0.262892,0.516445,0.000000,0.0000
5088.81,-0.170143,0.610981,0.006577,0.0000,-0.262892,0.516445,0.000000,0.0000
5094.84,-0.171742,0.609966,0.006580,0.0000,-0.262892,0.516445,0.000000,0.0000
5100.37,-0.171742,0.609966,0.006580,0.0000,-0.262892,0.516445,0.000000,0.0000
5105.68,-0.173344,0.609005,0.006571,0.0000,-0.262892,0.516445,0.000000,0.0000
5111.08,-0.173344,0.609005,0.006571,0.0000,-0.262892,0.516445,0.000000,0.0000
5116.43,-0.174915,0.608010,0.006579,0.0000,-0.262892,0.516445,0.000000,0.0000
5121.98,-0.176593,0.607071,0.006639,0.0000,-0.262892,0.516445,0.000000,0.0000
5127.37,-0.176593,0.607071,0.006639,0.0000,-0.262892,0.516445,0.000000,0.0000
5132.74,-0.178141,0.606027,0.006651,0.0000,-0.271448,0.506597,0.000000,0.0000
5138.15,-0.179678,0.605047,0.006604,0.0000,-0.271448,0.506597,0.000000,0.0000
5143.49,-0.179678,0.605047,0.006604,0.0000,-0.271448,0.506597,0.000000,0.0000
5148.89,-0.181257,0.604030,0.006632,0.0000,-0.271448,0.506597,0.000000,0.0000
5154.37,-0.182805,0.603042,0.006610,0.0000,-0.271448,0.506597,0.000000,0.0000
5159.67,-0.182805,0.603042,0.006610,0.0000,-0.271448,0.506597,0.000000,0.0000
5165.12,-0.184425,0.602083,0.006596,0.0000,-0.271448,0.506597,0.000000,0.0000
5170.49,-0.185919,0.601035,0.006614,0.0000,-0.271448,0.506597,0.000000,0.0000
5176.28,-0.185919,0.601035,0.006614,0.0000,-0.271448,0.506597,0.000000,0.0000
5181.62,-0.187496,0.600045,0.006565,0.0000,-0.271448,0.506597,0.000000,0.0000
5186.97,-0.189058,0.599019,0.006536,0.0000,-0.271448,0.506597,0.000000,0.0000
5192.43,-0.189058,0.599019,0.006536,0.0000,-0.271448,0.506597,0.000000,0.0000
5198.06,-0.190589,0.598049,0.006488,0.0000,-0.271448,0.506597,0.000000,0.0000
5203.44,-0.192286,0.597071,0.006474,0.0000,-0.271448,0.506597,0.000000,0.0000
5208.79,-0.192286,0.597071,0.006474,0.0000,-0.271448,0.506597,0.000000,0.0000
5214.20,-0.193830,0.596026,0.006510,0.0000,-0.278933,0.496248,0.000000,0.0000
5219.56,-0.193830,0.596026,0.006510,0.0000,-0.278933,0.496248,0.000000,0.0000
5224.90,-0.195392,0.595009,0.006469,0.0000,-0.278933,0.496248,0.000000,0.0000
5230.59,-0.197031,0.593982,0.006473,0.0000,-0.278933,0.496248,0.000000,0.0000
5235.95,-0.197031,0.593982,0.006473,0.0000,-0.278933,0.496248,0.000000,0.0000
5241.32,-0.198586,0.592958,0.006476,0.0000,-0.278933,0.496248,0.000000,0.0000
5246.86,-0.200243,0.591952,0.006498,0.0000,-0.278933,0.496248,0.000000,0.0000
5252.20,-0.200243,0.591952,0.006498,0.0000,-0.278933,0.496248,0.000000,0.0000
5257.62,-0.201853,0.590936,0.006511,0.0000,-0.278933,0.496248,0.000000,0.0000
5262.96,-0.203521,0.590015,0.006529,0.0000,-0.278933,0.496248,0.000000,0.0000
5268.38,-0.203521,0.590015,0.006529,0.0000,-0.278933,0.496248,0.000000,0.0000
5274.02,-0.205127,0.588926,0.006471,0.0000,-0.278933,0.496248,0.000000,0.0000
5279.56,-0.206737,0.587908,0.006473,0.0000,-0.278933,0.496248,0.000000,0.0000
5284.92,-0.206737,0.587908,0.006473,0.0000,-0.278933,0.496248,0.000000,0.0000
5290.36,-0.208369,0.586962,0.006416,0.0000,-0.278933,0.496248,0.000000,0.0000
5295.93,-0.210108,0.585994,0.006467,0.0000,-0.285317,0.485410,0.000000,0.0000
5301.30,-0.210108,0.585994,0.006467,0.0000,-0.285317,0.485410,0.000000,0.0000
5306.78,-0.211780,0.585078,0.006476,0.0000,-0.285317,0.485410,0.000000,0.0000
5312.17,-0.213419,0.584054,0.006388,0.0000,-0.285317,0.485410,0.000000,0.0000
5317.57,-0.213419,0.584054,0.006388,0.0000,-0.285317,0.485410,0.000000,0.0000
5322.95,-0.215112,0.583011,0.006386,0.0000,-0.285317,0.485410,0.000000,0.0000
5328.30,-0.216765,0.582061,0.006412,0.0000,-0.285317,0.485410,0.000000,0.0000
5333.68,-0.216765,0.582061,0.006412,0.0000,-0.285317,0.485410,0.000000,0.0000
5339.06,-0.218490,0.581078,0.006425,0.0000,-0.285317,0.485410,0.000000,0.0000
5344.64,-0.220221,0.580116,0.006424,0.0000,-0.285317,0.485410,0.000000,0.0000
5350.16,-0.220221,0.580116,0.006424,0.0000,-0.285317,0.485410,0.000000,0.0000
5355.50,-0.221853,0.579121,0.006372,0.0000,-0.285317,0.485410,0.000000,0.0000
5360.88,-0.221853,0.579121,0.006372,0.0000,-0.290575,0.474093,0.000000,0.0000
5366.24,-0.223546,0.578148,0.006422,0.0000,-0.290575,0.474093,0.000000,0.0000
5371.79,-0.225230,0.577181,0.006401,0.0000,-0.290575,0.474093,0.000000,0.0000
5377.16,-0.225230,0.577181,0.006401,0.0000,-0.290575,0.474093,0.000000,0.0000
5383.04,-0.226950,0.576225,0.006387,0.0000,-0.290575,0.474093,0.000000,0.0000
5388.50,-0.228567,0.575266,0.006469,0.0000,-0.290575,0.474093,0.000000,0.0000
5393.87,-0.228567,0.575266,0.006469,0.0000,-0.290575,0.474093,0.000000,0.0000
5399.22,-0.230230,0.574304,0.006505,0.0000,-0.290575,0.474093,0.000000,0.0000
5404.56,-0.231840,0.573326,0.006525,0.0000,-0.290575,0.474093,0.000000,0.0000
5409.91,-0.231840,0.573326,0.006525,0.0000,-0.290575,0.474093,0.000000,0.0000
5415.32,-0.233489,0.572425,0.006566,0.0000,-0.290575,0.474093,0.000000,0.0000
5420.79,-0.235224,0.571439,0.006616,0.0000,-0.290575,0.474093,0.000000,0.0000
5426.18,-0.235224,0.571439,0.006616,0.0000,-0.290575,0.474093,0.000000,0.0000
5431.52,-0.237009,0.570434,0.006682,0.0000,-0.290575,0.474093,0.000000,0.0000
5436.94,-0.238953,0.569477,0.006678,0.0000,-0.290575,0.474093,0.000000,0.0000
5442.36,-0.238953,0.569477,0.006678,0.0000,-0.294686,0.462308,0.000000,0.0000
5447.79,-0.240715,0.568520,0.006656,0.0000,-0.294686,0.462308,0.000000,0.0000
5453.23,-0.242423,0.567622,0.006737,0.0000,-0.294686,0.462308,0.000000,0.0000
5458.55,-0.242423,0.567622,0.006737,0.0000,-0.294686,0.462308,0.000000,0.0000
5463.90,-0.244205,0.566689,0.006716,0.0000,-0.294686,0.462308,0.000000,0.0000
5469.27,-0.244205,0.566689,0.006716,0.0000,-0.294686,0.462308,0.000000,0.0000
5474.66,-0.245996,0.565673,0.006763,0.0000,-0.294686,0.462308,0.000000,0.0000
5480.18,-0.247711,0.564799,0.006821,0.0000,-0.294686,0.462308,0.000000,0.0000
5486.33,-0.249378,0.563842,0.006791,0.0000,-0.294686,0.462308,0.000000,0.0000
5491.88,-0.249378,0.563842,0.006791,0.0000,-0.294686,0.462308,0.000000,0.0000
5497.22,-0.251172,0.562910,0.006806,0.0000,-0.294686,0.462308,0.000000,0.0000
5502.57,-0.251172,0.562910,0.006806,0.0000,-0.294686,0.462308,0.000000,0.0000
5507.94,-0.252904,0.561995,0.006779,0.0000,-0.294686,0.462308,0.000000,0.0000
5513.43,-0.254650,0.561047,0.006886,0.0000,-0.294686,0.462308,0.000000,0.0000
5518.83,-0.254650,0.561047,0.006886,0.0000,-0.294686,0.462308,0.000000,0.0000
5524.23,-0.256356,0.560167,0.006843,0.0000,-0.297634,0.450067,0.000000,0.0000
5529.90,-0.258023,0.559204,0.006841,0.0000,-0.297634,0.450067,0.000000,0.0000
5535.27,-0.258023,0.559204,0.006841,0.0000,-0.297634,0.450067,0.000000,0.0000
5540.75,-0.259778,0.558293,0.006895,0.0000,-0.297634,0.450067,0.000000,0.0000
5546.12,-0.261438,0.557365,0.006946,0.0000,-0.297634,0.450067,0.000000,0.0000
5551.49,-0.261438,0.557365,0.006946,0.0000,-0.297634,0.450067,0.000000,0.0000
5556.84,-0.263109,0.556424,0.006956,0.0000,-0.297634,0.450067,0.000000,0.0000
5562.23,-0.264811,0.555507,0.006973,0.0000,-0.297634,0.450067,0.000000,0.0000
5568.03,-0.264811,0.555507,0.006973,0.0000,-0.297634,0.450067,0.000000,0.0000
5573.44,-0.266556,0.554619,0.006998,0.0000,-0.297634,0.450067,0.000000,0.0000
5579.18,-0.268326,0.553817,0.007082,0.0000,-0.297634,0.450067,0.000000,0.0000
5584.56,-0.268326,0.553817,0.007082,0.0000,-0.299408,0.437381,0.000000,0.0000
5589.92,-0.269958,0.552786,0.007060,0.0000,-0.299408,0.437381,0.000000,0.0000
5595.31,-0.271590,0.551915,0.007101,0.0000,-0.299408,0.437381,0.000000,0.0000
5600.79,-0.271590,0.551915,0.007101,0.0000,-0.299408,0.437381,0.000000,0.0000
5606.32,-0.273260,0.551057,0.007111,0.0000,-0.299408,0.437381,0.000000,0.0000
5611.65,-0.274821,0.550095,0.007150,0.0000,-0.299408,0.437381,0.000000,0.0000
5617.05,-0.274821,0.550095,0.007150,0.0000,-0.299408,0.437381,0.000000,0.0000
5622.37,-0.276430,0.549239,0.007157,0.0000,-0.299408,0.437381,0.000000,0.0000
5627.70,-0.276430,0.549239,0.007157,0.0000,-0.299408,0.437381,0.000000,0.0000
5633.06,-0.278078,0.548307,0.007141,0.0000,-0.299408,0.437381,0.000000,0.0000
5638.41,-0.279578,0.547415,0.007215,0.0000,-0.299408,0.437381,0.000000,0.0000
5643.76,-0.279578,0.547415,0.007215,0.0000,-0.299408,0.437381,0.000000,0.0000
5649.52,-0.281077,0.546591,0.007201,0.0000,-0.299408,0.437381,0.000000,0.0000
5654.87,-0.282639,0.545574,0.007143,0.0000,-0.299408,0.437381,0.000000,0.0000
5660.18,-0.282639,0.545574,0.007143,0.0000,-0.299408,0.437381,0.000000,0.0000
5665.51,-0.284077,0.544699,0.007183,0.0000,-0.300000,0.424264,0.000000,0.0000
5670.86,-0.285646,0.543771,0.007162,0.0000,-0.300000,0.424264,0.000000,0.0000
5676.19,-0.285646,0.543771,0.007162,0.0000,-0.300000,0.424264,0.000000,0.0000
5681.49,-0.287021,0.542880,0.007202,0.0000,-0.300000,0.424264,0.000000,0.0000
5686.82,-0.287021,0.542880,0.007202,0.0000,-0.300000,0.424264,0.000000,0.0000
5692.14,-0.288387,0.541940,0.007197,0.0000,-0.300000,0.424264,0.000000,0.0000
5697.43,-0.289862,0.540992,0.007157,0.0000,-0.300000,0.424264,0.000000,0.0000
5702.76,-0.289862,0.540992,0.007157,0.0000,-0.300000,0.424264,0.000000,0.0000
5708.10,-0.291212,0.540123,0.007233,0.0000,-0.300000,0.424264,0.000000,0.0000
5713.44,-0.292570,0.539165,0.007214,0.0000,-0.300000,0.424264,0.000000,0.0000
5718.77,-0.292570,0.539165,0.007214,0.0000,-0.300000,0.424264,0.000000,0.0000
5724.12,-0.293835,0.538275,0.007244,0.0000,-0.300000,0.424264,0.000000,0.0000
5729.90,-0.295145,0.537340,0.007249,0.0000,-0.300000,0.424264,0.000000,0.0000
5735.22,-0.295145,0.537340,0.007249,0.0000,-0.300000,0.424264,0.000000,0.0000
5740.56,-0.296436,0.536473,0.007290,0.0000,-0.300000,0.424264,0.000000,0.0000
5745.88,-0.297610,0.535495,0.007351,0.0000,-0.300000,0.424264,0.000000,0.0000
5751.84,-0.297610,0.535495,0.007351,0.0000,-0.299408,0.410728,0.000000,0.0000
5757.31,-0.298800,0.534612,0.007273,0.0000,-0.299408,0.410728,0.000000,0.0000
5762.61,-0.300013,0.533656,0.007313,0.0000,-0.299408,0.410728,0.000000,0.0000
5767.96,-0.300013,0.533656,0.007313,0.0000,-0.299408,0.410728,0.000000,0.0000
5773.28,-0.301151,0.532757,0.007296,0.0000,-0.299408,0.410728,0.000000,0.0000
5778.58,-0.302327,0.531823,0.007379,0.0000,-0.299408,0.410728,0.000000,0.0000
5783.91,-0.302327,0.531823,0.007379,0.0000,-0.299408,0.410728,0.000000,0.0000
5789.43,-0.303329,0.530913,0.007376,0.0000,-0.299408,0.410728,0.000000,0.0000
5794.75,-0.303329,0.530913,0.007376,0.0000,-0.299408,0.410728,0.000000,0.0000
5800.10,-0.304399,0.529952,0.007355,0.0000,-0.299408,0.410728,0.000000,0.0000
5805.41,-0.305471,0.529017,0.007346,0.0000,-0.299408,0.410728,0.000000,0.0000
5810.74,-0.305471,0.529017,0.007346,0.0000,-0.297634,0.396787,0.000000,0.0000
5816.14,-0.306445,0.528088,0.007397,0.0000,-0.297634,0.396787,0.000000,0.0000
5821.44,-0.307397,0.527211,0.007411,0.0000,-0.297634,0.396787,0.000000,0.0000
5826.79,-0.307397,0.527211,0.007411,0.0000,-0.297634,0.396787,0.000000,0.0000
5832.43,-0.308261,0.526221,0.007450,0.0000,-0.297634,0.396787,0.000000,0.0000
5837.76,-0.309133,0.525309,0.007388,0.0000,-0.297634,0.396787,0.000000,0.0000
5843.11,-0.309133,0.525309,0.007388,0.0000,-0.297634,0.396787,0.000000,0.0000
5848.42,-0.310024,0.524330,0.007457,0.0000,-0.297634,0.396787,0.000000,0.0000
5854.37,-0.310739,0.523442,0.007458,0.0000,-0.297634,0.396787,0.000000,0.0000
5859.66,-0.310739,0.523442,0.007458,0.0000,-0.297634,0.396787,0.000000,0.0000
5864.98,-0.311629,0.522479,0.007532,0.0000,-0.297634,0.396787,0.000000,0.0000
5870.36,-0.312300,0.521570,0.007526,0.0000,-0.297634,0.396787,0.000000,0.0000
5875.67,-0.312300,0.521570,0.007526,0.0000,-0.297634,0.396787,0.000000,0.0000
5881.10,-0.313072,0.520565,0.007487,0.0000,-0.297634,0.396787,0.000000,0.0000
5886.43,-0.313072,0.520565,0.007487,0.0000,-0.297634,0.396787,0.000000,0.0000
5891.76,-0.313752,0.519628,0.007540,0.0000,-0.294686,0.382454,0.000000,0.0000
5897.13,-0.314401,0.518708,0.007560,0.0000,-0.294686,0.382454,0.000000,0.0000
5902.43,-0.314401,0.518708,0.007560,0.0000,-0.294686,0.382454,0.000000,0.0000
5907.77,-0.315119,0.517708,0.007613,0.0000,-0.294686,0.382454,0.000000,0.0000
5913.42,-0.315714,0.516861,0.007671,0.0000,-0.294686,0.382454,0.000000,0.0000
5918.74,-0.315714,0.516861,0.007671,0.0000,-0.294686,0.382454,0.000000,0.0000
5924.06,-0.316307,0.515764,0.007654,0.0000,-0.294686,0.382454,0.000000,0.0000
5929.42,-0.316817,0.514779,0.007657,0.0000,-0.294686,0.382454,0.000000,0.0000
5934.76,-0.316817,0.514779,0.007657,0.0000,-0.294686,0.382454,0.000000,0.0000
5940.07,-0.317348,0.513855,0.007748,0.0000,-0.294686,0.382454,0.000000,0.0000
5945.59,-0.317877,0.512794,0.007747,0.0000,-0.294686,0.382454,0.000000,0.0000
5950.90,-0.317877,0.512794,0.007747,0.0000,-0.294686,0.382454,0.000000,0.0000
5956.86,-0.318395,0.511813,0.007837,0.0000,-0.294686,0.382454,0.000000,0.0000
5962.32,-0.318799,0.510803,0.007781,0.0000,-0.294686,0.382454,0.000000,0.0000
5967.63,-0.318799,0.510803,0.007781,0.0000,-0.294686,0.382454,0.000000,0.0000
5972.98,-0.319240,0.509796,0.007752,0.0000,-0.290575,0.367744,0.000000,0.0000
5978.32,-0.319693,0.508775,0.007783,0.0000,-0.290575,0.367744,0.000000,0.0000
5983.67,-0.319693,0.508775,0.007783,0.0000,-0.290575,0.367744,0.000000,0.0000
5988.98,-0.320045,0.507753,0.007846,0.0000,-0.290575,0.367744,0.000000,0.0000
5994.33,-0.320045,0.507753,0.007846,0.0000,-0.290575,0.367744,0.000000,0.0000
6000.04,-0.320407,0.506725,0.007828,0.0000,-0.290575,0.367744,0.000000,0.0000
6005.40,-0.320788,0.505717,0.007877,0.0000,-0.290575,0.367744,0.000000,0.0000
6010.75,-0.320788,0.505717,0.007877,0.0000,-0.290575,0.367744,0.000000,0.0000
6016.09,-0.321065,0.504602,0.007891,0.0000,-0.290575,0.367744,0.000000,0.0000
6021.44,-0.321365,0.503566,0.007807,0.0000,-0.290575,0.367744,0.000000,0.0000
6026.77,-0.321365,0.503566,0.007807,0.0000,-0.290575,0.367744,0.000000,0.0000
6032.18,-0.321643,0.502616,0.007852,0.0000,-0.290575,0.367744,0.000000,0.0000
6037.56,-0.321905,0.501471,0.007887,0.0000,-0.285317,0.352671,0.000000,0.0000
6042.91,-0.321905,0.501471,0.007887,0.0000,-0.285317,0.352671,0.000000,0.0000
6048.22,-0.322186,0.500458,0.007905,0.0000,-0.285317,0.352671,0.000000,0.0000
6053.49,-0.322345,0.499327,0.007887,0.0000,-0.285317,0.352671,0.000000,0.0000
6059.39,-0.322345,0.499327,0.007887,0.0000,-0.285317,0.352671,0.000000,0.0000
6064.75,-0.322529,0.498220,0.007838,0.0000,-0.285317,0.352671,0.000000,0.0000
6070.10,-0.322788,0.497157,0.007832,0.0000,-0.285317,0.352671,0.000000,0.0000
6075.42,-0.322788,0.497157,0.007832,0.0000,-0.285317,0.352671,0.000000,0.0000
6080.75,-0.322871,0.496004,0.007825,0.0000,-0.285317,0.352671,0.000000,0.0000
6086.07,-0.322871,0.496004,0.007825,0.0000,-0.285317,0.352671,0.000000,0.0000
6091.71,-0.323121,0.494942,0.007807,0.0000,-0.285317,0.352671,0.000000,0.0000
6097.07,-0.323233,0.493770,0.007798,0.0000,-0.285317,0.352671,0.000000,0.0000
6102.43,-0.323233,0.493770,0.007798,0.0000,-0.285317,0.352671,0.000000,0.0000
6107.95,-0.323314,0.492573,0.007736,0.0000,-0.285317,0.352671,0.000000,0.0000
6113.49,-0.323487,0.491405,0.007705,0.0000,-0.285317,0.352671,0.000000,0.0000
6118.87,-0.323487,0.491405,0.007705,0.0000,-0.278933,0.337250,0.000000,0.0000
6124.21,-0.323528,0.490252,0.007738,0.0000,-0.278933,0.337250,0.000000,0.0000
6129.49,-0.323578,0.489079,0.007750,0.0000,-0.278933,0.337250,0.000000,0.0000
6134.86,-0.323578,0.489079,0.007750,0.0000,-0.278933,0.337250,0.000000,0.0000
6140.19,-0.323767,0.487774,0.007679,0.0000,-0.278933,0.337250,0.000000,0.0000
6145.72,-0.323733,0.486587,0.007643,0.0000,-0.278933,0.337250,0.000000,0.0000
6151.08,-0.323733,0.486587,0.007643,0.0000,-0.278933,0.337250,0.000000,0.0000
6156.43,-0.323833,0.485402,0.007629,0.0000,-0.278933,0.337250,0.000000,0.0000
6162.40,-0.323984,0.484104,0.007611,0.0000,-0.278933,0.337250,0.000000,0.0000
6167.77,-0.323984,0.484104,0.007611,0.0000,-0.278933,0.337250,0.000000,0.0000
6173.08,-0.323989,0.482851,0.007567,0.0000,-0.278933,0.337250,0.000000,0.0000
6178.42,-0.323989,0.482851,0.007567,0.0000,-0.278933,0.337250,0.000000,0.0000
6183.83,-0.324079,0.481569,0.007506,0.0000,-0.278933,0.337250,0.000000,0.0000
6189.19,-0.324176,0.480251,0.007507,0.0000,-0.278933,0.337250,0.000000,0.0000
6194.64,-0.324075,0.479044,0.007505,0.0000,-0.278933,0.337250,0.000000,0.0000
6200.10,-0.324075,0.479044,0.007505,0.0000,-0.271448,0.321496,0.000000,0.0000
6205.44,-0.324237,0.477605,0.007457,0.0000,-0.271448,0.321496,0.000000,0.0000
6210.75,-0.324237,0.477605,0.007457,0.0000,-0.271448,0.321496,0.000000,0.0000
6216.07,-0.324245,0.476329,0.007482,0.0000,-0.271448,0.321496,0.000000,0.0000
6221.44,-0.324263,0.474942,0.007481,0.0000,-0.271448,0.321496,0.000000,0.0000
6226.78,-0.324263,0.474942,0.007481,0.0000,-0.271448,0.321496,0.000000,0.0000
6232.25,-0.324385,0.473615,0.007409,0.0000,-0.271448,0.321496,0.000000,0.0000
6237.56,-0.324390,0.472207,0.007424,0.0000,-0.271448,0.321496,0.000000,0.0000
6242.92,-0.324390,0.472207,0.007424,0.0000,-0.271448,0.321496,0.000000,0.0000
6248.23,-0.324419,0.470856,0.007390,0.0000,-0.271448,0.321496,0.000000,0.0000
6253.55,-0.324423,0.469361,0.007393,0.0000,-0.271448,0.321496,0.000000,0.0000
6258.90,-0.324423,0.469361,0.007393,0.0000,-0.271448,0.321496,0.000000,0.0000
6264.90,-0.324422,0.467990,0.007397,0.0000,-0.262892,0.305425,0.000000,0.0000
6270.25,-0.324403,0.466518,0.007437,0.0000,-0.262892,0.305425,0.000000,0.0000
6275.61,-0.324403,0.466518,0.007437,0.0000,-0.262892,0.305425,0.000000,0.0000
6281.26,-0.324435,0.465029,0.007400,0.0000,-0.262892,0.305425,0.000000,0.0000
6286.55,-0.324435,0.465029,0.007400,0.0000,-0.262892,0.305425,0.000000,0.0000
6291.86,-0.324378,0.463540,0.007400,0.0000,-0.262892,0.305425,0.000000,0.0000
6297.21,-0.324434,0.462046,0.007368,0.0000,-0.262892,0.305425,0.000000,0.0000
6302.56,-0.324434,0.462046,0.007368,0.0000,-0.262892,0.305425,0.000000,0.0000
6308.00,-0.324421,0.460494,0.007364,0.0000,-0.262892,0.305425,0.000000,0.0000
6313.49,-0.324423,0.458988,0.007313,0.0000,-0.262892,0.305425,0.000000,0.0000
6318.88,-0.324423,0.458988,0.007313,0.0000,-0.262892,0.305425,0.000000,0.0000
6324.22,-0.324409,0.457408,0.007346,0.0000,-0.262892,0.305425,0.000000,0.0000
6329.56,-0.324333,0.455855,0.007349,0.0000,-0.262892,0.305425,0.000000,0.0000
6334.94,-0.324333,0.455855,0.007349,0.0000,-0.262892,0.305425,0.000000,0.0000
6340.27,-0.324374,0.454251,0.007323,0.0000,-0.262892,0.305425,0.000000,0.0000
6345.36,-0.324341,0.452628,0.007284,0.0000,-0.253298,0.289052,0.000000,0.0000
6350.67,-0.324341,0.452628,0.007284,0.0000,-0.253298,0.289052,0.000000,0.0000
6355.99,-0.324300,0.451008,0.007216,0.0000,-0.253298,0.289052,0.000000,0.0000
6361.36,-0.324366,0.449392,0.007248,0.0000,-0.253298,0.289052,0.000000,0.0000
6366.67,-0.324366,0.449392,0.007248,0.0000,-0.253298,0.289052,0.000000,0.0000
6372.02,-0.324244,0.447710,0.007210,0.0000,-0.253298,0.289052,0.000000,0.0000
6377.35,-0.324244,0.447710,0.007210,0.0000,-0.253298,0.289052,0.000000,0.0000
6382.69,-0.324316,0.446001,0.007180,0.0000,-0.253298,0.289052,0.000000,0.0000
6388.05,-0.324246,0.444325,0.007225,0.0000,-0.253298,0.289052,0.000000,0.0000
6393.41,-0.324246,0.444325,0.007225,0.0000,-0.253298,0.289052,0.000000,0.0000
6398.73,-0.324249,0.442631,0.007146,0.0000,-0.253298,0.289052,0.000000,0.0000
6404.34,-0.324300,0.440908,0.007134,0.0000,-0.253298,0.289052,0.000000,0.0000
6409.67,-0.324300,0.440908,0.007134,0.0000,-0.253298,0.289052,0.000000,0.0000
6414.98,-0.324297,0.439179,0.007123,0.0000,-0.253298,0.289052,0.000000,0.0000
6420.32,-0.324230,0.437426,0.007116,0.0000,-0.253298,0.289052,0.000000,0.0000
6425.61,-0.324230,0.437426,0.007116,0.0000,-0.242705,0.272394,0.000000,0.0000
6431.33,-0.324244,0.435650,0.007127,0.0000,-0.242705,0.272394,0.000000,0.0000
6436.67,-0.324241,0.433808,0.007136,0.0000,-0.242705,0.272394,0.000000,0.0000
6442.00,-0.324241,0.433808,0.007136,0.0000,-0.242705,0.272394,0.000000,0.0000
6447.97,-0.324209,0.432059,0.007133,0.0000,-0.242705,0.272394,0.000000,0.0000
6453.40,-0.324174,0.430194,0.007004,0.0000,-0.242705,0.272394,0.000000,0.0000
6458.76,-0.324174,0.430194,0.007004,0.0000,-0.242705,0.272394,0.000000,0.0000
6464.15,-0.324131,0.428373,0.006996,0.0000,-0.242705,0.272394,0.000000,0.0000
6469.43,-0.324131,0.428373,0.006996,0.0000,-0.242705,0.272394,0.000000,0.0000
6474.78,-0.324209,0.426500,0.007073,0.0000,-0.242705,0.272394,0.000000,0.0000
6480.16,-0.324050,0.424694,0.007047,0.0000,-0.242705,0.272394,0.000000,0.0000
6485.49,-0.324050,0.424694,0.007047,0.0000,-0.242705,0.272394,0.000000,0.0000
6490.83,-0.324066,0.422714,0.007016,0.0000,-0.242705,0.272394,0.000000,0.0000
6496.17,-0.324094,0.420861,0.007066,0.0000,-0.242705,0.272394,0.000000,0.0000
6501.51,-0.324094,0.420861,0.007066,0.0000,-0.242705,0.272394,0.000000,0.0000
6506.88,-0.324003,0.418973,0.007003,0.0000,-0.231154,0.255468,0.000000,0.0000
6512.52,-0.323955,0.417112,0.006972,0.0000,-0.231154,0.255468,0.000000,0.0000
6517.86,-0.323955,0.417112,0.006972,0.0000,-0.231154,0.255468,0.000000,0.0000
6523.18,-0.323892,0.415158,0.006998,0.0000,-0.231154,0.255468,0.000000,0.0000
6529.24,-0.323764,0.413187,0.006994,0.0000,-0.231154,0.255468,0.000000,0.0000
6534.64,-0.323764,0.413187,0.006994,0.0000,-0.231154,0.255468,0.000000,0.0000
6539.96,-0.323736,0.411315,0.006978,0.0000,-0.231154,0.255468,0.000000,0.0000
6545.29,-0.323669,0.409380,0.006951,0.0000,-0.231154,0.255468,0.000000,0.0000
6550.63,-0.323669,0.409380,0.006951,0.0000,-0.231154,0.255468,0.000000,0.0000
6555.96,-0.323605,0.407388,0.006891,0.0000,-0.231154,0.255468,0.000000,0.0000
6561.28,-0.323543,0.405448,0.006898,0.0000,-0.231154,0.255468,0.000000,0.0000
6566.69,-0.323543,0.405448,0.006898,0.0000,-0.218691,0.238289,0.000000,0.0000
6572.01,-0.323269,0.403486,0.006936,0.0000,-0.218691,0.238289,0.000000,0.0000
6577.39,-0.323269,0.403486,0.006936,0.0000,-0.218691,0.238289,0.000000,0.0000
6582.66,-0.323223,0.401445,0.006840,0.0000,-0.218691,0.238289,0.000000,0.0000
6588.01,-0.323082,0.399498,0.006854,0.0000,-0.218691,0.238289,0.000000,0.0000
6593.33,-0.323082,0.399498,0.006854,0.0000,-0.218691,0.238289,0.000000,0.0000
6598.92,-0.322908,0.397476,0.006781,0.0000,-0.218691,0.238289,0.000000,0.0000
6604.26,-0.322624,0.395484,0.006778,0.0000,-0.218691,0.238289,0.000000,0.0000
6609.55,-0.322624,0.395484,0.006778,0.0000,-0.218691,0.238289,0.000000,0.0000
6614.91,-0.322568,0.393441,0.006813,0.0000,-0.218691,0.238289,0.000000,0.0000
6620.23,-0.322258,0.391366,0.006751,0.0000,-0.218691,0.238289,0.000000,0.0000
6625.55,-0.322258,0.391366,0.006751,0.0000,-0.218691,0.238289,0.000000,0.0000
6630.90,-0.322082,0.389365,0.006732,0.0000,-0.218691,0.238289,0.000000,0.0000
6636.28,-0.321788,0.387339,0.006722,0.0000,-0.218691,0.238289,0.000000,0.0000
6641.74,-0.321788,0.387339,0.006722,0.0000,-0.218691,0.238289,0.000000,0.0000
6647.07,-0.321641,0.385269,0.006767,0.0000,-0.205364,0.220875,0.000000,0.0000
6652.40,-0.321641,0.385269,0.006767,0.0000,-0.205364,0.220875,0.000000,0.0000
6657.73,-0.321283,0.383239,0.006795,0.0000,-0.205364,0.220875,0.000000,0.0000
6663.04,-0.320972,0.381190,0.006805,0.0000,-0.205364,0.220875,0.000000,0.0000
6668.37,-0.320972,0.381190,0.006805,0.0000,-0.205364,0.220875,0.000000,0.0000
6673.67,-0.320803,0.379218,0.006796,0.0000,-0.205364,0.220875,0.000000,0.0000
6679.14,-0.320368,0.377119,0.006754,0.0000,-0.205364,0.220875,0.000000,0.0000
6684.44,-0.320368,0.377119,0.006754,0.0000,-0.205364,0.220875,0.000000,0.0000
6689.78,-0.320063,0.375051,0.006801,0.0000,-0.205364,0.220875,0.000000,0.0000
6695.09,-0.319661,0.373024,0.006825,0.0000,-0.205364,0.220875,0.000000,0.0000
6700.43,-0.319661,0.373024,0.006825,0.0000,-0.205364,0.220875,0.000000,0.0000
6706.02,-0.319403,0.370959,0.006749,0.0000,-0.205364,0.220875,0.000000,0.0000
6711.40,-0.318967,0.368924,0.006764,0.0000,-0.205364,0.220875,0.000000,0.0000
6716.73,-0.318967,0.368924,0.006764,0.0000,-0.205364,0.220875,0.000000,0.0000
6722.08,-0.318484,0.366853,0.006829,0.0000,-0.205364,0.220875,0.000000,0.0000
6727.41,-0.318484,0.366853,0.006829,0.0000,-0.205364,0.220875,0.000000,0.0000
6732.57,-0.318143,0.364780,0.006880,0.0000,-0.191227,0.203243,0.000000,0.0000
6737.89,-0.317695,0.362703,0.006822,0.0000,-0.191227,0.203243,0.000000,0.0000
6743.20,-0.317695,0.362703,0.006822,0.0000,-0.191227,0.203243,0.000000,0.0000
6748.53,-0.317192,0.360657,0.006851,0.0000,-0.191227,0.203243,0.000000,0.0000
6753.84,-0.316584,0.358585,0.006912,0.0000,-0.191227,0.203243,0.000000,0.0000
6759.20,-0.316584,0.358585,0.006912,0.0000,-0.191227,0.203243,0.000000,0.0000
6764.49,-0.316078,0.356457,0.006997,0.0000,-0.191227,0.203243,0.000000,0.0000
6769.85,-0.315540,0.354398,0.006967,0.0000,-0.191227,0.203243,0.000000,0.0000
6775.18,-0.315540,0.354398,0.006967,0.0000,-0.191227,0.203243,0.000000,0.0000
6780.55,-0.314995,0.352360,0.007003,0.0000,-0.191227,0.203243,0.000000,0.0000
6785.90,-0.314995,0.352360,0.007003,0.0000,-0.191227,0.203243,0.000000,0.0000
6791.29,-0.314401,0.350343,0.007014,0.0000,-0.176336,0.185410,0.000000,0.0000
6796.62,-0.313834,0.348295,0.007080,0.0000,-0.176336,0.185410,0.000000,0.0000
6801.93,-0.313834,0.348295,0.007080,0.0000,-0.176336,0.185410,0.000000,0.0000
6807.43,-0.313222,0.346246,0.007049,0.0000,-0.176336,0.185410,0.000000,0.0000
6812.77,-0.312531,0.344230,0.007115,0.0000,-0.176336,0.185410,0.000000,0.0000
6818.09,-0.312531,0.344230,0.007115,0.0000,-0.176336,0.185410,0.000000,0.0000
6823.42,-0.311841,0.342180,0.007136,0.0000,-0.176336,0.185410,0.000000,0.0000
6828.74,-0.311176,0.340186,0.007203,0.0000,-0.176336,0.185410,0.000000,0.0000
6834.49,-0.311176,0.340186,0.007203,0.0000,-0.176336,0.185410,0.000000,0.0000
6839.80,-0.310502,0.338125,0.007214,0.0000,-0.176336,0.185410,0.000000,0.0000
6845.12,-0.309777,0.336141,0.007242,0.0000,-0.176336,0.185410,0.000000,0.0000
6850.43,-0.309777,0.336141,0.007242,0.0000,-0.176336,0.185410,0.000000,0.0000
6855.75,-0.308946,0.334156,0.007283,0.0000,-0.176336,0.185410,0.000000,0.0000
6861.06,-0.308946,0.334156,0.007283,0.0000,-0.176336,0.185410,0.000000,0.0000
6866.37,-0.308191,0.332161,0.007310,0.0000,-0.176336,0.185410,0.000000,0.0000
6871.68,-0.307450,0.330184,0.007283,0.0000,-0.160748,0.167395,0.000000,0.0000
6877.02,-0.307450,0.330184,0.007283,0.0000,-0.160748,0.167395,0.000000,0.0000
6882.36,-0.306607,0.328245,0.007350,0.0000,-0.160748,0.167395,0.000000,0.0000
6887.66,-0.306607,0.328245,0.007350,0.0000,-0.160748,0.167395,0.000000,0.0000
6892.99,-0.305785,0.326296,0.007442,0.0000,-0.160748,0.167395,0.000000,0.0000
6898.32,-0.305030,0.324252,0.007403,0.0000,-0.160748,0.167395,0.000000,0.0000
6903.60,-0.304044,0.322330,0.007394,0.0000,-0.160748,0.167395,0.000000,0.0000
6908.92,-0.304044,0.322330,0.007394,0.0000,-0.160748,0.167395,0.000000,0.0000
6914.40,-0.303133,0.320310,0.007429,0.0000,-0.160748,0.167395,0.000000,0.0000
6919.73,-0.302257,0.318389,0.007551,0.0000,-0.160748,0.167395,0.000000,0.0000
6925.08,-0.302257,0.318389,0.007551,0.0000,-0.160748,0.167395,0.000000,0.0000
6930.41,-0.301370,0.316398,0.007576,0.0000,-0.160748,0.167395,0.000000,0.0000
6935.43,-0.301370,0.316398,0.007576,0.0000,-0.160748,0.167395,0.000000,0.0000
6940.75,-0.300346,0.314487,0.007544,0.0000,-0.160748,0.167395,0.000000,0.0000
6946.09,-0.299407,0.312527,0.007562,0.0000,-0.160748,0.167395,0.000000,0.0000
6951.44,-0.299407,0.312527,0.007562,0.0000,-0.160748,0.167395,0.000000,0.0000
6956.86,-0.298361,0.310638,0.007676,0.0000,-0.144526,0.149214,0.000000,0.0000
6962.43,-0.297406,0.308720,0.007630,0.0000,-0.144526,0.149214,0.000000,0.0000
6967.78,-0.297406,0.308720,0.007630,0.0000,-0.144526,0.149214,0.000000,0.0000
6973.13,-0.296334,0.306787,0.007634,0.0000,-0.144526,0.149214,0.000000,0.0000
6978.55,-0.295288,0.304908,0.007735,0.0000,-0.144526,0.149214,0.000000,0.0000
6983.92,-0.295288,0.304908,0.007735,0.0000,-0.144526,0.149214,0.000000,0.0000
6989.43,-0.294271,0.302989,0.007726,0.0000,-0.144526,0.149214,0.000000,0.0000
6994.76,-0.294271,0.302989,0.007726,0.0000,-0.144526,0.149214,0.000000,0.0000
7000.08,-0.293185,0.301145,0.007687,0.0000,-0.144526,0.149214,0.000000,0.0000
7005.44,-0.292127,0.299260,0.007727,0.0000,-0.144526,0.149214,0.000000,0.0000
7010.79,-0.292127,0.299260,0.007727,0.0000,-0.144526,0.149214,0.000000,0.0000
7016.22,-0.290970,0.297356,0.007727,0.0000,-0.127734,0.130886,0.000000,0.0000
7021.86,-0.289884,0.295514,0.007750,0.0000,-0.127734,0.130886,0.000000,0.0000
7027.20,-0.289884,0.295514,0.007750,0.0000,-0.127734,0.130886,0.000000,0.0000
7032.49,-0.288794,0.293700,0.007721,0.0000,-0.127734,0.130886,0.000000,0.0000
7037.91,-0.287640,0.291855,0.007746,0.0000,-0.127734,0.130886,0.000000,0.0000
7043.23,-0.287640,0.291855,0.007746,0.0000,-0.127734,0.130886,0.000000,0.0000
7048.55,-0.286500,0.290054,0.007777,0.0000,-0.127734,0.130886,0.000000,0.0000
7053.87,-0.285322,0.288239,0.007807,0.0000,-0.127734,0.130886,0.000000,0.0000
7059.50,-0.285322,0.288239,0.007807,0.0000,-0.127734,0.130886,0.000000,0.0000
7064.82,-0.284172,0.286427,0.007750,0.0000,-0.127734,0.130886,0.000000,0.0000
7070.20,-0.282923,0.284596,0.007790,0.0000,-0.127734,0.130886,0.000000,0.0000
7075.53,-0.282923,0.284596,0.007790,0.0000,-0.127734,0.130886,0.000000,0.0000
7080.91,-0.281704,0.282783,0.007805,0.0000,-0.127734,0.130886,0.000000,0.0000
7086.23,-0.281704,0.282783,0.007805,0.0000,-0.127734,0.130886,0.000000,0.0000
7091.55,-0.280464,0.280973,0.007821,0.0000,-0.127734,0.130886,0.000000,0.0000
7096.98,-0.279267,0.279166,0.007827,0.0000,-0.110437,0.112429,0.000000,0.0000
7102.29,-0.279267,0.279166,0.007827,0.0000,-0.110437,0.112429,0.000000,0.0000
7107.64,-0.278020,0.277416,0.007826,0.0000,-0.110437,0.112429,0.000000,0.0000
7112.97,-0.276766,0.275574,0.007817,0.0000,-0.110437,0.112429,0.000000,0.0000
7118.35,-0.276766,0.275574,0.007817,0.0000,-0.110437,0.112429,0.000000,0.0000
7124.23,-0.275454,0.273857,0.007832,0.0000,-0.110437,0.112429,0.000000,0.0000
7129.61,-0.274159,0.272091,0.007894,0.0000,-0.110437,0.112429,0.000000,0.0000
7135.01,-0.274159,0.272091,0.007894,0.0000,-0.110437,0.112429,0.000000,0.0000
7140.34,-0.272813,0.270406,0.007926,0.0000,-0.110437,0.112429,0.000000,0.0000
7145.76,-0.271507,0.268623,0.007919,0.0000,-0.110437,0.112429,0.000000,0.0000
7151.14,-0.271507,0.268623,0.007919,0.0000,-0.110437,0.112429,0.000000,0.0000
7156.53,-0.270140,0.266919,0.007966,0.0000,-0.110437,0.112429,0.000000,0.0000
7162.62,-0.268776,0.265192,0.007973,0.0000,-0.110437,0.112429,0.000000,0.0000
7168.00,-0.268776,0.265192,0.007973,0.0000,-0.110437,0.112429,0.000000,0.0000
7173.40,-0.267390,0.263478,0.007955,0.0000,-0.110437,0.112429,0.000000,0.0000
7178.79,-0.266039,0.261723,0.007994,0.0000,-0.092705,0.093861,0.000000,0.0000
7184.26,-0.266039,0.261723,0.007994,0.0000,-0.092705,0.093861,0.000000,0.0000
7189.62,-0.264643,0.260029,0.008022,0.0000,-0.092705,0.093861,0.000000,0.0000
7194.96,-0.264643,0.260029,0.008022,0.0000,-0.092705,0.093861,0.000000,0.0000
7200.37,-0.263232,0.258365,0.008047,0.0000,-0.092705,0.093861,0.000000,0.0000
7205.71,-0.261856,0.256611,0.008068,0.0000,-0.092705,0.093861,0.000000,0.0000
7211.13,-0.261856,0.256611,0.008068,0.0000,-0.092705,0.093861,0.000000,0.0000
7216.44,-0.260406,0.254987,0.008071,0.0000,-0.092705,0.093861,0.000000,0.0000
7221.90,-0.259024,0.253287,0.008129,0.0000,-0.092705,0.093861,0.000000,0.0000
7227.27,-0.259024,0.253287,0.008129,0.0000,-0.092705,0.093861,0.000000,0.0000
7232.64,-0.257549,0.251598,0.008142,0.0000,-0.092705,0.093861,0.000000,0.0000
7237.99,-0.256146,0.249941,0.008119,0.0000,-0.092705,0.093861,0.000000,0.0000
7243.57,-0.256146,0.249941,0.008119,0.0000,-0.074607,0.075200,0.000000,0.0000
7248.97,-0.254645,0.248299,0.008198,0.0000,-0.074607,0.075200,0.000000,0.0000
7254.37,-0.253123,0.246602,0.008228,0.0000,-0.074607,0.075200,0.000000,0.0000
7259.69,-0.253123,0.246602,0.008228,0.0000,-0.074607,0.075200,0.000000,0.0000
7265.02,-0.251616,0.244935,0.008220,0.0000,-0.074607,0.075200,0.000000,0.0000
7270.37,-0.250097,0.243289,0.008296,0.0000,-0.074607,0.075200,0.000000,0.0000
7275.72,-0.250097,0.243289,0.008296,0.0000,-0.074607,0.075200,0.000000,0.0000
7281.30,-0.248573,0.241608,0.008363,0.0000,-0.074607,0.075200,0.000000,0.0000
7286.63,-0.248573,0.241608,0.008363,0.0000,-0.074607,0.075200,0.000000,0.0000
7292.00,-0.247029,0.240034,0.008355,0.0000,-0.074607,0.075200,0.000000,0.0000
7297.34,-0.245535,0.238421,0.008332,0.0000,-0.074607,0.075200,0.000000,0.0000
7302.69,-0.245535,0.238421,0.008332,0.0000,-0.074607,0.075200,0.000000,0.0000
7308.03,-0.244003,0.236769,0.008425,0.0000,-0.074607,0.075200,0.000000,0.0000
7313.58,-0.242446,0.235151,0.008441,0.0000,-0.074607,0.075200,0.000000,0.0000
7318.92,-0.242446,0.235151,0.008441,0.0000,-0.074607,0.075200,0.000000,0.0000
7324.28,-0.240929,0.233539,0.008400,0.0000,-0.056214,0.056465,0.000000,0.0000
7329.62,-0.239344,0.231907,0.008448,0.0000,-0.056214,0.056465,0.000000,0.0000
7334.96,-0.239344,0.231907,0.008448,0.0000,-0.056214,0.056465,0.000000,0.0000
7340.29,-0.237740,0.230303,0.008492,0.0000,-0.056214,0.056465,0.000000,0.0000
7346.00,-0.236107,0.228772,0.008533,0.0000,-0.056214,0.056465,0.000000,0.0000
7351.35,-0.236107,0.228772,0.008533,0.0000,-0.056214,0.056465,0.000000,0.0000
7356.74,-0.234492,0.227153,0.008535,0.0000,-0.056214,0.056465,0.000000,0.0000
7362.11,-0.232955,0.225591,0.008565,0.0000,-0.056214,0.056465,0.000000,0.0000
7367.53,-0.232955,0.225591,0.008565,0.0000,-0.056214,0.056465,0.000000,0.0000
7372.93,-0.231355,0.223964,0.008610,0.0000,-0.056214,0.056465,0.000000,0.0000
7378.38,-0.229747,0.222373,0.008587,0.0000,-0.056214,0.056465,0.000000,0.0000
7383.76,-0.229747,0.222373,0.008587,0.0000,-0.056214,0.056465,0.000000,0.0000
7389.11,-0.228109,0.220748,0.008592,0.0000,-0.056214,0.056465,0.000000,0.0000
7394.43,-0.228109,0.220748,0.008592,0.0000,-0.056214,0.056465,0.000000,0.0000
7399.78,-0.226439,0.219157,0.008629,0.0000,-0.056214,0.056465,0.000000,0.0000
7405.42,-0.224798,0.217569,0.008662,0.0000,-0.037600,0.037674,0.000000,0.0000
7410.76,-0.224798,0.217569,0.008662,0.0000,-0.037600,0.037674,0.000000,0.0000
7416.08,-0.223103,0.215972,0.008632,0.0000,-0.037600,0.037674,0.000000,0.0000
7421.43,-0.221427,0.214357,0.008598,0.0000,-0.037600,0.037674,0.000000,0.0000
7426.79,-0.221427,0.214357,0.008598,0.0000,-0.037600,0.037674,0.000000,0.0000
7432.42,-0.219770,0.212781,0.008623,0.0000,-0.037600,0.037674,0.000000,0.0000
7437.80,-0.218113,0.211185,0.008641,0.0000,-0.037600,0.037674,0.000000,0.0000
7443.14,-0.218113,0.211185,0.008641,0.0000,-0.037600,0.037674,0.000000,0.0000
7448.61,-0.216484,0.209566,0.008596,0.0000,-0.037600,0.037674,0.000000,0.0000
7453.96,-0.214846,0.207949,0.008598,0.0000,-0.037600,0.037674,0.000000,0.0000
7459.30,-0.214846,0.207949,0.008598,0.0000,-0.037600,0.037674,0.000000,0.0000
7464.74,-0.213160,0.206291,0.008616,0.0000,-0.018837,0.018846,0.000000,0.0000
7470.10,-0.211442,0.204734,0.008583,0.0000,-0.018837,0.018846,0.000000,0.0000
7475.44,-0.211442,0.204734,0.008583,0.0000,-0.018837,0.018846,0.000000,0.0000
7480.81,-0.209811,0.203099,0.008571,0.0000,-0.018837,0.018846,0.000000,0.0000
7486.36,-0.208077,0.201489,0.008574,0.0000,-0.018837,0.018846,0.000000,0.0000
7491.82,-0.208077,0.201489,0.008574,0.0000,-0.018837,0.018846,0.000000,0.0000
7497.19,-0.206248,0.199884,0.008622,0.0000,-0.018837,0.018846,0.000000,0.0000
7502.49,-0.206248,0.199884,0.008622,0.0000,-0.018837,0.018846,0.000000,0.0000
7507.84,-0.204512,0.198359,0.008609,0.0000,-0.018837,0.018846,0.000000,0.0000
7513.19,-0.202825,0.196739,0.008628,0.0000,-0.018837,0.018846,0.000000,0.0000
7518.49,-0.202825,0.196739,0.008628,0.0000,-0.018837,0.018846,0.000000,0.0000
7523.93,-0.201025,0.195121,0.008653,0.0000,-0.018837,0.018846,0.000000,0.0000
7529.35,-0.199330,0.193543,0.008665,0.0000,-0.018837,0.018846,0.000000,0.0000
7534.68,-0.199330,0.193543,0.008665,0.0000,-0.018837,0.018846,0.000000,0.0000
7540.01,-0.197689,0.191892,0.008536,0.0000,-0.018837,0.018846,0.000000,0.0000
7545.40,-0.196040,0.190219,0.008481,0.0000,-0.018837,0.018846,0.000000,0.0000
7550.44,-0.196040,0.190219,0.008481,0.0000,0.000000,-0.000000,0.000000,0.0000
7555.79,-0.194330,0.188532,0.008540,0.0000,0.000000,-0.000000,0.000000,0.0000
7561.38,-0.192662,0.186943,0.008508,0.0000,0.000000,-0.000000,0.000000,0.0000
7566.87,-0.192662,0.186943,0.008508,0.0000,0.000000,-0.000000,0.000000,0.0000
7572.25,-0.190969,0.185263,0.008439,0.0000,0.000000,-0.000000,0.000000,0.0000
7578.06,-0.189267,0.183574,0.008433,0.0000,0.000000,-0.000000,0.000000,0.0000
7583.56,-0.189267,0.183574,0.008433,0.0000,0.000000,-0.000000,0.000000,0.0000
7588.91,-0.187501,0.181921,0.008461,0.0000,0.000000,-0.000000,0.000000,0.0000
7594.25,-0.187501,0.181921,0.008461,0.0000,0.000000,-0.000000,0.000000,0.0000
7599.57,-0.185748,0.180230,0.008379,0.0000,0.000000,-0.000000,0.000000,0.0000
7605.13,-0.184010,0.178500,0.008348,0.0000,0.000000,-0.000000,0.000000,0.0000
7610.50,-0.184010,0.178500,0.008348,0.0000,0.000000,-0.000000,0.000000,0.0000
7615.86,-0.182256,0.176810,0.008421,0.0000,0.000000,-0.000000,0.000000,0.0000
7621.17,-0.180471,0.175089,0.008447,0.0000,0.000000,-0.000000,0.000000,0.0000
7626.49,-0.180471,0.175089,0.008447,0.0000,0.000000,-0.000000,0.000000,0.0000
7631.82,-0.178725,0.173365,0.008371,0.0000,0.018837,-0.018846,0.000000,0.0000
7637.14,-0.177023,0.171642,0.008389,0.0000,0.018837,-0.018846,0.000000,0.0000
7642.44,-0.177023,0.171642,0.008389,0.0000,0.018837,-0.018846,0.000000,0.0000
7647.74,-0.175268,0.169869,0.008387,0.0000,0.018837,-0.018846,0.000000,0.0000
7653.41,-0.173508,0.168172,0.008370,0.0000,0.018837,-0.018846,0.000000,0.0000
7658.76,-0.173508,0.168172,0.008370,0.0000,0.018837,-0.018846,0.000000,0.0000
7664.07,-0.171784,0.166416,0.008338,0.0000,0.018837,-0.018846,0.000000,0.0000
7669.43,-0.171784,0.166416,0.008338,0.0000,0.018837,-0.018846,0.000000,0.0000
7675.01,-0.170045,0.164639,0.008374,0.0000,0.018837,-0.018846,0.000000,0.0000
7680.35,-0.168283,0.162878,0.008404,0.0000,0.018837,-0.018846,0.000000,0.0000
7685.69,-0.168283,0.162878,0.008404,0.0000,0.018837,-0.018846,0.000000,0.0000
7691.02,-0.166508,0.161111,0.008389,0.0000,0.037600,-0.037674,0.000000,0.0000
7696.35,-0.164794,0.159280,0.008370,0.0000,0.037600,-0.037674,0.000000,0.0000
7701.67,-0.164794,0.159280,0.008370,0.0000,0.037600,-0.037674,0.000000,0.0000
7706.99,-0.162983,0.157426,0.008434,0.0000,0.037600,-0.037674,0.000000,0.0000
7712.39,-0.161226,0.155655,0.008430,0.0000,0.037600,-0.037674,0.000000,0.0000
7717.68,-0.161226,0.155655,0.008430,0.0000,0.037600,-0.037674,0.000000,0.0000
7723.00,-0.159473,0.153833,0.008389,0.0000,0.037600,-0.037674,0.000000,0.0000
7728.38,-0.157636,0.151952,0.008432,0.0000,0.037600,-0.037674,0.000000,0.0000
7733.75,-0.157636,0.151952,0.008432,0.0000,0.037600,-0.037674,0.000000,0.0000
7739.06,-0.155864,0.150118,0.008411,0.0000,0.037600,-0.037674,0.000000,0.0000
7744.61,-0.154091,0.148237,0.008413,0.0000,0.037600,-0.037674,0.000000,0.0000
7749.94,-0.154091,0.148237,0.008413,0.0000,0.037600,-0.037674,0.000000,0.0000
7755.43,-0.152321,0.146366,0.008396,0.0000,0.037600,-0.037674,0.000000,0.0000
7760.75,-0.152321,0.146366,0.008396,0.0000,0.037600,-0.037674,0.000000,0.0000
7766.09,-0.150539,0.144453,0.008412,0.0000,0.037600,-0.037674,0.000000,0.0000
7771.43,-0.148731,0.142627,0.008430,0.0000,0.056214,-0.056465,0.000000,0.0000
7776.86,-0.148731,0.142627,0.008430,0.0000,0.056214,-0.056465,0.000000,0.0000
7782.64,-0.146997,0.140729,0.008427,0.0000,0.056214,-0.056465,0.000000,0.0000
7788.03,-0.145176,0.138837,0.008463,0.0000,0.056214,-0.056465,0.000000,0.0000
7793.47,-0.145176,0.138837,0.008463,0.0000,0.056214,-0.056465,0.000000,0.0000
7798.85,-0.143416,0.136915,0.008479,0.0000,0.056214,-0.056465,0.000000,0.0000
7804.23,-0.141578,0.135023,0.008453,0.0000,0.056214,-0.056465,0.000000,0.0000
7809.60,-0.141578,0.135023,0.008453,0.0000,0.056214,-0.056465,0.000000,0.0000
7815.19,-0.139842,0.133105,0.008495,0.0000,0.056214,-0.056465,0.000000,0.0000
7820.75,-0.137958,0.131182,0.008548,0.0000,0.056214,-0.056465,0.000000,0.0000
7826.11,-0.137958,0.131182,0.008548,0.0000,0.056214,-0.056465,0.000000,0.0000
7831.45,-0.136164,0.129245,0.008504,0.0000,0.056214,-0.056465,0.000000,0.0000
7836.81,-0.134286,0.127280,0.008490,0.0000,0.056214,-0.056465,0.000000,0.0000
7842.19,-0.134286,0.127280,0.008490,0.0000,0.056214,-0.056465,0.000000,0.0000
7847.50,-0.132532,0.125270,0.008536,0.0000,0.056214,-0.056465,0.000000,0.0000
7852.85,-0.132532,0.125270,0.008536,0.0000,0.056214,-0.056465,0.000000,0.0000
7858.67,-0.130630,0.123301,0.008500,0.0000,0.074607,-0.075200,0.000000,0.0000
7864.03,-0.128807,0.121282,0.008483,0.0000,0.074607,-0.075200,0.000000,0.0000
7869.42,-0.128807,0.121282,0.008483,0.0000,0.074607,-0.075200,0.000000,0.0000
7874.81,-0.126925,0.119327,0.008498,0.0000,0.074607,-0.075200,0.000000,0.0000
7880.33,-0.125089,0.117320,0.008541,0.0000,0.074607,-0.075200,0.000000,0.0000
7885.67,-0.125089,0.117320,0.008541,0.0000,0.074607,-0.075200,0.000000,0.0000
7891.00,-0.123174,0.115368,0.008504,0.0000,0.074607,-0.075200,0.000000,0.0000
7896.37,-0.121419,0.113430,0.008506,0.0000,0.074607,-0.075200,0.000000,0.0000
7901.72,-0.121419,0.113430,0.008506,0.0000,0.074607,-0.075200,0.000000,0.0000
7907.12,-0.119521,0.111454,0.008579,0.0000,0.074607,-0.075200,0.000000,0.0000
7912.50,-0.119521,0.111454,0.008579,0.0000,0.074607,-0.075200,0.000000,0.0000
7917.87,-0.117791,0.109485,0.008610,0.0000,0.092705,-0.093861,0.000000,0.0000
7923.22,-0.115906,0.107511,0.008645,0.0000,0.092705,-0.093861,0.000000,0.0000
7928.55,-0.114036,0.105454,0.008699,0.0000,0.092705,-0.093861,0.000000,0.0000
7933.93,-0.114036,0.105454,0.008699,0.0000,0.092705,-0.093861,0.000000,0.0000
7939.31,-0.112206,0.103463,0.008748,0.0000,0.092705,-0.093861,0.000000,0.0000
7944.76,-0.110320,0.101463,0.008754,0.0000,0.092705,-0.093861,0.000000,0.0000
7950.27,-0.110320,0.101463,0.008754,0.0000,0.092705,-0.093861,0.000000,0.0000
7955.64,-0.108412,0.099418,0.008764,0.0000,0.092705,-0.093861,0.000000,0.0000
7960.69,-0.108412,0.099418,0.008764,0.0000,0.092705,-0.093861,0.000000,0.0000
7966.02,-0.106527,0.097327,0.008755,0.0000,0.092705,-0.093861,0.000000,0.0000
7971.38,-0.104681,0.095356,0.008682,0.0000,0.092705,-0.093861,0.000000,0.0000
7976.75,-0.104681,0.095356,0.008682,0.0000,0.092705,-0.093861,0.000000,0.0000
7982.09,-0.102732,0.093390,0.008667,0.0000,0.092705,-0.093861,0.000000,0.0000
7987.61,-0.100854,0.091372,0.008710,0.0000,0.092705,-0.093861,0.000000,0.0000
7992.95,-0.100854,0.091372,0.008710,0.0000,0.092705,-0.093861,0.000000,0.0000
7998.36,-0.098953,0.089304,0.008668,0.0000,0.110437,-0.112429,0.000000,0.0000
8003.68,-0.096988,0.087307,0.008707,0.0000,0.110437,-0.112429,0.000000,0.0000
8009.02,-0.096988,0.087307,0.008707,0.0000,0.110437,-0.112429,0.000000,0.0000
8014.41,-0.095100,0.085306,0.008718,0.0000,0.110437,-0.112429,0.000000,0.0000
8019.86,-0.093161,0.083229,0.008740,0.0000,0.110437,-0.112429,0.000000,0.0000
8025.29,-0.093161,0.083229,0.008740,0.0000,0.110437,-0.112429,0.000000,0.0000
8030.65,-0.091162,0.081217,0.008724,0.0000,0.110437,-0.112429,0.000000,0.0000
8036.00,-0.091162,0.081217,0.008724,0.0000,0.110437,-0.112429,0.000000,0.0000
8041.36,-0.089309,0.079194,0.008727,0.0000,0.110437,-0.112429,0.000000,0.0000
8046.68,-0.087240,0.077170,0.008784,0.0000,0.110437,-0.112429,0.000000,0.0000
8052.05,-0.087240,0.077170,0.008784,0.0000,0.110437,-0.112429,0.000000,0.0000
8057.55,-0.085343,0.075160,0.008793,0.0000,0.110437,-0.112429,0.000000,0.0000
8063.23,-0.083365,0.073109,0.008781,0.0000,0.110437,-0.112429,0.000000,0.0000
8068.59,-0.083365,0.073109,0.008781,0.0000,0.110437,-0.112429,0.000000,0.0000
8074.06,-0.081382,0.071023,0.008767,0.0000,0.110437,-0.112429,0.000000,0.0000
8079.44,-0.079361,0.069005,0.008740,0.0000,0.127734,-0.130886,0.000000,0.0000
8084.79,-0.079361,0.069005,0.008740,0.0000,0.127734,-0.130886,0.000000,0.0000
8090.15,-0.077350,0.066877,0.008721,0.0000,0.127734,-0.130886,0.000000,0.0000
8095.49,-0.075368,0.064889,0.008691,0.0000,0.127734,-0.130886,0.000000,0.0000
8100.90,-0.075368,0.064889,0.008691,0.0000,0.127734,-0.130886,0.000000,0.0000
8106.42,-0.073381,0.062822,0.008714,0.0000,0.127734,-0.130886,0.000000,0.0000
8111.89,-0.071347,0.060836,0.008706,0.0000,0.127734,-0.130886,0.000000,0.0000
8117.27,-0.071347,0.060836,0.008706,0.0000,0.127734,-0.130886,0.000000,0.0000
8122.63,-0.069346,0.058776,0.008721,0.0000,0.127734,-0.130886,0.000000,0.0000
8128.13,-0.067260,0.056737,0.008672,0.0000,0.127734,-0.130886,0.000000,0.0000
8133.64,-0.067260,0.056737,0.008672,0.0000,0.127734,-0.130886,0.000000,0.0000
8138.98,-0.065238,0.054669,0.008663,0.0000,0.127734,-0.130886,0.000000,0.0000
8144.33,-0.065238,0.054669,0.008663,0.0000,0.127734,-0.130886,0.000000,0.0000
8149.67,-0.063158,0.052597,0.008614,0.0000,0.127734,-0.130886,0.000000,0.0000
8155.05,-0.061045,0.050516,0.008552,0.0000,0.127734,-0.130886,0.000000,0.0000
8160.39,-0.061045,0.050516,0.008552,0.0000,0.127734,-0.130886,0.000000,0.0000
8166.20,-0.058979,0.048489,0.008571,0.0000,0.144526,-0.149214,0.000000,0.0000
8171.56,-0.056851,0.046398,0.008552,0.0000,0.144526,-0.149214,0.000000,0.0000
8176.90,-0.056851,0.046398,0.008552,0.0000,0.144526,-0.149214,0.000000,0.0000
8182.40,-0.054759,0.044306,0.008475,0.0000,0.144526,-0.149214,0.000000,0.0000
8187.78,-0.052662,0.042245,0.008456,0.0000,0.144526,-0.149214,0.000000,0.0000
8193.14,-0.052662,0.042245,0.008456,0.0000,0.144526,-0.149214,0.000000,0.0000
8198.49,-0.050539,0.040170,0.008433,0.0000,0.144526,-0.149214,0.000000,0.0000
8203.87,-0.048443,0.038121,0.008401,0.0000,0.144526,-0.149214,0.000000,0.0000
8209.26,-0.048443,0.038121,0.008401,0.0000,0.144526,-0.149214,0.000000,0.0000
8214.69,-0.046310,0.036048,0.008382,0.0000,0.144526,-0.149214,0.000000,0.0000
8220.04,-0.044117,0.033982,0.008397,0.0000,0.144526,-0.149214,0.000000,0.0000
8225.44,-0.044117,0.033982,0.008397,0.0000,0.160748,-0.167395,0.000000,0.0000
8230.94,-0.041960,0.031874,0.008380,0.0000,0.160748,-0.167395,0.000000,0.0000
8236.44,-0.039734,0.029804,0.008324,0.0000,0.160748,-0.167395,0.000000,0.0000
8241.90,-0.039734,0.029804,0.008324,0.0000,0.160748,-0.167395,0.000000,0.0000
8247.33,-0.037565,0.027720,0.008312,0.0000,0.160748,-0.167395,0.000000,0.0000
8252.73,-0.037565,0.027720,0.008312,0.0000,0.160748,-0.167395,0.000000,0.0000
8258.06,-0.035322,0.025562,0.008245,0.0000,0.160748,-0.167395,0.000000,0.0000
8263.41,-0.033135,0.023488,0.008130,0.0000,0.160748,-0.167395,0.000000,0.0000
8268.90,-0.033135,0.023488,0.008130,0.0000,0.160748,-0.167395,0.000000,0.0000
8274.23,-0.030867,0.021405,0.008129,0.0000,0.160748,-0.167395,0.000000,0.0000
8279.61,-0.028682,0.019297,0.008102,0.0000,0.160748,-0.167395,0.000000,0.0000
8284.99,-0.028682,0.019297,0.008102,0.0000,0.160748,-0.167395,0.000000,0.0000
8290.38,-0.026488,0.017218,0.008038,0.0000,0.160748,-0.167395,0.000000,0.0000
8295.78,-0.024221,0.015127,0.008027,0.0000,0.160748,-0.167395,0.000000,0.0000
8301.15,-0.024221,0.015127,0.008027,0.0000,0.160748,-0.167395,0.000000,0.0000
8306.65,-0.021906,0.012961,0.007985,0.0000,0.176336,-0.185410,0.000000,0.0000
8312.08,-0.019652,0.010826,0.007985,0.0000,0.176336,-0.185410,0.000000,0.0000
8317.44,-0.019652,0.010826,0.007985,0.0000,0.176336,-0.185410,0.000000,0.0000
8322.77,-0.017305,0.008745,0.007913,0.0000,0.176336,-0.185410,0.000000,0.0000
8328.17,-0.015049,0.006620,0.007922,0.0000,0.176336,-0.185410,0.000000,0.0000
8334.21,-0.015049,0.006620,0.007922,0.0000,0.176336,-0.185410,0.000000,0.0000
8339.55,-0.012771,0.004492,0.007891,0.0000,0.176336,-0.185410,0.000000,0.0000
8344.93,-0.010427,0.002327,0.007805,0.0000,0.176336,-0.185410,0.000000,0.0000
8349.95,-0.010427,0.002327,0.007805,0.0000,0.176336,-0.185410,0.000000,0.0000
8355.50,-0.008042,0.000225,0.007785,0.0000,0.176336,-0.185410,0.000000,0.0000
8360.84,-0.008042,0.000225,0.007785,0.0000,0.176336,-0.185410,0.000000,0.0000
8366.19,-0.005724,-0.001974,0.007723,0.0000,0.176336,-0.185410,0.000000,0.0000
8371.57,-0.003389,-0.004113,0.007595,0.0000,0.176336,-0.185410,0.000000,0.0000
8376.92,-0.003389,-0.004113,0.007595,0.0000,0.176336,-0.185410,0.000000,0.0000
8382.41,-0.001062,-0.006219,0.007510,0.0000,0.176336,-0.185410,0.000000,0.0000
8387.78,0.001336,-0.008437,0.007491,0.0000,0.191227,-0.203243,0.000000,0.0000
8393.18,0.001336,-0.008437,0.007491,0.0000,0.191227,-0.203243,0.000000,0.0000
8398.49,0.003706,-0.010555,0.007400,0.0000,0.191227,-0.203243,0.000000,0.0000
8403.84,0.006080,-0.012705,0.007312,0.0000,0.191227,-0.203243,0.000000,0.0000
8409.27,0.006080,-0.012705,0.007312,0.0000,0.191227,-0.203243,0.000000,0.0000
8414.71,0.008398,-0.014875,0.007280,0.0000,0.191227,-0.203243,0.000000,0.0000
8420.05,0.010814,-0.017077,0.007213,0.0000,0.191227,-0.203243,0.000000,0.0000
8425.40,0.010814,-0.017077,0.007213,0.0000,0.191227,-0.203243,0.000000,0.0000
8430.75,0.013231,-0.019263,0.007087,0.0000,0.191227,-0.203243,0.000000,0.0000
8436.13,0.013231,-0.019263,0.007087,0.0000,0.191227,-0.203243,0.000000,0.0000
8441.50,0.015541,-0.021423,0.007029,0.0000,0.191227,-0.203243,0.000000,0.0000
8446.96,0.017910,-0.023584,0.006990,0.0000,0.191227,-0.203243,0.000000,0.0000
8452.74,0.017910,-0.023584,0.006990,0.0000,0.205364,-0.220875,0.000000,0.0000
8458.12,0.020301,-0.025823,0.006907,0.0000,0.205364,-0.220875,0.000000,0.0000
8463.50,0.022745,-0.027956,0.006867,0.0000,0.205364,-0.220875,0.000000,0.0000
8468.87,0.022745,-0.027956,0.006867,0.0000,0.205364,-0.220875,0.000000,0.0000
8474.23,0.025122,-0.030147,0.006864,0.0000,0.205364,-0.220875,0.000000,0.0000
8479.56,0.027478,-0.032356,0.006763,0.0000,0.205364,-0.220875,0.000000,0.0000
8484.91,0.027478,-0.032356,0.006763,0.0000,0.205364,-0.220875,0.000000,0.0000
8490.29,0.029814,-0.034569,0.006750,0.0000,0.205364,-0.220875,0.000000,0.0000
8495.83,0.032212,-0.036727,0.006748,0.0000,0.205364,-0.220875,0.000000,0.0000
8501.18,0.032212,-0.036727,0.006748,0.0000,0.205364,-0.220875,0.000000,0.0000
8506.65,0.034632,-0.038989,0.006673,0.0000,0.205364,-0.220875,0.000000,0.0000
8512.04,0.037046,-0.041143,0.006641,0.0000,0.205364,-0.220875,0.000000,0.0000
8517.38,0.037046,-0.041143,0.006641,0.0000,0.205364,-0.220875,0.000000,0.0000
8522.94,0.039314,-0.043399,0.006609,0.0000,0.205364,-0.220875,0.000000,0.0000
8528.31,0.041671,-0.045614,0.006578,0.0000,0.205364,-0.220875,0.000000,0.0000
8534.14,0.041671,-0.045614,0.006578,0.0000,0.218691,-0.238289,0.000000,0.0000
8539.49,0.044065,-0.047853,0.006595,0.0000,0.218691,-0.238289,0.000000,0.0000
8544.94,0.046334,-0.050047,0.006557,0.0000,0.218691,-0.238289,0.000000,0.0000
8550.42,0.046334,-0.050047,0.006557,0.0000,0.218691,-0.238289,0.000000,0.0000
8555.44,0.048588,-0.052258,0.006596,0.0000,0.218691,-0.238289,0.000000,0.0000
8560.78,0.048588,-0.052258,0.006596,0.0000,0.218691,-0.238289,0.000000,0.0000
8566.14,0.050900,-0.054469,0.006615,0.0000,0.218691,-0.238289,0.000000,0.0000
8571.56,0.053146,-0.056773,0.006634,0.0000,0.218691,-0.238289,0.000000,0.0000
8576.91,0.053146,-0.056773,0.006634,0.0000,0.218691,-0.238289,0.000000,0.0000
8582.43,0.055502,-0.059148,0.006614,0.0000,0.218691,-0.238289,0.000000,0.0000
8587.81,0.057773,-0.061407,0.006570,0.0000,0.218691,-0.238289,0.000000,0.0000
8593.18,0.057773,-0.061407,0.006570,0.0000,0.218691,-0.238289,0.000000,0.0000
8598.51,0.060102,-0.063694,0.006593,0.0000,0.218691,-0.238289,0.000000,0.0000
8603.86,0.062212,-0.065924,0.006626,0.0000,0.218691,-0.238289,0.000000,0.0000
8609.21,0.062212,-0.065924,0.006626,0.0000,0.218691,-0.238289,0.000000,0.0000
8615.06,0.064449,-0.068200,0.006593,0.0000,0.231154,-0.255468,0.000000,0.0000
8620.43,0.066539,-0.070460,0.006638,0.0000,0.231154,-0.255468,0.000000,0.0000
8625.76,0.066539,-0.070460,0.006638,0.0000,0.231154,-0.255468,0.000000,0.0000
8631.17,0.068807,-0.072685,0.006604,0.0000,0.231154,-0.255468,0.000000,0.0000
8636.50,0.070857,-0.074980,0.006674,0.0000,0.231154,-0.255468,0.000000,0.0000
8641.82,0.070857,-0.074980,0.006674,0.0000,0.231154,-0.255468,0.000000,0.0000
8647.17,0.072986,-0.077216,0.006629,0.0000,0.231154,-0.255468,0.000000,0.0000
8652.49,0.072986,-0.077216,0.006629,0.0000,0.231154,-0.255468,0.000000,0.0000
8658.00,0.075146,-0.079445,0.006715,0.0000,0.231154,-0.255468,0.000000,0.0000
8663.39,0.077216,-0.081700,0.006754,0.0000,0.231154,-0.255468,0.000000,0.0000
8668.67,0.077216,-0.081700,0.006754,0.0000,0.231154,-0.255468,0.000000,0.0000
8674.03,0.079315,-0.083990,0.006708,0.0000,0.242705,-0.272394,0.000000,0.0000
8679.37,0.081423,-0.086288,0.006737,0.0000,0.242705,-0.272394,0.000000,0.0000
8684.67,0.081423,-0.086288,0.006737,0.0000,0.242705,-0.272394,0.000000,0.0000
8689.99,0.083478,-0.088602,0.006727,0.0000,0.242705,-0.272394,0.000000,0.0000
8695.32,0.085460,-0.090883,0.006743,0.0000,0.242705,-0.272394,0.000000,0.0000
8700.61,0.085460,-0.090883,0.006743,0.0000,0.242705,-0.272394,0.000000,0.0000
8705.92,0.087427,-0.093122,0.006770,0.0000,0.242705,-0.272394,0.000000,0.0000
8711.23,0.087427,-0.093122,0.006770,0.0000,0.242705,-0.272394,0.000000,0.0000
8716.55,0.089419,-0.095456,0.006846,0.0000,0.242705,-0.272394,0.000000,0.0000
8721.93,0.091403,-0.097756,0.006887,0.0000,0.242705,-0.272394,0.000000,0.0000
8727.29,0.091403,-0.097756,0.006887,0.0000,0.242705,-0.272394,0.000000,0.0000
8732.61,0.093231,-0.100005,0.006840,0.0000,0.242705,-0.272394,0.000000,0.0000
8737.96,0.095192,-0.102340,0.006837,0.0000,0.242705,-0.272394,0.000000,0.0000
8743.35,0.095192,-0.102340,0.006837,0.0000,0.242705,-0.272394,0.000000,0.0000
8748.67,0.097020,-0.104590,0.006860,0.0000,0.242705,-0.272394,0.000000,0.0000
8754.06,0.098906,-0.106883,0.006887,0.0000,0.242705,-0.272394,0.000000,0.0000
8759.86,0.098906,-0.106883,0.006887,0.0000,0.253298,-0.289052,0.000000,0.0000
8765.20,0.100719,-0.109181,0.006891,0.0000,0.253298,-0.289052,0.000000,0.0000
8770.49,0.102541,-0.111441,0.006925,0.0000,0.253298,-0.289052,0.000000,0.0000
8775.94,0.102541,-0.111441,0.006925,0.0000,0.253298,-0.289052,0.000000,0.0000
8781.27,0.104293,-0.113804,0.006963,0.0000,0.253298,-0.289052,0.000000,0.0000
8786.64,0.106095,-0.116047,0.006958,0.0000,0.253298,-0.289052,0.000000,0.0000
8791.99,0.106095,-0.116047,0.006958,0.0000,0.253298,-0.289052,0.000000,0.0000
8797.33,0.107858,-0.118313,0.007056,0.0000,0.253298,-0.289052,0.000000,0.0000
8802.67,0.107858,-0.118313,0.007056,0.0000,0.253298,-0.289052,0.000000,0.0000
8807.99,0.109594,-0.120595,0.007067,0.0000,0.253298,-0.289052,0.000000,0.0000
8813.37,0.111373,-0.122936,0.007063,0.0000,0.253298,-0.289052,0.000000,0.0000
8818.70,0.111373,-0.122936,0.007063,0.0000,0.253298,-0.289052,0.000000,0.0000
8824.04,0.113075,-0.125202,0.007095,0.0000,0.253298,-0.289052,0.000000,0.0000
8829.44,0.114784,-0.127537,0.007123,0.0000,0.253298,-0.289052,0.000000,0.0000
8834.77,0.114784,-0.127537,0.007123,0.0000,0.253298,-0.289052,0.000000,0.0000
8840.11,0.116491,-0.129803,0.007169,0.0000,0.262892,-0.305425,0.000000,0.0000
8845.50,0.118128,-0.132138,0.007178,0.0000,0.262892,-0.305425,0.000000,0.0000
8850.88,0.118128,-0.132138,0.007178,0.0000,0.262892,-0.305425,0.000000,0.0000
8856.24,0.119789,-0.134438,0.007180,0.0000,0.262892,-0.305425,0.000000,0.0000
8861.34,0.121382,-0.136738,0.007247,0.0000,0.262892,-0.305425,0.000000,0.0000
8866.77,0.121382,-0.136738,0.007247,0.0000,0.262892,-0.305425,0.000000,0.0000
8872.11,0.122975,-0.139038,0.007270,0.0000,0.262892,-0.305425,0.000000,0.0000
8877.51,0.122975,-0.139038,0.007270,0.0000,0.262892,-0.305425,0.000000,0.0000
8882.84,0.124561,-0.141286,0.007360,0.0000,0.262892,-0.305425,0.000000,0.0000
8888.16,0.126116,-0.143545,0.007365,0.0000,0.262892,-0.305425,0.000000,0.0000
8893.49,0.126116,-0.143545,0.007365,0.0000,0.262892,-0.305425,0.000000,0.0000
8898.90,0.127641,-0.145856,0.007397,0.0000,0.271448,-0.321496,0.000000,0.0000
8904.23,0.129175,-0.148144,0.007439,0.0000,0.271448,-0.321496,0.000000,0.0000
8909.56,0.129175,-0.148144,0.007439,0.0000,0.271448,-0.321496,0.000000,0.0000
8914.95,0.130692,-0.150450,0.007504,0.0000,0.271448,-0.321496,0.000000,0.0000
8920.32,0.130692,-0.150450,0.007504,0.0000,0.271448,-0.321496,0.000000,0.0000
8925.69,0.132274,-0.152734,0.007542,0.0000,0.271448,-0.321496,0.000000,0.0000
8931.02,0.133813,-0.154982,0.007570,0.0000,0.271448,-0.321496,0.000000,0.0000
8936.36,0.133813,-0.154982,0.007570,0.0000,0.271448,-0.321496,0.000000,0.0000
8941.77,0.135322,-0.157193,0.007593,0.0000,0.271448,-0.321496,0.000000,0.0000
8947.10,0.136758,-0.159538,0.007620,0.0000,0.271448,-0.321496,0.000000,0.0000
8952.48,0.136758,-0.159538,0.007620,0.0000,0.271448,-0.321496,0.000000,0.0000
8957.84,0.138265,-0.161844,0.007664,0.0000,0.271448,-0.321496,0.000000,0.0000
8963.86,0.139691,-0.164163,0.007720,0.0000,0.271448,-0.321496,0.000000,0.0000
8969.19,0.139691,-0.164163,0.007720,0.0000,0.271448,-0.321496,0.000000,0.0000
8974.55,0.141218,-0.166437,0.007745,0.0000,0.271448,-0.321496,0.000000,0.0000
8979.90,0.142618,-0.168667,0.007779,0.0000,0.278933,-0.337250,0.000000,0.0000
8985.25,0.142618,-0.168667,0.007779,0.0000,0.278933,-0.337250,0.000000,0.0000
8990.61,0.143994,-0.170965,0.007781,0.0000,0.278933,-0.337250,0.000000,0.0000
8995.95,0.145399,-0.173231,0.007802,0.0000,0.278933,-0.337250,0.000000,0.0000
9001.29,0.145399,-0.173231,0.007802,0.0000,0.278933,-0.337250,0.000000,0.0000
9006.72,0.146840,-0.175523,0.007834,0.0000,0.278933,-0.337250,0.000000,0.0000
9012.05,0.148276,-0.177749,0.007812,0.0000,0.278933,-0.337250,0.000000,0.0000
9017.41,0.148276,-0.177749,0.007812,0.0000,0.278933,-0.337250,0.000000,0.0000
9022.76,0.149692,-0.179943,0.007772,0.0000,0.278933,-0.337250,0.000000,0.0000
9028.16,0.151092,-0.182247,0.007782,0.0000,0.278933,-0.337250,0.000000,0.0000
9033.61,0.151092,-0.182247,0.007782,0.0000,0.278933,-0.337250,0.000000,0.0000
9038.97,0.152511,-0.184499,0.007795,0.0000,0.278933,-0.337250,0.000000,0.0000
9044.39,0.152511,-0.184499,0.007795,0.0000,0.278933,-0.337250,0.000000,0.0000
9049.66,0.153836,-0.186716,0.007862,0.0000,0.278933,-0.337250,0.000000,0.0000
9054.98,0.155239,-0.189000,0.007831,0.0000,0.278933,-0.337250,0.000000,0.0000
9060.40,0.155239,-0.189000,0.007831,0.0000,0.278933,-0.337250,0.000000,0.0000
9065.85,0.156601,-0.191271,0.007798,0.0000,0.285317,-0.352671,0.000000,0.0000
9071.25,0.158067,-0.193436,0.007785,0.0000,0.285317,-0.352671,0.000000,0.0000
9076.61,0.158067,-0.193436,0.007785,0.0000,0.285317,-0.352671,0.000000,0.0000
9081.96,0.159391,-0.195616,0.007829,0.0000,0.285317,-0.352671,0.000000,0.0000
9087.43,0.160621,-0.197829,0.007801,0.0000,0.285317,-0.352671,0.000000,0.0000
9092.79,0.160621,-0.197829,0.007801,0.0000,0.285317,-0.352671,0.000000,0.0000
9098.17,0.161923,-0.200071,0.007824,0.0000,0.285317,-0.352671,0.000000,0.0000
9103.49,0.161923,-0.200071,0.007824,0.0000,0.285317,-0.352671,0.000000,0.0000
9108.86,0.163364,-0.202342,0.007747,0.0000,0.285317,-0.352671,0.000000,0.0000
9114.23,0.164778,-0.204483,0.007711,0.0000,0.285317,-0.352671,0.000000,0.0000
9119.58,0.164778,-0.204483,0.007711,0.0000,0.285317,-0.352671,0.000000,0.0000
9124.96,0.166063,-0.206748,0.007723,0.0000,0.290575,-0.367744,0.000000,0.0000
9130.31,0.167424,-0.208967,0.007636,0.0000,0.290575,-0.367744,0.000000,0.0000
9135.65,0.167424,-0.208967,0.007636,0.0000,0.290575,-0.367744,0.000000,0.0000
9140.97,0.168748,-0.211186,0.007590,0.0000,0.290575,-0.367744,0.000000,0.0000
9146.32,0.170028,-0.213298,0.007582,0.0000,0.290575,-0.367744,0.000000,0.0000
9151.66,0.170028,-0.213298,0.007582,0.0000,0.290575,-0.367744,0.000000,0.0000
9156.98,0.171360,-0.215436,0.007520,0.0000,0.290575,-0.367744,0.000000,0.0000
9162.41,0.172725,-0.217527,0.007423,0.0000,0.290575,-0.367744,0.000000,0.0000
9168.33,0.172725,-0.217527,0.007423,0.0000,0.290575,-0.367744,0.000000,0.0000
9173.61,0.173945,-0.219700,0.007412,0.0000,0.290575,-0.367744,0.000000,0.0000
9179.26,0.175293,-0.221813,0.007314,0.0000,0.290575,-0.367744,0.000000,0.0000
9184.77,0.175293,-0.221813,0.007314,0.0000,0.290575,-0.367744,0.000000,0.0000
9190.12,0.176507,-0.224078,0.007342,0.0000,0.290575,-0.367744,0.000000,0.0000
9195.50,0.177853,-0.226163,0.007345,0.0000,0.290575,-0.367744,0.000000,0.0000
9200.83,0.177853,-0.226163,0.007345,0.0000,0.290575,-0.367744,0.000000,0.0000
9206.44,0.179204,-0.228222,0.007284,0.0000,0.294686,-0.382454,0.000000,0.0000
9211.87,0.180514,-0.230367,0.007220,0.0000,0.294686,-0.382454,0.000000,0.0000
9217.28,0.180514,-0.230367,0.007220,0.0000,0.294686,-0.382454,0.000000,0.0000
9222.82,0.181819,-0.232558,0.007162,0.0000,0.294686,-0.382454,0.000000,0.0000
9228.46,0.183113,-0.234680,0.007100,0.0000,0.294686,-0.382454,0.000000,0.0000
9233.83,0.183113,-0.234680,0.007100,0.0000,0.294686,-0.382454,0.000000,0.0000
9239.19,0.184387,-0.236732,0.007125,0.0000,0.294686,-0.382454,0.000000,0.0000
9244.50,0.184387,-0.236732,0.007125,0.0000,0.294686,-0.382454,0.000000,0.0000
9250.04,0.185622,-0.238745,0.007143,0.0000,0.294686,-0.382454,0.000000,0.0000
9255.69,0.186902,-0.240790,0.007084,0.0000,0.294686,-0.382454,0.000000,0.0000
9261.01,0.186902,-0.240790,0.007084,0.0000,0.294686,-0.382454,0.000000,0.0000
9266.35,0.188254,-0.242764,0.006991,0.0000,0.294686,-0.382454,0.000000,0.0000
9271.82,0.189396,-0.244839,0.007045,0.0000,0.294686,-0.382454,0.000000,0.0000
9277.14,0.189396,-0.244839,0.007045,0.0000,0.294686,-0.382454,0.000000,0.0000
9282.49,0.190629,-0.246834,0.007077,0.0000,0.294686,-0.382454,0.000000,0.0000
9287.81,0.191783,-0.248810,0.007049,0.0000,0.297634,-0.396787,0.000000,0.0000
9293.16,0.191783,-0.248810,0.007049,0.0000,0.297634,-0.396787,0.000000,0.0000
9298.50,0.193009,-0.250818,0.007018,0.0000,0.297634,-0.396787,0.000000,0.0000
9303.81,0.194258,-0.252803,0.006930,0.0000,0.297634,-0.396787,0.000000,0.0000
9309.17,0.194258,-0.252803,0.006930,0.0000,0.297634,-0.396787,0.000000,0.0000
9314.68,0.195572,-0.254693,0.006944,0.0000,0.297634,-0.396787,0.000000,0.0000
9320.05,0.196635,-0.256696,0.007042,0.0000,0.297634,-0.396787,0.000000,0.0000
9325.37,0.196635,-0.256696,0.007042,0.0000,0.297634,-0.396787,0.000000,0.0000
9330.68,0.197764,-0.258623,0.007031,0.0000,0.297634,-0.396787,0.000000,0.0000
9336.00,0.197764,-0.258623,0.007031,0.0000,0.297634,-0.396787,0.000000,0.0000
9341.36,0.199073,-0.260527,0.006907,0.0000,0.297634,-0.396787,0.000000,0.0000
9346.70,0.200244,-0.262600,0.006905,0.0000,0.297634,-0.396787,0.000000,0.0000
9351.74,0.200244,-0.262600,0.006905,0.0000,0.297634,-0.396787,0.000000,0.0000
9357.08,0.201375,-0.264377,0.006954,0.0000,0.297634,-0.396787,0.000000,0.0000
9362.44,0.202631,-0.266249,0.006927,0.0000,0.297634,-0.396787,0.000000,0.0000
9367.78,0.202631,-0.266249,0.006927,0.0000,0.299408,-0.410728,0.000000,0.0000
9373.13,0.203879,-0.268239,0.006889,0.0000,0.299408,-0.410728,0.000000,0.0000
9378.43,0.204920,-0.270014,0.006917,0.0000,0.299408,-0.410728,0.000000,0.0000
9383.76,0.204920,-0.270014,0.006917,0.0000,0.299408,-0.410728,0.000000,0.0000
9389.14,0.206131,-0.272040,0.006832,0.0000,0.299408,-0.410728,0.000000,0.0000
9394.50,0.206131,-0.272040,0.006832,0.0000,0.299408,-0.410728,0.000000,0.0000
9400.09,0.207119,-0.273824,0.006886,0.0000,0.299408,-0.410728,0.000000,0.0000
9405.58,0.208190,-0.275577,0.006995,0.0000,0.299408,-0.410728,0.000000,0.0000
9410.95,0.208190,-0.275577,0.006995,0.0000,0.299408,-0.410728,0.000000,0.0000
9416.26,0.209400,-0.277409,0.006948,0.0000,0.299408,-0.410728,0.000000,0.0000
9421.55,0.210474,-0.279080,0.006931,0.0000,0.299408,-0.410728,0.000000,0.0000
9426.91,0.210474,-0.279080,0.006931,0.0000,0.299408,-0.410728,0.000000,0.0000
9432.44,0.211480,-0.280881,0.006937,0.0000,0.300000,-0.424264,0.000000,0.0000
9437.76,0.212672,-0.282682,0.006874,0.0000,0.300000,-0.424264,0.000000,0.0000
9443.11,0.212672,-0.282682,0.006874,0.0000,0.300000,-0.424264,0.000000,0.0000
9448.44,0.213673,-0.284381,0.006923,0.0000,0.300000,-0.424264,0.000000,0.0000
9453.86,0.214747,-0.286232,0.007000,0.0000,0.300000,-0.424264,0.000000,0.0000
9459.21,0.214747,-0.286232,0.007000,0.0000,0.300000,-0.424264,0.000000,0.0000
9464.65,0.215774,-0.287880,0.007025,0.0000,0.300000,-0.424264,0.000000,0.0000
9469.99,0.216714,-0.289522,0.007059,0.0000,0.300000,-0.424264,0.000000,0.0000
9475.32,0.216714,-0.289522,0.007059,0.0000,0.300000,-0.424264,0.000000,0.0000
9480.64,0.217759,-0.291198,0.007003,0.0000,0.300000,-0.424264,0.000000,0.0000
9485.96,0.217759,-0.291198,0.007003,0.0000,0.300000,-0.424264,0.000000,0.0000
9491.29,0.218687,-0.292820,0.007078,0.0000,0.300000,-0.424264,0.000000,0.0000
9496.90,0.219716,-0.294400,0.007142,0.0000,0.300000,-0.424264,0.000000,0.0000
9502.28,0.219716,-0.294400,0.007142,0.0000,0.300000,-0.424264,0.000000,0.0000
9507.61,0.220559,-0.296115,0.007154,0.0000,0.300000,-0.424264,0.000000,0.0000
9512.96,0.221567,-0.297723,0.007099,0.0000,0.299408,-0.437381,0.000000,0.0000
9518.30,0.221567,-0.297723,0.007099,0.0000,0.299408,-0.437381,0.000000,0.0000
9523.62,0.222391,-0.299326,0.007066,0.0000,0.299408,-0.437381,0.000000,0.0000
9528.96,0.223334,-0.300919,0.007061,0.0000,0.299408,-0.437381,0.000000,0.0000
9534.30,0.223334,-0.300919,0.007061,0.0000,0.299408,-0.437381,0.000000,0.0000
9539.81,0.224238,-0.302493,0.007085,0.0000,0.299408,-0.437381,0.000000,0.0000
9545.16,0.225160,-0.304021,0.007132,0.0000,0.299408,-0.437381,0.000000,0.0000
9550.43,0.225160,-0.304021,0.007132,0.0000,0.299408,-0.437381,0.000000,0.0000
9556.41,0.226042,-0.305628,0.007208,0.0000,0.299408,-0.437381,0.000000,0.0000
9561.73,0.226837,-0.307170,0.007218,0.0000,0.299408,-0.437381,0.000000,0.0000
9567.05,0.226837,-0.307170,0.007218,0.0000,0.299408,-0.437381,0.000000,0.0000
9572.41,0.227695,-0.308834,0.007123,0.0000,0.299408,-0.437381,0.000000,0.0000
9577.78,0.227695,-0.308834,0.007123,0.0000,0.299408,-0.437381,0.000000,0.0000
9583.13,0.228488,-0.310344,0.007046,0.0000,0.299408,-0.437381,0.000000,0.0000
9588.69,0.229246,-0.311871,0.007020,0.0000,0.299408,-0.437381,0.000000,0.0000
9594.02,0.229246,-0.311871,0.007020,0.0000,0.297634,-0.450067,0.000000,0.0000
9599.35,0.230093,-0.313336,0.007010,0.0000,0.297634,-0.450067,0.000000,0.0000
9604.67,0.230784,-0.314783,0.007014,0.0000,0.297634,-0.450067,0.000000,0.0000
9610.01,0.230784,-0.314783,0.007014,0.0000,0.297634,-0.450067,0.000000,0.0000
9615.62,0.231522,-0.316185,0.007043,0.0000,0.297634,-0.450067,0.000000,0.0000
9621.06,0.232231,-0.317718,0.007083,0.0000,0.297634,-0.450067,0.000000,0.0000
9626.49,0.232231,-0.317718,0.007083,0.0000,0.297634,-0.450067,0.000000,0.0000
9631.87,0.232882,-0.319157,0.007086,0.0000,0.297634,-0.450067,0.000000,0.0000
9637.67,0.233545,-0.320575,0.007084,0.0000,0.297634,-0.450067,0.000000,0.0000
9643.02,0.233545,-0.320575,0.007084,0.0000,0.297634,-0.450067,0.000000,0.0000
9648.40,0.234310,-0.322057,0.006940,0.0000,0.297634,-0.450067,0.000000,0.0000
9653.72,0.234898,-0.323425,0.006962,0.0000,0.297634,-0.450067,0.000000,0.0000
9659.40,0.234898,-0.323425,0.006962,0.0000,0.294686,-0.462308,0.000000,0.0000
9664.84,0.235609,-0.324882,0.006856,0.0000,0.294686,-0.462308,0.000000,0.0000
9670.17,0.236324,-0.326428,0.006786,0.0000,0.294686,-0.462308,0.000000,0.0000
9675.51,0.236324,-0.326428,0.006786,0.0000,0.294686,-0.462308,0.000000,0.0000
9680.82,0.236863,-0.327867,0.006761,0.0000,0.294686,-0.462308,0.000000,0.0000
9686.14,0.236863,-0.327867,0.006761,0.0000,0.294686,-0.462308,0.000000,0.0000
9691.44,0.237466,-0.329311,0.006717,0.0000,0.294686,-0.462308,0.000000,0.0000
9697.04,0.238057,-0.330732,0.006681,0.0000,0.294686,-0.462308,0.000000,0.0000
9702.43,0.238057,-0.330732,0.006681,0.0000,0.294686,-0.462308,0.000000,0.0000
9707.94,0.238629,-0.332110,0.006638,0.0000,0.294686,-0.462308,0.000000,0.0000
9713.30,0.239119,-0.333520,0.006620,0.0000,0.294686,-0.462308,0.000000,0.0000
9718.63,0.239119,-0.333520,0.006620,0.0000,0.294686,-0.462308,0.000000,0.0000
9724.11,0.239668,-0.334871,0.006490,0.0000,0.294686,-0.462308,0.000000,0.0000
9729.43,0.240207,-0.336341,0.006381,0.0000,0.294686,-0.462308,0.000000,0.0000
9734.79,0.240207,-0.336341,0.006381,0.0000,0.294686,-0.462308,0.000000,0.0000
9740.34,0.240745,-0.337766,0.006302,0.0000,0.290575,-0.474093,0.000000,0.0000
9745.79,0.241141,-0.339107,0.006317,0.0000,0.290575,-0.474093,0.000000,0.0000
9751.29,0.241141,-0.339107,0.006317,0.0000,0.290575,-0.474093,0.000000,0.0000
9756.77,0.241709,-0.340390,0.006300,0.0000,0.290575,-0.474093,0.000000,0.0000
9761.82,0.242148,-0.341947,0.006204,0.0000,0.290575,-0.474093,0.000000,0.0000
9767.20,0.242148,-0.341947,0.006204,0.0000,0.290575,-0.474093,0.000000,0.0000
9772.61,0.242600,-0.343266,0.006165,0.0000,0.290575,-0.474093,0.000000,0.0000
9778.37,0.242991,-0.344826,0.006133,0.0000,0.290575,-0.474093,0.000000,0.0000
9783.90,0.242991,-0.344826,0.006133,0.0000,0.290575,-0.474093,0.000000,0.0000
9789.24,0.243371,-0.346065,0.006107,0.0000,0.290575,-0.474093,0.000000,0.0000
9794.62,0.243371,-0.346065,0.006107,0.0000,0.290575,-0.474093,0.000000,0.0000
9799.99,0.243802,-0.347625,0.006032,0.0000,0.290575,-0.474093,0.000000,0.0000
9805.56,0.244176,-0.348943,0.005970,0.0000,0.290575,-0.474093,0.000000,0.0000
9810.99,0.244176,-0.348943,0.005970,0.0000,0.290575,-0.474093,0.000000,0.0000
9816.33,0.244635,-0.350530,0.005807,0.0000,0.290575,-0.474093,0.000000,0.0000
9821.71,0.244947,-0.351856,0.005788,0.0000,0.285317,-0.485410,0.000000,0.0000
9827.07,0.244947,-0.351856,0.005788,0.0000,0.285317,-0.485410,0.000000,0.0000
9832.59,0.245357,-0.353340,0.005773,0.0000,0.285317,-0.485410,0.000000,0.0000
9838.09,0.245675,-0.354640,0.005797,0.0000,0.285317,-0.485410,0.000000,0.0000
9843.44,0.245675,-0.354640,0.005797,0.0000,0.285317,-0.485410,0.000000,0.0000
9848.78,0.246026,-0.356184,0.005761,0.0000,0.285317,-0.485410,0.000000,0.0000
9854.12,0.246274,-0.357577,0.005775,0.0000,0.285317,-0.485410,0.000000,0.0000
9859.51,0.246274,-0.357577,0.005775,0.0000,0.285317,-0.485410,0.000000,0.0000
9865.31,0.246536,-0.359159,0.005722,0.0000,0.285317,-0.485410,0.000000,0.0000
9870.62,0.246844,-0.360477,0.005707,0.0000,0.285317,-0.485410,0.000000,0.0000
9875.95,0.246844,-0.360477,0.005707,0.0000,0.285317,-0.485410,0.000000,0.0000
9881.57,0.247134,-0.362074,0.005630,0.0000,0.278933,-0.496248,0.000000,0.0000
9886.96,0.247344,-0.363445,0.005590,0.0000,0.278933,-0.496248,0.000000,0.0000
9892.39,0.247344,-0.363445,0.005590,0.0000,0.278933,-0.496248,0.000000,0.0000
9897.68,0.247615,-0.364984,0.005559,0.0000,0.278933,-0.496248,0.000000,0.0000
9903.02,0.247615,-0.364984,0.005559,0.0000,0.278933,-0.496248,0.000000,0.0000
9908.45,0.247840,-0.366423,0.005556,0.0000,0.278933,-0.496248,0.000000,0.0000
9913.91,0.248013,-0.367895,0.005604,0.0000,0.278933,-0.496248,0.000000,0.0000
9919.50,0.248013,-0.367895,0.005604,0.0000,0.278933,-0.496248,0.000000,0.0000
9924.96,0.248238,-0.369512,0.005564,0.0000,0.278933,-0.496248,0.000000,0.0000
9930.50,0.248410,-0.370985,0.005557,0.0000,0.278933,-0.496248,0.000000,0.0000
9935.82,0.248410,-0.370985,0.005557,0.0000,0.278933,-0.496248,0.000000,0.0000
9941.16,0.248635,-0.372559,0.005561,0.0000,0.278933,-0.496248,0.000000,0.0000
9946.49,0.248770,-0.373980,0.005608,0.0000,0.278933,-0.496248,0.000000,0.0000
9951.83,0.248770,-0.373980,0.005608,0.0000,0.278933,-0.496248,0.000000,0.0000
9957.40,0.248944,-0.375747,0.005583,0.0000,0.278933,-0.496248,0.000000,0.0000
9962.78,0.249086,-0.377148,0.005613,0.0000,0.278933,-0.496248,0.000000,0.0000
9968.67,0.249086,-0.377148,0.005613,0.0000,0.271448,-0.506597,0.000000,0.0000
9974.18,0.249202,-0.378652,0.005619,0.0000,0.271448,-0.506597,0.000000,0.0000
9979.55,0.249427,-0.380350,0.005519,0.0000,0.271448,-0.506597,0.000000,0.0000
9984.90,0.249427,-0.380350,0.005519,0.0000,0.271448,-0.506597,0.000000,0.0000
9990.24,0.249460,-0.381836,0.005522,0.0000,0.271448,-0.506597,0.000000,0.0000
9995.66,0.249626,-0.383478,0.005571,0.0000,0.271448,-0.506597,0.000000,0.0000
10001.09,0.249626,-0.383478,0.005571,0.0000,0.271448,-0.506597,0.000000,0.0000
10006.60,0.249636,-0.385036,0.005663,0.0000,0.271448,-0.506597,0.000000,0.0000
10012.04,0.249726,-0.386620,0.005663,0.0000,0.271448,-0.506597,0.000000,0.0000
10017.43,0.249726,-0.386620,0.005663,0.0000,0.271448,-0.506597,0.000000,0.0000
10022.82,0.249848,-0.388353,0.005692,0.0000,0.271448,-0.506597,0.000000,0.0000
10028.44,0.249894,-0.389860,0.005715,0.0000,0.271448,-0.506597,0.000000,0.0000
10033.77,0.249894,-0.389860,0.005715,0.0000,0.262892,-0.516445,0.000000,0.0000
10039.44,0.249966,-0.391600,0.005692,0.0000,0.262892,-0.516445,0.000000,0.0000
10044.76,0.249966,-0.391600,0.005692,0.0000,0.262892,-0.516445,0.000000,0.0000
10050.10,0.250004,-0.393171,0.005712,0.0000,0.262892,-0.516445,0.000000,0.0000
10055.73,0.250027,-0.394763,0.005681,0.0000,0.262892,-0.516445,0.000000,0.0000
10061.10,0.250027,-0.394763,0.005681,0.0000,0.262892,-0.516445,0.000000,0.0000
10066.43,0.250095,-0.396591,0.005663,0.0000,0.262892,-0.516445,0.000000,0.0000
10072.01,0.250040,-0.398081,0.005660,0.0000,0.262892,-0.516445,0.000000,0.0000
10077.33,0.250040,-0.398081,0.005660,0.0000,0.262892,-0.516445,0.000000,0.0000
10082.72,0.250095,-0.399725,0.005743,0.0000,0.262892,-0.516445,0.000000,0.0000
10088.07,0.250083,-0.401407,0.005770,0.0000,0.262892,-0.516445,0.000000,0.0000
10093.44,0.250083,-0.401407,0.005770,0.0000,0.262892,-0.516445,0.000000,0.0000
10098.78,0.250061,-0.402977,0.005886,0.0000,0.262892,-0.516445,0.000000,0.0000
10104.19,0.250155,-0.404678,0.005895,0.0000,0.262892,-0.516445,0.000000,0.0000
10109.50,0.250155,-0.404678,0.005895,0.0000,0.262892,-0.516445,0.000000,0.0000
10114.98,0.250049,-0.406247,0.005910,0.0000,0.253298,-0.525784,0.000000,0.0000
10120.36,0.250004,-0.407927,0.005958,0.0000,0.253298,-0.525784,0.000000,0.0000
10125.68,0.250004,-0.407927,0.005958,0.0000,0.253298,-0.525784,0.000000,0.0000
10131.01,0.250005,-0.409651,0.005992,0.0000,0.253298,-0.525784,0.000000,0.0000
10136.61,0.249938,-0.411139,0.006018,0.0000,0.253298,-0.525784,0.000000,0.0000
10142.03,0.249938,-0.411139,0.006018,0.0000,0.253298,-0.525784,0.000000,0.0000
10147.39,0.249938,-0.412887,0.006002,0.0000,0.253298,-0.525784,0.000000,0.0000
10152.69,0.249938,-0.412887,0.006002,0.0000,0.253298,-0.525784,0.000000,0.0000
10158.01,0.249867,-0.414552,0.006114,0.0000,0.253298,-0.525784,0.000000,0.0000
10163.57,0.249684,-0.416081,0.006223,0.0000,0.253298,-0.525784,0.000000,0.0000
10168.96,0.249684,-0.416081,0.006223,0.0000,0.253298,-0.525784,0.000000,0.0000
10174.33,0.249637,-0.417824,0.006262,0.0000,0.253298,-0.525784,0.000000,0.0000
10179.62,0.249587,-0.419392,0.006299,0.0000,0.253298,-0.525784,0.000000,0.0000
10184.95,0.249587,-0.419392,0.006299,0.0000,0.253298,-0.525784,0.000000,0.0000
10190.30,0.249537,-0.420964,0.006387,0.0000,0.253298,-0.525784,0.000000,0.0000
10195.89,0.249445,-0.422787,0.006367,0.0000,0.242705,-0.534604,0.000000,0.0000
10201.24,0.249445,-0.422787,0.006367,0.0000,0.242705,-0.534604,0.000000,0.0000
10206.67,0.249298,-0.424334,0.006386,0.0000,0.242705,-0.534604,0.000000,0.0000
10212.06,0.249131,-0.425902,0.006436,0.0000,0.242705,-0.534604,0.000000,0.0000
10217.40,0.249131,-0.425902,0.006436,0.0000,0.242705,-0.534604,0.000000,0.0000
10222.67,0.248996,-0.427706,0.006456,0.0000,0.242705,-0.534604,0.000000,0.0000
10228.15,0.248910,-0.429133,0.006519,0.0000,0.242705,-0.534604,0.000000,0.0000
10233.50,0.248910,-0.429133,0.006519,0.0000,0.242705,-0.534604,0.000000,0.0000
10238.71,0.248746,-0.430809,0.006567,0.0000,0.242705,-0.534604,0.000000,0.0000
10244.03,0.248746,-0.430809,0.006567,0.0000,0.242705,-0.534604,0.000000,0.0000
10249.50,0.248543,-0.432452,0.006597,0.0000,0.242705,-0.534604,0.000000,0.0000
10254.83,0.248332,-0.433929,0.006742,0.0000,0.231154,-0.542896,0.000000,0.0000
10260.15,0.248332,-0.433929,0.006742,0.0000,0.231154,-0.542896,0.000000,0.0000
10265.44,0.248225,-0.435626,0.006695,0.0000,0.231154,-0.542896,0.000000,0.0000
10270.88,0.248087,-0.437273,0.006688,0.0000,0.231154,-0.542896,0.000000,0.0000
10276.21,0.248087,-0.437273,0.006688,0.0000,0.231154,-0.542896,0.000000,0.0000
10281.63,0.247839,-0.438704,0.006708,0.0000,0.231154,-0.542896,0.000000,0.0000
10286.95,0.247630,-0.440390,0.006735,0.0000,0.231154,-0.542896,0.000000,0.0000
10292.29,0.247630,-0.440390,0.006735,0.0000,0.231154,-0.542896,0.000000,0.0000
10297.62,0.247359,-0.441834,0.006772,0.0000,0.231154,-0.542896,0.000000,0.0000
10302.97,0.247359,-0.441834,0.006772,0.0000,0.231154,-0.542896,0.000000,0.0000
10308.31,0.247251,-0.443361,0.006769,0.0000,0.231154,-0.542896,0.000000,0.0000
10314.20,0.246978,-0.444913,0.006812,0.0000,0.231154,-0.542896,0.000000,0.0000
10319.80,0.246720,-0.446339,0.006858,0.0000,0.231154,-0.542896,0.000000,0.0000
10325.22,0.246720,-0.446339,0.006858,0.0000,0.231154,-0.542896,0.000000,0.0000
10330.50,0.246418,-0.447949,0.006923,0.0000,0.231154,-0.542896,0.000000,0.0000
10335.85,0.246418,-0.447949,0.006923,0.0000,0.231154,-0.542896,0.000000,0.0000
10340.88,0.246236,-0.449384,0.006910,0.0000,0.218691,-0.550653,0.000000,0.0000
10346.22,0.245960,-0.450943,0.006919,0.0000,0.218691,-0.550653,0.000000,0.0000
10351.59,0.245960,-0.450943,0.006919,0.0000,0.218691,-0.550653,0.000000,0.0000
10356.97,0.245596,-0.452448,0.006969,0.0000,0.218691,-0.550653,0.000000,0.0000
10362.44,0.245312,-0.453917,0.006992,0.0000,0.218691,-0.550653,0.000000,0.0000
10367.81,0.245312,-0.453917,0.006992,0.0000,0.218691,-0.550653,0.000000,0.0000
10373.22,0.245060,-0.455527,0.006968,0.0000,0.218691,-0.550653,0.000000,0.0000
10378.58,0.244727,-0.456838,0.006998,0.0000,0.218691,-0.550653,0.000000,0.0000
10383.96,0.244727,-0.456838,0.006998,0.0000,0.218691,-0.550653,0.000000,0.0000
10389.33,0.244293,-0.458313,0.007024,0.0000,0.218691,-0.550653,0.000000,0.0000
10394.71,0.244293,-0.458313,0.007024,0.0000,0.218691,-0.550653,0.000000,0.0000
10400.08,0.243987,-0.459767,0.007051,0.0000,0.218691,-0.550653,0.000000,0.0000
10405.43,0.243579,-0.461057,0.007101,0.0000,0.218691,-0.550653,0.000000,0.0000
10410.77,0.243579,-0.461057,0.007101,0.0000,0.218691,-0.550653,0.000000,0.0000
10416.18,0.243274,-0.462627,0.007091,0.0000,0.218691,-0.550653,0.000000,0.0000
10421.57,0.242719,-0.463791,0.007209,0.0000,0.205364,-0.557866,0.000000,0.0000
10426.90,0.242719,-0.463791,0.007209,0.0000,0.205364,-0.557866,0.000000,0.0000
10432.33,0.242314,-0.465317,0.007206,0.0000,0.205364,-0.557866,0.000000,0.0000
10437.73,0.241868,-0.466575,0.007269,0.0000,0.205364,-0.557866,0.000000,0.0000
10443.44,0.241868,-0.466575,0.007269,0.0000,0.205364,-0.557866,0.000000,0.0000
10448.83,0.241428,-0.468002,0.007226,0.0000,0.205364,-0.557866,0.000000,0.0000
10454.43,0.240852,-0.469288,0.007284,0.0000,0.205364,-0.557866,0.000000,0.0000
10459.78,0.240852,-0.469288,0.007284,0.0000,0.205364,-0.557866,0.000000,0.0000
10465.14,0.240371,-0.470535,0.007294,0.0000,0.205364,-0.557866,0.000000,0.0000
10470.52,0.239936,-0.471979,0.007330,0.0000,0.205364,-0.557866,0.000000,0.0000
10475.87,0.239936,-0.471979,0.007330,0.0000,0.205364,-0.557866,0.000000,0.0000
10481.26,0.239327,-0.473135,0.007356,0.0000,0.191227,-0.564528,0.000000,0.0000
10486.55,0.238831,-0.474561,0.007413,0.0000,0.191227,-0.564528,0.000000,0.0000
10491.87,0.238831,-0.474561,0.007413,0.0000,0.191227,-0.564528,0.000000,0.0000
10497.21,0.238314,-0.475673,0.007439,0.0000,0.191227,-0.564528,0.000000,0.0000
10502.57,0.238314,-0.475673,0.007439,0.0000,0.191227,-0.564528,0.000000,0.0000
10507.91,0.237725,-0.477040,0.007394,0.0000,0.191227,-0.564528,0.000000,0.0000
10513.26,0.237136,-0.478299,0.007364,0.0000,0.191227,-0.564528,0.000000,0.0000
10518.64,0.237136,-0.478299,0.007364,0.0000,0.191227,-0.564528,0.000000,0.0000
10524.07,0.236602,-0.479551,0.007371,0.0000,0.191227,-0.564528,0.000000,0.0000
10529.53,0.235966,-0.480735,0.007375,0.0000,0.191227,-0.564528,0.000000,0.0000
10534.88,0.235966,-0.480735,0.007375,0.0000,0.191227,-0.564528,0.000000,0.0000
10540.28,0.235296,-0.481995,0.007364,0.0000,0.191227,-0.564528,0.000000,0.0000
10545.89,0.234736,-0.483063,0.007396,0.0000,0.191227,-0.564528,0.000000,0.0000
10551.36,0.234736,-0.483063,0.007396,0.0000,0.191227,-0.564528,0.000000,0.0000
10556.67,0.233950,-0.484220,0.007438,0.0000,0.191227,-0.564528,0.000000,0.0000
10562.10,0.233286,-0.485369,0.007388,0.0000,0.176336,-0.570634,0.000000,0.0000
10567.43,0.233286,-0.485369,0.007388,0.0000,0.176336,-0.570634,0.000000,0.0000
10572.91,0.232625,-0.486524,0.007416,0.0000,0.176336,-0.570634,0.000000,0.0000
10578.30,0.231884,-0.487654,0.007410,0.0000,0.176336,-0.570634,0.000000,0.0000
10583.63,0.231884,-0.487654,0.007410,0.0000,0.176336,-0.570634,0.000000,0.0000
10588.97,0.231161,-0.488782,0.007394,0.0000,0.176336,-0.570634,0.000000,0.0000
10594.32,0.231161,-0.488782,0.007394,0.0000,0.176336,-0.570634,0.000000,0.0000
10599.61,0.230486,-0.489888,0.007399,0.0000,0.176336,-0.570634,0.000000,0.0000
10604.96,0.229650,-0.490907,0.007427,0.0000,0.176336,-0.570634,0.000000,0.0000
10610.28,0.229650,-0.490907,0.007427,0.0000,0.176336,-0.570634,0.000000,0.0000
10615.72,0.228876,-0.491923,0.007426,0.0000,0.176336,-0.570634,0.000000,0.0000
10621.06,0.228127,-0.493042,0.007478,0.0000,0.176336,-0.570634,0.000000,0.0000
10626.42,0.228127,-0.493042,0.007478,0.0000,0.176336,-0.570634,0.000000,0.0000
10631.75,0.227302,-0.494111,0.007475,0.0000,0.176336,-0.570634,0.000000,0.0000
10637.08,0.226556,-0.495166,0.007440,0.0000,0.176336,-0.570634,0.000000,0.0000
10642.40,0.226556,-0.495166,0.007440,0.0000,0.176336,-0.570634,0.000000,0.0000
10648.02,0.225644,-0.496060,0.007533,0.0000,0.160748,-0.576176,0.000000,0.0000
10653.39,0.224755,-0.497126,0.007487,0.0000,0.160748,-0.576176,0.000000,0.0000
10658.81,0.224755,-0.497126,0.007487,0.0000,0.160748,-0.576176,0.000000,0.0000
10664.24,0.224012,-0.498022,0.007533,0.0000,0.160748,-0.576176,0.000000,0.0000
10669.55,0.224012,-0.498022,0.007533,0.0000,0.160748,-0.576176,0.000000,0.0000
10674.90,0.223100,-0.499082,0.007551,0.0000,0.160748,-0.576176,0.000000,0.0000
10680.24,0.223100,-0.499082,0.007551,0.0000,0.160748,-0.576176,0.000000,0.0000
10685.58,0.222195,-0.499957,0.007557,0.0000,0.160748,-0.576176,0.000000,0.0000
10691.00,0.221257,-0.500958,0.007574,0.0000,0.160748,-0.576176,0.000000,0.0000
10696.35,0.220276,-0.501731,0.007635,0.0000,0.160748,-0.576176,0.000000,0.0000
10701.71,0.220276,-0.501731,0.007635,0.0000,0.160748,-0.576176,0.000000,0.0000
10707.09,0.219485,-0.502862,0.007563,0.0000,0.144526,-0.581150,0.000000,0.0000
10712.65,0.218364,-0.503572,0.007690,0.0000,0.144526,-0.581150,0.000000,0.0000
10718.07,0.218364,-0.503572,0.007690,0.0000,0.144526,-0.581150,0.000000,0.0000
10723.42,0.217429,-0.504554,0.007564,0.0000,0.144526,-0.581150,0.000000,0.0000
10728.78,0.216453,-0.505475,0.007542,0.0000,0.144526,-0.581150,0.000000,0.0000
10734.16,0.216453,-0.505475,0.007542,0.0000,0.144526,-0.581150,0.000000,0.0000
10739.55,0.215443,-0.506396,0.007556,0.0000,0.144526,-0.581150,0.000000,0.0000
10744.96,0.214299,-0.507199,0.007591,0.0000,0.144526,-0.581150,0.000000,0.0000
10750.49,0.214299,-0.507199,0.007591,0.0000,0.144526,-0.581150,0.000000,0.0000
10755.85,0.213264,-0.508087,0.007610,0.0000,0.144526,-0.581150,0.000000,0.0000
10761.22,0.212272,-0.509034,0.007546,0.0000,0.144526,-0.581150,0.000000,0.0000
10767.12,0.212272,-0.509034,0.007546,0.0000,0.144526,-0.581150,0.000000,0.0000
10772.43,0.211099,-0.509769,0.007505,0.0000,0.144526,-0.581150,0.000000,0.0000
10777.77,0.211099,-0.509769,0.007505,0.0000,0.144526,-0.581150,0.000000,0.0000
10783.11,0.210131,-0.510754,0.007461,0.0000,0.144526,-0.581150,0.000000,0.0000
10788.62,0.209030,-0.511479,0.007468,0.0000,0.127734,-0.585550,0.000000,0.0000
10794.15,0.209030,-0.511479,0.007468,0.0000,0.127734,-0.585550,0.000000,0.0000
10799.58,0.207829,-0.512232,0.007473,0.0000,0.127734,-0.585550,0.000000,0.0000
10804.98,0.206737,-0.513085,0.007445,0.0000,0.127734,-0.585550,0.000000,0.0000
10810.44,0.206737,-0.513085,0.007445,0.0000,0.127734,-0.585550,0.000000,0.0000
10815.80,0.205620,-0.513943,0.007441,0.0000,0.127734,-0.585550,0.000000,0.0000
10821.20,0.204439,-0.514670,0.007479,0.0000,0.127734,-0.585550,0.000000,0.0000
10826.58,0.204439,-0.514670,0.007479,0.0000,0.127734,-0.585550,0.000000,0.0000
10832.21,0.203225,-0.515431,0.007480,0.0000,0.127734,-0.585550,0.000000,0.0000
10837.62,0.202145,-0.516253,0.007437,0.0000,0.127734,-0.585550,0.000000,0.0000
10843.04,0.202145,-0.516253,0.007437,0.0000,0.127734,-0.585550,0.000000,0.0000
10848.45,0.200745,-0.516844,0.007475,0.0000,0.127734,-0.585550,0.000000,0.0000
10853.82,0.199706,-0.517836,0.007393,0.0000,0.127734,-0.585550,0.000000,0.0000
10859.21,0.199706,-0.517836,0.007393,0.0000,0.127734,-0.585550,0.000000,0.0000
10864.69,0.198432,-0.518447,0.007403,0.0000,0.127734,-0.585550,0.000000,0.0000
10870.14,0.197208,-0.519329,0.007358,0.0000,0.110437,-0.589372,0.000000,0.0000
10875.50,0.197208,-0.519329,0.007358,0.0000,0.110437,-0.589372,0.000000,0.0000
10880.89,0.196083,-0.520142,0.007266,0.0000,0.110437,-0.589372,0.000000,0.0000
10886.40,0.194729,-0.520804,0.007363,0.0000,0.110437,-0.589372,0.000000,0.0000
10891.98,0.194729,-0.520804,0.007363,0.0000,0.110437,-0.589372,0.000000,0.0000
10897.34,0.193485,-0.521646,0.007334,0.0000,0.110437,-0.589372,0.000000,0.0000
10902.68,0.193485,-0.521646,0.007334,0.0000,0.110437,-0.589372,0.000000,0.0000
10908.02,0.192300,-0.522419,0.007266,0.0000,0.110437,-0.589372,0.000000,0.0000
10913.37,0.190883,-0.523192,0.007292,0.0000,0.110437,-0.589372,0.000000,0.0000
10918.98,0.190883,-0.523192,0.007292,0.0000,0.110437,-0.589372,0.000000,0.0000
10924.49,0.189773,-0.523856,0.007268,0.0000,0.110437,-0.589372,0.000000,0.0000
10929.88,0.188340,-0.524610,0.007333,0.0000,0.110437,-0.589372,0.000000,0.0000
10935.89,0.188340,-0.524610,0.007333,0.0000,0.092705,-0.592613,0.000000,0.0000
10941.25,0.187201,-0.525471,0.007218,0.0000,0.092705,-0.592613,0.000000,0.0000
10946.62,0.185862,-0.526188,0.007184,0.0000,0.092705,-0.592613,0.000000,0.0000
10951.98,0.185862,-0.526188,0.007184,0.0000,0.092705,-0.592613,0.000000,0.0000
10957.31,0.184609,-0.526933,0.007172,0.0000,0.092705,-0.592613,0.000000,0.0000
10962.67,0.183308,-0.527686,0.007152,0.0000,0.092705,-0.592613,0.000000,0.0000
10967.99,0.183308,-0.527686,0.007152,0.0000,0.092705,-0.592613,0.000000,0.0000
10973.37,0.181950,-0.528324,0.007218,0.0000,0.092705,-0.592613,0.000000,0.0000
10978.67,0.180621,-0.529061,0.007185,0.0000,0.092705,-0.592613,0.000000,0.0000
10984.00,0.180621,-0.529061,0.007185,0.0000,0.092705,-0.592613,0.000000,0.0000
10989.36,0.179389,-0.529899,0.007186,0.0000,0.092705,-0.592613,0.000000,0.0000
10994.89,0.177944,-0.530476,0.007236,0.0000,0.092705,-0.592613,0.000000,0.0000
11000.24,0.177944,-0.530476,0.007236,0.0000,0.092705,-0.592613,0.000000,0.0000
11005.70,0.176752,-0.531318,0.007164,0.0000,0.092705,-0.592613,0.000000,0.0000
11011.04,0.176752,-0.531318,0.007164,0.0000,0.092705,-0.592613,0.000000,0.0000
11016.43,0.175214,-0.531941,0.007175,0.0000,0.074607,-0.595269,0.000000,0.0000
11021.76,0.173996,-0.532642,0.007158,0.0000,0.074607,-0.595269,0.000000,0.0000
11027.10,0.173996,-0.532642,0.007158,0.0000,0.074607,-0.595269,0.000000,0.0000
11032.49,0.172666,-0.533372,0.007128,0.0000,0.074607,-0.595269,0.000000,0.0000
11038.24,0.171280,-0.534012,0.007136,0.0000,0.074607,-0.595269,0.000000,0.0000
11043.71,0.171280,-0.534012,0.007136,0.0000,0.074607,-0.595269,0.000000,0.0000
11049.30,0.170056,-0.534861,0.007038,0.0000,0.074607,-0.595269,0.000000,0.0000
11054.65,0.168539,-0.535322,0.007193,0.0000,0.074607,-0.595269,0.000000,0.0000
11059.98,0.168539,-0.535322,0.007193,0.0000,0.074607,-0.595269,0.000000,0.0000
11065.31,0.167247,-0.536191,0.007068,0.0000,0.074607,-0.595269,0.000000,0.0000
11070.61,0.165820,-0.536793,0.007092,0.0000,0.074607,-0.595269,0.000000,0.0000
11075.98,0.165820,-0.536793,0.007092,0.0000,0.074607,-0.595269,0.000000,0.0000
11081.59,0.164506,-0.537474,0.007106,0.0000,0.074607,-0.595269,0.000000,0.0000
11086.97,0.163077,-0.538204,0.007113,0.0000,0.074607,-0.595269,0.000000,0.0000
11092.37,0.163077,-0.538204,0.007113,0.0000,0.074607,-0.595269,0.000000,0.0000
11098.27,0.161752,-0.538856,0.007079,0.0000,0.056214,-0.597337,0.000000,0.0000
11103.62,0.160245,-0.539571,0.007078,0.0000,0.056214,-0.597337,0.000000,0.0000
11109.01,0.160245,-0.539571,0.007078,0.0000,0.056214,-0.597337,0.000000,0.0000
11114.37,0.158938,-0.540092,0.007071,0.0000,0.056214,-0.597337,0.000000,0.0000
11119.39,0.158938,-0.540092,0.007071,0.0000,0.056214,-0.597337,0.000000,0.0000
11124.77,0.157506,-0.540928,0.006992,0.0000,0.056214,-0.597337,0.000000,0.0000
11130.10,0.156033,-0.541452,0.007056,0.0000,0.056214,-0.597337,0.000000,0.0000
11135.44,0.156033,-0.541452,0.007056,0.0000,0.056214,-0.597337,0.000000,0.0000
11140.99,0.154660,-0.542158,0.007059,0.0000,0.056214,-0.597337,0.000000,0.0000
11146.39,0.153185,-0.542823,0.007124,0.0000,0.056214,-0.597337,0.000000,0.0000
11151.75,0.153185,-0.542823,0.007124,0.0000,0.056214,-0.597337,0.000000,0.0000
11157.16,0.151774,-0.543385,0.007126,0.0000,0.056214,-0.597337,0.000000,0.0000
11162.83,0.150240,-0.544032,0.007114,0.0000,0.056214,-0.597337,0.000000,0.0000
11168.19,0.150240,-0.544032,0.007114,0.0000,0.056214,-0.597337,0.000000,0.0000
11173.50,0.148879,-0.544646,0.007145,0.0000,0.056214,-0.597337,0.000000,0.0000
11178.84,0.147305,-0.545194,0.007201,0.0000,0.037600,-0.598816,0.000000,0.0000
11184.16,0.147305,-0.545194,0.007201,0.0000,0.037600,-0.598816,0.000000,0.0000
11189.51,0.145960,-0.545894,0.007152,0.0000,0.037600,-0.598816,0.000000,0.0000
11195.12,0.144412,-0.546347,0.007138,0.0000,0.037600,-0.598816,0.000000,0.0000
11200.61,0.144412,-0.546347,0.007138,0.0000,0.037600,-0.598816,0.000000,0.0000
11206.20,0.143062,-0.547121,0.007106,0.0000,0.037600,-0.598816,0.000000,0.0000
11211.83,0.141470,-0.547576,0.007147,0.0000,0.037600,-0.598816,0.000000,0.0000
11217.22,0.141470,-0.547576,0.007147,0.0000,0.037600,-0.598816,0.000000,0.0000
11222.61,0.140068,-0.548212,0.007092,0.0000,0.037600,-0.598816,0.000000,0.0000
11228.25,0.138531,-0.548859,0.007104,0.0000,0.037600,-0.598816,0.000000,0.0000
11233.61,0.138531,-0.548859,0.007104,0.0000,0.037600,-0.598816,0.000000,0.0000
11239.01,0.136996,-0.549370,0.007129,0.0000,0.018837,-0.599704,0.000000,0.0000
11244.59,0.136996,-0.549370,0.007129,0.0000,0.018837,-0.599704,0.000000,0.0000
11249.98,0.135515,-0.550077,0.007060,0.0000,0.018837,-0.599704,0.000000,0.0000
11255.43,0.133874,-0.550431,0.007185,0.0000,0.018837,-0.599704,0.000000,0.0000
11260.82,0.133874,-0.550431,0.007185,0.0000,0.018837,-0.599704,0.000000,0.0000
11266.17,0.132357,-0.551103,0.007265,0.0000,0.018837,-0.599704,0.000000,0.0000
11271.49,0.130744,-0.551511,0.007313,0.0000,0.018837,-0.599704,0.000000,0.0000
11276.82,0.130744,-0.551511,0.007313,0.0000,0.018837,-0.599704,0.000000,0.0000
11282.18,0.129238,-0.552086,0.007286,0.0000,0.018837,-0.599704,0.000000,0.0000
11287.76,0.127626,-0.552676,0.007377,0.0000,0.018837,-0.599704,0.000000,0.0000
11293.11,0.127626,-0.552676,0.007377,0.0000,0.018837,-0.599704,0.000000,0.0000
11298.44,0.126085,-0.552992,0.007467,0.0000,0.018837,-0.599704,0.000000,0.0000
11303.81,0.124520,-0.553584,0.007453,0.0000,0.018837,-0.599704,0.000000,0.0000
11309.15,0.124520,-0.553584,0.007453,0.0000,0.018837,-0.599704,0.000000,0.0000
11314.70,0.122883,-0.554110,0.007487,0.0000,0.018837,-0.599704,0.000000,0.0000
11320.04,0.121381,-0.554509,0.007564,0.0000,0.018837,-0.599704,0.000000,0.0000
11325.58,0.121381,-0.554509,0.007564,0.0000,0.000000,-0.600000,0.000000,0.0000
11330.92,0.119665,-0.554997,0.007575,0.0000,0.000000,-0.600000,0.000000,0.0000
11336.24,0.119665,-0.554997,0.007575,0.0000,0.000000,-0.600000,0.000000,0.0000
11341.58,0.118153,-0.555488,0.007640,0.0000,0.000000,-0.600000,0.000000,0.0000
11347.08,0.116467,-0.555979,0.007690,0.0000,0.000000,-0.600000,0.000000,0.0000
11352.44,0.116467,-0.555979,0.007690,0.0000,0.000000,-0.600000,0.000000,0.0000
11357.79,0.114917,-0.556471,0.007751,0.0000,0.000000,-0.600000,0.000000,0.0000
11363.14,0.113186,-0.556934,0.007782,0.0000,0.000000,-0.600000,0.000000,0.0000
11368.44,0.113186,-0.556934,0.007782,0.0000,0.000000,-0.600000,0.000000,0.0000
11373.76,0.111653,-0.557504,0.007747,0.0000,0.000000,-0.600000,0.000000,0.0000
11379.09,0.109862,-0.557815,0.007852,0.0000,0.000000,-0.600000,0.000000,0.0000
11384.44,0.109862,-0.557815,0.007852,0.0000,0.000000,-0.600000,0.000000,0.0000
11389.86,0.108177,-0.558274,0.007860,0.0000,0.000000,-0.600000,0.000000,0.0000
11395.27,0.106482,-0.558812,0.007831,0.0000,0.000000,-0.600000,0.000000,0.0000
11400.56,0.106482,-0.558812,0.007831,0.0000,0.000000,-0.600000,0.000000,0.0000
11405.93,0.104776,-0.559119,0.007842,0.0000,-0.018837,-0.599704,0.000000,0.0000
11411.26,0.104776,-0.559119,0.007842,0.0000,-0.018837,-0.599704,0.000000,0.0000
11416.62,0.103022,-0.559492,0.007855,0.0000,-0.018837,-0.599704,0.000000,0.0000
11422.23,0.101250,-0.559969,0.007842,0.0000,-0.018837,-0.599704,0.000000,0.0000
11427.95,0.101250,-0.559969,0.007842,0.0000,-0.018837,-0.599704,0.000000,0.0000
11433.31,0.099579,-0.560193,0.007890,0.0000,-0.018837,-0.599704,0.000000,0.0000
11438.76,0.097669,-0.560640,0.007852,0.0000,-0.018837,-0.599704,0.000000,0.0000
11444.16,0.097669,-0.560640,0.007852,0.0000,-0.018837,-0.599704,0.000000,0.0000
11449.49,0.096051,-0.560967,0.007848,0.0000,-0.018837,-0.599704,0.000000,0.0000
11454.81,0.094214,-0.561276,0.007901,0.0000,-0.018837,-0.599704,0.000000,0.0000
11460.15,0.094214,-0.561276,0.007901,0.0000,-0.018837,-0.599704,0.000000,0.0000
11465.49,0.092306,-0.561639,0.007929,0.0000,-0.037600,-0.598816,0.000000,0.0000
11471.17,0.090674,-0.561923,0.007943,0.0000,-0.037600,-0.598816,0.000000,0.0000
11476.50,0.090674,-0.561923,0.007943,0.0000,-0.037600,-0.598816,0.000000,0.0000
11481.82,0.088710,-0.562337,0.007891,0.0000,-0.037600,-0.598816,0.000000,0.0000
11487.15,0.086923,-0.562663,0.007836,0.0000,-0.037600,-0.598816,0.000000,0.0000
11492.53,0.086923,-0.562663,0.007836,0.0000,-0.037600,-0.598816,0.000000,0.0000
11497.85,0.085136,-0.562933,0.007827,0.0000,-0.037600,-0.598816,0.000000,0.0000
11503.38,0.083126,-0.563123,0.007837,0.0000,-0.037600,-0.598816,0.000000,0.0000
11508.77,0.083126,-0.563123,0.007837,0.0000,-0.037600,-0.598816,0.000000,0.0000
11514.09,0.081247,-0.563628,0.007759,0.0000,-0.037600,-0.598816,0.000000,0.0000
11519.41,0.081247,-0.563628,0.007759,0.0000,-0.037600,-0.598816,0.000000,0.0000
11524.81,0.079394,-0.563713,0.007780,0.0000,-0.037600,-0.598816,0.000000,0.0000
11530.28,0.077441,-0.564014,0.007700,0.0000,-0.037600,-0.598816,0.000000,0.0000
11535.61,0.077441,-0.564014,0.007700,0.0000,-0.037600,-0.598816,0.000000,0.0000
11541.01,0.075603,-0.564420,0.007625,0.0000,-0.037600,-0.598816,0.000000,0.0000
11546.37,0.073657,-0.564437,0.007767,0.0000,-0.056214,-0.597337,0.000000,0.0000
11551.67,0.073657,-0.564437,0.007767,0.0000,-0.056214,-0.597337,0.000000,0.0000
11557.03,0.071581,-0.564692,0.007771,0.0000,-0.056214,-0.597337,0.000000,0.0000
11562.57,0.069694,-0.564841,0.007783,0.0000,-0.056214,-0.597337,0.000000,0.0000
11567.92,0.069694,-0.564841,0.007783,0.0000,-0.056214,-0.597337,0.000000,0.0000
11573.28,0.067748,-0.565066,0.007708,0.0000,-0.056214,-0.597337,0.000000,0.0000
11578.61,0.065704,-0.565111,0.007737,0.0000,-0.056214,-0.597337,0.000000,0.0000
11583.99,0.065704,-0.565111,0.007737,0.0000,-0.056214,-0.597337,0.000000,0.0000
11589.38,0.063697,-0.565445,0.007654,0.0000,-0.056214,-0.597337,0.000000,0.0000
11594.78,0.061772,-0.565603,0.007564,0.0000,-0.056214,-0.597337,0.000000,0.0000
11600.29,0.061772,-0.565603,0.007564,0.0000,-0.056214,-0.597337,0.000000,0.0000
11605.61,0.061772,-0.565603,0.007564,0.0000,-0.056214,-0.597337,0.000000,0.0000
11610.95,0.059686,-0.565665,0.007617,0.0000,-0.056214,-0.597337,0.000000,0.0000
11616.33,0.057619,-0.565926,0.007543,0.0000,-0.056214,-0.597337,0.000000,0.0000
11621.63,0.055706,-0.566028,0.007503,0.0000,-0.056214,-0.597337,0.000000,0.0000
11627.00,0.055706,-0.566028,0.007503,0.0000,-0.056214,-0.597337,0.000000,0.0000
11632.98,0.053613,-0.566250,0.007551,0.0000,-0.074607,-0.595269,0.000000,0.0000
11638.31,0.051522,-0.566311,0.007526,0.0000,-0.074607,-0.595269,0.000000,0.0000
11643.95,0.051522,-0.566311,0.007526,0.0000,-0.074607,-0.595269,0.000000,0.0000
11649.42,0.049520,-0.566528,0.007501,0.0000,-0.074607,-0.595269,0.000000,0.0000
11654.79,0.047540,-0.566552,0.007399,0.0000,-0.074607,-0.595269,0.000000,0.0000
11660.16,0.047540,-0.566552,0.007399,0.0000,-0.074607,-0.595269,0.000000,0.0000
11665.49,0.045408,-0.566837,0.007352,0.0000,-0.074607,-0.595269,0.000000,0.0000
11670.92,0.043312,-0.566821,0.007339,0.0000,-0.074607,-0.595269,0.000000,0.0000
11676.37,0.043312,-0.566821,0.007339,0.0000,-0.074607,-0.595269,0.000000,0.0000
11681.70,0.041329,-0.566956,0.007219,0.0000,-0.074607,-0.595269,0.000000,0.0000
11687.02,0.039231,-0.567038,0.007360,0.0000,-0.074607,-0.595269,0.000000,0.0000
11692.42,0.039231,-0.567038,0.007360,0.0000,-0.092705,-0.592613,0.000000,0.0000
11697.75,0.037066,-0.567162,0.007329,0.0000,-0.092705,-0.592613,0.000000,0.0000
11703.08,0.037066,-0.567162,0.007329,0.0000,-0.092705,-0.592613,0.000000,0.0000
11708.44,0.034962,-0.567162,0.007354,0.0000,-0.092705,-0.592613,0.000000,0.0000
11714.44,0.033001,-0.567253,0.007359,0.0000,-0.092705,-0.592613,0.000000,0.0000
11719.84,0.030826,-0.567519,0.007252,0.0000,-0.092705,-0.592613,0.000000,0.0000
11725.32,0.030826,-0.567519,0.007252,0.0000,-0.092705,-0.592613,0.000000,0.0000
11730.63,0.028686,-0.567255,0.007372,0.0000,-0.092705,-0.592613,0.000000,0.0000
11735.99,0.028686,-0.567255,0.007372,0.0000,-0.092705,-0.592613,0.000000,0.0000
11741.46,0.026676,-0.567559,0.007129,0.0000,-0.092705,-0.592613,0.000000,0.0000
11747.09,0.024653,-0.567613,0.007231,0.0000,-0.092705,-0.592613,0.000000,0.0000
11752.50,0.024653,-0.567613,0.007231,0.0000,-0.092705,-0.592613,0.000000,0.0000
11757.82,0.022423,-0.567641,0.007223,0.0000,-0.092705,-0.592613,0.000000,0.0000
11763.15,0.020285,-0.567503,0.007263,0.0000,-0.092705,-0.592613,0.000000,0.0000
11768.44,0.020285,-0.567503,0.007263,0.0000,-0.092705,-0.592613,0.000000,0.0000
11773.83,0.018305,-0.567644,0.007307,0.0000,-0.110437,-0.589372,0.000000,0.0000
11779.42,0.016148,-0.567806,0.007239,0.0000,-0.110437,-0.589372,0.000000,0.0000
11784.75,0.016148,-0.567806,0.007239,0.0000,-0.110437,-0.589372,0.000000,0.0000
11790.17,0.014024,-0.567563,0.007375,0.0000,-0.110437,-0.589372,0.000000,0.0000
11795.99,0.011904,-0.567799,0.007199,0.0000,-0.110437,-0.589372,0.000000,0.0000
11801.38,0.011904,-0.567799,0.007199,0.0000,-0.110437,-0.589372,0.000000,0.0000
11806.76,0.010016,-0.567848,0.007228,0.0000,-0.110437,-0.589372,0.000000,0.0000
11812.10,0.007776,-0.567945,0.007166,0.0000,-0.110437,-0.589372,0.000000,0.0000
11817.48,0.007776,-0.567945,0.007166,0.0000,-0.110437,-0.589372,0.000000,0.0000
11822.88,0.005629,-0.567796,0.007226,0.0000,-0.110437,-0.589372,0.000000,0.0000
11828.34,0.003665,-0.567995,0.007229,0.0000,-0.110437,-0.589372,0.000000,0.0000
11833.75,0.003665,-0.567995,0.007229,0.0000,-0.110437,-0.589372,0.000000,0.0000
11839.21,0.001588,-0.568090,0.007195,0.0000,-0.110437,-0.589372,0.000000,0.0000
11844.65,0.001588,-0.568090,0.007195,0.0000,-0.110437,-0.589372,0.000000,0.0000
11850.04,-0.000588,-0.567982,0.007368,0.0000,-0.110437,-0.589372,0.000000,0.0000
11855.39,-0.002633,-0.568129,0.007228,0.0000,-0.127734,-0.585550,0.000000,0.0000
11860.70,-0.002633,-0.568129,0.007228,0.0000,-0.127734,-0.585550,0.000000,0.0000
11866.05,-0.004563,-0.568199,0.007295,0.0000,-0.127734,-0.585550,0.000000,0.0000
11871.38,-0.006765,-0.568277,0.007269,0.0000,-0.127734,-0.585550,0.000000,0.0000
11876.73,-0.006765,-0.568277,0.007269,0.0000,-0.127734,-0.585550,0.000000,0.0000
11882.11,-0.008757,-0.568181,0.007228,0.0000,-0.127734,-0.585550,0.000000,0.0000
11887.60,-0.010668,-0.568465,0.007231,0.0000,-0.127734,-0.585550,0.000000,0.0000
11892.96,-0.010668,-0.568465,0.007231,0.0000,-0.127734,-0.585550,0.000000,0.0000
11898.68,-0.012707,-0.568472,0.007205,0.0000,-0.127734,-0.585550,0.000000,0.0000
11904.04,-0.014828,-0.568347,0.007309,0.0000,-0.127734,-0.585550,0.000000,0.0000
11909.38,-0.014828,-0.568347,0.007309,0.0000,-0.127734,-0.585550,0.000000,0.0000
11914.89,-0.016694,-0.568524,0.007323,0.0000,-0.144526,-0.581150,0.000000,0.0000
11920.24,-0.018705,-0.568670,0.007251,0.0000,-0.144526,-0.581150,0.000000,0.0000
11925.55,-0.018705,-0.568670,0.007251,0.0000,-0.144526,-0.581150,0.000000,0.0000
11930.99,-0.020816,-0.568603,0.007292,0.0000,-0.144526,-0.581150,0.000000,0.0000
11936.52,-0.022737,-0.568586,0.007222,0.0000,-0.144526,-0.581150,0.000000,0.0000
11942.17,-0.022737,-0.568586,0.007222,0.0000,-0.144526,-0.581150,0.000000,0.0000
11947.55,-0.024741,-0.568948,0.007145,0.0000,-0.144526,-0.581150,0.000000,0.0000
11953.05,-0.024741,-0.568948,0.007145,0.0000,-0.144526,-0.581150,0.000000,0.0000
11958.41,-0.026800,-0.568790,0.007203,0.0000,-0.144526,-0.581150,0.000000,0.0000
11963.85,-0.028854,-0.568851,0.007149,0.0000,-0.144526,-0.581150,0.000000,0.0000
11969.21,-0.028854,-0.568851,0.007149,0.0000,-0.144526,-0.581150,0.000000,0.0000
11974.50,-0.030710,-0.569018,0.007124,0.0000,-0.144526,-0.581150,0.000000,0.0000
11979.94,-0.032756,-0.569127,0.007083,0.0000,-0.144526,-0.581150,0.000000,0.0000
11985.28,-0.032756,-0.569127,0.007083,0.0000,-0.144526,-0.581150,0.000000,0.0000
11990.62,-0.034706,-0.569114,0.007107,0.0000,-0.144526,-0.581150,0.000000,0.0000
11996.14,-0.036552,-0.569191,0.007123,0.0000,-0.144526,-0.581150,0.000000,0.0000
12002.06,-0.036552,-0.569191,0.007123,0.0000,-0.160748,-0.576176,0.000000,0.0000
12007.39,-0.038581,-0.569420,0.007056,0.0000,-0.160748,-0.576176,0.000000,0.0000
12012.81,-0.040464,-0.569298,0.007107,0.0000,-0.160748,-0.576176,0.000000,0.0000
12018.20,-0.040464,-0.569298,0.007107,0.0000,-0.160748,-0.576176,0.000000,0.0000
12023.50,-0.042377,-0.569520,0.006943,0.0000,-0.160748,-0.576176,0.000000,0.0000
12028.84,-0.044234,-0.569539,0.007055,0.0000,-0.160748,-0.576176,0.000000,0.0000
12034.19,-0.044234,-0.569539,0.007055,0.0000,-0.160748,-0.576176,0.000000,0.0000
12039.50,-0.046084,-0.569731,0.006944,0.0000,-0.160748,-0.576176,0.000000,0.0000
12045.10,-0.048019,-0.569758,0.006957,0.0000,-0.160748,-0.576176,0.000000,0.0000
12050.60,-0.048019,-0.569758,0.006957,0.0000,-0.160748,-0.576176,0.000000,0.0000
12056.00,-0.049890,-0.569678,0.007061,0.0000,-0.160748,-0.576176,0.000000,0.0000
12061.34,-0.049890,-0.569678,0.007061,0.0000,-0.160748,-0.576176,0.000000,0.0000
12066.67,-0.051700,-0.570062,0.006949,0.0000,-0.160748,-0.576176,0.000000,0.0000
12072.29,-0.053610,-0.569929,0.006995,0.0000,-0.160748,-0.576176,0.000000,0.0000
12077.66,-0.053610,-0.569929,0.006995,0.0000,-0.160748,-0.576176,0.000000,0.0000
12083.03,-0.055484,-0.569980,0.007077,0.0000,-0.176336,-0.570634,0.000000,0.0000
12088.36,-0.057339,-0.570219,0.006938,0.0000,-0.176336,-0.570634,0.000000,0.0000
12093.72,-0.057339,-0.570219,0.006938,0.0000,-0.176336,-0.570634,0.000000,0.0000
12099.37,-0.059231,-0.570136,0.006969,0.0000,-0.176336,-0.570634,0.000000,0.0000
12105.09,-0.061109,-0.570259,0.006963,0.0000,-0.176336,-0.570634,0.000000,0.0000
12110.44,-0.061109,-0.570259,0.006963,0.0000,-0.176336,-0.570634,0.000000,0.0000
12116.09,-0.062920,-0.570282,0.006959,0.0000,-0.176336,-0.570634,0.000000,0.0000
12121.44,-0.064813,-0.570395,0.006935,0.0000,-0.176336,-0.570634,0.000000,0.0000
12126.76,-0.064813,-0.570395,0.006935,0.0000,-0.176336,-0.570634,0.000000,0.0000
12132.16,-0.066612,-0.570501,0.006891,0.0000,-0.176336,-0.570634,0.000000,0.0000
12137.73,-0.068454,-0.570524,0.006950,0.0000,-0.176336,-0.570634,0.000000,0.0000
12143.09,-0.068454,-0.570524,0.006950,0.0000,-0.191227,-0.564528,0.000000,0.0000
12148.44,-0.070278,-0.570745,0.006792,0.0000,-0.191227,-0.564528,0.000000,0.0000
12153.86,-0.072019,-0.570736,0.006797,0.0000,-0.191227,-0.564528,0.000000,0.0000
12159.20,-0.072019,-0.570736,0.006797,0.0000,-0.191227,-0.564528,0.000000,0.0000
12164.57,-0.074002,-0.570807,0.006794,0.0000,-0.191227,-0.564528,0.000000,0.0000
12170.02,-0.075705,-0.570860,0.006691,0.0000,-0.191227,-0.564528,0.000000,0.0000
12175.35,-0.075705,-0.570860,0.006691,0.0000,-0.191227,-0.564528,0.000000,0.0000
12180.69,-0.077561,-0.570954,0.006634,0.0000,-0.191227,-0.564528,0.000000,0.0000
12186.03,-0.077561,-0.570954,0.006634,0.0000,-0.191227,-0.564528,0.000000,0.0000
12191.41,-0.079446,-0.571003,0.006639,0.0000,-0.191227,-0.564528,0.000000,0.0000
12196.77,-0.081152,-0.571034,0.006601,0.0000,-0.191227,-0.564528,0.000000,0.0000
12202.23,-0.081152,-0.571034,0.006601,0.0000,-0.191227,-0.564528,0.000000,0.0000
12207.96,-0.083028,-0.571019,0.006635,0.0000,-0.191227,-0.564528,0.000000,0.0000
12213.30,-0.084788,-0.571159,0.006539,0.0000,-0.191227,-0.564528,0.000000,0.0000
12218.61,-0.084788,-0.571159,0.006539,0.0000,-0.191227,-0.564528,0.000000,0.0000
12223.95,-0.086589,-0.571197,0.006574,0.0000,-0.205364,-0.557866,0.000000,0.0000
12229.43,-0.088453,-0.571175,0.006508,0.0000,-0.205364,-0.557866,0.000000,0.0000
12234.76,-0.088453,-0.571175,0.006508,0.0000,-0.205364,-0.557866,0.000000,0.0000
12240.10,-0.090093,-0.571282,0.006396,0.0000,-0.205364,-0.557866,0.000000,0.0000
12245.51,-0.092057,-0.571394,0.006407,0.0000,-0.205364,-0.557866,0.000000,0.0000
12250.83,-0.092057,-0.571394,0.006407,0.0000,-0.205364,-0.557866,0.000000,0.0000
12256.23,-0.093830,-0.571318,0.006378,0.0000,-0.205364,-0.557866,0.000000,0.0000
12261.67,-0.095636,-0.571347,0.006331,0.0000,-0.205364,-0.557866,0.000000,0.0000
12267.02,-0.095636,-0.571347,0.006331,0.0000,-0.205364,-0.557866,0.000000,0.0000
12272.36,-0.097510,-0.571346,0.006323,0.0000,-0.205364,-0.557866,0.000000,0.0000
12277.67,-0.097510,-0.571346,0.006323,0.0000,-0.205364,-0.557866,0.000000,0.0000
12283.02,-0.099262,-0.571313,0.006277,0.0000,-0.205364,-0.557866,0.000000,0.0000
12288.40,-0.101155,-0.571281,0.006318,0.0000,-0.205364,-0.557866,0.000000,0.0000
12293.75,-0.101155,-0.571281,0.006318,0.0000,-0.205364,-0.557866,0.000000,0.0000
12299.25,-0.103035,-0.571148,0.006275,0.0000,-0.205364,-0.557866,0.000000,0.0000
12304.72,-0.104789,-0.571187,0.006303,0.0000,-0.205364,-0.557866,0.000000,0.0000
12310.34,-0.104789,-0.571187,0.006303,0.0000,-0.218691,-0.550653,0.000000,0.0000
12315.66,-0.106734,-0.571234,0.006254,0.0000,-0.218691,-0.550653,0.000000,0.0000
12321.14,-0.108474,-0.571154,0.006167,0.0000,-0.218691,-0.550653,0.000000,0.0000
12326.51,-0.108474,-0.571154,0.006167,0.0000,-0.218691,-0.550653,0.000000,0.0000
12331.83,-0.110347,-0.571116,0.006167,0.0000,-0.218691,-0.550653,0.000000,0.0000
12337.16,-0.112311,-0.570999,0.006138,0.0000,-0.218691,-0.550653,0.000000,0.0000
12342.49,-0.112311,-0.570999,0.006138,0.0000,-0.218691,-0.550653,0.000000,0.0000
12347.87,-0.114107,-0.570947,0.006147,0.0000,-0.218691,-0.550653,0.000000,0.0000
12353.28,-0.114107,-0.570947,0.006147,0.0000,-0.218691,-0.550653,0.000000,0.0000
12359.12,-0.115995,-0.570927,0.006100,0.0000,-0.218691,-0.550653,0.000000,0.0000
12364.50,-0.117865,-0.570811,0.006050,0.0000,-0.218691,-0.550653,0.000000,0.0000
12370.02,-0.119704,-0.570812,0.006052,0.0000,-0.231154,-0.542896,0.000000,0.0000
12375.44,-0.119704,-0.570812,0.006052,0.0000,-0.231154,-0.542896,0.000000,0.0000
12380.89,-0.121601,-0.570775,0.005951,0.0000,-0.231154,-0.542896,0.000000,0.0000
12386.24,-0.121601,-0.570775,0.005951,0.0000,-0.231154,-0.542896,0.000000,0.0000
12391.55,-0.123491,-0.570615,0.005921,0.0000,-0.231154,-0.542896,0.000000,0.0000
12397.27,-0.125362,-0.570603,0.005878,0.0000,-0.231154,-0.542896,0.000000,0.0000
12402.61,-0.125362,-0.570603,0.005878,0.0000,-0.231154,-0.542896,0.000000,0.0000
12407.99,-0.127256,-0.570466,0.005876,0.0000,-0.231154,-0.542896,0.000000,0.0000
12413.55,-0.129176,-0.570369,0.005883,0.0000,-0.231154,-0.542896,0.000000,0.0000
12418.90,-0.129176,-0.570369,0.005883,0.0000,-0.231154,-0.542896,0.000000,0.0000
12424.29,-0.131063,-0.570287,0.005830,0.0000,-0.231154,-0.542896,0.000000,0.0000
12429.62,-0.132984,-0.570060,0.005873,0.0000,-0.231154,-0.542896,0.000000,0.0000
12434.95,-0.132984,-0.570060,0.005873,0.0000,-0.231154,-0.542896,0.000000,0.0000
12440.33,-0.134967,-0.569986,0.005817,0.0000,-0.231154,-0.542896,0.000000,0.0000
12445.62,-0.136814,-0.569784,0.005792,0.0000,-0.231154,-0.542896,0.000000,0.0000
12450.98,-0.136814,-0.569784,0.005792,0.0000,-0.242705,-0.534604,0.000000,0.0000
12456.33,-0.138839,-0.569658,0.005715,0.0000,-0.242705,-0.534604,0.000000,0.0000
12461.76,-0.140747,-0.569452,0.005725,0.0000,-0.242705,-0.534604,0.000000,0.0000
12467.19,-0.140747,-0.569452,0.005725,0.0000,-0.242705,-0.534604,0.000000,0.0000
12472.55,-0.142593,-0.569300,0.005704,0.0000,-0.242705,-0.534604,0.000000,0.0000
12477.86,-0.142593,-0.569300,0.005704,0.0000,-0.242705,-0.534604,0.000000,0.0000
12483.19,-0.144645,-0.569053,0.005663,0.0000,-0.242705,-0.534604,0.000000,0.0000
12488.50,-0.146528,-0.568852,0.005696,0.0000,-0.242705,-0.534604,0.000000,0.0000
12493.83,-0.146528,-0.568852,0.005696,0.0000,-0.242705,-0.534604,0.000000,0.0000
12499.29,-0.148452,-0.568725,0.005681,0.0000,-0.242705,-0.534604,0.000000,0.0000
12504.66,-0.150467,-0.568433,0.005673,0.0000,-0.242705,-0.534604,0.000000,0.0000
12509.99,-0.150467,-0.568433,0.005673,0.0000,-0.242705,-0.534604,0.000000,0.0000
12515.00,-0.152388,-0.568195,0.005655,0.0000,-0.242705,-0.534604,0.000000,0.0000
12520.32,-0.154293,-0.568004,0.005608,0.0000,-0.242705,-0.534604,0.000000,0.0000
12525.66,-0.154293,-0.568004,0.005608,0.0000,-0.242705,-0.534604,0.000000,0.0000
12531.01,-0.156305,-0.567716,0.005651,0.0000,-0.242705,-0.534604,0.000000,0.0000
12536.90,-0.158260,-0.567467,0.005611,0.0000,-0.253298,-0.525784,0.000000,0.0000
12542.25,-0.158260,-0.567467,0.005611,0.0000,-0.253298,-0.525784,0.000000,0.0000
12547.55,-0.160156,-0.567198,0.005660,0.0000,-0.253298,-0.525784,0.000000,0.0000
12552.91,-0.160156,-0.567198,0.005660,0.0000,-0.253298,-0.525784,0.000000,0.0000
12558.28,-0.162195,-0.566925,0.005626,0.0000,-0.253298,-0.525784,0.000000,0.0000
12563.61,-0.164143,-0.566611,0.005602,0.0000,-0.253298,-0.525784,0.000000,0.0000
12568.93,-0.164143,-0.566611,0.005602,0.0000,-0.253298,-0.525784,0.000000,0.0000
12574.33,-0.166078,-0.566308,0.005613,0.0000,-0.253298,-0.525784,0.000000,0.0000
12579.63,-0.168042,-0.566019,0.005572,0.0000,-0.253298,-0.525784,0.000000,0.0000
12584.99,-0.168042,-0.566019,0.005572,0.0000,-0.253298,-0.525784,0.000000,0.0000
12590.31,-0.169990,-0.565686,0.005567,0.0000,-0.253298,-0.525784,0.000000,0.0000
12595.85,-0.171923,-0.565352,0.005540,0.0000,-0.262892,-0.516445,0.000000,0.0000
12601.22,-0.171923,-0.565352,0.005540,0.0000,-0.262892,-0.516445,0.000000,0.0000
12606.55,-0.173888,-0.564981,0.005577,0.0000,-0.262892,-0.516445,0.000000,0.0000
12611.89,-0.175907,-0.564638,0.005592,0.0000,-0.262892,-0.516445,0.000000,0.0000
12617.24,-0.175907,-0.564638,0.005592,0.0000,-0.262892,-0.516445,0.000000,0.0000
12622.61,-0.177775,-0.564239,0.005582,0.0000,-0.262892,-0.516445,0.000000,0.0000
12628.13,-0.179798,-0.563869,0.005536,0.0000,-0.262892,-0.516445,0.000000,0.0000
12633.50,-0.179798,-0.563869,0.005536,0.0000,-0.262892,-0.516445,0.000000,0.0000
12639.47,-0.181747,-0.563500,0.005533,0.0000,-0.262892,-0.516445,0.000000,0.0000
12644.83,-0.183671,-0.563076,0.005514,0.0000,-0.262892,-0.516445,0.000000,0.0000
12650.18,-0.183671,-0.563076,0.005514,0.0000,-0.262892,-0.516445,0.000000,0.0000
12655.52,-0.185638,-0.562660,0.005443,0.0000,-0.262892,-0.516445,0.000000,0.0000
12660.85,-0.185638,-0.562660,0.005443,0.0000,-0.262892,-0.516445,0.000000,0.0000
12666.17,-0.187523,-0.562240,0.005440,0.0000,-0.262892,-0.516445,0.000000,0.0000
12671.49,-0.189514,-0.561714,0.005434,0.0000,-0.262892,-0.516445,0.000000,0.0000
12676.88,-0.189514,-0.561714,0.005434,0.0000,-0.271448,-0.506597,0.000000,0.0000
12682.39,-0.191459,-0.561258,0.005392,0.0000,-0.271448,-0.506597,0.000000,0.0000
12687.73,-0.193370,-0.560784,0.005388,0.0000,-0.271448,-0.506597,0.000000,0.0000
12693.11,-0.193370,-0.560784,0.005388,0.0000,-0.271448,-0.506597,0.000000,0.0000
12698.60,-0.195362,-0.560213,0.005387,0.0000,-0.271448,-0.506597,0.000000,0.0000
12703.94,-0.197267,-0.559751,0.005339,0.0000,-0.271448,-0.506597,0.000000,0.0000
12709.29,-0.197267,-0.559751,0.005339,0.0000,-0.271448,-0.506597,0.000000,0.0000
12714.63,-0.199167,-0.559230,0.005323,0.0000,-0.271448,-0.506597,0.000000,0.0000
12719.98,-0.201016,-0.558710,0.005306,0.0000,-0.271448,-0.506597,0.000000,0.0000
12725.30,-0.201016,-0.558710,0.005306,0.0000,-0.271448,-0.506597,0.000000,0.0000
12730.61,-0.202890,-0.558221,0.005278,0.0000,-0.271448,-0.506597,0.000000,0.0000
12735.99,-0.202890,-0.558221,0.005278,0.0000,-0.271448,-0.506597,0.000000,0.0000
12742.03,-0.204768,-0.557678,0.005203,0.0000,-0.271448,-0.506597,0.000000,0.0000
12747.36,-0.206616,-0.557147,0.005192,0.0000,-0.271448,-0.506597,0.000000,0.0000
12752.70,-0.206616,-0.557147,0.005192,0.0000,-0.271448,-0.506597,0.000000,0.0000
12758.05,-0.208453,-0.556587,0.005154,0.0000,-0.278933,-0.496248,0.000000,0.0000
12763.59,-0.210374,-0.556025,0.005117,0.0000,-0.278933,-0.496248,0.000000,0.0000
12768.94,-0.210374,-0.556025,0.005117,0.0000,-0.278933,-0.496248,0.000000,0.0000
12774.27,-0.212189,-0.555404,0.005153,0.0000,-0.278933,-0.496248,0.000000,0.0000
12779.62,-0.214063,-0.554778,0.005144,0.0000,-0.278933,-0.496248,0.000000,0.0000
12785.03,-0.214063,-0.554778,0.005144,0.0000,-0.278933,-0.496248,0.000000,0.0000
12790.36,-0.215924,-0.554144,0.005162,0.0000,-0.278933,-0.496248,0.000000,0.0000
12795.97,-0.217726,-0.553502,0.005182,0.0000,-0.278933,-0.496248,0.000000,0.0000
12801.34,-0.217726,-0.553502,0.005182,0.0000,-0.278933,-0.496248,0.000000,0.0000
12806.71,-0.219541,-0.552863,0.005210,0.0000,-0.278933,-0.496248,0.000000,0.0000
12812.03,-0.221390,-0.552203,0.005201,0.0000,-0.278933,-0.496248,0.000000,0.0000
12817.39,-0.221390,-0.552203,0.005201,0.0000,-0.278933,-0.496248,0.000000,0.0000
12823.01,-0.223064,-0.551570,0.005171,0.0000,-0.285317,-0.485410,0.000000,0.0000
12828.35,-0.224845,-0.550945,0.005162,0.0000,-0.285317,-0.485410,0.000000,0.0000
12833.66,-0.224845,-0.550945,0.005162,0.0000,-0.285317,-0.485410,0.000000,0.0000
12839.01,-0.226594,-0.550244,0.005145,0.0000,-0.285317,-0.485410,0.000000,0.0000
12845.04,-0.228366,-0.549595,0.005109,0.0000,-0.285317,-0.485410,0.000000,0.0000
12850.41,-0.228366,-0.549595,0.005109,0.0000,-0.285317,-0.485410,0.000000,0.0000
12855.74,-0.230043,-0.548903,0.005061,0.0000,-0.285317,-0.485410,0.000000,0.0000
12861.07,-0.230043,-0.548903,0.005061,0.0000,-0.285317,-0.485410,0.000000,0.0000
12866.41,-0.231787,-0.548209,0.005078,0.0000,-0.285317,-0.485410,0.000000,0.0000
12871.97,-0.233440,-0.547491,0.005029,0.0000,-0.285317,-0.485410,0.000000,0.0000
12877.31,-0.233440,-0.547491,0.005029,0.0000,-0.285317,-0.485410,0.000000,0.0000
12882.64,-0.235115,-0.546788,0.005054,0.0000,-0.285317,-0.485410,0.000000,0.0000
12888.05,-0.236781,-0.546049,0.005081,0.0000,-0.285317,-0.485410,0.000000,0.0000
12893.37,-0.236781,-0.546049,0.005081,0.0000,-0.285317,-0.485410,0.000000,0.0000
12898.89,-0.238454,-0.545314,0.005108,0.0000,-0.285317,-0.485410,0.000000,0.0000
12904.26,-0.240043,-0.544565,0.005180,0.0000,-0.290575,-0.474093,0.000000,0.0000
12909.56,-0.240043,-0.544565,0.005180,0.0000,-0.290575,-0.474093,0.000000,0.0000
12914.87,-0.241597,-0.543846,0.005119,0.0000,-0.290575,-0.474093,0.000000,0.0000
12920.20,-0.243247,-0.543050,0.005145,0.0000,-0.290575,-0.474093,0.000000,0.0000
12925.55,-0.243247,-0.543050,0.005145,0.0000,-0.290575,-0.474093,0.000000,0.0000
12930.92,-0.244747,-0.542233,0.005102,0.0000,-0.290575,-0.474093,0.000000,0.0000
12936.38,-0.246302,-0.541485,0.005085,0.0000,-0.290575,-0.474093,0.000000,0.0000
12941.68,-0.246302,-0.541485,0.005085,0.0000,-0.290575,-0.474093,0.000000,0.0000
12946.68,-0.246302,-0.541485,0.005085,0.0000,-0.290575,-0.474093,0.000000,0.0000
12952.04,-0.247874,-0.540621,0.005118,0.0000,-0.290575,-0.474093,0.000000,0.0000
12957.36,-0.249326,-0.539796,0.005171,0.0000,-0.290575,-0.474093,0.000000,0.0000
12962.69,-0.250817,-0.538990,0.005194,0.0000,-0.290575,-0.474093,0.000000,0.0000
12968.50,-0.250817,-0.538990,0.005194,0.0000,-0.290575,-0.474093,0.000000,0.0000
12974.10,-0.252356,-0.538172,0.005237,0.0000,-0.290575,-0.474093,0.000000,0.0000
12979.55,-0.253717,-0.537385,0.005215,0.0000,-0.290575,-0.474093,0.000000,0.0000
12984.91,-0.253717,-0.537385,0.005215,0.0000,-0.294686,-0.462308,0.000000,0.0000
12990.24,-0.255169,-0.536481,0.005219,0.0000,-0.294686,-0.462308,0.000000,0.0000
12995.58,-0.256585,-0.535644,0.005213,0.0000,-0.294686,-0.462308,0.000000,0.0000
13000.92,-0.256585,-0.535644,0.005213,0.0000,-0.294686,-0.462308,0.000000,0.0000
13006.32,-0.257892,-0.534742,0.005243,0.0000,-0.294686,-0.462308,0.000000,0.0000
13011.64,-0.259266,-0.533907,0.005325,0.0000,-0.294686,-0.462308,0.000000,0.0000
13017.04,-0.259266,-0.533907,0.005325,0.0000,-0.294686,-0.462308,0.000000,0.0000
13022.39,-0.260567,-0.533079,0.005310,0.0000,-0.294686,-0.462308,0.000000,0.0000
13027.71,-0.260567,-0.533079,0.005310,0.0000,-0.294686,-0.462308,0.000000,0.0000
13033.09,-0.261878,-0.532275,0.005351,0.0000,-0.294686,-0.462308,0.000000,0.0000
13038.42,-0.261878,-0.532275,0.005351,0.0000,-0.294686,-0.462308,0.000000,0.0000
13043.75,-0.263174,-0.531371,0.005347,0.0000,-0.294686,-0.462308,0.000000,0.0000
13049.55,-0.264408,-0.530502,0.005452,0.0000,-0.297634,-0.450067,0.000000,0.0000
13055.02,-0.265729,-0.529579,0.005380,0.0000,-0.297634,-0.450067,0.000000,0.0000
13060.34,-0.265729,-0.529579,0.005380,0.0000,-0.297634,-0.450067,0.000000,0.0000
13065.82,-0.266863,-0.528724,0.005402,0.0000,-0.297634,-0.450067,0.000000,0.0000
13071.21,-0.268112,-0.527813,0.005423,0.0000,-0.297634,-0.450067,0.000000,0.0000
13076.60,-0.268112,-0.527813,0.005423,0.0000,-0.297634,-0.450067,0.000000,0.0000
13081.95,-0.269330,-0.526921,0.005508,0.0000,-0.297634,-0.450067,0.000000,0.0000
13087.29,-0.270468,-0.525988,0.005523,0.0000,-0.297634,-0.450067,0.000000,0.0000
13092.62,-0.270468,-0.525988,0.005523,0.0000,-0.297634,-0.450067,0.000000,0.0000
13098.01,-0.271623,-0.525080,0.005557,0.0000,-0.297634,-0.450067,0.000000,0.0000
13103.35,-0.271623,-0.525080,0.005557,0.0000,-0.297634,-0.450067,0.000000,0.0000
13108.75,-0.272789,-0.524178,0.005549,0.0000,-0.297634,-0.450067,0.000000,0.0000
13114.07,-0.273825,-0.523285,0.005609,0.0000,-0.297634,-0.450067,0.000000,0.0000
13119.40,-0.273825,-0.523285,0.005609,0.0000,-0.297634,-0.450067,0.000000,0.0000
13124.69,-0.274937,-0.522310,0.005604,0.0000,-0.297634,-0.450067,0.000000,0.0000
13130.41,-0.276016,-0.521357,0.005560,0.0000,-0.299408,-0.437381,0.000000,0.0000
13135.76,-0.276016,-0.521357,0.005560,0.0000,-0.299408,-0.437381,0.000000,0.0000
13141.13,-0.277013,-0.520477,0.005577,0.0000,-0.299408,-0.437381,0.000000,0.0000
13146.84,-0.277975,-0.519551,0.005614,0.0000,-0.299408,-0.437381,0.000000,0.0000
13151.88,-0.277975,-0.519551,0.005614,0.0000,-0.299408,-0.437381,0.000000,0.0000
13157.24,-0.278935,-0.518545,0.005641,0.0000,-0.299408,-0.437381,0.000000,0.0000
13162.55,-0.279841,-0.517620,0.005610,0.0000,-0.299408,-0.437381,0.000000,0.0000
13168.00,-0.279841,-0.517620,0.005610,0.0000,-0.299408,-0.437381,0.000000,0.0000
13173.33,-0.280759,-0.516717,0.005572,0.0000,-0.299408,-0.437381,0.000000,0.0000
13178.73,-0.281762,-0.515734,0.005514,0.0000,-0.299408,-0.437381,0.000000,0.0000
13184.07,-0.281762,-0.515734,0.005514,0.0000,-0.299408,-0.437381,0.000000,0.0000
13189.68,-0.282588,-0.514772,0.005458,0.0000,-0.299408,-0.437381,0.000000,0.0000
13195.07,-0.283422,-0.513770,0.005467,0.0000,-0.299408,-0.437381,0.000000,0.0000
13200.46,-0.283422,-0.513770,0.005467,0.0000,-0.299408,-0.437381,0.000000,0.0000
13205.79,-0.284220,-0.512885,0.005477,0.0000,-0.299408,-0.437381,0.000000,0.0000
13211.12,-0.284220,-0.512885,0.005477,0.0000,-0.300000,-0.424264,0.000000,0.0000
13216.43,-0.285123,-0.511863,0.005498,0.0000,-0.300000,-0.424264,0.000000,0.0000
13222.03,-0.285946,-0.510903,0.005485,0.0000,-0.300000,-0.424264,0.000000,0.0000
13227.36,-0.285946,-0.510903,0.005485,0.0000,-0.300000,-0.424264,0.000000,0.0000
13232.68,-0.286723,-0.510029,0.005449,0.0000,-0.300000,-0.424264,0.000000,0.0000
13237.99,-0.287557,-0.508893,0.005483,0.0000,-0.300000,-0.424264,0.000000,0.0000
13243.33,-0.287557,-0.508893,0.005483,0.0000,-0.300000,-0.424264,0.000000,0.0000
13248.68,-0.288245,-0.507958,0.005428,0.0000,-0.300000,-0.424264,0.000000,0.0000
13254.30,-0.289127,-0.506959,0.005455,0.0000,-0.300000,-0.424264,0.000000,0.0000
13259.67,-0.289127,-0.506959,0.005455,0.0000,-0.300000,-0.424264,0.000000,0.0000
13265.02,-0.289818,-0.505900,0.005462,0.0000,-0.300000,-0.424264,0.000000,0.0000
13270.36,-0.290440,-0.504969,0.005505,0.0000,-0.299408,-0.410728,0.000000,0.0000
13275.67,-0.290440,-0.504969,0.005505,0.0000,-0.299408,-0.410728,0.000000,0.0000
13281.01,-0.291235,-0.503902,0.005553,0.0000,-0.299408,-0.410728,0.000000,0.0000
13286.38,-0.291235,-0.503902,0.005553,0.0000,-0.299408,-0.410728,0.000000,0.0000
13291.76,-0.291905,-0.502948,0.005614,0.0000,-0.299408,-0.410728,0.000000,0.0000
13297.15,-0.292613,-0.501939,0.005615,0.0000,-0.299408,-0.410728,0.000000,0.0000
13302.45,-0.292613,-0.501939,0.005615,0.0000,-0.299408,-0.410728,0.000000,0.0000
13307.85,-0.293303,-0.500962,0.005598,0.0000,-0.299408,-0.410728,0.000000,0.0000
13313.22,-0.293907,-0.499853,0.005638,0.0000,-0.299408,-0.410728,0.000000,0.0000
13318.57,-0.293907,-0.499853,0.005638,0.0000,-0.299408,-0.410728,0.000000,0.0000
13323.97,-0.294503,-0.498915,0.005620,0.0000,-0.299408,-0.410728,0.000000,0.0000
13329.29,-0.295223,-0.497895,0.005618,0.0000,-0.299408,-0.410728,0.000000,0.0000
13334.61,-0.295223,-0.497895,0.005618,0.0000,-0.299408,-0.410728,0.000000,0.0000
13339.96,-0.295825,-0.496876,0.005644,0.0000,-0.299408,-0.410728,0.000000,0.0000
13345.29,-0.295825,-0.496876,0.005644,0.0000,-0.299408,-0.410728,0.000000,0.0000
13350.60,-0.296446,-0.495933,0.005652,0.0000,-0.299408,-0.410728,0.000000,0.0000
13356.17,-0.297027,-0.494898,0.005655,0.0000,-0.297634,-0.396787,0.000000,0.0000
13361.59,-0.297602,-0.493840,0.005703,0.0000,-0.297634,-0.396787,0.000000,0.0000
13366.96,-0.297602,-0.493840,0.005703,0.0000,-0.297634,-0.396787,0.000000,0.0000
13372.29,-0.298129,-0.492859,0.005660,0.0000,-0.297634,-0.396787,0.000000,0.0000
13377.63,-0.298129,-0.492859,0.005660,0.0000,-0.297634,-0.396787,0.000000,0.0000
13382.95,-0.298717,-0.491759,0.005712,0.0000,-0.297634,-0.396787,0.000000,0.0000
13388.35,-0.299262,-0.490699,0.005721,0.0000,-0.297634,-0.396787,0.000000,0.0000
13393.71,-0.299262,-0.490699,0.005721,0.0000,-0.297634,-0.396787,0.000000,0.0000
13399.13,-0.299874,-0.489678,0.005739,0.0000,-0.297634,-0.396787,0.000000,0.0000
13404.62,-0.300394,-0.488537,0.005752,0.0000,-0.297634,-0.396787,0.000000,0.0000
13409.94,-0.300394,-0.488537,0.005752,0.0000,-0.297634,-0.396787,0.000000,0.0000
13415.35,-0.300987,-0.487477,0.005671,0.0000,-0.297634,-0.396787,0.000000,0.0000
13420.83,-0.301450,-0.486408,0.005696,0.0000,-0.297634,-0.396787,0.000000,0.0000
13426.19,-0.301450,-0.486408,0.005696,0.0000,-0.297634,-0.396787,0.000000,0.0000
13431.50,-0.302049,-0.485330,0.005712,0.0000,-0.297634,-0.396787,0.000000,0.0000
13436.84,-0.302049,-0.485330,0.005712,0.0000,-0.294686,-0.382454,0.000000,0.0000
13442.16,-0.302596,-0.484250,0.005717,0.0000,-0.294686,-0.382454,0.000000,0.0000
13447.54,-0.303108,-0.483204,0.005800,0.0000,-0.294686,-0.382454,0.000000,0.0000
13452.90,-0.303108,-0.483204,0.005800,0.0000,-0.294686,-0.382454,0.000000,0.0000
13458.67,-0.303694,-0.482134,0.005832,0.0000,-0.294686,-0.382454,0.000000,0.0000
13464.01,-0.304250,-0.480945,0.005893,0.0000,-0.294686,-0.382454,0.000000,0.0000
13469.37,-0.304250,-0.480945,0.005893,0.0000,-0.294686,-0.382454,0.000000,0.0000
13474.75,-0.304662,-0.479934,0.005860,0.0000,-0.294686,-0.382454,0.000000,0.0000
13480.09,-0.305206,-0.478822,0.005867,0.0000,-0.294686,-0.382454,0.000000,0.0000
13485.44,-0.305206,-0.478822,0.005867,0.0000,-0.294686,-0.382454,0.000000,0.0000
13491.10,-0.305706,-0.477684,0.005895,0.0000,-0.294686,-0.382454,0.000000,0.0000
13496.44,-0.306136,-0.476634,0.005961,0.0000,-0.290575,-0.367744,0.000000,0.0000
13501.76,-0.306136,-0.476634,0.005961,0.0000,-0.290575,-0.367744,0.000000,0.0000
13507.13,-0.306628,-0.475466,0.005957,0.0000,-0.290575,-0.367744,0.000000,0.0000
13512.75,-0.307091,-0.474301,0.006022,0.0000,-0.290575,-0.367744,0.000000,0.0000
13518.10,-0.307091,-0.474301,0.006022,0.0000,-0.290575,-0.367744,0.000000,0.0000
13523.44,-0.307598,-0.473208,0.006019,0.0000,-0.290575,-0.367744,0.000000,0.0000
13528.76,-0.308092,-0.472038,0.006018,0.0000,-0.290575,-0.367744,0.000000,0.0000
13534.10,-0.308092,-0.472038,0.006018,0.0000,-0.290575,-0.367744,0.000000,0.0000
13539.44,-0.308568,-0.470932,0.006085,0.0000,-0.290575,-0.367744,0.000000,0.0000
13544.77,-0.308568,-0.470932,0.006085,0.0000,-0.290575,-0.367744,0.000000,0.0000
13550.10,-0.309049,-0.469757,0.006041,0.0000,-0.290575,-0.367744,0.000000,0.0000
13555.66,-0.309503,-0.468605,0.006049,0.0000,-0.290575,-0.367744,0.000000,0.0000
13561.23,-0.309503,-0.468605,0.006049,0.0000,-0.290575,-0.367744,0.000000,0.0000
13566.58,-0.309964,-0.467442,0.006041,0.0000,-0.290575,-0.367744,0.000000,0.0000
13572.19,-0.310455,-0.466209,0.006052,0.0000,-0.290575,-0.367744,0.000000,0.0000
13577.51,-0.310455,-0.466209,0.006052,0.0000,-0.285317,-0.352671,0.000000,0.0000
13582.84,-0.310809,-0.464992,0.006073,0.0000,-0.285317,-0.352671,0.000000,0.0000
13588.19,-0.311280,-0.463772,0.006144,0.0000,-0.285317,-0.352671,0.000000,0.0000
13593.54,-0.311280,-0.463772,0.006144,0.0000,-0.285317,-0.352671,0.000000,0.0000
13598.90,-0.311759,-0.462523,0.006132,0.0000,-0.285317,-0.352671,0.000000,0.0000
13604.27,-0.312198,-0.461347,0.006184,0.0000,-0.285317,-0.352671,0.000000,0.0000
13609.61,-0.312198,-0.461347,0.006184,0.0000,-0.285317,-0.352671,0.000000,0.0000
13614.95,-0.312646,-0.460149,0.006189,0.0000,-0.285317,-0.352671,0.000000,0.0000
13620.29,-0.313133,-0.458850,0.006209,0.0000,-0.285317,-0.352671,0.000000,0.0000
13625.61,-0.313133,-0.458850,0.006209,0.0000,-0.285317,-0.352671,0.000000,0.0000
13630.93,-0.313562,-0.457609,0.006166,0.0000,-0.285317,-0.352671,0.000000,0.0000
13636.42,-0.313975,-0.456355,0.006146,0.0000,-0.285317,-0.352671,0.000000,0.0000
13641.88,-0.313975,-0.456355,0.006146,0.0000,-0.285317,-0.352671,0.000000,0.0000
13647.25,-0.314351,-0.455103,0.006121,0.0000,-0.285317,-0.352671,0.000000,0.0000
13652.55,-0.314351,-0.455103,0.006121,0.0000,-0.285317,-0.352671,0.000000,0.0000
13657.88,-0.314798,-0.453790,0.006085,0.0000,-0.285317,-0.352671,0.000000,0.0000
13663.60,-0.315172,-0.452520,0.006091,0.0000,-0.278933,-0.337250,0.000000,0.0000
13668.93,-0.315172,-0.452520,0.006091,0.0000,-0.278933,-0.337250,0.000000,0.0000
13674.26,-0.315609,-0.451260,0.006101,0.0000,-0.278933,-0.337250,0.000000,0.0000
13679.57,-0.316072,-0.449965,0.006096,0.0000,-0.278933,-0.337250,0.000000,0.0000
13684.92,-0.316072,-0.449965,0.006096,0.0000,-0.278933,-0.337250,0.000000,0.0000
13690.25,-0.316444,-0.448657,0.006077,0.0000,-0.278933,-0.337250,0.000000,0.0000
13695.73,-0.316845,-0.447293,0.006073,0.0000,-0.278933,-0.337250,0.000000,0.0000
13701.25,-0.316845,-0.447293,0.006073,0.0000,-0.278933,-0.337250,0.000000,0.0000
13706.74,-0.317286,-0.445943,0.006075,0.0000,-0.278933,-0.337250,0.000000,0.0000
13712.09,-0.317671,-0.444567,0.006006,0.0000,-0.278933,-0.337250,0.000000,0.0000
13717.43,-0.317671,-0.444567,0.006006,0.0000,-0.278933,-0.337250,0.000000,0.0000
13722.82,-0.318095,-0.443135,0.005990,0.0000,-0.271448,-0.321496,0.000000,0.0000
13728.33,-0.318493,-0.441760,0.006010,0.0000,-0.271448,-0.321496,0.000000,0.0000
13733.90,-0.318493,-0.441760,0.006010,0.0000,-0.271448,-0.321496,0.000000,0.0000
13739.23,-0.318895,-0.440362,0.005986,0.0000,-0.271448,-0.321496,0.000000,0.0000
13744.55,-0.318895,-0.440362,0.005986,0.0000,-0.271448,-0.321496,0.000000,0.0000
13749.87,-0.319295,-0.438867,0.005978,0.0000,-0.271448,-0.321496,0.000000,0.0000
13755.30,-0.319723,-0.437333,0.005983,0.0000,-0.271448,-0.321496,0.000000,0.0000
13760.67,-0.319723,-0.437333,0.005983,0.0000,-0.271448,-0.321496,0.000000,0.0000
13766.67,-0.320048,-0.435917,0.005979,0.0000,-0.271448,-0.321496,0.000000,0.0000
13772.06,-0.320503,-0.434467,0.005936,0.0000,-0.271448,-0.321496,0.000000,0.0000
13777.42,-0.320503,-0.434467,0.005936,0.0000,-0.271448,-0.321496,0.000000,0.0000
13783.08,-0.320974,-0.432982,0.005921,0.0000,-0.271448,-0.321496,0.000000,0.0000
13788.78,-0.321289,-0.431454,0.005948,0.0000,-0.271448,-0.321496,0.000000,0.0000
13794.13,-0.321289,-0.431454,0.005948,0.0000,-0.271448,-0.321496,0.000000,0.0000
13799.44,-0.321593,-0.429925,0.005923,0.0000,-0.271448,-0.321496,0.000000,0.0000
13804.77,-0.321959,-0.428425,0.005922,0.0000,-0.262892,-0.305425,0.000000,0.0000
13810.11,-0.321959,-0.428425,0.005922,0.0000,-0.262892,-0.305425,0.000000,0.0000
13815.55,-0.322331,-0.426917,0.005946,0.0000,-0.262892,-0.305425,0.000000,0.0000
13820.96,-0.322714,-0.425396,0.005973,0.0000,-0.262892,-0.305425,0.000000,0.0000
13826.36,-0.322714,-0.425396,0.005973,0.0000,-0.262892,-0.305425,0.000000,0.0000
13831.67,-0.323081,-0.423804,0.005916,0.0000,-0.262892,-0.305425,0.000000,0.0000
13837.04,-0.323350,-0.422249,0.005930,0.0000,-0.262892,-0.305425,0.000000,0.0000
13842.36,-0.323350,-0.422249,0.005930,0.0000,-0.262892,-0.305425,0.000000,0.0000
13847.99,-0.323663,-0.420681,0.005955,0.0000,-0.262892,-0.305425,0.000000,0.0000
13853.42,-0.324066,-0.419115,0.005994,0.0000,-0.262892,-0.305425,0.000000,0.0000
13858.75,-0.324066,-0.419115,0.005994,0.0000,-0.262892,-0.305425,0.000000,0.0000
13864.07,-0.324398,-0.417556,0.006025,0.0000,-0.262892,-0.305425,0.000000,0.0000
13869.39,-0.324398,-0.417556,0.006025,0.0000,-0.262892,-0.305425,0.000000,0.0000
13874.78,-0.324634,-0.415892,0.006030,0.0000,-0.262892,-0.305425,0.000000,0.0000
13880.16,-0.324891,-0.414232,0.006035,0.0000,-0.262892,-0.305425,0.000000,0.0000
13885.49,-0.324891,-0.414232,0.006035,0.0000,-0.253298,-0.289052,0.000000,0.0000
13890.89,-0.325234,-0.412640,0.006029,0.0000,-0.253298,-0.289052,0.000000,0.0000
13896.23,-0.325498,-0.410999,0.006020,0.0000,-0.253298,-0.289052,0.000000,0.0000
13901.55,-0.325498,-0.410999,0.006020,0.0000,-0.253298,-0.289052,0.000000,0.0000
13906.88,-0.325794,-0.409235,0.006038,0.0000,-0.253298,-0.289052,0.000000,0.0000
13912.24,-0.325993,-0.407517,0.006072,0.0000,-0.253298,-0.289052,0.000000,0.0000
13917.56,-0.325993,-0.407517,0.006072,0.0000,-0.253298,-0.289052,0.000000,0.0000
13922.89,-0.326281,-0.405846,0.006116,0.0000,-0.253298,-0.289052,0.000000,0.0000
13928.27,-0.326516,-0.404188,0.006124,0.0000,-0.253298,-0.289052,0.000000,0.0000
13933.61,-0.326516,-0.404188,0.006124,0.0000,-0.253298,-0.289052,0.000000,0.0000
13938.93,-0.326681,-0.402341,0.006142,0.0000,-0.253298,-0.289052,0.000000,0.0000
13944.24,-0.326681,-0.402341,0.006142,0.0000,-0.253298,-0.289052,0.000000,0.0000
13950.07,-0.326849,-0.400722,0.006174,0.0000,-0.253298,-0.289052,0.000000,0.0000
13955.44,-0.327178,-0.398975,0.006232,0.0000,-0.253298,-0.289052,0.000000,0.0000
13960.77,-0.327178,-0.398975,0.006232,0.0000,-0.253298,-0.289052,0.000000,0.0000
13966.10,-0.327350,-0.397210,0.006208,0.0000,-0.242705,-0.272394,0.000000,0.0000
13971.44,-0.327432,-0.395379,0.006225,0.0000,-0.242705,-0.272394,0.000000,0.0000
13976.75,-0.327432,-0.395379,0.006225,0.0000,-0.242705,-0.272394,0.000000,0.0000
13982.20,-0.327577,-0.393683,0.006260,0.0000,-0.242705,-0.272394,0.000000,0.0000
13987.56,-0.327779,-0.391909,0.006298,0.0000,-0.242705,-0.272394,0.000000,0.0000
13992.88,-0.327779,-0.391909,0.006298,0.0000,-0.242705,-0.272394,0.000000,0.0000
13998.23,-0.327823,-0.390122,0.006284,0.0000,-0.242705,-0.272394,0.000000,0.0000
14003.61,-0.327944,-0.388316,0.006328,0.0000,-0.242705,-0.272394,0.000000,0.0000
14008.95,-0.327944,-0.388316,0.006328,0.0000,-0.242705,-0.272394,0.000000,0.0000
14014.28,-0.328083,-0.386511,0.006367,0.0000,-0.242705,-0.272394,0.000000,0.0000
14019.55,-0.328083,-0.386511,0.006367,0.0000,-0.242705,-0.272394,0.000000,0.0000
14024.87,-0.328143,-0.384690,0.006398,0.0000,-0.242705,-0.272394,0.000000,0.0000
14030.27,-0.328189,-0.382906,0.006308,0.0000,-0.231154,-0.255468,0.000000,0.0000
14035.61,-0.328189,-0.382906,0.006308,0.0000,-0.231154,-0.255468,0.000000,0.0000
14040.95,-0.328251,-0.381126,0.006324,0.0000,-0.231154,-0.255468,0.000000,0.0000
14046.33,-0.328239,-0.379245,0.006342,0.0000,-0.231154,-0.255468,0.000000,0.0000
14052.31,-0.328239,-0.379245,0.006342,0.0000,-0.231154,-0.255468,0.000000,0.0000
14057.74,-0.328248,-0.377447,0.006315,0.0000,-0.231154,-0.255468,0.000000,0.0000
14063.10,-0.328196,-0.375624,0.006352,0.0000,-0.231154,-0.255468,0.000000,0.0000
14068.43,-0.328196,-0.375624,0.006352,0.0000,-0.231154,-0.255468,0.000000,0.0000
14073.78,-0.328105,-0.373805,0.006340,0.0000,-0.231154,-0.255468,0.000000,0.0000
14079.10,-0.328160,-0.371992,0.006328,0.0000,-0.231154,-0.255468,0.000000,0.0000
14084.42,-0.328160,-0.371992,0.006328,0.0000,-0.231154,-0.255468,0.000000,0.0000
14089.80,-0.328029,-0.370136,0.006288,0.0000,-0.231154,-0.255468,0.000000,0.0000
14095.12,-0.327889,-0.368272,0.006294,0.0000,-0.231154,-0.255468,0.000000,0.0000
14100.44,-0.327889,-0.368272,0.006294,0.0000,-0.231154,-0.255468,0.000000,0.0000
14105.75,-0.327807,-0.366465,0.006323,0.0000,-0.231154,-0.255468,0.000000,0.0000
14111.19,-0.327627,-0.364555,0.006323,0.0000,-0.218691,-0.238289,0.000000,0.0000
14116.79,-0.327627,-0.364555,0.006323,0.0000,-0.218691,-0.238289,0.000000,0.0000
14122.12,-0.327462,-0.362688,0.006315,0.0000,-0.218691,-0.238289,0.000000,0.0000
14127.44,-0.327462,-0.362688,0.006315,0.0000,-0.218691,-0.238289,0.000000,0.0000
14132.76,-0.327193,-0.360897,0.006355,0.0000,-0.218691,-0.238289,0.000000,0.0000
14138.14,-0.326944,-0.359062,0.006345,0.0000,-0.218691,-0.238289,0.000000,0.0000
14143.49,-0.326944,-0.359062,0.006345,0.0000,-0.218691,-0.238289,0.000000,0.0000
14148.95,-0.326749,-0.357190,0.006366,0.0000,-0.218691,-0.238289,0.000000,0.0000
14154.45,-0.326439,-0.355334,0.006346,0.0000,-0.218691,-0.238289,0.000000,0.0000
14159.80,-0.326439,-0.355334,0.006346,0.0000,-0.218691,-0.238289,0.000000,0.0000
14165.12,-0.326178,-0.353487,0.006351,0.0000,-0.218691,-0.238289,0.000000,0.0000
14170.44,-0.325808,-0.351586,0.006350,0.0000,-0.218691,-0.238289,0.000000,0.0000
14175.79,-0.325808,-0.351586,0.006350,0.0000,-0.218691,-0.238289,0.000000,0.0000
14181.15,-0.325439,-0.349748,0.006403,0.0000,-0.218691,-0.238289,0.000000,0.0000
14186.52,-0.325102,-0.347916,0.006468,0.0000,-0.218691,-0.238289,0.000000,0.0000
14191.86,-0.325102,-0.347916,0.006468,0.0000,-0.205364,-0.220875,0.000000,0.0000
14197.24,-0.324661,-0.346107,0.006504,0.0000,-0.205364,-0.220875,0.000000,0.0000
14202.55,-0.324661,-0.346107,0.006504,0.0000,-0.205364,-0.220875,0.000000,0.0000
14207.88,-0.324209,-0.344307,0.006503,0.0000,-0.205364,-0.220875,0.000000,0.0000
14213.21,-0.323741,-0.342448,0.006505,0.0000,-0.205364,-0.220875,0.000000,0.0000
14218.55,-0.323741,-0.342448,0.006505,0.0000,-0.205364,-0.220875,0.000000,0.0000
14224.10,-0.323341,-0.340612,0.006579,0.0000,-0.205364,-0.220875,0.000000,0.0000
14229.43,-0.322785,-0.338709,0.006608,0.0000,-0.205364,-0.220875,0.000000,0.0000
14234.78,-0.322785,-0.338709,0.006608,0.0000,-0.205364,-0.220875,0.000000,0.0000
14240.12,-0.322286,-0.336930,0.006548,0.0000,-0.205364,-0.220875,0.000000,0.0000
14245.44,-0.321703,-0.335087,0.006600,0.0000,-0.205364,-0.220875,0.000000,0.0000
14250.77,-0.321703,-0.335087,0.006600,0.0000,-0.205364,-0.220875,0.000000,0.0000
14256.20,-0.321167,-0.333307,0.006595,0.0000,-0.191227,-0.203243,0.000000,0.0000
14261.64,-0.320469,-0.331432,0.006583,0.0000,-0.191227,-0.203243,0.000000,0.0000
14267.03,-0.320469,-0.331432,0.006583,0.0000,-0.191227,-0.203243,0.000000,0.0000
14272.47,-0.319888,-0.329646,0.006607,0.0000,-0.191227,-0.203243,0.000000,0.0000
14277.85,-0.319888,-0.329646,0.006607,0.0000,-0.191227,-0.203243,0.000000,0.0000
14283.16,-0.319139,-0.327848,0.006668,0.0000,-0.191227,-0.203243,0.000000,0.0000
14288.78,-0.318494,-0.326030,0.006678,0.0000,-0.191227,-0.203243,0.000000,0.0000
14294.28,-0.318494,-0.326030,0.006678,0.0000,-0.191227,-0.203243,0.000000,0.0000
14299.63,-0.317780,-0.324200,0.006695,0.0000,-0.191227,-0.203243,0.000000,0.0000
14305.16,-0.317006,-0.322448,0.006756,0.0000,-0.191227,-0.203243,0.000000,0.0000
14310.50,-0.317006,-0.322448,0.006756,0.0000,-0.191227,-0.203243,0.000000,0.0000
14315.98,-0.316200,-0.320643,0.006799,0.0000,-0.191227,-0.203243,0.000000,0.0000
14321.32,-0.315490,-0.318900,0.006832,0.0000,-0.191227,-0.203243,0.000000,0.0000
14326.64,-0.315490,-0.318900,0.006832,0.0000,-0.191227,-0.203243,0.000000,0.0000
14331.98,-0.314668,-0.317108,0.006819,0.0000,-0.191227,-0.203243,0.000000,0.0000
14337.55,-0.313880,-0.315338,0.006883,0.0000,-0.176336,-0.185410,0.000000,0.0000
14342.90,-0.313880,-0.315338,0.006883,0.0000,-0.176336,-0.185410,0.000000,0.0000
14348.44,-0.313025,-0.313548,0.006937,0.0000,-0.176336,-0.185410,0.000000,0.0000
14353.85,-0.312168,-0.311761,0.006928,0.0000,-0.176336,-0.185410,0.000000,0.0000
14359.49,-0.312168,-0.311761,0.006928,0.0000,-0.176336,-0.185410,0.000000,0.0000
14364.82,-0.311321,-0.310044,0.006960,0.0000,-0.176336,-0.185410,0.000000,0.0000
14370.24,-0.310339,-0.308217,0.006964,0.0000,-0.176336,-0.185410,0.000000,0.0000
14375.57,-0.310339,-0.308217,0.006964,0.0000,-0.176336,-0.185410,0.000000,0.0000
14380.89,-0.309490,-0.306500,0.007034,0.0000,-0.176336,-0.185410,0.000000,0.0000
14386.39,-0.308485,-0.304773,0.006997,0.0000,-0.176336,-0.185410,0.000000,0.0000
14392.00,-0.308485,-0.304773,0.006997,0.0000,-0.176336,-0.185410,0.000000,0.0000
14397.35,-0.307599,-0.303075,0.007062,0.0000,-0.176336,-0.185410,0.000000,0.0000
14402.67,-0.307599,-0.303075,0.007062,0.0000,-0.176336,-0.185410,0.000000,0.0000
14408.04,-0.306603,-0.301384,0.007128,0.0000,-0.176336,-0.185410,0.000000,0.0000
14413.59,-0.305649,-0.299643,0.007159,0.0000,-0.176336,-0.185410,0.000000,0.0000
14418.96,-0.305649,-0.299643,0.007159,0.0000,-0.160748,-0.167395,0.000000,0.0000
14424.38,-0.304607,-0.298013,0.007158,0.0000,-0.160748,-0.167395,0.000000,0.0000
14429.74,-0.303569,-0.296285,0.007227,0.0000,-0.160748,-0.167395,0.000000,0.0000
14435.09,-0.303569,-0.296285,0.007227,0.0000,-0.160748,-0.167395,0.000000,0.0000
14440.69,-0.302527,-0.294651,0.007273,0.0000,-0.160748,-0.167395,0.000000,0.0000
14446.09,-0.301449,-0.292947,0.007288,0.0000,-0.160748,-0.167395,0.000000,0.0000
14451.54,-0.301449,-0.292947,0.007288,0.0000,-0.160748,-0.167395,0.000000,0.0000
14456.90,-0.300463,-0.291321,0.007326,0.0000,-0.160748,-0.167395,0.000000,0.0000
14462.74,-0.299346,-0.289690,0.007382,0.0000,-0.160748,-0.167395,0.000000,0.0000
14468.09,-0.299346,-0.289690,0.007382,0.0000,-0.160748,-0.167395,0.000000,0.0000
14473.50,-0.298283,-0.288028,0.007399,0.0000,-0.160748,-0.167395,0.000000,0.0000
14478.86,-0.297161,-0.286383,0.007434,0.0000,-0.144526,-0.149214,0.000000,0.0000
14484.24,-0.297161,-0.286383,0.007434,0.0000,-0.144526,-0.149214,0.000000,0.0000
14489.57,-0.295988,-0.284769,0.007439,0.0000,-0.144526,-0.149214,0.000000,0.0000
14494.94,-0.294877,-0.283202,0.007475,0.0000,-0.144526,-0.149214,0.000000,0.0000
14500.31,-0.294877,-0.283202,0.007475,0.0000,-0.144526,-0.149214,0.000000,0.0000
14505.62,-0.293706,-0.281552,0.007494,0.0000,-0.144526,-0.149214,0.000000,0.0000
14510.97,-0.293706,-0.281552,0.007494,0.0000,-0.144526,-0.149214,0.000000,0.0000
14516.31,-0.292553,-0.280008,0.007554,0.0000,-0.144526,-0.149214,0.000000,0.0000
14521.65,-0.291397,-0.278421,0.007473,0.0000,-0.144526,-0.149214,0.000000,0.0000
14526.99,-0.291397,-0.278421,0.007473,0.0000,-0.144526,-0.149214,0.000000,0.0000
14532.43,-0.290214,-0.276840,0.007553,0.0000,-0.144526,-0.149214,0.000000,0.0000
14537.84,-0.289054,-0.275267,0.007567,0.0000,-0.144526,-0.149214,0.000000,0.0000
14543.20,-0.289054,-0.275267,0.007567,0.0000,-0.144526,-0.149214,0.000000,0.0000
14548.56,-0.287810,-0.273654,0.007560,0.0000,-0.144526,-0.149214,0.000000,0.0000
14553.92,-0.286622,-0.272179,0.007543,0.0000,-0.144526,-0.149214,0.000000,0.0000
14559.28,-0.286622,-0.272179,0.007543,0.0000,-0.144526,-0.149214,0.000000,0.0000
14564.31,-0.285398,-0.270596,0.007569,0.0000,-0.127734,-0.130886,0.000000,0.0000
14569.73,-0.284174,-0.269098,0.007572,0.0000,-0.127734,-0.130886,0.000000,0.0000
14575.18,-0.284174,-0.269098,0.007572,0.0000,-0.127734,-0.130886,0.000000,0.0000
14580.65,-0.282924,-0.267589,0.007621,0.0000,-0.127734,-0.130886,0.000000,0.0000
14586.14,-0.282924,-0.267589,0.007621,0.0000,-0.127734,-0.130886,0.000000,0.0000
14591.74,-0.281642,-0.265992,0.007579,0.0000,-0.127734,-0.130886,0.000000,0.0000
14597.09,-0.280402,-0.264570,0.007578,0.0000,-0.127734,-0.130886,0.000000,0.0000
14602.44,-0.280402,-0.264570,0.007578,0.0000,-0.127734,-0.130886,0.000000,0.0000
14607.79,-0.279112,-0.263072,0.007614,0.0000,-0.127734,-0.130886,0.000000,0.0000
14613.16,-0.277892,-0.261565,0.007623,0.0000,-0.127734,-0.130886,0.000000,0.0000
14618.55,-0.277892,-0.261565,0.007623,0.0000,-0.127734,-0.130886,0.000000,0.0000
14624.13,-0.276617,-0.260121,0.007617,0.0000,-0.127734,-0.130886,0.000000,0.0000
14629.50,-0.275268,-0.258594,0.007615,0.0000,-0.127734,-0.130886,0.000000,0.0000
14634.92,-0.275268,-0.258594,0.007615,0.0000,-0.127734,-0.130886,0.000000,0.0000
14640.29,-0.274063,-0.257144,0.007675,0.0000,-0.127734,-0.130886,0.000000,0.0000
14645.89,-0.272724,-0.255666,0.007679,0.0000,-0.110437,-0.112429,0.000000,0.0000
14651.26,-0.272724,-0.255666,0.007679,0.0000,-0.110437,-0.112429,0.000000,0.0000
14656.59,-0.271447,-0.254206,0.007661,0.0000,-0.110437,-0.112429,0.000000,0.0000
14661.95,-0.270164,-0.252686,0.007739,0.0000,-0.110437,-0.112429,0.000000,0.0000
14667.95,-0.270164,-0.252686,0.007739,0.0000,-0.110437,-0.112429,0.000000,0.0000
14673.28,-0.268789,-0.251235,0.007740,0.0000,-0.110437,-0.112429,0.000000,0.0000
14678.63,-0.267465,-0.249782,0.007783,0.0000,-0.110437,-0.112429,0.000000,0.0000
14683.99,-0.267465,-0.249782,0.007783,0.0000,-0.110437,-0.112429,0.000000,0.0000
14689.33,-0.266060,-0.248311,0.007772,0.0000,-0.110437,-0.112429,0.000000,0.0000
14694.90,-0.264786,-0.246915,0.007753,0.0000,-0.110437,-0.112429,0.000000,0.0000
14700.34,-0.264786,-0.246915,0.007753,0.0000,-0.110437,-0.112429,0.000000,0.0000
14705.70,-0.263370,-0.245454,0.007835,0.0000,-0.092705,-0.093861,0.000000,0.0000
14711.06,-0.263370,-0.245454,0.007835,0.0000,-0.092705,-0.093861,0.000000,0.0000
14716.42,-0.261983,-0.243990,0.007795,0.0000,-0.092705,-0.093861,0.000000,0.0000
14721.79,-0.260664,-0.242591,0.007814,0.0000,-0.092705,-0.093861,0.000000,0.0000
14727.16,-0.260664,-0.242591,0.007814,0.0000,-0.092705,-0.093861,0.000000,0.0000
14732.50,-0.259232,-0.241173,0.007858,0.0000,-0.092705,-0.093861,0.000000,0.0000
14737.83,-0.257922,-0.239699,0.007856,0.0000,-0.092705,-0.093861,0.000000,0.0000
14743.16,-0.257922,-0.239699,0.007856,0.0000,-0.092705,-0.093861,0.000000,0.0000
14748.50,-0.256505,-0.238234,0.007890,0.0000,-0.092705,-0.093861,0.000000,0.0000
14753.91,-0.255073,-0.236812,0.007976,0.0000,-0.092705,-0.093861,0.000000,0.0000
14759.27,-0.255073,-0.236812,0.007976,0.0000,-0.092705,-0.093861,0.000000,0.0000
14764.78,-0.253757,-0.235373,0.007954,0.0000,-0.092705,-0.093861,0.000000,0.0000
14770.25,-0.252317,-0.233868,0.008019,0.0000,-0.092705,-0.093861,0.000000,0.0000
14775.61,-0.252317,-0.233868,0.008019,0.0000,-0.092705,-0.093861,0.000000,0.0000
14780.97,-0.250853,-0.232456,0.007994,0.0000,-0.092705,-0.093861,0.000000,0.0000
14786.58,-0.249488,-0.230939,0.008131,0.0000,-0.074607,-0.075200,0.000000,0.0000
14792.05,-0.249488,-0.230939,0.008131,0.0000,-0.074607,-0.075200,0.000000,0.0000
14797.39,-0.248002,-0.229446,0.008098,0.0000,-0.074607,-0.075200,0.000000,0.0000
14802.78,-0.248002,-0.229446,0.008098,0.0000,-0.074607,-0.075200,0.000000,0.0000
14808.18,-0.246611,-0.228030,0.008093,0.0000,-0.074607,-0.075200,0.000000,0.0000
14813.50,-0.245156,-0.226641,0.008113,0.0000,-0.074607,-0.075200,0.000000,0.0000
14818.86,-0.245156,-0.226641,0.008113,0.0000,-0.074607,-0.075200,0.000000,0.0000
14824.27,-0.243746,-0.225084,0.008206,0.0000,-0.074607,-0.075200,0.000000,0.0000
14829.63,-0.242355,-0.223615,0.008193,0.0000,-0.074607,-0.075200,0.000000,0.0000
14834.98,-0.242355,-0.223615,0.008193,0.0000,-0.074607,-0.075200,0.000000,0.0000
14840.32,-0.240831,-0.222131,0.008209,0.0000,-0.074607,-0.075200,0.000000,0.0000
14845.67,-0.239384,-0.220655,0.008218,0.0000,-0.074607,-0.075200,0.000000,0.0000
14851.04,-0.239384,-0.220655,0.008218,0.0000,-0.074607,-0.075200,0.000000,0.0000
14856.44,-0.237993,-0.219153,0.008307,0.0000,-0.074607,-0.075200,0.000000,0.0000
14861.83,-0.236463,-0.217659,0.008303,0.0000,-0.074607,-0.075200,0.000000,0.0000
14867.23,-0.236463,-0.217659,0.008303,0.0000,-0.074607,-0.075200,0.000000,0.0000
14873.27,-0.234965,-0.216070,0.008343,0.0000,-0.056214,-0.056465,0.000000,0.0000
14878.63,-0.233607,-0.214531,0.008375,0.0000,-0.056214,-0.056465,0.000000,0.0000
14883.97,-0.233607,-0.214531,0.008375,0.0000,-0.056214,-0.056465,0.000000,0.0000
14889.31,-0.232061,-0.212968,0.008458,0.0000,-0.056214,-0.056465,0.000000,0.0000
14894.82,-0.230578,-0.211497,0.008435,0.0000,-0.056214,-0.056465,0.000000,0.0000
14900.28,-0.230578,-0.211497,0.008435,0.0000,-0.056214,-0.056465,0.000000,0.0000
14905.71,-0.229190,-0.209822,0.008580,0.0000,-0.056214,-0.056465,0.000000,0.0000
14911.16,-0.227669,-0.208226,0.008599,0.0000,-0.056214,-0.056465,0.000000,0.0000
14916.88,-0.227669,-0.208226,0.008599,0.0000,-0.056214,-0.056465,0.000000,0.0000
14922.25,-0.226221,-0.206579,0.008639,0.0000,-0.056214,-0.056465,0.000000,0.0000
14927.64,-0.226221,-0.206579,0.008639,0.0000,-0.056214,-0.056465,0.000000,0.0000
14933.03,-0.224803,-0.204946,0.008715,0.0000,-0.037600,-0.037674,0.000000,0.0000
14938.60,-0.223274,-0.203317,0.008752,0.0000,-0.037600,-0.037674,0.000000,0.0000
14943.99,-0.223274,-0.203317,0.008752,0.0000,-0.037600,-0.037674,0.000000,0.0000
14949.33,-0.221809,-0.201700,0.008774,0.0000,-0.037600,-0.037674,0.000000,0.0000
14954.77,-0.220380,-0.200032,0.008808,0.0000,-0.037600,-0.037674,0.000000,0.0000
14960.15,-0.220380,-0.200032,0.008808,0.0000,-0.037600,-0.037674,0.000000,0.0000
14965.70,-0.218891,-0.198416,0.008880,0.0000,-0.037600,-0.037674,0.000000,0.0000
14971.13,-0.217369,-0.196669,0.008867,0.0000,-0.037600,-0.037674,0.000000,0.0000
14976.78,-0.217369,-0.196669,0.008867,0.0000,-0.037600,-0.037674,0.000000,0.0000
14982.37,-0.215975,-0.194969,0.008902,0.0000,-0.037600,-0.037674,0.000000,0.0000
14987.77,-0.214431,-0.193266,0.008975,0.0000,-0.037600,-0.037674,0.000000,0.0000
14993.14,-0.214431,-0.193266,0.008975,0.0000,-0.037600,-0.037674,0.000000,0.0000
14998.44,-0.212944,-0.191497,0.009066,0.0000,-0.037600,-0.037674,0.000000,0.0000
15003.79,-0.211496,-0.189756,0.008999,0.0000,-0.037600,-0.037674,0.000000,0.0000
15009.13,-0.211496,-0.189756,0.008999,0.0000,-0.037600,-0.037674,0.000000,0.0000
