time_ms,x,y,z,yaw_deg,sp_x,sp_y,sp_z,sp_yaw_deg
2.29,-0.030722,-0.010520,0.000333,0.0000,0.000000,0.000000,0.000000,0.0000
7.69,-0.030646,-0.010483,0.000346,0.0000,0.000000,0.000000,0.000000,0.0000
13.06,-0.030646,-0.010483,0.000346,0.0000,0.000000,0.000000,0.000000,0.0000
18.47,-0.030648,-0.010518,0.000324,0.0000,0.000000,0.000000,0.000000,0.0000
23.82,-0.030590,-0.010477,0.000330,0.0000,0.000000,0.000000,0.000000,0.0000
29.20,-0.030590,-0.010477,0.000330,0.0000,0.000000,0.000000,0.000000,0.0000
34.59,-0.030567,-0.010484,0.000339,0.0000,0.000000,0.000000,0.000000,0.0000
39.98,-0.030536,-0.010470,0.000333,0.0000,0.000000,0.000000,0.000000,0.0000
45.42,-0.030536,-0.010470,0.000333,0.0000,0.000000,0.000000,0.000000,0.0000
50.77,-0.030497,-0.010474,0.000339,0.0000,0.000000,0.000000,0.000000,0.0000
56.07,-0.030466,-0.010458,0.000344,0.0000,0.000000,0.000000,0.000000,0.0000
61.46,-0.030466,-0.010458,0.000344,0.0000,0.000000,0.000000,0.000000,0.0000
66.82,-0.030432,-0.010447,0.000354,0.0000,0.000000,0.000000,0.000000,0.0000
72.13,-0.030432,-0.010447,0.000354,0.0000,0.000000,0.000000,0.000000,0.0000
77.47,-0.030389,-0.010435,0.000360,0.0000,0.000000,0.000000,0.000000,0.0000
82.82,-0.030353,-0.010429,0.000359,0.0000,0.018837,0.018846,0.000000,0.0000
88.13,-0.030353,-0.010429,0.000359,0.0000,0.018837,0.018846,0.000000,0.0000
93.46,-0.030328,-0.010421,0.000370,0.0000,0.018837,0.018846,0.000000,0.0000
98.98,-0.030315,-0.010413,0.000377,0.0000,0.018837,0.018846,0.000000,0.0000
104.73,-0.030315,-0.010413,0.000377,0.0000,0.018837,0.018846,0.000000,0.0000
110.13,-0.030257,-0.010386,0.000381,0.0000,0.018837,0.018846,0.000000,0.0000
115.50,-0.030224,-0.010398,0.000386,0.0000,0.018837,0.018846,0.000000,0.0000
121.14,-0.030224,-0.010398,0.000386,0.0000,0.018837,0.018846,0.000000,0.0000
126.50,-0.030173,-0.010374,0.000396,0.0000,0.018837,0.018846,0.000000,0.0000
131.88,-0.030141,-0.010332,0.000404,0.0000,0.018837,0.018846,0.000000,0.0000
137.27,-0.030141,-0.010332,0.000404,0.0000,0.018837,0.018846,0.000000,0.0000
142.67,-0.030090,-0.010320,0.000401,0.0000,0.018837,0.018846,0.000000,0.0000
148.07,-0.030043,-0.010275,0.000429,0.0000,0.018837,0.018846,0.000000,0.0000
153.42,-0.030043,-0.010275,0.000429,0.0000,0.018837,0.018846,0.000000,0.0000
158.81,-0.029982,-0.010257,0.000424,0.0000,0.018837,0.018846,0.000000,0.0000
164.13,-0.029946,-0.010195,0.000439,0.0000,0.037600,0.037674,0.000000,0.0000
169.60,-0.029946,-0.010195,0.000439,0.0000,0.037600,0.037674,0.000000,0.0000
175.15,-0.029867,-0.010173,0.000430,0.0000,0.037600,0.037674,0.000000,0.0000
180.54,-0.029819,-0.010109,0.000451,0.0000,0.037600,0.037674,0.000000,0.0000
186.51,-0.029819,-0.010109,0.000451,0.0000,0.037600,0.037674,0.000000,0.0000
191.86,-0.029757,-0.010060,0.000447,0.0000,0.037600,0.037674,0.000000,0.0000
197.30,-0.029698,-0.009991,0.000458,0.0000,0.037600,0.037674,0.000000,0.0000
202.74,-0.029698,-0.009991,0.000458,0.0000,0.037600,0.037674,0.000000,0.0000
208.10,-0.029613,-0.009926,0.000442,0.0000,0.037600,0.037674,0.000000,0.0000
213.61,-0.029530,-0.009850,0.000456,0.0000,0.037600,0.037674,0.000000,0.0000
219.03,-0.029530,-0.009850,0.000456,0.0000,0.037600,0.037674,0.000000,0.0000
224.33,-0.029434,-0.009759,0.000450,0.0000,0.037600,0.037674,0.000000,0.0000
229.76,-0.029434,-0.009759,0.000450,0.0000,0.037600,0.037674,0.000000,0.0000
235.11,-0.029356,-0.009667,0.000447,0.0000,0.037600,0.037674,0.000000,0.0000
240.46,-0.029219,-0.009563,0.000428,0.0000,0.037600,0.037674,0.000000,0.0000
245.82,-0.029219,-0.009563,0.000428,0.0000,0.056214,0.056465,0.000000,0.0000
251.19,-0.029110,-0.009465,0.000430,0.0000,0.056214,0.056465,0.000000,0.0000
256.66,-0.028981,-0.009328,0.000423,0.0000,0.056214,0.056465,0.000000,0.0000
261.99,-0.028981,-0.009328,0.000423,0.0000,0.056214,0.056465,0.000000,0.0000
267.80,-0.028817,-0.009181,0.000416,0.0000,0.056214,0.056465,0.000000,0.0000
273.13,-0.028659,-0.009025,0.000418,0.0000,0.056214,0.056465,0.000000,0.0000
278.47,-0.028659,-0.009025,0.000418,0.0000,0.056214,0.056465,0.000000,0.0000
283.84,-0.028495,-0.008846,0.000433,0.0000,0.056214,0.056465,0.000000,0.0000
289.21,-0.028495,-0.008846,0.000433,0.0000,0.056214,0.056465,0.000000,0.0000
294.54,-0.028320,-0.008641,0.000434,0.0000,0.056214,0.056465,0.000000,0.0000
299.90,-0.028114,-0.008418,0.000428,0.0000,0.056214,0.056465,0.000000,0.0000
305.40,-0.027892,-0.008173,0.000435,0.0000,0.074607,0.075200,0.000000,0.0000
310.84,-0.027892,-0.008173,0.000435,0.0000,0.074607,0.075200,0.000000,0.0000
316.19,-0.027650,-0.007927,0.000419,0.0000,0.074607,0.075200,0.000000,0.0000
321.54,-0.027650,-0.007927,0.000419,0.0000,0.074607,0.075200,0.000000,0.0000
326.87,-0.027428,-0.007624,0.000395,0.0000,0.074607,0.075200,0.000000,0.0000
332.19,-0.027162,-0.007378,0.000346,0.0000,0.074607,0.075200,0.000000,0.0000
337.51,-0.027162,-0.007378,0.000346,0.0000,0.074607,0.075200,0.000000,0.0000
343.07,-0.026921,-0.007062,0.000365,0.0000,0.074607,0.075200,0.000000,0.0000
348.50,-0.026665,-0.006781,0.000318,0.0000,0.074607,0.075200,0.000000,0.0000
353.83,-0.026665,-0.006781,0.000318,0.0000,0.074607,0.075200,0.000000,0.0000
359.14,-0.026329,-0.006392,0.000323,0.0000,0.074607,0.075200,0.000000,0.0000
364.56,-0.025999,-0.006031,0.000292,0.0000,0.074607,0.075200,0.000000,0.0000
370.45,-0.025999,-0.006031,0.000292,0.0000,0.074607,0.075200,0.000000,0.0000
375.86,-0.025587,-0.005567,0.000327,0.0000,0.074607,0.075200,0.000000,0.0000
381.45,-0.025215,-0.005238,0.000301,0.0000,0.074607,0.075200,0.000000,0.0000
386.82,-0.025215,-0.005238,0.000301,0.0000,0.092705,0.093861,0.000000,0.0000
392.13,-0.024858,-0.004822,0.000276,0.0000,0.092705,0.093861,0.000000,0.0000
397.46,-0.024858,-0.004822,0.000276,0.0000,0.092705,0.093861,0.000000,0.0000
402.78,-0.024426,-0.004405,0.000261,0.0000,0.092705,0.093861,0.000000,0.0000
408.19,-0.024005,-0.003880,0.000278,0.0000,0.092705,0.093861,0.000000,0.0000
413.64,-0.023507,-0.003312,0.000296,0.0000,0.092705,0.093861,0.000000,0.0000
419.07,-0.023507,-0.003312,0.000296,0.0000,0.092705,0.093861,0.000000,0.0000
424.48,-0.023029,-0.002801,0.000248,0.0000,0.092705,0.093861,0.000000,0.0000
429.91,-0.023029,-0.002801,0.000248,0.0000,0.092705,0.093861,0.000000,0.0000
435.24,-0.022576,-0.002290,0.000224,0.0000,0.092705,0.093861,0.000000,0.0000
440.80,-0.022050,-0.001640,0.000253,0.0000,0.092705,0.093861,0.000000,0.0000
446.19,-0.022050,-0.001640,0.000253,0.0000,0.092705,0.093861,0.000000,0.0000
451.61,-0.021437,-0.000965,0.000265,0.0000,0.092705,0.093861,0.000000,0.0000
456.93,-0.020900,-0.000356,0.000244,0.0000,0.092705,0.093861,0.000000,0.0000
462.25,-0.020900,-0.000356,0.000244,0.0000,0.092705,0.093861,0.000000,0.0000
468.04,-0.020294,0.000273,0.000198,0.0000,0.110437,0.112429,0.000000,0.0000
473.51,-0.019647,0.001018,0.000247,0.0000,0.110437,0.112429,0.000000,0.0000
478.89,-0.019647,0.001018,0.000247,0.0000,0.110437,0.112429,0.000000,0.0000
484.25,-0.018954,0.001744,0.000245,0.0000,0.110437,0.112429,0.000000,0.0000
489.58,-0.018954,0.001744,0.000245,0.0000,0.110437,0.112429,0.000000,0.0000
494.90,-0.018338,0.002452,0.000240,0.0000,0.110437,0.112429,0.000000,0.0000
500.20,-0.017626,0.003270,0.000221,0.0000,0.110437,0.112429,0.000000,0.0000
505.52,-0.016885,0.004121,0.000212,0.0000,0.110437,0.112429,0.000000,0.0000
510.89,-0.016885,0.004121,0.000212,0.0000,0.110437,0.112429,0.000000,0.0000
516.19,-0.016173,0.004946,0.000185,0.0000,0.110437,0.112429,0.000000,0.0000
521.59,-0.016173,0.004946,0.000185,0.0000,0.110437,0.112429,0.000000,0.0000
526.91,-0.015332,0.005821,0.000197,0.0000,0.110437,0.112429,0.000000,0.0000
532.35,-0.014412,0.006783,0.000215,0.0000,0.127734,0.130886,0.000000,0.0000
537.71,-0.014412,0.006783,0.000215,0.0000,0.127734,0.130886,0.000000,0.0000
543.08,-0.013672,0.007686,0.000179,0.0000,0.127734,0.130886,0.000000,0.0000
548.40,-0.012715,0.008720,0.000200,0.0000,0.127734,0.130886,0.000000,0.0000
553.85,-0.012715,0.008720,0.000200,0.0000,0.127734,0.130886,0.000000,0.0000
559.19,-0.011914,0.009655,0.000166,0.0000,0.127734,0.130886,0.000000,0.0000
564.60,-0.010893,0.010725,0.000179,0.0000,0.127734,0.130886,0.000000,0.0000
569.96,-0.010893,0.010725,0.000179,0.0000,0.127734,0.130886,0.000000,0.0000
575.34,-0.009937,0.011751,0.000172,0.0000,0.127734,0.130886,0.000000,0.0000
580.73,-0.008976,0.012820,0.000205,0.0000,0.127734,0.130886,0.000000,0.0000
586.07,-0.008976,0.012820,0.000205,0.0000,0.127734,0.130886,0.000000,0.0000
591.45,-0.007992,0.013918,0.000197,0.0000,0.127734,0.130886,0.000000,0.0000
596.80,-0.007992,0.013918,0.000197,0.0000,0.127734,0.130886,0.000000,0.0000
602.31,-0.006953,0.015082,0.000174,0.0000,0.127734,0.130886,0.000000,0.0000
607.65,-0.005888,0.016270,0.000196,0.0000,0.127734,0.130886,0.000000,0.0000
613.01,-0.005888,0.016270,0.000196,0.0000,0.144526,0.149214,0.000000,0.0000
618.31,-0.004830,0.017445,0.000258,0.0000,0.144526,0.149214,0.000000,0.0000
623.70,-0.003760,0.018660,0.000214,0.0000,0.144526,0.149214,0.000000,0.0000
629.04,-0.003760,0.018660,0.000214,0.0000,0.144526,0.149214,0.000000,0.0000
634.40,-0.002607,0.019920,0.000196,0.0000,0.144526,0.149214,0.000000,0.0000
639.72,-0.001468,0.021193,0.000267,0.0000,0.144526,0.149214,0.000000,0.0000
645.04,-0.001468,0.021193,0.000267,0.0000,0.144526,0.149214,0.000000,0.0000
650.36,-0.000304,0.022484,0.000256,0.0000,0.144526,0.149214,0.000000,0.0000
656.19,0.000861,0.023793,0.000246,0.0000,0.144526,0.149214,0.000000,0.0000
661.57,0.000861,0.023793,0.000246,0.0000,0.144526,0.149214,0.000000,0.0000
666.89,0.002113,0.025099,0.000216,0.0000,0.144526,0.149214,0.000000,0.0000
672.21,0.003353,0.026539,0.000286,0.0000,0.144526,0.149214,0.000000,0.0000
677.53,0.003353,0.026539,0.000286,0.0000,0.144526,0.149214,0.000000,0.0000
682.87,0.004657,0.027924,0.000244,0.0000,0.144526,0.149214,0.000000,0.0000
688.19,0.004657,0.027924,0.000244,0.0000,0.144526,0.149214,0.000000,0.0000
693.58,0.005914,0.029303,0.000240,0.0000,0.160748,0.167395,0.000000,0.0000
698.97,0.007287,0.030790,0.000250,0.0000,0.160748,0.167395,0.000000,0.0000
704.26,0.007287,0.030790,0.000250,0.0000,0.160748,0.167395,0.000000,0.0000
709.62,0.008621,0.032274,0.000246,0.0000,0.160748,0.167395,0.000000,0.0000
715.01,0.009945,0.033755,0.000191,0.0000,0.160748,0.167395,0.000000,0.0000
720.31,0.009945,0.033755,0.000191,0.0000,0.160748,0.167395,0.000000,0.0000
725.63,0.011379,0.035288,0.000186,0.0000,0.160748,0.167395,0.000000,0.0000
730.97,0.012808,0.036782,0.000190,0.0000,0.160748,0.167395,0.000000,0.0000
736.34,0.012808,0.036782,0.000190,0.0000,0.160748,0.167395,0.000000,0.0000
741.71,0.014246,0.038392,0.000123,0.0000,0.160748,0.167395,0.000000,0.0000
747.05,0.015717,0.039996,0.000132,0.0000,0.160748,0.167395,0.000000,0.0000
752.46,0.015717,0.039996,0.000132,0.0000,0.160748,0.167395,0.000000,0.0000
758.13,0.017287,0.041581,0.000108,0.0000,0.160748,0.167395,0.000000,0.0000
763.45,0.017287,0.041581,0.000108,0.0000,0.160748,0.167395,0.000000,0.0000
768.78,0.018672,0.043235,0.000112,0.0000,0.160748,0.167395,0.000000,0.0000
774.15,0.020208,0.044923,0.000082,0.0000,0.176336,0.185410,0.000000,0.0000
779.47,0.020208,0.044923,0.000082,0.0000,0.176336,0.185410,0.000000,0.0000
784.78,0.021769,0.046532,0.000061,0.0000,0.176336,0.185410,0.000000,0.0000
790.07,0.023282,0.048208,0.000062,0.0000,0.176336,0.185410,0.000000,0.0000
795.43,0.023282,0.048208,0.000062,0.0000,0.176336,0.185410,0.000000,0.0000
800.82,0.024850,0.049980,-0.000055,0.0000,0.176336,0.185410,0.000000,0.0000
806.13,0.026513,0.051633,-0.000048,0.0000,0.176336,0.185410,0.000000,0.0000
811.51,0.026513,0.051633,-0.000048,0.0000,0.176336,0.185410,0.000000,0.0000
817.26,0.028079,0.053403,-0.000078,0.0000,0.176336,0.185410,0.000000,0.0000
822.60,0.029709,0.055117,-0.000104,0.0000,0.176336,0.185410,0.000000,0.0000
827.94,0.029709,0.055117,-0.000104,0.0000,0.176336,0.185410,0.000000,0.0000
833.25,0.031469,0.057025,-0.000112,0.0000,0.176336,0.185410,0.000000,0.0000
838.66,0.033102,0.058735,-0.000171,0.0000,0.191227,0.203243,0.000000,0.0000
844.07,0.033102,0.058735,-0.000171,0.0000,0.191227,0.203243,0.000000,0.0000
849.40,0.034763,0.060584,-0.000251,0.0000,0.191227,0.203243,0.000000,0.0000
854.75,0.034763,0.060584,-0.000251,0.0000,0.191227,0.203243,0.000000,0.0000
860.03,0.036436,0.062423,-0.000279,0.0000,0.191227,0.203243,0.000000,0.0000
865.40,0.038143,0.064245,-0.000339,0.0000,0.191227,0.203243,0.000000,0.0000
870.76,0.038143,0.064245,-0.000339,0.0000,0.191227,0.203243,0.000000,0.0000
876.21,0.039881,0.066112,-0.000394,0.0000,0.191227,0.203243,0.000000,0.0000
881.54,0.041569,0.067981,-0.000378,0.0000,0.191227,0.203243,0.000000,0.0000
886.91,0.041569,0.067981,-0.000378,0.0000,0.191227,0.203243,0.000000,0.0000
892.21,0.043393,0.069873,-0.000461,0.0000,0.191227,0.203243,0.000000,0.0000
897.56,0.045079,0.071773,-0.000500,0.0000,0.191227,0.203243,0.000000,0.0000
902.99,0.045079,0.071773,-0.000500,0.0000,0.191227,0.203243,0.000000,0.0000
908.48,0.046903,0.073697,-0.000562,0.0000,0.191227,0.203243,0.000000,0.0000
913.86,0.048668,0.075581,-0.000630,0.0000,0.191227,0.203243,0.000000,0.0000
919.19,0.048668,0.075581,-0.000630,0.0000,0.205364,0.220875,0.000000,0.0000
924.54,0.050507,0.077567,-0.000648,0.0000,0.205364,0.220875,0.000000,0.0000
929.89,0.050507,0.077567,-0.000648,0.0000,0.205364,0.220875,0.000000,0.0000
935.18,0.052237,0.079489,-0.000720,0.0000,0.205364,0.220875,0.000000,0.0000
940.54,0.054095,0.081413,-0.000760,0.0000,0.205364,0.220875,0.000000,0.0000
945.90,0.054095,0.081413,-0.000760,0.0000,0.205364,0.220875,0.000000,0.0000
951.28,0.055936,0.083418,-0.000779,0.0000,0.205364,0.220875,0.000000,0.0000
956.69,0.057798,0.085418,-0.000851,0.0000,0.205364,0.220875,0.000000,0.0000
962.42,0.057798,0.085418,-0.000851,0.0000,0.205364,0.220875,0.000000,0.0000
967.86,0.059695,0.087407,-0.000820,0.0000,0.205364,0.220875,0.000000,0.0000
973.19,0.061519,0.089361,-0.000892,0.0000,0.205364,0.220875,0.000000,0.0000
978.57,0.061519,0.089361,-0.000892,0.0000,0.205364,0.220875,0.000000,0.0000
983.91,0.063345,0.091367,-0.000917,0.0000,0.205364,0.220875,0.000000,0.0000
989.25,0.065183,0.093315,-0.000931,0.0000,0.205364,0.220875,0.000000,0.0000
994.60,0.065183,0.093315,-0.000931,0.0000,0.205364,0.220875,0.000000,0.0000
999.96,0.067086,0.095327,-0.000960,0.0000,0.218691,0.238289,0.000000,0.0000
1005.34,0.069052,0.097375,-0.001002,0.0000,0.218691,0.238289,0.000000,0.0000
1010.82,0.069052,0.097375,-0.001002,0.0000,0.218691,0.238289,0.000000,0.0000
1016.19,0.070939,0.099368,-0.001005,0.0000,0.218691,0.238289,0.000000,0.0000
1021.60,0.070939,0.099368,-0.001005,0.0000,0.218691,0.238289,0.000000,0.0000
1026.96,0.072866,0.101413,-0.001100,0.0000,0.218691,0.238289,0.000000,0.0000
1032.34,0.074707,0.103463,-0.001092,0.0000,0.218691,0.238289,0.000000,0.0000
1037.67,0.074707,0.103463,-0.001092,0.0000,0.218691,0.238289,0.000000,0.0000
1043.04,0.076596,0.105468,-0.001179,0.0000,0.218691,0.238289,0.000000,0.0000
1048.40,0.078522,0.107551,-0.001196,0.0000,0.218691,0.238289,0.000000,0.0000
1053.79,0.078522,0.107551,-0.001196,0.0000,0.218691,0.238289,0.000000,0.0000
1059.17,0.080435,0.109580,-0.001221,0.0000,0.218691,0.238289,0.000000,0.0000
1065.19,0.082425,0.111697,-0.001277,0.0000,0.231154,0.255468,0.000000,0.0000
1070.52,0.082425,0.111697,-0.001277,0.0000,0.231154,0.255468,0.000000,0.0000
1075.85,0.084336,0.113736,-0.001268,0.0000,0.231154,0.255468,0.000000,0.0000
1081.30,0.086278,0.115907,-0.001362,0.0000,0.231154,0.255468,0.000000,0.0000
1086.67,0.086278,0.115907,-0.001362,0.0000,0.231154,0.255468,0.000000,0.0000
1092.00,0.088192,0.117945,-0.001387,0.0000,0.231154,0.255468,0.000000,0.0000
1097.31,0.090108,0.119969,-0.001459,0.0000,0.231154,0.255468,0.000000,0.0000
1102.65,0.090108,0.119969,-0.001459,0.0000,0.231154,0.255468,0.000000,0.0000
1107.96,0.092045,0.122061,-0.001520,0.0000,0.231154,0.255468,0.000000,0.0000
1113.31,0.092045,0.122061,-0.001520,0.0000,0.231154,0.255468,0.000000,0.0000
1118.66,0.093959,0.124058,-0.001555,0.0000,0.231154,0.255468,0.000000,0.0000
1124.13,0.095850,0.126133,-0.001655,0.0000,0.231154,0.255468,0.000000,0.0000
1129.47,0.095850,0.126133,-0.001655,0.0000,0.231154,0.255468,0.000000,0.0000
1134.84,0.097727,0.128250,-0.001643,0.0000,0.231154,0.255468,0.000000,0.0000
1140.19,0.099717,0.130365,-0.001675,0.0000,0.231154,0.255468,0.000000,0.0000
1145.55,0.099717,0.130365,-0.001675,0.0000,0.242705,0.272394,0.000000,0.0000
1150.88,0.101632,0.132476,-0.001699,0.0000,0.242705,0.272394,0.000000,0.0000
1156.20,0.103582,0.134593,-0.001721,0.0000,0.242705,0.272394,0.000000,0.0000
1161.53,0.103582,0.134593,-0.001721,0.0000,0.242705,0.272394,0.000000,0.0000
1167.22,0.105592,0.136671,-0.001757,0.0000,0.242705,0.272394,0.000000,0.0000
1172.58,0.107474,0.138713,-0.001813,0.0000,0.242705,0.272394,0.000000,0.0000
1177.91,0.107474,0.138713,-0.001813,0.0000,0.242705,0.272394,0.000000,0.0000
1183.22,0.109463,0.140771,-0.001872,0.0000,0.242705,0.272394,0.000000,0.0000
1188.78,0.111371,0.142806,-0.001892,0.0000,0.242705,0.272394,0.000000,0.0000
1194.19,0.111371,0.142806,-0.001892,0.0000,0.242705,0.272394,0.000000,0.0000
1199.53,0.113368,0.144896,-0.001942,0.0000,0.242705,0.272394,0.000000,0.0000
1204.91,0.113368,0.144896,-0.001942,0.0000,0.242705,0.272394,0.000000,0.0000
1210.26,0.115324,0.146969,-0.001981,0.0000,0.242705,0.272394,0.000000,0.0000
1215.59,0.117331,0.149043,-0.002056,0.0000,0.242705,0.272394,0.000000,0.0000
1221.02,0.117331,0.149043,-0.002056,0.0000,0.242705,0.272394,0.000000,0.0000
1226.47,0.119287,0.151145,-0.002005,0.0000,0.253298,0.289052,0.000000,0.0000
1231.82,0.121196,0.153215,-0.002092,0.0000,0.253298,0.289052,0.000000,0.0000
1237.13,0.121196,0.153215,-0.002092,0.0000,0.253298,0.289052,0.000000,0.0000
1242.47,0.123128,0.155305,-0.002042,0.0000,0.253298,0.289052,0.000000,0.0000
1247.82,0.125046,0.157323,-0.002140,0.0000,0.253298,0.289052,0.000000,0.0000
1253.13,0.125046,0.157323,-0.002140,0.0000,0.253298,0.289052,0.000000,0.0000
1258.45,0.126979,0.159462,-0.002132,0.0000,0.253298,0.289052,0.000000,0.0000
1263.87,0.128909,0.161473,-0.002202,0.0000,0.253298,0.289052,0.000000,0.0000
1269.25,0.128909,0.161473,-0.002202,0.0000,0.253298,0.289052,0.000000,0.0000
1274.60,0.130875,0.163585,-0.002215,0.0000,0.253298,0.289052,0.000000,0.0000
1279.92,0.130875,0.163585,-0.002215,0.0000,0.253298,0.289052,0.000000,0.0000
1285.29,0.132809,0.165676,-0.002236,0.0000,0.262892,0.305425,0.000000,0.0000
1290.62,0.134760,0.167747,-0.002225,0.0000,0.262892,0.305425,0.000000,0.0000
1295.93,0.134760,0.167747,-0.002225,0.0000,0.262892,0.305425,0.000000,0.0000
1301.33,0.136647,0.169782,-0.002287,0.0000,0.262892,0.305425,0.000000,0.0000
1306.67,0.136647,0.169782,-0.002287,0.0000,0.262892,0.305425,0.000000,0.0000
1311.99,0.138628,0.171811,-0.002278,0.0000,0.262892,0.305425,0.000000,0.0000
1317.33,0.140514,0.173861,-0.002341,0.0000,0.262892,0.305425,0.000000,0.0000
1322.67,0.142404,0.175886,-0.002342,0.0000,0.262892,0.305425,0.000000,0.0000
1328.03,0.142404,0.175886,-0.002342,0.0000,0.262892,0.305425,0.000000,0.0000
1333.31,0.144367,0.177982,-0.002317,0.0000,0.262892,0.305425,0.000000,0.0000
1338.72,0.146210,0.180051,-0.002286,0.0000,0.262892,0.305425,0.000000,0.0000
1344.16,0.146210,0.180051,-0.002286,0.0000,0.262892,0.305425,0.000000,0.0000
1349.51,0.148213,0.182110,-0.002248,0.0000,0.262892,0.305425,0.000000,0.0000
1354.85,0.148213,0.182110,-0.002248,0.0000,0.262892,0.305425,0.000000,0.0000
1360.29,0.150050,0.184089,-0.002254,0.0000,0.262892,0.305425,0.000000,0.0000
1365.74,0.151979,0.186161,-0.002270,0.0000,0.262892,0.305425,0.000000,0.0000
1370.79,0.151979,0.186161,-0.002270,0.0000,0.271448,0.321496,0.000000,0.0000
1376.13,0.153881,0.188117,-0.002227,0.0000,0.271448,0.321496,0.000000,0.0000
1381.51,0.155755,0.190182,-0.002211,0.0000,0.271448,0.321496,0.000000,0.0000
1386.88,0.155755,0.190182,-0.002211,0.0000,0.271448,0.321496,0.000000,0.0000
1392.20,0.157617,0.192193,-0.002226,0.0000,0.271448,0.321496,0.000000,0.0000
1397.53,0.159456,0.194272,-0.002187,0.0000,0.271448,0.321496,0.000000,0.0000
1402.94,0.159456,0.194272,-0.002187,0.0000,0.271448,0.321496,0.000000,0.0000
1408.28,0.161350,0.196292,-0.002235,0.0000,0.271448,0.321496,0.000000,0.0000
1413.60,0.161350,0.196292,-0.002235,0.0000,0.271448,0.321496,0.000000,0.0000
1418.94,0.163198,0.198354,-0.002177,0.0000,0.271448,0.321496,0.000000,0.0000
1424.38,0.165050,0.200340,-0.002253,0.0000,0.271448,0.321496,0.000000,0.0000
1429.74,0.165050,0.200340,-0.002253,0.0000,0.271448,0.321496,0.000000,0.0000
1435.07,0.166939,0.202318,-0.002164,0.0000,0.271448,0.321496,0.000000,0.0000
1440.42,0.168821,0.204305,-0.002175,0.0000,0.271448,0.321496,0.000000,0.0000
1445.79,0.168821,0.204305,-0.002175,0.0000,0.271448,0.321496,0.000000,0.0000
1451.13,0.170621,0.206312,-0.002148,0.0000,0.278933,0.337250,0.000000,0.0000
1456.48,0.172447,0.208307,-0.002091,0.0000,0.278933,0.337250,0.000000,0.0000
1461.82,0.172447,0.208307,-0.002091,0.0000,0.278933,0.337250,0.000000,0.0000
1467.14,0.174248,0.210287,-0.002152,0.0000,0.278933,0.337250,0.000000,0.0000
1472.62,0.176102,0.212347,-0.002080,0.0000,0.278933,0.337250,0.000000,0.0000
1477.97,0.176102,0.212347,-0.002080,0.0000,0.278933,0.337250,0.000000,0.0000
1483.31,0.177939,0.214334,-0.002033,0.0000,0.278933,0.337250,0.000000,0.0000
1488.83,0.179748,0.216323,-0.002011,0.0000,0.278933,0.337250,0.000000,0.0000
1494.24,0.179748,0.216323,-0.002011,0.0000,0.278933,0.337250,0.000000,0.0000
1499.59,0.181531,0.218252,-0.002032,0.0000,0.278933,0.337250,0.000000,0.0000
1504.94,0.181531,0.218252,-0.002032,0.0000,0.278933,0.337250,0.000000,0.0000
1510.27,0.183303,0.220191,-0.002005,0.0000,0.285317,0.352671,0.000000,0.0000
1515.74,0.185105,0.222155,-0.002041,0.0000,0.285317,0.352671,0.000000,0.0000
1521.14,0.185105,0.222155,-0.002041,0.0000,0.285317,0.352671,0.000000,0.0000
1526.47,0.186861,0.224154,-0.001969,0.0000,0.285317,0.352671,0.000000,0.0000
1531.86,0.188670,0.226172,-0.001987,0.0000,0.285317,0.352671,0.000000,0.0000
1537.18,0.188670,0.226172,-0.001987,0.0000,0.285317,0.352671,0.000000,0.0000
1542.53,0.190368,0.228056,-0.001963,0.0000,0.285317,0.352671,0.000000,0.0000
1547.91,0.192159,0.230044,-0.001964,0.0000,0.285317,0.352671,0.000000,0.0000
1553.25,0.192159,0.230044,-0.001964,0.0000,0.285317,0.352671,0.000000,0.0000
1558.57,0.193873,0.231962,-0.001968,0.0000,0.285317,0.352671,0.000000,0.0000
1563.90,0.195655,0.233939,-0.001950,0.0000,0.285317,0.352671,0.000000,0.0000
1569.28,0.195655,0.233939,-0.001950,0.0000,0.285317,0.352671,0.000000,0.0000
1574.72,0.197379,0.235894,-0.001944,0.0000,0.285317,0.352671,0.000000,0.0000
1580.06,0.197379,0.235894,-0.001944,0.0000,0.285317,0.352671,0.000000,0.0000
1585.43,0.199133,0.237781,-0.002019,0.0000,0.285317,0.352671,0.000000,0.0000
1590.96,0.200836,0.239680,-0.002029,0.0000,0.290575,0.367744,0.000000,0.0000
1596.30,0.200836,0.239680,-0.002029,0.0000,0.290575,0.367744,0.000000,0.0000
1601.63,0.202537,0.241601,-0.002048,0.0000,0.290575,0.367744,0.000000,0.0000
1606.97,0.204233,0.243519,-0.002009,0.0000,0.290575,0.367744,0.000000,0.0000
1612.32,0.204233,0.243519,-0.002009,0.0000,0.290575,0.367744,0.000000,0.0000
1617.66,0.205930,0.245451,-0.002002,0.0000,0.290575,0.367744,0.000000,0.0000
1623.01,0.207591,0.247332,-0.002019,0.0000,0.290575,0.367744,0.000000,0.0000
1628.40,0.207591,0.247332,-0.002019,0.0000,0.290575,0.367744,0.000000,0.0000
1633.91,0.209232,0.249202,-0.002021,0.0000,0.290575,0.367744,0.000000,0.0000
1639.25,0.210870,0.251075,-0.002100,0.0000,0.290575,0.367744,0.000000,0.0000
1644.60,0.210870,0.251075,-0.002100,0.0000,0.290575,0.367744,0.000000,0.0000
1649.94,0.212515,0.252990,-0.002036,0.0000,0.290575,0.367744,0.000000,0.0000
1655.27,0.212515,0.252990,-0.002036,0.0000,0.290575,0.367744,0.000000,0.0000
1660.60,0.214129,0.254832,-0.002113,0.0000,0.290575,0.367744,0.000000,0.0000
1666.04,0.215747,0.256720,-0.002133,0.0000,0.290575,0.367744,0.000000,0.0000
1671.40,0.215747,0.256720,-0.002133,0.0000,0.290575,0.367744,0.000000,0.0000
1676.98,0.217359,0.258536,-0.002110,0.0000,0.294686,0.382454,0.000000,0.0000
1682.32,0.218923,0.260410,-0.002146,0.0000,0.294686,0.382454,0.000000,0.0000
1687.66,0.218923,0.260410,-0.002146,0.0000,0.294686,0.382454,0.000000,0.0000
1693.21,0.220572,0.262265,-0.002167,0.0000,0.294686,0.382454,0.000000,0.0000
1698.55,0.222130,0.264097,-0.002114,0.0000,0.294686,0.382454,0.000000,0.0000
1703.92,0.222130,0.264097,-0.002114,0.0000,0.294686,0.382454,0.000000,0.0000
1709.24,0.223739,0.265902,-0.002213,0.0000,0.294686,0.382454,0.000000,0.0000
1714.59,0.225285,0.267730,-0.002192,0.0000,0.294686,0.382454,0.000000,0.0000
1719.95,0.225285,0.267730,-0.002192,0.0000,0.294686,0.382454,0.000000,0.0000
1725.26,0.226841,0.269597,-0.002229,0.0000,0.294686,0.382454,0.000000,0.0000
1730.67,0.228432,0.271308,-0.002193,0.0000,0.294686,0.382454,0.000000,0.0000
1736.05,0.228432,0.271308,-0.002193,0.0000,0.294686,0.382454,0.000000,0.0000
1741.42,0.229902,0.273062,-0.002184,0.0000,0.294686,0.382454,0.000000,0.0000
1746.76,0.229902,0.273062,-0.002184,0.0000,0.294686,0.382454,0.000000,0.0000
1752.13,0.231403,0.274883,-0.002228,0.0000,0.294686,0.382454,0.000000,0.0000
1757.49,0.232933,0.276668,-0.002162,0.0000,0.297634,0.396787,0.000000,0.0000
1762.92,0.232933,0.276668,-0.002162,0.0000,0.297634,0.396787,0.000000,0.0000
1768.33,0.234398,0.278413,-0.002141,0.0000,0.297634,0.396787,0.000000,0.0000
1773.71,0.235860,0.280080,-0.002179,0.0000,0.297634,0.396787,0.000000,0.0000
1779.20,0.235860,0.280080,-0.002179,0.0000,0.297634,0.396787,0.000000,0.0000
1784.73,0.237332,0.281922,-0.002102,0.0000,0.297634,0.396787,0.000000,0.0000
1790.07,0.238773,0.283594,-0.002070,0.0000,0.297634,0.396787,0.000000,0.0000
1795.45,0.238773,0.283594,-0.002070,0.0000,0.297634,0.396787,0.000000,0.0000
1800.79,0.240177,0.285329,-0.002093,0.0000,0.297634,0.396787,0.000000,0.0000
1806.21,0.241531,0.287104,-0.001989,0.0000,0.297634,0.396787,0.000000,0.0000
1811.59,0.241531,0.287104,-0.001989,0.0000,0.297634,0.396787,0.000000,0.0000
1816.98,0.243001,0.288845,-0.001972,0.0000,0.299408,0.410728,0.000000,0.0000
1822.31,0.244387,0.290526,-0.001969,0.0000,0.299408,0.410728,0.000000,0.0000
1827.76,0.244387,0.290526,-0.001969,0.0000,0.299408,0.410728,0.000000,0.0000
1833.20,0.245764,0.292308,-0.001924,0.0000,0.299408,0.410728,0.000000,0.0000
1838.55,0.245764,0.292308,-0.001924,0.0000,0.299408,0.410728,0.000000,0.0000
1843.91,0.247163,0.293987,-0.001875,0.0000,0.299408,0.410728,0.000000,0.0000
1849.33,0.248512,0.295671,-0.001885,0.0000,0.299408,0.410728,0.000000,0.0000
1854.73,0.248512,0.295671,-0.001885,0.0000,0.299408,0.410728,0.000000,0.0000
1860.07,0.249801,0.297364,-0.001850,0.0000,0.299408,0.410728,0.000000,0.0000
1865.45,0.251136,0.299039,-0.001823,0.0000,0.299408,0.410728,0.000000,0.0000
1870.81,0.251136,0.299039,-0.001823,0.0000,0.299408,0.410728,0.000000,0.0000
1876.19,0.252486,0.300642,-0.001753,0.0000,0.299408,0.410728,0.000000,0.0000
1882.21,0.253714,0.302303,-0.001699,0.0000,0.299408,0.410728,0.000000,0.0000
1887.58,0.253714,0.302303,-0.001699,0.0000,0.299408,0.410728,0.000000,0.0000
1893.30,0.254930,0.303958,-0.001725,0.0000,0.299408,0.410728,0.000000,0.0000
1898.76,0.256211,0.305539,-0.001609,0.0000,0.300000,0.424264,0.000000,0.0000
1904.07,0.256211,0.305539,-0.001609,0.0000,0.300000,0.424264,0.000000,0.0000
1909.43,0.257493,0.307187,-0.001594,0.0000,0.300000,0.424264,0.000000,0.0000
1915.07,0.258644,0.308808,-0.001560,0.0000,0.300000,0.424264,0.000000,0.0000
1920.47,0.258644,0.308808,-0.001560,0.0000,0.300000,0.424264,0.000000,0.0000
1925.95,0.259863,0.310413,-0.001503,0.0000,0.300000,0.424264,0.000000,0.0000
1931.25,0.261081,0.312073,-0.001449,0.0000,0.300000,0.424264,0.000000,0.0000
1936.58,0.261081,0.312073,-0.001449,0.0000,0.300000,0.424264,0.000000,0.0000
1942.23,0.262286,0.313657,-0.001400,0.0000,0.300000,0.424264,0.000000,0.0000
1947.61,0.263434,0.315277,-0.001413,0.0000,0.300000,0.424264,0.000000,0.0000
1952.96,0.263434,0.315277,-0.001413,0.0000,0.300000,0.424264,0.000000,0.0000
1958.24,0.264591,0.316900,-0.001340,0.0000,0.300000,0.424264,0.000000,0.0000
1963.38,0.264591,0.316900,-0.001340,0.0000,0.300000,0.424264,0.000000,0.0000
1968.82,0.265780,0.318451,-0.001305,0.0000,0.300000,0.424264,0.000000,0.0000
1974.28,0.266846,0.320112,-0.001251,0.0000,0.300000,0.424264,0.000000,0.0000
1979.66,0.266846,0.320112,-0.001251,0.0000,0.299408,0.437381,0.000000,0.0000
1985.09,0.267955,0.321669,-0.001220,0.0000,0.299408,0.437381,0.000000,0.0000
1990.42,0.269061,0.323250,-0.001200,0.0000,0.299408,0.437381,0.000000,0.0000
1995.82,0.269061,0.323250,-0.001200,0.0000,0.299408,0.437381,0.000000,0.0000
2001.29,0.270094,0.324825,-0.001160,0.0000,0.299408,0.437381,0.000000,0.0000
2006.68,0.271116,0.326447,-0.001037,0.0000,0.299408,0.437381,0.000000,0.0000
2012.04,0.271116,0.326447,-0.001037,0.0000,0.299408,0.437381,0.000000,0.0000
2017.47,0.272176,0.328009,-0.001035,0.0000,0.299408,0.437381,0.000000,0.0000
2023.21,0.273138,0.329561,-0.001036,0.0000,0.299408,0.437381,0.000000,0.0000
2028.54,0.273138,0.329561,-0.001036,0.0000,0.299408,0.437381,0.000000,0.0000
2033.97,0.274143,0.331128,-0.001000,0.0000,0.299408,0.437381,0.000000,0.0000
2039.32,0.275088,0.332721,-0.000927,0.0000,0.299408,0.437381,0.000000,0.0000
2044.68,0.275088,0.332721,-0.000927,0.0000,0.297634,0.450067,0.000000,0.0000
2050.14,0.276035,0.334275,-0.000907,0.0000,0.297634,0.450067,0.000000,0.0000
2055.47,0.276035,0.334275,-0.000907,0.0000,0.297634,0.450067,0.000000,0.0000
2060.88,0.276955,0.335846,-0.000857,0.0000,0.297634,0.450067,0.000000,0.0000
2066.07,0.277888,0.337426,-0.000860,0.0000,0.297634,0.450067,0.000000,0.0000
2071.40,0.277888,0.337426,-0.000860,0.0000,0.297634,0.450067,0.000000,0.0000
2077.05,0.278787,0.338998,-0.000846,0.0000,0.297634,0.450067,0.000000,0.0000
2082.51,0.279665,0.340477,-0.000846,0.0000,0.297634,0.450067,0.000000,0.0000
2087.93,0.279665,0.340477,-0.000846,0.0000,0.297634,0.450067,0.000000,0.0000
2093.38,0.280530,0.342127,-0.000822,0.0000,0.297634,0.450067,0.000000,0.0000
2098.74,0.281387,0.343648,-0.000807,0.0000,0.297634,0.450067,0.000000,0.0000
2104.08,0.281387,0.343648,-0.000807,0.0000,0.297634,0.450067,0.000000,0.0000
2109.44,0.282224,0.345195,-0.000832,0.0000,0.297634,0.450067,0.000000,0.0000
2114.78,0.282977,0.346800,-0.000860,0.0000,0.297634,0.450067,0.000000,0.0000
2120.08,0.282977,0.346800,-0.000860,0.0000,0.297634,0.450067,0.000000,0.0000
2125.60,0.283840,0.348322,-0.000846,0.0000,0.294686,0.462308,0.000000,0.0000
2131.00,0.284594,0.349911,-0.000852,0.0000,0.294686,0.462308,0.000000,0.0000
2136.35,0.284594,0.349911,-0.000852,0.0000,0.294686,0.462308,0.000000,0.0000
2141.75,0.285348,0.351488,-0.000904,0.0000,0.294686,0.462308,0.000000,0.0000
2147.33,0.286111,0.353016,-0.000937,0.0000,0.294686,0.462308,0.000000,0.0000
2152.73,0.286111,0.353016,-0.000937,0.0000,0.294686,0.462308,0.000000,0.0000
2158.22,0.286813,0.354543,-0.000958,0.0000,0.294686,0.462308,0.000000,0.0000
2163.62,0.286813,0.354543,-0.000958,0.0000,0.294686,0.462308,0.000000,0.0000
2168.66,0.287481,0.356125,-0.001011,0.0000,0.294686,0.462308,0.000000,0.0000
2174.02,0.288216,0.357681,-0.001005,0.0000,0.294686,0.462308,0.000000,0.0000
2179.37,0.288216,0.357681,-0.001005,0.0000,0.294686,0.462308,0.000000,0.0000
2184.91,0.288834,0.359256,-0.001006,0.0000,0.294686,0.462308,0.000000,0.0000
2190.26,0.289502,0.360808,-0.001021,0.0000,0.294686,0.462308,0.000000,0.0000
2195.59,0.289502,0.360808,-0.001021,0.0000,0.294686,0.462308,0.000000,0.0000
2200.95,0.290196,0.362409,-0.001022,0.0000,0.294686,0.462308,0.000000,0.0000
2206.37,0.290778,0.363972,-0.001073,0.0000,0.290575,0.474093,0.000000,0.0000
2211.71,0.290778,0.363972,-0.001073,0.0000,0.290575,0.474093,0.000000,0.0000
2217.33,0.291394,0.365546,-0.001104,0.0000,0.290575,0.474093,0.000000,0.0000
2222.68,0.292006,0.367090,-0.001145,0.0000,0.290575,0.474093,0.000000,0.0000
2228.03,0.292006,0.367090,-0.001145,0.0000,0.290575,0.474093,0.000000,0.0000
2233.37,0.292557,0.368685,-0.001163,0.0000,0.290575,0.474093,0.000000,0.0000
2239.00,0.293127,0.370194,-0.001200,0.0000,0.290575,0.474093,0.000000,0.0000
2244.33,0.293127,0.370194,-0.001200,0.0000,0.290575,0.474093,0.000000,0.0000
2249.70,0.293683,0.371722,-0.001242,0.0000,0.290575,0.474093,0.000000,0.0000
2255.03,0.293683,0.371722,-0.001242,0.0000,0.290575,0.474093,0.000000,0.0000
2260.39,0.294174,0.373318,-0.001254,0.0000,0.290575,0.474093,0.000000,0.0000
2265.73,0.294665,0.374813,-0.001238,0.0000,0.290575,0.474093,0.000000,0.0000
2271.28,0.294665,0.374813,-0.001238,0.0000,0.285317,0.485410,0.000000,0.0000
2276.87,0.295140,0.376402,-0.001302,0.0000,0.285317,0.485410,0.000000,0.0000
2282.19,0.295662,0.377920,-0.001367,0.0000,0.285317,0.485410,0.000000,0.0000
2287.58,0.295662,0.377920,-0.001367,0.0000,0.285317,0.485410,0.000000,0.0000
2293.30,0.296101,0.379457,-0.001388,0.0000,0.285317,0.485410,0.000000,0.0000
2298.63,0.296523,0.381099,-0.001418,0.0000,0.285317,0.485410,0.000000,0.0000
2303.97,0.296523,0.381099,-0.001418,0.0000,0.285317,0.485410,0.000000,0.0000
2309.34,0.296906,0.382633,-0.001479,0.0000,0.285317,0.485410,0.000000,0.0000
2314.68,0.297233,0.384205,-0.001509,0.0000,0.285317,0.485410,0.000000,0.0000
2320.07,0.297233,0.384205,-0.001509,0.0000,0.285317,0.485410,0.000000,0.0000
2325.48,0.297626,0.385816,-0.001576,0.0000,0.285317,0.485410,0.000000,0.0000
2330.89,0.297957,0.387362,-0.001572,0.0000,0.285317,0.485410,0.000000,0.0000
2336.26,0.297957,0.387362,-0.001572,0.0000,0.285317,0.485410,0.000000,0.0000
2341.59,0.298286,0.388968,-0.001576,0.0000,0.285317,0.485410,0.000000,0.0000
2346.92,0.298286,0.388968,-0.001576,0.0000,0.285317,0.485410,0.000000,0.0000
2352.30,0.298655,0.390541,-0.001622,0.0000,0.278933,0.496248,0.000000,0.0000
2357.63,0.298886,0.392107,-0.001668,0.0000,0.278933,0.496248,0.000000,0.0000
2362.96,0.298886,0.392107,-0.001668,0.0000,0.278933,0.496248,0.000000,0.0000
2368.25,0.299216,0.393642,-0.001697,0.0000,0.278933,0.496248,0.000000,0.0000
2373.94,0.299482,0.395236,-0.001726,0.0000,0.278933,0.496248,0.000000,0.0000
2379.33,0.299482,0.395236,-0.001726,0.0000,0.278933,0.496248,0.000000,0.0000
2384.91,0.299721,0.396803,-0.001751,0.0000,0.278933,0.496248,0.000000,0.0000
2390.32,0.299937,0.398440,-0.001803,0.0000,0.278933,0.496248,0.000000,0.0000
2395.65,0.299937,0.398440,-0.001803,0.0000,0.278933,0.496248,0.000000,0.0000
2400.98,0.300167,0.399943,-0.001861,0.0000,0.278933,0.496248,0.000000,0.0000
2406.40,0.300337,0.401554,-0.001880,0.0000,0.278933,0.496248,0.000000,0.0000
2411.78,0.300337,0.401554,-0.001880,0.0000,0.278933,0.496248,0.000000,0.0000
2417.13,0.300545,0.403144,-0.001898,0.0000,0.278933,0.496248,0.000000,0.0000
2422.57,0.300687,0.404700,-0.001902,0.0000,0.278933,0.496248,0.000000,0.0000
2427.91,0.300687,0.404700,-0.001902,0.0000,0.278933,0.496248,0.000000,0.0000
2433.27,0.300811,0.406310,-0.001950,0.0000,0.271448,0.506597,0.000000,0.0000
2438.70,0.300811,0.406310,-0.001950,0.0000,0.271448,0.506597,0.000000,0.0000
2444.03,0.300921,0.407831,-0.001944,0.0000,0.271448,0.506597,0.000000,0.0000
2449.47,0.301019,0.409467,-0.001979,0.0000,0.271448,0.506597,0.000000,0.0000
2454.83,0.301019,0.409467,-0.001979,0.0000,0.271448,0.506597,0.000000,0.0000
2460.19,0.301134,0.410978,-0.002004,0.0000,0.271448,0.506597,0.000000,0.0000
2465.54,0.301168,0.412599,-0.002013,0.0000,0.271448,0.506597,0.000000,0.0000
2470.87,0.301168,0.412599,-0.002013,0.0000,0.271448,0.506597,0.000000,0.0000
2476.63,0.301276,0.414095,-0.002025,0.0000,0.271448,0.506597,0.000000,0.0000
2482.00,0.301305,0.415708,-0.002026,0.0000,0.271448,0.506597,0.000000,0.0000
2487.31,0.301305,0.415708,-0.002026,0.0000,0.271448,0.506597,0.000000,0.0000
2492.75,0.301315,0.417269,-0.002002,0.0000,0.262892,0.516445,0.000000,0.0000
2498.27,0.301310,0.418784,-0.002026,0.0000,0.262892,0.516445,0.000000,0.0000
2503.63,0.301310,0.418784,-0.002026,0.0000,0.262892,0.516445,0.000000,0.0000
2509.19,0.301287,0.420388,-0.001990,0.0000,0.262892,0.516445,0.000000,0.0000
2514.56,0.301212,0.421952,-0.001964,0.0000,0.262892,0.516445,0.000000,0.0000
2519.89,0.301212,0.421952,-0.001964,0.0000,0.262892,0.516445,0.000000,0.0000
2525.60,0.301174,0.423495,-0.002024,0.0000,0.262892,0.516445,0.000000,0.0000
2530.93,0.301090,0.425095,-0.002044,0.0000,0.262892,0.516445,0.000000,0.0000
2536.27,0.301090,0.425095,-0.002044,0.0000,0.262892,0.516445,0.000000,0.0000
2541.65,0.301022,0.426634,-0.001975,0.0000,0.262892,0.516445,0.000000,0.0000
2547.25,0.300888,0.428265,-0.001991,0.0000,0.262892,0.516445,0.000000,0.0000
2552.63,0.300888,0.428265,-0.001991,0.0000,0.262892,0.516445,0.000000,0.0000
2558.03,0.300782,0.429664,-0.001956,0.0000,0.262892,0.516445,0.000000,0.0000
2563.37,0.300782,0.429664,-0.001956,0.0000,0.262892,0.516445,0.000000,0.0000
2568.75,0.300607,0.431292,-0.001984,0.0000,0.262892,0.516445,0.000000,0.0000
2574.47,0.300459,0.432799,-0.001927,0.0000,0.262892,0.516445,0.000000,0.0000
2580.51,0.300248,0.434342,-0.001917,0.0000,0.253298,0.525784,0.000000,0.0000
2586.01,0.300248,0.434342,-0.001917,0.0000,0.253298,0.525784,0.000000,0.0000
2591.35,0.300078,0.435900,-0.001896,0.0000,0.253298,0.525784,0.000000,0.0000
2596.75,0.300078,0.435900,-0.001896,0.0000,0.253298,0.525784,0.000000,0.0000
2602.15,0.299843,0.437363,-0.001906,0.0000,0.253298,0.525784,0.000000,0.0000
2607.69,0.299587,0.438923,-0.001871,0.0000,0.253298,0.525784,0.000000,0.0000
2613.03,0.299587,0.438923,-0.001871,0.0000,0.253298,0.525784,0.000000,0.0000
2618.41,0.299404,0.440443,-0.001813,0.0000,0.253298,0.525784,0.000000,0.0000
2623.90,0.299081,0.441973,-0.001734,0.0000,0.253298,0.525784,0.000000,0.0000
2629.19,0.299081,0.441973,-0.001734,0.0000,0.253298,0.525784,0.000000,0.0000
2634.90,0.298803,0.443466,-0.001703,0.0000,0.253298,0.525784,0.000000,0.0000
2640.25,0.298534,0.444933,-0.001664,0.0000,0.253298,0.525784,0.000000,0.0000
2645.58,0.298534,0.444933,-0.001664,0.0000,0.253298,0.525784,0.000000,0.0000
2650.91,0.298139,0.446494,-0.001628,0.0000,0.253298,0.525784,0.000000,0.0000
2656.51,0.297822,0.447896,-0.001572,0.0000,0.253298,0.525784,0.000000,0.0000
2661.56,0.297822,0.447896,-0.001572,0.0000,0.242705,0.534604,0.000000,0.0000
2667.20,0.297448,0.449469,-0.001521,0.0000,0.242705,0.534604,0.000000,0.0000
2672.54,0.297072,0.450897,-0.001481,0.0000,0.242705,0.534604,0.000000,0.0000
2677.93,0.297072,0.450897,-0.001481,0.0000,0.242705,0.534604,0.000000,0.0000
2683.25,0.296654,0.452366,-0.001395,0.0000,0.242705,0.534604,0.000000,0.0000
2688.64,0.296303,0.453752,-0.001365,0.0000,0.242705,0.534604,0.000000,0.0000
2694.05,0.296303,0.453752,-0.001365,0.0000,0.242705,0.534604,0.000000,0.0000
2699.45,0.295841,0.455324,-0.001319,0.0000,0.242705,0.534604,0.000000,0.0000
2704.88,0.295841,0.455324,-0.001319,0.0000,0.242705,0.534604,0.000000,0.0000
2710.19,0.295488,0.456705,-0.001291,0.0000,0.242705,0.534604,0.000000,0.0000
2715.54,0.294958,0.458230,-0.001277,0.0000,0.242705,0.534604,0.000000,0.0000
2720.90,0.294958,0.458230,-0.001277,0.0000,0.231154,0.542896,0.000000,0.0000
2726.25,0.294501,0.459629,-0.001190,0.0000,0.231154,0.542896,0.000000,0.0000
2731.62,0.293991,0.461121,-0.001142,0.0000,0.231154,0.542896,0.000000,0.0000
2736.96,0.293991,0.461121,-0.001142,0.0000,0.231154,0.542896,0.000000,0.0000
2742.34,0.293505,0.462481,-0.001079,0.0000,0.231154,0.542896,0.000000,0.0000
2747.74,0.292975,0.463899,-0.001069,0.0000,0.231154,0.542896,0.000000,0.0000
2753.07,0.292975,0.463899,-0.001069,0.0000,0.231154,0.542896,0.000000,0.0000
2758.52,0.292469,0.465349,-0.000979,0.0000,0.231154,0.542896,0.000000,0.0000
2763.69,0.291852,0.466799,-0.000952,0.0000,0.231154,0.542896,0.000000,0.0000
2769.19,0.291852,0.466799,-0.000952,0.0000,0.231154,0.542896,0.000000,0.0000
2774.55,0.291336,0.468187,-0.000906,0.0000,0.231154,0.542896,0.000000,0.0000
2779.96,0.291336,0.468187,-0.000906,0.0000,0.231154,0.542896,0.000000,0.0000
2785.31,0.290675,0.469642,-0.000801,0.0000,0.231154,0.542896,0.000000,0.0000
2790.91,0.290118,0.471091,-0.000809,0.0000,0.231154,0.542896,0.000000,0.0000
2796.33,0.290118,0.471091,-0.000809,0.0000,0.231154,0.542896,0.000000,0.0000
2801.71,0.289486,0.472474,-0.000752,0.0000,0.218691,0.550653,0.000000,0.0000
2807.15,0.288833,0.473832,-0.000666,0.0000,0.218691,0.550653,0.000000,0.0000
2812.49,0.288833,0.473832,-0.000666,0.0000,0.218691,0.550653,0.000000,0.0000
2817.90,0.288162,0.475253,-0.000685,0.0000,0.218691,0.550653,0.000000,0.0000
2823.28,0.287480,0.476666,-0.000587,0.0000,0.218691,0.550653,0.000000,0.0000
2828.64,0.287480,0.476666,-0.000587,0.0000,0.218691,0.550653,0.000000,0.0000
2834.00,0.286805,0.477973,-0.000536,0.0000,0.218691,0.550653,0.000000,0.0000
2839.31,0.286046,0.479423,-0.000539,0.0000,0.218691,0.550653,0.000000,0.0000
2844.67,0.286046,0.479423,-0.000539,0.0000,0.218691,0.550653,0.000000,0.0000
2850.15,0.285369,0.480633,-0.000464,0.0000,0.218691,0.550653,0.000000,0.0000
2855.62,0.284584,0.482074,-0.000402,0.0000,0.218691,0.550653,0.000000,0.0000
2860.99,0.284584,0.482074,-0.000402,0.0000,0.218691,0.550653,0.000000,0.0000
2867.02,0.283915,0.483389,-0.000377,0.0000,0.218691,0.550653,0.000000,0.0000
2872.34,0.283106,0.484773,-0.000308,0.0000,0.218691,0.550653,0.000000,0.0000
2877.77,0.283106,0.484773,-0.000308,0.0000,0.218691,0.550653,0.000000,0.0000
2883.21,0.282362,0.485983,-0.000274,0.0000,0.205364,0.557866,0.000000,0.0000
2888.69,0.281489,0.487412,-0.000233,0.0000,0.205364,0.557866,0.000000,0.0000
2894.24,0.281489,0.487412,-0.000233,0.0000,0.205364,0.557866,0.000000,0.0000
2899.57,0.280698,0.488676,-0.000182,0.0000,0.205364,0.557866,0.000000,0.0000
2904.95,0.280698,0.488676,-0.000182,0.0000,0.205364,0.557866,0.000000,0.0000
2910.28,0.279896,0.489948,-0.000107,0.0000,0.205364,0.557866,0.000000,0.0000
2915.79,0.279019,0.491258,-0.000046,0.0000,0.205364,0.557866,0.000000,0.0000
2921.19,0.279019,0.491258,-0.000046,0.0000,0.205364,0.557866,0.000000,0.0000
2926.56,0.278225,0.492444,0.000024,0.0000,0.205364,0.557866,0.000000,0.0000
2931.96,0.277329,0.493737,0.000034,0.0000,0.205364,0.557866,0.000000,0.0000
2937.31,0.277329,0.493737,0.000034,0.0000,0.205364,0.557866,0.000000,0.0000
2942.65,0.276491,0.494961,0.000118,0.0000,0.205364,0.557866,0.000000,0.0000
2947.67,0.275595,0.496211,0.000140,0.0000,0.191227,0.564528,0.000000,0.0000
2953.07,0.275595,0.496211,0.000140,0.0000,0.191227,0.564528,0.000000,0.0000
2958.50,0.274670,0.497447,0.000209,0.0000,0.191227,0.564528,0.000000,0.0000
2963.88,0.273744,0.498682,0.000311,0.0000,0.191227,0.564528,0.000000,0.0000
2969.19,0.273744,0.498682,0.000311,0.0000,0.191227,0.564528,0.000000,0.0000
2974.54,0.272904,0.499793,0.000374,0.0000,0.191227,0.564528,0.000000,0.0000
2979.88,0.272904,0.499793,0.000374,0.0000,0.191227,0.564528,0.000000,0.0000
2985.21,0.271882,0.501077,0.000433,0.0000,0.191227,0.564528,0.000000,0.0000
2990.72,0.270973,0.502190,0.000427,0.0000,0.191227,0.564528,0.000000,0.0000
2996.07,0.270973,0.502190,0.000427,0.0000,0.191227,0.564528,0.000000,0.0000
3001.43,0.269927,0.503378,0.000440,0.0000,0.191227,0.564528,0.000000,0.0000
3006.84,0.268959,0.504534,0.000544,0.0000,0.191227,0.564528,0.000000,0.0000
3012.21,0.268959,0.504534,0.000544,0.0000,0.191227,0.564528,0.000000,0.0000
3017.54,0.268039,0.505734,0.000562,0.0000,0.191227,0.564528,0.000000,0.0000
3023.16,0.267016,0.506916,0.000675,0.0000,0.191227,0.564528,0.000000,0.0000
3028.56,0.267016,0.506916,0.000675,0.0000,0.176336,0.570634,0.000000,0.0000
3033.89,0.265972,0.508039,0.000748,0.0000,0.176336,0.570634,0.000000,0.0000
3039.25,0.264973,0.509167,0.000750,0.0000,0.176336,0.570634,0.000000,0.0000
3044.57,0.264973,0.509167,0.000750,0.0000,0.176336,0.570634,0.000000,0.0000
3050.02,0.263907,0.510296,0.000780,0.0000,0.176336,0.570634,0.000000,0.0000
3055.53,0.262861,0.511434,0.000799,0.0000,0.176336,0.570634,0.000000,0.0000
3060.94,0.262861,0.511434,0.000799,0.0000,0.176336,0.570634,0.000000,0.0000
3066.33,0.261848,0.512468,0.000862,0.0000,0.176336,0.570634,0.000000,0.0000
3071.84,0.260720,0.513595,0.000891,0.0000,0.176336,0.570634,0.000000,0.0000
3077.35,0.260720,0.513595,0.000891,0.0000,0.176336,0.570634,0.000000,0.0000
3082.72,0.259715,0.514584,0.000958,0.0000,0.176336,0.570634,0.000000,0.0000
3088.07,0.259715,0.514584,0.000958,0.0000,0.176336,0.570634,0.000000,0.0000
3093.41,0.258588,0.515666,0.000968,0.0000,0.176336,0.570634,0.000000,0.0000
3099.06,0.257546,0.516707,0.000927,0.0000,0.176336,0.570634,0.000000,0.0000
3104.46,0.257546,0.516707,0.000927,0.0000,0.176336,0.570634,0.000000,0.0000
3109.82,0.256392,0.517739,0.000901,0.0000,0.160748,0.576176,0.000000,0.0000
3115.20,0.255342,0.518736,0.000954,0.0000,0.160748,0.576176,0.000000,0.0000
3120.57,0.255342,0.518736,0.000954,0.0000,0.160748,0.576176,0.000000,0.0000
3126.20,0.254221,0.519790,0.000970,0.0000,0.160748,0.576176,0.000000,0.0000
3131.57,0.253088,0.520804,0.001061,0.0000,0.160748,0.576176,0.000000,0.0000
3136.90,0.253088,0.520804,0.001061,0.0000,0.160748,0.576176,0.000000,0.0000
3142.19,0.252041,0.521829,0.001040,0.0000,0.160748,0.576176,0.000000,0.0000
3147.56,0.250883,0.522808,0.001047,0.0000,0.160748,0.576176,0.000000,0.0000
3153.14,0.250883,0.522808,0.001047,0.0000,0.160748,0.576176,0.000000,0.0000
3158.55,0.249705,0.523814,0.001091,0.0000,0.160748,0.576176,0.000000,0.0000
3163.92,0.248581,0.524830,0.001083,0.0000,0.160748,0.576176,0.000000,0.0000
3169.27,0.248581,0.524830,0.001083,0.0000,0.144526,0.581150,0.000000,0.0000
3174.61,0.247414,0.525775,0.001153,0.0000,0.144526,0.581150,0.000000,0.0000
3179.94,0.247414,0.525775,0.001153,0.0000,0.144526,0.581150,0.000000,0.0000
3185.30,0.246314,0.526788,0.001170,0.0000,0.144526,0.581150,0.000000,0.0000
3190.91,0.245095,0.527778,0.001261,0.0000,0.144526,0.581150,0.000000,0.0000
3196.27,0.245095,0.527778,0.001261,0.0000,0.144526,0.581150,0.000000,0.0000
3201.59,0.243882,0.528691,0.001265,0.0000,0.144526,0.581150,0.000000,0.0000
3206.96,0.242787,0.529679,0.001252,0.0000,0.144526,0.581150,0.000000,0.0000
3212.26,0.242787,0.529679,0.001252,0.0000,0.144526,0.581150,0.000000,0.0000
3217.58,0.241556,0.530737,0.001266,0.0000,0.144526,0.581150,0.000000,0.0000
3223.07,0.240410,0.531615,0.001317,0.0000,0.144526,0.581150,0.000000,0.0000
3228.52,0.240410,0.531615,0.001317,0.0000,0.144526,0.581150,0.000000,0.0000
3233.85,0.239230,0.532596,0.001345,0.0000,0.144526,0.581150,0.000000,0.0000
3239.13,0.237983,0.533494,0.001378,0.0000,0.144526,0.581150,0.000000,0.0000
3244.48,0.237983,0.533494,0.001378,0.0000,0.144526,0.581150,0.000000,0.0000
3249.80,0.236788,0.534447,0.001340,0.0000,0.144526,0.581150,0.000000,0.0000
3255.72,0.235574,0.535366,0.001312,0.0000,0.127734,0.585550,0.000000,0.0000
3261.05,0.235574,0.535366,0.001312,0.0000,0.127734,0.585550,0.000000,0.0000
3266.37,0.234309,0.536282,0.001335,0.0000,0.127734,0.585550,0.000000,0.0000
3271.93,0.233202,0.537160,0.001333,0.0000,0.127734,0.585550,0.000000,0.0000
3277.60,0.233202,0.537160,0.001333,0.0000,0.127734,0.585550,0.000000,0.0000
3283.26,0.231889,0.538116,0.001397,0.0000,0.127734,0.585550,0.000000,0.0000
3288.75,0.230689,0.538921,0.001372,0.0000,0.127734,0.585550,0.000000,0.0000
3294.16,0.230689,0.538921,0.001372,0.0000,0.127734,0.585550,0.000000,0.0000
3299.48,0.229502,0.539875,0.001344,0.0000,0.127734,0.585550,0.000000,0.0000
3304.81,0.229502,0.539875,0.001344,0.0000,0.127734,0.585550,0.000000,0.0000
3310.16,0.228214,0.540778,0.001291,0.0000,0.127734,0.585550,0.000000,0.0000
3315.54,0.227040,0.541656,0.001288,0.0000,0.127734,0.585550,0.000000,0.0000
3320.88,0.227040,0.541656,0.001288,0.0000,0.127734,0.585550,0.000000,0.0000
3326.31,0.225710,0.542555,0.001333,0.0000,0.127734,0.585550,0.000000,0.0000
3331.64,0.224526,0.543484,0.001309,0.0000,0.127734,0.585550,0.000000,0.0000
3337.48,0.224526,0.543484,0.001309,0.0000,0.110437,0.589372,0.000000,0.0000
3342.93,0.223215,0.544359,0.001340,0.0000,0.110437,0.589372,0.000000,0.0000
3348.25,0.221881,0.545253,0.001292,0.0000,0.110437,0.589372,0.000000,0.0000
3353.58,0.221881,0.545253,0.001292,0.0000,0.110437,0.589372,0.000000,0.0000
3358.91,0.220662,0.546190,0.001263,0.0000,0.110437,0.589372,0.000000,0.0000
3364.30,0.219314,0.547120,0.001328,0.0000,0.110437,0.589372,0.000000,0.0000
3369.66,0.219314,0.547120,0.001328,0.0000,0.110437,0.589372,0.000000,0.0000
3375.03,0.218111,0.547918,0.001286,0.0000,0.110437,0.589372,0.000000,0.0000
3380.35,0.216727,0.548894,0.001321,0.0000,0.110437,0.589372,0.000000,0.0000
3385.70,0.216727,0.548894,0.001321,0.0000,0.110437,0.589372,0.000000,0.0000
3391.04,0.215464,0.549719,0.001290,0.0000,0.110437,0.589372,0.000000,0.0000
3396.42,0.215464,0.549719,0.001290,0.0000,0.092705,0.592613,0.000000,0.0000
3401.79,0.214168,0.550576,0.001257,0.0000,0.092705,0.592613,0.000000,0.0000
3407.13,0.212770,0.551495,0.001245,0.0000,0.092705,0.592613,0.000000,0.0000
3412.47,0.212770,0.551495,0.001245,0.0000,0.092705,0.592613,0.000000,0.0000
3417.81,0.211546,0.552293,0.001279,0.0000,0.092705,0.592613,0.000000,0.0000
3423.20,0.210200,0.553127,0.001309,0.0000,0.092705,0.592613,0.000000,0.0000
3428.56,0.210200,0.553127,0.001309,0.0000,0.092705,0.592613,0.000000,0.0000
3433.93,0.208887,0.554030,0.001286,0.0000,0.092705,0.592613,0.000000,0.0000
3439.84,0.207613,0.554854,0.001206,0.0000,0.092705,0.592613,0.000000,0.0000
3445.26,0.207613,0.554854,0.001206,0.0000,0.092705,0.592613,0.000000,0.0000
3450.59,0.206217,0.555676,0.001266,0.0000,0.092705,0.592613,0.000000,0.0000
3455.98,0.204941,0.556493,0.001213,0.0000,0.092705,0.592613,0.000000,0.0000
3461.31,0.204941,0.556493,0.001213,0.0000,0.092705,0.592613,0.000000,0.0000
3466.83,0.203585,0.557338,0.001274,0.0000,0.092705,0.592613,0.000000,0.0000
3472.14,0.202201,0.558154,0.001268,0.0000,0.092705,0.592613,0.000000,0.0000
3477.51,0.202201,0.558154,0.001268,0.0000,0.074607,0.595269,0.000000,0.0000
3482.91,0.200872,0.558977,0.001297,0.0000,0.074607,0.595269,0.000000,0.0000
3488.20,0.200872,0.558977,0.001297,0.0000,0.074607,0.595269,0.000000,0.0000
3493.54,0.199459,0.559857,0.001260,0.0000,0.074607,0.595269,0.000000,0.0000
3499.07,0.198153,0.560715,0.001247,0.0000,0.074607,0.595269,0.000000,0.0000
3504.43,0.198153,0.560715,0.001247,0.0000,0.074607,0.595269,0.000000,0.0000
3509.86,0.196735,0.561532,0.001257,0.0000,0.074607,0.595269,0.000000,0.0000
3515.19,0.195302,0.562367,0.001306,0.0000,0.074607,0.595269,0.000000,0.0000
3520.52,0.195302,0.562367,0.001306,0.0000,0.074607,0.595269,0.000000,0.0000
3525.86,0.193949,0.563161,0.001341,0.0000,0.074607,0.595269,0.000000,0.0000
3531.31,0.192516,0.563932,0.001421,0.0000,0.074607,0.595269,0.000000,0.0000
3536.64,0.192516,0.563932,0.001421,0.0000,0.074607,0.595269,0.000000,0.0000
3542.25,0.191036,0.564735,0.001422,0.0000,0.074607,0.595269,0.000000,0.0000
3547.57,0.189714,0.565555,0.001369,0.0000,0.074607,0.595269,0.000000,0.0000
3552.90,0.189714,0.565555,0.001369,0.0000,0.074607,0.595269,0.000000,0.0000
3558.26,0.188128,0.566338,0.001469,0.0000,0.056214,0.597337,0.000000,0.0000
3563.61,0.186750,0.567091,0.001504,0.0000,0.056214,0.597337,0.000000,0.0000
3568.94,0.186750,0.567091,0.001504,0.0000,0.056214,0.597337,0.000000,0.0000
3574.30,0.185255,0.567830,0.001576,0.0000,0.056214,0.597337,0.000000,0.0000
3579.86,0.185255,0.567830,0.001576,0.0000,0.056214,0.597337,0.000000,0.0000
3585.19,0.183796,0.568644,0.001628,0.0000,0.056214,0.597337,0.000000,0.0000
3590.76,0.182332,0.569371,0.001611,0.0000,0.056214,0.597337,0.000000,0.0000
3596.13,0.182332,0.569371,0.001611,0.0000,0.056214,0.597337,0.000000,0.0000
3601.50,0.180877,0.570222,0.001635,0.0000,0.056214,0.597337,0.000000,0.0000
3606.83,0.179417,0.570988,0.001736,0.0000,0.056214,0.597337,0.000000,0.0000
3612.13,0.179417,0.570988,0.001736,0.0000,0.056214,0.597337,0.000000,0.0000
3617.46,0.177918,0.571751,0.001764,0.0000,0.056214,0.597337,0.000000,0.0000
3623.15,0.176502,0.572463,0.001827,0.0000,0.037600,0.598816,0.000000,0.0000
3628.52,0.176502,0.572463,0.001827,0.0000,0.037600,0.598816,0.000000,0.0000
3633.85,0.174948,0.573222,0.001812,0.0000,0.037600,0.598816,0.000000,0.0000
3639.36,0.173495,0.573945,0.001815,0.0000,0.037600,0.598816,0.000000,0.0000
3644.42,0.173495,0.573945,0.001815,0.0000,0.037600,0.598816,0.000000,0.0000
3649.82,0.172020,0.574525,0.001844,0.0000,0.037600,0.598816,0.000000,0.0000
3655.29,0.170530,0.575198,0.001873,0.0000,0.037600,0.598816,0.000000,0.0000
3660.82,0.170530,0.575198,0.001873,0.0000,0.037600,0.598816,0.000000,0.0000
3666.20,0.169021,0.575915,0.001927,0.0000,0.037600,0.598816,0.000000,0.0000
3671.65,0.169021,0.575915,0.001927,0.0000,0.037600,0.598816,0.000000,0.0000
3676.99,0.167464,0.576600,0.001933,0.0000,0.037600,0.598816,0.000000,0.0000
3682.49,0.165963,0.577290,0.001935,0.0000,0.037600,0.598816,0.000000,0.0000
3687.83,0.165963,0.577290,0.001935,0.0000,0.037600,0.598816,0.000000,0.0000
3693.20,0.164358,0.577991,0.001986,0.0000,0.037600,0.598816,0.000000,0.0000
3698.67,0.162830,0.578677,0.002030,0.0000,0.037600,0.598816,0.000000,0.0000
3704.09,0.162830,0.578677,0.002030,0.0000,0.018837,0.599704,0.000000,0.0000
3709.57,0.161200,0.579338,0.002105,0.0000,0.018837,0.599704,0.000000,0.0000
3714.96,0.159619,0.579941,0.002176,0.0000,0.018837,0.599704,0.000000,0.0000
3720.26,0.159619,0.579941,0.002176,0.0000,0.018837,0.599704,0.000000,0.0000
3725.67,0.158070,0.580602,0.002252,0.0000,0.018837,0.599704,0.000000,0.0000
3731.00,0.156444,0.581248,0.002274,0.0000,0.018837,0.599704,0.000000,0.0000
3736.31,0.156444,0.581248,0.002274,0.0000,0.018837,0.599704,0.000000,0.0000
3741.86,0.154919,0.581897,0.002332,0.0000,0.018837,0.599704,0.000000,0.0000
3747.09,0.153324,0.582499,0.002349,0.0000,0.018837,0.599704,0.000000,0.0000
3752.56,0.153324,0.582499,0.002349,0.0000,0.018837,0.599704,0.000000,0.0000
3757.97,0.151700,0.583073,0.002487,0.0000,0.018837,0.599704,0.000000,0.0000
3763.64,0.150134,0.583635,0.002552,0.0000,0.018837,0.599704,0.000000,0.0000
3769.05,0.150134,0.583635,0.002552,0.0000,0.018837,0.599704,0.000000,0.0000
3774.64,0.148402,0.584185,0.002627,0.0000,0.018837,0.599704,0.000000,0.0000
3780.44,0.146792,0.584786,0.002655,0.0000,0.018837,0.599704,0.000000,0.0000
3785.92,0.146792,0.584786,0.002655,0.0000,-0.000000,0.600000,0.000000,0.0000
3791.26,0.145166,0.585335,0.002722,0.0000,-0.000000,0.600000,0.000000,0.0000
3796.59,0.145166,0.585335,0.002722,0.0000,-0.000000,0.600000,0.000000,0.0000
3802.05,0.143489,0.585898,0.002787,0.0000,-0.000000,0.600000,0.000000,0.0000
3807.69,0.141813,0.586408,0.002861,0.0000,-0.000000,0.600000,0.000000,0.0000
3813.10,0.141813,0.586408,0.002861,0.0000,-0.000000,0.600000,0.000000,0.0000
3818.44,0.140149,0.586916,0.002965,0.0000,-0.000000,0.600000,0.000000,0.0000
3823.79,0.138451,0.587401,0.003057,0.0000,-0.000000,0.600000,0.000000,0.0000
3829.87,0.138451,0.587401,0.003057,0.0000,-0.000000,0.600000,0.000000,0.0000
3835.19,0.136842,0.587899,0.003131,0.0000,-0.000000,0.600000,0.000000,0.0000
3840.52,0.135168,0.588387,0.003153,0.0000,-0.000000,0.600000,0.000000,0.0000
3845.91,0.135168,0.588387,0.003153,0.0000,-0.018837,0.599704,0.000000,0.0000
3851.28,0.133403,0.588816,0.003188,0.0000,-0.018837,0.599704,0.000000,0.0000
3856.64,0.131771,0.589250,0.003211,0.0000,-0.018837,0.599704,0.000000,0.0000
3862.03,0.131771,0.589250,0.003211,0.0000,-0.018837,0.599704,0.000000,0.0000
3867.39,0.130047,0.589711,0.003323,0.0000,-0.018837,0.599704,0.000000,0.0000
3872.76,0.128373,0.590084,0.003349,0.0000,-0.018837,0.599704,0.000000,0.0000
3878.40,0.128373,0.590084,0.003349,0.0000,-0.018837,0.599704,0.000000,0.0000
3883.79,0.126619,0.590500,0.003436,0.0000,-0.018837,0.599704,0.000000,0.0000
3889.16,0.124914,0.590909,0.003488,0.0000,-0.018837,0.599704,0.000000,0.0000
3894.49,0.124914,0.590909,0.003488,0.0000,-0.018837,0.599704,0.000000,0.0000
3899.82,0.123151,0.591312,0.003522,0.0000,-0.018837,0.599704,0.000000,0.0000
3905.21,0.123151,0.591312,0.003522,0.0000,-0.018837,0.599704,0.000000,0.0000
3910.61,0.121410,0.591680,0.003608,0.0000,-0.018837,0.599704,0.000000,0.0000
3916.05,0.119610,0.592116,0.003664,0.0000,-0.018837,0.599704,0.000000,0.0000
3921.41,0.119610,0.592116,0.003664,0.0000,-0.018837,0.599704,0.000000,0.0000
3926.74,0.117931,0.592441,0.003741,0.0000,-0.018837,0.599704,0.000000,0.0000
3932.67,0.116028,0.592877,0.003717,0.0000,-0.037600,0.598816,0.000000,0.0000
3938.02,0.116028,0.592877,0.003717,0.0000,-0.037600,0.598816,0.000000,0.0000
3943.31,0.114391,0.593153,0.003764,0.0000,-0.037600,0.598816,0.000000,0.0000
3948.70,0.112567,0.593535,0.003773,0.0000,-0.037600,0.598816,0.000000,0.0000
3954.04,0.112567,0.593535,0.003773,0.0000,-0.037600,0.598816,0.000000,0.0000
3959.41,0.110839,0.593818,0.003813,0.0000,-0.037600,0.598816,0.000000,0.0000
3964.76,0.108978,0.594185,0.003821,0.0000,-0.037600,0.598816,0.000000,0.0000
3970.13,0.108978,0.594185,0.003821,0.0000,-0.037600,0.598816,0.000000,0.0000
3975.53,0.107212,0.594476,0.003861,0.0000,-0.037600,0.598816,0.000000,0.0000
3980.96,0.105340,0.594790,0.003821,0.0000,-0.037600,0.598816,0.000000,0.0000
3986.35,0.105340,0.594790,0.003821,0.0000,-0.037600,0.598816,0.000000,0.0000
3991.83,0.103559,0.595083,0.003786,0.0000,-0.037600,0.598816,0.000000,0.0000
3997.15,0.101738,0.595326,0.003815,0.0000,-0.037600,0.598816,0.000000,0.0000
4002.48,0.101738,0.595326,0.003815,0.0000,-0.037600,0.598816,0.000000,0.0000
4007.82,0.099848,0.595569,0.003777,0.0000,-0.037600,0.598816,0.000000,0.0000
4013.13,0.099848,0.595569,0.003777,0.0000,-0.056214,0.597337,0.000000,0.0000
4018.51,0.097971,0.595793,0.003765,0.0000,-0.056214,0.597337,0.000000,0.0000
4023.95,0.096116,0.596064,0.003796,0.0000,-0.056214,0.597337,0.000000,0.0000
4029.32,0.096116,0.596064,0.003796,0.0000,-0.056214,0.597337,0.000000,0.0000
4034.80,0.094251,0.596295,0.003814,0.0000,-0.056214,0.597337,0.000000,0.0000
4040.13,0.092426,0.596573,0.003718,0.0000,-0.056214,0.597337,0.000000,0.0000
4045.46,0.092426,0.596573,0.003718,0.0000,-0.056214,0.597337,0.000000,0.0000
4050.80,0.090577,0.596783,0.003736,0.0000,-0.056214,0.597337,0.000000,0.0000
4056.07,0.088671,0.597052,0.003669,0.0000,-0.056214,0.597337,0.000000,0.0000
4061.39,0.088671,0.597052,0.003669,0.0000,-0.056214,0.597337,0.000000,0.0000
4066.72,0.086767,0.597187,0.003623,0.0000,-0.056214,0.597337,0.000000,0.0000
4072.06,0.084886,0.597441,0.003577,0.0000,-0.056214,0.597337,0.000000,0.0000
4077.39,0.084886,0.597441,0.003577,0.0000,-0.056214,0.597337,0.000000,0.0000
4082.82,0.083003,0.597565,0.003578,0.0000,-0.056214,0.597337,0.000000,0.0000
4088.16,0.083003,0.597565,0.003578,0.0000,-0.056214,0.597337,0.000000,0.0000
4093.50,0.081135,0.597808,0.003504,0.0000,-0.074607,0.595269,0.000000,0.0000
4098.82,0.079209,0.597931,0.003474,0.0000,-0.074607,0.595269,0.000000,0.0000
4104.13,0.079209,0.597931,0.003474,0.0000,-0.074607,0.595269,0.000000,0.0000
4109.48,0.077231,0.598217,0.003366,0.0000,-0.074607,0.595269,0.000000,0.0000
4114.82,0.075287,0.598392,0.003359,0.0000,-0.074607,0.595269,0.000000,0.0000
4120.22,0.075287,0.598392,0.003359,0.0000,-0.074607,0.595269,0.000000,0.0000
4125.55,0.073340,0.598604,0.003295,0.0000,-0.074607,0.595269,0.000000,0.0000
4130.95,0.071369,0.598759,0.003252,0.0000,-0.074607,0.595269,0.000000,0.0000
4136.55,0.071369,0.598759,0.003252,0.0000,-0.074607,0.595269,0.000000,0.0000
4141.95,0.069477,0.598927,0.003252,0.0000,-0.074607,0.595269,0.000000,0.0000
4147.25,0.067490,0.599129,0.003177,0.0000,-0.074607,0.595269,0.000000,0.0000
4152.59,0.067490,0.599129,0.003177,0.0000,-0.092705,0.592613,0.000000,0.0000
4157.94,0.065463,0.599317,0.003107,0.0000,-0.092705,0.592613,0.000000,0.0000
4163.25,0.065463,0.599317,0.003107,0.0000,-0.092705,0.592613,0.000000,0.0000
4168.57,0.063569,0.599496,0.003042,0.0000,-0.092705,0.592613,0.000000,0.0000
4174.13,0.061515,0.599658,0.003017,0.0000,-0.092705,0.592613,0.000000,0.0000
4179.49,0.061515,0.599658,0.003017,0.0000,-0.092705,0.592613,0.000000,0.0000
4184.81,0.059596,0.599847,0.002987,0.0000,-0.092705,0.592613,0.000000,0.0000
4190.13,0.059596,0.599847,0.002987,0.0000,-0.092705,0.592613,0.000000,0.0000
4195.47,0.057557,0.599972,0.002901,0.0000,-0.092705,0.592613,0.000000,0.0000
4200.81,0.055577,0.600143,0.002841,0.0000,-0.092705,0.592613,0.000000,0.0000
4206.13,0.053531,0.600307,0.002843,0.0000,-0.092705,0.592613,0.000000,0.0000
4211.48,0.053531,0.600307,0.002843,0.0000,-0.092705,0.592613,0.000000,0.0000
4216.97,0.051488,0.600471,0.002766,0.0000,-0.092705,0.592613,0.000000,0.0000
4222.24,0.049504,0.600623,0.002773,0.0000,-0.092705,0.592613,0.000000,0.0000
4227.56,0.049504,0.600623,0.002773,0.0000,-0.092705,0.592613,0.000000,0.0000
4232.88,0.047415,0.600819,0.002713,0.0000,-0.092705,0.592613,0.000000,0.0000
4237.92,0.047415,0.600819,0.002713,0.0000,-0.110437,0.589372,0.000000,0.0000
4243.19,0.045448,0.600966,0.002634,0.0000,-0.110437,0.589372,0.000000,0.0000
4248.51,0.043332,0.601161,0.002614,0.0000,-0.110437,0.589372,0.000000,0.0000
4253.83,0.043332,0.601161,0.002614,0.0000,-0.110437,0.589372,0.000000,0.0000
4259.47,0.041314,0.601307,0.002565,0.0000,-0.110437,0.589372,0.000000,0.0000
4264.80,0.039300,0.601506,0.002558,0.0000,-0.110437,0.589372,0.000000,0.0000
4270.13,0.039300,0.601506,0.002558,0.0000,-0.110437,0.589372,0.000000,0.0000
4275.56,0.037348,0.601632,0.002523,0.0000,-0.110437,0.589372,0.000000,0.0000
4280.88,0.037348,0.601632,0.002523,0.0000,-0.110437,0.589372,0.000000,0.0000
4286.19,0.035225,0.601894,0.002462,0.0000,-0.110437,0.589372,0.000000,0.0000
4291.51,0.033168,0.601993,0.002419,0.0000,-0.110437,0.589372,0.000000,0.0000
4296.85,0.033168,0.601993,0.002419,0.0000,-0.110437,0.589372,0.000000,0.0000
4302.21,0.031099,0.602177,0.002386,0.0000,-0.110437,0.589372,0.000000,0.0000
4307.69,0.029060,0.602276,0.002420,0.0000,-0.110437,0.589372,0.000000,0.0000
4313.04,0.029060,0.602276,0.002420,0.0000,-0.110437,0.589372,0.000000,0.0000
4318.41,0.026968,0.602503,0.002365,0.0000,-0.127734,0.585550,0.000000,0.0000
4323.74,0.024894,0.602652,0.002364,0.0000,-0.127734,0.585550,0.000000,0.0000
4329.15,0.024894,0.602652,0.002364,0.0000,-0.127734,0.585550,0.000000,0.0000
4334.72,0.022734,0.602875,0.002279,0.0000,-0.127734,0.585550,0.000000,0.0000
4340.07,0.020726,0.602935,0.002296,0.0000,-0.127734,0.585550,0.000000,0.0000
4345.39,0.020726,0.602935,0.002296,0.0000,-0.127734,0.585550,0.000000,0.0000
4350.71,0.018642,0.603172,0.002307,0.0000,-0.127734,0.585550,0.000000,0.0000
4356.05,0.016616,0.603265,0.002271,0.0000,-0.127734,0.585550,0.000000,0.0000
4361.88,0.016616,0.603265,0.002271,0.0000,-0.127734,0.585550,0.000000,0.0000
4367.20,0.014500,0.603460,0.002235,0.0000,-0.127734,0.585550,0.000000,0.0000
4372.52,0.012426,0.603607,0.002195,0.0000,-0.127734,0.585550,0.000000,0.0000
4377.94,0.012426,0.603607,0.002195,0.0000,-0.144526,0.581150,0.000000,0.0000
4383.25,0.010346,0.603768,0.002236,0.0000,-0.144526,0.581150,0.000000,0.0000
4388.59,0.010346,0.603768,0.002236,0.0000,-0.144526,0.581150,0.000000,0.0000
4393.98,0.008306,0.603907,0.002238,0.0000,-0.144526,0.581150,0.000000,0.0000
4399.36,0.006210,0.604034,0.002247,0.0000,-0.144526,0.581150,0.000000,0.0000
4404.67,0.006210,0.604034,0.002247,0.0000,-0.144526,0.581150,0.000000,0.0000
4410.01,0.004155,0.604146,0.002230,0.0000,-0.144526,0.581150,0.000000,0.0000
4415.36,0.002045,0.604293,0.002207,0.0000,-0.144526,0.581150,0.000000,0.0000
4420.71,0.002045,0.604293,0.002207,0.0000,-0.144526,0.581150,0.000000,0.0000
4426.52,-0.000087,0.604388,0.002166,0.0000,-0.144526,0.581150,0.000000,0.0000
4431.90,-0.002177,0.604565,0.002178,0.0000,-0.144526,0.581150,0.000000,0.0000
4437.19,-0.002177,0.604565,0.002178,0.0000,-0.144526,0.581150,0.000000,0.0000
4442.55,-0.004327,0.604620,0.002260,0.0000,-0.144526,0.581150,0.000000,0.0000
4448.17,-0.006474,0.604753,0.002258,0.0000,-0.144526,0.581150,0.000000,0.0000
4453.51,-0.006474,0.604753,0.002258,0.0000,-0.144526,0.581150,0.000000,0.0000
4458.83,-0.008507,0.604816,0.002264,0.0000,-0.144526,0.581150,0.000000,0.0000
4464.78,-0.010684,0.604897,0.002243,0.0000,-0.160748,0.576176,0.000000,0.0000
4470.09,-0.010684,0.604897,0.002243,0.0000,-0.160748,0.576176,0.000000,0.0000
4475.40,-0.012706,0.604951,0.002266,0.0000,-0.160748,0.576176,0.000000,0.0000
4480.75,-0.012706,0.604951,0.002266,0.0000,-0.160748,0.576176,0.000000,0.0000
4486.08,-0.014885,0.605012,0.002346,0.0000,-0.160748,0.576176,0.000000,0.0000
4491.50,-0.016897,0.605069,0.002334,0.0000,-0.160748,0.576176,0.000000,0.0000
4496.98,-0.019044,0.605134,0.002367,0.0000,-0.160748,0.576176,0.000000,0.0000
4502.41,-0.019044,0.605134,0.002367,0.0000,-0.160748,0.576176,0.000000,0.0000
4507.76,-0.021172,0.605169,0.002368,0.0000,-0.160748,0.576176,0.000000,0.0000
4513.07,-0.021172,0.605169,0.002368,0.0000,-0.160748,0.576176,0.000000,0.0000
4518.57,-0.023240,0.605186,0.002391,0.0000,-0.160748,0.576176,0.000000,0.0000
4523.91,-0.025363,0.605246,0.002431,0.0000,-0.160748,0.576176,0.000000,0.0000
4529.24,-0.025363,0.605246,0.002431,0.0000,-0.160748,0.576176,0.000000,0.0000
4534.69,-0.027437,0.605195,0.002429,0.0000,-0.160748,0.576176,0.000000,0.0000
4540.06,-0.029526,0.605191,0.002460,0.0000,-0.160748,0.576176,0.000000,0.0000
4545.42,-0.029526,0.605191,0.002460,0.0000,-0.176336,0.570634,0.000000,0.0000
4550.74,-0.031643,0.605191,0.002416,0.0000,-0.176336,0.570634,0.000000,0.0000
4556.06,-0.033688,0.605150,0.002424,0.0000,-0.176336,0.570634,0.000000,0.0000
4561.41,-0.033688,0.605150,0.002424,0.0000,-0.176336,0.570634,0.000000,0.0000
4567.16,-0.035791,0.605149,0.002482,0.0000,-0.176336,0.570634,0.000000,0.0000
4572.48,-0.037913,0.605054,0.002546,0.0000,-0.176336,0.570634,0.000000,0.0000
4577.82,-0.037913,0.605054,0.002546,0.0000,-0.176336,0.570634,0.000000,0.0000
4583.15,-0.039989,0.605051,0.002579,0.0000,-0.176336,0.570634,0.000000,0.0000
4588.47,-0.039989,0.605051,0.002579,0.0000,-0.176336,0.570634,0.000000,0.0000
4594.07,-0.042153,0.604880,0.002585,0.0000,-0.176336,0.570634,0.000000,0.0000
4599.44,-0.044280,0.604823,0.002665,0.0000,-0.176336,0.570634,0.000000,0.0000
4604.83,-0.044280,0.604823,0.002665,0.0000,-0.191227,0.564528,0.000000,0.0000
4610.13,-0.046453,0.604692,0.002671,0.0000,-0.191227,0.564528,0.000000,0.0000
4615.52,-0.048499,0.604577,0.002703,0.0000,-0.191227,0.564528,0.000000,0.0000
4620.87,-0.048499,0.604577,0.002703,0.0000,-0.191227,0.564528,0.000000,0.0000
4626.24,-0.050677,0.604443,0.002763,0.0000,-0.191227,0.564528,0.000000,0.0000
4631.68,-0.052722,0.604245,0.002843,0.0000,-0.191227,0.564528,0.000000,0.0000
4636.99,-0.052722,0.604245,0.002843,0.0000,-0.191227,0.564528,0.000000,0.0000
4642.30,-0.054835,0.604062,0.002884,0.0000,-0.191227,0.564528,0.000000,0.0000
4647.65,-0.056949,0.603933,0.002834,0.0000,-0.191227,0.564528,0.000000,0.0000
4653.02,-0.056949,0.603933,0.002834,0.0000,-0.191227,0.564528,0.000000,0.0000
4658.38,-0.059015,0.603712,0.002866,0.0000,-0.191227,0.564528,0.000000,0.0000
4663.93,-0.061177,0.603587,0.002911,0.0000,-0.191227,0.564528,0.000000,0.0000
4669.19,-0.061177,0.603587,0.002911,0.0000,-0.191227,0.564528,0.000000,0.0000
4674.53,-0.063264,0.603259,0.002962,0.0000,-0.191227,0.564528,0.000000,0.0000
4679.89,-0.063264,0.603259,0.002962,0.0000,-0.191227,0.564528,0.000000,0.0000
4685.30,-0.065316,0.603108,0.003005,0.0000,-0.205364,0.557866,0.000000,0.0000
4690.63,-0.067497,0.602847,0.003001,0.0000,-0.205364,0.557866,0.000000,0.0000
4695.97,-0.067497,0.602847,0.003001,0.0000,-0.205364,0.557866,0.000000,0.0000
4701.56,-0.069546,0.602556,0.003024,0.0000,-0.205364,0.557866,0.000000,0.0000
4707.01,-0.071633,0.602229,0.003106,0.0000,-0.205364,0.557866,0.000000,0.0000
4712.44,-0.071633,0.602229,0.003106,0.0000,-0.205364,0.557866,0.000000,0.0000
4717.80,-0.073647,0.601953,0.003088,0.0000,-0.205364,0.557866,0.000000,0.0000
4723.27,-0.075792,0.601715,0.003068,0.0000,-0.205364,0.557866,0.000000,0.0000
4728.67,-0.075792,0.601715,0.003068,0.0000,-0.205364,0.557866,0.000000,0.0000
4734.01,-0.077791,0.601332,0.003092,0.0000,-0.205364,0.557866,0.000000,0.0000
4739.30,-0.079929,0.601101,0.003128,0.0000,-0.205364,0.557866,0.000000,0.0000
4744.62,-0.079929,0.601101,0.003128,0.0000,-0.205364,0.557866,0.000000,0.0000
4749.96,-0.081995,0.600621,0.003151,0.0000,-0.205364,0.557866,0.000000,0.0000
4755.33,-0.081995,0.600621,0.003151,0.0000,-0.205364,0.557866,0.000000,0.0000
4761.00,-0.083972,0.600333,0.003186,0.0000,-0.205364,0.557866,0.000000,0.0000
4766.32,-0.086096,0.599948,0.003192,0.0000,-0.205364,0.557866,0.000000,0.0000
4771.83,-0.086096,0.599948,0.003192,0.0000,-0.218691,0.550653,0.000000,0.0000
4777.19,-0.088115,0.599547,0.003203,0.0000,-0.218691,0.550653,0.000000,0.0000
4782.69,-0.090265,0.599120,0.003204,0.0000,-0.218691,0.550653,0.000000,0.0000
4788.08,-0.090265,0.599120,0.003204,0.0000,-0.218691,0.550653,0.000000,0.0000
4793.68,-0.092240,0.598652,0.003312,0.0000,-0.218691,0.550653,0.000000,0.0000
4799.03,-0.094316,0.598265,0.003351,0.0000,-0.218691,0.550653,0.000000,0.0000
4804.33,-0.094316,0.598265,0.003351,0.0000,-0.218691,0.550653,0.000000,0.0000
4809.67,-0.096377,0.597750,0.003411,0.0000,-0.218691,0.550653,0.000000,0.0000
4815.04,-0.098372,0.597354,0.003427,0.0000,-0.218691,0.550653,0.000000,0.0000
4820.38,-0.098372,0.597354,0.003427,0.0000,-0.218691,0.550653,0.000000,0.0000
4825.71,-0.100427,0.596774,0.003441,0.0000,-0.218691,0.550653,0.000000,0.0000
4831.06,-0.102407,0.596283,0.003431,0.0000,-0.231154,0.542896,0.000000,0.0000
4836.42,-0.102407,0.596283,0.003431,0.0000,-0.231154,0.542896,0.000000,0.0000
4841.75,-0.104428,0.595771,0.003515,0.0000,-0.231154,0.542896,0.000000,0.0000
4847.30,-0.106399,0.595293,0.003504,0.0000,-0.231154,0.542896,0.000000,0.0000
4852.67,-0.106399,0.595293,0.003504,0.0000,-0.231154,0.542896,0.000000,0.0000
4858.04,-0.108404,0.594768,0.003502,0.0000,-0.231154,0.542896,0.000000,0.0000
4863.41,-0.108404,0.594768,0.003502,0.0000,-0.231154,0.542896,0.000000,0.0000
4868.77,-0.110482,0.594148,0.003495,0.0000,-0.231154,0.542896,0.000000,0.0000
4874.74,-0.112423,0.593700,0.003587,0.0000,-0.231154,0.542896,0.000000,0.0000
4880.07,-0.112423,0.593700,0.003587,0.0000,-0.231154,0.542896,0.000000,0.0000
4885.41,-0.114438,0.593060,0.003632,0.0000,-0.231154,0.542896,0.000000,0.0000
4891.04,-0.116434,0.592531,0.003643,0.0000,-0.231154,0.542896,0.000000,0.0000
4896.45,-0.116434,0.592531,0.003643,0.0000,-0.231154,0.542896,0.000000,0.0000
4901.79,-0.118435,0.591948,0.003621,0.0000,-0.231154,0.542896,0.000000,0.0000
4907.07,-0.120390,0.591359,0.003620,0.0000,-0.231154,0.542896,0.000000,0.0000
4912.41,-0.120390,0.591359,0.003620,0.0000,-0.242705,0.534604,0.000000,0.0000
4917.77,-0.122308,0.590725,0.003681,0.0000,-0.242705,0.534604,0.000000,0.0000
4923.30,-0.124275,0.590107,0.003667,0.0000,-0.242705,0.534604,0.000000,0.0000
4928.63,-0.124275,0.590107,0.003667,0.0000,-0.242705,0.534604,0.000000,0.0000
4933.98,-0.126246,0.589520,0.003681,0.0000,-0.242705,0.534604,0.000000,0.0000
4939.31,-0.128208,0.588820,0.003631,0.0000,-0.242705,0.534604,0.000000,0.0000
4944.66,-0.128208,0.588820,0.003631,0.0000,-0.242705,0.534604,0.000000,0.0000
4949.98,-0.130106,0.588182,0.003687,0.0000,-0.242705,0.534604,0.000000,0.0000
4955.85,-0.132089,0.587598,0.003647,0.0000,-0.242705,0.534604,0.000000,0.0000
4961.31,-0.132089,0.587598,0.003647,0.0000,-0.242705,0.534604,0.000000,0.0000
4966.63,-0.133980,0.586903,0.003616,0.0000,-0.242705,0.534604,0.000000,0.0000
4971.97,-0.133980,0.586903,0.003616,0.0000,-0.242705,0.534604,0.000000,0.0000
4977.29,-0.135910,0.586216,0.003542,0.0000,-0.242705,0.534604,0.000000,0.0000
4982.69,-0.137775,0.585488,0.003592,0.0000,-0.242705,0.534604,0.000000,0.0000
4988.05,-0.137775,0.585488,0.003592,0.0000,-0.242705,0.534604,0.000000,0.0000
4993.43,-0.139702,0.584903,0.003593,0.0000,-0.253298,0.525784,0.000000,0.0000
4998.76,-0.141604,0.584253,0.003509,0.0000,-0.253298,0.525784,0.000000,0.0000
5004.12,-0.141604,0.584253,0.003509,0.0000,-0.253298,0.525784,0.000000,0.0000
5009.51,-0.143371,0.583523,0.003468,0.0000,-0.253298,0.525784,0.000000,0.0000
5015.02,-0.145339,0.582806,0.003524,0.0000,-0.253298,0.525784,0.000000,0.0000
5020.31,-0.145339,0.582806,0.003524,0.0000,-0.253298,0.525784,0.000000,0.0000
5025.64,-0.147124,0.582180,0.003488,0.0000,-0.253298,0.525784,0.000000,0.0000
5030.99,-0.148976,0.581456,0.003405,0.0000,-0.253298,0.525784,0.000000,0.0000
5036.37,-0.148976,0.581456,0.003405,0.0000,-0.253298,0.525784,0.000000,0.0000
5041.93,-0.150790,0.580767,0.003471,0.0000,-0.253298,0.525784,0.000000,0.0000
5047.24,-0.152649,0.580063,0.003447,0.0000,-0.253298,0.525784,0.000000,0.0000
5052.59,-0.152649,0.580063,0.003447,0.0000,-0.253298,0.525784,0.000000,0.0000
5058.64,-0.154396,0.579436,0.003441,0.0000,-0.262892,0.516445,0.000000,0.0000
5063.96,-0.156255,0.578748,0.003464,0.0000,-0.262892,0.516445,0.000000,0.0000
5069.31,-0.156255,0.578748,0.003464,0.0000,-0.262892,0.516445,0.000000,0.0000
5074.64,-0.158116,0.577998,0.003476,0.0000,-0.262892,0.516445,0.000000,0.0000
5080.21,-0.159839,0.577249,0.003410,0.0000,-0.262892,0.516445,0.000000,0.0000
5085.65,-0.159839,0.577249,0.003410,0.0000,-0.262892,0.516445,0.000000,0.0000
5090.96,-0.161707,0.576517,0.003447,0.0000,-0.262892,0.516445,0.000000,0.0000
5096.31,-0.161707,0.576517,0.003447,0.0000,-0.262892,0.516445,0.000000,0.0000
5101.63,-0.163517,0.575752,0.003440,0.0000,-0.262892,0.516445,0.000000,0.0000
5107.00,-0.165212,0.575024,0.003410,0.0000,-0.262892,0.516445,0.000000,0.0000
5112.35,-0.165212,0.575024,0.003410,0.0000,-0.262892,0.516445,0.000000,0.0000
5117.93,-0.167004,0.574317,0.003390,0.0000,-0.262892,0.516445,0.000000,0.0000
5123.31,-0.168722,0.573474,0.003377,0.0000,-0.262892,0.516445,0.000000,0.0000
5128.67,-0.168722,0.573474,0.003377,0.0000,-0.262892,0.516445,0.000000,0.0000
5133.99,-0.170415,0.572745,0.003388,0.0000,-0.262892,0.516445,0.000000,0.0000
5139.32,-0.172167,0.572030,0.003385,0.0000,-0.271448,0.506597,0.000000,0.0000
5144.71,-0.172167,0.572030,0.003385,0.0000,-0.271448,0.506597,0.000000,0.0000
5150.13,-0.173871,0.571313,0.003337,0.0000,-0.271448,0.506597,0.000000,0.0000
5155.59,-0.175544,0.570564,0.003363,0.0000,-0.271448,0.506597,0.000000,0.0000
5161.27,-0.175544,0.570564,0.003363,0.0000,-0.271448,0.506597,0.000000,0.0000
5166.61,-0.177250,0.569805,0.003318,0.0000,-0.271448,0.506597,0.000000,0.0000
5172.06,-0.178868,0.569078,0.003323,0.0000,-0.271448,0.506597,0.000000,0.0000
5177.60,-0.178868,0.569078,0.003323,0.0000,-0.271448,0.506597,0.000000,0.0000
5182.94,-0.180560,0.568278,0.003320,0.0000,-0.271448,0.506597,0.000000,0.0000
5188.27,-0.180560,0.568278,0.003320,0.0000,-0.271448,0.506597,0.000000,0.0000
5193.49,-0.182186,0.567543,0.003307,0.0000,-0.271448,0.506597,0.000000,0.0000
5198.85,-0.183850,0.566805,0.003275,0.0000,-0.271448,0.506597,0.000000,0.0000
5204.23,-0.183850,0.566805,0.003275,0.0000,-0.271448,0.506597,0.000000,0.0000
5209.57,-0.185441,0.566016,0.003302,0.0000,-0.271448,0.506597,0.000000,0.0000
5214.89,-0.187114,0.565296,0.003276,0.0000,-0.271448,0.506597,0.000000,0.0000
5220.25,-0.187114,0.565296,0.003276,0.0000,-0.278933,0.496248,0.000000,0.0000
5225.61,-0.188680,0.564467,0.003237,0.0000,-0.278933,0.496248,0.000000,0.0000
5230.93,-0.190281,0.563721,0.003198,0.0000,-0.278933,0.496248,0.000000,0.0000
5236.25,-0.190281,0.563721,0.003198,0.0000,-0.278933,0.496248,0.000000,0.0000
5241.60,-0.191876,0.562981,0.003182,0.0000,-0.278933,0.496248,0.000000,0.0000
5246.93,-0.193442,0.562268,0.003118,0.0000,-0.278933,0.496248,0.000000,0.0000
5252.30,-0.193442,0.562268,0.003118,0.0000,-0.278933,0.496248,0.000000,0.0000
5257.66,-0.194995,0.561478,0.003087,0.0000,-0.278933,0.496248,0.000000,0.0000
5263.21,-0.194995,0.561478,0.003087,0.0000,-0.278933,0.496248,0.000000,0.0000
5268.64,-0.196550,0.560744,0.003011,0.0000,-0.278933,0.496248,0.000000,0.0000
5273.98,-0.198093,0.559963,0.002959,0.0000,-0.278933,0.496248,0.000000,0.0000
5279.33,-0.198093,0.559963,0.002959,0.0000,-0.285317,0.485410,0.000000,0.0000
5284.70,-0.199555,0.559222,0.002908,0.0000,-0.285317,0.485410,0.000000,0.0000
5290.22,-0.201143,0.558457,0.002859,0.0000,-0.285317,0.485410,0.000000,0.0000
5295.55,-0.201143,0.558457,0.002859,0.0000,-0.285317,0.485410,0.000000,0.0000
5301.03,-0.202569,0.557690,0.002744,0.0000,-0.285317,0.485410,0.000000,0.0000
5306.70,-0.204065,0.556942,0.002717,0.0000,-0.285317,0.485410,0.000000,0.0000
5312.02,-0.204065,0.556942,0.002717,0.0000,-0.285317,0.485410,0.000000,0.0000
5317.39,-0.205568,0.556241,0.002673,0.0000,-0.285317,0.485410,0.000000,0.0000
5322.78,-0.207047,0.555455,0.002567,0.0000,-0.285317,0.485410,0.000000,0.0000
5328.07,-0.207047,0.555455,0.002567,0.0000,-0.285317,0.485410,0.000000,0.0000
5333.64,-0.208442,0.554687,0.002495,0.0000,-0.285317,0.485410,0.000000,0.0000
5338.97,-0.209917,0.553920,0.002425,0.0000,-0.285317,0.485410,0.000000,0.0000
5344.32,-0.209917,0.553920,0.002425,0.0000,-0.285317,0.485410,0.000000,0.0000
5349.64,-0.211331,0.553127,0.002353,0.0000,-0.285317,0.485410,0.000000,0.0000
5354.96,-0.211331,0.553127,0.002353,0.0000,-0.285317,0.485410,0.000000,0.0000
5360.25,-0.212703,0.552304,0.002254,0.0000,-0.285317,0.485410,0.000000,0.0000
5365.87,-0.214155,0.551545,0.002156,0.0000,-0.290575,0.474093,0.000000,0.0000
5371.20,-0.214155,0.551545,0.002156,0.0000,-0.290575,0.474093,0.000000,0.0000
5376.55,-0.215567,0.550761,0.002086,0.0000,-0.290575,0.474093,0.000000,0.0000
5381.93,-0.216967,0.550005,0.002023,0.0000,-0.290575,0.474093,0.000000,0.0000
5387.24,-0.216967,0.550005,0.002023,0.0000,-0.290575,0.474093,0.000000,0.0000
5392.61,-0.218361,0.549215,0.001929,0.0000,-0.290575,0.474093,0.000000,0.0000
5398.14,-0.219698,0.548396,0.001790,0.0000,-0.290575,0.474093,0.000000,0.0000
5403.48,-0.219698,0.548396,0.001790,0.0000,-0.290575,0.474093,0.000000,0.0000
5409.07,-0.221070,0.547601,0.001735,0.0000,-0.290575,0.474093,0.000000,0.0000
5414.41,-0.222383,0.546792,0.001648,0.0000,-0.290575,0.474093,0.000000,0.0000
5419.76,-0.222383,0.546792,0.001648,0.0000,-0.290575,0.474093,0.000000,0.0000
5425.20,-0.223657,0.545913,0.001548,0.0000,-0.290575,0.474093,0.000000,0.0000
5430.53,-0.224909,0.545114,0.001505,0.0000,-0.290575,0.474093,0.000000,0.0000
5435.89,-0.224909,0.545114,0.001505,0.0000,-0.290575,0.474093,0.000000,0.0000
5441.19,-0.226215,0.544303,0.001411,0.0000,-0.290575,0.474093,0.000000,0.0000
5446.56,-0.226215,0.544303,0.001411,0.0000,-0.294686,0.462308,0.000000,0.0000
5451.92,-0.227335,0.543471,0.001317,0.0000,-0.294686,0.462308,0.000000,0.0000
5457.26,-0.228558,0.542631,0.001230,0.0000,-0.294686,0.462308,0.000000,0.0000
5462.61,-0.228558,0.542631,0.001230,0.0000,-0.294686,0.462308,0.000000,0.0000
5468.06,-0.229894,0.541826,0.001124,0.0000,-0.294686,0.462308,0.000000,0.0000
5473.41,-0.231193,0.541069,0.000991,0.0000,-0.294686,0.462308,0.000000,0.0000
5478.78,-0.231193,0.541069,0.000991,0.0000,-0.294686,0.462308,0.000000,0.0000
5484.15,-0.232564,0.540253,0.000844,0.0000,-0.294686,0.462308,0.000000,0.0000
5489.65,-0.233894,0.539458,0.000724,0.0000,-0.294686,0.462308,0.000000,0.0000
5495.02,-0.233894,0.539458,0.000724,0.0000,-0.294686,0.462308,0.000000,0.0000
5500.38,-0.235186,0.538597,0.000595,0.0000,-0.294686,0.462308,0.000000,0.0000
5505.72,-0.235186,0.538597,0.000595,0.0000,-0.297634,0.450067,0.000000,0.0000
5511.06,-0.236392,0.537799,0.000529,0.0000,-0.297634,0.450067,0.000000,0.0000
5516.55,-0.237653,0.536909,0.000387,0.0000,-0.297634,0.450067,0.000000,0.0000
5522.16,-0.238793,0.536048,0.000270,0.0000,-0.297634,0.450067,0.000000,0.0000
5527.55,-0.238793,0.536048,0.000270,0.0000,-0.297634,0.450067,0.000000,0.0000
5532.88,-0.240040,0.535156,0.000250,0.0000,-0.297634,0.450067,0.000000,0.0000
5538.24,-0.240040,0.535156,0.000250,0.0000,-0.297634,0.450067,0.000000,0.0000
5543.60,-0.241315,0.534361,0.000113,0.0000,-0.297634,0.450067,0.000000,0.0000
5548.94,-0.242481,0.533429,0.000064,0.0000,-0.297634,0.450067,0.000000,0.0000
5554.25,-0.242481,0.533429,0.000064,0.0000,-0.297634,0.450067,0.000000,0.0000
5559.57,-0.243688,0.532539,-0.000028,0.0000,-0.297634,0.450067,0.000000,0.0000
5564.91,-0.244833,0.531665,-0.000075,0.0000,-0.297634,0.450067,0.000000,0.0000
5570.80,-0.244833,0.531665,-0.000075,0.0000,-0.297634,0.450067,0.000000,0.0000
5576.49,-0.245936,0.530737,-0.000189,0.0000,-0.297634,0.450067,0.000000,0.0000
5581.83,-0.247084,0.529834,-0.000247,0.0000,-0.297634,0.450067,0.000000,0.0000
5587.19,-0.247084,0.529834,-0.000247,0.0000,-0.299408,0.437381,0.000000,0.0000
5592.51,-0.248171,0.528947,-0.000295,0.0000,-0.299408,0.437381,0.000000,0.0000
5597.93,-0.249298,0.528031,-0.000344,0.0000,-0.299408,0.437381,0.000000,0.0000
5603.25,-0.249298,0.528031,-0.000344,0.0000,-0.299408,0.437381,0.000000,0.0000
5608.89,-0.250313,0.527162,-0.000406,0.0000,-0.299408,0.437381,0.000000,0.0000
5614.19,-0.251418,0.526214,-0.000471,0.0000,-0.299408,0.437381,0.000000,0.0000
5619.52,-0.251418,0.526214,-0.000471,0.0000,-0.299408,0.437381,0.000000,0.0000
5624.88,-0.252377,0.525317,-0.000536,0.0000,-0.299408,0.437381,0.000000,0.0000
5630.40,-0.253439,0.524345,-0.000594,0.0000,-0.299408,0.437381,0.000000,0.0000
5635.87,-0.253439,0.524345,-0.000594,0.0000,-0.299408,0.437381,0.000000,0.0000
5641.22,-0.254437,0.523461,-0.000610,0.0000,-0.299408,0.437381,0.000000,0.0000
5646.58,-0.254437,0.523461,-0.000610,0.0000,-0.299408,0.437381,0.000000,0.0000
5652.51,-0.255450,0.522521,-0.000701,0.0000,-0.299408,0.437381,0.000000,0.0000
5657.84,-0.256427,0.521532,-0.000768,0.0000,-0.299408,0.437381,0.000000,0.0000
5663.21,-0.256427,0.521532,-0.000768,0.0000,-0.299408,0.437381,0.000000,0.0000
5668.53,-0.257402,0.520568,-0.000852,0.0000,-0.300000,0.424264,0.000000,0.0000
5673.91,-0.258297,0.519633,-0.000902,0.0000,-0.300000,0.424264,0.000000,0.0000
5679.25,-0.258297,0.519633,-0.000902,0.0000,-0.300000,0.424264,0.000000,0.0000
5684.80,-0.259324,0.518627,-0.000974,0.0000,-0.300000,0.424264,0.000000,0.0000
5690.13,-0.260198,0.517683,-0.001044,0.0000,-0.300000,0.424264,0.000000,0.0000
5695.54,-0.260198,0.517683,-0.001044,0.0000,-0.300000,0.424264,0.000000,0.0000
5700.87,-0.261154,0.516661,-0.001120,0.0000,-0.300000,0.424264,0.000000,0.0000
5706.19,-0.262001,0.515716,-0.001126,0.0000,-0.300000,0.424264,0.000000,0.0000
5711.61,-0.262001,0.515716,-0.001126,0.0000,-0.300000,0.424264,0.000000,0.0000
5716.96,-0.262914,0.514672,-0.001207,0.0000,-0.300000,0.424264,0.000000,0.0000
5722.45,-0.263744,0.513667,-0.001311,0.0000,-0.300000,0.424264,0.000000,0.0000
5727.92,-0.263744,0.513667,-0.001311,0.0000,-0.300000,0.424264,0.000000,0.0000
5733.25,-0.264596,0.512694,-0.001314,0.0000,-0.299408,0.410728,0.000000,0.0000
5738.82,-0.265531,0.511667,-0.001382,0.0000,-0.299408,0.410728,0.000000,0.0000
5744.31,-0.265531,0.511667,-0.001382,0.0000,-0.299408,0.410728,0.000000,0.0000
5749.68,-0.266238,0.510695,-0.001430,0.0000,-0.299408,0.410728,0.000000,0.0000
5755.77,-0.267133,0.509641,-0.001507,0.0000,-0.299408,0.410728,0.000000,0.0000
5761.15,-0.267133,0.509641,-0.001507,0.0000,-0.299408,0.410728,0.000000,0.0000
5766.52,-0.267827,0.508630,-0.001559,0.0000,-0.299408,0.410728,0.000000,0.0000
5771.90,-0.267827,0.508630,-0.001559,0.0000,-0.299408,0.410728,0.000000,0.0000
5777.19,-0.268686,0.507564,-0.001570,0.0000,-0.299408,0.410728,0.000000,0.0000
5782.73,-0.269390,0.506585,-0.001592,0.0000,-0.299408,0.410728,0.000000,0.0000
5788.07,-0.269390,0.506585,-0.001592,0.0000,-0.299408,0.410728,0.000000,0.0000
5793.45,-0.270163,0.505459,-0.001671,0.0000,-0.299408,0.410728,0.000000,0.0000
5798.84,-0.270910,0.504385,-0.001749,0.0000,-0.299408,0.410728,0.000000,0.0000
5804.19,-0.270910,0.504385,-0.001749,0.0000,-0.299408,0.410728,0.000000,0.0000
5809.56,-0.271640,0.503315,-0.001719,0.0000,-0.299408,0.410728,0.000000,0.0000
5815.03,-0.272361,0.502260,-0.001810,0.0000,-0.297634,0.396787,0.000000,0.0000
5820.39,-0.272361,0.502260,-0.001810,0.0000,-0.297634,0.396787,0.000000,0.0000
5825.76,-0.273096,0.501105,-0.001826,0.0000,-0.297634,0.396787,0.000000,0.0000
5831.07,-0.273787,0.500058,-0.001945,0.0000,-0.297634,0.396787,0.000000,0.0000
5836.79,-0.273787,0.500058,-0.001945,0.0000,-0.297634,0.396787,0.000000,0.0000
5842.19,-0.274388,0.498938,-0.001953,0.0000,-0.297634,0.396787,0.000000,0.0000
5847.59,-0.275084,0.497808,-0.002008,0.0000,-0.297634,0.396787,0.000000,0.0000
5852.93,-0.275084,0.497808,-0.002008,0.0000,-0.297634,0.396787,0.000000,0.0000
5858.25,-0.275701,0.496730,-0.002057,0.0000,-0.297634,0.396787,0.000000,0.0000
5863.84,-0.276353,0.495564,-0.002120,0.0000,-0.297634,0.396787,0.000000,0.0000
5869.21,-0.276353,0.495564,-0.002120,0.0000,-0.297634,0.396787,0.000000,0.0000
5874.60,-0.276939,0.494471,-0.002165,0.0000,-0.297634,0.396787,0.000000,0.0000
5879.97,-0.276939,0.494471,-0.002165,0.0000,-0.297634,0.396787,0.000000,0.0000
5885.31,-0.277536,0.493371,-0.002189,0.0000,-0.297634,0.396787,0.000000,0.0000
5891.05,-0.278068,0.492202,-0.002236,0.0000,-0.297634,0.396787,0.000000,0.0000
5896.43,-0.278068,0.492202,-0.002236,0.0000,-0.294686,0.382454,0.000000,0.0000
5901.95,-0.278668,0.491072,-0.002325,0.0000,-0.294686,0.382454,0.000000,0.0000
5907.31,-0.279206,0.489906,-0.002314,0.0000,-0.294686,0.382454,0.000000,0.0000
5912.70,-0.279206,0.489906,-0.002314,0.0000,-0.294686,0.382454,0.000000,0.0000
5918.07,-0.279702,0.488834,-0.002324,0.0000,-0.294686,0.382454,0.000000,0.0000
5923.40,-0.280288,0.487576,-0.002298,0.0000,-0.294686,0.382454,0.000000,0.0000
5928.76,-0.280288,0.487576,-0.002298,0.0000,-0.294686,0.382454,0.000000,0.0000
5934.07,-0.280677,0.486478,-0.002316,0.0000,-0.294686,0.382454,0.000000,0.0000
5939.25,-0.281179,0.485241,-0.002347,0.0000,-0.294686,0.382454,0.000000,0.0000
5944.58,-0.281179,0.485241,-0.002347,0.0000,-0.294686,0.382454,0.000000,0.0000
5949.90,-0.281660,0.484011,-0.002330,0.0000,-0.294686,0.382454,0.000000,0.0000
5955.20,-0.281660,0.484011,-0.002330,0.0000,-0.294686,0.382454,0.000000,0.0000
5960.52,-0.282029,0.482878,-0.002290,0.0000,-0.294686,0.382454,0.000000,0.0000
5965.85,-0.282485,0.481583,-0.002314,0.0000,-0.294686,0.382454,0.000000,0.0000
5971.19,-0.282485,0.481583,-0.002314,0.0000,-0.294686,0.382454,0.000000,0.0000
5976.58,-0.282807,0.480445,-0.002367,0.0000,-0.290575,0.367744,0.000000,0.0000
5981.96,-0.283290,0.479181,-0.002319,0.0000,-0.290575,0.367744,0.000000,0.0000
5987.33,-0.283290,0.479181,-0.002319,0.0000,-0.290575,0.367744,0.000000,0.0000
5992.69,-0.283570,0.478017,-0.002358,0.0000,-0.290575,0.367744,0.000000,0.0000
5998.22,-0.283963,0.476765,-0.002359,0.0000,-0.290575,0.367744,0.000000,0.0000
6003.54,-0.283963,0.476765,-0.002359,0.0000,-0.290575,0.367744,0.000000,0.0000
6008.88,-0.284408,0.475497,-0.002334,0.0000,-0.290575,0.367744,0.000000,0.0000
6014.36,-0.284648,0.474297,-0.002342,0.0000,-0.290575,0.367744,0.000000,0.0000
6019.71,-0.284648,0.474297,-0.002342,0.0000,-0.290575,0.367744,0.000000,0.0000
6025.06,-0.284993,0.472943,-0.002316,0.0000,-0.290575,0.367744,0.000000,0.0000
6030.45,-0.285261,0.471741,-0.002268,0.0000,-0.290575,0.367744,0.000000,0.0000
6035.96,-0.285261,0.471741,-0.002268,0.0000,-0.290575,0.367744,0.000000,0.0000
6042.01,-0.285574,0.470383,-0.002208,0.0000,-0.285317,0.352671,0.000000,0.0000
6047.41,-0.285864,0.469069,-0.002199,0.0000,-0.285317,0.352671,0.000000,0.0000
6052.78,-0.285864,0.469069,-0.002199,0.0000,-0.285317,0.352671,0.000000,0.0000
6058.08,-0.286080,0.467822,-0.002160,0.0000,-0.285317,0.352671,0.000000,0.0000
6063.67,-0.286411,0.466515,-0.002099,0.0000,-0.285317,0.352671,0.000000,0.0000
6069.07,-0.286411,0.466515,-0.002099,0.0000,-0.285317,0.352671,0.000000,0.0000
6074.46,-0.286598,0.465168,-0.002067,0.0000,-0.285317,0.352671,0.000000,0.0000
6079.81,-0.286598,0.465168,-0.002067,0.0000,-0.285317,0.352671,0.000000,0.0000
6085.16,-0.286827,0.463865,-0.002063,0.0000,-0.285317,0.352671,0.000000,0.0000
6090.87,-0.287051,0.462472,-0.002003,0.0000,-0.285317,0.352671,0.000000,0.0000
6096.22,-0.287051,0.462472,-0.002003,0.0000,-0.285317,0.352671,0.000000,0.0000
6101.59,-0.287158,0.461141,-0.001910,0.0000,-0.285317,0.352671,0.000000,0.0000
6106.93,-0.287438,0.459804,-0.001837,0.0000,-0.285317,0.352671,0.000000,0.0000
6112.36,-0.287438,0.459804,-0.001837,0.0000,-0.285317,0.352671,0.000000,0.0000
6117.75,-0.287530,0.458415,-0.001766,0.0000,-0.285317,0.352671,0.000000,0.0000
6123.44,-0.287669,0.457055,-0.001658,0.0000,-0.278933,0.337250,0.000000,0.0000
6128.84,-0.287669,0.457055,-0.001658,0.0000,-0.278933,0.337250,0.000000,0.0000
6134.21,-0.287823,0.455638,-0.001684,0.0000,-0.278933,0.337250,0.000000,0.0000
6139.57,-0.287886,0.454218,-0.001655,0.0000,-0.278933,0.337250,0.000000,0.0000
6144.89,-0.287886,0.454218,-0.001655,0.0000,-0.278933,0.337250,0.000000,0.0000
6150.30,-0.288107,0.452848,-0.001582,0.0000,-0.278933,0.337250,0.000000,0.0000
6155.63,-0.288147,0.451393,-0.001436,0.0000,-0.278933,0.337250,0.000000,0.0000
6160.98,-0.288147,0.451393,-0.001436,0.0000,-0.278933,0.337250,0.000000,0.0000
6166.30,-0.288159,0.450028,-0.001350,0.0000,-0.278933,0.337250,0.000000,0.0000
6171.64,-0.288159,0.450028,-0.001350,0.0000,-0.278933,0.337250,0.000000,0.0000
6176.98,-0.288250,0.448525,-0.001288,0.0000,-0.278933,0.337250,0.000000,0.0000
6182.55,-0.288302,0.447089,-0.001292,0.0000,-0.278933,0.337250,0.000000,0.0000
6187.87,-0.288302,0.447089,-0.001292,0.0000,-0.278933,0.337250,0.000000,0.0000
6193.20,-0.288363,0.445678,-0.001196,0.0000,-0.278933,0.337250,0.000000,0.0000
6198.56,-0.288383,0.444252,-0.001057,0.0000,-0.278933,0.337250,0.000000,0.0000
6203.97,-0.288383,0.444252,-0.001057,0.0000,-0.271448,0.321496,0.000000,0.0000
6209.39,-0.288318,0.442826,-0.001018,0.0000,-0.271448,0.321496,0.000000,0.0000
6214.89,-0.288314,0.441352,-0.000942,0.0000,-0.271448,0.321496,0.000000,0.0000
6220.19,-0.288314,0.441352,-0.000942,0.0000,-0.271448,0.321496,0.000000,0.0000
6225.80,-0.288380,0.439915,-0.000883,0.0000,-0.271448,0.321496,0.000000,0.0000
6231.53,-0.288184,0.438436,-0.000736,0.0000,-0.271448,0.321496,0.000000,0.0000
6236.87,-0.288184,0.438436,-0.000736,0.0000,-0.271448,0.321496,0.000000,0.0000
6242.29,-0.288327,0.437046,-0.000657,0.0000,-0.271448,0.321496,0.000000,0.0000
6247.60,-0.288206,0.435545,-0.000599,0.0000,-0.271448,0.321496,0.000000,0.0000
6252.92,-0.288206,0.435545,-0.000599,0.0000,-0.271448,0.321496,0.000000,0.0000
6258.24,-0.288091,0.434054,-0.000559,0.0000,-0.271448,0.321496,0.000000,0.0000
6263.68,-0.288081,0.432515,-0.000457,0.0000,-0.262892,0.305425,0.000000,0.0000
6269.03,-0.288081,0.432515,-0.000457,0.0000,-0.262892,0.305425,0.000000,0.0000
6274.37,-0.287948,0.431066,-0.000349,0.0000,-0.262892,0.305425,0.000000,0.0000
6279.72,-0.287948,0.431066,-0.000349,0.0000,-0.262892,0.305425,0.000000,0.0000
6285.06,-0.287846,0.429548,-0.000284,0.0000,-0.262892,0.305425,0.000000,0.0000
6290.44,-0.287765,0.428048,-0.000218,0.0000,-0.262892,0.305425,0.000000,0.0000
6295.79,-0.287765,0.428048,-0.000218,0.0000,-0.262892,0.305425,0.000000,0.0000
6301.07,-0.287700,0.426542,-0.000210,0.0000,-0.262892,0.305425,0.000000,0.0000
6308.33,-0.287658,0.425024,-0.000083,0.0000,-0.262892,0.305425,0.000000,0.0000
6344.85,-0.287239,0.419005,0.000110,0.0000,-0.262892,0.305425,0.000000,0.0000
6350.52,-0.287162,0.417538,0.000131,0.0000,-0.253298,0.289052,0.000000,0.0000
6355.84,-0.287000,0.415981,0.000218,0.0000,-0.253298,0.289052,0.000000,0.0000
6361.13,-0.287000,0.415981,0.000218,0.0000,-0.253298,0.289052,0.000000,0.0000
6366.52,-0.286848,0.414533,0.000301,0.0000,-0.253298,0.289052,0.000000,0.0000
6371.91,-0.286770,0.413044,0.000368,0.0000,-0.253298,0.289052,0.000000,0.0000
6377.33,-0.286770,0.413044,0.000368,0.0000,-0.253298,0.289052,0.000000,0.0000
6382.65,-0.286612,0.411499,0.000360,0.0000,-0.253298,0.289052,0.000000,0.0000
6388.03,-0.286612,0.411499,0.000360,0.0000,-0.253298,0.289052,0.000000,0.0000
6393.60,-0.286500,0.410007,0.000338,0.0000,-0.253298,0.289052,0.000000,0.0000
6399.21,-0.286320,0.408555,0.000389,0.0000,-0.253298,0.289052,0.000000,0.0000
6405.10,-0.286320,0.408555,0.000389,0.0000,-0.253298,0.289052,0.000000,0.0000
6410.55,-0.286178,0.406954,0.000425,0.0000,-0.253298,0.289052,0.000000,0.0000
6415.97,-0.285951,0.405536,0.000486,0.0000,-0.253298,0.289052,0.000000,0.0000
6421.36,-0.285951,0.405536,0.000486,0.0000,-0.253298,0.289052,0.000000,0.0000
6426.95,-0.285813,0.403957,0.000491,0.0000,-0.253298,0.289052,0.000000,0.0000
6433.02,-0.285646,0.402426,0.000464,0.0000,-0.242705,0.272394,0.000000,0.0000
6438.46,-0.285646,0.402426,0.000464,0.0000,-0.242705,0.272394,0.000000,0.0000
6444.04,-0.285391,0.400949,0.000423,0.0000,-0.242705,0.272394,0.000000,0.0000
6449.49,-0.285210,0.399388,0.000483,0.0000,-0.242705,0.272394,0.000000,0.0000
6454.89,-0.285210,0.399388,0.000483,0.0000,-0.242705,0.272394,0.000000,0.0000
6460.29,-0.285000,0.397820,0.000499,0.0000,-0.242705,0.272394,0.000000,0.0000
6465.96,-0.284769,0.396331,0.000508,0.0000,-0.242705,0.272394,0.000000,0.0000
6471.35,-0.284769,0.396331,0.000508,0.0000,-0.242705,0.272394,0.000000,0.0000
6476.74,-0.284528,0.394767,0.000524,0.0000,-0.242705,0.272394,0.000000,0.0000
6482.16,-0.284305,0.393230,0.000525,0.0000,-0.242705,0.272394,0.000000,0.0000
6487.54,-0.284305,0.393230,0.000525,0.0000,-0.242705,0.272394,0.000000,0.0000
6493.13,-0.284093,0.391727,0.000461,0.0000,-0.231154,0.255468,0.000000,0.0000
6498.46,-0.284093,0.391727,0.000461,0.0000,-0.231154,0.255468,0.000000,0.0000
6503.78,-0.283881,0.390122,0.000463,0.0000,-0.231154,0.255468,0.000000,0.0000
6509.07,-0.283641,0.388555,0.000475,0.0000,-0.231154,0.255468,0.000000,0.0000
6514.75,-0.283641,0.388555,0.000475,0.0000,-0.231154,0.255468,0.000000,0.0000
6520.07,-0.283330,0.387064,0.000449,0.0000,-0.231154,0.255468,0.000000,0.0000
6525.46,-0.283116,0.385548,0.000478,0.0000,-0.231154,0.255468,0.000000,0.0000
6530.79,-0.282872,0.383948,0.000440,0.0000,-0.231154,0.255468,0.000000,0.0000
6536.07,-0.282872,0.383948,0.000440,0.0000,-0.231154,0.255468,0.000000,0.0000
6541.43,-0.282588,0.382408,0.000330,0.0000,-0.231154,0.255468,0.000000,0.0000
6546.77,-0.282588,0.382408,0.000330,0.0000,-0.231154,0.255468,0.000000,0.0000
6552.13,-0.282378,0.380854,0.000324,0.0000,-0.231154,0.255468,0.000000,0.0000
6557.46,-0.282146,0.379337,0.000336,0.0000,-0.231154,0.255468,0.000000,0.0000
6562.78,-0.282146,0.379337,0.000336,0.0000,-0.231154,0.255468,0.000000,0.0000
6568.21,-0.281783,0.377823,0.000275,0.0000,-0.231154,0.255468,0.000000,0.0000
6573.55,-0.281584,0.376267,0.000219,0.0000,-0.218691,0.238289,0.000000,0.0000
6578.86,-0.281584,0.376267,0.000219,0.0000,-0.218691,0.238289,0.000000,0.0000
6584.19,-0.281256,0.374719,0.000217,0.0000,-0.218691,0.238289,0.000000,0.0000
6589.54,-0.280996,0.373207,0.000150,0.0000,-0.218691,0.238289,0.000000,0.0000
6594.96,-0.280996,0.373207,0.000150,0.0000,-0.218691,0.238289,0.000000,0.0000
6600.46,-0.280758,0.371733,0.000120,0.0000,-0.218691,0.238289,0.000000,0.0000
6605.78,-0.280439,0.370133,0.000043,0.0000,-0.218691,0.238289,0.000000,0.0000
6611.15,-0.280439,0.370133,0.000043,0.0000,-0.218691,0.238289,0.000000,0.0000
6616.39,-0.280084,0.368594,-0.000024,0.0000,-0.218691,0.238289,0.000000,0.0000
6621.75,-0.280084,0.368594,-0.000024,0.0000,-0.218691,0.238289,0.000000,0.0000
6627.07,-0.279717,0.367096,-0.000027,0.0000,-0.218691,0.238289,0.000000,0.0000
6632.56,-0.279448,0.365518,-0.000058,0.0000,-0.218691,0.238289,0.000000,0.0000
6637.90,-0.279448,0.365518,-0.000058,0.0000,-0.218691,0.238289,0.000000,0.0000
6643.30,-0.279091,0.363931,-0.000119,0.0000,-0.218691,0.238289,0.000000,0.0000
6648.66,-0.278703,0.362406,-0.000207,0.0000,-0.218691,0.238289,0.000000,0.0000
6654.05,-0.278703,0.362406,-0.000207,0.0000,-0.205364,0.220875,0.000000,0.0000
6659.41,-0.278440,0.360855,-0.000287,0.0000,-0.205364,0.220875,0.000000,0.0000
6664.82,-0.277984,0.359264,-0.000239,0.0000,-0.205364,0.220875,0.000000,0.0000
6670.13,-0.277984,0.359264,-0.000239,0.0000,-0.205364,0.220875,0.000000,0.0000
6675.49,-0.277541,0.357782,-0.000299,0.0000,-0.205364,0.220875,0.000000,0.0000
6680.81,-0.277200,0.356159,-0.000343,0.0000,-0.205364,0.220875,0.000000,0.0000
6686.13,-0.277200,0.356159,-0.000343,0.0000,-0.205364,0.220875,0.000000,0.0000
6691.45,-0.276775,0.354644,-0.000346,0.0000,-0.205364,0.220875,0.000000,0.0000
6696.81,-0.276775,0.354644,-0.000346,0.0000,-0.205364,0.220875,0.000000,0.0000
6702.32,-0.276361,0.353100,-0.000423,0.0000,-0.205364,0.220875,0.000000,0.0000
6707.71,-0.275920,0.351543,-0.000452,0.0000,-0.205364,0.220875,0.000000,0.0000
6713.07,-0.275920,0.351543,-0.000452,0.0000,-0.205364,0.220875,0.000000,0.0000
6718.81,-0.275495,0.349912,-0.000483,0.0000,-0.191227,0.203243,0.000000,0.0000
6724.22,-0.275045,0.348377,-0.000520,0.0000,-0.191227,0.203243,0.000000,0.0000
6729.54,-0.275045,0.348377,-0.000520,0.0000,-0.191227,0.203243,0.000000,0.0000
6734.89,-0.274536,0.346772,-0.000530,0.0000,-0.191227,0.203243,0.000000,0.0000
6740.25,-0.274102,0.345272,-0.000498,0.0000,-0.191227,0.203243,0.000000,0.0000
6745.61,-0.274102,0.345272,-0.000498,0.0000,-0.191227,0.203243,0.000000,0.0000
6750.93,-0.273639,0.343669,-0.000509,0.0000,-0.191227,0.203243,0.000000,0.0000
6756.25,-0.273041,0.342092,-0.000522,0.0000,-0.191227,0.203243,0.000000,0.0000
6761.63,-0.273041,0.342092,-0.000522,0.0000,-0.191227,0.203243,0.000000,0.0000
6767.07,-0.272608,0.340510,-0.000522,0.0000,-0.191227,0.203243,0.000000,0.0000
6772.46,-0.271976,0.338942,-0.000499,0.0000,-0.191227,0.203243,0.000000,0.0000
6777.82,-0.271976,0.338942,-0.000499,0.0000,-0.191227,0.203243,0.000000,0.0000
6783.13,-0.271412,0.337350,-0.000495,0.0000,-0.191227,0.203243,0.000000,0.0000
6788.64,-0.270872,0.335755,-0.000490,0.0000,-0.191227,0.203243,0.000000,0.0000
6794.25,-0.270872,0.335755,-0.000490,0.0000,-0.191227,0.203243,0.000000,0.0000
6799.63,-0.270267,0.334202,-0.000476,0.0000,-0.176336,0.185410,0.000000,0.0000
6805.07,-0.270267,0.334202,-0.000476,0.0000,-0.176336,0.185410,0.000000,0.0000
6810.55,-0.269637,0.332598,-0.000468,0.0000,-0.176336,0.185410,0.000000,0.0000
6816.05,-0.269062,0.330974,-0.000478,0.0000,-0.176336,0.185410,0.000000,0.0000
6821.07,-0.269062,0.330974,-0.000478,0.0000,-0.176336,0.185410,0.000000,0.0000
6826.41,-0.268371,0.329413,-0.000422,0.0000,-0.176336,0.185410,0.000000,0.0000
6831.76,-0.267699,0.327804,-0.000410,0.0000,-0.176336,0.185410,0.000000,0.0000
6837.07,-0.267699,0.327804,-0.000410,0.0000,-0.176336,0.185410,0.000000,0.0000
6842.62,-0.266972,0.326219,-0.000343,0.0000,-0.176336,0.185410,0.000000,0.0000
6848.07,-0.266351,0.324581,-0.000344,0.0000,-0.176336,0.185410,0.000000,0.0000
6853.42,-0.266351,0.324581,-0.000344,0.0000,-0.176336,0.185410,0.000000,0.0000
6858.87,-0.265601,0.322980,-0.000278,0.0000,-0.176336,0.185410,0.000000,0.0000
6864.19,-0.264896,0.321379,-0.000301,0.0000,-0.176336,0.185410,0.000000,0.0000
6869.53,-0.264896,0.321379,-0.000301,0.0000,-0.176336,0.185410,0.000000,0.0000
6874.86,-0.264126,0.319735,-0.000215,0.0000,-0.176336,0.185410,0.000000,0.0000
6880.46,-0.263344,0.318098,-0.000184,0.0000,-0.160748,0.167395,0.000000,0.0000
6885.82,-0.263344,0.318098,-0.000184,0.0000,-0.160748,0.167395,0.000000,0.0000
6891.17,-0.262587,0.316464,-0.000175,0.0000,-0.160748,0.167395,0.000000,0.0000
6896.52,-0.262587,0.316464,-0.000175,0.0000,-0.160748,0.167395,0.000000,0.0000
6901.91,-0.261721,0.314803,-0.000156,0.0000,-0.160748,0.167395,0.000000,0.0000
6907.25,-0.260944,0.313192,-0.000067,0.0000,-0.160748,0.167395,0.000000,0.0000
6912.58,-0.260944,0.313192,-0.000067,0.0000,-0.160748,0.167395,0.000000,0.0000
6917.98,-0.260037,0.311580,-0.000052,0.0000,-0.160748,0.167395,0.000000,0.0000
6923.34,-0.259220,0.309885,-0.000003,0.0000,-0.160748,0.167395,0.000000,0.0000
6928.67,-0.259220,0.309885,-0.000003,0.0000,-0.160748,0.167395,0.000000,0.0000
6934.05,-0.258358,0.308264,0.000024,0.0000,-0.160748,0.167395,0.000000,0.0000
6939.39,-0.257470,0.306617,0.000038,0.0000,-0.160748,0.167395,0.000000,0.0000
6944.92,-0.257470,0.306617,0.000038,0.0000,-0.144526,0.149214,0.000000,0.0000
6950.30,-0.256501,0.304914,0.000073,0.0000,-0.144526,0.149214,0.000000,0.0000
6955.70,-0.255594,0.303245,0.000154,0.0000,-0.144526,0.149214,0.000000,0.0000
6961.05,-0.255594,0.303245,0.000154,0.0000,-0.144526,0.149214,0.000000,0.0000
6966.38,-0.254608,0.301616,0.000197,0.0000,-0.144526,0.149214,0.000000,0.0000
6971.72,-0.254608,0.301616,0.000197,0.0000,-0.144526,0.149214,0.000000,0.0000
6977.04,-0.253651,0.299868,0.000233,0.0000,-0.144526,0.149214,0.000000,0.0000
6982.90,-0.252660,0.298194,0.000284,0.0000,-0.144526,0.149214,0.000000,0.0000
6988.32,-0.252660,0.298194,0.000284,0.0000,-0.144526,0.149214,0.000000,0.0000
6993.68,-0.251653,0.296443,0.000340,0.0000,-0.144526,0.149214,0.000000,0.0000
6999.05,-0.250503,0.294748,0.000385,0.0000,-0.144526,0.149214,0.000000,0.0000
7004.39,-0.250503,0.294748,0.000385,0.0000,-0.144526,0.149214,0.000000,0.0000
7009.75,-0.249506,0.293013,0.000456,0.0000,-0.144526,0.149214,0.000000,0.0000
7015.07,-0.248456,0.291288,0.000517,0.0000,-0.144526,0.149214,0.000000,0.0000
7020.40,-0.248456,0.291288,0.000517,0.0000,-0.144526,0.149214,0.000000,0.0000
7026.13,-0.247279,0.289607,0.000621,0.0000,-0.127734,0.130886,0.000000,0.0000
7031.62,-0.246219,0.287868,0.000720,0.0000,-0.127734,0.130886,0.000000,0.0000
7037.01,-0.246219,0.287868,0.000720,0.0000,-0.127734,0.130886,0.000000,0.0000
7042.38,-0.245101,0.286107,0.000744,0.0000,-0.127734,0.130886,0.000000,0.0000
7048.14,-0.243967,0.284374,0.000789,0.0000,-0.127734,0.130886,0.000000,0.0000
7053.57,-0.243967,0.284374,0.000789,0.0000,-0.127734,0.130886,0.000000,0.0000
7058.91,-0.242802,0.282642,0.000856,0.0000,-0.127734,0.130886,0.000000,0.0000
7064.26,-0.241569,0.280828,0.000964,0.0000,-0.127734,0.130886,0.000000,0.0000
7069.68,-0.241569,0.280828,0.000964,0.0000,-0.127734,0.130886,0.000000,0.0000
7074.99,-0.240324,0.279068,0.001021,0.0000,-0.127734,0.130886,0.000000,0.0000
7080.33,-0.239165,0.277336,0.001094,0.0000,-0.127734,0.130886,0.000000,0.0000
7085.92,-0.239165,0.277336,0.001094,0.0000,-0.127734,0.130886,0.000000,0.0000
7091.24,-0.237898,0.275464,0.001153,0.0000,-0.127734,0.130886,0.000000,0.0000
7096.59,-0.237898,0.275464,0.001153,0.0000,-0.127734,0.130886,0.000000,0.0000
7101.91,-0.236600,0.273679,0.001211,0.0000,-0.127734,0.130886,0.000000,0.0000
7107.31,-0.235374,0.271861,0.001245,0.0000,-0.110437,0.112429,0.000000,0.0000
7112.69,-0.235374,0.271861,0.001245,0.0000,-0.110437,0.112429,0.000000,0.0000
7118.09,-0.234022,0.270065,0.001249,0.0000,-0.110437,0.112429,0.000000,0.0000
7123.81,-0.232731,0.268248,0.001413,0.0000,-0.110437,0.112429,0.000000,0.0000
7129.31,-0.232731,0.268248,0.001413,0.0000,-0.110437,0.112429,0.000000,0.0000
7134.70,-0.231357,0.266424,0.001505,0.0000,-0.110437,0.112429,0.000000,0.0000
7140.07,-0.230051,0.264557,0.001589,0.0000,-0.110437,0.112429,0.000000,0.0000
7145.46,-0.230051,0.264557,0.001589,0.0000,-0.110437,0.112429,0.000000,0.0000
7150.54,-0.228732,0.262696,0.001658,0.0000,-0.110437,0.112429,0.000000,0.0000
7155.96,-0.227356,0.260809,0.001739,0.0000,-0.110437,0.112429,0.000000,0.0000
7161.34,-0.227356,0.260809,0.001739,0.0000,-0.110437,0.112429,0.000000,0.0000
7166.77,-0.225986,0.258890,0.001806,0.0000,-0.092705,0.093861,0.000000,0.0000
7172.18,-0.224561,0.256992,0.001843,0.0000,-0.092705,0.093861,0.000000,0.0000
7177.69,-0.224561,0.256992,0.001843,0.0000,-0.092705,0.093861,0.000000,0.0000
7183.07,-0.223143,0.255135,0.002006,0.0000,-0.092705,0.093861,0.000000,0.0000
7188.57,-0.223143,0.255135,0.002006,0.0000,-0.092705,0.093861,0.000000,0.0000
7194.52,-0.221706,0.253267,0.002031,0.0000,-0.092705,0.093861,0.000000,0.0000
7200.00,-0.220282,0.251322,0.002106,0.0000,-0.092705,0.093861,0.000000,0.0000
7205.61,-0.218791,0.249335,0.002163,0.0000,-0.092705,0.093861,0.000000,0.0000
7211.14,-0.218791,0.249335,0.002163,0.0000,-0.092705,0.093861,0.000000,0.0000
7216.54,-0.217325,0.247409,0.002251,0.0000,-0.092705,0.093861,0.000000,0.0000
7221.93,-0.217325,0.247409,0.002251,0.0000,-0.092705,0.093861,0.000000,0.0000
7227.26,-0.215851,0.245409,0.002304,0.0000,-0.092705,0.093861,0.000000,0.0000
7232.95,-0.214315,0.243431,0.002322,0.0000,-0.092705,0.093861,0.000000,0.0000
7238.34,-0.214315,0.243431,0.002322,0.0000,-0.092705,0.093861,0.000000,0.0000
7243.75,-0.212754,0.241431,0.002419,0.0000,-0.092705,0.093861,0.000000,0.0000
7249.48,-0.211190,0.239445,0.002475,0.0000,-0.074607,0.075200,0.000000,0.0000
7254.87,-0.211190,0.239445,0.002475,0.0000,-0.074607,0.075200,0.000000,0.0000
7260.37,-0.209671,0.237468,0.002507,0.0000,-0.074607,0.075200,0.000000,0.0000
7266.07,-0.208065,0.235474,0.002563,0.0000,-0.074607,0.075200,0.000000,0.0000
7271.46,-0.208065,0.235474,0.002563,0.0000,-0.074607,0.075200,0.000000,0.0000
7276.84,-0.206519,0.233501,0.002621,0.0000,-0.074607,0.075200,0.000000,0.0000
7282.83,-0.204912,0.231365,0.002626,0.0000,-0.074607,0.075200,0.000000,0.0000
7288.20,-0.204912,0.231365,0.002626,0.0000,-0.074607,0.075200,0.000000,0.0000
7293.58,-0.203374,0.229337,0.002714,0.0000,-0.074607,0.075200,0.000000,0.0000
7298.99,-0.201786,0.227303,0.002761,0.0000,-0.074607,0.075200,0.000000,0.0000
7304.34,-0.201786,0.227303,0.002761,0.0000,-0.074607,0.075200,0.000000,0.0000
7309.72,-0.200215,0.225289,0.002786,0.0000,-0.074607,0.075200,0.000000,0.0000
7314.75,-0.200215,0.225289,0.002786,0.0000,-0.074607,0.075200,0.000000,0.0000
7320.14,-0.198569,0.223174,0.002849,0.0000,-0.074607,0.075200,0.000000,0.0000
7325.58,-0.196926,0.221117,0.002825,0.0000,-0.074607,0.075200,0.000000,0.0000
7330.97,-0.196926,0.221117,0.002825,0.0000,-0.056214,0.056465,0.000000,0.0000
7336.35,-0.195343,0.218979,0.002812,0.0000,-0.056214,0.056465,0.000000,0.0000
7341.80,-0.193758,0.216848,0.002826,0.0000,-0.056214,0.056465,0.000000,0.0000
7347.27,-0.192125,0.214738,0.002898,0.0000,-0.056214,0.056465,0.000000,0.0000
7352.77,-0.192125,0.214738,0.002898,0.0000,-0.056214,0.056465,0.000000,0.0000
7358.29,-0.190468,0.212569,0.002878,0.0000,-0.056214,0.056465,0.000000,0.0000
7363.70,-0.190468,0.212569,0.002878,0.0000,-0.056214,0.056465,0.000000,0.0000
7369.40,-0.188942,0.210400,0.002915,0.0000,-0.056214,0.056465,0.000000,0.0000
7374.82,-0.187241,0.208221,0.002973,0.0000,-0.056214,0.056465,0.000000,0.0000
7383.95,-0.185573,0.206093,0.002920,0.0000,-0.056214,0.056465,0.000000,0.0000
7389.93,-0.183870,0.203872,0.003002,0.0000,-0.056214,0.056465,0.000000,0.0000
7395.35,-0.183870,0.203872,0.003002,0.0000,-0.037600,0.037674,0.000000,0.0000
7400.87,-0.182127,0.201649,0.002979,0.0000,-0.037600,0.037674,0.000000,0.0000
7406.26,-0.180396,0.199443,0.002994,0.0000,-0.037600,0.037674,0.000000,0.0000
7411.62,-0.180396,0.199443,0.002994,0.0000,-0.037600,0.037674,0.000000,0.0000
7417.56,-0.178715,0.197226,0.002940,0.0000,-0.037600,0.037674,0.000000,0.0000
7423.01,-0.178715,0.197226,0.002940,0.0000,-0.037600,0.037674,0.000000,0.0000
7428.96,-0.177043,0.194987,0.002985,0.0000,-0.037600,0.037674,0.000000,0.0000
7434.34,-0.175368,0.192775,0.002924,0.0000,-0.037600,0.037674,0.000000,0.0000
7439.90,-0.173591,0.190506,0.002991,0.0000,-0.037600,0.037674,0.000000,0.0000
7445.33,-0.173591,0.190506,0.002991,0.0000,-0.037600,0.037674,0.000000,0.0000
7450.69,-0.171867,0.188270,0.003026,0.0000,-0.037600,0.037674,0.000000,0.0000
7456.19,-0.170123,0.186048,0.003021,0.0000,-0.037600,0.037674,0.000000,0.0000
7461.54,-0.170123,0.186048,0.003021,0.0000,-0.037600,0.037674,0.000000,0.0000
7467.07,-0.168453,0.183785,0.002982,0.0000,-0.037600,0.037674,0.000000,0.0000
7472.50,-0.166643,0.181494,0.003051,0.0000,-0.037600,0.037674,0.000000,0.0000
7477.93,-0.166643,0.181494,0.003051,0.0000,-0.018837,0.018846,0.000000,0.0000
7483.27,-0.164949,0.179124,0.003023,0.0000,-0.018837,0.018846,0.000000,0.0000
7488.87,-0.163134,0.176818,0.003032,0.0000,-0.018837,0.018846,0.000000,0.0000
7494.34,-0.163134,0.176818,0.003032,0.0000,-0.018837,0.018846,0.000000,0.0000
7499.74,-0.161441,0.174562,0.003088,0.0000,-0.018837,0.018846,0.000000,0.0000
7505.17,-0.161441,0.174562,0.003088,0.0000,-0.018837,0.018846,0.000000,0.0000
7510.52,-0.159683,0.172272,0.003030,0.0000,-0.018837,0.018846,0.000000,0.0000
7515.90,-0.157982,0.169983,0.003007,0.0000,-0.018837,0.018846,0.000000,0.0000
7521.40,-0.157982,0.169983,0.003007,0.0000,-0.018837,0.018846,0.000000,0.0000
7526.78,-0.156203,0.167592,0.003025,0.0000,-0.018837,0.018846,0.000000,0.0000
7532.16,-0.154417,0.165251,0.003037,0.0000,-0.018837,0.018846,0.000000,0.0000
7537.58,-0.154417,0.165251,0.003037,0.0000,-0.018837,0.018846,0.000000,0.0000
7543.07,-0.152682,0.162891,0.003014,0.0000,-0.018837,0.018846,0.000000,0.0000
7548.43,-0.150873,0.160529,0.003005,0.0000,-0.018837,0.018846,0.000000,0.0000
7553.81,-0.150873,0.160529,0.003005,0.0000,-0.018837,0.018846,0.000000,0.0000
7559.24,-0.149092,0.158161,0.002998,0.0000,0.000000,-0.000000,0.000000,0.0000
7564.59,-0.147296,0.155766,0.002986,0.0000,0.000000,-0.000000,0.000000,0.0000
7570.02,-0.147296,0.155766,0.002986,0.0000,0.000000,-0.000000,0.000000,0.0000
7575.49,-0.145473,0.153436,0.003035,0.0000,0.000000,-0.000000,0.000000,0.0000
7580.95,-0.145473,0.153436,0.003035,0.0000,0.000000,-0.000000,0.000000,0.0000
7586.39,-0.143667,0.151091,0.003020,0.0000,0.000000,-0.000000,0.000000,0.0000
7591.77,-0.141959,0.148679,0.003007,0.0000,0.000000,-0.000000,0.000000,0.0000
7597.31,-0.140136,0.146267,0.003030,0.0000,0.000000,-0.000000,0.000000,0.0000
7602.85,-0.140136,0.146267,0.003030,0.0000,0.000000,-0.000000,0.000000,0.0000
7608.26,-0.138308,0.143924,0.003019,0.0000,0.000000,-0.000000,0.000000,0.0000
7613.86,-0.136540,0.141604,0.003022,0.0000,0.000000,-0.000000,0.000000,0.0000
7619.34,-0.136540,0.141604,0.003022,0.0000,0.000000,-0.000000,0.000000,0.0000
7624.70,-0.134658,0.139267,0.002983,0.0000,0.018837,-0.018846,0.000000,0.0000
7630.14,-0.134658,0.139267,0.002983,0.0000,0.018837,-0.018846,0.000000,0.0000
7635.51,-0.132859,0.136823,0.002963,0.0000,0.018837,-0.018846,0.000000,0.0000
7640.93,-0.131032,0.134468,0.002898,0.0000,0.018837,-0.018846,0.000000,0.0000
7646.36,-0.131032,0.134468,0.002898,0.0000,0.018837,-0.018846,0.000000,0.0000
7651.82,-0.129260,0.132049,0.002875,0.0000,0.018837,-0.018846,0.000000,0.0000
7657.20,-0.127435,0.129710,0.002865,0.0000,0.018837,-0.018846,0.000000,0.0000
7662.62,-0.127435,0.129710,0.002865,0.0000,0.018837,-0.018846,0.000000,0.0000
7668.31,-0.125579,0.127238,0.002774,0.0000,0.018837,-0.018846,0.000000,0.0000
7673.67,-0.123684,0.124855,0.002774,0.0000,0.018837,-0.018846,0.000000,0.0000
7679.14,-0.123684,0.124855,0.002774,0.0000,0.018837,-0.018846,0.000000,0.0000
7684.63,-0.121889,0.122445,0.002756,0.0000,0.018837,-0.018846,0.000000,0.0000
7690.00,-0.119993,0.120088,0.002732,0.0000,0.018837,-0.018846,0.000000,0.0000
7695.36,-0.119993,0.120088,0.002732,0.0000,0.018837,-0.018846,0.000000,0.0000
7700.81,-0.118226,0.117692,0.002726,0.0000,0.018837,-0.018846,0.000000,0.0000
7706.21,-0.116426,0.115315,0.002655,0.0000,0.037600,-0.037674,0.000000,0.0000
7711.59,-0.116426,0.115315,0.002655,0.0000,0.037600,-0.037674,0.000000,0.0000
7717.08,-0.114604,0.113017,0.002610,0.0000,0.037600,-0.037674,0.000000,0.0000
7722.44,-0.112760,0.110669,0.002604,0.0000,0.037600,-0.037674,0.000000,0.0000
7727.90,-0.112760,0.110669,0.002604,0.0000,0.037600,-0.037674,0.000000,0.0000
7733.29,-0.110881,0.108287,0.002528,0.0000,0.037600,-0.037674,0.000000,0.0000
7738.65,-0.110881,0.108287,0.002528,0.0000,0.037600,-0.037674,0.000000,0.0000
7744.02,-0.109077,0.105861,0.002443,0.0000,0.037600,-0.037674,0.000000,0.0000
7749.36,-0.107107,0.103546,0.002404,0.0000,0.037600,-0.037674,0.000000,0.0000
7754.76,-0.107107,0.103546,0.002404,0.0000,0.037600,-0.037674,0.000000,0.0000
7760.07,-0.105314,0.101180,0.002400,0.0000,0.037600,-0.037674,0.000000,0.0000
7765.42,-0.103401,0.098838,0.002319,0.0000,0.037600,-0.037674,0.000000,0.0000
7770.78,-0.103401,0.098838,0.002319,0.0000,0.037600,-0.037674,0.000000,0.0000
7776.12,-0.101551,0.096462,0.002233,0.0000,0.037600,-0.037674,0.000000,0.0000
7781.63,-0.099657,0.094119,0.002175,0.0000,0.037600,-0.037674,0.000000,0.0000
7787.03,-0.099657,0.094119,0.002175,0.0000,0.056214,-0.056465,0.000000,0.0000
7792.33,-0.097782,0.091860,0.002078,0.0000,0.056214,-0.056465,0.000000,0.0000
7797.73,-0.095959,0.089555,0.002094,0.0000,0.056214,-0.056465,0.000000,0.0000
7803.07,-0.095959,0.089555,0.002094,0.0000,0.056214,-0.056465,0.000000,0.0000
7808.40,-0.094058,0.087212,0.002038,0.0000,0.056214,-0.056465,0.000000,0.0000
7813.88,-0.092197,0.084889,0.001969,0.0000,0.056214,-0.056465,0.000000,0.0000
7819.30,-0.092197,0.084889,0.001969,0.0000,0.056214,-0.056465,0.000000,0.0000
7824.72,-0.090281,0.082602,0.001905,0.0000,0.056214,-0.056465,0.000000,0.0000
7829.72,-0.090281,0.082602,0.001905,0.0000,0.056214,-0.056465,0.000000,0.0000
7835.05,-0.088328,0.080298,0.001842,0.0000,0.056214,-0.056465,0.000000,0.0000
7840.08,-0.086429,0.078048,0.001852,0.0000,0.056214,-0.056465,0.000000,0.0000
7845.50,-0.086429,0.078048,0.001852,0.0000,0.056214,-0.056465,0.000000,0.0000
7851.00,-0.084494,0.075688,0.001721,0.0000,0.074607,-0.075200,0.000000,0.0000
7856.40,-0.082626,0.073408,0.001646,0.0000,0.074607,-0.075200,0.000000,0.0000
7861.76,-0.082626,0.073408,0.001646,0.0000,0.074607,-0.075200,0.000000,0.0000
7867.15,-0.080648,0.071112,0.001546,0.0000,0.074607,-0.075200,0.000000,0.0000
7872.48,-0.078738,0.068850,0.001517,0.0000,0.074607,-0.075200,0.000000,0.0000
7877.86,-0.078738,0.068850,0.001517,0.0000,0.074607,-0.075200,0.000000,0.0000
7883.13,-0.076754,0.066623,0.001437,0.0000,0.074607,-0.075200,0.000000,0.0000
7888.48,-0.076754,0.066623,0.001437,0.0000,0.074607,-0.075200,0.000000,0.0000
7893.80,-0.074908,0.064342,0.001381,0.0000,0.074607,-0.075200,0.000000,0.0000
7899.34,-0.072986,0.062111,0.001266,0.0000,0.074607,-0.075200,0.000000,0.0000
7904.72,-0.072986,0.062111,0.001266,0.0000,0.074607,-0.075200,0.000000,0.0000
7910.07,-0.071060,0.059846,0.001247,0.0000,0.074607,-0.075200,0.000000,0.0000
7915.39,-0.069062,0.057647,0.001169,0.0000,0.074607,-0.075200,0.000000,0.0000
7920.74,-0.069062,0.057647,0.001169,0.0000,0.074607,-0.075200,0.000000,0.0000
7926.07,-0.067096,0.055453,0.001118,0.0000,0.074607,-0.075200,0.000000,0.0000
7931.69,-0.065190,0.053215,0.001015,0.0000,0.092705,-0.093861,0.000000,0.0000
7937.01,-0.065190,0.053215,0.001015,0.0000,0.092705,-0.093861,0.000000,0.0000
7942.31,-0.063231,0.051015,0.000917,0.0000,0.092705,-0.093861,0.000000,0.0000
7947.62,-0.063231,0.051015,0.000917,0.0000,0.092705,-0.093861,0.000000,0.0000
7953.52,-0.061276,0.048794,0.000863,0.0000,0.092705,-0.093861,0.000000,0.0000
7958.85,-0.059251,0.046616,0.000839,0.0000,0.092705,-0.093861,0.000000,0.0000
7964.19,-0.057302,0.044450,0.000735,0.0000,0.092705,-0.093861,0.000000,0.0000
7969.53,-0.057302,0.044450,0.000735,0.0000,0.092705,-0.093861,0.000000,0.0000
7974.84,-0.055325,0.042241,0.000684,0.0000,0.092705,-0.093861,0.000000,0.0000
7980.13,-0.055325,0.042241,0.000684,0.0000,0.092705,-0.093861,0.000000,0.0000
7985.46,-0.053375,0.040122,0.000602,0.0000,0.092705,-0.093861,0.000000,0.0000
7990.86,-0.051408,0.037991,0.000615,0.0000,0.092705,-0.093861,0.000000,0.0000
7996.19,-0.051408,0.037991,0.000615,0.0000,0.092705,-0.093861,0.000000,0.0000
8001.53,-0.049426,0.035868,0.000574,0.0000,0.092705,-0.093861,0.000000,0.0000
8006.85,-0.047459,0.033684,0.000508,0.0000,0.092705,-0.093861,0.000000,0.0000
8012.19,-0.047459,0.033684,0.000508,0.0000,0.110437,-0.112429,0.000000,0.0000
8017.51,-0.045414,0.031575,0.000483,0.0000,0.110437,-0.112429,0.000000,0.0000
8022.83,-0.043409,0.029373,0.000422,0.0000,0.110437,-0.112429,0.000000,0.0000
8028.13,-0.043409,0.029373,0.000422,0.0000,0.110437,-0.112429,0.000000,0.0000
8033.47,-0.041373,0.027273,0.000395,0.0000,0.110437,-0.112429,0.000000,0.0000
8038.92,-0.039336,0.025062,0.000312,0.0000,0.110437,-0.112429,0.000000,0.0000
8044.24,-0.039336,0.025062,0.000312,0.0000,0.110437,-0.112429,0.000000,0.0000
8049.58,-0.037294,0.022961,0.000283,0.0000,0.110437,-0.112429,0.000000,0.0000
8055.53,-0.035245,0.020847,0.000263,0.0000,0.110437,-0.112429,0.000000,0.0000
8060.98,-0.035245,0.020847,0.000263,0.0000,0.110437,-0.112429,0.000000,0.0000
8066.30,-0.033248,0.018709,0.000167,0.0000,0.110437,-0.112429,0.000000,0.0000
8071.66,-0.033248,0.018709,0.000167,0.0000,0.127734,-0.130886,0.000000,0.0000
8077.00,-0.031230,0.016614,0.000151,0.0000,0.127734,-0.130886,0.000000,0.0000
8082.52,-0.029212,0.014532,0.000130,0.0000,0.127734,-0.130886,0.000000,0.0000
8087.86,-0.029212,0.014532,0.000130,0.0000,0.127734,-0.130886,0.000000,0.0000
8093.30,-0.027205,0.012445,0.000032,0.0000,0.127734,-0.130886,0.000000,0.0000
8098.71,-0.025196,0.010355,0.000016,0.0000,0.127734,-0.130886,0.000000,0.0000
8104.04,-0.025196,0.010355,0.000016,0.0000,0.127734,-0.130886,0.000000,0.0000
8109.36,-0.023136,0.008292,-0.000011,0.0000,0.127734,-0.130886,0.000000,0.0000
8114.96,-0.021118,0.006175,-0.000065,0.0000,0.127734,-0.130886,0.000000,0.0000
8120.28,-0.021118,0.006175,-0.000065,0.0000,0.127734,-0.130886,0.000000,0.0000
8125.64,-0.018984,0.004089,-0.000127,0.0000,0.127734,-0.130886,0.000000,0.0000
8130.98,-0.016996,0.002005,-0.000161,0.0000,0.127734,-0.130886,0.000000,0.0000
8136.35,-0.016996,0.002005,-0.000161,0.0000,0.127734,-0.130886,0.000000,0.0000
8141.71,-0.014873,-0.000051,-0.000182,0.0000,0.127734,-0.130886,0.000000,0.0000
8147.17,-0.012793,-0.002186,-0.000237,0.0000,0.127734,-0.130886,0.000000,0.0000
8152.58,-0.012793,-0.002186,-0.000237,0.0000,0.127734,-0.130886,0.000000,0.0000
8158.15,-0.010745,-0.004260,-0.000263,0.0000,0.144526,-0.149214,0.000000,0.0000
8163.70,-0.010745,-0.004260,-0.000263,0.0000,0.144526,-0.149214,0.000000,0.0000
8169.08,-0.008708,-0.006306,-0.000270,0.0000,0.144526,-0.149214,0.000000,0.0000
8174.41,-0.006612,-0.008309,-0.000268,0.0000,0.144526,-0.149214,0.000000,0.0000
8179.77,-0.006612,-0.008309,-0.000268,0.0000,0.144526,-0.149214,0.000000,0.0000
8185.13,-0.004572,-0.010389,-0.000355,0.0000,0.144526,-0.149214,0.000000,0.0000
8190.46,-0.002485,-0.012417,-0.000386,0.0000,0.144526,-0.149214,0.000000,0.0000
8195.89,-0.002485,-0.012417,-0.000386,0.0000,0.144526,-0.149214,0.000000,0.0000
8201.57,-0.000381,-0.014490,-0.000342,0.0000,0.144526,-0.149214,0.000000,0.0000
8206.93,0.001677,-0.016574,-0.000441,0.0000,0.144526,-0.149214,0.000000,0.0000
8212.25,0.001677,-0.016574,-0.000441,0.0000,0.144526,-0.149214,0.000000,0.0000
8217.58,0.003792,-0.018622,-0.000508,0.0000,0.144526,-0.149214,0.000000,0.0000
8223.17,0.005878,-0.020648,-0.000489,0.0000,0.144526,-0.149214,0.000000,0.0000
8228.53,0.005878,-0.020648,-0.000489,0.0000,0.144526,-0.149214,0.000000,0.0000
8233.93,0.007944,-0.022698,-0.000509,0.0000,0.144526,-0.149214,0.000000,0.0000
8239.27,0.010007,-0.024783,-0.000574,0.0000,0.160748,-0.167395,0.000000,0.0000
8244.58,0.010007,-0.024783,-0.000574,0.0000,0.160748,-0.167395,0.000000,0.0000
8249.96,0.012121,-0.026785,-0.000576,0.0000,0.160748,-0.167395,0.000000,0.0000
8255.26,0.012121,-0.026785,-0.000576,0.0000,0.160748,-0.167395,0.000000,0.0000
8260.86,0.014185,-0.028837,-0.000525,0.0000,0.160748,-0.167395,0.000000,0.0000
8266.21,0.016229,-0.030896,-0.000576,0.0000,0.160748,-0.167395,0.000000,0.0000
8271.53,0.016229,-0.030896,-0.000576,0.0000,0.160748,-0.167395,0.000000,0.0000
8276.86,0.018310,-0.032915,-0.000640,0.0000,0.160748,-0.167395,0.000000,0.0000
8282.13,0.020453,-0.034971,-0.000629,0.0000,0.160748,-0.167395,0.000000,0.0000
8287.44,0.020453,-0.034971,-0.000629,0.0000,0.160748,-0.167395,0.000000,0.0000
8292.83,0.022498,-0.037083,-0.000656,0.0000,0.160748,-0.167395,0.000000,0.0000
8298.21,0.024628,-0.039082,-0.000716,0.0000,0.176336,-0.185410,0.000000,0.0000
8303.56,0.024628,-0.039082,-0.000716,0.0000,0.176336,-0.185410,0.000000,0.0000
8308.88,0.026683,-0.041156,-0.000746,0.0000,0.176336,-0.185410,0.000000,0.0000
8314.21,0.028775,-0.043213,-0.000760,0.0000,0.176336,-0.185410,0.000000,0.0000
8319.54,0.028775,-0.043213,-0.000760,0.0000,0.176336,-0.185410,0.000000,0.0000
8324.88,0.030865,-0.045269,-0.000815,0.0000,0.176336,-0.185410,0.000000,0.0000
8330.39,0.032902,-0.047345,-0.000919,0.0000,0.176336,-0.185410,0.000000,0.0000
8335.88,0.032902,-0.047345,-0.000919,0.0000,0.176336,-0.185410,0.000000,0.0000
8341.22,0.035016,-0.049433,-0.000885,0.0000,0.176336,-0.185410,0.000000,0.0000
8346.53,0.035016,-0.049433,-0.000885,0.0000,0.176336,-0.185410,0.000000,0.0000
8351.84,0.037100,-0.051507,-0.000880,0.0000,0.176336,-0.185410,0.000000,0.0000
8357.25,0.039095,-0.053559,-0.000988,0.0000,0.176336,-0.185410,0.000000,0.0000
8363.21,0.039095,-0.053559,-0.000988,0.0000,0.176336,-0.185410,0.000000,0.0000
8368.68,0.041202,-0.055593,-0.001047,0.0000,0.176336,-0.185410,0.000000,0.0000
8374.02,0.043244,-0.057674,-0.000994,0.0000,0.176336,-0.185410,0.000000,0.0000
8379.32,0.043244,-0.057674,-0.000994,0.0000,0.191227,-0.203243,0.000000,0.0000
8384.66,0.045302,-0.059750,-0.001084,0.0000,0.191227,-0.203243,0.000000,0.0000
8389.98,0.047337,-0.061868,-0.001137,0.0000,0.191227,-0.203243,0.000000,0.0000
8395.29,0.047337,-0.061868,-0.001137,0.0000,0.191227,-0.203243,0.000000,0.0000
8400.63,0.049553,-0.063960,-0.001140,0.0000,0.191227,-0.203243,0.000000,0.0000
8405.95,0.051588,-0.066001,-0.001146,0.0000,0.191227,-0.203243,0.000000,0.0000
8411.24,0.051588,-0.066001,-0.001146,0.0000,0.191227,-0.203243,0.000000,0.0000
8416.56,0.053676,-0.068098,-0.001149,0.0000,0.191227,-0.203243,0.000000,0.0000
8421.92,0.053676,-0.068098,-0.001149,0.0000,0.191227,-0.203243,0.000000,0.0000
8427.25,0.055832,-0.070173,-0.001185,0.0000,0.191227,-0.203243,0.000000,0.0000
8432.56,0.057820,-0.072293,-0.001136,0.0000,0.191227,-0.203243,0.000000,0.0000
8437.88,0.057820,-0.072293,-0.001136,0.0000,0.191227,-0.203243,0.000000,0.0000
8443.25,0.059890,-0.074390,-0.001138,0.0000,0.191227,-0.203243,0.000000,0.0000
8448.59,0.061854,-0.076410,-0.001196,0.0000,0.191227,-0.203243,0.000000,0.0000
8453.97,0.061854,-0.076410,-0.001196,0.0000,0.191227,-0.203243,0.000000,0.0000
8459.44,0.063880,-0.078455,-0.001123,0.0000,0.191227,-0.203243,0.000000,0.0000
8465.31,0.065936,-0.080570,-0.001044,0.0000,0.205364,-0.220875,0.000000,0.0000
8470.62,0.065936,-0.080570,-0.001044,0.0000,0.205364,-0.220875,0.000000,0.0000
8475.94,0.067938,-0.082602,-0.001110,0.0000,0.205364,-0.220875,0.000000,0.0000
8481.29,0.069981,-0.084714,-0.001078,0.0000,0.205364,-0.220875,0.000000,0.0000
8486.65,0.069981,-0.084714,-0.001078,0.0000,0.205364,-0.220875,0.000000,0.0000
8492.62,0.071990,-0.086757,-0.001044,0.0000,0.205364,-0.220875,0.000000,0.0000
8497.97,0.074074,-0.088888,-0.001067,0.0000,0.205364,-0.220875,0.000000,0.0000
8503.30,0.074074,-0.088888,-0.001067,0.0000,0.205364,-0.220875,0.000000,0.0000
8508.70,0.076152,-0.091000,-0.001124,0.0000,0.205364,-0.220875,0.000000,0.0000
8514.07,0.078137,-0.093080,-0.001053,0.0000,0.205364,-0.220875,0.000000,0.0000
8519.39,0.078137,-0.093080,-0.001053,0.0000,0.205364,-0.220875,0.000000,0.0000
8524.82,0.080249,-0.095202,-0.000986,0.0000,0.218691,-0.238289,0.000000,0.0000
8530.13,0.080249,-0.095202,-0.000986,0.0000,0.218691,-0.238289,0.000000,0.0000
8535.45,0.082143,-0.097194,-0.000968,0.0000,0.218691,-0.238289,0.000000,0.0000
8540.89,0.084174,-0.099293,-0.000976,0.0000,0.218691,-0.238289,0.000000,0.0000
8546.25,0.084174,-0.099293,-0.000976,0.0000,0.218691,-0.238289,0.000000,0.0000
8551.65,0.086110,-0.101396,-0.000917,0.0000,0.218691,-0.238289,0.000000,0.0000
8556.97,0.088151,-0.103456,-0.000955,0.0000,0.218691,-0.238289,0.000000,0.0000
8562.25,0.088151,-0.103456,-0.000955,0.0000,0.218691,-0.238289,0.000000,0.0000
8568.31,0.090127,-0.105595,-0.000961,0.0000,0.218691,-0.238289,0.000000,0.0000
8573.64,0.092125,-0.107665,-0.000930,0.0000,0.218691,-0.238289,0.000000,0.0000
8578.95,0.092125,-0.107665,-0.000930,0.0000,0.218691,-0.238289,0.000000,0.0000
8584.33,0.094060,-0.109746,-0.000930,0.0000,0.218691,-0.238289,0.000000,0.0000
8589.80,0.096012,-0.111816,-0.000900,0.0000,0.218691,-0.238289,0.000000,0.0000
8595.13,0.096012,-0.111816,-0.000900,0.0000,0.218691,-0.238289,0.000000,0.0000
8600.50,0.097949,-0.113937,-0.000891,0.0000,0.218691,-0.238289,0.000000,0.0000
8605.87,0.099910,-0.115998,-0.000899,0.0000,0.231154,-0.255468,0.000000,0.0000
8611.20,0.099910,-0.115998,-0.000899,0.0000,0.231154,-0.255468,0.000000,0.0000
8616.58,0.101809,-0.118133,-0.000911,0.0000,0.231154,-0.255468,0.000000,0.0000
8621.90,0.103776,-0.120155,-0.000959,0.0000,0.231154,-0.255468,0.000000,0.0000
8627.41,0.103776,-0.120155,-0.000959,0.0000,0.231154,-0.255468,0.000000,0.0000
8633.07,0.105662,-0.122202,-0.000952,0.0000,0.231154,-0.255468,0.000000,0.0000
8638.47,0.105662,-0.122202,-0.000952,0.0000,0.231154,-0.255468,0.000000,0.0000
8643.85,0.107655,-0.124315,-0.000917,0.0000,0.231154,-0.255468,0.000000,0.0000
8649.24,0.109541,-0.126376,-0.000943,0.0000,0.231154,-0.255468,0.000000,0.0000
8654.58,0.109541,-0.126376,-0.000943,0.0000,0.231154,-0.255468,0.000000,0.0000
8659.96,0.111543,-0.128477,-0.000975,0.0000,0.231154,-0.255468,0.000000,0.0000
8665.25,0.113417,-0.130613,-0.000958,0.0000,0.231154,-0.255468,0.000000,0.0000
8670.85,0.113417,-0.130613,-0.000958,0.0000,0.231154,-0.255468,0.000000,0.0000
8676.43,0.115370,-0.132684,-0.001018,0.0000,0.231154,-0.255468,0.000000,0.0000
8681.78,0.117185,-0.134729,-0.001000,0.0000,0.231154,-0.255468,0.000000,0.0000
8687.15,0.117185,-0.134729,-0.001000,0.0000,0.242705,-0.272394,0.000000,0.0000
8692.92,0.119149,-0.136813,-0.001043,0.0000,0.242705,-0.272394,0.000000,0.0000
8698.28,0.120980,-0.138880,-0.000990,0.0000,0.242705,-0.272394,0.000000,0.0000
8703.62,0.120980,-0.138880,-0.000990,0.0000,0.242705,-0.272394,0.000000,0.0000
8708.95,0.122871,-0.140920,-0.001009,0.0000,0.242705,-0.272394,0.000000,0.0000
8714.24,0.124684,-0.143062,-0.001044,0.0000,0.242705,-0.272394,0.000000,0.0000
8719.56,0.124684,-0.143062,-0.001044,0.0000,0.242705,-0.272394,0.000000,0.0000
8724.89,0.126547,-0.145157,-0.001065,0.0000,0.242705,-0.272394,0.000000,0.0000
8730.19,0.126547,-0.145157,-0.001065,0.0000,0.242705,-0.272394,0.000000,0.0000
8735.50,0.128355,-0.147186,-0.001088,0.0000,0.242705,-0.272394,0.000000,0.0000
8741.07,0.130214,-0.149240,-0.001121,0.0000,0.242705,-0.272394,0.000000,0.0000
8746.42,0.130214,-0.149240,-0.001121,0.0000,0.242705,-0.272394,0.000000,0.0000
8751.77,0.132050,-0.151322,-0.001083,0.0000,0.253298,-0.289052,0.000000,0.0000
8757.07,0.133906,-0.153320,-0.001055,0.0000,0.253298,-0.289052,0.000000,0.0000
8762.41,0.133906,-0.153320,-0.001055,0.0000,0.253298,-0.289052,0.000000,0.0000
8767.77,0.135694,-0.155441,-0.001080,0.0000,0.253298,-0.289052,0.000000,0.0000
8773.58,0.137513,-0.157489,-0.001052,0.0000,0.253298,-0.289052,0.000000,0.0000
8778.97,0.137513,-0.157489,-0.001052,0.0000,0.253298,-0.289052,0.000000,0.0000
8784.31,0.139358,-0.159546,-0.001039,0.0000,0.253298,-0.289052,0.000000,0.0000
8789.66,0.141170,-0.161579,-0.000986,0.0000,0.253298,-0.289052,0.000000,0.0000
8794.98,0.141170,-0.161579,-0.000986,0.0000,0.253298,-0.289052,0.000000,0.0000
8800.35,0.142990,-0.163663,-0.000983,0.0000,0.253298,-0.289052,0.000000,0.0000
8805.68,0.144815,-0.165737,-0.000960,0.0000,0.253298,-0.289052,0.000000,0.0000
8811.01,0.144815,-0.165737,-0.000960,0.0000,0.253298,-0.289052,0.000000,0.0000
8816.30,0.146552,-0.167796,-0.000897,0.0000,0.253298,-0.289052,0.000000,0.0000
8821.61,0.146552,-0.167796,-0.000897,0.0000,0.253298,-0.289052,0.000000,0.0000
8826.92,0.148361,-0.169867,-0.000878,0.0000,0.253298,-0.289052,0.000000,0.0000
8832.46,0.150073,-0.171933,-0.000904,0.0000,0.262892,-0.305425,0.000000,0.0000
8837.85,0.150073,-0.171933,-0.000904,0.0000,0.262892,-0.305425,0.000000,0.0000
8843.47,0.151855,-0.173989,-0.000910,0.0000,0.262892,-0.305425,0.000000,0.0000
8848.82,0.153527,-0.176039,-0.000773,0.0000,0.262892,-0.305425,0.000000,0.0000
8854.22,0.153527,-0.176039,-0.000773,0.0000,0.262892,-0.305425,0.000000,0.0000
8859.55,0.155330,-0.178038,-0.000786,0.0000,0.262892,-0.305425,0.000000,0.0000
8864.95,0.157033,-0.180084,-0.000741,0.0000,0.262892,-0.305425,0.000000,0.0000
8870.24,0.157033,-0.180084,-0.000741,0.0000,0.262892,-0.305425,0.000000,0.0000
8875.77,0.158764,-0.182137,-0.000714,0.0000,0.262892,-0.305425,0.000000,0.0000
8881.13,0.160474,-0.184124,-0.000649,0.0000,0.262892,-0.305425,0.000000,0.0000
8886.50,0.160474,-0.184124,-0.000649,0.0000,0.262892,-0.305425,0.000000,0.0000
8891.83,0.162239,-0.186219,-0.000663,0.0000,0.262892,-0.305425,0.000000,0.0000
8897.33,0.163920,-0.188234,-0.000649,0.0000,0.262892,-0.305425,0.000000,0.0000
8902.79,0.163920,-0.188234,-0.000649,0.0000,0.262892,-0.305425,0.000000,0.0000
8908.13,0.165700,-0.190211,-0.000599,0.0000,0.262892,-0.305425,0.000000,0.0000
8913.47,0.165700,-0.190211,-0.000599,0.0000,0.271448,-0.321496,0.000000,0.0000
8918.84,0.167369,-0.192279,-0.000581,0.0000,0.271448,-0.321496,0.000000,0.0000
8924.43,0.169103,-0.194271,-0.000561,0.0000,0.271448,-0.321496,0.000000,0.0000
8929.74,0.169103,-0.194271,-0.000561,0.0000,0.271448,-0.321496,0.000000,0.0000
8935.07,0.170721,-0.196336,-0.000554,0.0000,0.271448,-0.321496,0.000000,0.0000
8940.46,0.172410,-0.198359,-0.000551,0.0000,0.271448,-0.321496,0.000000,0.0000
8945.77,0.172410,-0.198359,-0.000551,0.0000,0.271448,-0.321496,0.000000,0.0000
8951.10,0.173965,-0.200372,-0.000418,0.0000,0.271448,-0.321496,0.000000,0.0000
8956.44,0.175655,-0.202451,-0.000438,0.0000,0.271448,-0.321496,0.000000,0.0000
8961.75,0.175655,-0.202451,-0.000438,0.0000,0.271448,-0.321496,0.000000,0.0000
8967.07,0.177228,-0.204501,-0.000399,0.0000,0.271448,-0.321496,0.000000,0.0000
8972.40,0.178831,-0.206481,-0.000356,0.0000,0.271448,-0.321496,0.000000,0.0000
8977.57,0.178831,-0.206481,-0.000356,0.0000,0.278933,-0.337250,0.000000,0.0000
8983.03,0.180477,-0.208549,-0.000331,0.0000,0.278933,-0.337250,0.000000,0.0000
8988.74,0.182088,-0.210525,-0.000280,0.0000,0.278933,-0.337250,0.000000,0.0000
8994.27,0.182088,-0.210525,-0.000280,0.0000,0.278933,-0.337250,0.000000,0.0000
8999.61,0.183677,-0.212454,-0.000205,0.0000,0.278933,-0.337250,0.000000,0.0000
9004.95,0.183677,-0.212454,-0.000205,0.0000,0.278933,-0.337250,0.000000,0.0000
9010.35,0.185303,-0.214448,-0.000204,0.0000,0.278933,-0.337250,0.000000,0.0000
9015.91,0.186873,-0.216490,-0.000177,0.0000,0.278933,-0.337250,0.000000,0.0000
9021.23,0.186873,-0.216490,-0.000177,0.0000,0.278933,-0.337250,0.000000,0.0000
9026.54,0.188543,-0.218458,-0.000121,0.0000,0.278933,-0.337250,0.000000,0.0000
9031.86,0.190052,-0.220576,-0.000136,0.0000,0.278933,-0.337250,0.000000,0.0000
9037.19,0.190052,-0.220576,-0.000136,0.0000,0.278933,-0.337250,0.000000,0.0000
9042.54,0.191644,-0.222604,-0.000114,0.0000,0.278933,-0.337250,0.000000,0.0000
9047.85,0.193209,-0.224610,-0.000129,0.0000,0.278933,-0.337250,0.000000,0.0000
9053.13,0.193209,-0.224610,-0.000129,0.0000,0.278933,-0.337250,0.000000,0.0000
9058.46,0.194675,-0.226680,-0.000076,0.0000,0.285317,-0.352671,0.000000,0.0000
9063.82,0.196209,-0.228680,-0.000014,0.0000,0.285317,-0.352671,0.000000,0.0000
9069.16,0.196209,-0.228680,-0.000014,0.0000,0.285317,-0.352671,0.000000,0.0000
9074.49,0.197689,-0.230607,-0.000004,0.0000,0.285317,-0.352671,0.000000,0.0000
9079.94,0.197689,-0.230607,-0.000004,0.0000,0.285317,-0.352671,0.000000,0.0000
9085.24,0.199163,-0.232625,0.000025,0.0000,0.285317,-0.352671,0.000000,0.0000
9090.67,0.200755,-0.234550,0.000084,0.0000,0.285317,-0.352671,0.000000,0.0000
9096.01,0.200755,-0.234550,0.000084,0.0000,0.285317,-0.352671,0.000000,0.0000
9101.50,0.202231,-0.236563,0.000100,0.0000,0.285317,-0.352671,0.000000,0.0000
9106.96,0.203619,-0.238630,0.000061,0.0000,0.285317,-0.352671,0.000000,0.0000
9112.24,0.203619,-0.238630,0.000061,0.0000,0.285317,-0.352671,0.000000,0.0000
9117.60,0.205077,-0.240552,0.000080,0.0000,0.285317,-0.352671,0.000000,0.0000
9122.93,0.206442,-0.242556,0.000135,0.0000,0.285317,-0.352671,0.000000,0.0000
9128.34,0.206442,-0.242556,0.000135,0.0000,0.285317,-0.352671,0.000000,0.0000
9133.75,0.207915,-0.244550,0.000186,0.0000,0.285317,-0.352671,0.000000,0.0000
9139.11,0.209392,-0.246619,0.000186,0.0000,0.290575,-0.367744,0.000000,0.0000
9144.46,0.209392,-0.246619,0.000186,0.0000,0.290575,-0.367744,0.000000,0.0000
9149.84,0.210811,-0.248599,0.000124,0.0000,0.290575,-0.367744,0.000000,0.0000
9155.13,0.210811,-0.248599,0.000124,0.0000,0.290575,-0.367744,0.000000,0.0000
9160.47,0.212188,-0.250567,0.000177,0.0000,0.290575,-0.367744,0.000000,0.0000
9165.82,0.213604,-0.252405,0.000277,0.0000,0.290575,-0.367744,0.000000,0.0000
9171.13,0.213604,-0.252405,0.000277,0.0000,0.290575,-0.367744,0.000000,0.0000
9176.55,0.214996,-0.254467,0.000261,0.0000,0.290575,-0.367744,0.000000,0.0000
9182.36,0.214996,-0.254467,0.000261,0.0000,0.290575,-0.367744,0.000000,0.0000
9187.70,0.216445,-0.256464,0.000182,0.0000,0.290575,-0.367744,0.000000,0.0000
9193.49,0.217680,-0.258507,0.000190,0.0000,0.290575,-0.367744,0.000000,0.0000
9198.84,0.219053,-0.260529,0.000158,0.0000,0.294686,-0.382454,0.000000,0.0000
9204.13,0.219053,-0.260529,0.000158,0.0000,0.294686,-0.382454,0.000000,0.0000
9209.44,0.220431,-0.262765,0.000093,0.0000,0.294686,-0.382454,0.000000,0.0000
9214.76,0.221769,-0.264702,0.000136,0.0000,0.294686,-0.382454,0.000000,0.0000
9220.07,0.221769,-0.264702,0.000136,0.0000,0.294686,-0.382454,0.000000,0.0000
9225.59,0.223043,-0.266626,0.000115,0.0000,0.294686,-0.382454,0.000000,0.0000
9230.93,0.224295,-0.268469,0.000110,0.0000,0.294686,-0.382454,0.000000,0.0000
9236.25,0.224295,-0.268469,0.000110,0.0000,0.294686,-0.382454,0.000000,0.0000
9241.60,0.225702,-0.270569,0.000112,0.0000,0.294686,-0.382454,0.000000,0.0000
9246.94,0.225702,-0.270569,0.000112,0.0000,0.294686,-0.382454,0.000000,0.0000
9252.24,0.226910,-0.272514,0.000162,0.0000,0.294686,-0.382454,0.000000,0.0000
9257.68,0.228085,-0.274534,0.000108,0.0000,0.294686,-0.382454,0.000000,0.0000
9263.20,0.228085,-0.274534,0.000108,0.0000,0.294686,-0.382454,0.000000,0.0000
9268.52,0.229384,-0.276490,0.000039,0.0000,0.294686,-0.382454,0.000000,0.0000
9273.88,0.230580,-0.278442,0.000047,0.0000,0.294686,-0.382454,0.000000,0.0000
9279.21,0.230580,-0.278442,0.000047,0.0000,0.297634,-0.396787,0.000000,0.0000
9284.52,0.231797,-0.280253,0.000080,0.0000,0.297634,-0.396787,0.000000,0.0000
9290.18,0.232913,-0.282205,0.000173,0.0000,0.297634,-0.396787,0.000000,0.0000
9295.52,0.232913,-0.282205,0.000173,0.0000,0.297634,-0.396787,0.000000,0.0000
9300.85,0.234152,-0.284174,0.000212,0.0000,0.297634,-0.396787,0.000000,0.0000
9306.17,0.234152,-0.284174,0.000212,0.0000,0.297634,-0.396787,0.000000,0.0000
9311.48,0.235319,-0.286169,0.000006,0.0000,0.297634,-0.396787,0.000000,0.0000
9317.07,0.236431,-0.288036,-0.000072,0.0000,0.297634,-0.396787,0.000000,0.0000
9322.41,0.237602,-0.290071,-0.000103,0.0000,0.297634,-0.396787,0.000000,0.0000
9327.79,0.237602,-0.290071,-0.000103,0.0000,0.297634,-0.396787,0.000000,0.0000
9333.13,0.238683,-0.291833,-0.000040,0.0000,0.297634,-0.396787,0.000000,0.0000
9338.44,0.238683,-0.291833,-0.000040,0.0000,0.297634,-0.396787,0.000000,0.0000
9343.77,0.239784,-0.293667,-0.000056,0.0000,0.297634,-0.396787,0.000000,0.0000
9349.07,0.240871,-0.295550,0.000005,0.0000,0.297634,-0.396787,0.000000,0.0000
9354.44,0.240871,-0.295550,0.000005,0.0000,0.297634,-0.396787,0.000000,0.0000
9360.02,0.241948,-0.297549,-0.000126,0.0000,0.297634,-0.396787,0.000000,0.0000
9365.97,0.242978,-0.299463,-0.000173,0.0000,0.299408,-0.410728,0.000000,0.0000
9371.28,0.242978,-0.299463,-0.000173,0.0000,0.299408,-0.410728,0.000000,0.0000
9376.63,0.244072,-0.301439,-0.000174,0.0000,0.299408,-0.410728,0.000000,0.0000
9382.01,0.245084,-0.303108,-0.000067,0.0000,0.299408,-0.410728,0.000000,0.0000
9387.31,0.245084,-0.303108,-0.000067,0.0000,0.299408,-0.410728,0.000000,0.0000
9392.79,0.246257,-0.305086,-0.000157,0.0000,0.299408,-0.410728,0.000000,0.0000
9398.07,0.246257,-0.305086,-0.000157,0.0000,0.299408,-0.410728,0.000000,0.0000
9403.51,0.247301,-0.306908,-0.000185,0.0000,0.299408,-0.410728,0.000000,0.0000
9408.88,0.248187,-0.308832,-0.000293,0.0000,0.299408,-0.410728,0.000000,0.0000
9414.18,0.248187,-0.308832,-0.000293,0.0000,0.299408,-0.410728,0.000000,0.0000
9419.50,0.249211,-0.310756,-0.000335,0.0000,0.299408,-0.410728,0.000000,0.0000
9424.84,0.250135,-0.312573,-0.000290,0.0000,0.299408,-0.410728,0.000000,0.0000
9430.18,0.250135,-0.312573,-0.000290,0.0000,0.299408,-0.410728,0.000000,0.0000
9435.61,0.251151,-0.314337,-0.000204,0.0000,0.299408,-0.410728,0.000000,0.0000
9441.01,0.252087,-0.316150,-0.000205,0.0000,0.299408,-0.410728,0.000000,0.0000
9446.32,0.252087,-0.316150,-0.000205,0.0000,0.300000,-0.424264,0.000000,0.0000
9451.67,0.253005,-0.317958,-0.000255,0.0000,0.300000,-0.424264,0.000000,0.0000
9457.03,0.253996,-0.319985,-0.000457,0.0000,0.300000,-0.424264,0.000000,0.0000
9462.30,0.253996,-0.319985,-0.000457,0.0000,0.300000,-0.424264,0.000000,0.0000
9468.13,0.254819,-0.321693,-0.000528,0.0000,0.300000,-0.424264,0.000000,0.0000
9473.51,0.255808,-0.323545,-0.000510,0.0000,0.300000,-0.424264,0.000000,0.0000
9478.87,0.255808,-0.323545,-0.000510,0.0000,0.300000,-0.424264,0.000000,0.0000
9484.23,0.256669,-0.325241,-0.000469,0.0000,0.300000,-0.424264,0.000000,0.0000
9489.58,0.256669,-0.325241,-0.000469,0.0000,0.300000,-0.424264,0.000000,0.0000
9495.03,0.257568,-0.327023,-0.000449,0.0000,0.300000,-0.424264,0.000000,0.0000
9500.36,0.258373,-0.328977,-0.000508,0.0000,0.300000,-0.424264,0.000000,0.0000
9505.79,0.259254,-0.330709,-0.000626,0.0000,0.299408,-0.437381,0.000000,0.0000
9511.07,0.259254,-0.330709,-0.000626,0.0000,0.299408,-0.437381,0.000000,0.0000
9516.45,0.260036,-0.332534,-0.000711,0.0000,0.299408,-0.437381,0.000000,0.0000
9521.77,0.260036,-0.332534,-0.000711,0.0000,0.299408,-0.437381,0.000000,0.0000
9527.13,0.260993,-0.334296,-0.000771,0.0000,0.299408,-0.437381,0.000000,0.0000
9532.52,0.261715,-0.335927,-0.000749,0.0000,0.299408,-0.437381,0.000000,0.0000
9537.90,0.261715,-0.335927,-0.000749,0.0000,0.299408,-0.437381,0.000000,0.0000
9543.31,0.262611,-0.337864,-0.000838,0.0000,0.299408,-0.437381,0.000000,0.0000
9548.69,0.263311,-0.339535,-0.000762,0.0000,0.299408,-0.437381,0.000000,0.0000
9554.03,0.263311,-0.339535,-0.000762,0.0000,0.299408,-0.437381,0.000000,0.0000
9559.39,0.264132,-0.341325,-0.000866,0.0000,0.299408,-0.437381,0.000000,0.0000
9564.83,0.264851,-0.343017,-0.000904,0.0000,0.299408,-0.437381,0.000000,0.0000
9570.69,0.264851,-0.343017,-0.000904,0.0000,0.299408,-0.437381,0.000000,0.0000
9576.02,0.265641,-0.344752,-0.000975,0.0000,0.299408,-0.437381,0.000000,0.0000
9581.30,0.266286,-0.346483,-0.001022,0.0000,0.299408,-0.437381,0.000000,0.0000
9586.63,0.266286,-0.346483,-0.001022,0.0000,0.297634,-0.450067,0.000000,0.0000
9592.07,0.267111,-0.348261,-0.001110,0.0000,0.297634,-0.450067,0.000000,0.0000
9597.39,0.267111,-0.348261,-0.001110,0.0000,0.297634,-0.450067,0.000000,0.0000
9603.03,0.267659,-0.349948,-0.001136,0.0000,0.297634,-0.450067,0.000000,0.0000
9608.31,0.268435,-0.351560,-0.001123,0.0000,0.297634,-0.450067,0.000000,0.0000
9613.73,0.268435,-0.351560,-0.001123,0.0000,0.297634,-0.450067,0.000000,0.0000
9619.42,0.269101,-0.353259,-0.001166,0.0000,0.297634,-0.450067,0.000000,0.0000
9624.79,0.269710,-0.354963,-0.001192,0.0000,0.297634,-0.450067,0.000000,0.0000
9630.19,0.269710,-0.354963,-0.001192,0.0000,0.297634,-0.450067,0.000000,0.0000
9635.61,0.270291,-0.356645,-0.001283,0.0000,0.297634,-0.450067,0.000000,0.0000
9640.97,0.270982,-0.358458,-0.001369,0.0000,0.297634,-0.450067,0.000000,0.0000
9646.34,0.270982,-0.358458,-0.001369,0.0000,0.297634,-0.450067,0.000000,0.0000
9651.71,0.271618,-0.360033,-0.001357,0.0000,0.297634,-0.450067,0.000000,0.0000
9657.07,0.272093,-0.361788,-0.001395,0.0000,0.297634,-0.450067,0.000000,0.0000
9662.40,0.272093,-0.361788,-0.001395,0.0000,0.297634,-0.450067,0.000000,0.0000
9667.75,0.272807,-0.363421,-0.001428,0.0000,0.297634,-0.450067,0.000000,0.0000
9673.34,0.273358,-0.365244,-0.001485,0.0000,0.294686,-0.462308,0.000000,0.0000
9678.75,0.273358,-0.365244,-0.001485,0.0000,0.294686,-0.462308,0.000000,0.0000
9684.07,0.273928,-0.366782,-0.001502,0.0000,0.294686,-0.462308,0.000000,0.0000
9690.00,0.274454,-0.368366,-0.001503,0.0000,0.294686,-0.462308,0.000000,0.0000
9695.47,0.274454,-0.368366,-0.001503,0.0000,0.294686,-0.462308,0.000000,0.0000
9700.81,0.275068,-0.370119,-0.001596,0.0000,0.294686,-0.462308,0.000000,0.0000
9706.13,0.275527,-0.371706,-0.001630,0.0000,0.294686,-0.462308,0.000000,0.0000
9711.50,0.275527,-0.371706,-0.001630,0.0000,0.294686,-0.462308,0.000000,0.0000
9717.07,0.276071,-0.373473,-0.001657,0.0000,0.294686,-0.462308,0.000000,0.0000
9722.42,0.276533,-0.374882,-0.001610,0.0000,0.294686,-0.462308,0.000000,0.0000
9727.94,0.276533,-0.374882,-0.001610,0.0000,0.294686,-0.462308,0.000000,0.0000
9733.26,0.277053,-0.376627,-0.001646,0.0000,0.290575,-0.474093,0.000000,0.0000
9738.58,0.277053,-0.376627,-0.001646,0.0000,0.290575,-0.474093,0.000000,0.0000
9744.19,0.277518,-0.378226,-0.001689,0.0000,0.290575,-0.474093,0.000000,0.0000
9749.51,0.277952,-0.379862,-0.001666,0.0000,0.290575,-0.474093,0.000000,0.0000
9754.87,0.277952,-0.379862,-0.001666,0.0000,0.290575,-0.474093,0.000000,0.0000
9760.21,0.278325,-0.381505,-0.001725,0.0000,0.290575,-0.474093,0.000000,0.0000
9765.54,0.278796,-0.383002,-0.001732,0.0000,0.290575,-0.474093,0.000000,0.0000
9770.86,0.278796,-0.383002,-0.001732,0.0000,0.290575,-0.474093,0.000000,0.0000
9776.79,0.279203,-0.384723,-0.001836,0.0000,0.290575,-0.474093,0.000000,0.0000
9782.31,0.279557,-0.386213,-0.001872,0.0000,0.290575,-0.474093,0.000000,0.0000
9787.63,0.279557,-0.386213,-0.001872,0.0000,0.290575,-0.474093,0.000000,0.0000
9793.13,0.279902,-0.387875,-0.001863,0.0000,0.290575,-0.474093,0.000000,0.0000
9798.46,0.279902,-0.387875,-0.001863,0.0000,0.290575,-0.474093,0.000000,0.0000
9804.05,0.280306,-0.389300,-0.001784,0.0000,0.290575,-0.474093,0.000000,0.0000
9809.42,0.280620,-0.390938,-0.001779,0.0000,0.290575,-0.474093,0.000000,0.0000
9814.77,0.280897,-0.392483,-0.001717,0.0000,0.285317,-0.485410,0.000000,0.0000
9820.07,0.280897,-0.392483,-0.001717,0.0000,0.285317,-0.485410,0.000000,0.0000
9825.44,0.281223,-0.394003,-0.001725,0.0000,0.285317,-0.485410,0.000000,0.0000
9830.76,0.281576,-0.395693,-0.001830,0.0000,0.285317,-0.485410,0.000000,0.0000
9836.13,0.281576,-0.395693,-0.001830,0.0000,0.285317,-0.485410,0.000000,0.0000
9841.44,0.281868,-0.397059,-0.001838,0.0000,0.285317,-0.485410,0.000000,0.0000
9846.79,0.281868,-0.397059,-0.001838,0.0000,0.285317,-0.485410,0.000000,0.0000
9852.07,0.282118,-0.398899,-0.001852,0.0000,0.285317,-0.485410,0.000000,0.0000
9858.02,0.282459,-0.400204,-0.001796,0.0000,0.285317,-0.485410,0.000000,0.0000
9863.37,0.282459,-0.400204,-0.001796,0.0000,0.285317,-0.485410,0.000000,0.0000
9868.68,0.282749,-0.401861,-0.001812,0.0000,0.285317,-0.485410,0.000000,0.0000
9874.03,0.282946,-0.403321,-0.001758,0.0000,0.285317,-0.485410,0.000000,0.0000
9879.30,0.282946,-0.403321,-0.001758,0.0000,0.285317,-0.485410,0.000000,0.0000
9884.81,0.283175,-0.404877,-0.001746,0.0000,0.285317,-0.485410,0.000000,0.0000
9890.19,0.283430,-0.406417,-0.001698,0.0000,0.285317,-0.485410,0.000000,0.0000
9895.54,0.283430,-0.406417,-0.001698,0.0000,0.278933,-0.496248,0.000000,0.0000
9900.86,0.283591,-0.407873,-0.001681,0.0000,0.278933,-0.496248,0.000000,0.0000
9906.18,0.283829,-0.409483,-0.001703,0.0000,0.278933,-0.496248,0.000000,0.0000
9911.50,0.283829,-0.409483,-0.001703,0.0000,0.278933,-0.496248,0.000000,0.0000
9917.13,0.283970,-0.410948,-0.001681,0.0000,0.278933,-0.496248,0.000000,0.0000
9922.58,0.284162,-0.412603,-0.001704,0.0000,0.278933,-0.496248,0.000000,0.0000
9928.01,0.284162,-0.412603,-0.001704,0.0000,0.278933,-0.496248,0.000000,0.0000
9933.30,0.284282,-0.414028,-0.001687,0.0000,0.278933,-0.496248,0.000000,0.0000
9938.63,0.284282,-0.414028,-0.001687,0.0000,0.278933,-0.496248,0.000000,0.0000
9943.94,0.284454,-0.415693,-0.001707,0.0000,0.278933,-0.496248,0.000000,0.0000
9949.42,0.284605,-0.417018,-0.001604,0.0000,0.278933,-0.496248,0.000000,0.0000
9954.74,0.284605,-0.417018,-0.001604,0.0000,0.278933,-0.496248,0.000000,0.0000
9960.58,0.284785,-0.418614,-0.001555,0.0000,0.271448,-0.506597,0.000000,0.0000
9966.07,0.284906,-0.420169,-0.001556,0.0000,0.271448,-0.506597,0.000000,0.0000
9971.38,0.284906,-0.420169,-0.001556,0.0000,0.271448,-0.506597,0.000000,0.0000
9976.71,0.284932,-0.421541,-0.001561,0.0000,0.271448,-0.506597,0.000000,0.0000
9982.06,0.285037,-0.423102,-0.001526,0.0000,0.271448,-0.506597,0.000000,0.0000
9987.41,0.285037,-0.423102,-0.001526,0.0000,0.271448,-0.506597,0.000000,0.0000
9992.79,0.285004,-0.424468,-0.001449,0.0000,0.271448,-0.506597,0.000000,0.0000
9998.07,0.285004,-0.424468,-0.001449,0.0000,0.271448,-0.506597,0.000000,0.0000
10003.41,0.285111,-0.426140,-0.001487,0.0000,0.271448,-0.506597,0.000000,0.0000
10008.81,0.285182,-0.427484,-0.001466,0.0000,0.271448,-0.506597,0.000000,0.0000
10014.28,0.285281,-0.429110,-0.001533,0.0000,0.271448,-0.506597,0.000000,0.0000
10019.74,0.285281,-0.429110,-0.001533,0.0000,0.271448,-0.506597,0.000000,0.0000
10025.32,0.285227,-0.430491,-0.001385,0.0000,0.271448,-0.506597,0.000000,0.0000
10030.73,0.285217,-0.432023,-0.001346,0.0000,0.271448,-0.506597,0.000000,0.0000
10036.14,0.285217,-0.432023,-0.001346,0.0000,0.271448,-0.506597,0.000000,0.0000
10041.50,0.285274,-0.433394,-0.001283,0.0000,0.262892,-0.516445,0.000000,0.0000
10046.84,0.285274,-0.433394,-0.001283,0.0000,0.262892,-0.516445,0.000000,0.0000
10052.16,0.285226,-0.434853,-0.001245,0.0000,0.262892,-0.516445,0.000000,0.0000
10057.48,0.285327,-0.436514,-0.001294,0.0000,0.262892,-0.516445,0.000000,0.0000
10063.24,0.285327,-0.436514,-0.001294,0.0000,0.262892,-0.516445,0.000000,0.0000
10068.60,0.285238,-0.437817,-0.001188,0.0000,0.262892,-0.516445,0.000000,0.0000
10073.96,0.285290,-0.439417,-0.001189,0.0000,0.262892,-0.516445,0.000000,0.0000
10079.36,0.285290,-0.439417,-0.001189,0.0000,0.262892,-0.516445,0.000000,0.0000
10084.85,0.285213,-0.440701,-0.001215,0.0000,0.262892,-0.516445,0.000000,0.0000
10090.13,0.285213,-0.440701,-0.001215,0.0000,0.262892,-0.516445,0.000000,0.0000
10095.48,0.285116,-0.442302,-0.001186,0.0000,0.262892,-0.516445,0.000000,0.0000
10100.80,0.285002,-0.443598,-0.001136,0.0000,0.262892,-0.516445,0.000000,0.0000
10106.07,0.284906,-0.445063,-0.001094,0.0000,0.262892,-0.516445,0.000000,0.0000
10111.41,0.284906,-0.445063,-0.001094,0.0000,0.262892,-0.516445,0.000000,0.0000
10116.78,0.284871,-0.446556,-0.001066,0.0000,0.262892,-0.516445,0.000000,0.0000
10122.47,0.284899,-0.447947,-0.001082,0.0000,0.253298,-0.525784,0.000000,0.0000
10127.82,0.284899,-0.447947,-0.001082,0.0000,0.253298,-0.525784,0.000000,0.0000
10133.13,0.284859,-0.449368,-0.001031,0.0000,0.253298,-0.525784,0.000000,0.0000
10138.46,0.284859,-0.449368,-0.001031,0.0000,0.253298,-0.525784,0.000000,0.0000
10143.80,0.284735,-0.450832,-0.000994,0.0000,0.253298,-0.525784,0.000000,0.0000
10149.33,0.284586,-0.452227,-0.001024,0.0000,0.253298,-0.525784,0.000000,0.0000
10154.65,0.284586,-0.452227,-0.001024,0.0000,0.253298,-0.525784,0.000000,0.0000
10159.98,0.284406,-0.453565,-0.000994,0.0000,0.253298,-0.525784,0.000000,0.0000
10165.31,0.284301,-0.455018,-0.001035,0.0000,0.253298,-0.525784,0.000000,0.0000
10170.66,0.284301,-0.455018,-0.001035,0.0000,0.253298,-0.525784,0.000000,0.0000
10175.99,0.284186,-0.456292,-0.000977,0.0000,0.253298,-0.525784,0.000000,0.0000
10181.34,0.284017,-0.457824,-0.001011,0.0000,0.253298,-0.525784,0.000000,0.0000
10186.89,0.284017,-0.457824,-0.001011,0.0000,0.242705,-0.534604,0.000000,0.0000
10192.25,0.283861,-0.459084,-0.001025,0.0000,0.242705,-0.534604,0.000000,0.0000
10197.58,0.283698,-0.460559,-0.001036,0.0000,0.242705,-0.534604,0.000000,0.0000
10202.94,0.283698,-0.460559,-0.001036,0.0000,0.242705,-0.534604,0.000000,0.0000
10208.24,0.283568,-0.461894,-0.000991,0.0000,0.242705,-0.534604,0.000000,0.0000
10213.58,0.283568,-0.461894,-0.000991,0.0000,0.242705,-0.534604,0.000000,0.0000
10218.91,0.283393,-0.463297,-0.001042,0.0000,0.242705,-0.534604,0.000000,0.0000
10224.38,0.283210,-0.464680,-0.001014,0.0000,0.242705,-0.534604,0.000000,0.0000
10229.81,0.283210,-0.464680,-0.001014,0.0000,0.242705,-0.534604,0.000000,0.0000
10235.18,0.283061,-0.465976,-0.000986,0.0000,0.242705,-0.534604,0.000000,0.0000
10240.51,0.282862,-0.467378,-0.001019,0.0000,0.242705,-0.534604,0.000000,0.0000
10245.87,0.282862,-0.467378,-0.001019,0.0000,0.242705,-0.534604,0.000000,0.0000
10251.18,0.282678,-0.468620,-0.000993,0.0000,0.242705,-0.534604,0.000000,0.0000
10256.50,0.282465,-0.470031,-0.001040,0.0000,0.242705,-0.534604,0.000000,0.0000
10261.83,0.282465,-0.470031,-0.001040,0.0000,0.242705,-0.534604,0.000000,0.0000
10267.28,0.282204,-0.471328,-0.001030,0.0000,0.231154,-0.542896,0.000000,0.0000
10272.63,0.281993,-0.472617,-0.001029,0.0000,0.231154,-0.542896,0.000000,0.0000
10277.98,0.281993,-0.472617,-0.001029,0.0000,0.231154,-0.542896,0.000000,0.0000
10283.30,0.281718,-0.473881,-0.001063,0.0000,0.231154,-0.542896,0.000000,0.0000
10289.19,0.281544,-0.475230,-0.001161,0.0000,0.231154,-0.542896,0.000000,0.0000
10294.58,0.281544,-0.475230,-0.001161,0.0000,0.231154,-0.542896,0.000000,0.0000
10299.90,0.281287,-0.476508,-0.001141,0.0000,0.231154,-0.542896,0.000000,0.0000
10305.20,0.281287,-0.476508,-0.001141,0.0000,0.231154,-0.542896,0.000000,0.0000
10310.51,0.281035,-0.477831,-0.001149,0.0000,0.231154,-0.542896,0.000000,0.0000
10315.82,0.280766,-0.479049,-0.001164,0.0000,0.231154,-0.542896,0.000000,0.0000
10321.14,0.280766,-0.479049,-0.001164,0.0000,0.231154,-0.542896,0.000000,0.0000
10326.77,0.280464,-0.480533,-0.001220,0.0000,0.231154,-0.542896,0.000000,0.0000
10332.07,0.280227,-0.481618,-0.001298,0.0000,0.231154,-0.542896,0.000000,0.0000
10337.39,0.280227,-0.481618,-0.001298,0.0000,0.231154,-0.542896,0.000000,0.0000
10342.75,0.279941,-0.483055,-0.001290,0.0000,0.231154,-0.542896,0.000000,0.0000
10348.07,0.279552,-0.484223,-0.001270,0.0000,0.218691,-0.550653,0.000000,0.0000
10353.41,0.279552,-0.484223,-0.001270,0.0000,0.218691,-0.550653,0.000000,0.0000
10358.73,0.279315,-0.485510,-0.001302,0.0000,0.218691,-0.550653,0.000000,0.0000
10364.05,0.278990,-0.486829,-0.001328,0.0000,0.218691,-0.550653,0.000000,0.0000
10369.47,0.278990,-0.486829,-0.001328,0.0000,0.218691,-0.550653,0.000000,0.0000
10374.82,0.278758,-0.488020,-0.001366,0.0000,0.218691,-0.550653,0.000000,0.0000
10380.13,0.278758,-0.488020,-0.001366,0.0000,0.218691,-0.550653,0.000000,0.0000
10385.44,0.278391,-0.489160,-0.001379,0.0000,0.218691,-0.550653,0.000000,0.0000
10391.24,0.277949,-0.490522,-0.001456,0.0000,0.218691,-0.550653,0.000000,0.0000
10396.57,0.277949,-0.490522,-0.001456,0.0000,0.218691,-0.550653,0.000000,0.0000
10401.89,0.277602,-0.491663,-0.001432,0.0000,0.218691,-0.550653,0.000000,0.0000
10407.20,0.277331,-0.492945,-0.001442,0.0000,0.205364,-0.557866,0.000000,0.0000
10412.52,0.277331,-0.492945,-0.001442,0.0000,0.205364,-0.557866,0.000000,0.0000
10417.87,0.276951,-0.494111,-0.001436,0.0000,0.205364,-0.557866,0.000000,0.0000
10423.19,0.276575,-0.495488,-0.001574,0.0000,0.205364,-0.557866,0.000000,0.0000
10428.54,0.276575,-0.495488,-0.001574,0.0000,0.205364,-0.557866,0.000000,0.0000
10433.94,0.276145,-0.496571,-0.001630,0.0000,0.205364,-0.557866,0.000000,0.0000
10439.27,0.275828,-0.497755,-0.001612,0.0000,0.205364,-0.557866,0.000000,0.0000
10444.63,0.275828,-0.497755,-0.001612,0.0000,0.205364,-0.557866,0.000000,0.0000
10449.99,0.275416,-0.499006,-0.001648,0.0000,0.205364,-0.557866,0.000000,0.0000
10455.32,0.275416,-0.499006,-0.001648,0.0000,0.205364,-0.557866,0.000000,0.0000
10460.71,0.274992,-0.500175,-0.001691,0.0000,0.205364,-0.557866,0.000000,0.0000
10466.05,0.274512,-0.501381,-0.001660,0.0000,0.205364,-0.557866,0.000000,0.0000
10471.48,0.274512,-0.501381,-0.001660,0.0000,0.205364,-0.557866,0.000000,0.0000
10476.84,0.274178,-0.502614,-0.001800,0.0000,0.205364,-0.557866,0.000000,0.0000
10482.21,0.273707,-0.503749,-0.001853,0.0000,0.205364,-0.557866,0.000000,0.0000
10487.56,0.273707,-0.503749,-0.001853,0.0000,0.205364,-0.557866,0.000000,0.0000
10492.59,0.273280,-0.505077,-0.001910,0.0000,0.191227,-0.564528,0.000000,0.0000
10498.07,0.272772,-0.506096,-0.001887,0.0000,0.191227,-0.564528,0.000000,0.0000
10503.41,0.272772,-0.506096,-0.001887,0.0000,0.191227,-0.564528,0.000000,0.0000
10508.97,0.272254,-0.507270,-0.001865,0.0000,0.191227,-0.564528,0.000000,0.0000
10514.25,0.271724,-0.508441,-0.001919,0.0000,0.191227,-0.564528,0.000000,0.0000
10519.58,0.271724,-0.508441,-0.001919,0.0000,0.191227,-0.564528,0.000000,0.0000
10524.90,0.271203,-0.509556,-0.001994,0.0000,0.191227,-0.564528,0.000000,0.0000
10530.32,0.270707,-0.510676,-0.002029,0.0000,0.191227,-0.564528,0.000000,0.0000
10535.76,0.270707,-0.510676,-0.002029,0.0000,0.191227,-0.564528,0.000000,0.0000
10541.13,0.270050,-0.511725,-0.002004,0.0000,0.191227,-0.564528,0.000000,0.0000
10546.46,0.270050,-0.511725,-0.002004,0.0000,0.191227,-0.564528,0.000000,0.0000
10551.83,0.269538,-0.512849,-0.002059,0.0000,0.191227,-0.564528,0.000000,0.0000
10557.13,0.268968,-0.514060,-0.001998,0.0000,0.191227,-0.564528,0.000000,0.0000
10562.51,0.268968,-0.514060,-0.001998,0.0000,0.191227,-0.564528,0.000000,0.0000
10567.99,0.268448,-0.515085,-0.001985,0.0000,0.191227,-0.564528,0.000000,0.0000
10573.34,0.267876,-0.516249,-0.002068,0.0000,0.176336,-0.570634,0.000000,0.0000
10578.71,0.267876,-0.516249,-0.002068,0.0000,0.176336,-0.570634,0.000000,0.0000
10584.09,0.267261,-0.517405,-0.002027,0.0000,0.176336,-0.570634,0.000000,0.0000
10589.45,0.266618,-0.518351,-0.001992,0.0000,0.176336,-0.570634,0.000000,0.0000
10595.08,0.266618,-0.518351,-0.001992,0.0000,0.176336,-0.570634,0.000000,0.0000
10600.54,0.265931,-0.519343,-0.001966,0.0000,0.176336,-0.570634,0.000000,0.0000
10605.90,0.265239,-0.520502,-0.001979,0.0000,0.176336,-0.570634,0.000000,0.0000
10611.20,0.265239,-0.520502,-0.001979,0.0000,0.176336,-0.570634,0.000000,0.0000
10616.56,0.264631,-0.521578,-0.001996,0.0000,0.176336,-0.570634,0.000000,0.0000
10622.27,0.263957,-0.522507,-0.001909,0.0000,0.176336,-0.570634,0.000000,0.0000
10627.95,0.263957,-0.522507,-0.001909,0.0000,0.176336,-0.570634,0.000000,0.0000
10633.35,0.263293,-0.523794,-0.001949,0.0000,0.160748,-0.576176,0.000000,0.0000
10638.91,0.262687,-0.524727,-0.001940,0.0000,0.160748,-0.576176,0.000000,0.0000
10644.31,0.262687,-0.524727,-0.001940,0.0000,0.160748,-0.576176,0.000000,0.0000
10649.63,0.261863,-0.525695,-0.001890,0.0000,0.160748,-0.576176,0.000000,0.0000
10654.97,0.261863,-0.525695,-0.001890,0.0000,0.160748,-0.576176,0.000000,0.0000
10660.33,0.261116,-0.526859,-0.001954,0.0000,0.160748,-0.576176,0.000000,0.0000
10665.70,0.260401,-0.527785,-0.001901,0.0000,0.160748,-0.576176,0.000000,0.0000
10671.05,0.260401,-0.527785,-0.001901,0.0000,0.160748,-0.576176,0.000000,0.0000
10676.07,0.259629,-0.528831,-0.001789,0.0000,0.160748,-0.576176,0.000000,0.0000
10681.40,0.258887,-0.529983,-0.001817,0.0000,0.160748,-0.576176,0.000000,0.0000
10686.73,0.258887,-0.529983,-0.001817,0.0000,0.160748,-0.576176,0.000000,0.0000
10692.07,0.258152,-0.530837,-0.001816,0.0000,0.160748,-0.576176,0.000000,0.0000
10697.96,0.257295,-0.531891,-0.001779,0.0000,0.160748,-0.576176,0.000000,0.0000
10703.32,0.257295,-0.531891,-0.001779,0.0000,0.160748,-0.576176,0.000000,0.0000
10708.80,0.256471,-0.532882,-0.001820,0.0000,0.160748,-0.576176,0.000000,0.0000
10714.15,0.255734,-0.533841,-0.001755,0.0000,0.144526,-0.581150,0.000000,0.0000
10719.50,0.255734,-0.533841,-0.001755,0.0000,0.144526,-0.581150,0.000000,0.0000
10724.86,0.254855,-0.534874,-0.001644,0.0000,0.144526,-0.581150,0.000000,0.0000
10730.19,0.254855,-0.534874,-0.001644,0.0000,0.144526,-0.581150,0.000000,0.0000
10735.53,0.253979,-0.535802,-0.001631,0.0000,0.144526,-0.581150,0.000000,0.0000
10741.23,0.253175,-0.536710,-0.001618,0.0000,0.144526,-0.581150,0.000000,0.0000
10746.56,0.253175,-0.536710,-0.001618,0.0000,0.144526,-0.581150,0.000000,0.0000
10751.89,0.252213,-0.537721,-0.001580,0.0000,0.144526,-0.581150,0.000000,0.0000
10757.26,0.251516,-0.538782,-0.001672,0.0000,0.144526,-0.581150,0.000000,0.0000
10762.61,0.251516,-0.538782,-0.001672,0.0000,0.144526,-0.581150,0.000000,0.0000
10767.98,0.250569,-0.539675,-0.001556,0.0000,0.144526,-0.581150,0.000000,0.0000
10773.38,0.249618,-0.540663,-0.001543,0.0000,0.144526,-0.581150,0.000000,0.0000
10778.75,0.249618,-0.540663,-0.001543,0.0000,0.144526,-0.581150,0.000000,0.0000
10784.07,0.248643,-0.541532,-0.001539,0.0000,0.144526,-0.581150,0.000000,0.0000
10789.41,0.247770,-0.542636,-0.001526,0.0000,0.144526,-0.581150,0.000000,0.0000
10794.77,0.247770,-0.542636,-0.001526,0.0000,0.144526,-0.581150,0.000000,0.0000
10800.54,0.246903,-0.543552,-0.001537,0.0000,0.127734,-0.585550,0.000000,0.0000
10805.87,0.245723,-0.544428,-0.001452,0.0000,0.127734,-0.585550,0.000000,0.0000
10811.19,0.245723,-0.544428,-0.001452,0.0000,0.127734,-0.585550,0.000000,0.0000
10816.56,0.244837,-0.545347,-0.001448,0.0000,0.127734,-0.585550,0.000000,0.0000
10821.95,0.244837,-0.545347,-0.001448,0.0000,0.127734,-0.585550,0.000000,0.0000
10827.27,0.243892,-0.546355,-0.001483,0.0000,0.127734,-0.585550,0.000000,0.0000
10832.74,0.242823,-0.547191,-0.001476,0.0000,0.127734,-0.585550,0.000000,0.0000
10838.13,0.242823,-0.547191,-0.001476,0.0000,0.127734,-0.585550,0.000000,0.0000
10843.46,0.241717,-0.548069,-0.001361,0.0000,0.127734,-0.585550,0.000000,0.0000
10848.79,0.240728,-0.549026,-0.001328,0.0000,0.127734,-0.585550,0.000000,0.0000
10854.13,0.240728,-0.549026,-0.001328,0.0000,0.127734,-0.585550,0.000000,0.0000
10859.47,0.239664,-0.549900,-0.001275,0.0000,0.110437,-0.589372,0.000000,0.0000
10864.80,0.238555,-0.550726,-0.001280,0.0000,0.110437,-0.589372,0.000000,0.0000
10870.13,0.238555,-0.550726,-0.001280,0.0000,0.110437,-0.589372,0.000000,0.0000
10875.69,0.237551,-0.551680,-0.001306,0.0000,0.110437,-0.589372,0.000000,0.0000
10881.05,0.236405,-0.552494,-0.001202,0.0000,0.110437,-0.589372,0.000000,0.0000
10886.39,0.236405,-0.552494,-0.001202,0.0000,0.110437,-0.589372,0.000000,0.0000
10891.80,0.235253,-0.553279,-0.001174,0.0000,0.110437,-0.589372,0.000000,0.0000
10897.49,0.234187,-0.554218,-0.001121,0.0000,0.110437,-0.589372,0.000000,0.0000
10903.03,0.234187,-0.554218,-0.001121,0.0000,0.110437,-0.589372,0.000000,0.0000
10908.41,0.233007,-0.555033,-0.001130,0.0000,0.110437,-0.589372,0.000000,0.0000
10913.78,0.233007,-0.555033,-0.001130,0.0000,0.110437,-0.589372,0.000000,0.0000
10919.39,0.231805,-0.555886,-0.001074,0.0000,0.110437,-0.589372,0.000000,0.0000
10924.71,0.230735,-0.556869,-0.001024,0.0000,0.110437,-0.589372,0.000000,0.0000
10930.05,0.230735,-0.556869,-0.001024,0.0000,0.110437,-0.589372,0.000000,0.0000
10935.37,0.229612,-0.557637,-0.001015,0.0000,0.110437,-0.589372,0.000000,0.0000
10940.71,0.228313,-0.558445,-0.001014,0.0000,0.092705,-0.592613,0.000000,0.0000
10946.05,0.228313,-0.558445,-0.001014,0.0000,0.092705,-0.592613,0.000000,0.0000
10951.53,0.227274,-0.559359,-0.001040,0.0000,0.092705,-0.592613,0.000000,0.0000
10956.86,0.225989,-0.560108,-0.001026,0.0000,0.092705,-0.592613,0.000000,0.0000
10962.22,0.225989,-0.560108,-0.001026,0.0000,0.092705,-0.592613,0.000000,0.0000
10967.57,0.224750,-0.560923,-0.000929,0.0000,0.092705,-0.592613,0.000000,0.0000
10972.89,0.223541,-0.561743,-0.000899,0.0000,0.092705,-0.592613,0.000000,0.0000
10978.19,0.223541,-0.561743,-0.000899,0.0000,0.092705,-0.592613,0.000000,0.0000
10983.53,0.222285,-0.562527,-0.000884,0.0000,0.092705,-0.592613,0.000000,0.0000
10988.98,0.220977,-0.563336,-0.000859,0.0000,0.092705,-0.592613,0.000000,0.0000
10994.40,0.220977,-0.563336,-0.000859,0.0000,0.092705,-0.592613,0.000000,0.0000
10999.77,0.219778,-0.564152,-0.000882,0.0000,0.092705,-0.592613,0.000000,0.0000
11005.31,0.219778,-0.564152,-0.000882,0.0000,0.092705,-0.592613,0.000000,0.0000
11010.70,0.218417,-0.564856,-0.000832,0.0000,0.092705,-0.592613,0.000000,0.0000
11016.07,0.217245,-0.565687,-0.000857,0.0000,0.092705,-0.592613,0.000000,0.0000
11021.45,0.217245,-0.565687,-0.000857,0.0000,0.074607,-0.595269,0.000000,0.0000
11026.82,0.215832,-0.566406,-0.000907,0.0000,0.074607,-0.595269,0.000000,0.0000
11032.13,0.214595,-0.567261,-0.000899,0.0000,0.074607,-0.595269,0.000000,0.0000
11037.57,0.214595,-0.567261,-0.000899,0.0000,0.074607,-0.595269,0.000000,0.0000
11043.13,0.213173,-0.567946,-0.000876,0.0000,0.074607,-0.595269,0.000000,0.0000
11048.59,0.211865,-0.568639,-0.000855,0.0000,0.074607,-0.595269,0.000000,0.0000
11053.96,0.211865,-0.568639,-0.000855,0.0000,0.074607,-0.595269,0.000000,0.0000
11059.27,0.210495,-0.569474,-0.000905,0.0000,0.074607,-0.595269,0.000000,0.0000
11064.61,0.209130,-0.570052,-0.000878,0.0000,0.074607,-0.595269,0.000000,0.0000
11069.93,0.209130,-0.570052,-0.000878,0.0000,0.074607,-0.595269,0.000000,0.0000
11075.64,0.207774,-0.570966,-0.000955,0.0000,0.074607,-0.595269,0.000000,0.0000
11081.20,0.206276,-0.571499,-0.000881,0.0000,0.074607,-0.595269,0.000000,0.0000
11086.57,0.206276,-0.571499,-0.000881,0.0000,0.056214,-0.597337,0.000000,0.0000
11091.90,0.204884,-0.572209,-0.000884,0.0000,0.056214,-0.597337,0.000000,0.0000
11097.27,0.203392,-0.572867,-0.000811,0.0000,0.056214,-0.597337,0.000000,0.0000
11103.05,0.203392,-0.572867,-0.000811,0.0000,0.056214,-0.597337,0.000000,0.0000
11108.59,0.202014,-0.573528,-0.000890,0.0000,0.056214,-0.597337,0.000000,0.0000
11114.14,0.200467,-0.574251,-0.000910,0.0000,0.056214,-0.597337,0.000000,0.0000
11119.66,0.200467,-0.574251,-0.000910,0.0000,0.056214,-0.597337,0.000000,0.0000
11125.00,0.199096,-0.574912,-0.000867,0.0000,0.056214,-0.597337,0.000000,0.0000
11130.52,0.197535,-0.575529,-0.000818,0.0000,0.056214,-0.597337,0.000000,0.0000
11135.97,0.197535,-0.575529,-0.000818,0.0000,0.056214,-0.597337,0.000000,0.0000
11141.38,0.196110,-0.576277,-0.000862,0.0000,0.056214,-0.597337,0.000000,0.0000
11146.72,0.196110,-0.576277,-0.000862,0.0000,0.056214,-0.597337,0.000000,0.0000
11152.06,0.194639,-0.576905,-0.000943,0.0000,0.056214,-0.597337,0.000000,0.0000
11157.89,0.193164,-0.577574,-0.000928,0.0000,0.056214,-0.597337,0.000000,0.0000
11163.40,0.193164,-0.577574,-0.000928,0.0000,0.056214,-0.597337,0.000000,0.0000
11168.89,0.191622,-0.578244,-0.000922,0.0000,0.037600,-0.598816,0.000000,0.0000
11174.43,0.190103,-0.578828,-0.000966,0.0000,0.037600,-0.598816,0.000000,0.0000
11179.83,0.190103,-0.578828,-0.000966,0.0000,0.037600,-0.598816,0.000000,0.0000
11185.23,0.188602,-0.579464,-0.000976,0.0000,0.037600,-0.598816,0.000000,0.0000
11190.66,0.187009,-0.580030,-0.000967,0.0000,0.037600,-0.598816,0.000000,0.0000
11196.26,0.187009,-0.580030,-0.000967,0.0000,0.037600,-0.598816,0.000000,0.0000
11201.62,0.185557,-0.580768,-0.001091,0.0000,0.037600,-0.598816,0.000000,0.0000
11207.05,0.183864,-0.581229,-0.000977,0.0000,0.037600,-0.598816,0.000000,0.0000
11212.60,0.183864,-0.581229,-0.000977,0.0000,0.037600,-0.598816,0.000000,0.0000
11218.28,0.182280,-0.581792,-0.000939,0.0000,0.037600,-0.598816,0.000000,0.0000
11223.65,0.180699,-0.582417,-0.001044,0.0000,0.037600,-0.598816,0.000000,0.0000
11229.08,0.180699,-0.582417,-0.001044,0.0000,0.037600,-0.598816,0.000000,0.0000
11234.43,0.179080,-0.583000,-0.001014,0.0000,0.037600,-0.598816,0.000000,0.0000
11240.05,0.177552,-0.583576,-0.000979,0.0000,0.037600,-0.598816,0.000000,0.0000
11245.44,0.177552,-0.583576,-0.000979,0.0000,0.037600,-0.598816,0.000000,0.0000
11250.90,0.175751,-0.584057,-0.000891,0.0000,0.018837,-0.599704,0.000000,0.0000
11256.26,0.174272,-0.584833,-0.000956,0.0000,0.018837,-0.599704,0.000000,0.0000
11261.62,0.174272,-0.584833,-0.000956,0.0000,0.018837,-0.599704,0.000000,0.0000
11266.69,0.172561,-0.585339,-0.000951,0.0000,0.018837,-0.599704,0.000000,0.0000
11272.22,0.171042,-0.585959,-0.000989,0.0000,0.018837,-0.599704,0.000000,0.0000
11277.70,0.171042,-0.585959,-0.000989,0.0000,0.018837,-0.599704,0.000000,0.0000
11283.17,0.169256,-0.586463,-0.000915,0.0000,0.018837,-0.599704,0.000000,0.0000
11288.74,0.167563,-0.586988,-0.000886,0.0000,0.018837,-0.599704,0.000000,0.0000
11294.23,0.167563,-0.586988,-0.000886,0.0000,0.018837,-0.599704,0.000000,0.0000
11299.81,0.165922,-0.587559,-0.000923,0.0000,0.018837,-0.599704,0.000000,0.0000
11305.26,0.165922,-0.587559,-0.000923,0.0000,0.018837,-0.599704,0.000000,0.0000
11310.74,0.164210,-0.587977,-0.000938,0.0000,0.018837,-0.599704,0.000000,0.0000
11316.72,0.162523,-0.588614,-0.000878,0.0000,0.000000,-0.600000,0.000000,0.0000
11322.38,0.160750,-0.589030,-0.000782,0.0000,0.000000,-0.600000,0.000000,0.0000
11328.07,0.160750,-0.589030,-0.000782,0.0000,0.000000,-0.600000,0.000000,0.0000
11333.48,0.159093,-0.589587,-0.000763,0.0000,0.000000,-0.600000,0.000000,0.0000
11339.02,0.159093,-0.589587,-0.000763,0.0000,0.000000,-0.600000,0.000000,0.0000
11344.86,0.157372,-0.590084,-0.000723,0.0000,0.000000,-0.600000,0.000000,0.0000
11350.25,0.155703,-0.590652,-0.000704,0.0000,0.000000,-0.600000,0.000000,0.0000
11355.80,0.153838,-0.591194,-0.000614,0.0000,0.000000,-0.600000,0.000000,0.0000
11361.26,0.153838,-0.591194,-0.000614,0.0000,0.000000,-0.600000,0.000000,0.0000
11366.61,0.152138,-0.591593,-0.000484,0.0000,0.000000,-0.600000,0.000000,0.0000
11372.00,0.152138,-0.591593,-0.000484,0.0000,0.000000,-0.600000,0.000000,0.0000
11377.79,0.150321,-0.592190,-0.000503,0.0000,0.000000,-0.600000,0.000000,0.0000
11383.13,0.148562,-0.592649,-0.000500,0.0000,0.000000,-0.600000,0.000000,0.0000
11388.50,0.148562,-0.592649,-0.000500,0.0000,0.000000,-0.600000,0.000000,0.0000
11394.02,0.146906,-0.593200,-0.000517,0.0000,-0.018837,-0.599704,0.000000,0.0000
11399.56,0.144830,-0.593523,-0.000418,0.0000,-0.018837,-0.599704,0.000000,0.0000
11404.92,0.144830,-0.593523,-0.000418,0.0000,-0.018837,-0.599704,0.000000,0.0000
11410.25,0.143066,-0.593943,-0.000346,0.0000,-0.018837,-0.599704,0.000000,0.0000
11415.65,0.143066,-0.593943,-0.000346,0.0000,-0.018837,-0.599704,0.000000,0.0000
11421.04,0.141348,-0.594538,-0.000466,0.0000,-0.018837,-0.599704,0.000000,0.0000
11426.55,0.139368,-0.594838,-0.000348,0.0000,-0.018837,-0.599704,0.000000,0.0000
11432.01,0.137712,-0.595454,-0.000334,0.0000,-0.018837,-0.599704,0.000000,0.0000
11437.50,0.137712,-0.595454,-0.000334,0.0000,-0.018837,-0.599704,0.000000,0.0000
11442.89,0.135830,-0.595808,-0.000276,0.0000,-0.018837,-0.599704,0.000000,0.0000
11448.46,0.133968,-0.596331,-0.000259,0.0000,-0.018837,-0.599704,0.000000,0.0000
11453.81,0.133968,-0.596331,-0.000259,0.0000,-0.018837,-0.599704,0.000000,0.0000
11459.13,0.132219,-0.596782,-0.000206,0.0000,-0.018837,-0.599704,0.000000,0.0000
11464.47,0.130227,-0.597096,-0.000048,0.0000,-0.018837,-0.599704,0.000000,0.0000
11469.84,0.130227,-0.597096,-0.000048,0.0000,-0.018837,-0.599704,0.000000,0.0000
11475.13,0.128382,-0.597552,0.000017,0.0000,-0.018837,-0.599704,0.000000,0.0000
11480.70,0.126549,-0.598007,0.000070,0.0000,-0.037600,-0.598816,0.000000,0.0000
11486.06,0.126549,-0.598007,0.000070,0.0000,-0.037600,-0.598816,0.000000,0.0000
11491.41,0.124588,-0.598288,0.000169,0.0000,-0.037600,-0.598816,0.000000,0.0000
11496.77,0.124588,-0.598288,0.000169,0.0000,-0.037600,-0.598816,0.000000,0.0000
11502.13,0.122759,-0.598731,0.000147,0.0000,-0.037600,-0.598816,0.000000,0.0000
11507.48,0.120820,-0.599013,0.000268,0.0000,-0.037600,-0.598816,0.000000,0.0000
11512.82,0.120820,-0.599013,0.000268,0.0000,-0.037600,-0.598816,0.000000,0.0000
11518.27,0.118848,-0.599353,0.000347,0.0000,-0.037600,-0.598816,0.000000,0.0000
11523.67,0.118848,-0.599353,0.000347,0.0000,-0.037600,-0.598816,0.000000,0.0000
11529.04,0.116948,-0.599812,0.000326,0.0000,-0.037600,-0.598816,0.000000,0.0000
11534.40,0.115022,-0.599978,0.000463,0.0000,-0.037600,-0.598816,0.000000,0.0000
11539.91,0.113068,-0.600456,0.000403,0.0000,-0.056214,-0.597337,0.000000,0.0000
11545.28,0.113068,-0.600456,0.000403,0.0000,-0.056214,-0.597337,0.000000,0.0000
11550.63,0.111200,-0.600866,0.000472,0.0000,-0.056214,-0.597337,0.000000,0.0000
11556.01,0.109216,-0.601200,0.000545,0.0000,-0.056214,-0.597337,0.000000,0.0000
11561.33,0.109216,-0.601200,0.000545,0.0000,-0.056214,-0.597337,0.000000,0.0000
11566.67,0.107330,-0.601535,0.000557,0.0000,-0.056214,-0.597337,0.000000,0.0000
11572.01,0.107330,-0.601535,0.000557,0.0000,-0.056214,-0.597337,0.000000,0.0000
11577.64,0.105358,-0.601920,0.000616,0.0000,-0.056214,-0.597337,0.000000,0.0000
11583.13,0.103316,-0.602126,0.000772,0.0000,-0.056214,-0.597337,0.000000,0.0000
11588.54,0.103316,-0.602126,0.000772,0.0000,-0.056214,-0.597337,0.000000,0.0000
11593.90,0.101364,-0.602438,0.000888,0.0000,-0.056214,-0.597337,0.000000,0.0000
11599.79,0.099395,-0.602701,0.000918,0.0000,-0.056214,-0.597337,0.000000,0.0000
11605.13,0.099395,-0.602701,0.000918,0.0000,-0.056214,-0.597337,0.000000,0.0000
11610.51,0.097427,-0.603001,0.001003,0.0000,-0.056214,-0.597337,0.000000,0.0000
11615.85,0.095425,-0.603293,0.001040,0.0000,-0.056214,-0.597337,0.000000,0.0000
11621.25,0.095425,-0.603293,0.001040,0.0000,-0.074607,-0.595269,0.000000,0.0000
11626.94,0.093464,-0.603530,0.001122,0.0000,-0.074607,-0.595269,0.000000,0.0000
11632.24,0.091399,-0.603839,0.001114,0.0000,-0.074607,-0.595269,0.000000,0.0000
11637.61,0.091399,-0.603839,0.001114,0.0000,-0.074607,-0.595269,0.000000,0.0000
11642.96,0.089517,-0.604070,0.001087,0.0000,-0.074607,-0.595269,0.000000,0.0000
11648.33,0.087490,-0.604436,0.001109,0.0000,-0.074607,-0.595269,0.000000,0.0000
11653.71,0.087490,-0.604436,0.001109,0.0000,-0.074607,-0.595269,0.000000,0.0000
11659.06,0.085395,-0.604530,0.001229,0.0000,-0.074607,-0.595269,0.000000,0.0000
11664.45,0.083382,-0.604756,0.001257,0.0000,-0.074607,-0.595269,0.000000,0.0000
11669.80,0.083382,-0.604756,0.001257,0.0000,-0.074607,-0.595269,0.000000,0.0000
11675.13,0.081453,-0.605050,0.001287,0.0000,-0.074607,-0.595269,0.000000,0.0000
11680.50,0.081453,-0.605050,0.001287,0.0000,-0.074607,-0.595269,0.000000,0.0000
11686.00,0.079369,-0.605364,0.001316,0.0000,-0.074607,-0.595269,0.000000,0.0000
11691.34,0.077335,-0.605357,0.001398,0.0000,-0.074607,-0.595269,0.000000,0.0000
11696.71,0.077335,-0.605357,0.001398,0.0000,-0.074607,-0.595269,0.000000,0.0000
11702.07,0.075430,-0.605746,0.001461,0.0000,-0.092705,-0.592613,0.000000,0.0000
11707.40,0.073288,-0.605946,0.001417,0.0000,-0.092705,-0.592613,0.000000,0.0000
11712.74,0.073288,-0.605946,0.001417,0.0000,-0.092705,-0.592613,0.000000,0.0000
11718.20,0.071227,-0.605940,0.001530,0.0000,-0.092705,-0.592613,0.000000,0.0000
11723.64,0.071227,-0.605940,0.001530,0.0000,-0.092705,-0.592613,0.000000,0.0000
11728.99,0.069248,-0.606292,0.001436,0.0000,-0.092705,-0.592613,0.000000,0.0000
11734.40,0.067221,-0.606408,0.001500,0.0000,-0.092705,-0.592613,0.000000,0.0000
11739.89,0.064963,-0.606422,0.001627,0.0000,-0.092705,-0.592613,0.000000,0.0000
11745.34,0.064963,-0.606422,0.001627,0.0000,-0.092705,-0.592613,0.000000,0.0000
11750.70,0.062982,-0.606550,0.001636,0.0000,-0.092705,-0.592613,0.000000,0.0000
11756.10,0.060882,-0.606768,0.001648,0.0000,-0.092705,-0.592613,0.000000,0.0000
11761.49,0.060882,-0.606768,0.001648,0.0000,-0.092705,-0.592613,0.000000,0.0000
11767.13,0.058819,-0.606810,0.001761,0.0000,-0.110437,-0.589372,0.000000,0.0000
11772.57,0.056649,-0.606962,0.001829,0.0000,-0.110437,-0.589372,0.000000,0.0000
11777.95,0.056649,-0.606962,0.001829,0.0000,-0.110437,-0.589372,0.000000,0.0000
11783.42,0.054658,-0.607061,0.001932,0.0000,-0.110437,-0.589372,0.000000,0.0000
11789.17,0.052601,-0.607187,0.001897,0.0000,-0.110437,-0.589372,0.000000,0.0000
11794.53,0.052601,-0.607187,0.001897,0.0000,-0.110437,-0.589372,0.000000,0.0000
11799.88,0.050472,-0.607423,0.001821,0.0000,-0.110437,-0.589372,0.000000,0.0000
11805.21,0.050472,-0.607423,0.001821,0.0000,-0.110437,-0.589372,0.000000,0.0000
11810.53,0.048416,-0.607337,0.001915,0.0000,-0.110437,-0.589372,0.000000,0.0000
11815.87,0.046311,-0.607493,0.001868,0.0000,-0.110437,-0.589372,0.000000,0.0000
11821.19,0.046311,-0.607493,0.001868,0.0000,-0.110437,-0.589372,0.000000,0.0000
11826.55,0.044261,-0.607553,0.001877,0.0000,-0.110437,-0.589372,0.000000,0.0000
11831.91,0.042089,-0.607655,0.001869,0.0000,-0.110437,-0.589372,0.000000,0.0000
11837.24,0.042089,-0.607655,0.001869,0.0000,-0.110437,-0.589372,0.000000,0.0000
11842.57,0.040089,-0.607516,0.001970,0.0000,-0.110437,-0.589372,0.000000,0.0000
11848.01,0.037985,-0.607705,0.001963,0.0000,-0.127734,-0.585550,0.000000,0.0000
11853.42,0.037985,-0.607705,0.001963,0.0000,-0.127734,-0.585550,0.000000,0.0000
11858.77,0.035863,-0.607793,0.001952,0.0000,-0.127734,-0.585550,0.000000,0.0000
11864.13,0.033662,-0.607568,0.002128,0.0000,-0.127734,-0.585550,0.000000,0.0000
11869.47,0.033662,-0.607568,0.002128,0.0000,-0.127734,-0.585550,0.000000,0.0000
11874.83,0.031540,-0.607698,0.002051,0.0000,-0.127734,-0.585550,0.000000,0.0000
11880.13,0.031540,-0.607698,0.002051,0.0000,-0.127734,-0.585550,0.000000,0.0000
11885.46,0.029473,-0.607793,0.002015,0.0000,-0.127734,-0.585550,0.000000,0.0000
11890.58,0.027295,-0.607806,0.001951,0.0000,-0.127734,-0.585550,0.000000,0.0000
11895.92,0.027295,-0.607806,0.001951,0.0000,-0.127734,-0.585550,0.000000,0.0000
11901.27,0.025120,-0.607532,0.001993,0.0000,-0.127734,-0.585550,0.000000,0.0000
11906.74,0.022942,-0.607669,0.002061,0.0000,-0.127734,-0.585550,0.000000,0.0000
11912.06,0.022942,-0.607669,0.002061,0.0000,-0.127734,-0.585550,0.000000,0.0000
11917.47,0.020898,-0.607711,0.002050,0.0000,-0.127734,-0.585550,0.000000,0.0000
11922.78,0.020898,-0.607711,0.002050,0.0000,-0.127734,-0.585550,0.000000,0.0000
11928.07,0.018709,-0.607592,0.002195,0.0000,-0.144526,-0.581150,0.000000,0.0000
11933.39,0.016555,-0.607416,0.002191,0.0000,-0.144526,-0.581150,0.000000,0.0000
11938.75,0.016555,-0.607416,0.002191,0.0000,-0.144526,-0.581150,0.000000,0.0000
11944.12,0.014428,-0.607465,0.002206,0.0000,-0.144526,-0.581150,0.000000,0.0000
11949.51,0.012356,-0.607529,0.002181,0.0000,-0.144526,-0.581150,0.000000,0.0000
11954.87,0.012356,-0.607529,0.002181,0.0000,-0.144526,-0.581150,0.000000,0.0000
11960.18,0.010219,-0.607274,0.002186,0.0000,-0.144526,-0.581150,0.000000,0.0000
11965.50,0.007986,-0.607187,0.002267,0.0000,-0.144526,-0.581150,0.000000,0.0000
11970.89,0.007986,-0.607187,0.002267,0.0000,-0.144526,-0.581150,0.000000,0.0000
11976.19,0.005921,-0.607147,0.002205,0.0000,-0.144526,-0.581150,0.000000,0.0000
11981.62,0.003810,-0.607188,0.002194,0.0000,-0.144526,-0.581150,0.000000,0.0000
11986.95,0.003810,-0.607188,0.002194,0.0000,-0.144526,-0.581150,0.000000,0.0000
11992.97,0.001629,-0.606886,0.002252,0.0000,-0.160748,-0.576176,0.000000,0.0000
11998.42,-0.000640,-0.606582,0.002352,0.0000,-0.160748,-0.576176,0.000000,0.0000
12003.80,-0.000640,-0.606582,0.002352,0.0000,-0.160748,-0.576176,0.000000,0.0000
12009.16,-0.002752,-0.606608,0.002276,0.0000,-0.160748,-0.576176,0.000000,0.0000
12014.48,-0.004791,-0.606525,0.002171,0.0000,-0.160748,-0.576176,0.000000,0.0000
12019.82,-0.004791,-0.606525,0.002171,0.0000,-0.160748,-0.576176,0.000000,0.0000
12025.25,-0.006996,-0.606390,0.002149,0.0000,-0.160748,-0.576176,0.000000,0.0000
12030.62,-0.006996,-0.606390,0.002149,0.0000,-0.160748,-0.576176,0.000000,0.0000
12035.97,-0.009182,-0.606064,0.002117,0.0000,-0.160748,-0.576176,0.000000,0.0000
12041.32,-0.011399,-0.605925,0.002129,0.0000,-0.160748,-0.576176,0.000000,0.0000
12046.68,-0.011399,-0.605925,0.002129,0.0000,-0.160748,-0.576176,0.000000,0.0000
12052.07,-0.013413,-0.605888,0.002117,0.0000,-0.160748,-0.576176,0.000000,0.0000
12057.45,-0.015666,-0.605704,0.002192,0.0000,-0.160748,-0.576176,0.000000,0.0000
12062.80,-0.015666,-0.605704,0.002192,0.0000,-0.160748,-0.576176,0.000000,0.0000
12068.16,-0.017924,-0.605352,0.002239,0.0000,-0.160748,-0.576176,0.000000,0.0000
12073.84,-0.020008,-0.605105,0.002192,0.0000,-0.176336,-0.570634,0.000000,0.0000
12079.19,-0.020008,-0.605105,0.002192,0.0000,-0.176336,-0.570634,0.000000,0.0000
12084.69,-0.022199,-0.605139,0.002083,0.0000,-0.176336,-0.570634,0.000000,0.0000
12090.07,-0.024291,-0.604944,0.002055,0.0000,-0.176336,-0.570634,0.000000,0.0000
12095.41,-0.024291,-0.604944,0.002055,0.0000,-0.176336,-0.570634,0.000000,0.0000
12100.74,-0.026445,-0.604675,0.002114,0.0000,-0.176336,-0.570634,0.000000,0.0000
12106.07,-0.028691,-0.604252,0.002160,0.0000,-0.176336,-0.570634,0.000000,0.0000
12111.43,-0.028691,-0.604252,0.002160,0.0000,-0.176336,-0.570634,0.000000,0.0000
12116.78,-0.030815,-0.603987,0.002230,0.0000,-0.176336,-0.570634,0.000000,0.0000
12122.26,-0.032968,-0.603918,0.002118,0.0000,-0.176336,-0.570634,0.000000,0.0000
12127.72,-0.032968,-0.603918,0.002118,0.0000,-0.176336,-0.570634,0.000000,0.0000
12133.14,-0.035020,-0.603613,0.002086,0.0000,-0.176336,-0.570634,0.000000,0.0000
12138.47,-0.035020,-0.603613,0.002086,0.0000,-0.176336,-0.570634,0.000000,0.0000
12143.85,-0.037320,-0.603395,0.002019,0.0000,-0.176336,-0.570634,0.000000,0.0000
12149.34,-0.039463,-0.602970,0.001974,0.0000,-0.176336,-0.570634,0.000000,0.0000
12154.69,-0.039463,-0.602970,0.001974,0.0000,-0.191227,-0.564528,0.000000,0.0000
12160.04,-0.041503,-0.602749,0.001951,0.0000,-0.191227,-0.564528,0.000000,0.0000
12165.41,-0.043687,-0.602536,0.001925,0.0000,-0.191227,-0.564528,0.000000,0.0000
12170.76,-0.043687,-0.602536,0.001925,0.0000,-0.191227,-0.564528,0.000000,0.0000
12175.79,-0.045880,-0.602157,0.001995,0.0000,-0.191227,-0.564528,0.000000,0.0000
12181.13,-0.048057,-0.602008,0.001868,0.0000,-0.191227,-0.564528,0.000000,0.0000
12186.46,-0.048057,-0.602008,0.001868,0.0000,-0.191227,-0.564528,0.000000,0.0000
12191.78,-0.050093,-0.601593,0.001840,0.0000,-0.191227,-0.564528,0.000000,0.0000
12197.48,-0.052235,-0.601327,0.001709,0.0000,-0.191227,-0.564528,0.000000,0.0000
12202.89,-0.052235,-0.601327,0.001709,0.0000,-0.191227,-0.564528,0.000000,0.0000
12208.25,-0.054411,-0.600953,0.001713,0.0000,-0.191227,-0.564528,0.000000,0.0000
12213.61,-0.054411,-0.600953,0.001713,0.0000,-0.205364,-0.557866,0.000000,0.0000
12218.95,-0.056576,-0.600530,0.001719,0.0000,-0.205364,-0.557866,0.000000,0.0000
12224.33,-0.058650,-0.600401,0.001619,0.0000,-0.205364,-0.557866,0.000000,0.0000
12229.66,-0.058650,-0.600401,0.001619,0.0000,-0.205364,-0.557866,0.000000,0.0000
12235.13,-0.060753,-0.599967,0.001664,0.0000,-0.205364,-0.557866,0.000000,0.0000
12240.47,-0.062952,-0.599643,0.001568,0.0000,-0.205364,-0.557866,0.000000,0.0000
12245.81,-0.062952,-0.599643,0.001568,0.0000,-0.205364,-0.557866,0.000000,0.0000
12251.31,-0.065164,-0.599175,0.001565,0.0000,-0.205364,-0.557866,0.000000,0.0000
12256.88,-0.067240,-0.598689,0.001499,0.0000,-0.205364,-0.557866,0.000000,0.0000
12262.19,-0.067240,-0.598689,0.001499,0.0000,-0.205364,-0.557866,0.000000,0.0000
12267.51,-0.069384,-0.598403,0.001459,0.0000,-0.205364,-0.557866,0.000000,0.0000
12272.86,-0.071459,-0.598016,0.001414,0.0000,-0.205364,-0.557866,0.000000,0.0000
12278.19,-0.071459,-0.598016,0.001414,0.0000,-0.205364,-0.557866,0.000000,0.0000
12283.52,-0.073631,-0.597611,0.001403,0.0000,-0.205364,-0.557866,0.000000,0.0000
12288.92,-0.075811,-0.597304,0.001323,0.0000,-0.205364,-0.557866,0.000000,0.0000
12294.30,-0.075811,-0.597304,0.001323,0.0000,-0.205364,-0.557866,0.000000,0.0000
12299.39,-0.077732,-0.596949,0.001154,0.0000,-0.218691,-0.550653,0.000000,0.0000
12304.73,-0.077732,-0.596949,0.001154,0.0000,-0.218691,-0.550653,0.000000,0.0000
12310.13,-0.079888,-0.596584,0.001083,0.0000,-0.218691,-0.550653,0.000000,0.0000
12315.50,-0.082096,-0.596059,0.001047,0.0000,-0.218691,-0.550653,0.000000,0.0000
12320.82,-0.082096,-0.596059,0.001047,0.0000,-0.218691,-0.550653,0.000000,0.0000
12326.45,-0.084221,-0.595530,0.001110,0.0000,-0.218691,-0.550653,0.000000,0.0000
12331.78,-0.086373,-0.595245,0.000955,0.0000,-0.218691,-0.550653,0.000000,0.0000
12337.13,-0.086373,-0.595245,0.000955,0.0000,-0.218691,-0.550653,0.000000,0.0000
12342.59,-0.088419,-0.594731,0.000979,0.0000,-0.218691,-0.550653,0.000000,0.0000
12347.92,-0.090550,-0.594409,0.000819,0.0000,-0.218691,-0.550653,0.000000,0.0000
12353.25,-0.090550,-0.594409,0.000819,0.0000,-0.218691,-0.550653,0.000000,0.0000
12358.63,-0.092692,-0.593975,0.000825,0.0000,-0.218691,-0.550653,0.000000,0.0000
12363.96,-0.094695,-0.593565,0.000754,0.0000,-0.218691,-0.550653,0.000000,0.0000
12369.25,-0.094695,-0.593565,0.000754,0.0000,-0.218691,-0.550653,0.000000,0.0000
12374.64,-0.096723,-0.593182,0.000684,0.0000,-0.218691,-0.550653,0.000000,0.0000
12380.05,-0.096723,-0.593182,0.000684,0.0000,-0.231154,-0.542896,0.000000,0.0000
12385.41,-0.098837,-0.592661,0.000707,0.0000,-0.231154,-0.542896,0.000000,0.0000
12390.73,-0.100928,-0.592117,0.000650,0.0000,-0.231154,-0.542896,0.000000,0.0000
12396.07,-0.100928,-0.592117,0.000650,0.0000,-0.231154,-0.542896,0.000000,0.0000
12402.07,-0.103016,-0.591835,0.000545,0.0000,-0.231154,-0.542896,0.000000,0.0000
12407.47,-0.105067,-0.591286,0.000499,0.0000,-0.231154,-0.542896,0.000000,0.0000
12412.79,-0.105067,-0.591286,0.000499,0.0000,-0.231154,-0.542896,0.000000,0.0000
12418.50,-0.107128,-0.590797,0.000508,0.0000,-0.231154,-0.542896,0.000000,0.0000
12423.83,-0.109270,-0.590361,0.000460,0.0000,-0.231154,-0.542896,0.000000,0.0000
12429.13,-0.109270,-0.590361,0.000460,0.0000,-0.231154,-0.542896,0.000000,0.0000
12434.52,-0.111279,-0.589881,0.000454,0.0000,-0.231154,-0.542896,0.000000,0.0000
12440.30,-0.113274,-0.589508,0.000399,0.0000,-0.231154,-0.542896,0.000000,0.0000
12445.64,-0.113274,-0.589508,0.000399,0.0000,-0.231154,-0.542896,0.000000,0.0000
12450.96,-0.115376,-0.589016,0.000307,0.0000,-0.231154,-0.542896,0.000000,0.0000
12456.34,-0.117443,-0.588374,0.000331,0.0000,-0.231154,-0.542896,0.000000,0.0000
12461.68,-0.117443,-0.588374,0.000331,0.0000,-0.242705,-0.534604,0.000000,0.0000
12467.03,-0.119497,-0.587928,0.000254,0.0000,-0.242705,-0.534604,0.000000,0.0000
12472.41,-0.121450,-0.587408,0.000246,0.0000,-0.242705,-0.534604,0.000000,0.0000
12477.75,-0.121450,-0.587408,0.000246,0.0000,-0.242705,-0.534604,0.000000,0.0000
12483.76,-0.123499,-0.586846,0.000230,0.0000,-0.242705,-0.534604,0.000000,0.0000
12489.16,-0.125571,-0.586406,0.000179,0.0000,-0.242705,-0.534604,0.000000,0.0000
12494.50,-0.125571,-0.586406,0.000179,0.0000,-0.242705,-0.534604,0.000000,0.0000
12500.29,-0.127434,-0.585901,0.000066,0.0000,-0.242705,-0.534604,0.000000,0.0000
12505.71,-0.129555,-0.585231,0.000089,0.0000,-0.242705,-0.534604,0.000000,0.0000
12511.16,-0.129555,-0.585231,0.000089,0.0000,-0.242705,-0.534604,0.000000,0.0000
12516.57,-0.131554,-0.584700,0.000079,0.0000,-0.242705,-0.534604,0.000000,0.0000
12522.01,-0.131554,-0.584700,0.000079,0.0000,-0.253298,-0.525784,0.000000,0.0000
12527.67,-0.133583,-0.584191,0.000030,0.0000,-0.253298,-0.525784,0.000000,0.0000
12533.00,-0.135475,-0.583676,0.000020,0.0000,-0.253298,-0.525784,0.000000,0.0000
12538.31,-0.135475,-0.583676,0.000020,0.0000,-0.253298,-0.525784,0.000000,0.0000
12543.65,-0.137533,-0.583201,-0.000063,0.0000,-0.253298,-0.525784,0.000000,0.0000
12548.99,-0.139474,-0.582577,-0.000114,0.0000,-0.253298,-0.525784,0.000000,0.0000
12554.31,-0.139474,-0.582577,-0.000114,0.0000,-0.253298,-0.525784,0.000000,0.0000
12559.64,-0.141450,-0.582047,-0.000191,0.0000,-0.253298,-0.525784,0.000000,0.0000
12565.15,-0.143401,-0.581546,-0.000242,0.0000,-0.253298,-0.525784,0.000000,0.0000
12570.50,-0.143401,-0.581546,-0.000242,0.0000,-0.253298,-0.525784,0.000000,0.0000
12575.95,-0.145353,-0.580961,-0.000266,0.0000,-0.253298,-0.525784,0.000000,0.0000
12581.58,-0.147319,-0.580354,-0.000358,0.0000,-0.253298,-0.525784,0.000000,0.0000
12586.95,-0.147319,-0.580354,-0.000358,0.0000,-0.253298,-0.525784,0.000000,0.0000
12592.31,-0.149147,-0.579841,-0.000344,0.0000,-0.253298,-0.525784,0.000000,0.0000
12597.63,-0.151114,-0.579249,-0.000377,0.0000,-0.253298,-0.525784,0.000000,0.0000
12602.98,-0.151114,-0.579249,-0.000377,0.0000,-0.262892,-0.516445,0.000000,0.0000
12608.30,-0.153041,-0.578597,-0.000376,0.0000,-0.262892,-0.516445,0.000000,0.0000
12613.74,-0.154924,-0.578067,-0.000374,0.0000,-0.262892,-0.516445,0.000000,0.0000
12619.19,-0.154924,-0.578067,-0.000374,0.0000,-0.262892,-0.516445,0.000000,0.0000
12624.63,-0.156787,-0.577480,-0.000409,0.0000,-0.262892,-0.516445,0.000000,0.0000
12630.07,-0.156787,-0.577480,-0.000409,0.0000,-0.262892,-0.516445,0.000000,0.0000
12635.41,-0.158666,-0.576893,-0.000397,0.0000,-0.262892,-0.516445,0.000000,0.0000
12640.93,-0.160597,-0.576281,-0.000419,0.0000,-0.262892,-0.516445,0.000000,0.0000
12646.24,-0.160597,-0.576281,-0.000419,0.0000,-0.262892,-0.516445,0.000000,0.0000
12651.57,-0.162447,-0.575689,-0.000436,0.0000,-0.262892,-0.516445,0.000000,0.0000
12656.90,-0.164294,-0.575093,-0.000454,0.0000,-0.262892,-0.516445,0.000000,0.0000
12662.25,-0.164294,-0.575093,-0.000454,0.0000,-0.262892,-0.516445,0.000000,0.0000
12668.25,-0.166186,-0.574446,-0.000505,0.0000,-0.262892,-0.516445,0.000000,0.0000
12673.59,-0.167977,-0.573889,-0.000546,0.0000,-0.262892,-0.516445,0.000000,0.0000
12678.94,-0.167977,-0.573889,-0.000546,0.0000,-0.262892,-0.516445,0.000000,0.0000
12684.36,-0.169816,-0.573260,-0.000586,0.0000,-0.271448,-0.506597,0.000000,0.0000
12689.79,-0.171614,-0.572607,-0.000583,0.0000,-0.271448,-0.506597,0.000000,0.0000
12695.07,-0.171614,-0.572607,-0.000583,0.0000,-0.271448,-0.506597,0.000000,0.0000
12700.41,-0.173413,-0.572066,-0.000628,0.0000,-0.271448,-0.506597,0.000000,0.0000
12705.77,-0.175241,-0.571416,-0.000670,0.0000,-0.271448,-0.506597,0.000000,0.0000
12711.13,-0.175241,-0.571416,-0.000670,0.0000,-0.271448,-0.506597,0.000000,0.0000
12716.44,-0.177006,-0.570740,-0.000697,0.0000,-0.271448,-0.506597,0.000000,0.0000
12721.80,-0.177006,-0.570740,-0.000697,0.0000,-0.271448,-0.506597,0.000000,0.0000
12727.19,-0.178778,-0.570143,-0.000769,0.0000,-0.271448,-0.506597,0.000000,0.0000
12732.79,-0.180557,-0.569484,-0.000810,0.0000,-0.271448,-0.506597,0.000000,0.0000
12738.13,-0.180557,-0.569484,-0.000810,0.0000,-0.271448,-0.506597,0.000000,0.0000
12743.57,-0.182340,-0.568834,-0.000819,0.0000,-0.271448,-0.506597,0.000000,0.0000
12748.99,-0.184061,-0.568141,-0.000898,0.0000,-0.278933,-0.496248,0.000000,0.0000
12754.36,-0.184061,-0.568141,-0.000898,0.0000,-0.278933,-0.496248,0.000000,0.0000
12759.74,-0.185766,-0.567471,-0.000893,0.0000,-0.278933,-0.496248,0.000000,0.0000
12765.06,-0.187534,-0.566840,-0.000963,0.0000,-0.278933,-0.496248,0.000000,0.0000
12770.82,-0.187534,-0.566840,-0.000963,0.0000,-0.278933,-0.496248,0.000000,0.0000
12776.13,-0.189155,-0.566184,-0.000973,0.0000,-0.278933,-0.496248,0.000000,0.0000
12781.51,-0.190901,-0.565430,-0.000996,0.0000,-0.278933,-0.496248,0.000000,0.0000
12786.91,-0.190901,-0.565430,-0.000996,0.0000,-0.278933,-0.496248,0.000000,0.0000
12792.27,-0.192582,-0.564752,-0.001061,0.0000,-0.278933,-0.496248,0.000000,0.0000
12797.61,-0.194256,-0.564109,-0.001099,0.0000,-0.278933,-0.496248,0.000000,0.0000
12802.93,-0.194256,-0.564109,-0.001099,0.0000,-0.278933,-0.496248,0.000000,0.0000
12808.25,-0.195939,-0.563326,-0.001152,0.0000,-0.278933,-0.496248,0.000000,0.0000
12813.57,-0.195939,-0.563326,-0.001152,0.0000,-0.278933,-0.496248,0.000000,0.0000
12818.91,-0.197579,-0.562624,-0.001211,0.0000,-0.278933,-0.496248,0.000000,0.0000
12824.25,-0.199216,-0.561872,-0.001277,0.0000,-0.278933,-0.496248,0.000000,0.0000
12829.59,-0.199216,-0.561872,-0.001277,0.0000,-0.285317,-0.485410,0.000000,0.0000
12834.94,-0.200880,-0.561163,-0.001326,0.0000,-0.285317,-0.485410,0.000000,0.0000
12840.24,-0.202443,-0.560402,-0.001346,0.0000,-0.285317,-0.485410,0.000000,0.0000
12845.57,-0.202443,-0.560402,-0.001346,0.0000,-0.285317,-0.485410,0.000000,0.0000
12851.18,-0.204048,-0.559635,-0.001379,0.0000,-0.285317,-0.485410,0.000000,0.0000
12856.96,-0.205671,-0.558908,-0.001468,0.0000,-0.285317,-0.485410,0.000000,0.0000
12862.40,-0.205671,-0.558908,-0.001468,0.0000,-0.285317,-0.485410,0.000000,0.0000
12867.72,-0.207135,-0.558139,-0.001485,0.0000,-0.285317,-0.485410,0.000000,0.0000
12872.78,-0.208758,-0.557389,-0.001591,0.0000,-0.285317,-0.485410,0.000000,0.0000
12878.13,-0.208758,-0.557389,-0.001591,0.0000,-0.285317,-0.485410,0.000000,0.0000
12883.44,-0.210239,-0.556661,-0.001706,0.0000,-0.285317,-0.485410,0.000000,0.0000
12888.94,-0.211806,-0.555862,-0.001774,0.0000,-0.285317,-0.485410,0.000000,0.0000
12894.28,-0.211806,-0.555862,-0.001774,0.0000,-0.285317,-0.485410,0.000000,0.0000
12899.67,-0.213347,-0.555009,-0.001816,0.0000,-0.285317,-0.485410,0.000000,0.0000
12905.03,-0.213347,-0.555009,-0.001816,0.0000,-0.285317,-0.485410,0.000000,0.0000
12910.33,-0.214809,-0.554236,-0.001829,0.0000,-0.290575,-0.474093,0.000000,0.0000
12915.74,-0.216311,-0.553349,-0.001857,0.0000,-0.290575,-0.474093,0.000000,0.0000
12921.18,-0.216311,-0.553349,-0.001857,0.0000,-0.290575,-0.474093,0.000000,0.0000
12926.54,-0.217782,-0.552583,-0.001964,0.0000,-0.290575,-0.474093,0.000000,0.0000
12931.91,-0.219278,-0.551774,-0.002031,0.0000,-0.290575,-0.474093,0.000000,0.0000
12937.25,-0.219278,-0.551774,-0.002031,0.0000,-0.290575,-0.474093,0.000000,0.0000
12942.62,-0.220706,-0.550920,-0.002097,0.0000,-0.290575,-0.474093,0.000000,0.0000
12947.96,-0.222142,-0.550080,-0.002137,0.0000,-0.290575,-0.474093,0.000000,0.0000
12953.36,-0.222142,-0.550080,-0.002137,0.0000,-0.290575,-0.474093,0.000000,0.0000
12958.96,-0.223613,-0.549165,-0.002154,0.0000,-0.290575,-0.474093,0.000000,0.0000
12964.28,-0.224936,-0.548305,-0.002137,0.0000,-0.290575,-0.474093,0.000000,0.0000
12969.67,-0.224936,-0.548305,-0.002137,0.0000,-0.290575,-0.474093,0.000000,0.0000
12975.44,-0.226319,-0.547477,-0.002236,0.0000,-0.294686,-0.462308,0.000000,0.0000
12980.85,-0.227698,-0.546676,-0.002292,0.0000,-0.294686,-0.462308,0.000000,0.0000
12986.19,-0.227698,-0.546676,-0.002292,0.0000,-0.294686,-0.462308,0.000000,0.0000
12991.61,-0.229051,-0.545796,-0.002325,0.0000,-0.294686,-0.462308,0.000000,0.0000
12997.03,-0.230386,-0.544860,-0.002388,0.0000,-0.294686,-0.462308,0.000000,0.0000
13002.55,-0.230386,-0.544860,-0.002388,0.0000,-0.294686,-0.462308,0.000000,0.0000
13007.90,-0.231747,-0.543970,-0.002445,0.0000,-0.294686,-0.462308,0.000000,0.0000
13013.33,-0.231747,-0.543970,-0.002445,0.0000,-0.294686,-0.462308,0.000000,0.0000
13018.67,-0.233021,-0.543055,-0.002477,0.0000,-0.294686,-0.462308,0.000000,0.0000
13024.42,-0.234274,-0.542178,-0.002449,0.0000,-0.294686,-0.462308,0.000000,0.0000
13029.82,-0.234274,-0.542178,-0.002449,0.0000,-0.294686,-0.462308,0.000000,0.0000
13035.18,-0.235609,-0.541190,-0.002513,0.0000,-0.294686,-0.462308,0.000000,0.0000
13040.72,-0.236842,-0.540255,-0.002543,0.0000,-0.294686,-0.462308,0.000000,0.0000
13046.06,-0.236842,-0.540255,-0.002543,0.0000,-0.294686,-0.462308,0.000000,0.0000
13051.44,-0.238169,-0.539297,-0.002628,0.0000,-0.294686,-0.462308,0.000000,0.0000
13056.89,-0.239287,-0.538376,-0.002686,0.0000,-0.297634,-0.450067,0.000000,0.0000
13062.19,-0.239287,-0.538376,-0.002686,0.0000,-0.297634,-0.450067,0.000000,0.0000
13067.56,-0.240612,-0.537386,-0.002698,0.0000,-0.297634,-0.450067,0.000000,0.0000
13072.89,-0.241773,-0.536464,-0.002672,0.0000,-0.297634,-0.450067,0.000000,0.0000
13078.55,-0.241773,-0.536464,-0.002672,0.0000,-0.297634,-0.450067,0.000000,0.0000
13083.89,-0.242919,-0.535409,-0.002663,0.0000,-0.297634,-0.450067,0.000000,0.0000
13089.19,-0.244085,-0.534410,-0.002705,0.0000,-0.297634,-0.450067,0.000000,0.0000
13094.63,-0.244085,-0.534410,-0.002705,0.0000,-0.297634,-0.450067,0.000000,0.0000
13099.96,-0.245273,-0.533406,-0.002771,0.0000,-0.297634,-0.450067,0.000000,0.0000
13105.25,-0.245273,-0.533406,-0.002771,0.0000,-0.297634,-0.450067,0.000000,0.0000
13110.57,-0.246361,-0.532389,-0.002797,0.0000,-0.297634,-0.450067,0.000000,0.0000
13116.13,-0.247531,-0.531260,-0.002842,0.0000,-0.297634,-0.450067,0.000000,0.0000
13121.46,-0.247531,-0.531260,-0.002842,0.0000,-0.297634,-0.450067,0.000000,0.0000
13126.81,-0.248560,-0.530335,-0.002835,0.0000,-0.297634,-0.450067,0.000000,0.0000
13132.13,-0.249681,-0.529225,-0.002777,0.0000,-0.297634,-0.450067,0.000000,0.0000
13137.46,-0.249681,-0.529225,-0.002777,0.0000,-0.299408,-0.437381,0.000000,0.0000
13142.80,-0.250787,-0.528163,-0.002754,0.0000,-0.299408,-0.437381,0.000000,0.0000
13148.36,-0.251860,-0.527114,-0.002803,0.0000,-0.299408,-0.437381,0.000000,0.0000
13153.69,-0.251860,-0.527114,-0.002803,0.0000,-0.299408,-0.437381,0.000000,0.0000
13159.18,-0.252804,-0.526104,-0.002839,0.0000,-0.299408,-0.437381,0.000000,0.0000
13164.54,-0.253964,-0.524950,-0.002851,0.0000,-0.299408,-0.437381,0.000000,0.0000
13169.89,-0.253964,-0.524950,-0.002851,0.0000,-0.299408,-0.437381,0.000000,0.0000
13175.38,-0.254907,-0.523934,-0.002873,0.0000,-0.299408,-0.437381,0.000000,0.0000
13180.47,-0.255882,-0.522877,-0.002857,0.0000,-0.299408,-0.437381,0.000000,0.0000
13185.82,-0.255882,-0.522877,-0.002857,0.0000,-0.299408,-0.437381,0.000000,0.0000
13191.24,-0.256850,-0.521771,-0.002789,0.0000,-0.299408,-0.437381,0.000000,0.0000
13196.62,-0.256850,-0.521771,-0.002789,0.0000,-0.300000,-0.424264,0.000000,0.0000
13201.98,-0.257859,-0.520662,-0.002849,0.0000,-0.300000,-0.424264,0.000000,0.0000
13207.31,-0.258759,-0.519655,-0.002871,0.0000,-0.300000,-0.424264,0.000000,0.0000
13212.66,-0.258759,-0.519655,-0.002871,0.0000,-0.300000,-0.424264,0.000000,0.0000
13218.39,-0.259681,-0.518411,-0.002891,0.0000,-0.300000,-0.424264,0.000000,0.0000
13223.73,-0.260610,-0.517354,-0.002881,0.0000,-0.300000,-0.424264,0.000000,0.0000
13229.07,-0.260610,-0.517354,-0.002881,0.0000,-0.300000,-0.424264,0.000000,0.0000
13234.41,-0.261536,-0.516228,-0.002876,0.0000,-0.300000,-0.424264,0.000000,0.0000
13240.06,-0.262367,-0.515076,-0.002837,0.0000,-0.300000,-0.424264,0.000000,0.0000
13245.37,-0.262367,-0.515076,-0.002837,0.0000,-0.300000,-0.424264,0.000000,0.0000
13250.76,-0.263250,-0.513940,-0.002817,0.0000,-0.300000,-0.424264,0.000000,0.0000
13256.07,-0.264094,-0.512837,-0.002874,0.0000,-0.300000,-0.424264,0.000000,0.0000
13261.43,-0.264094,-0.512837,-0.002874,0.0000,-0.300000,-0.424264,0.000000,0.0000
13266.76,-0.265018,-0.511571,-0.002809,0.0000,-0.300000,-0.424264,0.000000,0.0000
13272.36,-0.265818,-0.510483,-0.002764,0.0000,-0.300000,-0.424264,0.000000,0.0000
13277.85,-0.265818,-0.510483,-0.002764,0.0000,-0.300000,-0.424264,0.000000,0.0000
13283.08,-0.266549,-0.509246,-0.002726,0.0000,-0.299408,-0.410728,0.000000,0.0000
13288.40,-0.266549,-0.509246,-0.002726,0.0000,-0.299408,-0.410728,0.000000,0.0000
13293.74,-0.267410,-0.508062,-0.002641,0.0000,-0.299408,-0.410728,0.000000,0.0000
13299.07,-0.268163,-0.506896,-0.002631,0.0000,-0.299408,-0.410728,0.000000,0.0000
13304.40,-0.268163,-0.506896,-0.002631,0.0000,-0.299408,-0.410728,0.000000,0.0000
13310.05,-0.268974,-0.505685,-0.002675,0.0000,-0.299408,-0.410728,0.000000,0.0000
13315.39,-0.269711,-0.504434,-0.002588,0.0000,-0.299408,-0.410728,0.000000,0.0000
13320.77,-0.269711,-0.504434,-0.002588,0.0000,-0.299408,-0.410728,0.000000,0.0000
13326.07,-0.270403,-0.503238,-0.002571,0.0000,-0.299408,-0.410728,0.000000,0.0000
13331.84,-0.271165,-0.502086,-0.002491,0.0000,-0.299408,-0.410728,0.000000,0.0000
13337.14,-0.271165,-0.502086,-0.002491,0.0000,-0.299408,-0.410728,0.000000,0.0000
13342.51,-0.271872,-0.500838,-0.002427,0.0000,-0.299408,-0.410728,0.000000,0.0000
13347.82,-0.272582,-0.499620,-0.002447,0.0000,-0.299408,-0.410728,0.000000,0.0000
13353.15,-0.272582,-0.499620,-0.002447,0.0000,-0.299408,-0.410728,0.000000,0.0000
13358.46,-0.273310,-0.498344,-0.002407,0.0000,-0.299408,-0.410728,0.000000,0.0000
13363.99,-0.273941,-0.497085,-0.002413,0.0000,-0.297634,-0.396787,0.000000,0.0000
13369.31,-0.273941,-0.497085,-0.002413,0.0000,-0.297634,-0.396787,0.000000,0.0000
13374.99,-0.274573,-0.495922,-0.002395,0.0000,-0.297634,-0.396787,0.000000,0.0000
13380.63,-0.275259,-0.494657,-0.002354,0.0000,-0.297634,-0.396787,0.000000,0.0000
13386.18,-0.275259,-0.494657,-0.002354,0.0000,-0.297634,-0.396787,0.000000,0.0000
13391.51,-0.275879,-0.493484,-0.002294,0.0000,-0.297634,-0.396787,0.000000,0.0000
13396.84,-0.275879,-0.493484,-0.002294,0.0000,-0.297634,-0.396787,0.000000,0.0000
13402.29,-0.276519,-0.492131,-0.002276,0.0000,-0.297634,-0.396787,0.000000,0.0000
13407.86,-0.277065,-0.490978,-0.002283,0.0000,-0.297634,-0.396787,0.000000,0.0000
13413.24,-0.277065,-0.490978,-0.002283,0.0000,-0.297634,-0.396787,0.000000,0.0000
13418.58,-0.277605,-0.489657,-0.002203,0.0000,-0.297634,-0.396787,0.000000,0.0000
13423.97,-0.278215,-0.488389,-0.002167,0.0000,-0.294686,-0.382454,0.000000,0.0000
13429.30,-0.278215,-0.488389,-0.002167,0.0000,-0.294686,-0.382454,0.000000,0.0000
13434.99,-0.278647,-0.487193,-0.002152,0.0000,-0.294686,-0.382454,0.000000,0.0000
13440.30,-0.279252,-0.485816,-0.002042,0.0000,-0.294686,-0.382454,0.000000,0.0000
13445.64,-0.279252,-0.485816,-0.002042,0.0000,-0.294686,-0.382454,0.000000,0.0000
13451.06,-0.279855,-0.484567,-0.002062,0.0000,-0.294686,-0.382454,0.000000,0.0000
13456.38,-0.280348,-0.483324,-0.001973,0.0000,-0.294686,-0.382454,0.000000,0.0000
13461.86,-0.280348,-0.483324,-0.001973,0.0000,-0.294686,-0.382454,0.000000,0.0000
13467.25,-0.280864,-0.481958,-0.001940,0.0000,-0.294686,-0.382454,0.000000,0.0000
13472.59,-0.281361,-0.480660,-0.001867,0.0000,-0.294686,-0.382454,0.000000,0.0000
13477.94,-0.281361,-0.480660,-0.001867,0.0000,-0.294686,-0.382454,0.000000,0.0000
13483.53,-0.281813,-0.479319,-0.001768,0.0000,-0.294686,-0.382454,0.000000,0.0000
13489.17,-0.282233,-0.477950,-0.001732,0.0000,-0.294686,-0.382454,0.000000,0.0000
13494.61,-0.282233,-0.477950,-0.001732,0.0000,-0.294686,-0.382454,0.000000,0.0000
13499.95,-0.282685,-0.476642,-0.001687,0.0000,-0.294686,-0.382454,0.000000,0.0000
13505.31,-0.282685,-0.476642,-0.001687,0.0000,-0.290575,-0.367744,0.000000,0.0000
13510.73,-0.283105,-0.475388,-0.001722,0.0000,-0.290575,-0.367744,0.000000,0.0000
13516.22,-0.283584,-0.473968,-0.001612,0.0000,-0.290575,-0.367744,0.000000,0.0000
13521.55,-0.283584,-0.473968,-0.001612,0.0000,-0.290575,-0.367744,0.000000,0.0000
13526.90,-0.284009,-0.472655,-0.001543,0.0000,-0.290575,-0.367744,0.000000,0.0000
13532.19,-0.284345,-0.471374,-0.001490,0.0000,-0.290575,-0.367744,0.000000,0.0000
13537.54,-0.284345,-0.471374,-0.001490,0.0000,-0.290575,-0.367744,0.000000,0.0000
13543.07,-0.284739,-0.470041,-0.001453,0.0000,-0.290575,-0.367744,0.000000,0.0000
13548.56,-0.285145,-0.468588,-0.001349,0.0000,-0.290575,-0.367744,0.000000,0.0000
13553.91,-0.285145,-0.468588,-0.001349,0.0000,-0.290575,-0.367744,0.000000,0.0000
13559.31,-0.285535,-0.467363,-0.001251,0.0000,-0.290575,-0.367744,0.000000,0.0000
13564.63,-0.285874,-0.466043,-0.001208,0.0000,-0.290575,-0.367744,0.000000,0.0000
13570.01,-0.285874,-0.466043,-0.001208,0.0000,-0.290575,-0.367744,0.000000,0.0000
13575.36,-0.286234,-0.464688,-0.001177,0.0000,-0.290575,-0.367744,0.000000,0.0000
13580.75,-0.286538,-0.463291,-0.001088,0.0000,-0.290575,-0.367744,0.000000,0.0000
13586.07,-0.286538,-0.463291,-0.001088,0.0000,-0.290575,-0.367744,0.000000,0.0000
13591.54,-0.286861,-0.462001,-0.001102,0.0000,-0.285317,-0.352671,0.000000,0.0000
13596.88,-0.286861,-0.462001,-0.001102,0.0000,-0.285317,-0.352671,0.000000,0.0000
13602.20,-0.287116,-0.460608,-0.001090,0.0000,-0.285317,-0.352671,0.000000,0.0000
13607.77,-0.287396,-0.459295,-0.001077,0.0000,-0.285317,-0.352671,0.000000,0.0000
13613.13,-0.287396,-0.459295,-0.001077,0.0000,-0.285317,-0.352671,0.000000,0.0000
13618.49,-0.287706,-0.457922,-0.001012,0.0000,-0.285317,-0.352671,0.000000,0.0000
13623.87,-0.287856,-0.456576,-0.000951,0.0000,-0.285317,-0.352671,0.000000,0.0000
13629.20,-0.287856,-0.456576,-0.000951,0.0000,-0.285317,-0.352671,0.000000,0.0000
13634.69,-0.288107,-0.455132,-0.000888,0.0000,-0.285317,-0.352671,0.000000,0.0000
13640.22,-0.288306,-0.453767,-0.000800,0.0000,-0.285317,-0.352671,0.000000,0.0000
13645.59,-0.288306,-0.453767,-0.000800,0.0000,-0.285317,-0.352671,0.000000,0.0000
13650.95,-0.288631,-0.452423,-0.000719,0.0000,-0.278933,-0.337250,0.000000,0.0000
13656.25,-0.288776,-0.450998,-0.000713,0.0000,-0.278933,-0.337250,0.000000,0.0000
13661.58,-0.288776,-0.450998,-0.000713,0.0000,-0.278933,-0.337250,0.000000,0.0000
13666.95,-0.288942,-0.449643,-0.000650,0.0000,-0.278933,-0.337250,0.000000,0.0000
13672.42,-0.289120,-0.448234,-0.000653,0.0000,-0.278933,-0.337250,0.000000,0.0000
13678.13,-0.289120,-0.448234,-0.000653,0.0000,-0.278933,-0.337250,0.000000,0.0000
13683.45,-0.289281,-0.446802,-0.000681,0.0000,-0.278933,-0.337250,0.000000,0.0000
13688.78,-0.289281,-0.446802,-0.000681,0.0000,-0.278933,-0.337250,0.000000,0.0000
13694.59,-0.289442,-0.445438,-0.000608,0.0000,-0.278933,-0.337250,0.000000,0.0000
13699.94,-0.289570,-0.444005,-0.000571,0.0000,-0.278933,-0.337250,0.000000,0.0000
13705.25,-0.289570,-0.444005,-0.000571,0.0000,-0.278933,-0.337250,0.000000,0.0000
13710.69,-0.289734,-0.442556,-0.000527,0.0000,-0.278933,-0.337250,0.000000,0.0000
13716.13,-0.289846,-0.441167,-0.000493,0.0000,-0.278933,-0.337250,0.000000,0.0000
13721.45,-0.289846,-0.441167,-0.000493,0.0000,-0.278933,-0.337250,0.000000,0.0000
13726.96,-0.289964,-0.439760,-0.000392,0.0000,-0.278933,-0.337250,0.000000,0.0000
13732.32,-0.290027,-0.438322,-0.000399,0.0000,-0.271448,-0.321496,0.000000,0.0000
13737.68,-0.290027,-0.438322,-0.000399,0.0000,-0.271448,-0.321496,0.000000,0.0000
13743.13,-0.290056,-0.436838,-0.000343,0.0000,-0.271448,-0.321496,0.000000,0.0000
13748.48,-0.290149,-0.435419,-0.000274,0.0000,-0.271448,-0.321496,0.000000,0.0000
13753.82,-0.290149,-0.435419,-0.000274,0.0000,-0.271448,-0.321496,0.000000,0.0000
13759.24,-0.290224,-0.433960,-0.000329,0.0000,-0.271448,-0.321496,0.000000,0.0000
13764.59,-0.290224,-0.432480,-0.000240,0.0000,-0.271448,-0.321496,0.000000,0.0000
13769.96,-0.290224,-0.432480,-0.000240,0.0000,-0.271448,-0.321496,0.000000,0.0000
13775.64,-0.290238,-0.431070,-0.000225,0.0000,-0.271448,-0.321496,0.000000,0.0000
13781.07,-0.290327,-0.429551,-0.000226,0.0000,-0.271448,-0.321496,0.000000,0.0000
13786.39,-0.290327,-0.429551,-0.000226,0.0000,-0.271448,-0.321496,0.000000,0.0000
13792.22,-0.290385,-0.428067,-0.000131,0.0000,-0.271448,-0.321496,0.000000,0.0000
13798.13,-0.290297,-0.426621,-0.000112,0.0000,-0.271448,-0.321496,0.000000,0.0000
13803.55,-0.290297,-0.426621,-0.000112,0.0000,-0.271448,-0.321496,0.000000,0.0000
13808.90,-0.290225,-0.425113,-0.000119,0.0000,-0.271448,-0.321496,0.000000,0.0000
13814.23,-0.290230,-0.423664,-0.000035,0.0000,-0.262892,-0.305425,0.000000,0.0000
13819.55,-0.290230,-0.423664,-0.000035,0.0000,-0.262892,-0.305425,0.000000,0.0000
13824.88,-0.290170,-0.422212,-0.000024,0.0000,-0.262892,-0.305425,0.000000,0.0000
13830.19,-0.290170,-0.422212,-0.000024,0.0000,-0.262892,-0.305425,0.000000,0.0000
13835.57,-0.290130,-0.420663,-0.000002,0.0000,-0.262892,-0.305425,0.000000,0.0000
13841.31,-0.290086,-0.419181,0.000044,0.0000,-0.262892,-0.305425,0.000000,0.0000
13846.65,-0.290086,-0.419181,0.000044,0.0000,-0.262892,-0.305425,0.000000,0.0000
13852.03,-0.290000,-0.417762,0.000055,0.0000,-0.262892,-0.305425,0.000000,0.0000
13857.41,-0.289870,-0.416221,0.000060,0.0000,-0.262892,-0.305425,0.000000,0.0000
13862.78,-0.289870,-0.416221,0.000060,0.0000,-0.262892,-0.305425,0.000000,0.0000
13868.25,-0.289800,-0.414658,0.000051,0.0000,-0.262892,-0.305425,0.000000,0.0000
13873.61,-0.289734,-0.413208,0.000036,0.0000,-0.262892,-0.305425,0.000000,0.0000
13878.97,-0.289734,-0.413208,0.000036,0.0000,-0.253298,-0.289052,0.000000,0.0000
13884.31,-0.289601,-0.411614,0.000053,0.0000,-0.253298,-0.289052,0.000000,0.0000
13889.75,-0.289433,-0.410066,0.000122,0.0000,-0.253298,-0.289052,0.000000,0.0000
13895.15,-0.289433,-0.410066,0.000122,0.0000,-0.253298,-0.289052,0.000000,0.0000
13900.38,-0.289270,-0.408608,0.000139,0.0000,-0.253298,-0.289052,0.000000,0.0000
13905.83,-0.289040,-0.407038,0.000165,0.0000,-0.253298,-0.289052,0.000000,0.0000
13911.19,-0.289040,-0.407038,0.000165,0.0000,-0.253298,-0.289052,0.000000,0.0000
13916.54,-0.288892,-0.405457,0.000156,0.0000,-0.253298,-0.289052,0.000000,0.0000
13921.88,-0.288892,-0.405457,0.000156,0.0000,-0.253298,-0.289052,0.000000,0.0000
13927.23,-0.288708,-0.403958,0.000153,0.0000,-0.253298,-0.289052,0.000000,0.0000
13932.78,-0.288537,-0.402288,0.000133,0.0000,-0.253298,-0.289052,0.000000,0.0000
13938.13,-0.288537,-0.402288,0.000133,0.0000,-0.253298,-0.289052,0.000000,0.0000
13943.48,-0.288266,-0.400773,0.000118,0.0000,-0.253298,-0.289052,0.000000,0.0000
13948.86,-0.288064,-0.399224,0.000146,0.0000,-0.253298,-0.289052,0.000000,0.0000
13954.31,-0.288064,-0.399224,0.000146,0.0000,-0.253298,-0.289052,0.000000,0.0000
13959.66,-0.287784,-0.397612,0.000137,0.0000,-0.242705,-0.272394,0.000000,0.0000
13965.18,-0.287508,-0.396003,0.000066,0.0000,-0.242705,-0.272394,0.000000,0.0000
13970.52,-0.287508,-0.396003,0.000066,0.0000,-0.242705,-0.272394,0.000000,0.0000
13975.85,-0.287288,-0.394461,0.000104,0.0000,-0.242705,-0.272394,0.000000,0.0000
13981.19,-0.286977,-0.392820,0.000113,0.0000,-0.242705,-0.272394,0.000000,0.0000
13986.55,-0.286977,-0.392820,0.000113,0.0000,-0.242705,-0.272394,0.000000,0.0000
13991.89,-0.286753,-0.391234,0.000142,0.0000,-0.242705,-0.272394,0.000000,0.0000
13997.41,-0.286421,-0.389650,0.000161,0.0000,-0.242705,-0.272394,0.000000,0.0000
14003.43,-0.286421,-0.389650,0.000161,0.0000,-0.242705,-0.272394,0.000000,0.0000
14008.81,-0.286123,-0.388022,0.000171,0.0000,-0.242705,-0.272394,0.000000,0.0000
14014.17,-0.285773,-0.386446,0.000145,0.0000,-0.242705,-0.272394,0.000000,0.0000
14019.52,-0.285773,-0.386446,0.000145,0.0000,-0.242705,-0.272394,0.000000,0.0000
14024.87,-0.285341,-0.384823,0.000127,0.0000,-0.242705,-0.272394,0.000000,0.0000
14030.20,-0.285341,-0.384823,0.000127,0.0000,-0.242705,-0.272394,0.000000,0.0000
14035.54,-0.285023,-0.383146,0.000151,0.0000,-0.242705,-0.272394,0.000000,0.0000
14041.13,-0.284717,-0.381504,0.000124,0.0000,-0.231154,-0.255468,0.000000,0.0000
14046.46,-0.284717,-0.381504,0.000124,0.0000,-0.231154,-0.255468,0.000000,0.0000
14051.83,-0.284307,-0.379938,0.000100,0.0000,-0.231154,-0.255468,0.000000,0.0000
14057.26,-0.283974,-0.378250,0.000095,0.0000,-0.231154,-0.255468,0.000000,0.0000
14062.70,-0.283974,-0.378250,0.000095,0.0000,-0.231154,-0.255468,0.000000,0.0000
14068.07,-0.283545,-0.376540,0.000076,0.0000,-0.231154,-0.255468,0.000000,0.0000
14073.42,-0.283115,-0.374895,0.000138,0.0000,-0.231154,-0.255468,0.000000,0.0000
14078.75,-0.283115,-0.374895,0.000138,0.0000,-0.231154,-0.255468,0.000000,0.0000
14084.44,-0.282755,-0.373241,0.000174,0.0000,-0.231154,-0.255468,0.000000,0.0000
14089.84,-0.282270,-0.371537,0.000178,0.0000,-0.231154,-0.255468,0.000000,0.0000
14095.18,-0.282270,-0.371537,0.000178,0.0000,-0.231154,-0.255468,0.000000,0.0000
14100.51,-0.281770,-0.369892,0.000167,0.0000,-0.231154,-0.255468,0.000000,0.0000
14106.31,-0.281243,-0.368134,0.000185,0.0000,-0.218691,-0.238289,0.000000,0.0000
14111.67,-0.281243,-0.368134,0.000185,0.0000,-0.218691,-0.238289,0.000000,0.0000
14117.07,-0.280843,-0.366508,0.000226,0.0000,-0.218691,-0.238289,0.000000,0.0000
14122.39,-0.280317,-0.364811,0.000199,0.0000,-0.218691,-0.238289,0.000000,0.0000
14127.72,-0.280317,-0.364811,0.000199,0.0000,-0.218691,-0.238289,0.000000,0.0000
14133.05,-0.279861,-0.363041,0.000205,0.0000,-0.218691,-0.238289,0.000000,0.0000
14138.40,-0.279861,-0.363041,0.000205,0.0000,-0.218691,-0.238289,0.000000,0.0000
14143.80,-0.279340,-0.361348,0.000184,0.0000,-0.218691,-0.238289,0.000000,0.0000
14149.38,-0.278769,-0.359627,0.000207,0.0000,-0.218691,-0.238289,0.000000,0.0000
14154.77,-0.278769,-0.359627,0.000207,0.0000,-0.218691,-0.238289,0.000000,0.0000
14160.19,-0.278300,-0.357895,0.000215,0.0000,-0.218691,-0.238289,0.000000,0.0000
14165.54,-0.277735,-0.356127,0.000249,0.0000,-0.218691,-0.238289,0.000000,0.0000
14170.93,-0.277735,-0.356127,0.000249,0.0000,-0.218691,-0.238289,0.000000,0.0000
14176.25,-0.277239,-0.354440,0.000246,0.0000,-0.218691,-0.238289,0.000000,0.0000
14181.64,-0.276599,-0.352603,0.000256,0.0000,-0.218691,-0.238289,0.000000,0.0000
14187.00,-0.276599,-0.352603,0.000256,0.0000,-0.205364,-0.220875,0.000000,0.0000
14192.57,-0.276029,-0.350911,0.000290,0.0000,-0.205364,-0.220875,0.000000,0.0000
14197.93,-0.275377,-0.349096,0.000289,0.0000,-0.205364,-0.220875,0.000000,0.0000
14203.29,-0.275377,-0.349096,0.000289,0.0000,-0.205364,-0.220875,0.000000,0.0000
14208.82,-0.274802,-0.347323,0.000287,0.0000,-0.205364,-0.220875,0.000000,0.0000
14214.13,-0.274127,-0.345570,0.000265,0.0000,-0.205364,-0.220875,0.000000,0.0000
14219.45,-0.274127,-0.345570,0.000265,0.0000,-0.205364,-0.220875,0.000000,0.0000
14224.87,-0.273506,-0.343784,0.000252,0.0000,-0.205364,-0.220875,0.000000,0.0000
14230.22,-0.273506,-0.343784,0.000252,0.0000,-0.205364,-0.220875,0.000000,0.0000
14235.54,-0.272814,-0.341951,0.000239,0.0000,-0.205364,-0.220875,0.000000,0.0000
14241.02,-0.272185,-0.340262,0.000287,0.0000,-0.205364,-0.220875,0.000000,0.0000
14246.31,-0.272185,-0.340262,0.000287,0.0000,-0.205364,-0.220875,0.000000,0.0000
14251.63,-0.271466,-0.338420,0.000216,0.0000,-0.205364,-0.220875,0.000000,0.0000
14257.03,-0.270801,-0.336618,0.000223,0.0000,-0.205364,-0.220875,0.000000,0.0000
14262.38,-0.270801,-0.336618,0.000223,0.0000,-0.205364,-0.220875,0.000000,0.0000
14267.72,-0.270009,-0.334854,0.000221,0.0000,-0.191227,-0.203243,0.000000,0.0000
14273.26,-0.269359,-0.333065,0.000221,0.0000,-0.191227,-0.203243,0.000000,0.0000
14278.60,-0.269359,-0.333065,0.000221,0.0000,-0.191227,-0.203243,0.000000,0.0000
14283.96,-0.268598,-0.331254,0.000160,0.0000,-0.191227,-0.203243,0.000000,0.0000
14289.30,-0.267934,-0.329468,0.000226,0.0000,-0.191227,-0.203243,0.000000,0.0000
14294.67,-0.267934,-0.329468,0.000226,0.0000,-0.191227,-0.203243,0.000000,0.0000
14300.01,-0.267109,-0.327607,0.000207,0.0000,-0.191227,-0.203243,0.000000,0.0000
14305.30,-0.267109,-0.327607,0.000207,0.0000,-0.191227,-0.203243,0.000000,0.0000
14311.07,-0.266350,-0.325771,0.000156,0.0000,-0.191227,-0.203243,0.000000,0.0000
14316.39,-0.265597,-0.323925,0.000125,0.0000,-0.191227,-0.203243,0.000000,0.0000
14321.76,-0.265597,-0.323925,0.000125,0.0000,-0.191227,-0.203243,0.000000,0.0000
14327.07,-0.264830,-0.322022,0.000156,0.0000,-0.176336,-0.185410,0.000000,0.0000
14332.64,-0.264044,-0.320182,0.000110,0.0000,-0.176336,-0.185410,0.000000,0.0000
14337.99,-0.264044,-0.320182,0.000110,0.0000,-0.176336,-0.185410,0.000000,0.0000
14343.30,-0.263217,-0.318291,0.000127,0.0000,-0.176336,-0.185410,0.000000,0.0000
14348.68,-0.262458,-0.316443,0.000106,0.0000,-0.176336,-0.185410,0.000000,0.0000
14354.04,-0.262458,-0.316443,0.000106,0.0000,-0.176336,-0.185410,0.000000,0.0000
14359.36,-0.261665,-0.314558,0.000115,0.0000,-0.176336,-0.185410,0.000000,0.0000
14364.93,-0.260828,-0.312707,0.000100,0.0000,-0.176336,-0.185410,0.000000,0.0000
14370.27,-0.260828,-0.312707,0.000100,0.0000,-0.176336,-0.185410,0.000000,0.0000
14375.59,-0.260027,-0.310763,0.000165,0.0000,-0.176336,-0.185410,0.000000,0.0000
14380.93,-0.259227,-0.308951,0.000184,0.0000,-0.176336,-0.185410,0.000000,0.0000
14386.24,-0.259227,-0.308951,0.000184,0.0000,-0.176336,-0.185410,0.000000,0.0000
14391.58,-0.258358,-0.307021,0.000147,0.0000,-0.176336,-0.185410,0.000000,0.0000
14397.22,-0.257499,-0.305121,0.000157,0.0000,-0.176336,-0.185410,0.000000,0.0000
14402.58,-0.257499,-0.305121,0.000157,0.0000,-0.176336,-0.185410,0.000000,0.0000
14408.07,-0.256598,-0.303277,0.000229,0.0000,-0.176336,-0.185410,0.000000,0.0000
14413.56,-0.256598,-0.303277,0.000229,0.0000,-0.160748,-0.167395,0.000000,0.0000
14418.91,-0.255770,-0.301280,0.000213,0.0000,-0.160748,-0.167395,0.000000,0.0000
14424.39,-0.254866,-0.299387,0.000169,0.0000,-0.160748,-0.167395,0.000000,0.0000
14429.72,-0.254866,-0.299387,0.000169,0.0000,-0.160748,-0.167395,0.000000,0.0000
14435.03,-0.253954,-0.297505,0.000229,0.0000,-0.160748,-0.167395,0.000000,0.0000
14440.40,-0.253032,-0.295553,0.000204,0.0000,-0.160748,-0.167395,0.000000,0.0000
14445.78,-0.253032,-0.295553,0.000204,0.0000,-0.160748,-0.167395,0.000000,0.0000
14451.13,-0.252092,-0.293602,0.000170,0.0000,-0.160748,-0.167395,0.000000,0.0000
14456.47,-0.251168,-0.291631,0.000183,0.0000,-0.160748,-0.167395,0.000000,0.0000
14461.82,-0.251168,-0.291631,0.000183,0.0000,-0.160748,-0.167395,0.000000,0.0000
14467.13,-0.250244,-0.289696,0.000243,0.0000,-0.160748,-0.167395,0.000000,0.0000
14472.51,-0.249229,-0.287774,0.000243,0.0000,-0.160748,-0.167395,0.000000,0.0000
14477.92,-0.249229,-0.287774,0.000243,0.0000,-0.160748,-0.167395,0.000000,0.0000
14483.26,-0.248345,-0.285833,0.000253,0.0000,-0.160748,-0.167395,0.000000,0.0000
14488.60,-0.248345,-0.285833,0.000253,0.0000,-0.160748,-0.167395,0.000000,0.0000
14493.94,-0.247375,-0.283889,0.000311,0.0000,-0.144526,-0.149214,0.000000,0.0000
14499.41,-0.246290,-0.281890,0.000384,0.0000,-0.144526,-0.149214,0.000000,0.0000
14504.73,-0.246290,-0.281890,0.000384,0.0000,-0.144526,-0.149214,0.000000,0.0000
14510.13,-0.245388,-0.279915,0.000367,0.0000,-0.144526,-0.149214,0.000000,0.0000
14515.53,-0.244332,-0.277906,0.000444,0.0000,-0.144526,-0.149214,0.000000,0.0000
14520.87,-0.244332,-0.277906,0.000444,0.0000,-0.144526,-0.149214,0.000000,0.0000
14526.18,-0.243306,-0.275915,0.000500,0.0000,-0.144526,-0.149214,0.000000,0.0000
14531.85,-0.242340,-0.273927,0.000500,0.0000,-0.144526,-0.149214,0.000000,0.0000
14537.22,-0.242340,-0.273927,0.000500,0.0000,-0.144526,-0.149214,0.000000,0.0000
14542.59,-0.241217,-0.272006,0.000525,0.0000,-0.144526,-0.149214,0.000000,0.0000
14547.94,-0.240264,-0.270018,0.000589,0.0000,-0.144526,-0.149214,0.000000,0.0000
14553.28,-0.240264,-0.270018,0.000589,0.0000,-0.127734,-0.130886,0.000000,0.0000
14558.60,-0.239228,-0.268011,0.000630,0.0000,-0.127734,-0.130886,0.000000,0.0000
14564.07,-0.238097,-0.266024,0.000564,0.0000,-0.127734,-0.130886,0.000000,0.0000
14569.48,-0.238097,-0.266024,0.000564,0.0000,-0.127734,-0.130886,0.000000,0.0000
14574.89,-0.237117,-0.264047,0.000695,0.0000,-0.127734,-0.130886,0.000000,0.0000
14580.19,-0.237117,-0.264047,0.000695,0.0000,-0.127734,-0.130886,0.000000,0.0000
14585.58,-0.235999,-0.262017,0.000720,0.0000,-0.127734,-0.130886,0.000000,0.0000
14591.07,-0.234913,-0.259969,0.000714,0.0000,-0.127734,-0.130886,0.000000,0.0000
14596.43,-0.234913,-0.259969,0.000714,0.0000,-0.127734,-0.130886,0.000000,0.0000
14601.85,-0.233885,-0.257957,0.000806,0.0000,-0.127734,-0.130886,0.000000,0.0000
14607.25,-0.232675,-0.255963,0.000864,0.0000,-0.127734,-0.130886,0.000000,0.0000
14612.57,-0.232675,-0.255963,0.000864,0.0000,-0.127734,-0.130886,0.000000,0.0000
14618.28,-0.231569,-0.253893,0.000881,0.0000,-0.127734,-0.130886,0.000000,0.0000
14623.60,-0.230443,-0.251980,0.000921,0.0000,-0.127734,-0.130886,0.000000,0.0000
14629.03,-0.230443,-0.251980,0.000921,0.0000,-0.127734,-0.130886,0.000000,0.0000
14634.38,-0.229234,-0.249878,0.000976,0.0000,-0.110437,-0.112429,0.000000,0.0000
14639.74,-0.228069,-0.247857,0.000988,0.0000,-0.110437,-0.112429,0.000000,0.0000
14645.24,-0.228069,-0.247857,0.000988,0.0000,-0.110437,-0.112429,0.000000,0.0000
14650.69,-0.226911,-0.245835,0.001058,0.0000,-0.110437,-0.112429,0.000000,0.0000
14656.03,-0.225765,-0.243725,0.001162,0.0000,-0.110437,-0.112429,0.000000,0.0000
14661.40,-0.225765,-0.243725,0.001162,0.0000,-0.110437,-0.112429,0.000000,0.0000
14666.98,-0.224501,-0.241719,0.001141,0.0000,-0.110437,-0.112429,0.000000,0.0000
14672.45,-0.223386,-0.239700,0.001207,0.0000,-0.110437,-0.112429,0.000000,0.0000
14677.88,-0.223386,-0.239700,0.001207,0.0000,-0.110437,-0.112429,0.000000,0.0000
14683.26,-0.222182,-0.237678,0.001282,0.0000,-0.110437,-0.112429,0.000000,0.0000
14688.77,-0.220939,-0.235640,0.001304,0.0000,-0.110437,-0.112429,0.000000,0.0000
14694.13,-0.220939,-0.235640,0.001304,0.0000,-0.110437,-0.112429,0.000000,0.0000
14699.48,-0.219788,-0.233575,0.001362,0.0000,-0.110437,-0.112429,0.000000,0.0000
14704.84,-0.219788,-0.233575,0.001362,0.0000,-0.110437,-0.112429,0.000000,0.0000
14710.28,-0.218447,-0.231630,0.001428,0.0000,-0.110437,-0.112429,0.000000,0.0000
14715.67,-0.217258,-0.229480,0.001463,0.0000,-0.110437,-0.112429,0.000000,0.0000
14720.86,-0.217258,-0.229480,0.001463,0.0000,-0.092705,-0.093861,0.000000,0.0000
14726.21,-0.215894,-0.227453,0.001488,0.0000,-0.092705,-0.093861,0.000000,0.0000
14731.88,-0.214633,-0.225418,0.001611,0.0000,-0.092705,-0.093861,0.000000,0.0000
14737.20,-0.214633,-0.225418,0.001611,0.0000,-0.092705,-0.093861,0.000000,0.0000
14742.58,-0.213336,-0.223342,0.001677,0.0000,-0.092705,-0.093861,0.000000,0.0000
14747.95,-0.211935,-0.221268,0.001740,0.0000,-0.092705,-0.093861,0.000000,0.0000
14753.25,-0.211935,-0.221268,0.001740,0.0000,-0.092705,-0.093861,0.000000,0.0000
14758.60,-0.210669,-0.219229,0.001870,0.0000,-0.092705,-0.093861,0.000000,0.0000
14764.27,-0.209344,-0.217229,0.001951,0.0000,-0.092705,-0.093861,0.000000,0.0000
14769.68,-0.209344,-0.217229,0.001951,0.0000,-0.092705,-0.093861,0.000000,0.0000
14775.08,-0.207934,-0.215095,0.002053,0.0000,-0.092705,-0.093861,0.000000,0.0000
14780.65,-0.206579,-0.213081,0.002107,0.0000,-0.074607,-0.075200,0.000000,0.0000
14786.13,-0.206579,-0.213081,0.002107,0.0000,-0.074607,-0.075200,0.000000,0.0000
14791.58,-0.205298,-0.211013,0.002243,0.0000,-0.074607,-0.075200,0.000000,0.0000
14797.37,-0.203824,-0.208928,0.002321,0.0000,-0.074607,-0.075200,0.000000,0.0000
14803.02,-0.203824,-0.208928,0.002321,0.0000,-0.074607,-0.075200,0.000000,0.0000
14808.39,-0.202439,-0.206878,0.002338,0.0000,-0.074607,-0.075200,0.000000,0.0000
14813.74,-0.202439,-0.206878,0.002338,0.0000,-0.074607,-0.075200,0.000000,0.0000
14819.20,-0.201009,-0.204806,0.002488,0.0000,-0.074607,-0.075200,0.000000,0.0000
14824.55,-0.199584,-0.202772,0.002469,0.0000,-0.074607,-0.075200,0.000000,0.0000
14829.91,-0.199584,-0.202772,0.002469,0.0000,-0.074607,-0.075200,0.000000,0.0000
14835.24,-0.198170,-0.200746,0.002530,0.0000,-0.074607,-0.075200,0.000000,0.0000
14840.59,-0.196692,-0.198678,0.002655,0.0000,-0.074607,-0.075200,0.000000,0.0000
14846.04,-0.196692,-0.198678,0.002655,0.0000,-0.074607,-0.075200,0.000000,0.0000
14851.42,-0.195191,-0.196641,0.002661,0.0000,-0.074607,-0.075200,0.000000,0.0000
14856.76,-0.193745,-0.194625,0.002751,0.0000,-0.074607,-0.075200,0.000000,0.0000
14862.08,-0.193745,-0.194625,0.002751,0.0000,-0.056214,-0.056465,0.000000,0.0000
14867.48,-0.192229,-0.192600,0.002848,0.0000,-0.056214,-0.056465,0.000000,0.0000
14872.86,-0.190677,-0.190460,0.002847,0.0000,-0.056214,-0.056465,0.000000,0.0000
14878.18,-0.190677,-0.190460,0.002847,0.0000,-0.056214,-0.056465,0.000000,0.0000
14883.68,-0.189134,-0.188390,0.002992,0.0000,-0.056214,-0.056465,0.000000,0.0000
14889.05,-0.187585,-0.186433,0.002992,0.0000,-0.056214,-0.056465,0.000000,0.0000
14894.49,-0.187585,-0.186433,0.002992,0.0000,-0.056214,-0.056465,0.000000,0.0000
14899.82,-0.186018,-0.184390,0.003040,0.0000,-0.056214,-0.056465,0.000000,0.0000
14905.42,-0.186018,-0.184390,0.003040,0.0000,-0.056214,-0.056465,0.000000,0.0000
14911.01,-0.184385,-0.182322,0.003111,0.0000,-0.056214,-0.056465,0.000000,0.0000
14916.37,-0.182787,-0.180274,0.003163,0.0000,-0.056214,-0.056465,0.000000,0.0000
14921.82,-0.182787,-0.180274,0.003163,0.0000,-0.056214,-0.056465,0.000000,0.0000
14927.13,-0.181222,-0.178256,0.003210,0.0000,-0.056214,-0.056465,0.000000,0.0000
14932.50,-0.179619,-0.176225,0.003276,0.0000,-0.056214,-0.056465,0.000000,0.0000
14937.90,-0.179619,-0.176225,0.003276,0.0000,-0.056214,-0.056465,0.000000,0.0000
14943.28,-0.177975,-0.174201,0.003288,0.0000,-0.037600,-0.037674,0.000000,0.0000
14948.63,-0.176274,-0.172087,0.003426,0.0000,-0.037600,-0.037674,0.000000,0.0000
14953.99,-0.176274,-0.172087,0.003426,0.0000,-0.037600,-0.037674,0.000000,0.0000
14959.31,-0.174624,-0.170056,0.003404,0.0000,-0.037600,-0.037674,0.000000,0.0000
14964.91,-0.172965,-0.168128,0.003431,0.0000,-0.037600,-0.037674,0.000000,0.0000
14970.27,-0.172965,-0.168128,0.003431,0.0000,-0.037600,-0.037674,0.000000,0.0000
14975.62,-0.171352,-0.166087,0.003497,0.0000,-0.037600,-0.037674,0.000000,0.0000
14980.96,-0.169574,-0.164097,0.003473,0.0000,-0.037600,-0.037674,0.000000,0.0000
14986.34,-0.169574,-0.164097,0.003473,0.0000,-0.037600,-0.037674,0.000000,0.0000
14991.66,-0.167769,-0.162032,0.003539,0.0000,-0.037600,-0.037674,0.000000,0.0000
14997.28,-0.166102,-0.160092,0.003463,0.0000,-0.037600,-0.037674,0.000000,0.0000
15002.72,-0.166102,-0.160092,0.003463,0.0000,-0.037600,-0.037674,0.000000,0.0000
