time_ms,x,y,z,yaw_deg,sp_x,sp_y,sp_z,sp_yaw_deg
1.31,-0.056090,-0.013401,0.006642,0.0000,0.000000,0.000000,0.000000,0.0000
6.70,-0.056144,-0.013379,0.006627,0.0000,0.000000,0.000000,0.000000,0.0000
12.05,-0.056144,-0.013379,0.006627,0.0000,0.000000,0.000000,0.000000,0.0000
17.82,-0.056150,-0.013360,0.006602,0.0000,-0.176336,-0.242705,0.000000,0.0000
23.42,-0.056185,-0.013331,0.006595,0.0000,-0.176336,-0.242705,0.000000,0.0000
28.79,-0.056185,-0.013331,0.006595,0.0000,-0.176336,-0.242705,0.000000,0.0000
34.18,-0.056209,-0.013338,0.006577,0.0000,-0.176336,-0.242705,0.000000,0.0000
39.54,-0.056210,-0.013343,0.006583,0.0000,-0.176336,-0.242705,0.000000,0.0000
45.11,-0.056175,-0.013293,0.006574,0.0000,-0.176336,-0.242705,0.000000,0.0000
50.59,-0.056175,-0.013293,0.006574,0.0000,-0.176336,-0.242705,0.000000,0.0000
55.93,-0.056274,-0.013315,0.006568,0.0000,-0.176336,-0.242705,0.000000,0.0000
61.35,-0.056274,-0.013315,0.006568,0.0000,-0.176336,-0.242705,0.000000,0.0000
66.70,-0.056303,-0.013314,0.006570,0.0000,-0.176336,-0.242705,0.000000,0.0000
72.18,-0.056385,-0.013347,0.006564,0.0000,-0.176336,-0.242705,0.000000,0.0000
77.63,-0.056385,-0.013347,0.006564,0.0000,-0.176336,-0.242705,0.000000,0.0000
82.95,-0.056466,-0.013370,0.006561,0.0000,-0.176336,-0.242705,0.000000,0.0000
88.35,-0.056572,-0.013418,0.006583,0.0000,-0.176336,-0.242705,0.000000,0.0000
93.70,-0.056572,-0.013418,0.006583,0.0000,-0.176336,-0.242705,0.000000,0.0000
99.07,-0.056745,-0.013602,0.006583,0.0000,-0.176336,-0.242705,0.000000,0.0000
104.63,-0.056852,-0.013713,0.006639,0.0000,-0.176336,-0.242705,0.000000,0.0000
109.94,-0.056852,-0.013713,0.006639,0.0000,-0.176336,-0.242705,0.000000,0.0000
115.27,-0.056983,-0.013948,0.006647,0.0000,-0.176336,-0.242705,0.000000,0.0000
121.06,-0.056983,-0.013948,0.006647,0.0000,-0.176336,-0.242705,0.000000,0.0000
126.42,-0.057069,-0.014169,0.006683,0.0000,-0.176336,-0.242705,0.000000,0.0000
131.82,-0.057344,-0.014483,0.006700,0.0000,-0.176336,-0.242705,0.000000,0.0000
137.22,-0.057604,-0.014837,0.006702,0.0000,-0.176336,-0.242705,0.000000,0.0000
142.56,-0.057604,-0.014837,0.006702,0.0000,-0.176336,-0.242705,0.000000,0.0000
147.91,-0.057961,-0.015209,0.006681,0.0000,-0.176336,-0.242705,0.000000,0.0000
153.46,-0.058323,-0.015563,0.006633,0.0000,-0.176336,-0.242705,0.000000,0.0000
158.90,-0.058323,-0.015563,0.006633,0.0000,-0.176336,-0.242705,0.000000,0.0000
164.29,-0.058668,-0.015910,0.006588,0.0000,-0.176336,-0.242705,0.000000,0.0000
169.75,-0.058668,-0.015910,0.006588,0.0000,-0.176336,-0.242705,0.000000,0.0000
175.14,-0.059060,-0.016429,0.006560,0.0000,-0.176336,-0.242705,0.000000,0.0000
180.57,-0.059604,-0.016979,0.006552,0.0000,-0.176336,-0.242705,0.000000,0.0000
185.88,-0.059604,-0.016979,0.006552,0.0000,-0.176336,-0.242705,0.000000,0.0000
191.26,-0.060120,-0.017534,0.006489,0.0000,-0.176336,-0.242705,0.000000,0.0000
196.62,-0.060691,-0.018074,0.006441,0.0000,-0.176336,-0.242705,0.000000,0.0000
202.02,-0.060691,-0.018074,0.006441,0.0000,-0.176336,-0.242705,0.000000,0.0000
207.44,-0.061291,-0.018717,0.006441,0.0000,-0.176336,-0.242705,0.000000,0.0000
212.87,-0.062002,-0.019543,0.006332,0.0000,-0.176336,-0.242705,0.000000,0.0000
218.23,-0.062002,-0.019543,0.006332,0.0000,-0.176336,-0.242705,0.000000,0.0000
223.93,-0.062661,-0.020290,0.006270,0.0000,-0.176336,-0.242705,0.000000,0.0000
229.30,-0.062661,-0.020290,0.006270,0.0000,-0.176336,-0.242705,0.000000,0.0000
234.64,-0.063358,-0.021110,0.006234,0.0000,-0.176336,-0.242705,0.000000,0.0000
240.21,-0.064258,-0.022049,0.006117,0.0000,-0.176336,-0.242705,0.000000,0.0000
245.61,-0.065107,-0.022971,0.005994,0.0000,-0.176336,-0.242705,0.000000,0.0000
251.06,-0.065107,-0.022971,0.005994,0.0000,-0.176336,-0.242705,0.000000,0.0000
256.41,-0.066093,-0.024047,0.005849,0.0000,-0.176336,-0.242705,0.000000,0.0000
261.76,-0.066093,-0.024047,0.005849,0.0000,-0.176336,-0.242705,0.000000,0.0000
267.13,-0.067123,-0.025151,0.005802,0.0000,-0.176336,-0.242705,0.000000,0.0000
272.53,-0.068312,-0.026366,0.005683,0.0000,-0.176336,-0.242705,0.000000,0.0000
277.89,-0.068312,-0.026366,0.005683,0.0000,-0.176336,-0.242705,0.000000,0.0000
283.31,-0.069521,-0.027541,0.005494,0.0000,-0.176336,-0.242705,0.000000,0.0000
288.69,-0.070889,-0.028917,0.005409,0.0000,-0.176336,-0.242705,0.000000,0.0000
294.04,-0.070889,-0.028917,0.005409,0.0000,-0.176336,-0.242705,0.000000,0.0000
299.46,-0.072209,-0.030303,0.005222,0.0000,-0.176336,-0.242705,0.000000,0.0000
304.85,-0.073644,-0.031779,0.005132,0.0000,-0.176336,-0.242705,0.000000,0.0000
310.19,-0.073644,-0.031779,0.005132,0.0000,-0.176336,-0.242705,0.000000,0.0000
315.56,-0.075220,-0.033335,0.004997,0.0000,-0.176336,-0.242705,0.000000,0.0000
320.94,-0.075220,-0.033335,0.004997,0.0000,-0.176336,-0.242705,0.000000,0.0000
326.99,-0.076732,-0.034970,0.004803,0.0000,-0.176336,-0.242705,0.000000,0.0000
332.36,-0.078369,-0.036706,0.004713,0.0000,-0.176336,-0.242705,0.000000,0.0000
337.90,-0.078369,-0.036706,0.004713,0.0000,-0.176336,-0.242705,0.000000,0.0000
343.64,-0.080139,-0.038441,0.004591,0.0000,-0.176336,-0.242705,0.000000,0.0000
348.99,-0.081948,-0.040271,0.004428,0.0000,-0.176336,-0.242705,0.000000,0.0000
354.53,-0.083797,-0.042223,0.004303,0.0000,-0.176336,-0.242705,0.000000,0.0000
359.92,-0.083797,-0.042223,0.004303,0.0000,-0.176336,-0.242705,0.000000,0.0000
365.28,-0.085795,-0.044196,0.004203,0.0000,-0.176336,-0.242705,0.000000,0.0000
370.63,-0.087791,-0.046231,0.004137,0.0000,-0.176336,-0.242705,0.000000,0.0000
375.99,-0.087791,-0.046231,0.004137,0.0000,-0.176336,-0.242705,0.000000,0.0000
381.35,-0.089882,-0.048350,0.003981,0.0000,-0.176336,-0.242705,0.000000,0.0000
386.92,-0.092071,-0.050472,0.003915,0.0000,-0.176336,-0.242705,0.000000,0.0000
392.34,-0.092071,-0.050472,0.003915,0.0000,-0.176336,-0.242705,0.000000,0.0000
397.71,-0.094279,-0.052769,0.003793,0.0000,-0.176336,-0.242705,0.000000,0.0000
403.05,-0.094279,-0.052769,0.003793,0.0000,-0.176336,-0.242705,0.000000,0.0000
408.99,-0.096533,-0.054993,0.003721,0.0000,-0.176336,-0.242705,0.000000,0.0000
414.42,-0.098801,-0.057277,0.003612,0.0000,-0.176336,-0.242705,0.000000,0.0000
419.77,-0.098801,-0.057277,0.003612,0.0000,-0.176336,-0.242705,0.000000,0.0000
425.13,-0.101229,-0.059711,0.003571,0.0000,-0.176336,-0.242705,0.000000,0.0000
430.76,-0.103661,-0.062089,0.003455,0.0000,-0.176336,-0.242705,0.000000,0.0000
436.96,-0.106136,-0.064592,0.003420,0.0000,-0.176336,-0.242705,0.000000,0.0000
442.33,-0.106136,-0.064592,0.003420,0.0000,-0.176336,-0.242705,0.000000,0.0000
448.12,-0.108606,-0.067102,0.003343,0.0000,-0.176336,-0.242705,0.000000,0.0000
453.59,-0.111171,-0.069718,0.003331,0.0000,-0.176336,-0.242705,0.000000,0.0000
458.97,-0.111171,-0.069718,0.003331,0.0000,-0.176336,-0.242705,0.000000,0.0000
464.35,-0.113791,-0.072271,0.003366,0.0000,-0.176336,-0.242705,0.000000,0.0000
469.80,-0.113791,-0.072271,0.003366,0.0000,-0.176336,-0.242705,0.000000,0.0000
475.14,-0.116454,-0.074978,0.003347,0.0000,-0.176336,-0.242705,0.000000,0.0000
480.59,-0.119150,-0.077634,0.003390,0.0000,-0.176336,-0.242705,0.000000,0.0000
485.88,-0.119150,-0.077634,0.003390,0.0000,-0.176336,-0.242705,0.000000,0.0000
491.49,-0.121756,-0.080382,0.003431,0.0000,-0.176336,-0.242705,0.000000,0.0000
496.89,-0.124489,-0.083167,0.003411,0.0000,-0.176336,-0.242705,0.000000,0.0000
502.28,-0.124489,-0.083167,0.003411,0.0000,-0.176336,-0.242705,0.000000,0.0000
507.71,-0.127173,-0.085901,0.003459,0.0000,-0.176336,-0.242705,0.000000,0.0000
513.14,-0.129874,-0.088712,0.003443,0.0000,-0.176336,-0.242705,0.000000,0.0000
518.48,-0.129874,-0.088712,0.003443,0.0000,-0.176336,-0.242705,0.000000,0.0000
523.82,-0.132658,-0.091434,0.003552,0.0000,-0.176336,-0.242705,0.000000,0.0000
529.43,-0.135407,-0.094308,0.003643,0.0000,-0.176336,-0.242705,0.000000,0.0000
534.88,-0.135407,-0.094308,0.003643,0.0000,-0.176336,-0.242705,0.000000,0.0000
540.87,-0.138104,-0.097112,0.003696,0.0000,-0.176336,-0.242705,0.000000,0.0000
546.34,-0.140868,-0.099976,0.003804,0.0000,-0.176336,-0.242705,0.000000,0.0000
551.71,-0.140868,-0.099976,0.003804,0.0000,-0.176336,-0.242705,0.000000,0.0000
557.07,-0.143598,-0.102804,0.003819,0.0000,-0.176336,-0.242705,0.000000,0.0000
562.55,-0.146281,-0.105598,0.003909,0.0000,-0.176336,-0.242705,0.000000,0.0000
567.88,-0.146281,-0.105598,0.003909,0.0000,-0.176336,-0.242705,0.000000,0.0000
573.55,-0.148965,-0.108406,0.003957,0.0000,-0.176336,-0.242705,0.000000,0.0000
578.88,-0.151631,-0.111158,0.004046,0.0000,-0.176336,-0.242705,0.000000,0.0000
584.24,-0.151631,-0.111158,0.004046,0.0000,-0.176336,-0.242705,0.000000,0.0000
589.60,-0.154258,-0.113881,0.004123,0.0000,-0.176336,-0.242705,0.000000,0.0000
595.11,-0.157000,-0.116725,0.004183,0.0000,-0.176336,-0.242705,0.000000,0.0000
600.77,-0.157000,-0.116725,0.004183,0.0000,-0.176336,-0.242705,0.000000,0.0000
606.14,-0.159652,-0.119579,0.004268,0.0000,-0.176336,-0.242705,0.000000,0.0000
611.50,-0.159652,-0.119579,0.004268,0.0000,-0.176336,-0.242705,0.000000,0.0000
616.83,-0.162145,-0.122346,0.004288,0.0000,-0.176336,-0.242705,0.000000,0.0000
622.27,-0.164624,-0.125109,0.004296,0.0000,-0.176336,-0.242705,0.000000,0.0000
627.61,-0.164624,-0.125109,0.004296,0.0000,-0.176336,-0.242705,0.000000,0.0000
633.00,-0.166984,-0.127837,0.004312,0.0000,-0.176336,-0.242705,0.000000,0.0000
638.33,-0.169557,-0.130535,0.004426,0.0000,-0.176336,-0.242705,0.000000,0.0000
643.67,-0.169557,-0.130535,0.004426,0.0000,-0.176336,-0.242705,0.000000,0.0000
649.02,-0.171826,-0.133203,0.004444,0.0000,-0.176336,-0.242705,0.000000,0.0000
654.61,-0.174211,-0.135827,0.004476,0.0000,-0.176336,-0.242705,0.000000,0.0000
660.01,-0.174211,-0.135827,0.004476,0.0000,-0.176336,-0.242705,0.000000,0.0000
665.39,-0.176468,-0.138345,0.004515,0.0000,-0.176336,-0.242705,0.000000,0.0000
670.71,-0.178753,-0.140909,0.004558,0.0000,-0.176336,-0.242705,0.000000,0.0000
676.45,-0.178753,-0.140909,0.004558,0.0000,-0.176336,-0.242705,0.000000,0.0000
681.76,-0.180935,-0.143330,0.004581,0.0000,-0.176336,-0.242705,0.000000,0.0000
687.13,-0.183014,-0.145714,0.004576,0.0000,-0.176336,-0.242705,0.000000,0.0000
692.49,-0.183014,-0.145714,0.004576,0.0000,-0.176336,-0.242705,0.000000,0.0000
697.83,-0.185047,-0.148083,0.004606,0.0000,-0.176336,-0.242705,0.000000,0.0000
703.16,-0.185047,-0.148083,0.004606,0.0000,-0.176336,-0.242705,0.000000,0.0000
708.51,-0.187038,-0.150512,0.004541,0.0000,-0.176336,-0.242705,0.000000,0.0000
713.84,-0.188922,-0.152747,0.004571,0.0000,-0.176336,-0.242705,0.000000,0.0000
719.20,-0.188922,-0.152747,0.004571,0.0000,-0.176336,-0.242705,0.000000,0.0000
724.57,-0.190766,-0.155009,0.004507,0.0000,-0.176336,-0.242705,0.000000,0.0000
729.94,-0.192593,-0.157175,0.004509,0.0000,-0.176336,-0.242705,0.000000,0.0000
735.39,-0.192593,-0.157175,0.004509,0.0000,-0.176336,-0.242705,0.000000,0.0000
740.95,-0.194256,-0.159301,0.004474,0.0000,-0.176336,-0.242705,0.000000,0.0000
746.29,-0.195846,-0.161343,0.004393,0.0000,-0.176336,-0.242705,0.000000,0.0000
751.63,-0.195846,-0.161343,0.004393,0.0000,-0.176336,-0.242705,0.000000,0.0000
757.00,-0.197392,-0.163347,0.004417,0.0000,-0.176336,-0.242705,0.000000,0.0000
762.34,-0.198912,-0.165285,0.004324,0.0000,-0.176336,-0.242705,0.000000,0.0000
767.69,-0.198912,-0.165285,0.004324,0.0000,-0.176336,-0.242705,0.000000,0.0000
773.09,-0.200397,-0.167087,0.004327,0.0000,-0.176336,-0.242705,0.000000,0.0000
778.77,-0.201634,-0.168847,0.004203,0.0000,-0.176336,-0.242705,0.000000,0.0000
784.15,-0.201634,-0.168847,0.004203,0.0000,-0.176336,-0.242705,0.000000,0.0000
789.52,-0.202975,-0.170589,0.004176,0.0000,-0.176336,-0.242705,0.000000,0.0000
794.84,-0.202975,-0.170589,0.004176,0.0000,-0.176336,-0.242705,0.000000,0.0000
800.20,-0.204142,-0.172175,0.004103,0.0000,-0.176336,-0.242705,0.000000,0.0000
805.53,-0.205219,-0.173878,0.004012,0.0000,-0.176336,-0.242705,0.000000,0.0000
810.94,-0.205219,-0.173878,0.004012,0.0000,-0.176336,-0.242705,0.000000,0.0000
816.49,-0.206207,-0.175365,0.003893,0.0000,-0.176336,-0.242705,0.000000,0.0000
821.82,-0.207032,-0.176901,0.003825,0.0000,-0.176336,-0.242705,0.000000,0.0000
827.21,-0.207032,-0.176901,0.003825,0.0000,-0.176336,-0.242705,0.000000,0.0000
832.54,-0.207979,-0.178340,0.003749,0.0000,-0.176336,-0.242705,0.000000,0.0000
837.94,-0.208754,-0.179669,0.003599,0.0000,-0.176336,-0.242705,0.000000,0.0000
843.28,-0.208754,-0.179669,0.003599,0.0000,-0.176336,-0.242705,0.000000,0.0000
848.64,-0.209430,-0.180999,0.003475,0.0000,-0.176336,-0.242705,0.000000,0.0000
853.94,-0.210026,-0.182149,0.003322,0.0000,-0.176336,-0.242705,0.000000,0.0000
859.32,-0.210026,-0.182149,0.003322,0.0000,-0.176336,-0.242705,0.000000,0.0000
864.66,-0.210630,-0.183333,0.003223,0.0000,-0.176336,-0.242705,0.000000,0.0000
870.12,-0.211096,-0.184471,0.003127,0.0000,-0.176336,-0.242705,0.000000,0.0000
875.56,-0.211096,-0.184471,0.003127,0.0000,-0.176336,-0.242705,0.000000,0.0000
881.02,-0.211480,-0.185429,0.003022,0.0000,-0.176336,-0.242705,0.000000,0.0000
886.43,-0.211480,-0.185429,0.003022,0.0000,-0.176336,-0.242705,0.000000,0.0000
891.77,-0.211842,-0.186382,0.002894,0.0000,-0.176336,-0.242705,0.000000,0.0000
897.20,-0.212126,-0.187338,0.002758,0.0000,-0.176336,-0.242705,0.000000,0.0000
902.54,-0.212126,-0.187338,0.002758,0.0000,-0.176336,-0.242705,0.000000,0.0000
907.88,-0.212434,-0.188135,0.002711,0.0000,-0.176336,-0.242705,0.000000,0.0000
913.24,-0.212581,-0.188972,0.002600,0.0000,-0.176336,-0.242705,0.000000,0.0000
918.60,-0.212581,-0.188972,0.002600,0.0000,-0.176336,-0.242705,0.000000,0.0000
924.13,-0.212557,-0.189737,0.002490,0.0000,-0.176336,-0.242705,0.000000,0.0000
929.51,-0.212600,-0.190335,0.002396,0.0000,-0.176336,-0.242705,0.000000,0.0000
934.82,-0.212600,-0.190335,0.002396,0.0000,-0.176336,-0.242705,0.000000,0.0000
940.51,-0.212617,-0.190948,0.002271,0.0000,-0.176336,-0.242705,0.000000,0.0000
945.85,-0.212540,-0.191565,0.002222,0.0000,-0.176336,-0.242705,0.000000,0.0000
951.21,-0.212540,-0.191565,0.002222,0.0000,-0.176336,-0.242705,0.000000,0.0000
956.59,-0.212367,-0.192107,0.002148,0.0000,-0.176336,-0.242705,0.000000,0.0000
962.04,-0.212248,-0.192561,0.002117,0.0000,-0.176336,-0.242705,0.000000,0.0000
967.51,-0.212248,-0.192561,0.002117,0.0000,-0.176336,-0.242705,0.000000,0.0000
972.87,-0.211965,-0.192950,0.002040,0.0000,-0.176336,-0.242705,0.000000,0.0000
978.42,-0.211685,-0.193329,0.002035,0.0000,-0.176336,-0.242705,0.000000,0.0000
983.94,-0.211685,-0.193329,0.002035,0.0000,-0.176336,-0.242705,0.000000,0.0000
989.30,-0.211360,-0.193700,0.002021,0.0000,-0.176336,-0.242705,0.000000,0.0000
994.65,-0.211360,-0.193700,0.002021,0.0000,-0.176336,-0.242705,0.000000,0.0000
1000.03,-0.211047,-0.194035,0.001992,0.0000,-0.176336,-0.242705,0.000000,0.0000
1005.53,-0.210682,-0.194295,0.001978,0.0000,-0.176336,-0.242705,0.000000,0.0000
1010.88,-0.210682,-0.194295,0.001978,0.0000,-0.176336,-0.242705,0.000000,0.0000
1016.22,-0.210260,-0.194450,0.001981,0.0000,-0.176336,-0.242705,0.000000,0.0000
1021.60,-0.209780,-0.194550,0.001999,0.0000,-0.176336,-0.242705,0.000000,0.0000
1027.01,-0.209780,-0.194550,0.001999,0.0000,-0.176336,-0.242705,0.000000,0.0000
1032.34,-0.209281,-0.194707,0.002042,0.0000,-0.176336,-0.242705,0.000000,0.0000
1037.91,-0.208831,-0.194857,0.002059,0.0000,-0.176336,-0.242705,0.000000,0.0000
1043.26,-0.208831,-0.194857,0.002059,0.0000,-0.176336,-0.242705,0.000000,0.0000
1048.65,-0.208343,-0.194975,0.002066,0.0000,-0.176336,-0.242705,0.000000,0.0000
1054.00,-0.207815,-0.195047,0.002133,0.0000,-0.176336,-0.242705,0.000000,0.0000
1059.41,-0.207815,-0.195047,0.002133,0.0000,-0.176336,-0.242705,0.000000,0.0000
1065.22,-0.207179,-0.195069,0.002191,0.0000,-0.176336,-0.242705,0.000000,0.0000
1070.56,-0.206520,-0.195047,0.002219,0.0000,-0.176336,-0.242705,0.000000,0.0000
1075.93,-0.206520,-0.195047,0.002219,0.0000,-0.176336,-0.242705,0.000000,0.0000
1081.29,-0.205888,-0.195155,0.002238,0.0000,-0.176336,-0.242705,0.000000,0.0000
1087.26,-0.205296,-0.195188,0.002328,0.0000,-0.176336,-0.242705,0.000000,0.0000
1092.66,-0.205296,-0.195188,0.002328,0.0000,-0.176336,-0.242705,0.000000,0.0000
1098.16,-0.204633,-0.195151,0.002406,0.0000,-0.176336,-0.242705,0.000000,0.0000
1103.54,-0.203945,-0.195077,0.002464,0.0000,-0.176336,-0.242705,0.000000,0.0000
1108.97,-0.203945,-0.195077,0.002464,0.0000,-0.176336,-0.242705,0.000000,0.0000
1114.38,-0.203302,-0.195020,0.002557,0.0000,-0.176336,-0.242705,0.000000,0.0000
1119.76,-0.203302,-0.195020,0.002557,0.0000,-0.176336,-0.242705,0.000000,0.0000
1125.13,-0.202702,-0.194920,0.002635,0.0000,-0.176336,-0.242705,0.000000,0.0000
1130.62,-0.202118,-0.194891,0.002671,0.0000,-0.176336,-0.242705,0.000000,0.0000
1135.94,-0.202118,-0.194891,0.002671,0.0000,-0.176336,-0.242705,0.000000,0.0000
1141.76,-0.201506,-0.194804,0.002721,0.0000,-0.176336,-0.242705,0.000000,0.0000
1147.23,-0.200804,-0.194749,0.002806,0.0000,-0.176336,-0.242705,0.000000,0.0000
1152.67,-0.200804,-0.194749,0.002806,0.0000,-0.176336,-0.242705,0.000000,0.0000
1158.28,-0.200203,-0.194688,0.002911,0.0000,-0.176336,-0.242705,0.000000,0.0000
1163.66,-0.199639,-0.194631,0.002983,0.0000,-0.176336,-0.242705,0.000000,0.0000
1168.69,-0.199639,-0.194631,0.002983,0.0000,-0.176336,-0.242705,0.000000,0.0000
1174.29,-0.199084,-0.194585,0.003034,0.0000,-0.176336,-0.242705,0.000000,0.0000
1179.70,-0.198561,-0.194508,0.003103,0.0000,-0.176336,-0.242705,0.000000,0.0000
1185.10,-0.198561,-0.194508,0.003103,0.0000,-0.176336,-0.242705,0.000000,0.0000
1190.44,-0.198004,-0.194382,0.003218,0.0000,-0.176336,-0.242705,0.000000,0.0000
1195.77,-0.197470,-0.194320,0.003287,0.0000,-0.176336,-0.242705,0.000000,0.0000
1201.10,-0.197470,-0.194320,0.003287,0.0000,-0.176336,-0.242705,0.000000,0.0000
1206.62,-0.196965,-0.194252,0.003361,0.0000,-0.176336,-0.242705,0.000000,0.0000
1211.94,-0.196503,-0.194221,0.003446,0.0000,-0.176336,-0.242705,0.000000,0.0000
1217.28,-0.196503,-0.194221,0.003446,0.0000,-0.176336,-0.242705,0.000000,0.0000
1222.62,-0.196056,-0.194254,0.003492,0.0000,-0.176336,-0.242705,0.000000,0.0000
1227.97,-0.196056,-0.194254,0.003492,0.0000,-0.176336,-0.242705,0.000000,0.0000
1233.34,-0.195610,-0.194245,0.003585,0.0000,-0.176336,-0.242705,0.000000,0.0000
1238.92,-0.195162,-0.194290,0.003636,0.0000,-0.176336,-0.242705,0.000000,0.0000
1244.30,-0.195162,-0.194290,0.003636,0.0000,-0.176336,-0.242705,0.000000,0.0000
1249.68,-0.194789,-0.194369,0.003699,0.0000,-0.176336,-0.242705,0.000000,0.0000
1255.02,-0.194469,-0.194439,0.003759,0.0000,-0.176336,-0.242705,0.000000,0.0000
1260.46,-0.194469,-0.194439,0.003759,0.0000,-0.176336,-0.242705,0.000000,0.0000
1265.89,-0.194155,-0.194504,0.003808,0.0000,-0.176336,-0.242705,0.000000,0.0000
1271.20,-0.193890,-0.194583,0.003871,0.0000,-0.176336,-0.242705,0.000000,0.0000
1276.61,-0.193890,-0.194583,0.003871,0.0000,-0.176336,-0.242705,0.000000,0.0000
1281.94,-0.193676,-0.194725,0.003925,0.0000,-0.176336,-0.242705,0.000000,0.0000
1287.35,-0.193493,-0.194866,0.003975,0.0000,-0.176336,-0.242705,0.000000,0.0000
1292.70,-0.193493,-0.194866,0.003975,0.0000,-0.176336,-0.242705,0.000000,0.0000
1298.23,-0.193340,-0.195047,0.004035,0.0000,-0.176336,-0.242705,0.000000,0.0000
1303.69,-0.193160,-0.195299,0.004080,0.0000,-0.176336,-0.242705,0.000000,0.0000
1309.41,-0.193160,-0.195299,0.004080,0.0000,-0.176336,-0.242705,0.000000,0.0000
1315.24,-0.193032,-0.195537,0.004134,0.0000,-0.176336,-0.242705,0.000000,0.0000
1320.64,-0.192958,-0.195850,0.004141,0.0000,-0.176336,-0.242705,0.000000,0.0000
1326.02,-0.192958,-0.195850,0.004141,0.0000,-0.176336,-0.242705,0.000000,0.0000
1331.47,-0.192932,-0.196141,0.004187,0.0000,-0.176336,-0.242705,0.000000,0.0000
1336.83,-0.192932,-0.196141,0.004187,0.0000,-0.176336,-0.242705,0.000000,0.0000
1342.20,-0.192929,-0.196405,0.004229,0.0000,-0.176336,-0.242705,0.000000,0.0000
1347.68,-0.192955,-0.196708,0.004239,0.0000,-0.176336,-0.242705,0.000000,0.0000
1353.07,-0.192955,-0.196708,0.004239,0.0000,-0.176336,-0.242705,0.000000,0.0000
1358.56,-0.192987,-0.197007,0.004268,0.0000,-0.176336,-0.242705,0.000000,0.0000
1364.37,-0.193018,-0.197388,0.004293,0.0000,-0.176336,-0.242705,0.000000,0.0000
1369.78,-0.193018,-0.197388,0.004293,0.0000,-0.176336,-0.242705,0.000000,0.0000
1375.27,-0.193113,-0.197855,0.004291,0.0000,-0.176336,-0.242705,0.000000,0.0000
1380.76,-0.193285,-0.198295,0.004342,0.0000,-0.176336,-0.242705,0.000000,0.0000
1386.17,-0.193285,-0.198295,0.004342,0.0000,-0.176336,-0.242705,0.000000,0.0000
1391.60,-0.193493,-0.198749,0.004380,0.0000,-0.176336,-0.242705,0.000000,0.0000
1397.08,-0.193794,-0.199268,0.004423,0.0000,-0.176336,-0.242705,0.000000,0.0000
1402.54,-0.193794,-0.199268,0.004423,0.0000,-0.176336,-0.242705,0.000000,0.0000
1407.89,-0.194078,-0.199808,0.004459,0.0000,-0.176336,-0.242705,0.000000,0.0000
1413.44,-0.194315,-0.200423,0.004462,0.0000,-0.176336,-0.242705,0.000000,0.0000
1418.90,-0.194315,-0.200423,0.004462,0.0000,-0.176336,-0.242705,0.000000,0.0000
1424.50,-0.194581,-0.200982,0.004518,0.0000,-0.176336,-0.242705,0.000000,0.0000
1429.89,-0.194883,-0.201551,0.004584,0.0000,-0.176336,-0.242705,0.000000,0.0000
1435.31,-0.194883,-0.201551,0.004584,0.0000,-0.176336,-0.242705,0.000000,0.0000
1440.73,-0.195321,-0.202186,0.004627,0.0000,-0.176336,-0.242705,0.000000,0.0000
1446.16,-0.195321,-0.202186,0.004627,0.0000,-0.176336,-0.242705,0.000000,0.0000
1451.56,-0.195738,-0.202737,0.004649,0.0000,-0.176336,-0.242705,0.000000,0.0000
1457.10,-0.196202,-0.203475,0.004685,0.0000,-0.176336,-0.242705,0.000000,0.0000
1462.60,-0.196610,-0.204178,0.004716,0.0000,-0.176336,-0.242705,0.000000,0.0000
1467.95,-0.196610,-0.204178,0.004716,0.0000,-0.176336,-0.242705,0.000000,0.0000
1473.55,-0.197123,-0.204863,0.004718,0.0000,-0.176336,-0.242705,0.000000,0.0000
1478.58,-0.197704,-0.205603,0.004783,0.0000,-0.176336,-0.242705,0.000000,0.0000
1484.12,-0.197704,-0.205603,0.004783,0.0000,-0.176336,-0.242705,0.000000,0.0000
1489.51,-0.198278,-0.206294,0.004849,0.0000,-0.176336,-0.242705,0.000000,0.0000
1494.91,-0.198278,-0.206294,0.004849,0.0000,-0.176336,-0.242705,0.000000,0.0000
1500.52,-0.198799,-0.207065,0.004861,0.0000,-0.176336,-0.242705,0.000000,0.0000
1506.04,-0.199330,-0.207881,0.004886,0.0000,-0.176336,-0.242705,0.000000,0.0000
1511.46,-0.199330,-0.207881,0.004886,0.0000,-0.176336,-0.242705,0.000000,0.0000
1516.86,-0.199937,-0.208576,0.004908,0.0000,-0.176336,-0.242705,0.000000,0.0000
1522.47,-0.200574,-0.209437,0.004921,0.0000,-0.176336,-0.242705,0.000000,0.0000
1527.82,-0.200574,-0.209437,0.004921,0.0000,-0.176336,-0.242705,0.000000,0.0000
1533.29,-0.201169,-0.210190,0.004989,0.0000,-0.176336,-0.242705,0.000000,0.0000
1538.67,-0.201169,-0.210190,0.004989,0.0000,-0.176336,-0.242705,0.000000,0.0000
1544.09,-0.201822,-0.211042,0.005035,0.0000,-0.176336,-0.242705,0.000000,0.0000
1549.76,-0.202529,-0.211887,0.005077,0.0000,-0.176336,-0.242705,0.000000,0.0000
1555.10,-0.203193,-0.212730,0.005085,0.0000,-0.176336,-0.242705,0.000000,0.0000
1560.45,-0.203193,-0.212730,0.005085,0.0000,-0.176336,-0.242705,0.000000,0.0000
1565.83,-0.203894,-0.213565,0.005104,0.0000,-0.176336,-0.242705,0.000000,0.0000
1571.59,-0.204578,-0.214406,0.005125,0.0000,-0.176336,-0.242705,0.000000,0.0000
1576.88,-0.204578,-0.214406,0.005125,0.0000,-0.176336,-0.242705,0.000000,0.0000
1582.01,-0.205264,-0.215270,0.005183,0.0000,-0.176336,-0.242705,0.000000,0.0000
1587.34,-0.205956,-0.216095,0.005202,0.0000,-0.176336,-0.242705,0.000000,0.0000
1592.67,-0.205956,-0.216095,0.005202,0.0000,-0.176336,-0.242705,0.000000,0.0000
1624.41,-0.208738,-0.219518,0.005309,0.0000,-0.176336,-0.242705,0.000000,0.0000
1630.36,-0.209465,-0.220500,0.005354,0.0000,-0.176336,-0.242705,0.000000,0.0000
1635.76,-0.209465,-0.220500,0.005354,0.0000,-0.176336,-0.242705,0.000000,0.0000
1641.44,-0.210091,-0.221341,0.005371,0.0000,-0.176336,-0.242705,0.000000,0.0000
1646.84,-0.210091,-0.221341,0.005371,0.0000,-0.176336,-0.242705,0.000000,0.0000
1652.18,-0.210831,-0.222206,0.005386,0.0000,-0.176336,-0.242705,0.000000,0.0000
1657.51,-0.211531,-0.223035,0.005399,0.0000,-0.176336,-0.242705,0.000000,0.0000
1662.83,-0.212191,-0.223843,0.005461,0.0000,-0.176336,-0.242705,0.000000,0.0000
1668.22,-0.212191,-0.223843,0.005461,0.0000,-0.176336,-0.242705,0.000000,0.0000
1673.77,-0.212956,-0.224693,0.005481,0.0000,-0.176336,-0.242705,0.000000,0.0000
1679.25,-0.213700,-0.225532,0.005527,0.0000,-0.176336,-0.242705,0.000000,0.0000
1684.70,-0.213700,-0.225532,0.005527,0.0000,-0.176336,-0.242705,0.000000,0.0000
1690.31,-0.214274,-0.226280,0.005572,0.0000,-0.176336,-0.242705,0.000000,0.0000
1695.68,-0.214941,-0.227032,0.005580,0.0000,-0.176336,-0.242705,0.000000,0.0000
1701.14,-0.214941,-0.227032,0.005580,0.0000,-0.176336,-0.242705,0.000000,0.0000
1706.47,-0.215656,-0.227824,0.005562,0.0000,-0.176336,-0.242705,0.000000,0.0000
1712.36,-0.216237,-0.228539,0.005571,0.0000,-0.176336,-0.242705,0.000000,0.0000
1717.70,-0.216237,-0.228539,0.005571,0.0000,-0.176336,-0.242705,0.000000,0.0000
1723.04,-0.216836,-0.229285,0.005588,0.0000,-0.176336,-0.242705,0.000000,0.0000
1728.60,-0.217483,-0.230088,0.005585,0.0000,-0.176336,-0.242705,0.000000,0.0000
1734.24,-0.217483,-0.230088,0.005585,0.0000,-0.176336,-0.242705,0.000000,0.0000
1739.62,-0.218086,-0.230724,0.005628,0.0000,-0.176336,-0.242705,0.000000,0.0000
1745.28,-0.218624,-0.231395,0.005639,0.0000,-0.176336,-0.242705,0.000000,0.0000
1750.91,-0.218624,-0.231395,0.005639,0.0000,-0.176336,-0.242705,0.000000,0.0000
1756.25,-0.219196,-0.232039,0.005619,0.0000,-0.176336,-0.242705,0.000000,0.0000
1761.59,-0.219196,-0.232039,0.005619,0.0000,-0.176336,-0.242705,0.000000,0.0000
1766.92,-0.219864,-0.232697,0.005618,0.0000,-0.176336,-0.242705,0.000000,0.0000
1772.71,-0.220311,-0.233286,0.005562,0.0000,-0.176336,-0.242705,0.000000,0.0000
1778.07,-0.220311,-0.233286,0.005562,0.0000,-0.176336,-0.242705,0.000000,0.0000
1783.42,-0.220818,-0.233838,0.005572,0.0000,-0.176336,-0.242705,0.000000,0.0000
1789.31,-0.221319,-0.234417,0.005542,0.0000,-0.176336,-0.242705,0.000000,0.0000
1794.74,-0.221319,-0.234417,0.005542,0.0000,-0.176336,-0.242705,0.000000,0.0000
1800.11,-0.221896,-0.234987,0.005524,0.0000,-0.176336,-0.242705,0.000000,0.0000
1805.48,-0.222353,-0.235457,0.005533,0.0000,-0.176336,-0.242705,0.000000,0.0000
1810.85,-0.222353,-0.235457,0.005533,0.0000,-0.176336,-0.242705,0.000000,0.0000
1816.23,-0.222760,-0.235953,0.005493,0.0000,-0.176336,-0.242705,0.000000,0.0000
1821.62,-0.223220,-0.236376,0.005522,0.0000,-0.176336,-0.242705,0.000000,0.0000
1826.94,-0.223220,-0.236376,0.005522,0.0000,-0.176336,-0.242705,0.000000,0.0000
1832.35,-0.223220,-0.236376,0.005522,0.0000,-0.176336,-0.242705,0.000000,0.0000
1837.70,-0.224100,-0.237317,0.005439,0.0000,-0.176336,-0.242705,0.000000,0.0000
1843.04,-0.224100,-0.237317,0.005439,0.0000,-0.176336,-0.242705,0.000000,0.0000
1848.40,-0.224420,-0.237696,0.005425,0.0000,-0.176336,-0.242705,0.000000,0.0000
1853.76,-0.224696,-0.238066,0.005392,0.0000,-0.176336,-0.242705,0.000000,0.0000
1859.10,-0.224696,-0.238066,0.005392,0.0000,-0.176336,-0.242705,0.000000,0.0000
1864.68,-0.224945,-0.238420,0.005355,0.0000,-0.176336,-0.242705,0.000000,0.0000
1870.10,-0.225213,-0.238708,0.005353,0.0000,-0.176336,-0.242705,0.000000,0.0000
1875.62,-0.225213,-0.238708,0.005353,0.0000,-0.176336,-0.242705,0.000000,0.0000
1880.94,-0.225474,-0.239011,0.005318,0.0000,-0.176336,-0.242705,0.000000,0.0000
1886.27,-0.225474,-0.239011,0.005318,0.0000,-0.176336,-0.242705,0.000000,0.0000
1891.63,-0.225758,-0.239371,0.005265,0.0000,-0.176336,-0.242705,0.000000,0.0000
1896.94,-0.226023,-0.239594,0.005261,0.0000,-0.176336,-0.242705,0.000000,0.0000
1902.28,-0.226023,-0.239594,0.005261,0.0000,-0.176336,-0.242705,0.000000,0.0000
1907.77,-0.226222,-0.239797,0.005218,0.0000,-0.176336,-0.242705,0.000000,0.0000
1913.17,-0.226377,-0.239950,0.005194,0.0000,-0.176336,-0.242705,0.000000,0.0000
1918.54,-0.226377,-0.239950,0.005194,0.0000,-0.176336,-0.242705,0.000000,0.0000
1923.83,-0.226491,-0.240099,0.005171,0.0000,-0.176336,-0.242705,0.000000,0.0000
1929.42,-0.226625,-0.240310,0.005108,0.0000,-0.176336,-0.242705,0.000000,0.0000
1934.82,-0.226625,-0.240310,0.005108,0.0000,-0.176336,-0.242705,0.000000,0.0000
1940.25,-0.226693,-0.240406,0.005091,0.0000,-0.176336,-0.242705,0.000000,0.0000
1945.58,-0.226750,-0.240505,0.005058,0.0000,-0.176336,-0.242705,0.000000,0.0000
1950.91,-0.226750,-0.240505,0.005058,0.0000,-0.176336,-0.242705,0.000000,0.0000
1956.32,-0.226834,-0.240518,0.005050,0.0000,-0.176336,-0.242705,0.000000,0.0000
1961.66,-0.226834,-0.240518,0.005050,0.0000,-0.176336,-0.242705,0.000000,0.0000
1967.29,-0.226880,-0.240543,0.005045,0.0000,-0.176336,-0.242705,0.000000,0.0000
1972.63,-0.226867,-0.240607,0.004996,0.0000,-0.176336,-0.242705,0.000000,0.0000
1978.54,-0.226879,-0.240558,0.005018,0.0000,-0.176336,-0.242705,0.000000,0.0000
1983.88,-0.226879,-0.240558,0.005018,0.0000,-0.176336,-0.242705,0.000000,0.0000
1989.29,-0.226854,-0.240525,0.005021,0.0000,-0.176336,-0.242705,0.000000,0.0000
1994.79,-0.226854,-0.240525,0.005021,0.0000,-0.176336,-0.242705,0.000000,0.0000
2000.12,-0.226821,-0.240490,0.005024,0.0000,-0.176336,-0.242705,0.000000,0.0000
2005.61,-0.226758,-0.240388,0.005025,0.0000,-0.176336,-0.242705,0.000000,0.0000
2010.96,-0.226758,-0.240388,0.005025,0.0000,-0.176336,-0.242705,0.000000,0.0000
2016.41,-0.226701,-0.240282,0.005055,0.0000,-0.176336,-0.242705,0.000000,0.0000
2021.70,-0.226604,-0.240181,0.005045,0.0000,-0.176336,-0.242705,0.000000,0.0000
2027.13,-0.226604,-0.240181,0.005045,0.0000,-0.176336,-0.242705,0.000000,0.0000
2032.49,-0.226495,-0.239986,0.005073,0.0000,-0.176336,-0.242705,0.000000,0.0000
2037.90,-0.226345,-0.239890,0.005050,0.0000,-0.176336,-0.242705,0.000000,0.0000
2043.25,-0.226345,-0.239890,0.005050,0.0000,-0.176336,-0.242705,0.000000,0.0000
2048.63,-0.226204,-0.239692,0.005072,0.0000,-0.176336,-0.242705,0.000000,0.0000
2053.95,-0.226010,-0.239498,0.005071,0.0000,-0.176336,-0.242705,0.000000,0.0000
2059.34,-0.226010,-0.239498,0.005071,0.0000,-0.176336,-0.242705,0.000000,0.0000
2064.78,-0.225780,-0.239326,0.005047,0.0000,-0.176336,-0.242705,0.000000,0.0000
2070.21,-0.225563,-0.239055,0.005093,0.0000,-0.176336,-0.242705,0.000000,0.0000
2075.68,-0.225563,-0.239055,0.005093,0.0000,-0.176336,-0.242705,0.000000,0.0000
2081.67,-0.225314,-0.238822,0.005078,0.0000,-0.176336,-0.242705,0.000000,0.0000
2087.08,-0.225102,-0.238566,0.005123,0.0000,-0.176336,-0.242705,0.000000,0.0000
2092.42,-0.225102,-0.238566,0.005123,0.0000,-0.176336,-0.242705,0.000000,0.0000
2097.86,-0.224870,-0.238314,0.005119,0.0000,-0.176336,-0.242705,0.000000,0.0000
2103.20,-0.224870,-0.238314,0.005119,0.0000,-0.176336,-0.242705,0.000000,0.0000
2108.59,-0.224635,-0.238075,0.005078,0.0000,-0.176336,-0.242705,0.000000,0.0000
2114.15,-0.224434,-0.237750,0.005123,0.0000,-0.176336,-0.242705,0.000000,0.0000
2119.62,-0.224434,-0.237750,0.005123,0.0000,-0.176336,-0.242705,0.000000,0.0000
2125.08,-0.224180,-0.237483,0.005084,0.0000,-0.176336,-0.242705,0.000000,0.0000
2130.63,-0.223871,-0.237191,0.005079,0.0000,-0.176336,-0.242705,0.000000,0.0000
2136.01,-0.223871,-0.237191,0.005079,0.0000,-0.176336,-0.242705,0.000000,0.0000
2141.38,-0.223501,-0.236873,0.005090,0.0000,-0.176336,-0.242705,0.000000,0.0000
2146.70,-0.223116,-0.236532,0.005090,0.0000,-0.176336,-0.242705,0.000000,0.0000
2152.06,-0.223116,-0.236532,0.005090,0.0000,-0.176336,-0.242705,0.000000,0.0000
2157.84,-0.222774,-0.236267,0.005079,0.0000,-0.176336,-0.242705,0.000000,0.0000
2163.57,-0.222452,-0.235985,0.005091,0.0000,-0.176336,-0.242705,0.000000,0.0000
2168.96,-0.222452,-0.235985,0.005091,0.0000,-0.176336,-0.242705,0.000000,0.0000
2174.37,-0.222127,-0.235676,0.005095,0.0000,-0.176336,-0.242705,0.000000,0.0000
2179.70,-0.221838,-0.235379,0.005080,0.0000,-0.176336,-0.242705,0.000000,0.0000
2185.13,-0.221838,-0.235379,0.005080,0.0000,-0.176336,-0.242705,0.000000,0.0000
2190.46,-0.221574,-0.235077,0.005102,0.0000,-0.176336,-0.242705,0.000000,0.0000
2195.76,-0.221204,-0.234747,0.005094,0.0000,-0.176336,-0.242705,0.000000,0.0000
2201.10,-0.221204,-0.234747,0.005094,0.0000,-0.176336,-0.242705,0.000000,0.0000
2206.45,-0.220808,-0.234387,0.005113,0.0000,-0.176336,-0.242705,0.000000,0.0000
2211.99,-0.220435,-0.234084,0.005102,0.0000,-0.176336,-0.242705,0.000000,0.0000
2217.35,-0.220435,-0.234084,0.005102,0.0000,-0.176336,-0.242705,0.000000,0.0000
2222.70,-0.220133,-0.233825,0.005099,0.0000,-0.176336,-0.242705,0.000000,0.0000
2228.03,-0.220133,-0.233825,0.005099,0.0000,-0.176336,-0.242705,0.000000,0.0000
2233.36,-0.219850,-0.233495,0.005125,0.0000,-0.176336,-0.242705,0.000000,0.0000
2238.73,-0.219554,-0.233237,0.005130,0.0000,-0.176336,-0.242705,0.000000,0.0000
2244.14,-0.219554,-0.233237,0.005130,0.0000,-0.176336,-0.242705,0.000000,0.0000
2249.62,-0.219244,-0.232950,0.005154,0.0000,-0.176336,-0.242705,0.000000,0.0000
2254.94,-0.218817,-0.232676,0.005156,0.0000,-0.176336,-0.242705,0.000000,0.0000
2260.39,-0.218817,-0.232676,0.005156,0.0000,-0.176336,-0.242705,0.000000,0.0000
2265.50,-0.218382,-0.232385,0.005175,0.0000,-0.176336,-0.242705,0.000000,0.0000
2270.82,-0.218028,-0.232117,0.005182,0.0000,-0.176336,-0.242705,0.000000,0.0000
2276.15,-0.218028,-0.232117,0.005182,0.0000,-0.176336,-0.242705,0.000000,0.0000
2281.51,-0.217750,-0.231898,0.005157,0.0000,-0.176336,-0.242705,0.000000,0.0000
2287.18,-0.217534,-0.231665,0.005152,0.0000,-0.176336,-0.242705,0.000000,0.0000
2292.65,-0.217534,-0.231665,0.005152,0.0000,-0.176336,-0.242705,0.000000,0.0000
2297.94,-0.217297,-0.231464,0.005137,0.0000,-0.176336,-0.242705,0.000000,0.0000
2303.28,-0.217297,-0.231464,0.005137,0.0000,-0.176336,-0.242705,0.000000,0.0000
2308.60,-0.217047,-0.231223,0.005138,0.0000,-0.176336,-0.242705,0.000000,0.0000
2314.13,-0.216753,-0.230973,0.005127,0.0000,-0.176336,-0.242705,0.000000,0.0000
2319.50,-0.216753,-0.230973,0.005127,0.0000,-0.176336,-0.242705,0.000000,0.0000
2324.89,-0.216441,-0.230796,0.005108,0.0000,-0.176336,-0.242705,0.000000,0.0000
2330.22,-0.216144,-0.230526,0.005099,0.0000,-0.176336,-0.242705,0.000000,0.0000
2335.55,-0.216144,-0.230526,0.005099,0.0000,-0.176336,-0.242705,0.000000,0.0000
2340.89,-0.215865,-0.230384,0.005088,0.0000,-0.176336,-0.242705,0.000000,0.0000
2346.44,-0.215641,-0.230263,0.005081,0.0000,-0.176336,-0.242705,0.000000,0.0000
2351.76,-0.215641,-0.230263,0.005081,0.0000,-0.176336,-0.242705,0.000000,0.0000
2357.09,-0.215426,-0.230150,0.005079,0.0000,-0.176336,-0.242705,0.000000,0.0000
2362.58,-0.215241,-0.230030,0.005062,0.0000,-0.176336,-0.242705,0.000000,0.0000
2368.56,-0.215241,-0.230030,0.005062,0.0000,-0.176336,-0.242705,0.000000,0.0000
2373.94,-0.215110,-0.229914,0.005068,0.0000,-0.176336,-0.242705,0.000000,0.0000
2379.27,-0.214945,-0.229761,0.005055,0.0000,-0.176336,-0.242705,0.000000,0.0000
2384.64,-0.214945,-0.229761,0.005055,0.0000,-0.176336,-0.242705,0.000000,0.0000
2390.07,-0.214786,-0.229699,0.005025,0.0000,-0.176336,-0.242705,0.000000,0.0000
2395.51,-0.214690,-0.229675,0.005020,0.0000,-0.176336,-0.242705,0.000000,0.0000
2400.88,-0.214690,-0.229675,0.005020,0.0000,-0.176336,-0.242705,0.000000,0.0000
2406.22,-0.214546,-0.229578,0.005009,0.0000,-0.176336,-0.242705,0.000000,0.0000
2411.55,-0.214546,-0.229578,0.005009,0.0000,-0.176336,-0.242705,0.000000,0.0000
2416.87,-0.214399,-0.229528,0.004996,0.0000,-0.176336,-0.242705,0.000000,0.0000
2422.34,-0.214280,-0.229509,0.004986,0.0000,-0.176336,-0.242705,0.000000,0.0000
2427.68,-0.214280,-0.229509,0.004986,0.0000,-0.176336,-0.242705,0.000000,0.0000
2433.04,-0.214189,-0.229516,0.004958,0.0000,-0.176336,-0.242705,0.000000,0.0000
2438.36,-0.214141,-0.229513,0.004932,0.0000,-0.176336,-0.242705,0.000000,0.0000
2443.95,-0.214141,-0.229513,0.004932,0.0000,-0.176336,-0.242705,0.000000,0.0000
2449.39,-0.214101,-0.229509,0.004914,0.0000,-0.176336,-0.242705,0.000000,0.0000
2454.70,-0.214070,-0.229517,0.004898,0.0000,-0.176336,-0.242705,0.000000,0.0000
2460.03,-0.214070,-0.229517,0.004898,0.0000,-0.176336,-0.242705,0.000000,0.0000
2465.39,-0.214051,-0.229536,0.004872,0.0000,-0.176336,-0.242705,0.000000,0.0000
2471.28,-0.214051,-0.229585,0.004860,0.0000,-0.176336,-0.242705,0.000000,0.0000
2476.61,-0.214051,-0.229585,0.004860,0.0000,-0.176336,-0.242705,0.000000,0.0000
2481.97,-0.214060,-0.229642,0.004828,0.0000,-0.176336,-0.242705,0.000000,0.0000
2487.42,-0.214089,-0.229672,0.004821,0.0000,-0.176336,-0.242705,0.000000,0.0000
2492.71,-0.214089,-0.229672,0.004821,0.0000,-0.176336,-0.242705,0.000000,0.0000
2498.17,-0.214137,-0.229775,0.004775,0.0000,-0.176336,-0.242705,0.000000,0.0000
2503.53,-0.214214,-0.229897,0.004758,0.0000,-0.176336,-0.242705,0.000000,0.0000
2508.91,-0.214214,-0.229897,0.004758,0.0000,-0.176336,-0.242705,0.000000,0.0000
2514.24,-0.214319,-0.230022,0.004744,0.0000,-0.176336,-0.242705,0.000000,0.0000
2519.60,-0.214319,-0.230022,0.004744,0.0000,-0.176336,-0.242705,0.000000,0.0000
2524.89,-0.214429,-0.230198,0.004710,0.0000,-0.176336,-0.242705,0.000000,0.0000
2530.24,-0.214543,-0.230318,0.004681,0.0000,-0.176336,-0.242705,0.000000,0.0000
2535.60,-0.214543,-0.230318,0.004681,0.0000,-0.176336,-0.242705,0.000000,0.0000
2541.30,-0.214642,-0.230451,0.004640,0.0000,-0.176336,-0.242705,0.000000,0.0000
2546.65,-0.214747,-0.230590,0.004614,0.0000,-0.176336,-0.242705,0.000000,0.0000
2551.96,-0.214747,-0.230590,0.004614,0.0000,-0.176336,-0.242705,0.000000,0.0000
2557.32,-0.214892,-0.230724,0.004579,0.0000,-0.176336,-0.242705,0.000000,0.0000
2562.76,-0.215035,-0.230892,0.004528,0.0000,-0.176336,-0.242705,0.000000,0.0000
2568.15,-0.215035,-0.230892,0.004528,0.0000,-0.176336,-0.242705,0.000000,0.0000
2573.65,-0.215222,-0.231075,0.004509,0.0000,-0.176336,-0.242705,0.000000,0.0000
2579.01,-0.215446,-0.231295,0.004513,0.0000,-0.176336,-0.242705,0.000000,0.0000
2584.46,-0.215446,-0.231295,0.004513,0.0000,-0.176336,-0.242705,0.000000,0.0000
2590.11,-0.215681,-0.231550,0.004482,0.0000,-0.176336,-0.242705,0.000000,0.0000
2595.70,-0.215930,-0.231805,0.004465,0.0000,-0.176336,-0.242705,0.000000,0.0000
2601.07,-0.215930,-0.231805,0.004465,0.0000,-0.176336,-0.242705,0.000000,0.0000
2606.40,-0.216182,-0.232056,0.004476,0.0000,-0.176336,-0.242705,0.000000,0.0000
2611.81,-0.216411,-0.232305,0.004467,0.0000,-0.176336,-0.242705,0.000000,0.0000
2617.21,-0.216411,-0.232305,0.004467,0.0000,-0.176336,-0.242705,0.000000,0.0000
2622.55,-0.216610,-0.232561,0.004462,0.0000,-0.176336,-0.242705,0.000000,0.0000
2627.88,-0.216610,-0.232561,0.004462,0.0000,-0.176336,-0.242705,0.000000,0.0000
2633.22,-0.216780,-0.232859,0.004442,0.0000,-0.176336,-0.242705,0.000000,0.0000
2638.61,-0.216994,-0.233107,0.004418,0.0000,-0.176336,-0.242705,0.000000,0.0000
2643.94,-0.216994,-0.233107,0.004418,0.0000,-0.176336,-0.242705,0.000000,0.0000
2649.52,-0.217283,-0.233383,0.004393,0.0000,-0.176336,-0.242705,0.000000,0.0000
2654.91,-0.217571,-0.233651,0.004363,0.0000,-0.176336,-0.242705,0.000000,0.0000
2660.24,-0.217571,-0.233651,0.004363,0.0000,-0.176336,-0.242705,0.000000,0.0000
2665.57,-0.217916,-0.233953,0.004340,0.0000,-0.176336,-0.242705,0.000000,0.0000
2671.16,-0.218271,-0.234229,0.004330,0.0000,-0.176336,-0.242705,0.000000,0.0000
2676.30,-0.218271,-0.234229,0.004330,0.0000,-0.176336,-0.242705,0.000000,0.0000
2681.76,-0.218600,-0.234567,0.004317,0.0000,-0.176336,-0.242705,0.000000,0.0000
2687.10,-0.218900,-0.234814,0.004340,0.0000,-0.176336,-0.242705,0.000000,0.0000
2692.45,-0.218900,-0.234814,0.004340,0.0000,-0.176336,-0.242705,0.000000,0.0000
2698.00,-0.219150,-0.235052,0.004338,0.0000,-0.176336,-0.242705,0.000000,0.0000
2703.37,-0.219433,-0.235327,0.004320,0.0000,-0.176336,-0.242705,0.000000,0.0000
2708.88,-0.219433,-0.235327,0.004320,0.0000,-0.176336,-0.242705,0.000000,0.0000
2714.32,-0.219762,-0.235652,0.004269,0.0000,-0.176336,-0.242705,0.000000,0.0000
2719.68,-0.219762,-0.235652,0.004269,0.0000,-0.176336,-0.242705,0.000000,0.0000
2725.05,-0.220140,-0.235947,0.004276,0.0000,-0.176336,-0.242705,0.000000,0.0000
2730.54,-0.220534,-0.236231,0.004276,0.0000,-0.176336,-0.242705,0.000000,0.0000
2735.90,-0.220534,-0.236231,0.004276,0.0000,-0.176336,-0.242705,0.000000,0.0000
2741.26,-0.220895,-0.236524,0.004287,0.0000,-0.176336,-0.242705,0.000000,0.0000
2746.59,-0.221222,-0.236842,0.004274,0.0000,-0.176336,-0.242705,0.000000,0.0000
2751.95,-0.221222,-0.236842,0.004274,0.0000,-0.176336,-0.242705,0.000000,0.0000
2757.52,-0.221500,-0.237096,0.004254,0.0000,-0.176336,-0.242705,0.000000,0.0000
2763.04,-0.221804,-0.237364,0.004237,0.0000,-0.176336,-0.242705,0.000000,0.0000
2768.37,-0.221804,-0.237364,0.004237,0.0000,-0.176336,-0.242705,0.000000,0.0000
2773.77,-0.222180,-0.237688,0.004202,0.0000,-0.176336,-0.242705,0.000000,0.0000
2779.48,-0.222585,-0.237960,0.004221,0.0000,-0.176336,-0.242705,0.000000,0.0000
2784.89,-0.222585,-0.237960,0.004221,0.0000,-0.176336,-0.242705,0.000000,0.0000
2790.21,-0.222938,-0.238244,0.004219,0.0000,-0.176336,-0.242705,0.000000,0.0000
2795.60,-0.223249,-0.238535,0.004255,0.0000,-0.176336,-0.242705,0.000000,0.0000
2800.94,-0.223249,-0.238535,0.004255,0.0000,-0.176336,-0.242705,0.000000,0.0000
2806.34,-0.223603,-0.238799,0.004286,0.0000,-0.176336,-0.242705,0.000000,0.0000
2811.82,-0.223962,-0.239016,0.004289,0.0000,-0.176336,-0.242705,0.000000,0.0000
2817.29,-0.223962,-0.239016,0.004289,0.0000,-0.176336,-0.242705,0.000000,0.0000
2822.66,-0.224334,-0.239198,0.004327,0.0000,-0.176336,-0.242705,0.000000,0.0000
2828.07,-0.224334,-0.239198,0.004327,0.0000,-0.176336,-0.242705,0.000000,0.0000
2833.77,-0.224710,-0.239436,0.004332,0.0000,-0.176336,-0.242705,0.000000,0.0000
2839.11,-0.225113,-0.239681,0.004323,0.0000,-0.176336,-0.242705,0.000000,0.0000
2844.48,-0.225113,-0.239681,0.004323,0.0000,-0.176336,-0.242705,0.000000,0.0000
2849.82,-0.225521,-0.239920,0.004329,0.0000,-0.176336,-0.242705,0.000000,0.0000
2855.47,-0.225884,-0.240113,0.004347,0.0000,-0.176336,-0.242705,0.000000,0.0000
2860.76,-0.225884,-0.240113,0.004347,0.0000,-0.176336,-0.242705,0.000000,0.0000
2866.18,-0.226230,-0.240348,0.004357,0.0000,-0.176336,-0.242705,0.000000,0.0000
2871.53,-0.226557,-0.240528,0.004377,0.0000,-0.176336,-0.242705,0.000000,0.0000
2876.85,-0.226557,-0.240528,0.004377,0.0000,-0.176336,-0.242705,0.000000,0.0000
2881.88,-0.226910,-0.240694,0.004390,0.0000,-0.176336,-0.242705,0.000000,0.0000
2887.34,-0.227236,-0.240862,0.004417,0.0000,-0.176336,-0.242705,0.000000,0.0000
2892.69,-0.227236,-0.240862,0.004417,0.0000,-0.176336,-0.242705,0.000000,0.0000
2898.18,-0.227510,-0.240996,0.004422,0.0000,-0.176336,-0.242705,0.000000,0.0000
2903.51,-0.227840,-0.241175,0.004435,0.0000,-0.176336,-0.242705,0.000000,0.0000
2908.88,-0.227840,-0.241175,0.004435,0.0000,-0.176336,-0.242705,0.000000,0.0000
2914.21,-0.228170,-0.241385,0.004457,0.0000,-0.176336,-0.242705,0.000000,0.0000
2919.63,-0.228170,-0.241385,0.004457,0.0000,-0.176336,-0.242705,0.000000,0.0000
2924.97,-0.228484,-0.241563,0.004493,0.0000,-0.176336,-0.242705,0.000000,0.0000
2930.51,-0.228732,-0.241625,0.004527,0.0000,-0.176336,-0.242705,0.000000,0.0000
2935.82,-0.228732,-0.241625,0.004527,0.0000,-0.176336,-0.242705,0.000000,0.0000
2941.16,-0.228971,-0.241739,0.004564,0.0000,-0.176336,-0.242705,0.000000,0.0000
2946.52,-0.229231,-0.241801,0.004584,0.0000,-0.176336,-0.242705,0.000000,0.0000
2951.83,-0.229231,-0.241801,0.004584,0.0000,-0.176336,-0.242705,0.000000,0.0000
2957.15,-0.229501,-0.241890,0.004600,0.0000,-0.176336,-0.242705,0.000000,0.0000
2962.53,-0.229822,-0.242028,0.004641,0.0000,-0.176336,-0.242705,0.000000,0.0000
2967.84,-0.229822,-0.242028,0.004641,0.0000,-0.176336,-0.242705,0.000000,0.0000
2973.59,-0.230125,-0.242100,0.004654,0.0000,-0.176336,-0.242705,0.000000,0.0000
2978.91,-0.230406,-0.242129,0.004678,0.0000,-0.176336,-0.242705,0.000000,0.0000
2984.88,-0.230406,-0.242129,0.004678,0.0000,-0.176336,-0.242705,0.000000,0.0000
2990.30,-0.230658,-0.242116,0.004714,0.0000,-0.176336,-0.242705,0.000000,0.0000
2995.62,-0.230917,-0.242116,0.004737,0.0000,-0.176336,-0.242705,0.000000,0.0000
3000.98,-0.230917,-0.242116,0.004737,0.0000,-0.176336,-0.242705,0.000000,0.0000
3006.35,-0.231160,-0.242169,0.004731,0.0000,-0.176336,-0.242705,0.000000,0.0000
3011.68,-0.231160,-0.242169,0.004731,0.0000,-0.176336,-0.242705,0.000000,0.0000
3017.03,-0.231393,-0.242179,0.004743,0.0000,-0.176336,-0.242705,0.000000,0.0000
3022.42,-0.231652,-0.242140,0.004780,0.0000,0.000000,0.300000,0.000000,0.0000
3027.76,-0.231652,-0.242140,0.004780,0.0000,0.000000,0.300000,0.000000,0.0000
3033.16,-0.231839,-0.242114,0.004797,0.0000,0.000000,0.300000,0.000000,0.0000
3038.54,-0.232054,-0.242092,0.004824,0.0000,0.000000,0.300000,0.000000,0.0000
3043.88,-0.232054,-0.242092,0.004824,0.0000,0.000000,0.300000,0.000000,0.0000
3049.53,-0.232261,-0.242044,0.004822,0.0000,0.000000,0.300000,0.000000,0.0000
3054.92,-0.232486,-0.242004,0.004850,0.0000,0.000000,0.300000,0.000000,0.0000
3060.32,-0.232486,-0.242004,0.004850,0.0000,0.000000,0.300000,0.000000,0.0000
3065.69,-0.232711,-0.241906,0.004866,0.0000,0.000000,0.300000,0.000000,0.0000
3071.42,-0.232895,-0.241824,0.004889,0.0000,0.000000,0.300000,0.000000,0.0000
3076.77,-0.232895,-0.241824,0.004889,0.0000,0.000000,0.300000,0.000000,0.0000
3082.14,-0.233056,-0.241717,0.004881,0.0000,0.000000,0.300000,0.000000,0.0000
3087.63,-0.233221,-0.241557,0.004891,0.0000,0.000000,0.300000,0.000000,0.0000
3092.97,-0.233221,-0.241557,0.004891,0.0000,0.000000,0.300000,0.000000,0.0000
3098.33,-0.233328,-0.241356,0.004893,0.0000,0.000000,0.300000,0.000000,0.0000
3103.67,-0.233385,-0.241098,0.004898,0.0000,0.000000,0.300000,0.000000,0.0000
3109.00,-0.233385,-0.241098,0.004898,0.0000,0.000000,0.300000,0.000000,0.0000
3114.34,-0.233390,-0.240853,0.004862,0.0000,0.000000,0.300000,0.000000,0.0000
3119.66,-0.233390,-0.240853,0.004862,0.0000,0.000000,0.300000,0.000000,0.0000
3124.96,-0.233400,-0.240552,0.004843,0.0000,0.000000,0.300000,0.000000,0.0000
3130.30,-0.233401,-0.240155,0.004813,0.0000,0.000000,0.300000,0.000000,0.0000
3135.65,-0.233401,-0.240155,0.004813,0.0000,0.000000,0.300000,0.000000,0.0000
3141.02,-0.233317,-0.239720,0.004761,0.0000,0.000000,0.300000,0.000000,0.0000
3146.41,-0.233249,-0.239209,0.004744,0.0000,0.000000,0.300000,0.000000,0.0000
3151.70,-0.233249,-0.239209,0.004744,0.0000,0.000000,0.300000,0.000000,0.0000
3157.02,-0.233173,-0.238791,0.004715,0.0000,0.000000,0.300000,0.000000,0.0000
3162.41,-0.233090,-0.238188,0.004679,0.0000,0.000000,0.300000,0.000000,0.0000
3167.74,-0.233090,-0.238188,0.004679,0.0000,0.000000,0.300000,0.000000,0.0000
3173.34,-0.232984,-0.237587,0.004615,0.0000,0.000000,0.300000,0.000000,0.0000
3178.76,-0.232811,-0.236981,0.004591,0.0000,0.000000,0.300000,0.000000,0.0000
3184.13,-0.232811,-0.236981,0.004591,0.0000,0.000000,0.300000,0.000000,0.0000
3189.17,-0.232513,-0.236304,0.004571,0.0000,0.000000,0.300000,0.000000,0.0000
3194.53,-0.232513,-0.236304,0.004571,0.0000,0.000000,0.300000,0.000000,0.0000
3199.83,-0.232257,-0.235560,0.004526,0.0000,0.000000,0.300000,0.000000,0.0000
3205.26,-0.232080,-0.234752,0.004475,0.0000,0.000000,0.300000,0.000000,0.0000
3210.58,-0.232080,-0.234752,0.004475,0.0000,0.000000,0.300000,0.000000,0.0000
3216.09,-0.231818,-0.233946,0.004436,0.0000,0.000000,0.300000,0.000000,0.0000
3221.45,-0.231470,-0.233032,0.004412,0.0000,0.000000,0.300000,0.000000,0.0000
3226.83,-0.231470,-0.233032,0.004412,0.0000,0.000000,0.300000,0.000000,0.0000
3232.15,-0.231038,-0.231955,0.004372,0.0000,0.000000,0.300000,0.000000,0.0000
3237.48,-0.230629,-0.230967,0.004365,0.0000,0.000000,0.300000,0.000000,0.0000
3242.77,-0.230629,-0.230967,0.004365,0.0000,0.000000,0.300000,0.000000,0.0000
3248.31,-0.230280,-0.229831,0.004328,0.0000,0.000000,0.300000,0.000000,0.0000
3253.70,-0.230280,-0.229831,0.004328,0.0000,0.000000,0.300000,0.000000,0.0000
3259.04,-0.229788,-0.228625,0.004315,0.0000,0.000000,0.300000,0.000000,0.0000
3264.36,-0.229125,-0.227361,0.004237,0.0000,0.000000,0.300000,0.000000,0.0000
3269.70,-0.229125,-0.227361,0.004237,0.0000,0.000000,0.300000,0.000000,0.0000
3275.03,-0.228568,-0.225982,0.004212,0.0000,0.000000,0.300000,0.000000,0.0000
3280.39,-0.227956,-0.224614,0.004193,0.0000,0.000000,0.300000,0.000000,0.0000
3285.70,-0.227956,-0.224614,0.004193,0.0000,0.000000,0.300000,0.000000,0.0000
3291.68,-0.227259,-0.223101,0.004141,0.0000,0.000000,0.300000,0.000000,0.0000
3297.04,-0.227259,-0.223101,0.004141,0.0000,0.000000,0.300000,0.000000,0.0000
3302.36,-0.226547,-0.221543,0.004109,0.0000,0.000000,0.300000,0.000000,0.0000
3307.81,-0.225762,-0.219808,0.004027,0.0000,0.000000,0.300000,0.000000,0.0000
3313.13,-0.224948,-0.218056,0.003986,0.0000,0.000000,0.300000,0.000000,0.0000
3318.57,-0.224948,-0.218056,0.003986,0.0000,0.000000,0.300000,0.000000,0.0000
3323.88,-0.224005,-0.216238,0.003986,0.0000,0.000000,0.300000,0.000000,0.0000
3329.24,-0.223076,-0.214335,0.003911,0.0000,0.000000,0.300000,0.000000,0.0000
3334.57,-0.223076,-0.214335,0.003911,0.0000,0.000000,0.300000,0.000000,0.0000
3340.09,-0.222113,-0.212324,0.003855,0.0000,0.000000,0.300000,0.000000,0.0000
3345.25,-0.221071,-0.210243,0.003858,0.0000,0.000000,0.300000,0.000000,0.0000
3350.61,-0.221071,-0.210243,0.003858,0.0000,0.000000,0.300000,0.000000,0.0000
3355.97,-0.220097,-0.208130,0.003837,0.0000,0.000000,0.300000,0.000000,0.0000
3361.29,-0.220097,-0.208130,0.003837,0.0000,0.000000,0.300000,0.000000,0.0000
3366.68,-0.218995,-0.205948,0.003824,0.0000,0.000000,0.300000,0.000000,0.0000
3372.24,-0.217800,-0.203685,0.003798,0.0000,0.000000,0.300000,0.000000,0.0000
3377.57,-0.217800,-0.203685,0.003798,0.0000,0.000000,0.300000,0.000000,0.0000
3382.88,-0.216613,-0.201364,0.003706,0.0000,0.000000,0.300000,0.000000,0.0000
3388.20,-0.215346,-0.198935,0.003684,0.0000,0.000000,0.300000,0.000000,0.0000
3393.85,-0.215346,-0.198935,0.003684,0.0000,0.000000,0.300000,0.000000,0.0000
3399.30,-0.214132,-0.196434,0.003726,0.0000,0.000000,0.300000,0.000000,0.0000
3404.65,-0.214132,-0.196434,0.003726,0.0000,0.000000,0.300000,0.000000,0.0000
3410.21,-0.212768,-0.193941,0.003624,0.0000,0.000000,0.300000,0.000000,0.0000
3415.76,-0.211347,-0.191377,0.003649,0.0000,0.000000,0.300000,0.000000,0.0000
3421.13,-0.209982,-0.188732,0.003690,0.0000,0.000000,0.300000,0.000000,0.0000
3426.52,-0.209982,-0.188732,0.003690,0.0000,0.000000,0.300000,0.000000,0.0000
3431.90,-0.208505,-0.186024,0.003633,0.0000,0.000000,0.300000,0.000000,0.0000
3437.22,-0.207027,-0.183206,0.003686,0.0000,0.000000,0.300000,0.000000,0.0000
3442.59,-0.207027,-0.183206,0.003686,0.0000,0.000000,0.300000,0.000000,0.0000
3447.88,-0.205515,-0.180306,0.003640,0.0000,0.000000,0.300000,0.000000,0.0000
3453.25,-0.205515,-0.180306,0.003640,0.0000,0.000000,0.300000,0.000000,0.0000
3458.57,-0.204058,-0.177431,0.003715,0.0000,0.000000,0.300000,0.000000,0.0000
3463.91,-0.202387,-0.174371,0.003700,0.0000,0.000000,0.300000,0.000000,0.0000
3469.23,-0.202387,-0.174371,0.003700,0.0000,0.000000,0.300000,0.000000,0.0000
3474.57,-0.200805,-0.171479,0.003725,0.0000,0.000000,0.300000,0.000000,0.0000
3479.89,-0.200805,-0.171479,0.003725,0.0000,0.000000,0.300000,0.000000,0.0000
3485.21,-0.199096,-0.168419,0.003692,0.0000,0.000000,0.300000,0.000000,0.0000
3490.56,-0.197435,-0.165351,0.003667,0.0000,0.000000,0.300000,0.000000,0.0000
3496.36,-0.195724,-0.162183,0.003704,0.0000,0.000000,0.300000,0.000000,0.0000
3501.74,-0.195724,-0.162183,0.003704,0.0000,0.000000,0.300000,0.000000,0.0000
3507.14,-0.193981,-0.158975,0.003716,0.0000,0.000000,0.300000,0.000000,0.0000
3512.52,-0.193981,-0.158975,0.003716,0.0000,0.000000,0.300000,0.000000,0.0000
3518.11,-0.192128,-0.155738,0.003711,0.0000,0.000000,0.300000,0.000000,0.0000
3523.54,-0.190389,-0.152525,0.003745,0.0000,0.000000,0.300000,0.000000,0.0000
3528.96,-0.188568,-0.149225,0.003809,0.0000,0.000000,0.300000,0.000000,0.0000
3534.50,-0.188568,-0.149225,0.003809,0.0000,0.000000,0.300000,0.000000,0.0000
3540.12,-0.186652,-0.145954,0.003868,0.0000,0.000000,0.300000,0.000000,0.0000
3545.47,-0.184696,-0.142540,0.003944,0.0000,0.000000,0.300000,0.000000,0.0000
3550.82,-0.184696,-0.142540,0.003944,0.0000,0.000000,0.300000,0.000000,0.0000
3556.18,-0.182772,-0.139166,0.004002,0.0000,0.000000,0.300000,0.000000,0.0000
3561.55,-0.182772,-0.139166,0.004002,0.0000,0.000000,0.300000,0.000000,0.0000
3566.88,-0.180818,-0.135844,0.004054,0.0000,0.000000,0.300000,0.000000,0.0000
3572.39,-0.178909,-0.132468,0.004138,0.0000,0.000000,0.300000,0.000000,0.0000
3577.76,-0.178909,-0.132468,0.004138,0.0000,0.000000,0.300000,0.000000,0.0000
3583.13,-0.176831,-0.129015,0.004207,0.0000,0.000000,0.300000,0.000000,0.0000
3588.49,-0.174794,-0.125525,0.004242,0.0000,0.000000,0.300000,0.000000,0.0000
3593.82,-0.174794,-0.125525,0.004242,0.0000,0.000000,0.300000,0.000000,0.0000
3599.59,-0.172743,-0.122021,0.004336,0.0000,0.000000,0.300000,0.000000,0.0000
3604.88,-0.172743,-0.122021,0.004336,0.0000,0.000000,0.300000,0.000000,0.0000
3610.48,-0.170752,-0.118529,0.004439,0.0000,0.000000,0.300000,0.000000,0.0000
3615.79,-0.168692,-0.115009,0.004576,0.0000,0.000000,0.300000,0.000000,0.0000
3621.13,-0.168692,-0.115009,0.004576,0.0000,0.000000,0.300000,0.000000,0.0000
3626.50,-0.166630,-0.111563,0.004668,0.0000,0.000000,0.300000,0.000000,0.0000
3631.88,-0.164546,-0.108117,0.004782,0.0000,0.000000,0.300000,0.000000,0.0000
3637.20,-0.162454,-0.104567,0.004920,0.0000,0.000000,0.300000,0.000000,0.0000
3642.58,-0.162454,-0.104567,0.004920,0.0000,0.000000,0.300000,0.000000,0.0000
3647.88,-0.160395,-0.101030,0.005013,0.0000,0.000000,0.300000,0.000000,0.0000
3653.24,-0.160395,-0.101030,0.005013,0.0000,0.000000,0.300000,0.000000,0.0000
3658.65,-0.158315,-0.097544,0.005153,0.0000,0.000000,0.300000,0.000000,0.0000
3664.28,-0.156235,-0.094067,0.005215,0.0000,0.000000,0.300000,0.000000,0.0000
3669.64,-0.156235,-0.094067,0.005215,0.0000,0.000000,0.300000,0.000000,0.0000
3674.97,-0.154146,-0.090546,0.005301,0.0000,0.000000,0.300000,0.000000,0.0000
3680.55,-0.152132,-0.087035,0.005466,0.0000,0.000000,0.300000,0.000000,0.0000
3685.88,-0.152132,-0.087035,0.005466,0.0000,0.000000,0.300000,0.000000,0.0000
3691.22,-0.150088,-0.083645,0.005569,0.0000,0.000000,0.300000,0.000000,0.0000
3696.54,-0.147973,-0.080147,0.005706,0.0000,0.000000,0.300000,0.000000,0.0000
3702.14,-0.147973,-0.080147,0.005706,0.0000,0.000000,0.300000,0.000000,0.0000
3707.50,-0.145977,-0.076765,0.005766,0.0000,0.000000,0.300000,0.000000,0.0000
3712.82,-0.145977,-0.076765,0.005766,0.0000,0.000000,0.300000,0.000000,0.0000
3718.21,-0.143901,-0.073383,0.005888,0.0000,0.000000,0.300000,0.000000,0.0000
3723.54,-0.141822,-0.069956,0.005955,0.0000,0.000000,0.300000,0.000000,0.0000
3728.88,-0.141822,-0.069956,0.005955,0.0000,0.000000,0.300000,0.000000,0.0000
3734.20,-0.139697,-0.066473,0.006096,0.0000,0.000000,0.300000,0.000000,0.0000
3739.54,-0.137627,-0.063119,0.006119,0.0000,0.000000,0.300000,0.000000,0.0000
3744.93,-0.135587,-0.059790,0.006220,0.0000,0.000000,0.300000,0.000000,0.0000
3750.44,-0.135587,-0.059790,0.006220,0.0000,0.000000,0.300000,0.000000,0.0000
3755.82,-0.133594,-0.056473,0.006259,0.0000,0.000000,0.300000,0.000000,0.0000
3761.16,-0.133594,-0.056473,0.006259,0.0000,0.000000,0.300000,0.000000,0.0000
3766.76,-0.131594,-0.053191,0.006352,0.0000,0.000000,0.300000,0.000000,0.0000
3772.34,-0.129648,-0.049918,0.006399,0.0000,0.000000,0.300000,0.000000,0.0000
3777.70,-0.129648,-0.049918,0.006399,0.0000,0.000000,0.300000,0.000000,0.0000
3783.05,-0.127593,-0.046619,0.006515,0.0000,0.000000,0.300000,0.000000,0.0000
3788.37,-0.125543,-0.043354,0.006594,0.0000,0.000000,0.300000,0.000000,0.0000
3793.69,-0.125543,-0.043354,0.006594,0.0000,0.000000,0.300000,0.000000,0.0000
3799.17,-0.123542,-0.040159,0.006654,0.0000,0.000000,0.300000,0.000000,0.0000
3804.94,-0.121579,-0.036987,0.006616,0.0000,0.000000,0.300000,0.000000,0.0000
3810.26,-0.121579,-0.036987,0.006616,0.0000,0.000000,0.300000,0.000000,0.0000
3815.61,-0.119651,-0.033819,0.006662,0.0000,0.000000,0.300000,0.000000,0.0000
3820.89,-0.117740,-0.030660,0.006629,0.0000,0.000000,0.300000,0.000000,0.0000
3826.20,-0.117740,-0.030660,0.006629,0.0000,0.000000,0.300000,0.000000,0.0000
3831.53,-0.115859,-0.027487,0.006663,0.0000,0.000000,0.300000,0.000000,0.0000
3836.82,-0.115859,-0.027487,0.006663,0.0000,0.000000,0.300000,0.000000,0.0000
3842.70,-0.114048,-0.024446,0.006637,0.0000,0.000000,0.300000,0.000000,0.0000
3848.20,-0.112188,-0.021355,0.006693,0.0000,0.000000,0.300000,0.000000,0.0000
3853.60,-0.110386,-0.018370,0.006628,0.0000,0.000000,0.300000,0.000000,0.0000
3858.96,-0.110386,-0.018370,0.006628,0.0000,0.000000,0.300000,0.000000,0.0000
3864.31,-0.108639,-0.015299,0.006654,0.0000,0.000000,0.300000,0.000000,0.0000
3869.66,-0.108639,-0.015299,0.006654,0.0000,0.000000,0.300000,0.000000,0.0000
3874.94,-0.106881,-0.012335,0.006679,0.0000,0.000000,0.300000,0.000000,0.0000
3880.43,-0.105195,-0.009406,0.006650,0.0000,0.000000,0.300000,0.000000,0.0000
3885.76,-0.105195,-0.009406,0.006650,0.0000,0.000000,0.300000,0.000000,0.0000
3891.10,-0.103507,-0.006494,0.006658,0.0000,0.000000,0.300000,0.000000,0.0000
3896.42,-0.101857,-0.003596,0.006564,0.0000,0.000000,0.300000,0.000000,0.0000
3901.76,-0.101857,-0.003596,0.006564,0.0000,0.000000,0.300000,0.000000,0.0000
3907.76,-0.100264,-0.000698,0.006528,0.0000,0.000000,0.300000,0.000000,0.0000
3913.10,-0.098619,0.002113,0.006503,0.0000,0.000000,0.300000,0.000000,0.0000
3918.46,-0.098619,0.002113,0.006503,0.0000,0.000000,0.300000,0.000000,0.0000
3923.80,-0.097038,0.004903,0.006388,0.0000,0.000000,0.300000,0.000000,0.0000
3929.12,-0.097038,0.004903,0.006388,0.0000,0.000000,0.300000,0.000000,0.0000
3934.60,-0.097038,0.004903,0.006388,0.0000,0.000000,0.300000,0.000000,0.0000
3939.88,-0.094067,0.010330,0.006319,0.0000,0.000000,0.300000,0.000000,0.0000
3945.25,-0.092560,0.013055,0.006278,0.0000,0.000000,0.300000,0.000000,0.0000
3950.58,-0.092560,0.013055,0.006278,0.0000,0.000000,0.300000,0.000000,0.0000
3955.93,-0.091020,0.015747,0.006268,0.0000,0.000000,0.300000,0.000000,0.0000
3961.33,-0.091020,0.015747,0.006268,0.0000,0.000000,0.300000,0.000000,0.0000
3966.74,-0.089613,0.018362,0.006169,0.0000,0.000000,0.300000,0.000000,0.0000
3972.09,-0.088272,0.020956,0.006046,0.0000,0.000000,0.300000,0.000000,0.0000
3977.41,-0.088272,0.020956,0.006046,0.0000,0.000000,0.300000,0.000000,0.0000
3982.82,-0.086942,0.023527,0.005946,0.0000,0.000000,0.300000,0.000000,0.0000
3988.15,-0.085624,0.026106,0.005875,0.0000,0.000000,0.300000,0.000000,0.0000
3993.48,-0.085624,0.026106,0.005875,0.0000,0.000000,0.300000,0.000000,0.0000
3998.79,-0.084462,0.028622,0.005741,0.0000,0.000000,0.300000,0.000000,0.0000
4004.11,-0.083283,0.031138,0.005622,0.0000,0.000000,0.300000,0.000000,0.0000
4009.76,-0.083283,0.031138,0.005622,0.0000,0.000000,0.300000,0.000000,0.0000
4015.12,-0.082065,0.033655,0.005550,0.0000,0.000000,0.300000,0.000000,0.0000
4020.49,-0.080879,0.036211,0.005510,0.0000,0.000000,0.300000,0.000000,0.0000
4025.78,-0.080879,0.036211,0.005510,0.0000,0.000000,0.300000,0.000000,0.0000
4031.10,-0.079743,0.038649,0.005406,0.0000,0.000000,0.300000,0.000000,0.0000
4036.47,-0.079743,0.038649,0.005406,0.0000,0.000000,0.300000,0.000000,0.0000
4041.76,-0.078651,0.040976,0.005363,0.0000,0.000000,0.300000,0.000000,0.0000
4047.40,-0.077590,0.043353,0.005323,0.0000,0.000000,0.300000,0.000000,0.0000
4052.76,-0.077590,0.043353,0.005323,0.0000,0.000000,0.300000,0.000000,0.0000
4058.08,-0.076678,0.045728,0.005240,0.0000,0.000000,0.300000,0.000000,0.0000
4063.43,-0.075681,0.048107,0.005160,0.0000,0.000000,0.300000,0.000000,0.0000
4068.76,-0.075681,0.048107,0.005160,0.0000,0.000000,0.300000,0.000000,0.0000
4074.14,-0.074808,0.050423,0.005034,0.0000,0.000000,0.300000,0.000000,0.0000
4079.66,-0.073978,0.052787,0.005018,0.0000,0.000000,0.300000,0.000000,0.0000
4085.18,-0.073978,0.052787,0.005018,0.0000,0.000000,0.300000,0.000000,0.0000
4090.88,-0.073094,0.055117,0.004996,0.0000,0.000000,0.300000,0.000000,0.0000
4096.29,-0.072309,0.057353,0.004895,0.0000,0.000000,0.300000,0.000000,0.0000
4101.63,-0.072309,0.057353,0.004895,0.0000,0.000000,0.300000,0.000000,0.0000
4106.94,-0.071519,0.059713,0.004841,0.0000,0.000000,0.300000,0.000000,0.0000
4112.58,-0.070833,0.061953,0.004766,0.0000,0.000000,0.300000,0.000000,0.0000
4117.88,-0.070833,0.061953,0.004766,0.0000,0.000000,0.300000,0.000000,0.0000
4123.22,-0.070109,0.064215,0.004695,0.0000,0.000000,0.300000,0.000000,0.0000
4128.58,-0.069454,0.066465,0.004685,0.0000,0.000000,0.300000,0.000000,0.0000
4133.88,-0.069454,0.066465,0.004685,0.0000,0.000000,0.300000,0.000000,0.0000
4139.19,-0.068791,0.068681,0.004598,0.0000,0.000000,0.300000,0.000000,0.0000
4144.52,-0.068791,0.068681,0.004598,0.0000,0.000000,0.300000,0.000000,0.0000
4149.84,-0.068195,0.070918,0.004590,0.0000,0.000000,0.300000,0.000000,0.0000
4155.16,-0.067632,0.073098,0.004555,0.0000,0.000000,0.300000,0.000000,0.0000
4160.48,-0.067632,0.073098,0.004555,0.0000,0.000000,0.300000,0.000000,0.0000
4165.92,-0.067138,0.075326,0.004492,0.0000,0.000000,0.300000,0.000000,0.0000
4171.31,-0.066583,0.077513,0.004485,0.0000,0.000000,0.300000,0.000000,0.0000
4176.66,-0.066583,0.077513,0.004485,0.0000,0.000000,0.300000,0.000000,0.0000
4182.08,-0.066119,0.079639,0.004430,0.0000,0.000000,0.300000,0.000000,0.0000
4187.43,-0.065675,0.081765,0.004400,0.0000,0.000000,0.300000,0.000000,0.0000
4192.76,-0.065675,0.081765,0.004400,0.0000,0.000000,0.300000,0.000000,0.0000
4198.25,-0.065202,0.083970,0.004410,0.0000,0.000000,0.300000,0.000000,0.0000
4203.64,-0.064799,0.086104,0.004308,0.0000,0.000000,0.300000,0.000000,0.0000
4208.94,-0.064799,0.086104,0.004308,0.0000,0.000000,0.300000,0.000000,0.0000
4214.96,-0.064349,0.088190,0.004376,0.0000,0.000000,0.300000,0.000000,0.0000
4220.37,-0.064062,0.090325,0.004331,0.0000,0.000000,0.300000,0.000000,0.0000
4225.69,-0.064062,0.090325,0.004331,0.0000,0.000000,0.300000,0.000000,0.0000
4231.11,-0.063785,0.092506,0.004278,0.0000,0.000000,0.300000,0.000000,0.0000
4236.50,-0.063785,0.092506,0.004278,0.0000,0.000000,0.300000,0.000000,0.0000
4241.82,-0.063468,0.094623,0.004343,0.0000,0.000000,0.300000,0.000000,0.0000
4247.38,-0.063242,0.096786,0.004296,0.0000,0.000000,0.300000,0.000000,0.0000
4252.70,-0.063242,0.096786,0.004296,0.0000,0.000000,0.300000,0.000000,0.0000
4258.14,-0.062963,0.098985,0.004317,0.0000,0.000000,0.300000,0.000000,0.0000
4263.47,-0.062754,0.101149,0.004321,0.0000,0.000000,0.300000,0.000000,0.0000
4268.82,-0.062754,0.101149,0.004321,0.0000,0.000000,0.300000,0.000000,0.0000
4274.43,-0.062516,0.103318,0.004299,0.0000,0.000000,0.300000,0.000000,0.0000
4279.77,-0.062341,0.105460,0.004365,0.0000,0.000000,0.300000,0.000000,0.0000
4285.08,-0.062341,0.105460,0.004365,0.0000,0.000000,0.300000,0.000000,0.0000
4290.39,-0.062119,0.107760,0.004371,0.0000,0.000000,0.300000,0.000000,0.0000
4295.71,-0.061864,0.109978,0.004423,0.0000,0.000000,0.300000,0.000000,0.0000
4301.02,-0.061864,0.109978,0.004423,0.0000,0.000000,0.300000,0.000000,0.0000
4306.53,-0.061744,0.112124,0.004435,0.0000,0.000000,0.300000,0.000000,0.0000
4311.88,-0.061590,0.114243,0.004453,0.0000,0.000000,0.300000,0.000000,0.0000
4317.83,-0.061590,0.114243,0.004453,0.0000,0.000000,0.300000,0.000000,0.0000
4323.25,-0.061454,0.116467,0.004486,0.0000,0.000000,0.300000,0.000000,0.0000
4328.60,-0.061343,0.118722,0.004465,0.0000,0.000000,0.300000,0.000000,0.0000
4333.92,-0.061343,0.118722,0.004465,0.0000,0.000000,0.300000,0.000000,0.0000
4339.25,-0.061236,0.120836,0.004543,0.0000,0.000000,0.300000,0.000000,0.0000
4344.78,-0.061236,0.120836,0.004543,0.0000,0.000000,0.300000,0.000000,0.0000
4350.14,-0.061097,0.123054,0.004603,0.0000,0.000000,0.300000,0.000000,0.0000
4355.59,-0.061040,0.125247,0.004656,0.0000,0.000000,0.300000,0.000000,0.0000
4360.88,-0.061040,0.125247,0.004656,0.0000,0.000000,0.300000,0.000000,0.0000
4366.32,-0.060999,0.127531,0.004738,0.0000,0.000000,0.300000,0.000000,0.0000
4371.64,-0.060979,0.129801,0.004717,0.0000,0.000000,0.300000,0.000000,0.0000
4376.95,-0.060979,0.129801,0.004717,0.0000,0.000000,0.300000,0.000000,0.0000
4382.26,-0.060926,0.132129,0.004838,0.0000,0.000000,0.300000,0.000000,0.0000
4387.79,-0.060856,0.134470,0.004834,0.0000,0.000000,0.300000,0.000000,0.0000
4393.17,-0.060856,0.134470,0.004834,0.0000,0.000000,0.300000,0.000000,0.0000
4398.51,-0.060886,0.136691,0.004875,0.0000,0.000000,0.300000,0.000000,0.0000
4403.84,-0.060847,0.139033,0.004977,0.0000,0.000000,0.300000,0.000000,0.0000
4409.17,-0.060847,0.139033,0.004977,0.0000,0.000000,0.300000,0.000000,0.0000
4414.48,-0.060730,0.141355,0.005014,0.0000,0.000000,0.300000,0.000000,0.0000
4420.48,-0.060682,0.143715,0.005100,0.0000,0.000000,0.300000,0.000000,0.0000
4425.76,-0.060682,0.143715,0.005100,0.0000,0.000000,0.300000,0.000000,0.0000
4431.14,-0.060534,0.146065,0.005129,0.0000,0.000000,0.300000,0.000000,0.0000
4436.47,-0.060534,0.146065,0.005129,0.0000,0.000000,0.300000,0.000000,0.0000
4441.81,-0.060549,0.148372,0.005167,0.0000,0.000000,0.300000,0.000000,0.0000
4447.41,-0.060484,0.150723,0.005221,0.0000,0.000000,0.300000,0.000000,0.0000
4452.71,-0.060484,0.150723,0.005221,0.0000,0.000000,0.300000,0.000000,0.0000
4458.08,-0.060459,0.153045,0.005234,0.0000,0.000000,0.300000,0.000000,0.0000
4463.39,-0.060373,0.155446,0.005296,0.0000,0.000000,0.300000,0.000000,0.0000
4468.70,-0.060373,0.155446,0.005296,0.0000,0.000000,0.300000,0.000000,0.0000
4474.02,-0.060208,0.157897,0.005376,0.0000,0.000000,0.300000,0.000000,0.0000
4479.70,-0.060213,0.160246,0.005364,0.0000,0.000000,0.300000,0.000000,0.0000
4485.02,-0.060213,0.160246,0.005364,0.0000,0.000000,0.300000,0.000000,0.0000
4490.39,-0.060226,0.162625,0.005473,0.0000,0.000000,0.300000,0.000000,0.0000
4495.70,-0.060064,0.165061,0.005498,0.0000,0.000000,0.300000,0.000000,0.0000
4501.04,-0.060064,0.165061,0.005498,0.0000,0.000000,0.300000,0.000000,0.0000
4506.35,-0.059980,0.167467,0.005515,0.0000,0.000000,0.300000,0.000000,0.0000
4511.67,-0.059980,0.167467,0.005515,0.0000,0.000000,0.300000,0.000000,0.0000
4517.00,-0.059872,0.169898,0.005598,0.0000,0.000000,0.300000,0.000000,0.0000
4522.91,-0.059779,0.172338,0.005725,0.0000,0.000000,0.300000,0.000000,0.0000
4528.46,-0.059609,0.174737,0.005792,0.0000,0.000000,0.300000,0.000000,0.0000
4533.88,-0.059609,0.174737,0.005792,0.0000,0.000000,0.300000,0.000000,0.0000
4539.26,-0.059382,0.177130,0.005821,0.0000,0.000000,0.300000,0.000000,0.0000
4544.87,-0.059382,0.177130,0.005821,0.0000,0.000000,0.300000,0.000000,0.0000
4550.33,-0.059332,0.179505,0.005876,0.0000,0.000000,0.300000,0.000000,0.0000
4555.67,-0.059097,0.181903,0.005951,0.0000,0.000000,0.300000,0.000000,0.0000
4561.03,-0.059097,0.181903,0.005951,0.0000,0.000000,0.300000,0.000000,0.0000
4566.35,-0.058945,0.184326,0.005952,0.0000,0.000000,0.300000,0.000000,0.0000
4571.76,-0.058794,0.186681,0.006058,0.0000,0.000000,0.300000,0.000000,0.0000
4577.10,-0.058794,0.186681,0.006058,0.0000,0.000000,0.300000,0.000000,0.0000
4582.45,-0.058418,0.188971,0.006138,0.0000,0.000000,0.300000,0.000000,0.0000
4587.91,-0.058297,0.191309,0.006149,0.0000,0.000000,0.300000,0.000000,0.0000
4593.24,-0.058297,0.191309,0.006149,0.0000,0.000000,0.300000,0.000000,0.0000
4598.56,-0.057972,0.193666,0.006201,0.0000,0.000000,0.300000,0.000000,0.0000
4604.48,-0.057664,0.196059,0.006266,0.0000,0.000000,0.300000,0.000000,0.0000
4609.82,-0.057664,0.196059,0.006266,0.0000,0.000000,0.300000,0.000000,0.0000
4615.14,-0.057388,0.198309,0.006240,0.0000,0.000000,0.300000,0.000000,0.0000
4620.49,-0.057067,0.200685,0.006289,0.0000,0.000000,0.300000,0.000000,0.0000
4625.82,-0.057067,0.200685,0.006289,0.0000,0.000000,0.300000,0.000000,0.0000
4631.21,-0.056714,0.202946,0.006282,0.0000,0.000000,0.300000,0.000000,0.0000
4636.66,-0.056361,0.205346,0.006358,0.0000,0.000000,0.300000,0.000000,0.0000
4642.09,-0.056361,0.205346,0.006358,0.0000,0.000000,0.300000,0.000000,0.0000
4647.45,-0.055937,0.207615,0.006374,0.0000,0.000000,0.300000,0.000000,0.0000
4652.76,-0.055937,0.207615,0.006374,0.0000,0.000000,0.300000,0.000000,0.0000
4658.10,-0.055662,0.209797,0.006387,0.0000,0.000000,0.300000,0.000000,0.0000
4663.48,-0.055241,0.212065,0.006392,0.0000,0.000000,0.300000,0.000000,0.0000
4668.76,-0.055241,0.212065,0.006392,0.0000,0.000000,0.300000,0.000000,0.0000
4674.36,-0.054805,0.214261,0.006352,0.0000,0.000000,0.300000,0.000000,0.0000
4679.69,-0.054370,0.216400,0.006358,0.0000,0.000000,0.300000,0.000000,0.0000
4685.05,-0.054370,0.216400,0.006358,0.0000,0.000000,0.300000,0.000000,0.0000
4690.57,-0.053841,0.218536,0.006406,0.0000,0.000000,0.300000,0.000000,0.0000
4696.10,-0.053493,0.220634,0.006346,0.0000,0.000000,0.300000,0.000000,0.0000
4701.45,-0.053493,0.220634,0.006346,0.0000,0.000000,0.300000,0.000000,0.0000
4707.12,-0.052905,0.222678,0.006379,0.0000,0.000000,0.300000,0.000000,0.0000
4712.45,-0.052423,0.224769,0.006408,0.0000,0.000000,0.300000,0.000000,0.0000
4717.76,-0.052423,0.224769,0.006408,0.0000,0.000000,0.300000,0.000000,0.0000
4723.12,-0.051769,0.226764,0.006396,0.0000,0.000000,0.300000,0.000000,0.0000
4728.51,-0.051198,0.228754,0.006394,0.0000,0.000000,0.300000,0.000000,0.0000
4733.88,-0.051198,0.228754,0.006394,0.0000,0.000000,0.300000,0.000000,0.0000
4739.27,-0.050679,0.230690,0.006418,0.0000,0.000000,0.300000,0.000000,0.0000
4744.73,-0.050679,0.230690,0.006418,0.0000,0.000000,0.300000,0.000000,0.0000
4750.50,-0.050055,0.232546,0.006343,0.0000,0.000000,0.300000,0.000000,0.0000
4755.88,-0.049499,0.234406,0.006323,0.0000,0.000000,0.300000,0.000000,0.0000
4761.23,-0.049499,0.234406,0.006323,0.0000,0.000000,0.300000,0.000000,0.0000
4766.62,-0.048810,0.236258,0.006358,0.0000,0.000000,0.300000,0.000000,0.0000
4772.16,-0.048183,0.238059,0.006323,0.0000,0.000000,0.300000,0.000000,0.0000
4777.50,-0.048183,0.238059,0.006323,0.0000,0.000000,0.300000,0.000000,0.0000
4782.85,-0.047528,0.239794,0.006271,0.0000,0.000000,0.300000,0.000000,0.0000
4788.19,-0.046871,0.241594,0.006299,0.0000,0.000000,0.300000,0.000000,0.0000
4793.58,-0.046871,0.241594,0.006299,0.0000,0.000000,0.300000,0.000000,0.0000
4798.91,-0.046151,0.243241,0.006297,0.0000,0.000000,0.300000,0.000000,0.0000
4804.43,-0.045535,0.244876,0.006211,0.0000,0.000000,0.300000,0.000000,0.0000
4810.31,-0.045535,0.244876,0.006211,0.0000,0.000000,0.300000,0.000000,0.0000
4815.66,-0.044918,0.246516,0.006237,0.0000,0.000000,0.300000,0.000000,0.0000
4821.17,-0.044104,0.248106,0.006253,0.0000,0.000000,0.300000,0.000000,0.0000
4826.58,-0.044104,0.248106,0.006253,0.0000,0.000000,0.300000,0.000000,0.0000
4831.90,-0.043554,0.249549,0.006174,0.0000,0.000000,0.300000,0.000000,0.0000
4837.23,-0.042762,0.251087,0.006120,0.0000,0.000000,0.300000,0.000000,0.0000
4842.56,-0.042762,0.251087,0.006120,0.0000,0.000000,0.300000,0.000000,0.0000
4847.91,-0.042113,0.252451,0.006102,0.0000,0.000000,0.300000,0.000000,0.0000
4853.53,-0.041402,0.253919,0.006107,0.0000,0.000000,0.300000,0.000000,0.0000
4858.82,-0.041402,0.253919,0.006107,0.0000,0.000000,0.300000,0.000000,0.0000
4864.21,-0.040641,0.255242,0.006005,0.0000,0.000000,0.300000,0.000000,0.0000
4869.57,-0.040641,0.255242,0.006005,0.0000,0.000000,0.300000,0.000000,0.0000
4874.88,-0.039971,0.256500,0.006000,0.0000,0.000000,0.300000,0.000000,0.0000
4880.24,-0.039251,0.257752,0.005978,0.0000,0.000000,0.300000,0.000000,0.0000
4885.56,-0.039251,0.257752,0.005978,0.0000,0.000000,0.300000,0.000000,0.0000
4891.39,-0.038533,0.259039,0.005979,0.0000,0.000000,0.300000,0.000000,0.0000
4896.78,-0.037883,0.260166,0.005956,0.0000,0.000000,0.300000,0.000000,0.0000
4902.13,-0.037883,0.260166,0.005956,0.0000,0.000000,0.300000,0.000000,0.0000
4907.47,-0.037200,0.261322,0.005927,0.0000,0.000000,0.300000,0.000000,0.0000
4912.76,-0.036538,0.262467,0.005931,0.0000,0.000000,0.300000,0.000000,0.0000
4918.10,-0.036538,0.262467,0.005931,0.0000,0.000000,0.300000,0.000000,0.0000
4923.51,-0.035877,0.263514,0.005958,0.0000,0.000000,0.300000,0.000000,0.0000
4928.87,-0.035021,0.264601,0.005959,0.0000,0.000000,0.300000,0.000000,0.0000
4934.25,-0.035021,0.264601,0.005959,0.0000,0.000000,0.300000,0.000000,0.0000
4939.57,-0.034513,0.265444,0.005945,0.0000,0.000000,0.300000,0.000000,0.0000
4945.14,-0.033840,0.266344,0.005936,0.0000,0.000000,0.300000,0.000000,0.0000
4950.54,-0.033840,0.266344,0.005936,0.0000,0.000000,0.300000,0.000000,0.0000
4955.98,-0.033166,0.267231,0.005972,0.0000,0.000000,0.300000,0.000000,0.0000
4961.33,-0.033166,0.267231,0.005972,0.0000,0.000000,0.300000,0.000000,0.0000
4966.69,-0.032524,0.268055,0.005931,0.0000,0.000000,0.300000,0.000000,0.0000
4972.41,-0.031786,0.268968,0.005976,0.0000,0.000000,0.300000,0.000000,0.0000
4977.76,-0.031786,0.268968,0.005976,0.0000,0.000000,0.300000,0.000000,0.0000
4983.51,-0.031183,0.269642,0.006014,0.0000,0.000000,0.300000,0.000000,0.0000
4988.86,-0.030584,0.270328,0.005992,0.0000,0.000000,0.300000,0.000000,0.0000
4994.02,-0.030584,0.270328,0.005992,0.0000,0.000000,0.300000,0.000000,0.0000
4999.50,-0.029850,0.271052,0.006025,0.0000,0.000000,0.300000,0.000000,0.0000
5004.83,-0.029299,0.271624,0.006096,0.0000,0.000000,0.300000,0.000000,0.0000
5010.17,-0.029299,0.271624,0.006096,0.0000,0.000000,0.300000,0.000000,0.0000
5015.55,-0.028745,0.272209,0.006092,0.0000,0.000000,0.300000,0.000000,0.0000
5021.35,-0.028149,0.272832,0.006117,0.0000,0.000000,0.300000,0.000000,0.0000
5026.67,-0.028149,0.272832,0.006117,0.0000,0.000000,0.300000,0.000000,0.0000
5032.01,-0.027536,0.273433,0.006210,0.0000,0.000000,0.300000,0.000000,0.0000
5037.34,-0.026999,0.273941,0.006258,0.0000,0.000000,0.300000,0.000000,0.0000
5042.67,-0.026999,0.273941,0.006258,0.0000,0.000000,0.300000,0.000000,0.0000
5047.94,-0.026531,0.274432,0.006303,0.0000,0.000000,0.300000,0.000000,0.0000
5053.60,-0.026009,0.274865,0.006301,0.0000,0.000000,0.300000,0.000000,0.0000
5059.08,-0.026009,0.274865,0.006301,0.0000,0.000000,0.300000,0.000000,0.0000
5064.49,-0.025447,0.275301,0.006334,0.0000,0.000000,0.300000,0.000000,0.0000
5069.88,-0.025447,0.275301,0.006334,0.0000,0.000000,0.300000,0.000000,0.0000
5075.21,-0.024962,0.275668,0.006378,0.0000,0.000000,0.300000,0.000000,0.0000
5080.70,-0.024537,0.275986,0.006377,0.0000,0.000000,0.300000,0.000000,0.0000
5086.03,-0.024537,0.275986,0.006377,0.0000,0.000000,0.300000,0.000000,0.0000
5091.40,-0.024132,0.276320,0.006462,0.0000,0.000000,0.300000,0.000000,0.0000
5097.32,-0.023672,0.276709,0.006498,0.0000,0.000000,0.300000,0.000000,0.0000
5102.67,-0.023672,0.276709,0.006498,0.0000,0.000000,0.300000,0.000000,0.0000
5108.10,-0.023169,0.277023,0.006548,0.0000,0.000000,0.300000,0.000000,0.0000
5113.45,-0.022860,0.277271,0.006608,0.0000,0.000000,0.300000,0.000000,0.0000
5118.79,-0.022860,0.277271,0.006608,0.0000,0.000000,0.300000,0.000000,0.0000
5124.12,-0.022496,0.277497,0.006610,0.0000,0.000000,0.300000,0.000000,0.0000
5129.48,-0.022136,0.277687,0.006679,0.0000,0.000000,0.300000,0.000000,0.0000
5134.83,-0.022136,0.277687,0.006679,0.0000,0.000000,0.300000,0.000000,0.0000
5140.15,-0.021747,0.277901,0.006683,0.0000,0.000000,0.300000,0.000000,0.0000
5145.55,-0.021441,0.278070,0.006730,0.0000,0.000000,0.300000,0.000000,0.0000
5150.94,-0.021441,0.278070,0.006730,0.0000,0.000000,0.300000,0.000000,0.0000
5156.27,-0.021135,0.278242,0.006766,0.0000,0.000000,0.300000,0.000000,0.0000
5161.61,-0.021135,0.278242,0.006766,0.0000,0.000000,0.300000,0.000000,0.0000
5166.94,-0.020807,0.278439,0.006785,0.0000,0.000000,0.300000,0.000000,0.0000
5172.26,-0.020635,0.278531,0.006793,0.0000,0.000000,0.300000,0.000000,0.0000
5177.61,-0.020635,0.278531,0.006793,0.0000,0.000000,0.300000,0.000000,0.0000
5182.95,-0.020385,0.278697,0.006770,0.0000,0.000000,0.300000,0.000000,0.0000
5188.27,-0.020186,0.278800,0.006798,0.0000,0.000000,0.300000,0.000000,0.0000
5193.59,-0.020186,0.278800,0.006798,0.0000,0.000000,0.300000,0.000000,0.0000
5199.52,-0.019968,0.278958,0.006788,0.0000,0.000000,0.300000,0.000000,0.0000
5204.82,-0.019842,0.279024,0.006771,0.0000,0.000000,0.300000,0.000000,0.0000
5210.14,-0.019842,0.279024,0.006771,0.0000,0.000000,0.300000,0.000000,0.0000
5215.53,-0.019669,0.279171,0.006781,0.0000,0.000000,0.300000,0.000000,0.0000
5220.85,-0.019515,0.279238,0.006768,0.0000,0.000000,0.300000,0.000000,0.0000
5226.19,-0.019515,0.279238,0.006768,0.0000,0.000000,0.300000,0.000000,0.0000
5231.54,-0.019474,0.279277,0.006766,0.0000,0.000000,0.300000,0.000000,0.0000
5236.93,-0.019398,0.279378,0.006746,0.0000,0.000000,0.300000,0.000000,0.0000
5242.47,-0.019398,0.279378,0.006746,0.0000,0.000000,0.300000,0.000000,0.0000
5247.91,-0.019359,0.279448,0.006735,0.0000,0.000000,0.300000,0.000000,0.0000
5253.23,-0.019359,0.279448,0.006735,0.0000,0.000000,0.300000,0.000000,0.0000
5258.84,-0.019299,0.279604,0.006729,0.0000,0.000000,0.300000,0.000000,0.0000
5264.17,-0.019242,0.279717,0.006731,0.0000,0.000000,0.300000,0.000000,0.0000
5269.61,-0.019242,0.279717,0.006731,0.0000,0.000000,0.300000,0.000000,0.0000
5274.88,-0.019288,0.279727,0.006681,0.0000,0.000000,0.300000,0.000000,0.0000
5280.22,-0.019347,0.279749,0.006649,0.0000,0.000000,0.300000,0.000000,0.0000
5285.57,-0.019347,0.279749,0.006649,0.0000,0.000000,0.300000,0.000000,0.0000
5290.91,-0.019332,0.279836,0.006652,0.0000,0.000000,0.300000,0.000000,0.0000
5296.35,-0.019322,0.279894,0.006606,0.0000,0.000000,0.300000,0.000000,0.0000
5302.18,-0.019322,0.279894,0.006606,0.0000,0.000000,0.300000,0.000000,0.0000
5307.53,-0.019371,0.279910,0.006585,0.0000,0.000000,0.300000,0.000000,0.0000
5312.93,-0.019417,0.279970,0.006566,0.0000,0.000000,0.300000,0.000000,0.0000
5318.28,-0.019417,0.279970,0.006566,0.0000,0.000000,0.300000,0.000000,0.0000
5323.62,-0.019524,0.280058,0.006496,0.0000,0.000000,0.300000,0.000000,0.0000
5328.94,-0.019645,0.280149,0.006475,0.0000,0.000000,0.300000,0.000000,0.0000
5334.29,-0.019645,0.280149,0.006475,0.0000,0.000000,0.300000,0.000000,0.0000
5339.67,-0.019752,0.280253,0.006404,0.0000,0.000000,0.300000,0.000000,0.0000
5345.26,-0.019943,0.280312,0.006374,0.0000,0.000000,0.300000,0.000000,0.0000
5350.71,-0.019943,0.280312,0.006374,0.0000,0.000000,0.300000,0.000000,0.0000
5356.07,-0.020082,0.280440,0.006326,0.0000,0.000000,0.300000,0.000000,0.0000
5361.41,-0.020082,0.280440,0.006326,0.0000,0.000000,0.300000,0.000000,0.0000
5366.71,-0.020242,0.280512,0.006268,0.0000,0.000000,0.300000,0.000000,0.0000
5372.20,-0.020424,0.280601,0.006261,0.0000,0.000000,0.300000,0.000000,0.0000
5377.55,-0.020424,0.280601,0.006261,0.0000,0.000000,0.300000,0.000000,0.0000
5382.88,-0.020623,0.280739,0.006199,0.0000,0.000000,0.300000,0.000000,0.0000
5388.23,-0.020877,0.280870,0.006184,0.0000,0.000000,0.300000,0.000000,0.0000
5393.58,-0.020877,0.280870,0.006184,0.0000,0.000000,0.300000,0.000000,0.0000
5399.00,-0.021100,0.281039,0.006154,0.0000,0.000000,0.300000,0.000000,0.0000
5404.82,-0.021297,0.281163,0.006107,0.0000,0.000000,0.300000,0.000000,0.0000
5410.15,-0.021297,0.281163,0.006107,0.0000,0.000000,0.300000,0.000000,0.0000
5415.49,-0.021593,0.281343,0.006082,0.0000,0.000000,0.300000,0.000000,0.0000
5420.86,-0.021858,0.281525,0.006026,0.0000,0.000000,0.300000,0.000000,0.0000
5426.20,-0.021858,0.281525,0.006026,0.0000,0.000000,0.300000,0.000000,0.0000
5431.56,-0.022212,0.281723,0.005975,0.0000,0.000000,0.300000,0.000000,0.0000
5436.96,-0.022482,0.281930,0.005917,0.0000,0.000000,0.300000,0.000000,0.0000
5442.58,-0.022482,0.281930,0.005917,0.0000,0.000000,0.300000,0.000000,0.0000
5447.88,-0.022816,0.282133,0.005882,0.0000,0.000000,0.300000,0.000000,0.0000
5453.33,-0.023110,0.282345,0.005825,0.0000,0.000000,0.300000,0.000000,0.0000
5458.70,-0.023110,0.282345,0.005825,0.0000,0.000000,0.300000,0.000000,0.0000
5464.11,-0.023449,0.282572,0.005779,0.0000,0.000000,0.300000,0.000000,0.0000
5469.43,-0.023449,0.282572,0.005779,0.0000,0.000000,0.300000,0.000000,0.0000
5474.77,-0.023790,0.282796,0.005730,0.0000,0.000000,0.300000,0.000000,0.0000
5480.11,-0.024097,0.283061,0.005675,0.0000,0.000000,0.300000,0.000000,0.0000
5485.45,-0.024097,0.283061,0.005675,0.0000,0.000000,0.300000,0.000000,0.0000
5490.76,-0.024446,0.283309,0.005644,0.0000,0.000000,0.300000,0.000000,0.0000
5496.27,-0.024760,0.283586,0.005610,0.0000,0.000000,0.300000,0.000000,0.0000
5501.59,-0.024760,0.283586,0.005610,0.0000,0.000000,0.300000,0.000000,0.0000
5507.54,-0.025083,0.283877,0.005583,0.0000,0.000000,0.300000,0.000000,0.0000
5513.02,-0.025396,0.284158,0.005521,0.0000,0.000000,0.300000,0.000000,0.0000
5518.38,-0.025396,0.284158,0.005521,0.0000,0.000000,0.300000,0.000000,0.0000
5523.76,-0.025716,0.284460,0.005504,0.0000,0.000000,0.300000,0.000000,0.0000
5529.09,-0.026040,0.284779,0.005492,0.0000,0.000000,0.300000,0.000000,0.0000
5534.41,-0.026040,0.284779,0.005492,0.0000,0.000000,0.300000,0.000000,0.0000
5539.71,-0.026329,0.285064,0.005444,0.0000,0.000000,0.300000,0.000000,0.0000
5545.06,-0.026329,0.285064,0.005444,0.0000,0.000000,0.300000,0.000000,0.0000
5550.38,-0.026650,0.285409,0.005451,0.0000,0.000000,0.300000,0.000000,0.0000
5555.70,-0.026944,0.285747,0.005406,0.0000,0.000000,0.300000,0.000000,0.0000
5561.05,-0.026944,0.285747,0.005406,0.0000,0.000000,0.300000,0.000000,0.0000
5566.41,-0.027216,0.286083,0.005389,0.0000,0.000000,0.300000,0.000000,0.0000
5571.70,-0.027609,0.286468,0.005375,0.0000,0.000000,0.300000,0.000000,0.0000
5577.11,-0.027609,0.286468,0.005375,0.0000,0.000000,0.300000,0.000000,0.0000
5582.43,-0.027913,0.286854,0.005287,0.0000,0.000000,0.300000,0.000000,0.0000
5588.06,-0.028238,0.287242,0.005259,0.0000,0.000000,0.300000,0.000000,0.0000
5593.41,-0.028238,0.287242,0.005259,0.0000,0.000000,0.300000,0.000000,0.0000
5598.71,-0.028553,0.287629,0.005172,0.0000,0.000000,0.300000,0.000000,0.0000
5604.02,-0.028831,0.288032,0.005157,0.0000,0.000000,0.300000,0.000000,0.0000
5609.72,-0.028831,0.288032,0.005157,0.0000,0.000000,0.300000,0.000000,0.0000
5615.47,-0.029153,0.288495,0.005139,0.0000,0.000000,0.300000,0.000000,0.0000
5620.82,-0.029366,0.288907,0.005057,0.0000,0.000000,0.300000,0.000000,0.0000
5626.19,-0.029366,0.288907,0.005057,0.0000,0.000000,0.300000,0.000000,0.0000
5631.60,-0.029642,0.289314,0.005033,0.0000,0.000000,0.300000,0.000000,0.0000
5637.19,-0.029935,0.289790,0.005007,0.0000,0.000000,0.300000,0.000000,0.0000
5642.66,-0.029935,0.289790,0.005007,0.0000,0.000000,0.300000,0.000000,0.0000
5648.04,-0.030162,0.290237,0.004974,0.0000,0.000000,0.300000,0.000000,0.0000
5653.52,-0.030162,0.290237,0.004974,0.0000,0.000000,0.300000,0.000000,0.0000
5658.99,-0.030359,0.290698,0.004990,0.0000,0.000000,0.300000,0.000000,0.0000
5664.36,-0.030428,0.291164,0.004932,0.0000,0.000000,0.300000,0.000000,0.0000
5669.69,-0.030428,0.291164,0.004932,0.0000,0.000000,0.300000,0.000000,0.0000
5675.08,-0.030742,0.291629,0.004914,0.0000,0.000000,0.300000,0.000000,0.0000
5680.40,-0.030941,0.292146,0.004910,0.0000,0.000000,0.300000,0.000000,0.0000
5685.73,-0.030941,0.292146,0.004910,0.0000,0.000000,0.300000,0.000000,0.0000
5690.97,-0.031111,0.292625,0.004929,0.0000,0.000000,0.300000,0.000000,0.0000
5696.65,-0.031236,0.293058,0.004915,0.0000,0.000000,0.300000,0.000000,0.0000
5702.02,-0.031236,0.293058,0.004915,0.0000,0.000000,0.300000,0.000000,0.0000
5707.36,-0.031239,0.293527,0.004896,0.0000,0.000000,0.300000,0.000000,0.0000
5712.76,-0.031510,0.294003,0.004900,0.0000,0.000000,0.300000,0.000000,0.0000
5718.09,-0.031510,0.294003,0.004900,0.0000,0.000000,0.300000,0.000000,0.0000
5723.67,-0.031635,0.294499,0.004858,0.0000,0.000000,0.300000,0.000000,0.0000
5729.11,-0.031721,0.294933,0.004838,0.0000,0.000000,0.300000,0.000000,0.0000
5734.47,-0.031721,0.294933,0.004838,0.0000,0.000000,0.300000,0.000000,0.0000
5739.91,-0.031793,0.295450,0.004864,0.0000,0.000000,0.300000,0.000000,0.0000
5745.29,-0.031792,0.295954,0.004873,0.0000,0.000000,0.300000,0.000000,0.0000
5750.70,-0.031792,0.295954,0.004873,0.0000,0.000000,0.300000,0.000000,0.0000
5756.13,-0.031833,0.296413,0.004830,0.0000,0.000000,0.300000,0.000000,0.0000
5761.46,-0.031833,0.296413,0.004830,0.0000,0.000000,0.300000,0.000000,0.0000
5766.76,-0.031766,0.296945,0.004859,0.0000,0.000000,0.300000,0.000000,0.0000
5772.36,-0.031864,0.297394,0.004886,0.0000,0.000000,0.300000,0.000000,0.0000
5777.79,-0.031864,0.297394,0.004886,0.0000,0.000000,0.300000,0.000000,0.0000
5783.14,-0.031825,0.297850,0.004833,0.0000,0.000000,0.300000,0.000000,0.0000
5788.48,-0.031826,0.298326,0.004879,0.0000,0.000000,0.300000,0.000000,0.0000
5794.40,-0.031826,0.298326,0.004879,0.0000,0.000000,0.300000,0.000000,0.0000
5799.83,-0.031762,0.298763,0.004862,0.0000,0.000000,0.300000,0.000000,0.0000
5805.19,-0.031676,0.299224,0.004875,0.0000,0.000000,0.300000,0.000000,0.0000
5810.57,-0.031676,0.299224,0.004875,0.0000,0.000000,0.300000,0.000000,0.0000
5815.92,-0.031602,0.299731,0.004930,0.0000,0.000000,0.300000,0.000000,0.0000
5821.38,-0.031502,0.300220,0.004964,0.0000,0.000000,0.300000,0.000000,0.0000
5826.77,-0.031502,0.300220,0.004964,0.0000,0.000000,0.300000,0.000000,0.0000
5832.27,-0.031409,0.300680,0.005015,0.0000,0.000000,0.300000,0.000000,0.0000
5837.70,-0.031251,0.301151,0.004983,0.0000,0.000000,0.300000,0.000000,0.0000
5843.02,-0.031251,0.301151,0.004983,0.0000,0.000000,0.300000,0.000000,0.0000
5848.67,-0.031112,0.301543,0.005020,0.0000,0.000000,0.300000,0.000000,0.0000
5854.02,-0.030932,0.301991,0.005039,0.0000,0.000000,0.300000,0.000000,0.0000
5859.38,-0.030932,0.301991,0.005039,0.0000,0.000000,0.300000,0.000000,0.0000
5864.71,-0.030712,0.302443,0.005021,0.0000,0.000000,0.300000,0.000000,0.0000
5870.13,-0.030534,0.302856,0.005049,0.0000,0.000000,0.300000,0.000000,0.0000
5875.59,-0.030534,0.302856,0.005049,0.0000,0.000000,0.300000,0.000000,0.0000
5880.91,-0.030263,0.303326,0.005066,0.0000,0.000000,0.300000,0.000000,0.0000
5886.22,-0.030263,0.303326,0.005066,0.0000,0.000000,0.300000,0.000000,0.0000
5891.55,-0.030053,0.303755,0.005122,0.0000,0.000000,0.300000,0.000000,0.0000
5897.05,-0.029823,0.304127,0.005085,0.0000,0.000000,0.300000,0.000000,0.0000
5902.37,-0.029823,0.304127,0.005085,0.0000,0.000000,0.300000,0.000000,0.0000
5907.70,-0.029476,0.304488,0.005118,0.0000,0.000000,0.300000,0.000000,0.0000
5913.04,-0.029312,0.304840,0.005133,0.0000,0.000000,0.300000,0.000000,0.0000
5918.36,-0.029312,0.304840,0.005133,0.0000,0.000000,0.300000,0.000000,0.0000
5923.68,-0.028889,0.305325,0.005173,0.0000,0.000000,0.300000,0.000000,0.0000
5928.99,-0.028688,0.305643,0.005170,0.0000,0.000000,0.300000,0.000000,0.0000
5934.32,-0.028688,0.305643,0.005170,0.0000,0.000000,0.300000,0.000000,0.0000
5939.77,-0.028341,0.305985,0.005140,0.0000,0.000000,0.300000,0.000000,0.0000
5945.09,-0.028040,0.306301,0.005130,0.0000,0.000000,0.300000,0.000000,0.0000
5950.41,-0.028040,0.306301,0.005130,0.0000,0.000000,0.300000,0.000000,0.0000
5955.70,-0.027702,0.306635,0.005080,0.0000,0.000000,0.300000,0.000000,0.0000
5961.06,-0.027702,0.306635,0.005080,0.0000,0.000000,0.300000,0.000000,0.0000
5966.41,-0.027330,0.306944,0.005100,0.0000,0.000000,0.300000,0.000000,0.0000
5971.78,-0.026951,0.307250,0.005074,0.0000,0.000000,0.300000,0.000000,0.0000
5977.16,-0.026951,0.307250,0.005074,0.0000,0.000000,0.300000,0.000000,0.0000
5982.55,-0.026462,0.307618,0.005058,0.0000,0.000000,0.300000,0.000000,0.0000
5987.88,-0.026160,0.307926,0.005054,0.0000,0.000000,0.300000,0.000000,0.0000
5993.20,-0.026160,0.307926,0.005054,0.0000,0.000000,0.300000,0.000000,0.0000
5998.66,-0.025795,0.308187,0.004991,0.0000,0.000000,0.300000,0.000000,0.0000
6004.02,-0.025414,0.308427,0.004948,0.0000,0.000000,0.300000,0.000000,0.0000
6009.33,-0.025414,0.308427,0.004948,0.0000,0.000000,0.300000,0.000000,0.0000
6014.69,-0.024974,0.308682,0.004894,0.0000,0.176336,-0.242705,0.000000,0.0000
6020.08,-0.024619,0.308920,0.004938,0.0000,0.176336,-0.242705,0.000000,0.0000
6025.41,-0.024619,0.308920,0.004938,0.0000,0.176336,-0.242705,0.000000,0.0000
6030.76,-0.024189,0.309194,0.004879,0.0000,0.176336,-0.242705,0.000000,0.0000
6036.10,-0.024189,0.309194,0.004879,0.0000,0.176336,-0.242705,0.000000,0.0000
6041.42,-0.023664,0.309503,0.004853,0.0000,0.176336,-0.242705,0.000000,0.0000
6046.76,-0.023341,0.309741,0.004807,0.0000,0.176336,-0.242705,0.000000,0.0000
6052.23,-0.023341,0.309741,0.004807,0.0000,0.176336,-0.242705,0.000000,0.0000
6057.64,-0.022991,0.309948,0.004768,0.0000,0.176336,-0.242705,0.000000,0.0000
6063.00,-0.022578,0.310161,0.004714,0.0000,0.176336,-0.242705,0.000000,0.0000
6068.32,-0.022578,0.310161,0.004714,0.0000,0.176336,-0.242705,0.000000,0.0000
6073.69,-0.022136,0.310365,0.004698,0.0000,0.176336,-0.242705,0.000000,0.0000
6079.08,-0.021765,0.310510,0.004647,0.0000,0.176336,-0.242705,0.000000,0.0000
6084.39,-0.021765,0.310510,0.004647,0.0000,0.176336,-0.242705,0.000000,0.0000
6089.90,-0.021343,0.310621,0.004607,0.0000,0.176336,-0.242705,0.000000,0.0000
6095.21,-0.020813,0.310815,0.004580,0.0000,0.176336,-0.242705,0.000000,0.0000
6101.12,-0.020813,0.310815,0.004580,0.0000,0.176336,-0.242705,0.000000,0.0000
6106.56,-0.020318,0.310852,0.004537,0.0000,0.176336,-0.242705,0.000000,0.0000
6111.93,-0.019793,0.310859,0.004482,0.0000,0.176336,-0.242705,0.000000,0.0000
6117.39,-0.019793,0.310859,0.004482,0.0000,0.176336,-0.242705,0.000000,0.0000
6122.71,-0.019241,0.310743,0.004436,0.0000,0.176336,-0.242705,0.000000,0.0000
6128.15,-0.019241,0.310743,0.004436,0.0000,0.176336,-0.242705,0.000000,0.0000
6133.50,-0.018520,0.310709,0.004424,0.0000,0.176336,-0.242705,0.000000,0.0000
6138.90,-0.017952,0.310539,0.004377,0.0000,0.176336,-0.242705,0.000000,0.0000
6144.24,-0.017952,0.310539,0.004377,0.0000,0.176336,-0.242705,0.000000,0.0000
6149.76,-0.017332,0.310407,0.004287,0.0000,0.176336,-0.242705,0.000000,0.0000
6155.21,-0.016714,0.310230,0.004245,0.0000,0.176336,-0.242705,0.000000,0.0000
6160.58,-0.016714,0.310230,0.004245,0.0000,0.176336,-0.242705,0.000000,0.0000
6165.88,-0.015927,0.309991,0.004240,0.0000,0.176336,-0.242705,0.000000,0.0000
6171.21,-0.015174,0.309750,0.004196,0.0000,0.176336,-0.242705,0.000000,0.0000
6176.57,-0.015174,0.309750,0.004196,0.0000,0.176336,-0.242705,0.000000,0.0000
6181.77,-0.014401,0.309393,0.004114,0.0000,0.176336,-0.242705,0.000000,0.0000
6187.17,-0.013598,0.309111,0.004122,0.0000,0.176336,-0.242705,0.000000,0.0000
6192.55,-0.013598,0.309111,0.004122,0.0000,0.176336,-0.242705,0.000000,0.0000
6197.90,-0.012874,0.308705,0.004058,0.0000,0.176336,-0.242705,0.000000,0.0000
6203.32,-0.012055,0.308244,0.003985,0.0000,0.176336,-0.242705,0.000000,0.0000
6208.72,-0.012055,0.308244,0.003985,0.0000,0.176336,-0.242705,0.000000,0.0000
6214.12,-0.011248,0.307764,0.003980,0.0000,0.176336,-0.242705,0.000000,0.0000
6219.49,-0.011248,0.307764,0.003980,0.0000,0.176336,-0.242705,0.000000,0.0000
6224.82,-0.010339,0.307231,0.003921,0.0000,0.176336,-0.242705,0.000000,0.0000
6230.15,-0.009415,0.306641,0.003836,0.0000,0.176336,-0.242705,0.000000,0.0000
6235.53,-0.009415,0.306641,0.003836,0.0000,0.176336,-0.242705,0.000000,0.0000
6241.03,-0.008473,0.305998,0.003749,0.0000,0.176336,-0.242705,0.000000,0.0000
6246.42,-0.007463,0.305233,0.003702,0.0000,0.176336,-0.242705,0.000000,0.0000
6251.76,-0.007463,0.305233,0.003702,0.0000,0.176336,-0.242705,0.000000,0.0000
6257.09,-0.006461,0.304502,0.003666,0.0000,0.176336,-0.242705,0.000000,0.0000
6262.47,-0.005325,0.303628,0.003635,0.0000,0.176336,-0.242705,0.000000,0.0000
6267.86,-0.005325,0.303628,0.003635,0.0000,0.176336,-0.242705,0.000000,0.0000
6273.29,-0.004247,0.302698,0.003594,0.0000,0.176336,-0.242705,0.000000,0.0000
6278.66,-0.002964,0.301671,0.003524,0.0000,0.176336,-0.242705,0.000000,0.0000
6284.38,-0.002964,0.301671,0.003524,0.0000,0.176336,-0.242705,0.000000,0.0000
6289.88,-0.001663,0.300652,0.003457,0.0000,0.176336,-0.242705,0.000000,0.0000
6295.22,-0.000442,0.299454,0.003413,0.0000,0.176336,-0.242705,0.000000,0.0000
6300.57,-0.000442,0.299454,0.003413,0.0000,0.176336,-0.242705,0.000000,0.0000
6306.00,0.000964,0.298301,0.003340,0.0000,0.176336,-0.242705,0.000000,0.0000
6311.33,0.000964,0.298301,0.003340,0.0000,0.176336,-0.242705,0.000000,0.0000
6316.76,0.002329,0.297082,0.003327,0.0000,0.176336,-0.242705,0.000000,0.0000
6322.14,0.003819,0.295810,0.003321,0.0000,0.176336,-0.242705,0.000000,0.0000
6327.47,0.003819,0.295810,0.003321,0.0000,0.176336,-0.242705,0.000000,0.0000
6332.76,0.005301,0.294346,0.003299,0.0000,0.176336,-0.242705,0.000000,0.0000
6338.12,0.006853,0.292940,0.003294,0.0000,0.176336,-0.242705,0.000000,0.0000
6343.52,0.006853,0.292940,0.003294,0.0000,0.176336,-0.242705,0.000000,0.0000
6348.87,0.008416,0.291367,0.003224,0.0000,0.176336,-0.242705,0.000000,0.0000
6354.25,0.008416,0.291367,0.003224,0.0000,0.176336,-0.242705,0.000000,0.0000
6359.59,0.010093,0.289873,0.003231,0.0000,0.176336,-0.242705,0.000000,0.0000
6365.06,0.011769,0.288235,0.003273,0.0000,0.176336,-0.242705,0.000000,0.0000
6370.42,0.013480,0.286533,0.003290,0.0000,0.176336,-0.242705,0.000000,0.0000
6375.78,0.013480,0.286533,0.003290,0.0000,0.176336,-0.242705,0.000000,0.0000
6381.19,0.015279,0.284780,0.003262,0.0000,0.176336,-0.242705,0.000000,0.0000
6387.13,0.017022,0.282944,0.003366,0.0000,0.176336,-0.242705,0.000000,0.0000
6392.54,0.017022,0.282944,0.003366,0.0000,0.176336,-0.242705,0.000000,0.0000
6397.88,0.018872,0.281192,0.003430,0.0000,0.176336,-0.242705,0.000000,0.0000
6403.42,0.020732,0.279284,0.003500,0.0000,0.176336,-0.242705,0.000000,0.0000
6408.76,0.020732,0.279284,0.003500,0.0000,0.176336,-0.242705,0.000000,0.0000
6414.12,0.022633,0.277325,0.003550,0.0000,0.176336,-0.242705,0.000000,0.0000
6419.52,0.022633,0.277325,0.003550,0.0000,0.176336,-0.242705,0.000000,0.0000
6424.99,0.024597,0.275281,0.003620,0.0000,0.176336,-0.242705,0.000000,0.0000
6430.32,0.026571,0.273170,0.003683,0.0000,0.176336,-0.242705,0.000000,0.0000
6435.66,0.026571,0.273170,0.003683,0.0000,0.176336,-0.242705,0.000000,0.0000
6441.08,0.028649,0.271090,0.003781,0.0000,0.176336,-0.242705,0.000000,0.0000
6446.46,0.030741,0.269002,0.003836,0.0000,0.176336,-0.242705,0.000000,0.0000
6451.82,0.030741,0.269002,0.003836,0.0000,0.176336,-0.242705,0.000000,0.0000
6457.15,0.032844,0.266732,0.003928,0.0000,0.176336,-0.242705,0.000000,0.0000
6462.53,0.034935,0.264483,0.004017,0.0000,0.176336,-0.242705,0.000000,0.0000
6467.88,0.034935,0.264483,0.004017,0.0000,0.176336,-0.242705,0.000000,0.0000
6473.29,0.037070,0.262204,0.004160,0.0000,0.176336,-0.242705,0.000000,0.0000
6478.70,0.039245,0.259832,0.004275,0.0000,0.176336,-0.242705,0.000000,0.0000
6484.03,0.039245,0.259832,0.004275,0.0000,0.176336,-0.242705,0.000000,0.0000
6489.29,0.041415,0.257500,0.004441,0.0000,0.176336,-0.242705,0.000000,0.0000
6494.63,0.041415,0.257500,0.004441,0.0000,0.176336,-0.242705,0.000000,0.0000
6499.96,0.043611,0.255126,0.004574,0.0000,0.176336,-0.242705,0.000000,0.0000
6505.32,0.045797,0.252621,0.004717,0.0000,0.176336,-0.242705,0.000000,0.0000
6510.66,0.045797,0.252621,0.004717,0.0000,0.176336,-0.242705,0.000000,0.0000
6516.00,0.048033,0.250193,0.004838,0.0000,0.176336,-0.242705,0.000000,0.0000
6521.33,0.048033,0.250193,0.004838,0.0000,0.176336,-0.242705,0.000000,0.0000
6526.68,0.050281,0.247668,0.005002,0.0000,0.176336,-0.242705,0.000000,0.0000
6532.07,0.052546,0.245094,0.005180,0.0000,0.176336,-0.242705,0.000000,0.0000
6537.41,0.054852,0.242617,0.005316,0.0000,0.176336,-0.242705,0.000000,0.0000
6542.82,0.054852,0.242617,0.005316,0.0000,0.176336,-0.242705,0.000000,0.0000
6548.17,0.057083,0.239942,0.005472,0.0000,0.176336,-0.242705,0.000000,0.0000
6553.58,0.059430,0.237360,0.005664,0.0000,0.176336,-0.242705,0.000000,0.0000
6559.00,0.059430,0.237360,0.005664,0.0000,0.176336,-0.242705,0.000000,0.0000
6564.36,0.061696,0.234676,0.005787,0.0000,0.176336,-0.242705,0.000000,0.0000
6569.70,0.061696,0.234676,0.005787,0.0000,0.176336,-0.242705,0.000000,0.0000
6575.03,0.063924,0.231973,0.006026,0.0000,0.176336,-0.242705,0.000000,0.0000
6580.37,0.066182,0.229304,0.006142,0.0000,0.176336,-0.242705,0.000000,0.0000
6585.70,0.066182,0.229304,0.006142,0.0000,0.176336,-0.242705,0.000000,0.0000
6591.60,0.068547,0.226631,0.006307,0.0000,0.176336,-0.242705,0.000000,0.0000
6596.94,0.070664,0.223980,0.006479,0.0000,0.176336,-0.242705,0.000000,0.0000
6602.34,0.070664,0.223980,0.006479,0.0000,0.176336,-0.242705,0.000000,0.0000
6607.87,0.072933,0.221209,0.006577,0.0000,0.176336,-0.242705,0.000000,0.0000
6613.25,0.072933,0.221209,0.006577,0.0000,0.176336,-0.242705,0.000000,0.0000
6618.65,0.075144,0.218474,0.006755,0.0000,0.176336,-0.242705,0.000000,0.0000
6624.01,0.077314,0.215731,0.006891,0.0000,0.176336,-0.242705,0.000000,0.0000
6629.36,0.079642,0.212909,0.007025,0.0000,0.176336,-0.242705,0.000000,0.0000
6634.69,0.079642,0.212909,0.007025,0.0000,0.176336,-0.242705,0.000000,0.0000
6640.11,0.081805,0.210123,0.007137,0.0000,0.176336,-0.242705,0.000000,0.0000
6645.49,0.084099,0.207355,0.007306,0.0000,0.176336,-0.242705,0.000000,0.0000
6650.82,0.084099,0.207355,0.007306,0.0000,0.176336,-0.242705,0.000000,0.0000
6656.29,0.086139,0.204543,0.007376,0.0000,0.176336,-0.242705,0.000000,0.0000
6661.63,0.086139,0.204543,0.007376,0.0000,0.176336,-0.242705,0.000000,0.0000
6666.94,0.088389,0.201792,0.007507,0.0000,0.176336,-0.242705,0.000000,0.0000
6672.76,0.090519,0.198947,0.007646,0.0000,0.176336,-0.242705,0.000000,0.0000
6678.09,0.090519,0.198947,0.007646,0.0000,0.176336,-0.242705,0.000000,0.0000
6683.45,0.092667,0.196135,0.007654,0.0000,0.176336,-0.242705,0.000000,0.0000
6688.99,0.094640,0.193162,0.007694,0.0000,0.176336,-0.242705,0.000000,0.0000
6694.32,0.094640,0.193162,0.007694,0.0000,0.176336,-0.242705,0.000000,0.0000
6699.68,0.096717,0.190333,0.007741,0.0000,0.176336,-0.242705,0.000000,0.0000
6705.01,0.098763,0.187551,0.007806,0.0000,0.176336,-0.242705,0.000000,0.0000
6710.36,0.098763,0.187551,0.007806,0.0000,0.176336,-0.242705,0.000000,0.0000
6715.80,0.100652,0.184747,0.007870,0.0000,0.176336,-0.242705,0.000000,0.0000
6721.20,0.102623,0.181856,0.007857,0.0000,0.176336,-0.242705,0.000000,0.0000
6726.53,0.102623,0.181856,0.007857,0.0000,0.176336,-0.242705,0.000000,0.0000
6731.90,0.104495,0.179017,0.007892,0.0000,0.176336,-0.242705,0.000000,0.0000
6737.25,0.106366,0.176302,0.007846,0.0000,0.176336,-0.242705,0.000000,0.0000
6742.60,0.106366,0.176302,0.007846,0.0000,0.176336,-0.242705,0.000000,0.0000
6747.94,0.108171,0.173389,0.007844,0.0000,0.176336,-0.242705,0.000000,0.0000
6753.36,0.109905,0.170616,0.007799,0.0000,0.176336,-0.242705,0.000000,0.0000
6758.70,0.109905,0.170616,0.007799,0.0000,0.176336,-0.242705,0.000000,0.0000
6764.07,0.111625,0.167803,0.007802,0.0000,0.176336,-0.242705,0.000000,0.0000
6769.48,0.111625,0.167803,0.007802,0.0000,0.176336,-0.242705,0.000000,0.0000
6775.15,0.113353,0.164885,0.007768,0.0000,0.176336,-0.242705,0.000000,0.0000
6780.57,0.114951,0.162094,0.007686,0.0000,0.176336,-0.242705,0.000000,0.0000
6785.90,0.114951,0.162094,0.007686,0.0000,0.176336,-0.242705,0.000000,0.0000
6791.31,0.116627,0.159384,0.007601,0.0000,0.176336,-0.242705,0.000000,0.0000
6796.64,0.118073,0.156493,0.007547,0.0000,0.176336,-0.242705,0.000000,0.0000
6801.94,0.118073,0.156493,0.007547,0.0000,0.176336,-0.242705,0.000000,0.0000
6807.27,0.119566,0.153686,0.007497,0.0000,0.176336,-0.242705,0.000000,0.0000
6812.64,0.119566,0.153686,0.007497,0.0000,0.176336,-0.242705,0.000000,0.0000
6818.12,0.121046,0.150839,0.007380,0.0000,0.176336,-0.242705,0.000000,0.0000
6823.46,0.122480,0.148038,0.007291,0.0000,0.176336,-0.242705,0.000000,0.0000
6828.78,0.122480,0.148038,0.007291,0.0000,0.176336,-0.242705,0.000000,0.0000
6834.17,0.123849,0.145259,0.007213,0.0000,0.176336,-0.242705,0.000000,0.0000
6839.57,0.125201,0.142491,0.007111,0.0000,0.176336,-0.242705,0.000000,0.0000
6844.88,0.125201,0.142491,0.007111,0.0000,0.176336,-0.242705,0.000000,0.0000
6850.22,0.126364,0.139725,0.007049,0.0000,0.176336,-0.242705,0.000000,0.0000
6855.59,0.127630,0.136987,0.006939,0.0000,0.176336,-0.242705,0.000000,0.0000
6860.96,0.127630,0.136987,0.006939,0.0000,0.176336,-0.242705,0.000000,0.0000
6866.29,0.128707,0.134210,0.006840,0.0000,0.176336,-0.242705,0.000000,0.0000
6871.64,0.129771,0.131488,0.006728,0.0000,0.176336,-0.242705,0.000000,0.0000
6877.10,0.129771,0.131488,0.006728,0.0000,0.176336,-0.242705,0.000000,0.0000
6882.45,0.130785,0.128818,0.006659,0.0000,0.176336,-0.242705,0.000000,0.0000
6887.76,0.131759,0.126122,0.006492,0.0000,0.176336,-0.242705,0.000000,0.0000
6893.25,0.131759,0.126122,0.006492,0.0000,0.176336,-0.242705,0.000000,0.0000
6898.58,0.132661,0.123421,0.006434,0.0000,0.176336,-0.242705,0.000000,0.0000
6903.89,0.133622,0.120650,0.006311,0.0000,0.176336,-0.242705,0.000000,0.0000
6909.25,0.133622,0.120650,0.006311,0.0000,0.176336,-0.242705,0.000000,0.0000
6914.62,0.134409,0.117919,0.006237,0.0000,0.176336,-0.242705,0.000000,0.0000
6920.02,0.135235,0.115261,0.006160,0.0000,0.176336,-0.242705,0.000000,0.0000
6925.43,0.135235,0.115261,0.006160,0.0000,0.176336,-0.242705,0.000000,0.0000
6930.78,0.135910,0.112565,0.006057,0.0000,0.176336,-0.242705,0.000000,0.0000
6936.16,0.135910,0.112565,0.006057,0.0000,0.176336,-0.242705,0.000000,0.0000
6941.57,0.136568,0.109825,0.005913,0.0000,0.176336,-0.242705,0.000000,0.0000
6946.89,0.137219,0.107274,0.005874,0.0000,0.176336,-0.242705,0.000000,0.0000
6952.21,0.137219,0.107274,0.005874,0.0000,0.176336,-0.242705,0.000000,0.0000
6957.69,0.137823,0.104580,0.005737,0.0000,0.176336,-0.242705,0.000000,0.0000
6963.20,0.138309,0.101960,0.005723,0.0000,0.176336,-0.242705,0.000000,0.0000
6968.56,0.138309,0.101960,0.005723,0.0000,0.176336,-0.242705,0.000000,0.0000
6973.89,0.138789,0.099293,0.005575,0.0000,0.176336,-0.242705,0.000000,0.0000
6979.44,0.139189,0.096708,0.005456,0.0000,0.176336,-0.242705,0.000000,0.0000
6984.76,0.139189,0.096708,0.005456,0.0000,0.176336,-0.242705,0.000000,0.0000
6990.11,0.139481,0.094067,0.005384,0.0000,0.176336,-0.242705,0.000000,0.0000
6995.47,0.139786,0.091473,0.005311,0.0000,0.176336,-0.242705,0.000000,0.0000
7000.76,0.139786,0.091473,0.005311,0.0000,0.176336,-0.242705,0.000000,0.0000
7006.10,0.140040,0.088898,0.005237,0.0000,0.176336,-0.242705,0.000000,0.0000
7011.45,0.140040,0.088898,0.005237,0.0000,0.176336,-0.242705,0.000000,0.0000
7016.86,0.140319,0.086352,0.005216,0.0000,0.176336,-0.242705,0.000000,0.0000
7022.26,0.140363,0.083684,0.005137,0.0000,0.176336,-0.242705,0.000000,0.0000
7027.60,0.140363,0.083684,0.005137,0.0000,0.176336,-0.242705,0.000000,0.0000
7032.88,0.140566,0.081126,0.005053,0.0000,0.176336,-0.242705,0.000000,0.0000
7038.24,0.140544,0.078564,0.004976,0.0000,0.176336,-0.242705,0.000000,0.0000
7043.57,0.140544,0.078564,0.004976,0.0000,0.176336,-0.242705,0.000000,0.0000
7048.94,0.140617,0.075994,0.004905,0.0000,0.176336,-0.242705,0.000000,0.0000
7054.43,0.140589,0.073421,0.004903,0.0000,0.176336,-0.242705,0.000000,0.0000
7059.76,0.140589,0.073421,0.004903,0.0000,0.176336,-0.242705,0.000000,0.0000
7065.10,0.140608,0.070817,0.004802,0.0000,0.176336,-0.242705,0.000000,0.0000
7070.44,0.140522,0.068217,0.004802,0.0000,0.176336,-0.242705,0.000000,0.0000
7075.77,0.140522,0.068217,0.004802,0.0000,0.176336,-0.242705,0.000000,0.0000
7081.63,0.140461,0.065729,0.004754,0.0000,0.176336,-0.242705,0.000000,0.0000
7086.99,0.140335,0.063089,0.004663,0.0000,0.176336,-0.242705,0.000000,0.0000
7092.32,0.140335,0.063089,0.004663,0.0000,0.176336,-0.242705,0.000000,0.0000
7097.68,0.140180,0.060591,0.004657,0.0000,0.176336,-0.242705,0.000000,0.0000
7103.03,0.140180,0.060591,0.004657,0.0000,0.176336,-0.242705,0.000000,0.0000
7108.37,0.140030,0.058055,0.004546,0.0000,0.176336,-0.242705,0.000000,0.0000
7113.78,0.139727,0.055483,0.004600,0.0000,0.176336,-0.242705,0.000000,0.0000
7119.18,0.139727,0.055483,0.004600,0.0000,0.176336,-0.242705,0.000000,0.0000
7124.71,0.139486,0.052914,0.004535,0.0000,0.176336,-0.242705,0.000000,0.0000
7130.05,0.139239,0.050303,0.004542,0.0000,0.176336,-0.242705,0.000000,0.0000
7135.40,0.139239,0.050303,0.004542,0.0000,0.176336,-0.242705,0.000000,0.0000
7141.06,0.138872,0.047793,0.004498,0.0000,0.176336,-0.242705,0.000000,0.0000
7146.42,0.138585,0.045246,0.004476,0.0000,0.176336,-0.242705,0.000000,0.0000
7151.76,0.138585,0.045246,0.004476,0.0000,0.176336,-0.242705,0.000000,0.0000
7157.18,0.138266,0.042644,0.004447,0.0000,0.176336,-0.242705,0.000000,0.0000
7162.60,0.137943,0.040064,0.004467,0.0000,0.176336,-0.242705,0.000000,0.0000
7167.95,0.137943,0.040064,0.004467,0.0000,0.176336,-0.242705,0.000000,0.0000
7173.40,0.137563,0.037508,0.004479,0.0000,0.176336,-0.242705,0.000000,0.0000
7178.74,0.137235,0.035040,0.004449,0.0000,0.176336,-0.242705,0.000000,0.0000
7183.76,0.137235,0.035040,0.004449,0.0000,0.176336,-0.242705,0.000000,0.0000
7189.10,0.136711,0.032419,0.004479,0.0000,0.176336,-0.242705,0.000000,0.0000
7194.43,0.136711,0.032419,0.004479,0.0000,0.176336,-0.242705,0.000000,0.0000
7199.76,0.136337,0.029994,0.004481,0.0000,0.176336,-0.242705,0.000000,0.0000
7205.27,0.135940,0.027356,0.004439,0.0000,0.176336,-0.242705,0.000000,0.0000
7210.69,0.135940,0.027356,0.004439,0.0000,0.176336,-0.242705,0.000000,0.0000
7216.03,0.135446,0.024765,0.004419,0.0000,0.176336,-0.242705,0.000000,0.0000
7221.45,0.135031,0.022184,0.004453,0.0000,0.176336,-0.242705,0.000000,0.0000
7226.77,0.135031,0.022184,0.004453,0.0000,0.176336,-0.242705,0.000000,0.0000
7232.28,0.134567,0.019584,0.004414,0.0000,0.176336,-0.242705,0.000000,0.0000
7237.86,0.134269,0.017062,0.004496,0.0000,0.176336,-0.242705,0.000000,0.0000
7243.23,0.134269,0.017062,0.004496,0.0000,0.176336,-0.242705,0.000000,0.0000
7248.58,0.133776,0.014384,0.004447,0.0000,0.176336,-0.242705,0.000000,0.0000
7253.88,0.133440,0.011894,0.004445,0.0000,0.176336,-0.242705,0.000000,0.0000
7259.22,0.133440,0.011894,0.004445,0.0000,0.176336,-0.242705,0.000000,0.0000
7264.60,0.132922,0.009231,0.004480,0.0000,0.176336,-0.242705,0.000000,0.0000
7270.06,0.132549,0.006688,0.004422,0.0000,0.176336,-0.242705,0.000000,0.0000
7275.56,0.132549,0.006688,0.004422,0.0000,0.176336,-0.242705,0.000000,0.0000
7280.97,0.132168,0.004154,0.004505,0.0000,0.176336,-0.242705,0.000000,0.0000
7286.41,0.132168,0.004154,0.004505,0.0000,0.176336,-0.242705,0.000000,0.0000
7291.71,0.131810,0.001439,0.004464,0.0000,0.176336,-0.242705,0.000000,0.0000
7297.07,0.131532,-0.001111,0.004542,0.0000,0.176336,-0.242705,0.000000,0.0000
7302.40,0.131532,-0.001111,0.004542,0.0000,0.176336,-0.242705,0.000000,0.0000
7308.07,0.131149,-0.003731,0.004547,0.0000,0.176336,-0.242705,0.000000,0.0000
7313.51,0.130700,-0.006327,0.004548,0.0000,0.176336,-0.242705,0.000000,0.0000
7318.82,0.130700,-0.006327,0.004548,0.0000,0.176336,-0.242705,0.000000,0.0000
7324.22,0.130445,-0.008807,0.004563,0.0000,0.176336,-0.242705,0.000000,0.0000
7329.67,0.130160,-0.011455,0.004526,0.0000,0.176336,-0.242705,0.000000,0.0000
7335.05,0.130160,-0.011455,0.004526,0.0000,0.176336,-0.242705,0.000000,0.0000
7340.62,0.129894,-0.014078,0.004583,0.0000,0.176336,-0.242705,0.000000,0.0000
7346.18,0.129535,-0.016666,0.004562,0.0000,0.176336,-0.242705,0.000000,0.0000
7351.53,0.129535,-0.016666,0.004562,0.0000,0.176336,-0.242705,0.000000,0.0000
7356.82,0.129208,-0.019237,0.004665,0.0000,0.176336,-0.242705,0.000000,0.0000
7362.16,0.129034,-0.021849,0.004628,0.0000,0.176336,-0.242705,0.000000,0.0000
7367.51,0.129034,-0.021849,0.004628,0.0000,0.176336,-0.242705,0.000000,0.0000
7372.92,0.128881,-0.024509,0.004615,0.0000,0.176336,-0.242705,0.000000,0.0000
7378.28,0.128881,-0.024509,0.004615,0.0000,0.176336,-0.242705,0.000000,0.0000
7383.82,0.128619,-0.027125,0.004642,0.0000,0.176336,-0.242705,0.000000,0.0000
7389.26,0.128500,-0.029817,0.004587,0.0000,0.176336,-0.242705,0.000000,0.0000
7394.69,0.128500,-0.029817,0.004587,0.0000,0.176336,-0.242705,0.000000,0.0000
7400.03,0.128423,-0.032425,0.004599,0.0000,0.176336,-0.242705,0.000000,0.0000
7405.57,0.128292,-0.035028,0.004655,0.0000,0.176336,-0.242705,0.000000,0.0000
7411.14,0.128292,-0.035028,0.004655,0.0000,0.176336,-0.242705,0.000000,0.0000
7416.58,0.128309,-0.037710,0.004666,0.0000,0.176336,-0.242705,0.000000,0.0000
7421.88,0.128261,-0.040349,0.004690,0.0000,0.176336,-0.242705,0.000000,0.0000
7427.31,0.128261,-0.040349,0.004690,0.0000,0.176336,-0.242705,0.000000,0.0000
7432.84,0.128215,-0.043000,0.004679,0.0000,0.176336,-0.242705,0.000000,0.0000
7438.28,0.128266,-0.045624,0.004646,0.0000,0.176336,-0.242705,0.000000,0.0000
7443.62,0.128266,-0.045624,0.004646,0.0000,0.176336,-0.242705,0.000000,0.0000
7448.98,0.128316,-0.048344,0.004729,0.0000,0.176336,-0.242705,0.000000,0.0000
7454.31,0.128389,-0.051062,0.004747,0.0000,0.176336,-0.242705,0.000000,0.0000
7459.67,0.128389,-0.051062,0.004747,0.0000,0.176336,-0.242705,0.000000,0.0000
7465.23,0.128533,-0.053754,0.004807,0.0000,0.176336,-0.242705,0.000000,0.0000
7470.60,0.128638,-0.056393,0.004778,0.0000,0.176336,-0.242705,0.000000,0.0000
7475.94,0.128638,-0.056393,0.004778,0.0000,0.176336,-0.242705,0.000000,0.0000
7481.33,0.128783,-0.059034,0.004798,0.0000,0.176336,-0.242705,0.000000,0.0000
7486.74,0.128836,-0.061745,0.004823,0.0000,0.176336,-0.242705,0.000000,0.0000
7492.26,0.128836,-0.061745,0.004823,0.0000,0.176336,-0.242705,0.000000,0.0000
7497.66,0.129056,-0.064422,0.004801,0.0000,0.176336,-0.242705,0.000000,0.0000
7503.00,0.129056,-0.064422,0.004801,0.0000,0.176336,-0.242705,0.000000,0.0000
7508.34,0.129302,-0.067043,0.004891,0.0000,0.176336,-0.242705,0.000000,0.0000
7514.13,0.129466,-0.069726,0.004891,0.0000,0.176336,-0.242705,0.000000,0.0000
7519.50,0.129466,-0.069726,0.004891,0.0000,0.176336,-0.242705,0.000000,0.0000
7524.82,0.129783,-0.072370,0.004873,0.0000,0.176336,-0.242705,0.000000,0.0000
7530.19,0.130010,-0.075021,0.004903,0.0000,0.176336,-0.242705,0.000000,0.0000
7535.55,0.130010,-0.075021,0.004903,0.0000,0.176336,-0.242705,0.000000,0.0000
7540.88,0.130477,-0.077665,0.004922,0.0000,0.176336,-0.242705,0.000000,0.0000
7546.41,0.130813,-0.080393,0.004938,0.0000,0.176336,-0.242705,0.000000,0.0000
7551.92,0.130813,-0.080393,0.004938,0.0000,0.176336,-0.242705,0.000000,0.0000
7557.29,0.131165,-0.083081,0.004939,0.0000,0.176336,-0.242705,0.000000,0.0000
7562.63,0.131508,-0.085692,0.004984,0.0000,0.176336,-0.242705,0.000000,0.0000
7567.94,0.131508,-0.085692,0.004984,0.0000,0.176336,-0.242705,0.000000,0.0000
7573.37,0.131889,-0.088400,0.004955,0.0000,0.176336,-0.242705,0.000000,0.0000
7578.71,0.132345,-0.091053,0.004894,0.0000,0.176336,-0.242705,0.000000,0.0000
7584.05,0.132345,-0.091053,0.004894,0.0000,0.176336,-0.242705,0.000000,0.0000
7589.41,0.132832,-0.093753,0.004982,0.0000,0.176336,-0.242705,0.000000,0.0000
7595.15,0.133380,-0.096429,0.004960,0.0000,0.176336,-0.242705,0.000000,0.0000
7600.59,0.133380,-0.096429,0.004960,0.0000,0.176336,-0.242705,0.000000,0.0000
7605.97,0.133808,-0.099167,0.004907,0.0000,0.176336,-0.242705,0.000000,0.0000
7611.41,0.133808,-0.099167,0.004907,0.0000,0.176336,-0.242705,0.000000,0.0000
7617.42,0.134451,-0.101695,0.004908,0.0000,0.176336,-0.242705,0.000000,0.0000
7622.77,0.134975,-0.104379,0.004874,0.0000,0.176336,-0.242705,0.000000,0.0000
7628.18,0.134975,-0.104379,0.004874,0.0000,0.176336,-0.242705,0.000000,0.0000
7633.58,0.135499,-0.107037,0.004880,0.0000,0.176336,-0.242705,0.000000,0.0000
7638.97,0.136050,-0.109606,0.004921,0.0000,0.176336,-0.242705,0.000000,0.0000
7644.32,0.136050,-0.109606,0.004921,0.0000,0.176336,-0.242705,0.000000,0.0000
7649.71,0.136655,-0.112192,0.004930,0.0000,0.176336,-0.242705,0.000000,0.0000
7655.07,0.137203,-0.114752,0.004897,0.0000,0.176336,-0.242705,0.000000,0.0000
7660.41,0.137203,-0.114752,0.004897,0.0000,0.176336,-0.242705,0.000000,0.0000
7665.79,0.137812,-0.117355,0.004889,0.0000,0.176336,-0.242705,0.000000,0.0000
7671.25,0.138587,-0.119959,0.004857,0.0000,0.176336,-0.242705,0.000000,0.0000
7676.71,0.138587,-0.119959,0.004857,0.0000,0.176336,-0.242705,0.000000,0.0000
7682.05,0.139167,-0.122528,0.004891,0.0000,0.176336,-0.242705,0.000000,0.0000
7687.45,0.139893,-0.125063,0.004911,0.0000,0.176336,-0.242705,0.000000,0.0000
7692.77,0.139893,-0.125063,0.004911,0.0000,0.176336,-0.242705,0.000000,0.0000
7698.42,0.140444,-0.127572,0.004826,0.0000,0.176336,-0.242705,0.000000,0.0000
7703.76,0.141079,-0.130026,0.004784,0.0000,0.176336,-0.242705,0.000000,0.0000
7709.13,0.141079,-0.130026,0.004784,0.0000,0.176336,-0.242705,0.000000,0.0000
7714.48,0.141753,-0.132513,0.004811,0.0000,0.176336,-0.242705,0.000000,0.0000
7719.76,0.141753,-0.132513,0.004811,0.0000,0.176336,-0.242705,0.000000,0.0000
7725.12,0.142436,-0.134988,0.004802,0.0000,0.176336,-0.242705,0.000000,0.0000
7730.79,0.143077,-0.137411,0.004800,0.0000,0.176336,-0.242705,0.000000,0.0000
7736.13,0.143077,-0.137411,0.004800,0.0000,0.176336,-0.242705,0.000000,0.0000
7741.50,0.143700,-0.139766,0.004811,0.0000,0.176336,-0.242705,0.000000,0.0000
7746.84,0.144402,-0.142133,0.004752,0.0000,0.176336,-0.242705,0.000000,0.0000
7752.17,0.144402,-0.142133,0.004752,0.0000,0.176336,-0.242705,0.000000,0.0000
7757.50,0.145160,-0.144493,0.004764,0.0000,0.176336,-0.242705,0.000000,0.0000
7763.09,0.145896,-0.146761,0.004794,0.0000,0.176336,-0.242705,0.000000,0.0000
7768.41,0.145896,-0.146761,0.004794,0.0000,0.176336,-0.242705,0.000000,0.0000
7773.71,0.146515,-0.149160,0.004749,0.0000,0.176336,-0.242705,0.000000,0.0000
7779.08,0.147276,-0.151388,0.004710,0.0000,0.176336,-0.242705,0.000000,0.0000
7784.48,0.147276,-0.151388,0.004710,0.0000,0.176336,-0.242705,0.000000,0.0000
7789.82,0.147829,-0.153592,0.004718,0.0000,0.176336,-0.242705,0.000000,0.0000
7795.32,0.148514,-0.155842,0.004658,0.0000,0.176336,-0.242705,0.000000,0.0000
7800.85,0.148514,-0.155842,0.004658,0.0000,0.176336,-0.242705,0.000000,0.0000
7806.19,0.149126,-0.157977,0.004617,0.0000,0.176336,-0.242705,0.000000,0.0000
7811.57,0.149126,-0.157977,0.004617,0.0000,0.176336,-0.242705,0.000000,0.0000
7816.93,0.149838,-0.160070,0.004613,0.0000,0.176336,-0.242705,0.000000,0.0000
7822.33,0.150552,-0.162153,0.004578,0.0000,0.176336,-0.242705,0.000000,0.0000
7827.68,0.150552,-0.162153,0.004578,0.0000,0.176336,-0.242705,0.000000,0.0000
7833.07,0.151210,-0.164257,0.004521,0.0000,0.176336,-0.242705,0.000000,0.0000
7838.44,0.151938,-0.166205,0.004467,0.0000,0.176336,-0.242705,0.000000,0.0000
7843.77,0.151938,-0.166205,0.004467,0.0000,0.176336,-0.242705,0.000000,0.0000
7849.09,0.152511,-0.168184,0.004519,0.0000,0.176336,-0.242705,0.000000,0.0000
7854.65,0.153175,-0.170029,0.004434,0.0000,0.176336,-0.242705,0.000000,0.0000
7859.95,0.153175,-0.170029,0.004434,0.0000,0.176336,-0.242705,0.000000,0.0000
7865.54,0.153713,-0.171977,0.004419,0.0000,0.176336,-0.242705,0.000000,0.0000
7870.94,0.154299,-0.173832,0.004367,0.0000,0.176336,-0.242705,0.000000,0.0000
7876.31,0.154299,-0.173832,0.004367,0.0000,0.176336,-0.242705,0.000000,0.0000
7881.82,0.154950,-0.175684,0.004303,0.0000,0.176336,-0.242705,0.000000,0.0000
7887.16,0.155480,-0.177521,0.004284,0.0000,0.176336,-0.242705,0.000000,0.0000
7892.61,0.155480,-0.177521,0.004284,0.0000,0.176336,-0.242705,0.000000,0.0000
7897.94,0.156067,-0.179253,0.004193,0.0000,0.176336,-0.242705,0.000000,0.0000
7903.63,0.156604,-0.180922,0.004170,0.0000,0.176336,-0.242705,0.000000,0.0000
7909.04,0.156604,-0.180922,0.004170,0.0000,0.176336,-0.242705,0.000000,0.0000
7914.42,0.157265,-0.182507,0.004162,0.0000,0.176336,-0.242705,0.000000,0.0000
7919.80,0.157265,-0.182507,0.004162,0.0000,0.176336,-0.242705,0.000000,0.0000
7925.14,0.157709,-0.184184,0.004089,0.0000,0.176336,-0.242705,0.000000,0.0000
7930.49,0.158204,-0.185785,0.003998,0.0000,0.176336,-0.242705,0.000000,0.0000
7935.82,0.158204,-0.185785,0.003998,0.0000,0.176336,-0.242705,0.000000,0.0000
7941.21,0.158726,-0.187295,0.003970,0.0000,0.176336,-0.242705,0.000000,0.0000
7946.53,0.159225,-0.188679,0.003899,0.0000,0.176336,-0.242705,0.000000,0.0000
7951.94,0.159225,-0.188679,0.003899,0.0000,0.176336,-0.242705,0.000000,0.0000
7957.35,0.159689,-0.190171,0.003906,0.0000,0.176336,-0.242705,0.000000,0.0000
7962.77,0.160174,-0.191556,0.003815,0.0000,0.176336,-0.242705,0.000000,0.0000
7968.13,0.160174,-0.191556,0.003815,0.0000,0.176336,-0.242705,0.000000,0.0000
7973.47,0.160725,-0.192935,0.003778,0.0000,0.176336,-0.242705,0.000000,0.0000
7978.94,0.161107,-0.194238,0.003701,0.0000,0.176336,-0.242705,0.000000,0.0000
7984.30,0.161107,-0.194238,0.003701,0.0000,0.176336,-0.242705,0.000000,0.0000
7989.63,0.161655,-0.195497,0.003693,0.0000,0.176336,-0.242705,0.000000,0.0000
7994.94,0.161655,-0.195497,0.003693,0.0000,0.176336,-0.242705,0.000000,0.0000
8000.32,0.161917,-0.196746,0.003728,0.0000,0.176336,-0.242705,0.000000,0.0000
8005.95,0.162277,-0.197955,0.003673,0.0000,0.176336,-0.242705,0.000000,0.0000
8011.28,0.162277,-0.197955,0.003673,0.0000,0.176336,-0.242705,0.000000,0.0000
8016.60,0.162688,-0.199099,0.003605,0.0000,0.176336,-0.242705,0.000000,0.0000
8022.06,0.162976,-0.200255,0.003536,0.0000,0.176336,-0.242705,0.000000,0.0000
8027.43,0.162976,-0.200255,0.003536,0.0000,0.176336,-0.242705,0.000000,0.0000
8032.91,0.163299,-0.201232,0.003512,0.0000,0.176336,-0.242705,0.000000,0.0000
8038.22,0.163622,-0.202225,0.003478,0.0000,0.176336,-0.242705,0.000000,0.0000
8043.58,0.163622,-0.202225,0.003478,0.0000,0.176336,-0.242705,0.000000,0.0000
8048.88,0.163895,-0.203279,0.003484,0.0000,0.176336,-0.242705,0.000000,0.0000
8054.23,0.164130,-0.204148,0.003470,0.0000,0.176336,-0.242705,0.000000,0.0000
8059.60,0.164130,-0.204148,0.003470,0.0000,0.176336,-0.242705,0.000000,0.0000
8065.11,0.164373,-0.205073,0.003462,0.0000,0.176336,-0.242705,0.000000,0.0000
8070.45,0.164576,-0.205962,0.003443,0.0000,0.176336,-0.242705,0.000000,0.0000
8075.77,0.164576,-0.205962,0.003443,0.0000,0.176336,-0.242705,0.000000,0.0000
8081.10,0.164821,-0.206769,0.003422,0.0000,0.176336,-0.242705,0.000000,0.0000
8086.46,0.164821,-0.206769,0.003422,0.0000,0.176336,-0.242705,0.000000,0.0000
8091.76,0.165077,-0.207545,0.003418,0.0000,0.176336,-0.242705,0.000000,0.0000
8097.31,0.165240,-0.208324,0.003469,0.0000,0.176336,-0.242705,0.000000,0.0000
8102.65,0.165240,-0.208324,0.003469,0.0000,0.176336,-0.242705,0.000000,0.0000
8107.68,0.165484,-0.209047,0.003453,0.0000,0.176336,-0.242705,0.000000,0.0000
8113.29,0.165658,-0.209682,0.003541,0.0000,0.176336,-0.242705,0.000000,0.0000
8118.69,0.165658,-0.209682,0.003541,0.0000,0.176336,-0.242705,0.000000,0.0000
8124.03,0.165766,-0.210415,0.003593,0.0000,0.176336,-0.242705,0.000000,0.0000
8129.38,0.165921,-0.211059,0.003585,0.0000,0.176336,-0.242705,0.000000,0.0000
8134.83,0.165921,-0.211059,0.003585,0.0000,0.176336,-0.242705,0.000000,0.0000
8140.23,0.165892,-0.211682,0.003594,0.0000,0.176336,-0.242705,0.000000,0.0000
8145.59,0.166097,-0.212142,0.003594,0.0000,0.176336,-0.242705,0.000000,0.0000
8150.92,0.166097,-0.212142,0.003594,0.0000,0.176336,-0.242705,0.000000,0.0000
8156.23,0.166002,-0.212621,0.003595,0.0000,0.176336,-0.242705,0.000000,0.0000
8161.55,0.166002,-0.212621,0.003595,0.0000,0.176336,-0.242705,0.000000,0.0000
8166.89,0.166021,-0.213134,0.003627,0.0000,0.176336,-0.242705,0.000000,0.0000
8172.39,0.166187,-0.213602,0.003659,0.0000,0.176336,-0.242705,0.000000,0.0000
8177.70,0.166187,-0.213602,0.003659,0.0000,0.176336,-0.242705,0.000000,0.0000
8183.14,0.166156,-0.214144,0.003658,0.0000,0.176336,-0.242705,0.000000,0.0000
8188.54,0.166287,-0.214552,0.003722,0.0000,0.176336,-0.242705,0.000000,0.0000
8193.82,0.166287,-0.214552,0.003722,0.0000,0.176336,-0.242705,0.000000,0.0000
8199.13,0.166222,-0.214928,0.003773,0.0000,0.176336,-0.242705,0.000000,0.0000
8204.61,0.166237,-0.215391,0.003807,0.0000,0.176336,-0.242705,0.000000,0.0000
8210.28,0.166237,-0.215391,0.003807,0.0000,0.176336,-0.242705,0.000000,0.0000
8215.60,0.166279,-0.215809,0.003842,0.0000,0.176336,-0.242705,0.000000,0.0000
8220.95,0.166228,-0.216185,0.003903,0.0000,0.176336,-0.242705,0.000000,0.0000
8226.30,0.166228,-0.216185,0.003903,0.0000,0.176336,-0.242705,0.000000,0.0000
8231.70,0.166282,-0.216434,0.003962,0.0000,0.176336,-0.242705,0.000000,0.0000
8237.06,0.166198,-0.216724,0.004038,0.0000,0.176336,-0.242705,0.000000,0.0000
8242.43,0.166198,-0.216724,0.004038,0.0000,0.176336,-0.242705,0.000000,0.0000
8247.85,0.166168,-0.216990,0.004105,0.0000,0.176336,-0.242705,0.000000,0.0000
8253.26,0.166168,-0.216990,0.004105,0.0000,0.176336,-0.242705,0.000000,0.0000
8258.62,0.166218,-0.217243,0.004142,0.0000,0.176336,-0.242705,0.000000,0.0000
8263.94,0.166120,-0.217561,0.004228,0.0000,0.176336,-0.242705,0.000000,0.0000
8269.29,0.166120,-0.217561,0.004228,0.0000,0.176336,-0.242705,0.000000,0.0000
8274.63,0.166152,-0.217807,0.004258,0.0000,0.176336,-0.242705,0.000000,0.0000
8280.24,0.166062,-0.218045,0.004332,0.0000,0.176336,-0.242705,0.000000,0.0000
8285.59,0.166062,-0.218045,0.004332,0.0000,0.176336,-0.242705,0.000000,0.0000
8290.94,0.165980,-0.218285,0.004371,0.0000,0.176336,-0.242705,0.000000,0.0000
8296.30,0.165995,-0.218446,0.004429,0.0000,0.176336,-0.242705,0.000000,0.0000
8301.62,0.165995,-0.218446,0.004429,0.0000,0.176336,-0.242705,0.000000,0.0000
8306.94,0.165907,-0.218634,0.004493,0.0000,0.176336,-0.242705,0.000000,0.0000
8312.40,0.165860,-0.218765,0.004530,0.0000,0.176336,-0.242705,0.000000,0.0000
8317.76,0.165860,-0.218765,0.004530,0.0000,0.176336,-0.242705,0.000000,0.0000
8323.08,0.165799,-0.218918,0.004583,0.0000,0.176336,-0.242705,0.000000,0.0000
8328.51,0.165735,-0.219103,0.004628,0.0000,0.176336,-0.242705,0.000000,0.0000
8334.05,0.165735,-0.219103,0.004628,0.0000,0.176336,-0.242705,0.000000,0.0000
8339.37,0.165688,-0.219261,0.004656,0.0000,0.176336,-0.242705,0.000000,0.0000
8344.69,0.165688,-0.219261,0.004656,0.0000,0.176336,-0.242705,0.000000,0.0000
8350.05,0.165620,-0.219423,0.004727,0.0000,0.176336,-0.242705,0.000000,0.0000
8355.53,0.165531,-0.219592,0.004779,0.0000,0.176336,-0.242705,0.000000,0.0000
8361.04,0.165531,-0.219592,0.004779,0.0000,0.176336,-0.242705,0.000000,0.0000
8366.42,0.165460,-0.219745,0.004856,0.0000,0.176336,-0.242705,0.000000,0.0000
8371.77,0.165363,-0.219925,0.004921,0.0000,0.176336,-0.242705,0.000000,0.0000
8377.11,0.165363,-0.219925,0.004921,0.0000,0.176336,-0.242705,0.000000,0.0000
8382.46,0.165324,-0.220160,0.004925,0.0000,0.176336,-0.242705,0.000000,0.0000
8388.04,0.165270,-0.220313,0.004996,0.0000,0.176336,-0.242705,0.000000,0.0000
8393.38,0.165270,-0.220313,0.004996,0.0000,0.176336,-0.242705,0.000000,0.0000
8398.71,0.165229,-0.220425,0.005040,0.0000,0.176336,-0.242705,0.000000,0.0000
8404.10,0.165229,-0.220425,0.005040,0.0000,0.176336,-0.242705,0.000000,0.0000
8409.57,0.165178,-0.220518,0.005079,0.0000,0.176336,-0.242705,0.000000,0.0000
8415.59,0.165138,-0.220665,0.005126,0.0000,0.176336,-0.242705,0.000000,0.0000
8420.93,0.165122,-0.220814,0.005177,0.0000,0.176336,-0.242705,0.000000,0.0000
8426.31,0.165122,-0.220814,0.005177,0.0000,0.176336,-0.242705,0.000000,0.0000
8431.70,0.165101,-0.220958,0.005228,0.0000,0.176336,-0.242705,0.000000,0.0000
8437.04,0.165065,-0.221093,0.005264,0.0000,0.176336,-0.242705,0.000000,0.0000
8442.38,0.165065,-0.221093,0.005264,0.0000,0.176336,-0.242705,0.000000,0.0000
8447.79,0.165018,-0.221233,0.005324,0.0000,0.176336,-0.242705,0.000000,0.0000
8453.19,0.165018,-0.221233,0.005324,0.0000,0.176336,-0.242705,0.000000,0.0000
8458.53,0.164964,-0.221377,0.005353,0.0000,0.176336,-0.242705,0.000000,0.0000
8463.87,0.164988,-0.221539,0.005400,0.0000,0.176336,-0.242705,0.000000,0.0000
8469.20,0.164988,-0.221539,0.005400,0.0000,0.176336,-0.242705,0.000000,0.0000
8474.68,0.164995,-0.221747,0.005437,0.0000,0.176336,-0.242705,0.000000,0.0000
8480.14,0.165031,-0.221840,0.005479,0.0000,0.176336,-0.242705,0.000000,0.0000
8485.47,0.165031,-0.221840,0.005479,0.0000,0.176336,-0.242705,0.000000,0.0000
8490.82,0.165013,-0.222079,0.005505,0.0000,0.176336,-0.242705,0.000000,0.0000
8496.30,0.165081,-0.222202,0.005555,0.0000,0.176336,-0.242705,0.000000,0.0000
8501.70,0.165081,-0.222202,0.005555,0.0000,0.176336,-0.242705,0.000000,0.0000
8507.03,0.165044,-0.222424,0.005568,0.0000,0.176336,-0.242705,0.000000,0.0000
8512.35,0.165019,-0.222660,0.005587,0.0000,0.176336,-0.242705,0.000000,0.0000
8518.19,0.165019,-0.222660,0.005587,0.0000,0.176336,-0.242705,0.000000,0.0000
8523.55,0.165086,-0.222807,0.005625,0.0000,0.176336,-0.242705,0.000000,0.0000
8528.96,0.165135,-0.223013,0.005629,0.0000,0.176336,-0.242705,0.000000,0.0000
8534.54,0.165135,-0.223013,0.005629,0.0000,0.176336,-0.242705,0.000000,0.0000
8539.89,0.165194,-0.223217,0.005665,0.0000,0.176336,-0.242705,0.000000,0.0000
8545.47,0.165253,-0.223451,0.005709,0.0000,0.176336,-0.242705,0.000000,0.0000
8550.94,0.165253,-0.223451,0.005709,0.0000,0.176336,-0.242705,0.000000,0.0000
8556.29,0.165357,-0.223698,0.005733,0.0000,0.176336,-0.242705,0.000000,0.0000
8561.63,0.165357,-0.223698,0.005733,0.0000,0.176336,-0.242705,0.000000,0.0000
8566.93,0.165418,-0.223957,0.005790,0.0000,0.176336,-0.242705,0.000000,0.0000
8572.63,0.165505,-0.224217,0.005797,0.0000,0.176336,-0.242705,0.000000,0.0000
8578.02,0.165505,-0.224217,0.005797,0.0000,0.176336,-0.242705,0.000000,0.0000
8583.38,0.165577,-0.224518,0.005839,0.0000,0.176336,-0.242705,0.000000,0.0000
8588.70,0.165628,-0.224834,0.005879,0.0000,0.176336,-0.242705,0.000000,0.0000
8594.08,0.165628,-0.224834,0.005879,0.0000,0.176336,-0.242705,0.000000,0.0000
8599.60,0.165732,-0.225155,0.005872,0.0000,0.176336,-0.242705,0.000000,0.0000
8604.96,0.165788,-0.225442,0.005897,0.0000,0.176336,-0.242705,0.000000,0.0000
8610.35,0.165788,-0.225442,0.005897,0.0000,0.176336,-0.242705,0.000000,0.0000
8615.70,0.165921,-0.225720,0.005944,0.0000,0.176336,-0.242705,0.000000,0.0000
8621.58,0.165948,-0.226056,0.005986,0.0000,0.176336,-0.242705,0.000000,0.0000
8626.88,0.165948,-0.226056,0.005986,0.0000,0.176336,-0.242705,0.000000,0.0000
8632.22,0.166064,-0.226458,0.006025,0.0000,0.176336,-0.242705,0.000000,0.0000
8637.58,0.166264,-0.226745,0.006032,0.0000,0.176336,-0.242705,0.000000,0.0000
8642.95,0.166264,-0.226745,0.006032,0.0000,0.176336,-0.242705,0.000000,0.0000
8648.69,0.166339,-0.227060,0.006080,0.0000,0.176336,-0.242705,0.000000,0.0000
8654.05,0.166450,-0.227442,0.006115,0.0000,0.176336,-0.242705,0.000000,0.0000
8659.40,0.166450,-0.227442,0.006115,0.0000,0.176336,-0.242705,0.000000,0.0000
8664.71,0.166558,-0.227849,0.006139,0.0000,0.176336,-0.242705,0.000000,0.0000
8670.04,0.166558,-0.227849,0.006139,0.0000,0.176336,-0.242705,0.000000,0.0000
8675.38,0.166608,-0.228297,0.006161,0.0000,0.176336,-0.242705,0.000000,0.0000
8680.70,0.166762,-0.228562,0.006194,0.0000,0.176336,-0.242705,0.000000,0.0000
8686.02,0.166762,-0.228562,0.006194,0.0000,0.176336,-0.242705,0.000000,0.0000
8691.47,0.166821,-0.228960,0.006218,0.0000,0.176336,-0.242705,0.000000,0.0000
8696.76,0.167001,-0.229273,0.006239,0.0000,0.176336,-0.242705,0.000000,0.0000
8702.09,0.167001,-0.229273,0.006239,0.0000,0.176336,-0.242705,0.000000,0.0000
8707.48,0.167160,-0.229683,0.006258,0.0000,0.176336,-0.242705,0.000000,0.0000
8712.82,0.167160,-0.229683,0.006258,0.0000,0.176336,-0.242705,0.000000,0.0000
8718.19,0.167325,-0.230105,0.006282,0.0000,0.176336,-0.242705,0.000000,0.0000
8723.51,0.167497,-0.230630,0.006289,0.0000,0.176336,-0.242705,0.000000,0.0000
8728.88,0.167641,-0.231066,0.006309,0.0000,0.176336,-0.242705,0.000000,0.0000
8734.24,0.167641,-0.231066,0.006309,0.0000,0.176336,-0.242705,0.000000,0.0000
8739.57,0.167793,-0.231449,0.006307,0.0000,0.176336,-0.242705,0.000000,0.0000
8744.93,0.167793,-0.231449,0.006307,0.0000,0.176336,-0.242705,0.000000,0.0000
8750.29,0.167921,-0.231851,0.006305,0.0000,0.176336,-0.242705,0.000000,0.0000
8755.85,0.168056,-0.232289,0.006275,0.0000,0.176336,-0.242705,0.000000,0.0000
8761.19,0.168056,-0.232289,0.006275,0.0000,0.176336,-0.242705,0.000000,0.0000
8766.55,0.168110,-0.232767,0.006266,0.0000,0.176336,-0.242705,0.000000,0.0000
8771.89,0.168310,-0.233221,0.006236,0.0000,0.176336,-0.242705,0.000000,0.0000
8777.23,0.168310,-0.233221,0.006236,0.0000,0.176336,-0.242705,0.000000,0.0000
8782.58,0.168406,-0.233676,0.006216,0.0000,0.176336,-0.242705,0.000000,0.0000
8787.92,0.168564,-0.234106,0.006202,0.0000,0.176336,-0.242705,0.000000,0.0000
8793.33,0.168564,-0.234106,0.006202,0.0000,0.176336,-0.242705,0.000000,0.0000
8798.68,0.168687,-0.234477,0.006191,0.0000,0.176336,-0.242705,0.000000,0.0000
8804.00,0.168831,-0.234941,0.006155,0.0000,0.176336,-0.242705,0.000000,0.0000
8809.35,0.168831,-0.234941,0.006155,0.0000,0.176336,-0.242705,0.000000,0.0000
8814.70,0.168939,-0.235350,0.006143,0.0000,0.176336,-0.242705,0.000000,0.0000
8820.32,0.169028,-0.235845,0.006127,0.0000,0.176336,-0.242705,0.000000,0.0000
8825.82,0.169028,-0.235845,0.006127,0.0000,0.176336,-0.242705,0.000000,0.0000
8831.15,0.169241,-0.236269,0.006094,0.0000,0.176336,-0.242705,0.000000,0.0000
8836.50,0.169241,-0.236269,0.006094,0.0000,0.176336,-0.242705,0.000000,0.0000
8841.98,0.169261,-0.236702,0.006098,0.0000,0.176336,-0.242705,0.000000,0.0000
8847.59,0.169307,-0.237099,0.006064,0.0000,0.176336,-0.242705,0.000000,0.0000
8853.83,0.169427,-0.237403,0.006049,0.0000,0.176336,-0.242705,0.000000,0.0000
8859.16,0.169427,-0.237403,0.006049,0.0000,0.176336,-0.242705,0.000000,0.0000
8864.52,0.169473,-0.237882,0.006005,0.0000,0.176336,-0.242705,0.000000,0.0000
8869.94,0.169473,-0.237882,0.006005,0.0000,0.176336,-0.242705,0.000000,0.0000
8875.30,0.169592,-0.238310,0.005992,0.0000,0.176336,-0.242705,0.000000,0.0000
8880.63,0.169681,-0.238784,0.005993,0.0000,0.176336,-0.242705,0.000000,0.0000
8886.04,0.169681,-0.238784,0.005993,0.0000,0.176336,-0.242705,0.000000,0.0000
8891.49,0.169769,-0.239211,0.005954,0.0000,0.176336,-0.242705,0.000000,0.0000
8896.84,0.169834,-0.239562,0.005947,0.0000,0.176336,-0.242705,0.000000,0.0000
8902.16,0.169834,-0.239562,0.005947,0.0000,0.176336,-0.242705,0.000000,0.0000
8908.14,0.169869,-0.239899,0.005926,0.0000,0.176336,-0.242705,0.000000,0.0000
8913.54,0.169913,-0.240274,0.005892,0.0000,0.176336,-0.242705,0.000000,0.0000
8918.85,0.169913,-0.240274,0.005892,0.0000,0.176336,-0.242705,0.000000,0.0000
8924.18,0.170023,-0.240650,0.005893,0.0000,0.176336,-0.242705,0.000000,0.0000
8929.86,0.170088,-0.241016,0.005867,0.0000,0.176336,-0.242705,0.000000,0.0000
8935.18,0.170088,-0.241016,0.005867,0.0000,0.176336,-0.242705,0.000000,0.0000
8940.55,0.170114,-0.241355,0.005872,0.0000,0.176336,-0.242705,0.000000,0.0000
8945.90,0.170190,-0.241667,0.005848,0.0000,0.176336,-0.242705,0.000000,0.0000
8951.32,0.170190,-0.241667,0.005848,0.0000,0.176336,-0.242705,0.000000,0.0000
8956.91,0.170113,-0.241984,0.005848,0.0000,0.176336,-0.242705,0.000000,0.0000
8962.32,0.170070,-0.242285,0.005830,0.0000,0.176336,-0.242705,0.000000,0.0000
8967.76,0.170070,-0.242285,0.005830,0.0000,0.176336,-0.242705,0.000000,0.0000
8973.33,0.170122,-0.242518,0.005776,0.0000,0.176336,-0.242705,0.000000,0.0000
8978.65,0.170122,-0.242518,0.005776,0.0000,0.176336,-0.242705,0.000000,0.0000
8983.94,0.170023,-0.242830,0.005758,0.0000,0.176336,-0.242705,0.000000,0.0000
8989.48,0.170052,-0.243139,0.005724,0.0000,0.176336,-0.242705,0.000000,0.0000
8994.83,0.170052,-0.243139,0.005724,0.0000,0.176336,-0.242705,0.000000,0.0000
9000.17,0.169912,-0.243425,0.005732,0.0000,0.176336,-0.242705,0.000000,0.0000
9005.61,0.169857,-0.243718,0.005720,0.0000,0.176336,-0.242705,0.000000,0.0000
9011.60,0.169857,-0.243718,0.005720,0.0000,-0.285317,0.092705,0.000000,0.0000
9016.90,0.169856,-0.243996,0.005716,0.0000,-0.285317,0.092705,0.000000,0.0000
9022.28,0.169866,-0.244242,0.005723,0.0000,-0.285317,0.092705,0.000000,0.0000
9027.63,0.169866,-0.244242,0.005723,0.0000,-0.285317,0.092705,0.000000,0.0000
9033.04,0.169828,-0.244472,0.005709,0.0000,-0.285317,0.092705,0.000000,0.0000
9038.37,0.169831,-0.244743,0.005706,0.0000,-0.285317,0.092705,0.000000,0.0000
9043.84,0.169831,-0.244743,0.005706,0.0000,-0.285317,0.092705,0.000000,0.0000
9049.17,0.169780,-0.244978,0.005688,0.0000,-0.285317,0.092705,0.000000,0.0000
9054.91,0.169803,-0.245187,0.005673,0.0000,-0.285317,0.092705,0.000000,0.0000
9060.23,0.169803,-0.245187,0.005673,0.0000,-0.285317,0.092705,0.000000,0.0000
9065.57,0.169661,-0.245336,0.005673,0.0000,-0.285317,0.092705,0.000000,0.0000
9070.95,0.169562,-0.245497,0.005667,0.0000,-0.285317,0.092705,0.000000,0.0000
9076.28,0.169562,-0.245497,0.005667,0.0000,-0.285317,0.092705,0.000000,0.0000
9081.63,0.169496,-0.245552,0.005652,0.0000,-0.285317,0.092705,0.000000,0.0000
9087.11,0.169239,-0.245660,0.005660,0.0000,-0.285317,0.092705,0.000000,0.0000
9092.71,0.169239,-0.245660,0.005660,0.0000,-0.285317,0.092705,0.000000,0.0000
9098.04,0.168994,-0.245763,0.005634,0.0000,-0.285317,0.092705,0.000000,0.0000
9103.46,0.168994,-0.245763,0.005634,0.0000,-0.285317,0.092705,0.000000,0.0000
9108.82,0.168650,-0.245748,0.005662,0.0000,-0.285317,0.092705,0.000000,0.0000
9114.82,0.168451,-0.245773,0.005623,0.0000,-0.285317,0.092705,0.000000,0.0000
9120.39,0.167993,-0.245689,0.005641,0.0000,-0.285317,0.092705,0.000000,0.0000
9125.82,0.167993,-0.245689,0.005641,0.0000,-0.285317,0.092705,0.000000,0.0000
9131.17,0.167492,-0.245562,0.005633,0.0000,-0.285317,0.092705,0.000000,0.0000
9136.51,0.167492,-0.245562,0.005633,0.0000,-0.285317,0.092705,0.000000,0.0000
9141.96,0.167010,-0.245399,0.005647,0.0000,-0.285317,0.092705,0.000000,0.0000
9147.49,0.166485,-0.245268,0.005637,0.0000,-0.285317,0.092705,0.000000,0.0000
9153.08,0.166485,-0.245268,0.005637,0.0000,-0.285317,0.092705,0.000000,0.0000
9158.41,0.165973,-0.245088,0.005579,0.0000,-0.285317,0.092705,0.000000,0.0000
9163.70,0.165244,-0.244735,0.005583,0.0000,-0.285317,0.092705,0.000000,0.0000
9169.08,0.165244,-0.244735,0.005583,0.0000,-0.285317,0.092705,0.000000,0.0000
9174.46,0.164565,-0.244408,0.005532,0.0000,-0.285317,0.092705,0.000000,0.0000
9179.83,0.163788,-0.244064,0.005502,0.0000,-0.285317,0.092705,0.000000,0.0000
9185.19,0.163788,-0.244064,0.005502,0.0000,-0.285317,0.092705,0.000000,0.0000
9190.52,0.162950,-0.243604,0.005439,0.0000,-0.285317,0.092705,0.000000,0.0000
9195.55,0.162120,-0.243063,0.005418,0.0000,-0.285317,0.092705,0.000000,0.0000
9200.95,0.162120,-0.243063,0.005418,0.0000,-0.285317,0.092705,0.000000,0.0000
9206.29,0.161123,-0.242603,0.005327,0.0000,-0.285317,0.092705,0.000000,0.0000
9211.63,0.161123,-0.242603,0.005327,0.0000,-0.285317,0.092705,0.000000,0.0000
9217.01,0.160136,-0.242065,0.005354,0.0000,-0.285317,0.092705,0.000000,0.0000
9222.35,0.159061,-0.241467,0.005312,0.0000,-0.285317,0.092705,0.000000,0.0000
9227.70,0.159061,-0.241467,0.005312,0.0000,-0.285317,0.092705,0.000000,0.0000
9233.13,0.157884,-0.240870,0.005245,0.0000,-0.285317,0.092705,0.000000,0.0000
9238.46,0.156633,-0.240081,0.005185,0.0000,-0.285317,0.092705,0.000000,0.0000
9243.85,0.156633,-0.240081,0.005185,0.0000,-0.285317,0.092705,0.000000,0.0000
9249.23,0.155383,-0.239357,0.005136,0.0000,-0.285317,0.092705,0.000000,0.0000
9254.82,0.153934,-0.238510,0.005061,0.0000,-0.285317,0.092705,0.000000,0.0000
9260.15,0.153934,-0.238510,0.005061,0.0000,-0.285317,0.092705,0.000000,0.0000
9265.73,0.152573,-0.237594,0.004984,0.0000,-0.285317,0.092705,0.000000,0.0000
9271.07,0.151027,-0.236596,0.004935,0.0000,-0.285317,0.092705,0.000000,0.0000
9276.42,0.151027,-0.236596,0.004935,0.0000,-0.285317,0.092705,0.000000,0.0000
9282.09,0.149375,-0.235523,0.004873,0.0000,-0.285317,0.092705,0.000000,0.0000
9287.43,0.147555,-0.234419,0.004762,0.0000,-0.285317,0.092705,0.000000,0.0000
9292.83,0.147555,-0.234419,0.004762,0.0000,-0.285317,0.092705,0.000000,0.0000
9298.70,0.145656,-0.233233,0.004659,0.0000,-0.285317,0.092705,0.000000,0.0000
9304.08,0.143717,-0.231934,0.004484,0.0000,-0.285317,0.092705,0.000000,0.0000
9309.42,0.143717,-0.231934,0.004484,0.0000,-0.285317,0.092705,0.000000,0.0000
9315.18,0.141635,-0.230498,0.004497,0.0000,-0.285317,0.092705,0.000000,0.0000
9320.59,0.139549,-0.229075,0.004467,0.0000,-0.285317,0.092705,0.000000,0.0000
9326.00,0.139549,-0.229075,0.004467,0.0000,-0.285317,0.092705,0.000000,0.0000
9331.35,0.137336,-0.227562,0.004335,0.0000,-0.285317,0.092705,0.000000,0.0000
9336.70,0.137336,-0.227562,0.004335,0.0000,-0.285317,0.092705,0.000000,0.0000
9342.04,0.135014,-0.226032,0.004259,0.0000,-0.285317,0.092705,0.000000,0.0000
9347.45,0.132651,-0.224445,0.004207,0.0000,-0.285317,0.092705,0.000000,0.0000
9352.98,0.132651,-0.224445,0.004207,0.0000,-0.285317,0.092705,0.000000,0.0000
9358.34,0.130212,-0.222823,0.004171,0.0000,-0.285317,0.092705,0.000000,0.0000
9363.69,0.127666,-0.221085,0.004077,0.0000,-0.285317,0.092705,0.000000,0.0000
9369.08,0.127666,-0.221085,0.004077,0.0000,-0.285317,0.092705,0.000000,0.0000
9374.87,0.125017,-0.219276,0.003988,0.0000,-0.285317,0.092705,0.000000,0.0000
9380.21,0.122380,-0.217391,0.003962,0.0000,-0.285317,0.092705,0.000000,0.0000
9385.54,0.122380,-0.217391,0.003962,0.0000,-0.285317,0.092705,0.000000,0.0000
9390.88,0.119632,-0.215503,0.003912,0.0000,-0.285317,0.092705,0.000000,0.0000
9396.37,0.116717,-0.213470,0.003823,0.0000,-0.285317,0.092705,0.000000,0.0000
9402.32,0.116717,-0.213470,0.003823,0.0000,-0.285317,0.092705,0.000000,0.0000
9407.98,0.113806,-0.211405,0.003789,0.0000,-0.285317,0.092705,0.000000,0.0000
9413.48,0.110761,-0.209328,0.003791,0.0000,-0.285317,0.092705,0.000000,0.0000
9418.84,0.110761,-0.209328,0.003791,0.0000,-0.285317,0.092705,0.000000,0.0000
9424.17,0.107689,-0.207182,0.003741,0.0000,-0.285317,0.092705,0.000000,0.0000
9429.88,0.104666,-0.205070,0.003719,0.0000,-0.285317,0.092705,0.000000,0.0000
9435.19,0.104666,-0.205070,0.003719,0.0000,-0.285317,0.092705,0.000000,0.0000
9440.55,0.101488,-0.202792,0.003712,0.0000,-0.285317,0.092705,0.000000,0.0000
9445.87,0.098236,-0.200506,0.003659,0.0000,-0.285317,0.092705,0.000000,0.0000
9451.21,0.098236,-0.200506,0.003659,0.0000,-0.285317,0.092705,0.000000,0.0000
9456.71,0.094898,-0.198119,0.003633,0.0000,-0.285317,0.092705,0.000000,0.0000
9462.15,0.091460,-0.195624,0.003662,0.0000,-0.285317,0.092705,0.000000,0.0000
9467.51,0.091460,-0.195624,0.003662,0.0000,-0.285317,0.092705,0.000000,0.0000
9472.88,0.088035,-0.193126,0.003684,0.0000,-0.285317,0.092705,0.000000,0.0000
9478.20,0.088035,-0.193126,0.003684,0.0000,-0.285317,0.092705,0.000000,0.0000
9484.00,0.084522,-0.190576,0.003647,0.0000,-0.285317,0.092705,0.000000,0.0000
9489.37,0.081002,-0.187997,0.003780,0.0000,-0.285317,0.092705,0.000000,0.0000
9494.69,0.081002,-0.187997,0.003780,0.0000,-0.285317,0.092705,0.000000,0.0000
9500.03,0.077435,-0.185421,0.003726,0.0000,-0.285317,0.092705,0.000000,0.0000
9505.35,0.073774,-0.182722,0.003743,0.0000,-0.285317,0.092705,0.000000,0.0000
9510.67,0.073774,-0.182722,0.003743,0.0000,-0.285317,0.092705,0.000000,0.0000
9516.12,0.069993,-0.180006,0.003813,0.0000,-0.285317,0.092705,0.000000,0.0000
9521.59,0.066285,-0.177244,0.003813,0.0000,-0.285317,0.092705,0.000000,0.0000
9526.92,0.066285,-0.177244,0.003813,0.0000,-0.285317,0.092705,0.000000,0.0000
9532.24,0.062512,-0.174379,0.003851,0.0000,-0.285317,0.092705,0.000000,0.0000
9537.58,0.058662,-0.171492,0.003924,0.0000,-0.285317,0.092705,0.000000,0.0000
9542.96,0.058662,-0.171492,0.003924,0.0000,-0.285317,0.092705,0.000000,0.0000
9548.62,0.054836,-0.168599,0.003991,0.0000,-0.285317,0.092705,0.000000,0.0000
9553.97,0.050982,-0.165659,0.004081,0.0000,-0.285317,0.092705,0.000000,0.0000
9559.30,0.050982,-0.165659,0.004081,0.0000,-0.285317,0.092705,0.000000,0.0000
9564.64,0.047083,-0.162659,0.004197,0.0000,-0.285317,0.092705,0.000000,0.0000
9569.96,0.047083,-0.162659,0.004197,0.0000,-0.285317,0.092705,0.000000,0.0000
9575.28,0.043164,-0.159689,0.004180,0.0000,-0.285317,0.092705,0.000000,0.0000
9580.76,0.039257,-0.156742,0.004278,0.0000,-0.285317,0.092705,0.000000,0.0000
9586.46,0.039257,-0.156742,0.004278,0.0000,-0.285317,0.092705,0.000000,0.0000
9591.93,0.035248,-0.153649,0.004323,0.0000,-0.285317,0.092705,0.000000,0.0000
9597.30,0.031341,-0.150592,0.004381,0.0000,-0.285317,0.092705,0.000000,0.0000
9602.64,0.031341,-0.150592,0.004381,0.0000,-0.285317,0.092705,0.000000,0.0000
9608.23,0.027389,-0.147404,0.004497,0.0000,-0.285317,0.092705,0.000000,0.0000
9613.55,0.023429,-0.144215,0.004494,0.0000,-0.285317,0.092705,0.000000,0.0000
9618.83,0.023429,-0.144215,0.004494,0.0000,-0.285317,0.092705,0.000000,0.0000
9624.18,0.019410,-0.141100,0.004697,0.0000,-0.285317,0.092705,0.000000,0.0000
9629.90,0.015450,-0.137897,0.004734,0.0000,-0.285317,0.092705,0.000000,0.0000
9635.23,0.015450,-0.137897,0.004734,0.0000,-0.285317,0.092705,0.000000,0.0000
9640.57,0.011429,-0.134707,0.004887,0.0000,-0.285317,0.092705,0.000000,0.0000
9645.89,0.007507,-0.131518,0.004975,0.0000,-0.285317,0.092705,0.000000,0.0000
9651.21,0.007507,-0.131518,0.004975,0.0000,-0.285317,0.092705,0.000000,0.0000
9656.70,0.003554,-0.128269,0.005070,0.0000,-0.285317,0.092705,0.000000,0.0000
9662.21,-0.000376,-0.124970,0.005220,0.0000,-0.285317,0.092705,0.000000,0.0000
9667.63,-0.000376,-0.124970,0.005220,0.0000,-0.285317,0.092705,0.000000,0.0000
9672.95,-0.004431,-0.121678,0.005337,0.0000,-0.285317,0.092705,0.000000,0.0000
9678.26,-0.004431,-0.121678,0.005337,0.0000,-0.285317,0.092705,0.000000,0.0000
9683.66,-0.008388,-0.118412,0.005395,0.0000,-0.285317,0.092705,0.000000,0.0000
9689.07,-0.012372,-0.115070,0.005567,0.0000,-0.285317,0.092705,0.000000,0.0000
9694.44,-0.012372,-0.115070,0.005567,0.0000,-0.285317,0.092705,0.000000,0.0000
9699.76,-0.016277,-0.111735,0.005576,0.0000,-0.285317,0.092705,0.000000,0.0000
9705.12,-0.020062,-0.108461,0.005732,0.0000,-0.285317,0.092705,0.000000,0.0000
9710.49,-0.020062,-0.108461,0.005732,0.0000,-0.285317,0.092705,0.000000,0.0000
9715.82,-0.023944,-0.105123,0.005766,0.0000,-0.285317,0.092705,0.000000,0.0000
9721.20,-0.027854,-0.101806,0.005929,0.0000,-0.285317,0.092705,0.000000,0.0000
9726.60,-0.027854,-0.101806,0.005929,0.0000,-0.285317,0.092705,0.000000,0.0000
9731.94,-0.031755,-0.098344,0.006066,0.0000,-0.285317,0.092705,0.000000,0.0000
9737.30,-0.035529,-0.095028,0.006128,0.0000,-0.285317,0.092705,0.000000,0.0000
9742.62,-0.035529,-0.095028,0.006128,0.0000,-0.285317,0.092705,0.000000,0.0000
9748.01,-0.039276,-0.091726,0.006259,0.0000,-0.285317,0.092705,0.000000,0.0000
9753.73,-0.042968,-0.088448,0.006341,0.0000,-0.285317,0.092705,0.000000,0.0000
9759.16,-0.042968,-0.088448,0.006341,0.0000,-0.285317,0.092705,0.000000,0.0000
9764.49,-0.046791,-0.085030,0.006452,0.0000,-0.285317,0.092705,0.000000,0.0000
9769.82,-0.046791,-0.085030,0.006452,0.0000,-0.285317,0.092705,0.000000,0.0000
9775.19,-0.050527,-0.081635,0.006570,0.0000,-0.285317,0.092705,0.000000,0.0000
9780.76,-0.054171,-0.078220,0.006691,0.0000,-0.285317,0.092705,0.000000,0.0000
9786.09,-0.054171,-0.078220,0.006691,0.0000,-0.285317,0.092705,0.000000,0.0000
9791.57,-0.057792,-0.074889,0.006752,0.0000,-0.285317,0.092705,0.000000,0.0000
9796.92,-0.061383,-0.071637,0.006766,0.0000,-0.285317,0.092705,0.000000,0.0000
9802.24,-0.061383,-0.071637,0.006766,0.0000,-0.285317,0.092705,0.000000,0.0000
9807.90,-0.064991,-0.068274,0.006888,0.0000,-0.285317,0.092705,0.000000,0.0000
9813.23,-0.068558,-0.064872,0.006961,0.0000,-0.285317,0.092705,0.000000,0.0000
9818.55,-0.068558,-0.064872,0.006961,0.0000,-0.285317,0.092705,0.000000,0.0000
9823.89,-0.072060,-0.061676,0.007001,0.0000,-0.285317,0.092705,0.000000,0.0000
9829.25,-0.075504,-0.058435,0.007050,0.0000,-0.285317,0.092705,0.000000,0.0000
9834.58,-0.075504,-0.058435,0.007050,0.0000,-0.285317,0.092705,0.000000,0.0000
9840.06,-0.078980,-0.055213,0.007044,0.0000,-0.285317,0.092705,0.000000,0.0000
9845.46,-0.082319,-0.051991,0.007126,0.0000,-0.285317,0.092705,0.000000,0.0000
9850.85,-0.082319,-0.051991,0.007126,0.0000,-0.285317,0.092705,0.000000,0.0000
9856.23,-0.085771,-0.048737,0.007159,0.0000,-0.285317,0.092705,0.000000,0.0000
9861.59,-0.085771,-0.048737,0.007159,0.0000,-0.285317,0.092705,0.000000,0.0000
9866.98,-0.089054,-0.045554,0.007158,0.0000,-0.285317,0.092705,0.000000,0.0000
9872.44,-0.092374,-0.042385,0.007139,0.0000,-0.285317,0.092705,0.000000,0.0000
9877.76,-0.092374,-0.042385,0.007139,0.0000,-0.285317,0.092705,0.000000,0.0000
9883.10,-0.095612,-0.039162,0.007188,0.0000,-0.285317,0.092705,0.000000,0.0000
9888.46,-0.098811,-0.036104,0.007183,0.0000,-0.285317,0.092705,0.000000,0.0000
9894.28,-0.098811,-0.036104,0.007183,0.0000,-0.285317,0.092705,0.000000,0.0000
9899.83,-0.102015,-0.032989,0.007160,0.0000,-0.285317,0.092705,0.000000,0.0000
9905.16,-0.105220,-0.029905,0.007107,0.0000,-0.285317,0.092705,0.000000,0.0000
9910.54,-0.105220,-0.029905,0.007107,0.0000,-0.285317,0.092705,0.000000,0.0000
9915.91,-0.108376,-0.026885,0.007081,0.0000,-0.285317,0.092705,0.000000,0.0000
9921.24,-0.111430,-0.023832,0.007037,0.0000,-0.285317,0.092705,0.000000,0.0000
9926.66,-0.111430,-0.023832,0.007037,0.0000,-0.285317,0.092705,0.000000,0.0000
9932.30,-0.114561,-0.020869,0.006977,0.0000,-0.285317,0.092705,0.000000,0.0000
9937.62,-0.117542,-0.017967,0.006973,0.0000,-0.285317,0.092705,0.000000,0.0000
9942.94,-0.117542,-0.017967,0.006973,0.0000,-0.285317,0.092705,0.000000,0.0000
9948.60,-0.120534,-0.015091,0.006851,0.0000,-0.285317,0.092705,0.000000,0.0000
9954.07,-0.123463,-0.012299,0.006817,0.0000,-0.285317,0.092705,0.000000,0.0000
9959.56,-0.123463,-0.012299,0.006817,0.0000,-0.285317,0.092705,0.000000,0.0000
9964.93,-0.126404,-0.009487,0.006804,0.0000,-0.285317,0.092705,0.000000,0.0000
9970.30,-0.129271,-0.006643,0.006708,0.0000,-0.285317,0.092705,0.000000,0.0000
9975.90,-0.129271,-0.006643,0.006708,0.0000,-0.285317,0.092705,0.000000,0.0000
9981.32,-0.132134,-0.003889,0.006700,0.0000,-0.285317,0.092705,0.000000,0.0000
9986.77,-0.132134,-0.003889,0.006700,0.0000,-0.285317,0.092705,0.000000,0.0000
9992.15,-0.134981,-0.001192,0.006600,0.0000,-0.285317,0.092705,0.000000,0.0000
9997.85,-0.137713,0.001488,0.006484,0.0000,-0.285317,0.092705,0.000000,0.0000
10003.23,-0.137713,0.001488,0.006484,0.0000,-0.285317,0.092705,0.000000,0.0000
10008.55,-0.140397,0.004100,0.006478,0.0000,-0.285317,0.092705,0.000000,0.0000
10013.90,-0.143124,0.006670,0.006341,0.0000,-0.285317,0.092705,0.000000,0.0000
10019.21,-0.143124,0.006670,0.006341,0.0000,-0.285317,0.092705,0.000000,0.0000
10024.61,-0.145708,0.009181,0.006307,0.0000,-0.285317,0.092705,0.000000,0.0000
10029.94,-0.148362,0.011754,0.006285,0.0000,-0.285317,0.092705,0.000000,0.0000
10035.37,-0.148362,0.011754,0.006285,0.0000,-0.285317,0.092705,0.000000,0.0000
10040.70,-0.150959,0.014148,0.006217,0.0000,-0.285317,0.092705,0.000000,0.0000
10046.02,-0.153414,0.016527,0.006183,0.0000,-0.285317,0.092705,0.000000,0.0000
10051.34,-0.153414,0.016527,0.006183,0.0000,-0.285317,0.092705,0.000000,0.0000
10057.03,-0.155954,0.018841,0.006096,0.0000,-0.285317,0.092705,0.000000,0.0000
10062.36,-0.158343,0.021100,0.005976,0.0000,-0.285317,0.092705,0.000000,0.0000
10067.68,-0.158343,0.021100,0.005976,0.0000,-0.285317,0.092705,0.000000,0.0000
10073.00,-0.160783,0.023334,0.006070,0.0000,-0.285317,0.092705,0.000000,0.0000
10078.34,-0.160783,0.023334,0.006070,0.0000,-0.285317,0.092705,0.000000,0.0000
10083.66,-0.163074,0.025541,0.005951,0.0000,-0.285317,0.092705,0.000000,0.0000
10089.08,-0.165429,0.027648,0.005843,0.0000,-0.285317,0.092705,0.000000,0.0000
10094.40,-0.165429,0.027648,0.005843,0.0000,-0.285317,0.092705,0.000000,0.0000
10105.44,-0.169950,0.031708,0.005722,0.0000,-0.285317,0.092705,0.000000,0.0000
10110.77,-0.169950,0.031708,0.005722,0.0000,-0.285317,0.092705,0.000000,0.0000
10116.34,-0.172162,0.033643,0.005644,0.0000,-0.285317,0.092705,0.000000,0.0000
10121.67,-0.174319,0.035514,0.005596,0.0000,-0.285317,0.092705,0.000000,0.0000
10126.99,-0.174319,0.035514,0.005596,0.0000,-0.285317,0.092705,0.000000,0.0000
10132.35,-0.176456,0.037356,0.005539,0.0000,-0.285317,0.092705,0.000000,0.0000
10137.71,-0.178635,0.039147,0.005488,0.0000,-0.285317,0.092705,0.000000,0.0000
10143.06,-0.178635,0.039147,0.005488,0.0000,-0.285317,0.092705,0.000000,0.0000
10148.45,-0.180743,0.040918,0.005456,0.0000,-0.285317,0.092705,0.000000,0.0000
10153.88,-0.182763,0.042622,0.005393,0.0000,-0.285317,0.092705,0.000000,0.0000
10159.24,-0.182763,0.042622,0.005393,0.0000,-0.285317,0.092705,0.000000,0.0000
10164.65,-0.184839,0.044310,0.005394,0.0000,-0.285317,0.092705,0.000000,0.0000
10169.94,-0.184839,0.044310,0.005394,0.0000,-0.285317,0.092705,0.000000,0.0000
10175.32,-0.186842,0.045967,0.005305,0.0000,-0.285317,0.092705,0.000000,0.0000
10180.88,-0.188755,0.047568,0.005240,0.0000,-0.285317,0.092705,0.000000,0.0000
10186.19,-0.188755,0.047568,0.005240,0.0000,-0.285317,0.092705,0.000000,0.0000
10191.56,-0.190651,0.049200,0.005296,0.0000,-0.285317,0.092705,0.000000,0.0000
10196.88,-0.192541,0.050682,0.005283,0.0000,-0.285317,0.092705,0.000000,0.0000
10202.54,-0.192541,0.050682,0.005283,0.0000,-0.285317,0.092705,0.000000,0.0000
10207.88,-0.194376,0.052151,0.005251,0.0000,-0.285317,0.092705,0.000000,0.0000
10213.27,-0.196194,0.053540,0.005231,0.0000,-0.285317,0.092705,0.000000,0.0000
10218.64,-0.196194,0.053540,0.005231,0.0000,-0.285317,0.092705,0.000000,0.0000
10223.95,-0.197997,0.054916,0.005281,0.0000,-0.285317,0.092705,0.000000,0.0000
10229.33,-0.199733,0.056226,0.005285,0.0000,-0.285317,0.092705,0.000000,0.0000
10234.68,-0.199733,0.056226,0.005285,0.0000,-0.285317,0.092705,0.000000,0.0000
10240.42,-0.201535,0.057536,0.005274,0.0000,-0.285317,0.092705,0.000000,0.0000
10245.70,-0.203215,0.058837,0.005281,0.0000,-0.285317,0.092705,0.000000,0.0000
10251.05,-0.203215,0.058837,0.005281,0.0000,-0.285317,0.092705,0.000000,0.0000
10256.42,-0.204925,0.060069,0.005316,0.0000,-0.285317,0.092705,0.000000,0.0000
10261.89,-0.206550,0.061346,0.005355,0.0000,-0.285317,0.092705,0.000000,0.0000
10267.26,-0.206550,0.061346,0.005355,0.0000,-0.285317,0.092705,0.000000,0.0000
10272.59,-0.208137,0.062484,0.005378,0.0000,-0.285317,0.092705,0.000000,0.0000
10277.89,-0.208137,0.062484,0.005378,0.0000,-0.285317,0.092705,0.000000,0.0000
10283.29,-0.209722,0.063610,0.005429,0.0000,-0.285317,0.092705,0.000000,0.0000
10288.64,-0.211213,0.064668,0.005381,0.0000,-0.285317,0.092705,0.000000,0.0000
10293.94,-0.211213,0.064668,0.005381,0.0000,-0.285317,0.092705,0.000000,0.0000
10299.60,-0.212814,0.065726,0.005500,0.0000,-0.285317,0.092705,0.000000,0.0000
10305.17,-0.214330,0.066729,0.005541,0.0000,-0.285317,0.092705,0.000000,0.0000
10310.53,-0.214330,0.066729,0.005541,0.0000,-0.285317,0.092705,0.000000,0.0000
10315.82,-0.215821,0.067646,0.005566,0.0000,-0.285317,0.092705,0.000000,0.0000
10321.31,-0.217241,0.068604,0.005631,0.0000,-0.285317,0.092705,0.000000,0.0000
10326.68,-0.217241,0.068604,0.005631,0.0000,-0.285317,0.092705,0.000000,0.0000
10332.04,-0.218628,0.069593,0.005658,0.0000,-0.285317,0.092705,0.000000,0.0000
10337.36,-0.219990,0.070526,0.005766,0.0000,-0.285317,0.092705,0.000000,0.0000
10342.77,-0.219990,0.070526,0.005766,0.0000,-0.285317,0.092705,0.000000,0.0000
10348.22,-0.221379,0.071384,0.005795,0.0000,-0.285317,0.092705,0.000000,0.0000
10353.63,-0.222724,0.072286,0.005822,0.0000,-0.285317,0.092705,0.000000,0.0000
10359.10,-0.222724,0.072286,0.005822,0.0000,-0.285317,0.092705,0.000000,0.0000
10364.44,-0.224055,0.073124,0.005890,0.0000,-0.285317,0.092705,0.000000,0.0000
10369.76,-0.224055,0.073124,0.005890,0.0000,-0.285317,0.092705,0.000000,0.0000
10375.14,-0.225357,0.073937,0.005907,0.0000,-0.285317,0.092705,0.000000,0.0000
10380.70,-0.226698,0.074751,0.006005,0.0000,-0.285317,0.092705,0.000000,0.0000
10386.06,-0.226698,0.074751,0.006005,0.0000,-0.285317,0.092705,0.000000,0.0000
10391.51,-0.227887,0.075539,0.005990,0.0000,-0.285317,0.092705,0.000000,0.0000
10396.83,-0.229162,0.076376,0.006082,0.0000,-0.285317,0.092705,0.000000,0.0000
10402.15,-0.229162,0.076376,0.006082,0.0000,-0.285317,0.092705,0.000000,0.0000
10407.78,-0.230304,0.077092,0.006084,0.0000,-0.285317,0.092705,0.000000,0.0000
10413.17,-0.231554,0.077796,0.006154,0.0000,-0.285317,0.092705,0.000000,0.0000
10418.49,-0.231554,0.077796,0.006154,0.0000,-0.285317,0.092705,0.000000,0.0000
10423.78,-0.232617,0.078543,0.006169,0.0000,-0.285317,0.092705,0.000000,0.0000
10429.10,-0.233846,0.079273,0.006268,0.0000,-0.285317,0.092705,0.000000,0.0000
10434.43,-0.233846,0.079273,0.006268,0.0000,-0.285317,0.092705,0.000000,0.0000
10440.23,-0.234962,0.079911,0.006257,0.0000,-0.285317,0.092705,0.000000,0.0000
10445.59,-0.236127,0.080600,0.006303,0.0000,-0.285317,0.092705,0.000000,0.0000
10450.88,-0.236127,0.080600,0.006303,0.0000,-0.285317,0.092705,0.000000,0.0000
10456.65,-0.237248,0.081258,0.006343,0.0000,-0.285317,0.092705,0.000000,0.0000
10461.99,-0.238319,0.081980,0.006389,0.0000,-0.285317,0.092705,0.000000,0.0000
10467.35,-0.238319,0.081980,0.006389,0.0000,-0.285317,0.092705,0.000000,0.0000
10472.69,-0.239397,0.082660,0.006425,0.0000,-0.285317,0.092705,0.000000,0.0000
10478.03,-0.239397,0.082660,0.006425,0.0000,-0.285317,0.092705,0.000000,0.0000
10483.38,-0.240437,0.083323,0.006426,0.0000,-0.285317,0.092705,0.000000,0.0000
10488.70,-0.241514,0.083966,0.006436,0.0000,-0.285317,0.092705,0.000000,0.0000
10494.02,-0.241514,0.083966,0.006436,0.0000,-0.285317,0.092705,0.000000,0.0000
10499.34,-0.242540,0.084630,0.006479,0.0000,-0.285317,0.092705,0.000000,0.0000
10504.70,-0.243528,0.085289,0.006526,0.0000,-0.285317,0.092705,0.000000,0.0000
10510.71,-0.243528,0.085289,0.006526,0.0000,-0.285317,0.092705,0.000000,0.0000
10516.08,-0.244515,0.085914,0.006548,0.0000,-0.285317,0.092705,0.000000,0.0000
10521.46,-0.245511,0.086532,0.006536,0.0000,-0.285317,0.092705,0.000000,0.0000
10526.78,-0.245511,0.086532,0.006536,0.0000,-0.285317,0.092705,0.000000,0.0000
10532.10,-0.246510,0.087103,0.006554,0.0000,-0.285317,0.092705,0.000000,0.0000
10537.44,-0.247519,0.087688,0.006560,0.0000,-0.285317,0.092705,0.000000,0.0000
10542.76,-0.247519,0.087688,0.006560,0.0000,-0.285317,0.092705,0.000000,0.0000
10548.09,-0.248515,0.088369,0.006588,0.0000,-0.285317,0.092705,0.000000,0.0000
10553.62,-0.249381,0.088942,0.006613,0.0000,-0.285317,0.092705,0.000000,0.0000
10559.16,-0.249381,0.088942,0.006613,0.0000,-0.285317,0.092705,0.000000,0.0000
10564.52,-0.250359,0.089570,0.006586,0.0000,-0.285317,0.092705,0.000000,0.0000
10569.89,-0.250359,0.089570,0.006586,0.0000,-0.285317,0.092705,0.000000,0.0000
10575.25,-0.251275,0.090194,0.006582,0.0000,-0.285317,0.092705,0.000000,0.0000
10580.77,-0.252158,0.090824,0.006565,0.0000,-0.285317,0.092705,0.000000,0.0000
10586.09,-0.252158,0.090824,0.006565,0.0000,-0.285317,0.092705,0.000000,0.0000
10591.50,-0.253082,0.091490,0.006576,0.0000,-0.285317,0.092705,0.000000,0.0000
10596.85,-0.253936,0.092162,0.006618,0.0000,-0.285317,0.092705,0.000000,0.0000
10602.23,-0.253936,0.092162,0.006618,0.0000,-0.285317,0.092705,0.000000,0.0000
10607.55,-0.254773,0.092743,0.006580,0.0000,-0.285317,0.092705,0.000000,0.0000
10613.16,-0.255644,0.093438,0.006591,0.0000,-0.285317,0.092705,0.000000,0.0000
10618.49,-0.255644,0.093438,0.006591,0.0000,-0.285317,0.092705,0.000000,0.0000
10623.77,-0.256528,0.094087,0.006568,0.0000,-0.285317,0.092705,0.000000,0.0000
10629.11,-0.257378,0.094672,0.006547,0.0000,-0.285317,0.092705,0.000000,0.0000
10634.47,-0.257378,0.094672,0.006547,0.0000,-0.285317,0.092705,0.000000,0.0000
10639.80,-0.258223,0.095364,0.006577,0.0000,-0.285317,0.092705,0.000000,0.0000
10645.27,-0.259052,0.095978,0.006563,0.0000,-0.285317,0.092705,0.000000,0.0000
10650.70,-0.259052,0.095978,0.006563,0.0000,-0.285317,0.092705,0.000000,0.0000
10656.06,-0.259874,0.096679,0.006561,0.0000,-0.285317,0.092705,0.000000,0.0000
10661.53,-0.259874,0.096679,0.006561,0.0000,-0.285317,0.092705,0.000000,0.0000
10666.89,-0.260697,0.097347,0.006597,0.0000,-0.285317,0.092705,0.000000,0.0000
10672.40,-0.261559,0.097993,0.006562,0.0000,-0.285317,0.092705,0.000000,0.0000
10677.72,-0.261559,0.097993,0.006562,0.0000,-0.285317,0.092705,0.000000,0.0000
10683.05,-0.262297,0.098668,0.006577,0.0000,-0.285317,0.092705,0.000000,0.0000
10688.40,-0.263101,0.099304,0.006572,0.0000,-0.285317,0.092705,0.000000,0.0000
10693.76,-0.263101,0.099304,0.006572,0.0000,-0.285317,0.092705,0.000000,0.0000
10699.09,-0.263892,0.100027,0.006562,0.0000,-0.285317,0.092705,0.000000,0.0000
10704.84,-0.264628,0.100631,0.006586,0.0000,-0.285317,0.092705,0.000000,0.0000
10710.15,-0.264628,0.100631,0.006586,0.0000,-0.285317,0.092705,0.000000,0.0000
10715.71,-0.265384,0.101391,0.006553,0.0000,-0.285317,0.092705,0.000000,0.0000
10721.04,-0.266095,0.102045,0.006578,0.0000,-0.285317,0.092705,0.000000,0.0000
10726.42,-0.266095,0.102045,0.006578,0.0000,-0.285317,0.092705,0.000000,0.0000
10732.00,-0.266896,0.102713,0.006602,0.0000,-0.285317,0.092705,0.000000,0.0000
10737.34,-0.267648,0.103432,0.006553,0.0000,-0.285317,0.092705,0.000000,0.0000
10742.70,-0.267648,0.103432,0.006553,0.0000,-0.285317,0.092705,0.000000,0.0000
10748.08,-0.268336,0.104132,0.006570,0.0000,-0.285317,0.092705,0.000000,0.0000
10753.98,-0.269120,0.104865,0.006571,0.0000,-0.285317,0.092705,0.000000,0.0000
10759.57,-0.269120,0.104865,0.006571,0.0000,-0.285317,0.092705,0.000000,0.0000
10764.88,-0.269802,0.105536,0.006558,0.0000,-0.285317,0.092705,0.000000,0.0000
10770.21,-0.269802,0.105536,0.006558,0.0000,-0.285317,0.092705,0.000000,0.0000
10775.57,-0.270478,0.106270,0.006543,0.0000,-0.285317,0.092705,0.000000,0.0000
10780.96,-0.271198,0.106969,0.006535,0.0000,-0.285317,0.092705,0.000000,0.0000
10786.34,-0.271198,0.106969,0.006535,0.0000,-0.285317,0.092705,0.000000,0.0000
10791.78,-0.271864,0.107710,0.006537,0.0000,-0.285317,0.092705,0.000000,0.0000
10797.43,-0.272521,0.108437,0.006512,0.0000,-0.285317,0.092705,0.000000,0.0000
10802.76,-0.272521,0.108437,0.006512,0.0000,-0.285317,0.092705,0.000000,0.0000
10808.21,-0.273172,0.109184,0.006481,0.0000,-0.285317,0.092705,0.000000,0.0000
10813.57,-0.273856,0.109889,0.006444,0.0000,-0.285317,0.092705,0.000000,0.0000
10819.18,-0.273856,0.109889,0.006444,0.0000,-0.285317,0.092705,0.000000,0.0000
10824.64,-0.274524,0.110600,0.006455,0.0000,-0.285317,0.092705,0.000000,0.0000
10829.94,-0.275141,0.111299,0.006407,0.0000,-0.285317,0.092705,0.000000,0.0000
10835.29,-0.275141,0.111299,0.006407,0.0000,-0.285317,0.092705,0.000000,0.0000
10840.62,-0.275792,0.111981,0.006411,0.0000,-0.285317,0.092705,0.000000,0.0000
10845.95,-0.276444,0.112681,0.006319,0.0000,-0.285317,0.092705,0.000000,0.0000
10851.31,-0.276444,0.112681,0.006319,0.0000,-0.285317,0.092705,0.000000,0.0000
10856.90,-0.276998,0.113397,0.006303,0.0000,-0.285317,0.092705,0.000000,0.0000
10862.27,-0.277642,0.114142,0.006239,0.0000,-0.285317,0.092705,0.000000,0.0000
10867.64,-0.277642,0.114142,0.006239,0.0000,-0.285317,0.092705,0.000000,0.0000
10872.94,-0.278315,0.114873,0.006237,0.0000,-0.285317,0.092705,0.000000,0.0000
10878.29,-0.278315,0.114873,0.006237,0.0000,-0.285317,0.092705,0.000000,0.0000
10883.63,-0.278810,0.115581,0.006207,0.0000,-0.285317,0.092705,0.000000,0.0000
10889.26,-0.279410,0.116373,0.006154,0.0000,-0.285317,0.092705,0.000000,0.0000
10894.60,-0.279410,0.116373,0.006154,0.0000,-0.285317,0.092705,0.000000,0.0000
10899.96,-0.280049,0.117032,0.006156,0.0000,-0.285317,0.092705,0.000000,0.0000
10905.33,-0.280626,0.117706,0.006131,0.0000,-0.285317,0.092705,0.000000,0.0000
10910.66,-0.280626,0.117706,0.006131,0.0000,-0.285317,0.092705,0.000000,0.0000
10916.26,-0.281281,0.118406,0.006091,0.0000,-0.285317,0.092705,0.000000,0.0000
10921.88,-0.281794,0.119113,0.006056,0.0000,-0.285317,0.092705,0.000000,0.0000
10927.24,-0.281794,0.119113,0.006056,0.0000,-0.285317,0.092705,0.000000,0.0000
10932.91,-0.282375,0.119788,0.005994,0.0000,-0.285317,0.092705,0.000000,0.0000
10938.38,-0.282902,0.120450,0.005949,0.0000,-0.285317,0.092705,0.000000,0.0000
10943.70,-0.282902,0.120450,0.005949,0.0000,-0.285317,0.092705,0.000000,0.0000
10949.06,-0.283407,0.121141,0.005932,0.0000,-0.285317,0.092705,0.000000,0.0000
10954.39,-0.283916,0.121799,0.005916,0.0000,-0.285317,0.092705,0.000000,0.0000
10959.71,-0.283916,0.121799,0.005916,0.0000,-0.285317,0.092705,0.000000,0.0000
10965.08,-0.284471,0.122480,0.005942,0.0000,-0.285317,0.092705,0.000000,0.0000
10970.45,-0.285048,0.123120,0.005959,0.0000,-0.285317,0.092705,0.000000,0.0000
10975.88,-0.285048,0.123120,0.005959,0.0000,-0.285317,0.092705,0.000000,0.0000
10981.28,-0.285553,0.123699,0.005891,0.0000,-0.285317,0.092705,0.000000,0.0000
10986.68,-0.285553,0.123699,0.005891,0.0000,-0.285317,0.092705,0.000000,0.0000
10992.37,-0.286066,0.124344,0.005856,0.0000,-0.285317,0.092705,0.000000,0.0000
10997.70,-0.286615,0.124960,0.005850,0.0000,-0.285317,0.092705,0.000000,0.0000
11003.12,-0.286615,0.124960,0.005850,0.0000,-0.285317,0.092705,0.000000,0.0000
11008.45,-0.287140,0.125601,0.005831,0.0000,-0.285317,0.092705,0.000000,0.0000
11013.76,-0.287565,0.126238,0.005837,0.0000,-0.285317,0.092705,0.000000,0.0000
11019.09,-0.287565,0.126238,0.005837,0.0000,-0.285317,0.092705,0.000000,0.0000
11025.04,-0.288095,0.126794,0.005805,0.0000,-0.285317,0.092705,0.000000,0.0000
11030.42,-0.288517,0.127363,0.005785,0.0000,-0.285317,0.092705,0.000000,0.0000
11035.77,-0.288517,0.127363,0.005785,0.0000,-0.285317,0.092705,0.000000,0.0000
11041.34,-0.289021,0.127914,0.005804,0.0000,-0.285317,0.092705,0.000000,0.0000
11046.69,-0.289558,0.128448,0.005791,0.0000,-0.285317,0.092705,0.000000,0.0000
11052.03,-0.289558,0.128448,0.005791,0.0000,-0.285317,0.092705,0.000000,0.0000
11057.41,-0.290052,0.128986,0.005766,0.0000,-0.285317,0.092705,0.000000,0.0000
11062.76,-0.290519,0.129509,0.005749,0.0000,-0.285317,0.092705,0.000000,0.0000
11068.13,-0.290519,0.129509,0.005749,0.0000,-0.285317,0.092705,0.000000,0.0000
11073.64,-0.290971,0.130016,0.005728,0.0000,-0.285317,0.092705,0.000000,0.0000
11078.95,-0.291486,0.130476,0.005733,0.0000,-0.285317,0.092705,0.000000,0.0000
11084.33,-0.291486,0.130476,0.005733,0.0000,-0.285317,0.092705,0.000000,0.0000
11089.67,-0.291891,0.130991,0.005727,0.0000,-0.285317,0.092705,0.000000,0.0000
11095.01,-0.291891,0.130991,0.005727,0.0000,-0.285317,0.092705,0.000000,0.0000
11100.35,-0.292297,0.131447,0.005669,0.0000,-0.285317,0.092705,0.000000,0.0000
11106.27,-0.292718,0.131846,0.005649,0.0000,-0.285317,0.092705,0.000000,0.0000
11111.61,-0.292718,0.131846,0.005649,0.0000,-0.285317,0.092705,0.000000,0.0000
11116.98,-0.293156,0.132295,0.005647,0.0000,-0.285317,0.092705,0.000000,0.0000
11122.37,-0.293546,0.132789,0.005666,0.0000,-0.285317,0.092705,0.000000,0.0000
11127.71,-0.293546,0.132789,0.005666,0.0000,-0.285317,0.092705,0.000000,0.0000
11133.11,-0.293988,0.133224,0.005623,0.0000,-0.285317,0.092705,0.000000,0.0000
11138.46,-0.294458,0.133638,0.005619,0.0000,-0.285317,0.092705,0.000000,0.0000
11143.89,-0.294458,0.133638,0.005619,0.0000,-0.285317,0.092705,0.000000,0.0000
11149.23,-0.294842,0.134005,0.005555,0.0000,-0.285317,0.092705,0.000000,0.0000
11154.77,-0.295255,0.134380,0.005494,0.0000,-0.285317,0.092705,0.000000,0.0000
11160.13,-0.295255,0.134380,0.005494,0.0000,-0.285317,0.092705,0.000000,0.0000
11165.53,-0.295641,0.134794,0.005453,0.0000,-0.285317,0.092705,0.000000,0.0000
11170.88,-0.296028,0.135152,0.005400,0.0000,-0.285317,0.092705,0.000000,0.0000
11176.29,-0.296028,0.135152,0.005400,0.0000,-0.285317,0.092705,0.000000,0.0000
11181.77,-0.296527,0.135479,0.005418,0.0000,-0.285317,0.092705,0.000000,0.0000
11187.14,-0.296954,0.135806,0.005415,0.0000,-0.285317,0.092705,0.000000,0.0000
11192.52,-0.296954,0.135806,0.005415,0.0000,-0.285317,0.092705,0.000000,0.0000
11197.87,-0.297409,0.136129,0.005390,0.0000,-0.285317,0.092705,0.000000,0.0000
11203.20,-0.297409,0.136129,0.005390,0.0000,-0.285317,0.092705,0.000000,0.0000
11208.98,-0.297803,0.136453,0.005325,0.0000,-0.285317,0.092705,0.000000,0.0000
11214.36,-0.298168,0.136777,0.005267,0.0000,-0.285317,0.092705,0.000000,0.0000
11219.79,-0.298168,0.136777,0.005267,0.0000,-0.285317,0.092705,0.000000,0.0000
11225.14,-0.298528,0.137043,0.005209,0.0000,-0.285317,0.092705,0.000000,0.0000
11230.70,-0.298965,0.137295,0.005210,0.0000,-0.285317,0.092705,0.000000,0.0000
11236.04,-0.298965,0.137295,0.005210,0.0000,-0.285317,0.092705,0.000000,0.0000
11241.44,-0.299407,0.137610,0.005202,0.0000,-0.285317,0.092705,0.000000,0.0000
11246.84,-0.299796,0.137854,0.005124,0.0000,-0.285317,0.092705,0.000000,0.0000
11252.18,-0.299796,0.137854,0.005124,0.0000,-0.285317,0.092705,0.000000,0.0000
11257.62,-0.300148,0.138064,0.005078,0.0000,-0.285317,0.092705,0.000000,0.0000
11263.14,-0.300526,0.138247,0.005060,0.0000,-0.285317,0.092705,0.000000,0.0000
11268.49,-0.300526,0.138247,0.005060,0.0000,-0.285317,0.092705,0.000000,0.0000
11273.82,-0.300851,0.138503,0.005027,0.0000,-0.285317,0.092705,0.000000,0.0000
11279.18,-0.301176,0.138717,0.004944,0.0000,-0.285317,0.092705,0.000000,0.0000
11284.53,-0.301176,0.138717,0.004944,0.0000,-0.285317,0.092705,0.000000,0.0000
11289.88,-0.301562,0.138949,0.004914,0.0000,-0.285317,0.092705,0.000000,0.0000
11295.35,-0.301944,0.139140,0.004867,0.0000,-0.285317,0.092705,0.000000,0.0000
11300.70,-0.301944,0.139140,0.004867,0.0000,-0.285317,0.092705,0.000000,0.0000
11306.03,-0.302325,0.139263,0.004829,0.0000,-0.285317,0.092705,0.000000,0.0000
11312.06,-0.302716,0.139483,0.004843,0.0000,-0.285317,0.092705,0.000000,0.0000
11317.38,-0.302716,0.139483,0.004843,0.0000,-0.285317,0.092705,0.000000,0.0000
11322.70,-0.303086,0.139650,0.004795,0.0000,-0.285317,0.092705,0.000000,0.0000
11328.05,-0.303086,0.139650,0.004795,0.0000,-0.285317,0.092705,0.000000,0.0000
11333.40,-0.303455,0.139798,0.004761,0.0000,-0.285317,0.092705,0.000000,0.0000
11338.92,-0.303878,0.140040,0.004807,0.0000,-0.285317,0.092705,0.000000,0.0000
11344.30,-0.303878,0.140040,0.004807,0.0000,-0.285317,0.092705,0.000000,0.0000
11349.76,-0.304206,0.140096,0.004715,0.0000,-0.285317,0.092705,0.000000,0.0000
11355.12,-0.304537,0.140221,0.004690,0.0000,-0.285317,0.092705,0.000000,0.0000
11360.49,-0.304537,0.140221,0.004690,0.0000,-0.285317,0.092705,0.000000,0.0000
11365.83,-0.304927,0.140357,0.004723,0.0000,-0.285317,0.092705,0.000000,0.0000
11371.36,-0.305254,0.140518,0.004695,0.0000,-0.285317,0.092705,0.000000,0.0000
11376.69,-0.305254,0.140518,0.004695,0.0000,-0.285317,0.092705,0.000000,0.0000
11382.03,-0.305609,0.140600,0.004681,0.0000,-0.285317,0.092705,0.000000,0.0000
11387.39,-0.306009,0.140708,0.004706,0.0000,-0.285317,0.092705,0.000000,0.0000
11392.70,-0.306009,0.140708,0.004706,0.0000,-0.285317,0.092705,0.000000,0.0000
11398.08,-0.306341,0.140859,0.004696,0.0000,-0.285317,0.092705,0.000000,0.0000
11403.56,-0.306633,0.140921,0.004658,0.0000,-0.285317,0.092705,0.000000,0.0000
11408.94,-0.306633,0.140921,0.004658,0.0000,-0.285317,0.092705,0.000000,0.0000
11414.56,-0.306938,0.141031,0.004679,0.0000,-0.285317,0.092705,0.000000,0.0000
11419.88,-0.306938,0.141031,0.004679,0.0000,-0.285317,0.092705,0.000000,0.0000
11425.25,-0.307311,0.141156,0.004735,0.0000,-0.285317,0.092705,0.000000,0.0000
11430.67,-0.307709,0.141289,0.004761,0.0000,-0.285317,0.092705,0.000000,0.0000
11436.00,-0.307709,0.141289,0.004761,0.0000,-0.285317,0.092705,0.000000,0.0000
11441.36,-0.308062,0.141405,0.004745,0.0000,-0.285317,0.092705,0.000000,0.0000
11446.70,-0.308428,0.141549,0.004765,0.0000,-0.285317,0.092705,0.000000,0.0000
11452.04,-0.308428,0.141549,0.004765,0.0000,-0.285317,0.092705,0.000000,0.0000
11457.36,-0.308734,0.141617,0.004748,0.0000,-0.285317,0.092705,0.000000,0.0000
11462.68,-0.309037,0.141693,0.004747,0.0000,-0.285317,0.092705,0.000000,0.0000
11468.01,-0.309037,0.141693,0.004747,0.0000,-0.285317,0.092705,0.000000,0.0000
11473.54,-0.309373,0.141692,0.004755,0.0000,-0.285317,0.092705,0.000000,0.0000
11478.87,-0.309694,0.141779,0.004803,0.0000,-0.285317,0.092705,0.000000,0.0000
11484.21,-0.309694,0.141779,0.004803,0.0000,-0.285317,0.092705,0.000000,0.0000
11489.52,-0.310000,0.141824,0.004810,0.0000,-0.285317,0.092705,0.000000,0.0000
11494.82,-0.310000,0.141824,0.004810,0.0000,-0.285317,0.092705,0.000000,0.0000
11500.15,-0.310310,0.141908,0.004834,0.0000,-0.285317,0.092705,0.000000,0.0000
11505.68,-0.310599,0.142028,0.004862,0.0000,-0.285317,0.092705,0.000000,0.0000
11511.01,-0.310599,0.142028,0.004862,0.0000,-0.285317,0.092705,0.000000,0.0000
11516.46,-0.310941,0.142127,0.004899,0.0000,-0.285317,0.092705,0.000000,0.0000
11521.76,-0.311270,0.142256,0.004933,0.0000,-0.285317,0.092705,0.000000,0.0000
11527.17,-0.311270,0.142256,0.004933,0.0000,-0.285317,0.092705,0.000000,0.0000
11532.55,-0.311628,0.142330,0.004969,0.0000,-0.285317,0.092705,0.000000,0.0000
11537.98,-0.311996,0.142418,0.004981,0.0000,-0.285317,0.092705,0.000000,0.0000
11543.30,-0.311996,0.142418,0.004981,0.0000,-0.285317,0.092705,0.000000,0.0000
11548.62,-0.312355,0.142532,0.005029,0.0000,-0.285317,0.092705,0.000000,0.0000
11553.97,-0.312692,0.142627,0.005041,0.0000,-0.285317,0.092705,0.000000,0.0000
11559.39,-0.312692,0.142627,0.005041,0.0000,-0.285317,0.092705,0.000000,0.0000
11564.71,-0.313033,0.142723,0.005059,0.0000,-0.285317,0.092705,0.000000,0.0000
11570.03,-0.313033,0.142723,0.005059,0.0000,-0.285317,0.092705,0.000000,0.0000
11575.38,-0.313286,0.142876,0.005089,0.0000,-0.285317,0.092705,0.000000,0.0000
11580.99,-0.313602,0.143012,0.005165,0.0000,-0.285317,0.092705,0.000000,0.0000
11586.35,-0.313602,0.143012,0.005165,0.0000,-0.285317,0.092705,0.000000,0.0000
11591.68,-0.313949,0.143003,0.005186,0.0000,-0.285317,0.092705,0.000000,0.0000
11597.03,-0.314248,0.143084,0.005223,0.0000,-0.285317,0.092705,0.000000,0.0000
11602.37,-0.314248,0.143084,0.005223,0.0000,-0.285317,0.092705,0.000000,0.0000
11607.69,-0.314554,0.143150,0.005250,0.0000,-0.285317,0.092705,0.000000,0.0000
11613.10,-0.314915,0.143237,0.005301,0.0000,-0.285317,0.092705,0.000000,0.0000
11618.94,-0.314915,0.143237,0.005301,0.0000,-0.285317,0.092705,0.000000,0.0000
11624.26,-0.315248,0.143385,0.005350,0.0000,-0.285317,0.092705,0.000000,0.0000
11629.81,-0.315528,0.143504,0.005386,0.0000,-0.285317,0.092705,0.000000,0.0000
11668.66,-0.316625,0.143946,0.005611,0.0000,-0.285317,0.092705,0.000000,0.0000
11674.04,-0.316860,0.144083,0.005669,0.0000,-0.285317,0.092705,0.000000,0.0000
11679.40,-0.317120,0.144183,0.005699,0.0000,-0.285317,0.092705,0.000000,0.0000
11684.76,-0.317120,0.144183,0.005699,0.0000,-0.285317,0.092705,0.000000,0.0000
11690.16,-0.317394,0.144298,0.005745,0.0000,-0.285317,0.092705,0.000000,0.0000
11695.59,-0.317651,0.144436,0.005799,0.0000,-0.285317,0.092705,0.000000,0.0000
11700.92,-0.317651,0.144436,0.005799,0.0000,-0.285317,0.092705,0.000000,0.0000
11706.28,-0.317942,0.144625,0.005841,0.0000,-0.285317,0.092705,0.000000,0.0000
11711.65,-0.317942,0.144625,0.005841,0.0000,-0.285317,0.092705,0.000000,0.0000
11716.98,-0.318186,0.144761,0.005884,0.0000,-0.285317,0.092705,0.000000,0.0000
11722.36,-0.318380,0.144902,0.005938,0.0000,-0.285317,0.092705,0.000000,0.0000
11727.70,-0.318380,0.144902,0.005938,0.0000,-0.285317,0.092705,0.000000,0.0000
11733.05,-0.318610,0.145046,0.006014,0.0000,-0.285317,0.092705,0.000000,0.0000
11738.43,-0.318846,0.145153,0.006056,0.0000,-0.285317,0.092705,0.000000,0.0000
11743.83,-0.318846,0.145153,0.006056,0.0000,-0.285317,0.092705,0.000000,0.0000
11749.16,-0.319096,0.145281,0.006123,0.0000,-0.285317,0.092705,0.000000,0.0000
11754.63,-0.319315,0.145413,0.006162,0.0000,-0.285317,0.092705,0.000000,0.0000
11759.98,-0.319315,0.145413,0.006162,0.0000,-0.285317,0.092705,0.000000,0.0000
11765.30,-0.319550,0.145581,0.006198,0.0000,-0.285317,0.092705,0.000000,0.0000
11770.62,-0.319795,0.145742,0.006222,0.0000,-0.285317,0.092705,0.000000,0.0000
11776.57,-0.319795,0.145742,0.006222,0.0000,-0.285317,0.092705,0.000000,0.0000
11781.88,-0.320033,0.145890,0.006270,0.0000,-0.285317,0.092705,0.000000,0.0000
11787.22,-0.320256,0.146049,0.006300,0.0000,-0.285317,0.092705,0.000000,0.0000
11792.55,-0.320256,0.146049,0.006300,0.0000,-0.285317,0.092705,0.000000,0.0000
11797.88,-0.320446,0.146203,0.006350,0.0000,-0.285317,0.092705,0.000000,0.0000
11803.38,-0.320624,0.146352,0.006414,0.0000,-0.285317,0.092705,0.000000,0.0000
11808.83,-0.320624,0.146352,0.006414,0.0000,-0.285317,0.092705,0.000000,0.0000
11814.16,-0.320800,0.146518,0.006472,0.0000,-0.285317,0.092705,0.000000,0.0000
11819.57,-0.320800,0.146518,0.006472,0.0000,-0.285317,0.092705,0.000000,0.0000
11824.94,-0.320938,0.146671,0.006497,0.0000,-0.285317,0.092705,0.000000,0.0000
11830.27,-0.321094,0.146817,0.006497,0.0000,-0.285317,0.092705,0.000000,0.0000
11835.64,-0.321094,0.146817,0.006497,0.0000,-0.285317,0.092705,0.000000,0.0000
11841.20,-0.321264,0.146956,0.006543,0.0000,-0.285317,0.092705,0.000000,0.0000
11846.64,-0.321421,0.147119,0.006541,0.0000,-0.285317,0.092705,0.000000,0.0000
11851.97,-0.321421,0.147119,0.006541,0.0000,-0.285317,0.092705,0.000000,0.0000
11857.42,-0.321614,0.147275,0.006546,0.0000,-0.285317,0.092705,0.000000,0.0000
11862.77,-0.321758,0.147451,0.006573,0.0000,-0.285317,0.092705,0.000000,0.0000
11868.13,-0.321758,0.147451,0.006573,0.0000,-0.285317,0.092705,0.000000,0.0000
11873.84,-0.321948,0.147608,0.006565,0.0000,-0.285317,0.092705,0.000000,0.0000
11879.43,-0.322080,0.147750,0.006568,0.0000,-0.285317,0.092705,0.000000,0.0000
11884.76,-0.322080,0.147750,0.006568,0.0000,-0.285317,0.092705,0.000000,0.0000
11890.12,-0.322228,0.147886,0.006595,0.0000,-0.285317,0.092705,0.000000,0.0000
11895.49,-0.322325,0.148046,0.006598,0.0000,-0.285317,0.092705,0.000000,0.0000
11900.88,-0.322325,0.148046,0.006598,0.0000,-0.285317,0.092705,0.000000,0.0000
11906.21,-0.322440,0.148175,0.006600,0.0000,-0.285317,0.092705,0.000000,0.0000
11911.58,-0.322440,0.148175,0.006600,0.0000,-0.285317,0.092705,0.000000,0.0000
11916.94,-0.322579,0.148312,0.006652,0.0000,-0.285317,0.092705,0.000000,0.0000
11922.34,-0.322651,0.148452,0.006662,0.0000,-0.285317,0.092705,0.000000,0.0000
11927.67,-0.322651,0.148452,0.006662,0.0000,-0.285317,0.092705,0.000000,0.0000
11933.04,-0.322720,0.148522,0.006670,0.0000,-0.285317,0.092705,0.000000,0.0000
11938.44,-0.322741,0.148693,0.006667,0.0000,-0.285317,0.092705,0.000000,0.0000
11943.82,-0.322741,0.148693,0.006667,0.0000,-0.285317,0.092705,0.000000,0.0000
11949.14,-0.322805,0.148790,0.006679,0.0000,-0.285317,0.092705,0.000000,0.0000
11954.55,-0.322897,0.148873,0.006666,0.0000,-0.285317,0.092705,0.000000,0.0000
11959.88,-0.322897,0.148873,0.006666,0.0000,-0.285317,0.092705,0.000000,0.0000
11965.22,-0.322993,0.149054,0.006674,0.0000,-0.285317,0.092705,0.000000,0.0000
11970.57,-0.323039,0.149154,0.006687,0.0000,-0.285317,0.092705,0.000000,0.0000
11975.88,-0.323039,0.149154,0.006687,0.0000,-0.285317,0.092705,0.000000,0.0000
11981.82,-0.323068,0.149323,0.006679,0.0000,-0.285317,0.092705,0.000000,0.0000
11987.18,-0.323164,0.149455,0.006678,0.0000,-0.285317,0.092705,0.000000,0.0000
11992.54,-0.323164,0.149455,0.006678,0.0000,-0.285317,0.092705,0.000000,0.0000
11997.87,-0.323219,0.149574,0.006660,0.0000,-0.285317,0.092705,0.000000,0.0000
12003.19,-0.323219,0.149574,0.006660,0.0000,-0.285317,0.092705,0.000000,0.0000
12008.52,-0.323284,0.149699,0.006674,0.0000,-0.285317,0.092705,0.000000,0.0000
12013.83,-0.323302,0.149792,0.006694,0.0000,-0.285317,0.092705,0.000000,0.0000
12019.19,-0.323302,0.149792,0.006694,0.0000,0.285317,0.092705,0.000000,0.0000
12024.65,-0.323368,0.149817,0.006702,0.0000,0.285317,0.092705,0.000000,0.0000
12030.01,-0.323347,0.149865,0.006724,0.0000,0.285317,0.092705,0.000000,0.0000
12035.34,-0.323347,0.149865,0.006724,0.0000,0.285317,0.092705,0.000000,0.0000
12040.70,-0.323252,0.149962,0.006699,0.0000,0.285317,0.092705,0.000000,0.0000
12046.06,-0.323277,0.149943,0.006724,0.0000,0.285317,0.092705,0.000000,0.0000
12051.38,-0.323277,0.149943,0.006724,0.0000,0.285317,0.092705,0.000000,0.0000
12056.75,-0.323170,0.150005,0.006730,0.0000,0.285317,0.092705,0.000000,0.0000
12062.14,-0.323107,0.150059,0.006740,0.0000,0.285317,0.092705,0.000000,0.0000
12067.64,-0.323107,0.150059,0.006740,0.0000,0.285317,0.092705,0.000000,0.0000
12072.94,-0.323053,0.150123,0.006749,0.0000,0.285317,0.092705,0.000000,0.0000
12078.27,-0.323053,0.150123,0.006749,0.0000,0.285317,0.092705,0.000000,0.0000
12084.21,-0.323041,0.150102,0.006774,0.0000,0.285317,0.092705,0.000000,0.0000
12089.63,-0.322911,0.150191,0.006761,0.0000,0.285317,0.092705,0.000000,0.0000
12094.94,-0.322911,0.150191,0.006761,0.0000,0.285317,0.092705,0.000000,0.0000
12100.30,-0.322795,0.150268,0.006775,0.0000,0.285317,0.092705,0.000000,0.0000
12106.02,-0.322638,0.150331,0.006813,0.0000,0.285317,0.092705,0.000000,0.0000
12111.38,-0.322638,0.150331,0.006813,0.0000,0.285317,0.092705,0.000000,0.0000
12116.71,-0.322442,0.150353,0.006803,0.0000,0.285317,0.092705,0.000000,0.0000
12122.08,-0.322218,0.150386,0.006804,0.0000,0.285317,0.092705,0.000000,0.0000
12127.43,-0.322218,0.150386,0.006804,0.0000,0.285317,0.092705,0.000000,0.0000
12132.88,-0.321956,0.150366,0.006797,0.0000,0.285317,0.092705,0.000000,0.0000
12138.28,-0.321679,0.150369,0.006791,0.0000,0.285317,0.092705,0.000000,0.0000
12143.66,-0.321679,0.150369,0.006791,0.0000,0.285317,0.092705,0.000000,0.0000
12148.95,-0.321321,0.150403,0.006753,0.0000,0.285317,0.092705,0.000000,0.0000
12154.27,-0.320931,0.150383,0.006767,0.0000,0.285317,0.092705,0.000000,0.0000
12159.60,-0.320931,0.150383,0.006767,0.0000,0.285317,0.092705,0.000000,0.0000
12165.04,-0.320530,0.150417,0.006766,0.0000,0.285317,0.092705,0.000000,0.0000
12170.36,-0.320040,0.150400,0.006762,0.0000,0.285317,0.092705,0.000000,0.0000
12175.70,-0.320040,0.150400,0.006762,0.0000,0.285317,0.092705,0.000000,0.0000
12181.04,-0.319559,0.150334,0.006714,0.0000,0.285317,0.092705,0.000000,0.0000
12187.07,-0.319106,0.150320,0.006707,0.0000,0.285317,0.092705,0.000000,0.0000
12192.43,-0.319106,0.150320,0.006707,0.0000,0.285317,0.092705,0.000000,0.0000
12197.76,-0.318604,0.150300,0.006679,0.0000,0.285317,0.092705,0.000000,0.0000
12203.13,-0.318604,0.150300,0.006679,0.0000,0.285317,0.092705,0.000000,0.0000
12208.48,-0.318031,0.150287,0.006630,0.0000,0.285317,0.092705,0.000000,0.0000
12214.00,-0.317388,0.150289,0.006645,0.0000,0.285317,0.092705,0.000000,0.0000
12219.38,-0.317388,0.150289,0.006645,0.0000,0.285317,0.092705,0.000000,0.0000
12224.72,-0.316730,0.150234,0.006631,0.0000,0.285317,0.092705,0.000000,0.0000
12230.07,-0.316022,0.150212,0.006605,0.0000,0.285317,0.092705,0.000000,0.0000
12235.39,-0.316022,0.150212,0.006605,0.0000,0.285317,0.092705,0.000000,0.0000
12240.76,-0.315200,0.150202,0.006544,0.0000,0.285317,0.092705,0.000000,0.0000
12246.30,-0.314400,0.150195,0.006530,0.0000,0.285317,0.092705,0.000000,0.0000
12251.64,-0.314400,0.150195,0.006530,0.0000,0.285317,0.092705,0.000000,0.0000
12256.94,-0.313592,0.150155,0.006543,0.0000,0.285317,0.092705,0.000000,0.0000
12262.30,-0.312643,0.150109,0.006533,0.0000,0.285317,0.092705,0.000000,0.0000
12267.64,-0.312643,0.150109,0.006533,0.0000,0.285317,0.092705,0.000000,0.0000
12273.10,-0.311615,0.150146,0.006470,0.0000,0.285317,0.092705,0.000000,0.0000
12278.45,-0.310600,0.150062,0.006454,0.0000,0.285317,0.092705,0.000000,0.0000
12283.83,-0.310600,0.150062,0.006454,0.0000,0.285317,0.092705,0.000000,0.0000
12289.28,-0.309549,0.150069,0.006428,0.0000,0.285317,0.092705,0.000000,0.0000
12294.61,-0.309549,0.150069,0.006428,0.0000,0.285317,0.092705,0.000000,0.0000
12299.94,-0.308332,0.150032,0.006397,0.0000,0.285317,0.092705,0.000000,0.0000
12305.29,-0.307232,0.150020,0.006406,0.0000,0.285317,0.092705,0.000000,0.0000
12310.73,-0.307232,0.150020,0.006406,0.0000,0.285317,0.092705,0.000000,0.0000
12316.09,-0.305960,0.150039,0.006390,0.0000,0.285317,0.092705,0.000000,0.0000
12321.41,-0.304730,0.149991,0.006387,0.0000,0.285317,0.092705,0.000000,0.0000
12326.70,-0.304730,0.149991,0.006387,0.0000,0.285317,0.092705,0.000000,0.0000
12332.32,-0.303332,0.150031,0.006370,0.0000,0.285317,0.092705,0.000000,0.0000
12337.63,-0.303332,0.150031,0.006370,0.0000,0.285317,0.092705,0.000000,0.0000
12343.05,-0.302003,0.149951,0.006388,0.0000,0.285317,0.092705,0.000000,0.0000
12353.06,-0.300547,0.149980,0.006368,0.0000,0.285317,0.092705,0.000000,0.0000
12358.28,-0.299127,0.149921,0.006367,0.0000,0.285317,0.092705,0.000000,0.0000
12363.61,-0.297602,0.149947,0.006357,0.0000,0.285317,0.092705,0.000000,0.0000
12369.01,-0.297602,0.149947,0.006357,0.0000,0.285317,0.092705,0.000000,0.0000
12374.62,-0.296063,0.149864,0.006335,0.0000,0.285317,0.092705,0.000000,0.0000
12379.95,-0.294431,0.149885,0.006381,0.0000,0.285317,0.092705,0.000000,0.0000
12385.29,-0.294431,0.149885,0.006381,0.0000,0.285317,0.092705,0.000000,0.0000
12391.35,-0.292713,0.149789,0.006420,0.0000,0.285317,0.092705,0.000000,0.0000
12396.71,-0.290966,0.149808,0.006405,0.0000,0.285317,0.092705,0.000000,0.0000
12402.06,-0.290966,0.149808,0.006405,0.0000,0.285317,0.092705,0.000000,0.0000
12407.38,-0.289166,0.149717,0.006507,0.0000,0.285317,0.092705,0.000000,0.0000
12413.10,-0.287324,0.149601,0.006440,0.0000,0.285317,0.092705,0.000000,0.0000
12418.44,-0.287324,0.149601,0.006440,0.0000,0.285317,0.092705,0.000000,0.0000
12423.82,-0.285526,0.149573,0.006481,0.0000,0.285317,0.092705,0.000000,0.0000
12429.17,-0.283626,0.149501,0.006481,0.0000,0.285317,0.092705,0.000000,0.0000
12434.49,-0.283626,0.149501,0.006481,0.0000,0.285317,0.092705,0.000000,0.0000
12440.15,-0.281663,0.149398,0.006555,0.0000,0.285317,0.092705,0.000000,0.0000
12445.51,-0.279734,0.149330,0.006613,0.0000,0.285317,0.092705,0.000000,0.0000
12450.84,-0.279734,0.149330,0.006613,0.0000,0.285317,0.092705,0.000000,0.0000
12456.17,-0.277689,0.149337,0.006659,0.0000,0.285317,0.092705,0.000000,0.0000
12461.54,-0.277689,0.149337,0.006659,0.0000,0.285317,0.092705,0.000000,0.0000
12466.86,-0.275695,0.149226,0.006692,0.0000,0.285317,0.092705,0.000000,0.0000
12472.47,-0.273529,0.149146,0.006714,0.0000,0.285317,0.092705,0.000000,0.0000
12477.82,-0.273529,0.149146,0.006714,0.0000,0.285317,0.092705,0.000000,0.0000
12483.16,-0.271521,0.149070,0.006741,0.0000,0.285317,0.092705,0.000000,0.0000
12488.53,-0.269347,0.148984,0.006820,0.0000,0.285317,0.092705,0.000000,0.0000
12493.88,-0.269347,0.148984,0.006820,0.0000,0.285317,0.092705,0.000000,0.0000
12499.20,-0.267268,0.148809,0.006873,0.0000,0.285317,0.092705,0.000000,0.0000
12504.65,-0.265029,0.148734,0.006933,0.0000,0.285317,0.092705,0.000000,0.0000
12510.00,-0.265029,0.148734,0.006933,0.0000,0.285317,0.092705,0.000000,0.0000
12515.54,-0.262849,0.148589,0.006988,0.0000,0.285317,0.092705,0.000000,0.0000
12520.88,-0.260557,0.148458,0.007053,0.0000,0.285317,0.092705,0.000000,0.0000
12526.22,-0.260557,0.148458,0.007053,0.0000,0.285317,0.092705,0.000000,0.0000
12531.89,-0.258346,0.148310,0.007080,0.0000,0.285317,0.092705,0.000000,0.0000
12537.25,-0.256063,0.148234,0.007166,0.0000,0.285317,0.092705,0.000000,0.0000
12542.58,-0.256063,0.148234,0.007166,0.0000,0.285317,0.092705,0.000000,0.0000
12547.88,-0.253790,0.148032,0.007263,0.0000,0.285317,0.092705,0.000000,0.0000
12553.27,-0.253790,0.148032,0.007263,0.0000,0.285317,0.092705,0.000000,0.0000
12558.66,-0.251431,0.147938,0.007308,0.0000,0.285317,0.092705,0.000000,0.0000
12563.94,-0.249052,0.147744,0.007370,0.0000,0.285317,0.092705,0.000000,0.0000
12569.26,-0.249052,0.147744,0.007370,0.0000,0.285317,0.092705,0.000000,0.0000
12574.71,-0.246636,0.147511,0.007409,0.0000,0.285317,0.092705,0.000000,0.0000
12580.04,-0.244245,0.147258,0.007485,0.0000,0.285317,0.092705,0.000000,0.0000
12585.37,-0.244245,0.147258,0.007485,0.0000,0.285317,0.092705,0.000000,0.0000
12590.76,-0.241770,0.147122,0.007579,0.0000,0.285317,0.092705,0.000000,0.0000
12596.10,-0.239382,0.146855,0.007648,0.0000,0.285317,0.092705,0.000000,0.0000
12601.44,-0.239382,0.146855,0.007648,0.0000,0.285317,0.092705,0.000000,0.0000
12606.82,-0.236911,0.146643,0.007714,0.0000,0.285317,0.092705,0.000000,0.0000
12612.17,-0.234486,0.146352,0.007795,0.0000,0.285317,0.092705,0.000000,0.0000
12617.82,-0.234486,0.146352,0.007795,0.0000,0.285317,0.092705,0.000000,0.0000
12623.14,-0.231951,0.146163,0.007878,0.0000,0.285317,0.092705,0.000000,0.0000
12628.63,-0.229555,0.145824,0.007932,0.0000,0.285317,0.092705,0.000000,0.0000
12634.14,-0.229555,0.145824,0.007932,0.0000,0.285317,0.092705,0.000000,0.0000
12639.52,-0.227026,0.145627,0.008035,0.0000,0.285317,0.092705,0.000000,0.0000
12644.92,-0.227026,0.145627,0.008035,0.0000,0.285317,0.092705,0.000000,0.0000
12650.26,-0.224468,0.145300,0.008070,0.0000,0.285317,0.092705,0.000000,0.0000
12655.61,-0.222049,0.145012,0.008153,0.0000,0.285317,0.092705,0.000000,0.0000
12660.94,-0.222049,0.145012,0.008153,0.0000,0.285317,0.092705,0.000000,0.0000
12666.44,-0.219589,0.144717,0.008175,0.0000,0.285317,0.092705,0.000000,0.0000
12671.83,-0.217061,0.144451,0.008228,0.0000,0.285317,0.092705,0.000000,0.0000
12677.21,-0.217061,0.144451,0.008228,0.0000,0.285317,0.092705,0.000000,0.0000
12682.55,-0.214521,0.144103,0.008261,0.0000,0.285317,0.092705,0.000000,0.0000
12687.88,-0.211986,0.143788,0.008332,0.0000,0.285317,0.092705,0.000000,0.0000
12693.23,-0.211986,0.143788,0.008332,0.0000,0.285317,0.092705,0.000000,0.0000
12698.76,-0.209416,0.143493,0.008326,0.0000,0.285317,0.092705,0.000000,0.0000
12704.11,-0.209416,0.143493,0.008326,0.0000,0.285317,0.092705,0.000000,0.0000
12709.46,-0.206947,0.143055,0.008312,0.0000,0.285317,0.092705,0.000000,0.0000
12714.76,-0.204320,0.142788,0.008321,0.0000,0.285317,0.092705,0.000000,0.0000
12720.59,-0.201772,0.142410,0.008328,0.0000,0.285317,0.092705,0.000000,0.0000
12725.89,-0.201772,0.142410,0.008328,0.0000,0.285317,0.092705,0.000000,0.0000
12731.22,-0.199193,0.142094,0.008373,0.0000,0.285317,0.092705,0.000000,0.0000
12736.56,-0.199193,0.142094,0.008373,0.0000,0.285317,0.092705,0.000000,0.0000
12741.92,-0.196680,0.141642,0.008341,0.0000,0.285317,0.092705,0.000000,0.0000
12747.25,-0.194117,0.141339,0.008355,0.0000,0.285317,0.092705,0.000000,0.0000
12752.60,-0.194117,0.141339,0.008355,0.0000,0.285317,0.092705,0.000000,0.0000
12758.12,-0.191706,0.140904,0.008400,0.0000,0.285317,0.092705,0.000000,0.0000
12763.54,-0.189111,0.140519,0.008361,0.0000,0.285317,0.092705,0.000000,0.0000
12768.85,-0.189111,0.140519,0.008361,0.0000,0.285317,0.092705,0.000000,0.0000
12774.17,-0.186618,0.140116,0.008405,0.0000,0.285317,0.092705,0.000000,0.0000
12779.70,-0.184080,0.139710,0.008324,0.0000,0.285317,0.092705,0.000000,0.0000
12785.04,-0.184080,0.139710,0.008324,0.0000,0.285317,0.092705,0.000000,0.0000
12790.44,-0.181719,0.139233,0.008354,0.0000,0.285317,0.092705,0.000000,0.0000
12795.82,-0.179196,0.138889,0.008300,0.0000,0.285317,0.092705,0.000000,0.0000
12801.17,-0.179196,0.138889,0.008300,0.0000,0.285317,0.092705,0.000000,0.0000
12806.56,-0.176738,0.138425,0.008260,0.0000,0.285317,0.092705,0.000000,0.0000
12812.08,-0.174274,0.138060,0.008228,0.0000,0.285317,0.092705,0.000000,0.0000
12817.63,-0.174274,0.138060,0.008228,0.0000,0.285317,0.092705,0.000000,0.0000
12822.65,-0.171897,0.137589,0.008220,0.0000,0.285317,0.092705,0.000000,0.0000
12828.00,-0.171897,0.137589,0.008220,0.0000,0.285317,0.092705,0.000000,0.0000
12833.32,-0.169518,0.137184,0.008146,0.0000,0.285317,0.092705,0.000000,0.0000
12838.64,-0.169518,0.137184,0.008146,0.0000,0.285317,0.092705,0.000000,0.0000
12843.76,-0.167015,0.136824,0.008092,0.0000,0.285317,0.092705,0.000000,0.0000
12849.13,-0.164646,0.136356,0.008050,0.0000,0.285317,0.092705,0.000000,0.0000
12854.46,-0.164646,0.136356,0.008050,0.0000,0.285317,0.092705,0.000000,0.0000
12859.78,-0.162277,0.135854,0.008006,0.0000,0.285317,0.092705,0.000000,0.0000
12865.12,-0.159845,0.135385,0.008015,0.0000,0.285317,0.092705,0.000000,0.0000
12870.67,-0.157390,0.134992,0.007954,0.0000,0.285317,0.092705,0.000000,0.0000
12876.18,-0.157390,0.134992,0.007954,0.0000,0.285317,0.092705,0.000000,0.0000
12881.54,-0.155045,0.134420,0.007866,0.0000,0.285317,0.092705,0.000000,0.0000
12887.03,-0.152634,0.133988,0.007792,0.0000,0.285317,0.092705,0.000000,0.0000
12892.56,-0.152634,0.133988,0.007792,0.0000,0.285317,0.092705,0.000000,0.0000
12897.88,-0.150318,0.133499,0.007752,0.0000,0.285317,0.092705,0.000000,0.0000
12903.21,-0.150318,0.133499,0.007752,0.0000,0.285317,0.092705,0.000000,0.0000
12908.58,-0.147955,0.133032,0.007745,0.0000,0.285317,0.092705,0.000000,0.0000
12913.88,-0.145647,0.132509,0.007696,0.0000,0.285317,0.092705,0.000000,0.0000
12919.22,-0.145647,0.132509,0.007696,0.0000,0.285317,0.092705,0.000000,0.0000
12924.67,-0.143348,0.132051,0.007630,0.0000,0.285317,0.092705,0.000000,0.0000
12930.05,-0.143348,0.132051,0.007630,0.0000,0.285317,0.092705,0.000000,0.0000
12935.41,-0.141015,0.131623,0.007547,0.0000,0.285317,0.092705,0.000000,0.0000
12940.76,-0.138802,0.131075,0.007479,0.0000,0.285317,0.092705,0.000000,0.0000
12946.41,-0.136572,0.130657,0.007466,0.0000,0.285317,0.092705,0.000000,0.0000
12951.82,-0.136572,0.130657,0.007466,0.0000,0.285317,0.092705,0.000000,0.0000
12957.14,-0.134426,0.130156,0.007399,0.0000,0.285317,0.092705,0.000000,0.0000
12962.47,-0.132224,0.129749,0.007402,0.0000,0.285317,0.092705,0.000000,0.0000
12967.84,-0.132224,0.129749,0.007402,0.0000,0.285317,0.092705,0.000000,0.0000
12973.15,-0.129967,0.129366,0.007335,0.0000,0.285317,0.092705,0.000000,0.0000
12978.47,-0.129967,0.129366,0.007335,0.0000,0.285317,0.092705,0.000000,0.0000
12983.76,-0.127791,0.128867,0.007219,0.0000,0.285317,0.092705,0.000000,0.0000
12989.25,-0.125545,0.128444,0.007159,0.0000,0.285317,0.092705,0.000000,0.0000
12994.57,-0.125545,0.128444,0.007159,0.0000,0.285317,0.092705,0.000000,0.0000
12999.88,-0.123398,0.128011,0.007081,0.0000,0.285317,0.092705,0.000000,0.0000
13005.21,-0.121297,0.127611,0.007069,0.0000,0.285317,0.092705,0.000000,0.0000
13010.56,-0.121297,0.127611,0.007069,0.0000,0.285317,0.092705,0.000000,0.0000
13015.88,-0.119175,0.127149,0.007039,0.0000,0.285317,0.092705,0.000000,0.0000
13021.20,-0.117135,0.126710,0.006944,0.0000,0.285317,0.092705,0.000000,0.0000
13026.56,-0.117135,0.126710,0.006944,0.0000,0.285317,0.092705,0.000000,0.0000
13031.88,-0.115099,0.126279,0.006912,0.0000,0.285317,0.092705,0.000000,0.0000
13037.20,-0.115099,0.126279,0.006912,0.0000,0.285317,0.092705,0.000000,0.0000
13042.51,-0.112951,0.125928,0.006850,0.0000,0.285317,0.092705,0.000000,0.0000
13048.02,-0.110915,0.125510,0.006757,0.0000,0.285317,0.092705,0.000000,0.0000
13053.34,-0.110915,0.125510,0.006757,0.0000,0.285317,0.092705,0.000000,0.0000
13058.66,-0.108852,0.125098,0.006784,0.0000,0.285317,0.092705,0.000000,0.0000
13063.98,-0.106869,0.124745,0.006794,0.0000,0.285317,0.092705,0.000000,0.0000
13069.30,-0.106869,0.124745,0.006794,0.0000,0.285317,0.092705,0.000000,0.0000
13074.70,-0.104849,0.124254,0.006778,0.0000,0.285317,0.092705,0.000000,0.0000
13080.08,-0.102816,0.123885,0.006784,0.0000,0.285317,0.092705,0.000000,0.0000
13085.46,-0.102816,0.123885,0.006784,0.0000,0.285317,0.092705,0.000000,0.0000
13090.85,-0.100783,0.123509,0.006750,0.0000,0.285317,0.092705,0.000000,0.0000
13096.43,-0.098760,0.123036,0.006721,0.0000,0.285317,0.092705,0.000000,0.0000
13101.76,-0.098760,0.123036,0.006721,0.0000,0.285317,0.092705,0.000000,0.0000
13107.14,-0.096740,0.122712,0.006724,0.0000,0.285317,0.092705,0.000000,0.0000
13112.47,-0.094724,0.122294,0.006765,0.0000,0.285317,0.092705,0.000000,0.0000
13117.84,-0.094724,0.122294,0.006765,0.0000,0.285317,0.092705,0.000000,0.0000
13123.17,-0.092703,0.121875,0.006728,0.0000,0.285317,0.092705,0.000000,0.0000
13128.67,-0.090691,0.121539,0.006741,0.0000,0.285317,0.092705,0.000000,0.0000
13134.12,-0.090691,0.121539,0.006741,0.0000,0.285317,0.092705,0.000000,0.0000
13139.47,-0.088763,0.121095,0.006718,0.0000,0.285317,0.092705,0.000000,0.0000
13144.84,-0.088763,0.121095,0.006718,0.0000,0.285317,0.092705,0.000000,0.0000
13150.59,-0.086778,0.120807,0.006656,0.0000,0.285317,0.092705,0.000000,0.0000
13156.04,-0.084852,0.120427,0.006650,0.0000,0.285317,0.092705,0.000000,0.0000
13161.41,-0.084852,0.120427,0.006650,0.0000,0.285317,0.092705,0.000000,0.0000
13166.79,-0.082991,0.120103,0.006664,0.0000,0.285317,0.092705,0.000000,0.0000
13172.10,-0.081006,0.119772,0.006680,0.0000,0.285317,0.092705,0.000000,0.0000
13178.21,-0.081006,0.119772,0.006680,0.0000,0.285317,0.092705,0.000000,0.0000
13183.58,-0.079138,0.119465,0.006650,0.0000,0.285317,0.092705,0.000000,0.0000
13188.91,-0.077265,0.119118,0.006652,0.0000,0.285317,0.092705,0.000000,0.0000
13194.25,-0.077265,0.119118,0.006652,0.0000,0.285317,0.092705,0.000000,0.0000
13199.65,-0.075377,0.118830,0.006584,0.0000,0.285317,0.092705,0.000000,0.0000
13205.01,-0.073473,0.118508,0.006575,0.0000,0.285317,0.092705,0.000000,0.0000
13210.41,-0.073473,0.118508,0.006575,0.0000,0.285317,0.092705,0.000000,0.0000
13215.82,-0.071593,0.118255,0.006549,0.0000,0.285317,0.092705,0.000000,0.0000
13221.16,-0.069707,0.117959,0.006574,0.0000,0.285317,0.092705,0.000000,0.0000
13226.50,-0.069707,0.117959,0.006574,0.0000,0.285317,0.092705,0.000000,0.0000
13231.98,-0.067848,0.117709,0.006580,0.0000,0.285317,0.092705,0.000000,0.0000
13237.54,-0.065914,0.117407,0.006546,0.0000,0.285317,0.092705,0.000000,0.0000
13242.98,-0.065914,0.117407,0.006546,0.0000,0.285317,0.092705,0.000000,0.0000
13248.69,-0.064018,0.117160,0.006538,0.0000,0.285317,0.092705,0.000000,0.0000
13254.04,-0.062158,0.116857,0.006545,0.0000,0.285317,0.092705,0.000000,0.0000
13259.36,-0.062158,0.116857,0.006545,0.0000,0.285317,0.092705,0.000000,0.0000
13264.79,-0.060279,0.116622,0.006460,0.0000,0.285317,0.092705,0.000000,0.0000
13270.19,-0.060279,0.116622,0.006460,0.0000,0.285317,0.092705,0.000000,0.0000
13275.52,-0.058356,0.116329,0.006476,0.0000,0.285317,0.092705,0.000000,0.0000
13281.04,-0.056475,0.116002,0.006442,0.0000,0.285317,0.092705,0.000000,0.0000
13286.37,-0.056475,0.116002,0.006442,0.0000,0.285317,0.092705,0.000000,0.0000
13291.76,-0.054545,0.115741,0.006420,0.0000,0.285317,0.092705,0.000000,0.0000
13297.09,-0.052733,0.115521,0.006430,0.0000,0.285317,0.092705,0.000000,0.0000
13302.43,-0.052733,0.115521,0.006430,0.0000,0.285317,0.092705,0.000000,0.0000
13307.98,-0.050845,0.115176,0.006443,0.0000,0.285317,0.092705,0.000000,0.0000
13313.32,-0.048964,0.114970,0.006431,0.0000,0.285317,0.092705,0.000000,0.0000
13318.66,-0.048964,0.114970,0.006431,0.0000,0.285317,0.092705,0.000000,0.0000
13324.02,-0.047029,0.114686,0.006400,0.0000,0.285317,0.092705,0.000000,0.0000
13329.35,-0.045168,0.114388,0.006351,0.0000,0.285317,0.092705,0.000000,0.0000
13334.93,-0.045168,0.114388,0.006351,0.0000,0.285317,0.092705,0.000000,0.0000
13340.27,-0.043291,0.114099,0.006306,0.0000,0.285317,0.092705,0.000000,0.0000
13345.60,-0.043291,0.114099,0.006306,0.0000,0.285317,0.092705,0.000000,0.0000
13351.17,-0.041341,0.113816,0.006322,0.0000,0.285317,0.092705,0.000000,0.0000
13356.60,-0.039357,0.113618,0.006352,0.0000,0.285317,0.092705,0.000000,0.0000
13361.93,-0.039357,0.113618,0.006352,0.0000,0.285317,0.092705,0.000000,0.0000
13367.25,-0.037438,0.113331,0.006286,0.0000,0.285317,0.092705,0.000000,0.0000
13372.62,-0.035476,0.113127,0.006324,0.0000,0.285317,0.092705,0.000000,0.0000
13378.66,-0.033574,0.112838,0.006304,0.0000,0.285317,0.092705,0.000000,0.0000
13384.14,-0.033574,0.112838,0.006304,0.0000,0.285317,0.092705,0.000000,0.0000
13389.54,-0.031613,0.112626,0.006286,0.0000,0.285317,0.092705,0.000000,0.0000
13394.95,-0.031613,0.112626,0.006286,0.0000,0.285317,0.092705,0.000000,0.0000
13400.32,-0.029640,0.112355,0.006326,0.0000,0.285317,0.092705,0.000000,0.0000
13405.97,-0.027735,0.112033,0.006294,0.0000,0.285317,0.092705,0.000000,0.0000
13411.33,-0.027735,0.112033,0.006294,0.0000,0.285317,0.092705,0.000000,0.0000
13417.33,-0.025756,0.111817,0.006300,0.0000,0.285317,0.092705,0.000000,0.0000
13422.68,-0.023806,0.111551,0.006360,0.0000,0.285317,0.092705,0.000000,0.0000
13428.00,-0.023806,0.111551,0.006360,0.0000,0.285317,0.092705,0.000000,0.0000
13433.41,-0.021799,0.111262,0.006312,0.0000,0.285317,0.092705,0.000000,0.0000
13438.71,-0.019821,0.111096,0.006431,0.0000,0.285317,0.092705,0.000000,0.0000
13444.09,-0.019821,0.111096,0.006431,0.0000,0.285317,0.092705,0.000000,0.0000
13449.55,-0.017881,0.110763,0.006410,0.0000,0.285317,0.092705,0.000000,0.0000
13454.97,-0.017881,0.110763,0.006410,0.0000,0.285317,0.092705,0.000000,0.0000
13460.31,-0.015891,0.110478,0.006402,0.0000,0.285317,0.092705,0.000000,0.0000
13465.63,-0.013915,0.110231,0.006506,0.0000,0.285317,0.092705,0.000000,0.0000
13471.03,-0.011883,0.109947,0.006468,0.0000,0.285317,0.092705,0.000000,0.0000
13476.36,-0.011883,0.109947,0.006468,0.0000,0.285317,0.092705,0.000000,0.0000
13481.69,-0.009871,0.109635,0.006457,0.0000,0.285317,0.092705,0.000000,0.0000
13487.07,-0.007847,0.109374,0.006514,0.0000,0.285317,0.092705,0.000000,0.0000
13492.48,-0.007847,0.109374,0.006514,0.0000,0.285317,0.092705,0.000000,0.0000
13497.82,-0.005799,0.109022,0.006479,0.0000,0.285317,0.092705,0.000000,0.0000
13503.13,-0.005799,0.109022,0.006479,0.0000,0.285317,0.092705,0.000000,0.0000
13508.45,-0.003615,0.108807,0.006467,0.0000,0.285317,0.092705,0.000000,0.0000
13513.88,-0.001516,0.108496,0.006489,0.0000,0.285317,0.092705,0.000000,0.0000
13519.88,-0.001516,0.108496,0.006489,0.0000,0.285317,0.092705,0.000000,0.0000
13525.21,0.000591,0.108195,0.006509,0.0000,0.285317,0.092705,0.000000,0.0000
13530.55,0.002700,0.107907,0.006548,0.0000,0.285317,0.092705,0.000000,0.0000
13535.89,0.002700,0.107907,0.006548,0.0000,0.285317,0.092705,0.000000,0.0000
13541.27,0.004714,0.107530,0.006509,0.0000,0.285317,0.092705,0.000000,0.0000
13546.63,0.004714,0.107530,0.006509,0.0000,0.285317,0.092705,0.000000,0.0000
13552.07,0.006870,0.107357,0.006538,0.0000,0.285317,0.092705,0.000000,0.0000
13557.49,0.008912,0.106992,0.006544,0.0000,0.285317,0.092705,0.000000,0.0000
13562.93,0.011052,0.106691,0.006513,0.0000,0.285317,0.092705,0.000000,0.0000
13568.39,0.011052,0.106691,0.006513,0.0000,0.285317,0.092705,0.000000,0.0000
13573.76,0.013207,0.106448,0.006540,0.0000,0.285317,0.092705,0.000000,0.0000
13579.25,0.015320,0.106149,0.006608,0.0000,0.285317,0.092705,0.000000,0.0000
13584.62,0.015320,0.106149,0.006608,0.0000,0.285317,0.092705,0.000000,0.0000
13590.36,0.017559,0.105942,0.006564,0.0000,0.285317,0.092705,0.000000,0.0000
13595.71,0.019653,0.105588,0.006587,0.0000,0.285317,0.092705,0.000000,0.0000
13601.20,0.019653,0.105588,0.006587,0.0000,0.285317,0.092705,0.000000,0.0000
13606.59,0.021798,0.105362,0.006522,0.0000,0.285317,0.092705,0.000000,0.0000
13612.15,0.023995,0.105095,0.006479,0.0000,0.285317,0.092705,0.000000,0.0000
13617.57,0.023995,0.105095,0.006479,0.0000,0.285317,0.092705,0.000000,0.0000
13623.27,0.026054,0.104796,0.006548,0.0000,0.285317,0.092705,0.000000,0.0000
13628.75,0.028313,0.104560,0.006486,0.0000,0.285317,0.092705,0.000000,0.0000
13634.12,0.028313,0.104560,0.006486,0.0000,0.285317,0.092705,0.000000,0.0000
13639.51,0.030451,0.104245,0.006477,0.0000,0.285317,0.092705,0.000000,0.0000
13644.83,0.030451,0.104245,0.006477,0.0000,0.285317,0.092705,0.000000,0.0000
13650.19,0.032671,0.103991,0.006461,0.0000,0.285317,0.092705,0.000000,0.0000
13655.55,0.034956,0.103704,0.006398,0.0000,0.285317,0.092705,0.000000,0.0000
13660.90,0.034956,0.103704,0.006398,0.0000,0.285317,0.092705,0.000000,0.0000
13666.50,0.037189,0.103393,0.006366,0.0000,0.285317,0.092705,0.000000,0.0000
13671.86,0.039513,0.103163,0.006325,0.0000,0.285317,0.092705,0.000000,0.0000
13677.20,0.039513,0.103163,0.006325,0.0000,0.285317,0.092705,0.000000,0.0000
13682.55,0.041668,0.102855,0.006295,0.0000,0.285317,0.092705,0.000000,0.0000
13687.89,0.041668,0.102855,0.006295,0.0000,0.285317,0.092705,0.000000,0.0000
13693.30,0.043988,0.102640,0.006280,0.0000,0.285317,0.092705,0.000000,0.0000
13698.65,0.046236,0.102405,0.006238,0.0000,0.285317,0.092705,0.000000,0.0000
13703.97,0.048423,0.102084,0.006215,0.0000,0.285317,0.092705,0.000000,0.0000
13709.34,0.048423,0.102084,0.006215,0.0000,0.285317,0.092705,0.000000,0.0000
13714.68,0.050751,0.101822,0.006217,0.0000,0.285317,0.092705,0.000000,0.0000
13720.06,0.050751,0.101822,0.006217,0.0000,0.285317,0.092705,0.000000,0.0000
13725.85,0.053004,0.101557,0.006201,0.0000,0.285317,0.092705,0.000000,0.0000
13731.24,0.055349,0.101354,0.006157,0.0000,0.285317,0.092705,0.000000,0.0000
13736.57,0.055349,0.101354,0.006157,0.0000,0.285317,0.092705,0.000000,0.0000
13741.93,0.057665,0.101170,0.006159,0.0000,0.285317,0.092705,0.000000,0.0000
13747.25,0.057665,0.101170,0.006159,0.0000,0.285317,0.092705,0.000000,0.0000
13752.58,0.059940,0.100890,0.006153,0.0000,0.285317,0.092705,0.000000,0.0000
13757.94,0.062219,0.100695,0.006098,0.0000,0.285317,0.092705,0.000000,0.0000
13763.32,0.064569,0.100483,0.006079,0.0000,0.285317,0.092705,0.000000,0.0000
13768.67,0.064569,0.100483,0.006079,0.0000,0.285317,0.092705,0.000000,0.0000
13774.03,0.066833,0.100255,0.006059,0.0000,0.285317,0.092705,0.000000,0.0000
13779.62,0.069248,0.100108,0.006044,0.0000,0.285317,0.092705,0.000000,0.0000
13784.95,0.069248,0.100108,0.006044,0.0000,0.285317,0.092705,0.000000,0.0000
13790.30,0.071490,0.099822,0.005988,0.0000,0.285317,0.092705,0.000000,0.0000
13795.63,0.073795,0.099718,0.006031,0.0000,0.285317,0.092705,0.000000,0.0000
13800.96,0.073795,0.099718,0.006031,0.0000,0.285317,0.092705,0.000000,0.0000
13806.30,0.076155,0.099509,0.005988,0.0000,0.285317,0.092705,0.000000,0.0000
13811.67,0.076155,0.099509,0.005988,0.0000,0.285317,0.092705,0.000000,0.0000
13817.00,0.078494,0.099467,0.005961,0.0000,0.285317,0.092705,0.000000,0.0000
13822.48,0.080954,0.099284,0.005983,0.0000,0.285317,0.092705,0.000000,0.0000
13828.54,0.083190,0.099047,0.005941,0.0000,0.285317,0.092705,0.000000,0.0000
13833.88,0.083190,0.099047,0.005941,0.0000,0.285317,0.092705,0.000000,0.0000
13839.20,0.085588,0.098911,0.005914,0.0000,0.285317,0.092705,0.000000,0.0000
13844.58,0.085588,0.098911,0.005914,0.0000,0.285317,0.092705,0.000000,0.0000
13849.88,0.087890,0.098775,0.005935,0.0000,0.285317,0.092705,0.000000,0.0000
13855.20,0.087890,0.098775,0.005935,0.0000,0.285317,0.092705,0.000000,0.0000
13860.53,0.090305,0.098626,0.005893,0.0000,0.285317,0.092705,0.000000,0.0000
13865.84,0.092607,0.098572,0.005860,0.0000,0.285317,0.092705,0.000000,0.0000
13871.34,0.094953,0.098455,0.005853,0.0000,0.285317,0.092705,0.000000,0.0000
13876.67,0.094953,0.098455,0.005853,0.0000,0.285317,0.092705,0.000000,0.0000
13882.06,0.097219,0.098378,0.005856,0.0000,0.285317,0.092705,0.000000,0.0000
13887.46,0.099603,0.098339,0.005898,0.0000,0.285317,0.092705,0.000000,0.0000
13892.77,0.099603,0.098339,0.005898,0.0000,0.285317,0.092705,0.000000,0.0000
13898.09,0.101890,0.098308,0.005866,0.0000,0.285317,0.092705,0.000000,0.0000
13903.53,0.104249,0.098280,0.005866,0.0000,0.285317,0.092705,0.000000,0.0000
13909.07,0.104249,0.098280,0.005866,0.0000,0.285317,0.092705,0.000000,0.0000
13914.45,0.106525,0.098257,0.005856,0.0000,0.285317,0.092705,0.000000,0.0000
13919.77,0.106525,0.098257,0.005856,0.0000,0.285317,0.092705,0.000000,0.0000
13925.10,0.108960,0.098209,0.005798,0.0000,0.285317,0.092705,0.000000,0.0000
13930.94,0.111241,0.098183,0.005784,0.0000,0.285317,0.092705,0.000000,0.0000
13936.29,0.111241,0.098183,0.005784,0.0000,0.285317,0.092705,0.000000,0.0000
13941.61,0.113671,0.098268,0.005817,0.0000,0.285317,0.092705,0.000000,0.0000
13946.96,0.113671,0.098268,0.005817,0.0000,0.285317,0.092705,0.000000,0.0000
13952.46,0.115954,0.098245,0.005833,0.0000,0.285317,0.092705,0.000000,0.0000
13957.89,0.118358,0.098349,0.005801,0.0000,0.285317,0.092705,0.000000,0.0000
13963.24,0.120690,0.098405,0.005738,0.0000,0.285317,0.092705,0.000000,0.0000
13968.68,0.120690,0.098405,0.005738,0.0000,0.285317,0.092705,0.000000,0.0000
13974.05,0.122883,0.098435,0.005765,0.0000,0.285317,0.092705,0.000000,0.0000
13979.70,0.125184,0.098486,0.005767,0.0000,0.285317,0.092705,0.000000,0.0000
13985.06,0.125184,0.098486,0.005767,0.0000,0.285317,0.092705,0.000000,0.0000
13990.43,0.127386,0.098620,0.005786,0.0000,0.285317,0.092705,0.000000,0.0000
13995.80,0.129614,0.098671,0.005756,0.0000,0.285317,0.092705,0.000000,0.0000
14001.13,0.129614,0.098671,0.005756,0.0000,0.285317,0.092705,0.000000,0.0000
14006.47,0.131984,0.098861,0.005734,0.0000,0.285317,0.092705,0.000000,0.0000
14011.81,0.131984,0.098861,0.005734,0.0000,0.285317,0.092705,0.000000,0.0000
14017.16,0.134110,0.098936,0.005761,0.0000,0.285317,0.092705,0.000000,0.0000
14022.62,0.136366,0.099086,0.005793,0.0000,0.285317,0.092705,0.000000,0.0000
14027.93,0.136366,0.099086,0.005793,0.0000,0.285317,0.092705,0.000000,0.0000
14033.33,0.138582,0.099174,0.005764,0.0000,0.285317,0.092705,0.000000,0.0000
14038.67,0.140809,0.099313,0.005735,0.0000,0.285317,0.092705,0.000000,0.0000
14044.00,0.140809,0.099313,0.005735,0.0000,0.285317,0.092705,0.000000,0.0000
14049.40,0.142957,0.099409,0.005752,0.0000,0.285317,0.092705,0.000000,0.0000
14054.71,0.142957,0.099409,0.005752,0.0000,0.285317,0.092705,0.000000,0.0000
14060.25,0.145181,0.099615,0.005732,0.0000,0.285317,0.092705,0.000000,0.0000
14065.58,0.147382,0.099721,0.005708,0.0000,0.285317,0.092705,0.000000,0.0000
14070.99,0.149482,0.100009,0.005804,0.0000,0.285317,0.092705,0.000000,0.0000
14076.32,0.149482,0.100009,0.005804,0.0000,0.285317,0.092705,0.000000,0.0000
14081.65,0.151538,0.100155,0.005830,0.0000,0.285317,0.092705,0.000000,0.0000
14087.21,0.153653,0.100340,0.005793,0.0000,0.285317,0.092705,0.000000,0.0000
14092.63,0.153653,0.100340,0.005793,0.0000,0.285317,0.092705,0.000000,0.0000
14097.96,0.155733,0.100571,0.005734,0.0000,0.285317,0.092705,0.000000,0.0000
14103.41,0.155733,0.100571,0.005734,0.0000,0.285317,0.092705,0.000000,0.0000
14108.76,0.157828,0.100824,0.005725,0.0000,0.285317,0.092705,0.000000,0.0000
14114.22,0.159892,0.100932,0.005710,0.0000,0.285317,0.092705,0.000000,0.0000
14119.55,0.159892,0.100932,0.005710,0.0000,0.285317,0.092705,0.000000,0.0000
14124.88,0.161944,0.101183,0.005723,0.0000,0.285317,0.092705,0.000000,0.0000
14130.23,0.163880,0.101482,0.005769,0.0000,0.285317,0.092705,0.000000,0.0000
14136.22,0.163880,0.101482,0.005769,0.0000,0.285317,0.092705,0.000000,0.0000
14141.56,0.165865,0.101769,0.005770,0.0000,0.285317,0.092705,0.000000,0.0000
14146.90,0.167784,0.101902,0.005777,0.0000,0.285317,0.092705,0.000000,0.0000
14152.26,0.167784,0.101902,0.005777,0.0000,0.285317,0.092705,0.000000,0.0000
14157.76,0.169614,0.102118,0.005787,0.0000,0.285317,0.092705,0.000000,0.0000
14163.13,0.169614,0.102118,0.005787,0.0000,0.285317,0.092705,0.000000,0.0000
14168.69,0.171486,0.102430,0.005880,0.0000,0.285317,0.092705,0.000000,0.0000
14174.03,0.173357,0.102700,0.005892,0.0000,0.285317,0.092705,0.000000,0.0000
14179.70,0.175236,0.102978,0.005889,0.0000,0.285317,0.092705,0.000000,0.0000
14185.10,0.175236,0.102978,0.005889,0.0000,0.285317,0.092705,0.000000,0.0000
14190.47,0.176976,0.103149,0.005903,0.0000,0.285317,0.092705,0.000000,0.0000
14195.82,0.178869,0.103436,0.005920,0.0000,0.285317,0.092705,0.000000,0.0000
14201.15,0.178869,0.103436,0.005920,0.0000,0.285317,0.092705,0.000000,0.0000
14206.46,0.180548,0.103582,0.005948,0.0000,0.285317,0.092705,0.000000,0.0000
14211.83,0.182310,0.103923,0.006015,0.0000,0.285317,0.092705,0.000000,0.0000
14217.30,0.182310,0.103923,0.006015,0.0000,0.285317,0.092705,0.000000,0.0000
14222.64,0.184044,0.104166,0.006069,0.0000,0.285317,0.092705,0.000000,0.0000
14227.93,0.184044,0.104166,0.006069,0.0000,0.285317,0.092705,0.000000,0.0000
14233.28,0.185655,0.104310,0.006115,0.0000,0.285317,0.092705,0.000000,0.0000
14238.88,0.187288,0.104500,0.006098,0.0000,0.285317,0.092705,0.000000,0.0000
14244.20,0.187288,0.104500,0.006098,0.0000,0.285317,0.092705,0.000000,0.0000
14249.56,0.188873,0.104686,0.006225,0.0000,0.285317,0.092705,0.000000,0.0000
14254.92,0.190493,0.104965,0.006209,0.0000,0.285317,0.092705,0.000000,0.0000
14260.29,0.190493,0.104965,0.006209,0.0000,0.285317,0.092705,0.000000,0.0000
14265.61,0.192014,0.105231,0.006237,0.0000,0.285317,0.092705,0.000000,0.0000
14270.93,0.193476,0.105387,0.006252,0.0000,0.285317,0.092705,0.000000,0.0000
14276.51,0.193476,0.105387,0.006252,0.0000,0.285317,0.092705,0.000000,0.0000
14281.88,0.194892,0.105565,0.006242,0.0000,0.285317,0.092705,0.000000,0.0000
14287.25,0.196280,0.105752,0.006245,0.0000,0.285317,0.092705,0.000000,0.0000
14292.57,0.196280,0.105752,0.006245,0.0000,0.285317,0.092705,0.000000,0.0000
14297.89,0.197619,0.105954,0.006217,0.0000,0.285317,0.092705,0.000000,0.0000
14303.22,0.197619,0.105954,0.006217,0.0000,0.285317,0.092705,0.000000,0.0000
14308.57,0.198945,0.106124,0.006198,0.0000,0.285317,0.092705,0.000000,0.0000
14314.08,0.200313,0.106378,0.006221,0.0000,0.285317,0.092705,0.000000,0.0000
14319.44,0.200313,0.106378,0.006221,0.0000,0.285317,0.092705,0.000000,0.0000
14324.76,0.201510,0.106518,0.006274,0.0000,0.285317,0.092705,0.000000,0.0000
14330.15,0.202866,0.106685,0.006262,0.0000,0.285317,0.092705,0.000000,0.0000
14335.47,0.202866,0.106685,0.006262,0.0000,0.285317,0.092705,0.000000,0.0000
14341.51,0.204054,0.106883,0.006240,0.0000,0.285317,0.092705,0.000000,0.0000
14346.90,0.205226,0.106988,0.006230,0.0000,0.285317,0.092705,0.000000,0.0000
14352.27,0.205226,0.106988,0.006230,0.0000,0.285317,0.092705,0.000000,0.0000
14357.64,0.206415,0.107123,0.006181,0.0000,0.285317,0.092705,0.000000,0.0000
14362.98,0.207532,0.107240,0.006205,0.0000,0.285317,0.092705,0.000000,0.0000
14368.34,0.207532,0.107240,0.006205,0.0000,0.285317,0.092705,0.000000,0.0000
14373.67,0.208598,0.107349,0.006172,0.0000,0.285317,0.092705,0.000000,0.0000
14379.23,0.208598,0.107349,0.006172,0.0000,0.285317,0.092705,0.000000,0.0000
14384.57,0.209690,0.107423,0.006165,0.0000,0.285317,0.092705,0.000000,0.0000
14390.07,0.210674,0.107503,0.006088,0.0000,0.285317,0.092705,0.000000,0.0000
14395.39,0.211769,0.107666,0.006041,0.0000,0.285317,0.092705,0.000000,0.0000
14400.77,0.211769,0.107666,0.006041,0.0000,0.285317,0.092705,0.000000,0.0000
14406.09,0.212650,0.107753,0.006045,0.0000,0.285317,0.092705,0.000000,0.0000
14411.43,0.212650,0.107753,0.006045,0.0000,0.285317,0.092705,0.000000,0.0000
14416.76,0.213622,0.107815,0.006008,0.0000,0.285317,0.092705,0.000000,0.0000
14422.67,0.214496,0.107846,0.006005,0.0000,0.285317,0.092705,0.000000,0.0000
14428.01,0.214496,0.107846,0.006005,0.0000,0.285317,0.092705,0.000000,0.0000
14433.33,0.215329,0.107882,0.005940,0.0000,0.285317,0.092705,0.000000,0.0000
14439.02,0.216292,0.108015,0.005889,0.0000,0.285317,0.092705,0.000000,0.0000
14444.39,0.216292,0.108015,0.005889,0.0000,0.285317,0.092705,0.000000,0.0000
14449.79,0.217073,0.108025,0.005861,0.0000,0.285317,0.092705,0.000000,0.0000
14455.14,0.217902,0.108094,0.005785,0.0000,0.285317,0.092705,0.000000,0.0000
14460.49,0.217902,0.108094,0.005785,0.0000,0.285317,0.092705,0.000000,0.0000
14465.89,0.218762,0.108110,0.005718,0.0000,0.285317,0.092705,0.000000,0.0000
14471.24,0.219449,0.108100,0.005704,0.0000,0.285317,0.092705,0.000000,0.0000
14476.67,0.219449,0.108100,0.005704,0.0000,0.285317,0.092705,0.000000,0.0000
14482.02,0.220301,0.108115,0.005686,0.0000,0.285317,0.092705,0.000000,0.0000
14487.41,0.220983,0.108095,0.005677,0.0000,0.285317,0.092705,0.000000,0.0000
14492.70,0.220983,0.108095,0.005677,0.0000,0.285317,0.092705,0.000000,0.0000
14498.03,0.221753,0.108117,0.005685,0.0000,0.285317,0.092705,0.000000,0.0000
14503.53,0.222510,0.108105,0.005635,0.0000,0.285317,0.092705,0.000000,0.0000
14508.98,0.222510,0.108105,0.005635,0.0000,0.285317,0.092705,0.000000,0.0000
14514.32,0.223122,0.108060,0.005600,0.0000,0.285317,0.092705,0.000000,0.0000
14519.69,0.223122,0.108060,0.005600,0.0000,0.285317,0.092705,0.000000,0.0000
14525.03,0.223762,0.108058,0.005555,0.0000,0.285317,0.092705,0.000000,0.0000
14530.36,0.224378,0.108035,0.005526,0.0000,0.285317,0.092705,0.000000,0.0000
14535.68,0.224378,0.108035,0.005526,0.0000,0.285317,0.092705,0.000000,0.0000
14541.37,0.224945,0.107989,0.005522,0.0000,0.285317,0.092705,0.000000,0.0000
14546.70,0.225541,0.107958,0.005501,0.0000,0.285317,0.092705,0.000000,0.0000
14552.04,0.225541,0.107958,0.005501,0.0000,0.285317,0.092705,0.000000,0.0000
14557.37,0.226120,0.107971,0.005512,0.0000,0.285317,0.092705,0.000000,0.0000
14562.71,0.226697,0.107948,0.005520,0.0000,0.285317,0.092705,0.000000,0.0000
14568.04,0.226697,0.107948,0.005520,0.0000,0.285317,0.092705,0.000000,0.0000
14573.51,0.227200,0.107869,0.005520,0.0000,0.285317,0.092705,0.000000,0.0000
14578.87,0.227200,0.107869,0.005520,0.0000,0.285317,0.092705,0.000000,0.0000
14584.46,0.227652,0.107780,0.005532,0.0000,0.285317,0.092705,0.000000,0.0000
14589.82,0.228144,0.107739,0.005532,0.0000,0.285317,0.092705,0.000000,0.0000
14595.18,0.228591,0.107677,0.005566,0.0000,0.285317,0.092705,0.000000,0.0000
14601.14,0.228591,0.107677,0.005566,0.0000,0.285317,0.092705,0.000000,0.0000
14607.14,0.229135,0.107628,0.005552,0.0000,0.285317,0.092705,0.000000,0.0000
14612.54,0.229666,0.107596,0.005577,0.0000,0.285317,0.092705,0.000000,0.0000
14617.86,0.229666,0.107596,0.005577,0.0000,0.285317,0.092705,0.000000,0.0000
14623.20,0.230012,0.107434,0.005587,0.0000,0.285317,0.092705,0.000000,0.0000
14628.53,0.230012,0.107434,0.005587,0.0000,0.285317,0.092705,0.000000,0.0000
14633.82,0.230436,0.107361,0.005561,0.0000,0.285317,0.092705,0.000000,0.0000
14639.26,0.230852,0.107271,0.005534,0.0000,0.285317,0.092705,0.000000,0.0000
14644.70,0.230852,0.107271,0.005534,0.0000,0.285317,0.092705,0.000000,0.0000
14650.21,0.231311,0.107201,0.005521,0.0000,0.285317,0.092705,0.000000,0.0000
14655.95,0.231311,0.107201,0.005521,0.0000,0.285317,0.092705,0.000000,0.0000
14661.37,0.231772,0.107165,0.005543,0.0000,0.285317,0.092705,0.000000,0.0000
14666.93,0.232134,0.107068,0.005562,0.0000,0.285317,0.092705,0.000000,0.0000
14672.59,0.232510,0.107005,0.005566,0.0000,0.285317,0.092705,0.000000,0.0000
14678.02,0.232510,0.107005,0.005566,0.0000,0.285317,0.092705,0.000000,0.0000
14683.44,0.232893,0.106949,0.005569,0.0000,0.285317,0.092705,0.000000,0.0000
14688.45,0.233295,0.106863,0.005557,0.0000,0.285317,0.092705,0.000000,0.0000
14693.89,0.233295,0.106863,0.005557,0.0000,0.285317,0.092705,0.000000,0.0000
14699.47,0.233701,0.106745,0.005528,0.0000,0.285317,0.092705,0.000000,0.0000
14704.93,0.234048,0.106682,0.005542,0.0000,0.285317,0.092705,0.000000,0.0000
14710.31,0.234048,0.106682,0.005542,0.0000,0.285317,0.092705,0.000000,0.0000
14715.70,0.234407,0.106547,0.005549,0.0000,0.285317,0.092705,0.000000,0.0000
14721.56,0.234762,0.106416,0.005557,0.0000,0.285317,0.092705,0.000000,0.0000
14726.96,0.234762,0.106416,0.005557,0.0000,0.285317,0.092705,0.000000,0.0000
14732.32,0.235088,0.106342,0.005569,0.0000,0.285317,0.092705,0.000000,0.0000
14737.99,0.235417,0.106233,0.005536,0.0000,0.285317,0.092705,0.000000,0.0000
14743.61,0.235417,0.106233,0.005536,0.0000,0.285317,0.092705,0.000000,0.0000
14749.12,0.235727,0.106079,0.005531,0.0000,0.285317,0.092705,0.000000,0.0000
14754.62,0.236009,0.105930,0.005515,0.0000,0.285317,0.092705,0.000000,0.0000
14759.95,0.236009,0.105930,0.005515,0.0000,0.285317,0.092705,0.000000,0.0000
14765.47,0.236410,0.105879,0.005498,0.0000,0.285317,0.092705,0.000000,0.0000
14771.50,0.236670,0.105757,0.005496,0.0000,0.285317,0.092705,0.000000,0.0000
14776.92,0.236670,0.105757,0.005496,0.0000,0.285317,0.092705,0.000000,0.0000
14782.33,0.236979,0.105686,0.005485,0.0000,0.285317,0.092705,0.000000,0.0000
14787.67,0.237351,0.105595,0.005490,0.0000,0.285317,0.092705,0.000000,0.0000
14793.00,0.237351,0.105595,0.005490,0.0000,0.285317,0.092705,0.000000,0.0000
14798.48,0.237633,0.105433,0.005473,0.0000,0.285317,0.092705,0.000000,0.0000
14803.85,0.237929,0.105314,0.005444,0.0000,0.285317,0.092705,0.000000,0.0000
14809.20,0.237929,0.105314,0.005444,0.0000,0.285317,0.092705,0.000000,0.0000
14814.56,0.238207,0.105190,0.005449,0.0000,0.285317,0.092705,0.000000,0.0000
14819.94,0.238207,0.105190,0.005449,0.0000,0.285317,0.092705,0.000000,0.0000
14825.27,0.238506,0.105088,0.005440,0.0000,0.285317,0.092705,0.000000,0.0000
14830.63,0.238811,0.105004,0.005427,0.0000,0.285317,0.092705,0.000000,0.0000
14835.94,0.238811,0.105004,0.005427,0.0000,0.285317,0.092705,0.000000,0.0000
14841.28,0.239073,0.104854,0.005470,0.0000,0.285317,0.092705,0.000000,0.0000
14846.71,0.239448,0.104746,0.005453,0.0000,0.285317,0.092705,0.000000,0.0000
14852.15,0.239448,0.104746,0.005453,0.0000,0.285317,0.092705,0.000000,0.0000
14857.47,0.239795,0.104635,0.005454,0.0000,0.285317,0.092705,0.000000,0.0000
14862.85,0.240091,0.104499,0.005461,0.0000,0.285317,0.092705,0.000000,0.0000
14868.31,0.240091,0.104499,0.005461,0.0000,0.285317,0.092705,0.000000,0.0000
14873.66,0.240409,0.104409,0.005433,0.0000,0.285317,0.092705,0.000000,0.0000
14878.98,0.240674,0.104282,0.005438,0.0000,0.285317,0.092705,0.000000,0.0000
14884.33,0.240674,0.104282,0.005438,0.0000,0.285317,0.092705,0.000000,0.0000
14889.68,0.240978,0.104143,0.005451,0.0000,0.285317,0.092705,0.000000,0.0000
14895.22,0.241350,0.104047,0.005438,0.0000,0.285317,0.092705,0.000000,0.0000
14900.72,0.241350,0.104047,0.005438,0.0000,0.285317,0.092705,0.000000,0.0000
14906.05,0.241591,0.103885,0.005485,0.0000,0.285317,0.092705,0.000000,0.0000
14911.39,0.241591,0.103885,0.005485,0.0000,0.285317,0.092705,0.000000,0.0000
14916.70,0.241942,0.103805,0.005485,0.0000,0.285317,0.092705,0.000000,0.0000
14922.03,0.242288,0.103692,0.005464,0.0000,0.285317,0.092705,0.000000,0.0000
14927.37,0.242288,0.103692,0.005464,0.0000,0.285317,0.092705,0.000000,0.0000
14933.01,0.242541,0.103606,0.005512,0.0000,0.285317,0.092705,0.000000,0.0000
14938.40,0.242837,0.103523,0.005494,0.0000,0.285317,0.092705,0.000000,0.0000
14943.76,0.242837,0.103523,0.005494,0.0000,0.285317,0.092705,0.000000,0.0000
14949.11,0.243158,0.103457,0.005502,0.0000,0.285317,0.092705,0.000000,0.0000
14954.14,0.243452,0.103331,0.005507,0.0000,0.285317,0.092705,0.000000,0.0000
14959.47,0.243452,0.103331,0.005507,0.0000,0.285317,0.092705,0.000000,0.0000
14964.83,0.243793,0.103199,0.005495,0.0000,0.285317,0.092705,0.000000,0.0000
14970.36,0.244077,0.103018,0.005498,0.0000,0.285317,0.092705,0.000000,0.0000
14976.15,0.244077,0.103018,0.005498,0.0000,0.285317,0.092705,0.000000,0.0000
14981.48,0.244383,0.102918,0.005517,0.0000,0.285317,0.092705,0.000000,0.0000
14987.10,0.244693,0.102821,0.005529,0.0000,0.285317,0.092705,0.000000,0.0000
14992.57,0.244693,0.102821,0.005529,0.0000,0.285317,0.092705,0.000000,0.0000
14997.96,0.244952,0.102734,0.005538,0.0000,0.285317,0.092705,0.000000,0.0000
15003.29,0.244952,0.102734,0.005538,0.0000,0.285317,0.092705,0.000000,0.0000
15008.62,0.245242,0.102685,0.005521,0.0000,0.285317,0.092705,0.000000,0.0000
