time_wall,time_ms,state_x,state_y,state_z,roll,pitch,yaw,u1_16,u2_16,u3_16,u4_16,setpoint_x,setpoint_y,setpoint_z,setpoint_yaw_deg,mocap_time_ms,mocap_x,mocap_y,mocap_z,mocap_qx,mocap_qy,mocap_qz,mocap_qw,mocap_mode
2026-03-07T18:07:58.409812+00:00,1772906878409.809,0.436768,-0.558594,0.305664,-0.275635,-0.286865,0.044891,0,0,0,0,0.450000,-0.550000,0.300000,0.000000,1772906878405.961,0.434463,-0.559753,0.305190,0.000000,0.000000,0.000000,1.000000,position_only
2026-03-07T18:07:58.419485+00:00,1772906878419.484,0.436523,-0.558594,0.305664,-0.275146,-0.271729,0.051392,0,0,0,0,0.450000,-0.550000,0.300000,0.000000,1772906878414.585,0.434466,-0.559716,0.305154,0.000000,0.000000,0.000000,1.000000,position_only
2026-03-07T18:07:58.430116+00:00,1772906878430.114,0.436523,-0.558594,0.305420,-0.267090,-0.273438,0.048645,0,0,0,0,0.450000,-0.550000,0.300000,0.000000,1772906878423.087,0.434433,-0.559716,0.305134,0.000000,0.000000,0.000000,1.000000,position_only
2026-03-07T18:07:58.439749+00:00,1772906878439.748,0.436523,-0.558594,0.305420,-0.269775,-0.272461,0.055115,0,0,0,0,0.450000,-0.550000,0.300000,0.000000,1772906878431.590,0.434442,-0.559716,0.305109,0.000000,0.000000,0.000000,1.000000,position_only
2026-03-07T18:07:58.448952+00:00,1772906878448.951,0.436523,-0.558594,0.305420,-0.254883,-0.275879,0.058838,0,0,0,0,0.450000,-0.550000,0.300000,0.000000,1772906878448.588,0.434395,-0.559703,0.305054,0.000000,0.000000,0.000000,1.000000,position_only
2026-03-07T18:07:58.459752+00:00,1772906878459.751,0.436523,-0.558105,0.305420,-0.245605,-0.267334,0.054077,0,0,0,0,0.450000,-0.550000,0.300000,0.000000,1772906878457.242,0.434375,-0.559670,0.305044,0.000000,0.000000,0.000000,1.000000,position_only
2026-03-07T18:07:58.469764+00:00,1772906878469.763,0.436523,-0.558105,0.305420,-0.236084,-0.276367,0.044037,0,0,0,0,0.450000,-0.550000,0.300000,0.000000,1772906878465.898,0.434368,-0.559629,0.305024,0.000000,0.000000,0.000000,1.000000,position_only
2026-03-07T18:07:58.479227+00:00,1772906878479.225,0.436523,-0.558594,0.305420,-0.218018,-0.282715,0.043396,0,0,0,0,0.450000,-0.550000,0.300000,0.000000,1772906878474.501,0.434346,-0.559623,0.304994,0.000000,0.000000,0.000000,1.000000,position_only
2026-03-07T18:07:58.490343+00:00,1772906878490.342,0.436523,-0.558105,0.305420,-0.214355,-0.298096,0.045746,0,0,0,0,0.450000,-0.550000,0.300000,0.000000,1772906878482.948,0.434323,-0.559615,0.304984,0.000000,0.000000,0.000000,1.000000,position_only
2026-03-07T18:07:58.500182+00:00,1772906878500.181,0.436523,-0.558105,0.305420,-0.228149,-0.320557,0.038116,0,0,0,0,0.450000,-0.550000,0.300000,0.000000,1772906878491.591,0.434315,-0.559574,0.304962,0.000000,0.000000,0.000000,1.000000,position_only
2026-03-07T18:07:58.510048+00:00,1772906878510.047,0.436523,-0.558105,0.305420,-0.239990,-0.346680,0.034241,0,0,0,0,0.450000,-0.550000,0.300000,0.000000,1772906878508.860,0.434265,-0.559522,0.304917,0.000000,0.000000,0.000000,1.000000,position_only
2026-03-07T18:07:58.519090+00:00,1772906878519.089,0.436523,-0.558105,0.305420,-0.261475,-0.359131,0.038910,0,0,0,0,0.450000,-0.550000,0.300000,0.000000,1772906878517.446,0.434262,-0.559486,0.304887,0.000000,0.000000,0.000000,1.000000,position_only
2026-03-07T18:07:58.529614+00:00,1772906878529.613,0.436523,-0.558105,0.305176,-0.278076,-0.365723,0.035645,0,0,0,0,0.450000,-0.550000,0.300000,0.000000,1772906878526.021,0.434214,-0.559467,0.304870,0.000000,0.000000,0.000000,1.000000,position_only
2026-03-07T18:07:58.540309+00:00,1772906878540.308,0.436523,-0.558105,0.305176,-0.283936,-0.354004,0.043427,0,0,0,0,0.450000,-0.550000,0.300000,0.000000,1772906878534.675,0.434178,-0.559438,0.304860,0.000000,0.000000,0.000000,1.000000,position_only
2026-03-07T18:07:58.550243+00:00,1772906878550.242,0.436279,-0.558105,0.305176,-0.290527,-0.348389,0.045746,0,0,0,0,0.450000,-0.550000,0.300000,0.000000,1772906878543.197,0.434165,-0.559397,0.304817,0.000000,0.000000,0.000000,1.000000,position_only
2026-03-07T18:07:58.560029+00:00,1772906878560.029,0.436279,-0.558105,0.305176,-0.285400,-0.323730,0.042877,0,0,0,0,0.450000,-0.550000,0.300000,0.000000,1772906878551.651,0.434121,-0.559372,0.304778,0.000000,0.000000,0.000000,1.000000,position_only
2026-03-07T18:07:58.569917+00:00,1772906878569.917,0.436279,-0.558105,0.305176,-0.275879,-0.311523,0.044647,0,0,0,0,0.450000,-0.550000,0.300000,0.000000,1772906878568.706,0.434072,-0.559290,0.304718,0.000000,0.000000,0.000000,1.000000,position_only
2026-03-07T18:07:58.580530+00:00,1772906878580.529,0.436279,-0.558105,0.305176,-0.276367,-0.314697,0.047760,0,0,0,0,0.450000,-0.550000,0.300000,0.000000,1772906878577.261,0.434025,-0.559272,0.304691,0.000000,0.000000,0.000000,1.000000,position_only
2026-03-07T18:07:58.590242+00:00,1772906878590.241,0.436279,-0.558105,0.305176,-0.277588,-0.319092,0.050232,0,0,0,0,0.450000,-0.550000,0.300000,0.000000,1772906878585.935,0.433989,-0.559236,0.304653,0.000000,0.000000,0.000000,1.000000,position_only
2026-03-07T18:07:58.600064+00:00,1772906878600.063,0.436035,-0.558105,0.304932,-0.270752,-0.326660,0.051361,0,0,0,0,0.450000,-0.550000,0.300000,0.000000,1772906878594.518,0.433960,-0.559183,0.304609,0.000000,0.000000,0.000000,1.000000,position_only
2026-03-07T18:07:58.609914+00:00,1772906878609.913,0.436035,-0.558105,0.304932,-0.252197,-0.320068,0.051971,0,0,0,0,0.450000,-0.550000,0.300000,0.000000,1772906878603.024,0.433931,-0.559148,0.304581,0.000000,0.000000,0.000000,1.000000,position_only
2026-03-07T18:07:58.620387+00:00,1772906878620.387,0.436035,-0.558105,0.304932,-0.243286,-0.332520,0.053406,0,0,0,0,0.450000,-0.550000,0.300000,0.000000,1772906878620.205,0.433870,-0.559078,0.304506,0.000000,0.000000,0.000000,1.000000,position_only
2026-03-07T18:07:58.630143+00:00,1772906878630.143,0.436035,-0.558105,0.304932,-0.236572,-0.328857,0.059509,0,0,0,0,0.450000,-0.550000,0.300000,0.000000,1772906878628.756,0.433817,-0.559050,0.304480,0.000000,0.000000,0.000000,1.000000,position_only
2026-03-07T18:07:58.639917+00:00,1772906878639.917,0.436035,-0.557617,0.304932,-0.221436,-0.333984,0.056091,0,0,0,0,0.450000,-0.550000,0.300000,0.000000,1772906878637.269,0.433796,-0.559026,0.304451,0.000000,0.000000,0.000000,1.000000,position_only
2026-03-07T18:07:58.649782+00:00,1772906878649.781,0.436035,-0.557617,0.304932,-0.207520,-0.361084,0.050995,0,0,0,0,0.450000,-0.550000,0.300000,0.000000,1772906878645.788,0.433763,-0.558973,0.304419,0.000000,0.000000,0.000000,1.000000,position_only
2026-03-07T18:07:58.659481+00:00,1772906878659.480,0.436035,-0.557617,0.304932,-0.189941,-0.379639,0.057465,0,0,0,0,0.450000,-0.550000,0.300000,0.000000,1772906878654.280,0.433736,-0.558949,0.304380,0.000000,0.000000,0.000000,1.000000,position_only
2026-03-07T18:07:58.669924+00:00,1772906878669.923,0.435791,-0.557617,0.304688,-0.190796,-0.391113,0.055084,0,0,0,0,0.450000,-0.550000,0.300000,0.000000,1772906878662.767,0.433672,-0.558877,0.304331,0.000000,0.000000,0.000000,1.000000,position_only
2026-03-07T18:07:58.679760+00:00,1772906878679.759,0.435791,-0.557617,0.304688,-0.186646,-0.401123,0.049103,0,0,0,0,0.450000,-0.550000,0.300000,0.000000,1772906878671.396,0.433672,-0.558877,0.304331,0.000000,0.000000,0.000000,1.000000,position_only
2026-03-07T18:07:58.690178+00:00,1772906878690.177,0.435791,-0.557617,0.304688,-0.180054,-0.421143,0.047119,0,0,0,0,0.450000,-0.550000,0.300000,0.000000,1772906878688.506,0.433574,-0.558763,0.304260,0.000000,0.000000,0.000000,1.000000,position_only
2026-03-07T18:07:58.700261+00:00,1772906878700.261,0.435791,-0.557617,0.304688,-0.178955,-0.438721,0.046509,0,0,0,0,0.450000,-0.550000,0.300000,0.000000,1772906878697.281,0.433554,-0.558744,0.304234,0.000000,0.000000,0.000000,1.000000,position_only
2026-03-07T18:07:58.709680+00:00,1772906878709.680,0.435791,-0.557617,0.304688,-0.181274,-0.456787,0.048309,0,0,0,0,0.450000,-0.550000,0.300000,0.000000,1772906878705.915,0.433513,-0.558704,0.304221,0.000000,0.000000,0.000000,1.000000,position_only
2026-03-07T18:07:58.720306+00:00,1772906878720.306,0.435791,-0.557617,0.304688,-0.197144,-0.467773,0.055054,0,0,0,0,0.450000,-0.550000,0.300000,0.000000,1772906878714.416,0.433447,-0.558654,0.304206,0.000000,0.000000,0.000000,1.000000,position_only
2026-03-07T18:07:58.730120+00:00,1772906878730.119,0.435547,-0.557617,0.304688,-0.215820,-0.461670,0.061707,0,0,0,0,0.450000,-0.550000,0.300000,0.000000,1772906878722.926,0.433422,-0.558631,0.304163,0.000000,0.000000,0.000000,1.000000,position_only
2026-03-07T18:07:58.740687+00:00,1772906878740.687,0.435547,-0.557617,0.304688,-0.230591,-0.453369,0.059998,0,0,0,0,0.450000,-0.550000,0.300000,0.000000,1772906878740.030,0.433345,-0.558535,0.304140,0.000000,0.000000,0.000000,1.000000,position_only
2026-03-07T18:07:58.749985+00:00,1772906878749.983,0.435547,-0.557617,0.304688,-0.231323,-0.442627,0.066345,0,0,0,0,0.450000,-0.550000,0.300000,0.000000,1772906878748.533,0.433294,-0.558500,0.304127,0.000000,0.000000,0.000000,1.000000,position_only
2026-03-07T18:07:58.760119+00:00,1772906878760.118,0.435547,-0.557129,0.304443,-0.229858,-0.431396,0.071045,0,0,0,0,0.450000,-0.550000,0.300000,0.000000,1772906878757.045,0.433192,-0.558448,0.304126,0.000000,0.000000,0.000000,1.000000,position_only
2026-03-07T18:07:58.770013+00:00,1772906878770.013,0.435547,-0.557129,0.304443,-0.222290,-0.430420,0.077026,0,0,0,0,0.450000,-0.550000,0.300000,0.000000,1772906878765.589,0.433153,-0.558403,0.304084,0.000000,0.000000,0.000000,1.000000,position_only
2026-03-07T18:07:58.779760+00:00,1772906878779.759,0.435547,-0.557129,0.304443,-0.218750,-0.424072,0.084229,0,0,0,0,0.450000,-0.550000,0.300000,0.000000,1772906878774.086,0.433113,-0.558356,0.304058,0.000000,0.000000,0.000000,1.000000,position_only
2026-03-07T18:07:58.789924+00:00,1772906878789.923,0.435303,-0.557129,0.304443,-0.223633,-0.415771,0.092407,0,0,0,0,0.450000,-0.550000,0.300000,0.000000,1772906878782.654,0.433088,-0.558333,0.304045,0.000000,0.000000,0.000000,1.000000,position_only
2026-03-07T18:07:58.800374+00:00,1772906878800.374,0.435303,-0.557129,0.304443,-0.220093,-0.397705,0.103760,0,0,0,0,0.450000,-0.550000,0.300000,0.000000,1772906878799.892,0.432983,-0.558263,0.304009,0.000000,0.000000,0.000000,1.000000,position_only
2026-03-07T18:07:58.809557+00:00,1772906878809.557,0.435303,-0.557129,0.304443,-0.209961,-0.372070,0.117004,0,0,0,0,0.450000,-0.550000,0.300000,0.000000,1772906878808.384,0.432936,-0.558236,0.303993,0.000000,0.000000,0.000000,1.000000,position_only
2026-03-07T18:07:58.820915+00:00,1772906878820.915,0.435303,-0.557129,0.304443,-0.182861,-0.362793,0.130737,0,0,0,0,0.450000,-0.550000,0.300000,0.000000,1772906878816.888,0.432880,-0.558187,0.303971,0.000000,0.000000,0.000000,1.000000,position_only
2026-03-07T18:07:58.830787+00:00,1772906878830.786,0.435303,-0.557129,0.304443,-0.172729,-0.375244,0.139160,0,0,0,0,0.450000,-0.550000,0.300000,0.000000,1772906878825.649,0.432843,-0.558138,0.303957,0.000000,0.000000,0.000000,1.000000,position_only
2026-03-07T18:07:58.841064+00:00,1772906878841.063,0.435059,-0.557129,0.304443,-0.169067,-0.381348,0.143555,0,0,0,0,0.450000,-0.550000,0.300000,0.000000,1772906878834.166,0.432816,-0.558111,0.303957,0.000000,0.000000,0.000000,1.000000,position_only
2026-03-07T18:07:58.850916+00:00,1772906878850.916,0.435059,-0.557129,0.304443,-0.163574,-0.404785,0.144531,0,0,0,0,0.450000,-0.550000,0.300000,0.000000,1772906878842.649,0.432790,-0.558073,0.303956,0.000000,0.000000,0.000000,1.000000,position_only
2026-03-07T18:07:58.860345+00:00,1772906878860.345,0.435059,-0.557129,0.304443,-0.154053,-0.418213,0.152588,0,0,0,0,0.450000,-0.550000,0.300000,0.000000,1772906878860.128,0.432670,-0.558029,0.303953,0.000000,0.000000,0.000000,1.000000,position_only
2026-03-07T18:07:58.871653+00:00,1772906878871.652,0.435059,-0.556641,0.304443,-0.157227,-0.414307,0.152466,19722,19504,19713,19433,0.450000,-0.550000,0.300000,0.000000,1772906878869.140,0.432634,-0.557967,0.303951,0.000000,0.000000,0.000000,1.000000,position_only
2026-03-07T18:07:58.880657+00:00,1772906878880.656,0.435059,-0.556641,0.304443,-0.150879,-0.416016,0.160034,19746,19441,19721,19459,0.450000,-0.550000,0.300000,0.000000,1772906878877.704,0.432580,-0.557947,0.303954,0.000000,0.000000,0.000000,1.000000,position_only
2026-03-07T18:07:58.893948+00:00,1772906878893.947,0.434814,-0.556641,0.304443,-0.143188,-0.415771,0.166016,19820,19385,19772,19381,0.450000,-0.550000,0.300000,0.000000,1772906878886.229,0.432535,-0.557923,0.303977,0.000000,0.000000,0.000000,1.000000,position_only
2026-03-07T18:07:58.903237+00:00,1772906878903.236,0.435059,-0.556641,0.304443,-0.136719,-0.435059,0.177490,19790,19409,19769,19379,0.450000,-0.550000,0.300000,0.000000,1772906878894.764,0.432497,-0.557891,0.303967,0.000000,0.000000,0.000000,1.000000,position_only
2026-03-07T18:07:58.911571+00:00,1772906878911.569,0.434814,-0.556641,0.304443,-0.122192,-0.446777,0.191895,19801,19438,19680,19418,0.450000,-0.550000,0.300000,0.000000,1772906878903.302,0.432432,-0.557871,0.303986,0.000000,0.000000,0.000000,1.000000,position_only
2026-03-07T18:07:58.921146+00:00,1772906878921.145,0.434814,-0.556641,0.304443,-0.102051,-0.463623,0.204346,19806,19471,19728,19329,0.450000,-0.550000,0.300000,0.000000,1772906878920.319,0.432337,-0.557797,0.303998,0.000000,0.000000,0.000000,1.000000,position_only
2026-03-07T18:07:58.931973+00:00,1772906878931.972,0.434814,-0.556641,0.304443,-0.067871,-0.458496,0.218384,19907,19394,19872,19166,0.450000,-0.550000,0.300000,0.000000,1772906878928.773,0.432269,-0.557774,0.303994,0.000000,0.000000,0.000000,1.000000,position_only
2026-03-07T18:07:58.941897+00:00,1772906878941.896,0.434814,-0.556641,0.304443,-0.025696,-0.436768,0.238770,19963,19402,19912,19084,0.450000,-0.550000,0.300000,0.000000,1772906878937.320,0.432208,-0.557767,0.304003,0.000000,0.000000,0.000000,1.000000,position_only
2026-03-07T18:07:58.951513+00:00,1772906878951.513,0.434814,-0.556641,0.304443,0.024780,-0.400879,0.262939,19878,19474,19865,19154,0.450000,-0.550000,0.300000,0.000000,1772906878945.775,0.432117,-0.557744,0.304013,0.000000,0.000000,0.000000,1.000000,position_only
2026-03-07T18:07:58.960490+00:00,1772906878960.490,0.434570,-0.556641,0.304443,0.076965,-0.356201,0.285400,19865,19501,19852,19165,0.450000,-0.550000,0.300000,0.000000,1772906878954.291,0.432032,-0.557729,0.304002,0.000000,0.000000,0.000000,1.000000,position_only
2026-03-07T18:07:58.971523+00:00,1772906878971.522,0.434570,-0.556641,0.304443,0.124573,-0.316406,0.302002,19805,19550,19804,19227,0.450000,-0.550000,0.300000,0.000000,1772906878971.409,0.431846,-0.557751,0.303904,0.000000,0.000000,0.000000,1.000000,position_only
2026-03-07T18:07:58.981483+00:00,1772906878981.482,0.434570,-0.556641,0.304443,0.171021,-0.269531,0.317383,19777,19598,19829,19205,0.450000,-0.550000,0.300000,0.000000,1772906878979.963,0.431767,-0.557767,0.303883,0.000000,0.000000,0.000000,1.000000,position_only
2026-03-07T18:07:58.992227+00:00,1772906878992.227,0.434570,-0.556641,0.304443,0.209717,-0.218384,0.331055,19746,19595,19774,19313,0.450000,-0.550000,0.300000,0.000000,1772906878988.997,0.431676,-0.557778,0.303842,0.000000,0.000000,0.000000,1.000000,position_only
2026-03-07T18:07:59.001781+00:00,1772906879001.780,0.434570,-0.556641,0.304443,0.234741,-0.181641,0.343506,19739,19610,19857,19232,0.450000,-0.550000,0.300000,0.000000,1772906878997.590,0.431615,-0.557762,0.303812,0.000000,0.000000,0.000000,1.000000,position_only
2026-03-07T18:07:59.011670+00:00,1772906879011.669,0.434326,-0.556641,0.304443,0.256104,-0.115784,0.362549,19706,19573,19903,19271,0.450000,-0.550000,0.300000,0.000000,1772906879006.162,0.431529,-0.557774,0.303755,0.000000,0.000000,0.000000,1.000000,position_only
2026-03-07T18:07:59.020469+00:00,1772906879020.469,0.434326,-0.556641,0.304199,0.252930,-0.062683,0.378418,19751,19514,20033,19182,0.450000,-0.550000,0.300000,0.000000,1772906879014.773,0.431446,-0.557780,0.303708,0.000000,0.000000,0.000000,1.000000,position_only
2026-03-07T18:07:59.031940+00:00,1772906879031.940,0.434082,-0.556641,0.304199,0.235107,0.009995,0.401123,19670,19555,20003,19263,0.450000,-0.550000,0.300000,0.000000,1772906879023.657,0.431387,-0.557777,0.303666,0.000000,0.000000,0.000000,1.000000,position_only
2026-03-07T18:07:59.040993+00:00,1772906879040.993,0.434082,-0.556641,0.303955,0.212769,0.076660,0.418945,19732,19532,20063,19174,0.450000,-0.550000,0.300000,0.000000,1772906879040.761,0.431124,-0.557854,0.303542,0.000000,0.000000,0.000000,1.000000,position_only
2026-03-07T18:07:59.050927+00:00,1772906879050.927,0.433838,-0.556641,0.303955,0.194824,0.139648,0.437500,19675,19625,19960,19246,0.450000,-0.550000,0.300000,0.000000,1772906879049.306,0.431020,-0.557864,0.303478,0.000000,0.000000,0.000000,1.000000,position_only
2026-03-07T18:07:59.060930+00:00,1772906879060.930,0.433838,-0.556641,0.303955,0.181763,0.199951,0.450928,19693,19592,20015,19212,0.450000,-0.550000,0.300000,0.000000,1772906879057.784,0.430909,-0.557893,0.303400,0.000000,0.000000,0.000000,1.000000,position_only
2026-03-07T18:07:59.073001+00:00,1772906879073.000,0.433838,-0.556641,0.303711,0.169189,0.253418,0.471680,19826,19493,20065,19149,0.450000,-0.550000,0.300000,0.000000,1772906879066.287,0.430787,-0.557940,0.303322,0.000000,0.000000,0.000000,1.000000,position_only
2026-03-07T18:07:59.083180+00:00,1772906879083.180,0.433594,-0.556641,0.303711,0.169189,0.253418,0.471680,19759,19582,19924,19272,0.450000,-0.550000,0.300000,0.000000,1772906879074.864,0.430660,-0.557998,0.303216,0.000000,0.000000,0.000000,1.000000,position_only
2026-03-07T18:07:59.090789+00:00,1772906879090.787,0.433350,-0.556641,0.303467,0.170532,0.315186,0.512695,19828,19544,19992,19203,0.450000,-0.550000,0.300000,0.000000,1772906879083.532,0.430511,-0.558033,0.303151,0.000000,0.000000,0.000000,1.000000,position_only
2026-03-07T18:07:59.101994+00:00,1772906879101.993,0.433105,-0.557129,0.303467,0.177490,0.335205,0.532227,19930,19464,20059,19119,0.450000,-0.550000,0.300000,0.000000,1772906879100.705,0.430227,-0.558217,0.302913,0.000000,0.000000,0.000000,1.000000,position_only
2026-03-07T18:07:59.111939+00:00,1772906879111.938,0.432861,-0.557129,0.303223,0.189453,0.338135,0.551758,19852,19585,19928,19204,0.450000,-0.550000,0.300000,0.000000,1772906879109.283,0.430115,-0.558254,0.302812,0.000000,0.000000,0.000000,1.000000,position_only
2026-03-07T18:07:59.121466+00:00,1772906879121.466,0.432861,-0.557129,0.303223,0.189453,0.338135,0.551758,19790,19625,19787,19371,0.450000,-0.550000,0.300000,0.000000,1772906879118.221,0.429924,-0.558346,0.302684,0.000000,0.000000,0.000000,1.000000,position_only
2026-03-07T18:07:59.132928+00:00,1772906879132.928,0.432617,-0.557129,0.303223,0.210205,0.329102,0.561523,19975,19490,19983,19122,0.450000,-0.550000,0.300000,0.000000,1772906879126.816,0.429746,-0.558416,0.302574,0.000000,0.000000,0.000000,1.000000,position_only
2026-03-07T18:07:59.143018+00:00,1772906879143.017,0.432129,-0.557129,0.302979,0.230591,0.302979,0.571289,19905,19559,19893,19226,0.450000,-0.550000,0.300000,0.000000,1772906879135.331,0.429587,-0.558487,0.302467,0.000000,0.000000,0.000000,1.000000,position_only
2026-03-07T18:07:59.152219+00:00,1772906879152.218,0.432129,-0.557617,0.302979,0.261230,0.292236,0.589355,19768,19691,19742,19391,0.450000,-0.550000,0.300000,0.000000,1772906879143.824,0.429397,-0.558594,0.302362,0.000000,0.000000,0.000000,1.000000,position_only
2026-03-07T18:07:59.160944+00:00,1772906879160.944,0.431885,-0.557617,0.302734,0.281982,0.271240,0.595703,19852,19633,19766,19347,0.450000,-0.550000,0.300000,0.000000,1772906879152.326,0.429197,-0.558680,0.302285,0.000000,0.000000,0.000000,1.000000,position_only
2026-03-07T18:07:59.172313+00:00,1772906879172.312,0.431641,-0.557617,0.302734,0.302246,0.241089,0.598145,19917,19524,19902,19258,0.450000,-0.550000,0.300000,0.000000,1772906879169.589,0.428825,-0.558892,0.302066,0.000000,0.000000,0.000000,1.000000,position_only
2026-03-07T18:07:59.181288+00:00,1772906879181.288,0.431396,-0.557617,0.302490,0.319092,0.200928,0.605957,19836,19600,19818,19347,0.450000,-0.550000,0.300000,0.000000,1772906879178.111,0.428577,-0.558983,0.301972,0.000000,0.000000,0.000000,1.000000,position_only
2026-03-07T18:07:59.191400+00:00,1772906879191.399,0.431152,-0.557617,0.302490,0.318359,0.166504,0.615234,19831,19603,19841,19323,0.450000,-0.550000,0.300000,0.000000,1772906879186.650,0.428337,-0.559095,0.301835,0.000000,0.000000,0.000000,1.000000,position_only
2026-03-07T18:07:59.202396+00:00,1772906879202.396,0.430908,-0.558105,0.302490,0.321045,0.140869,0.619141,19809,19605,19773,19417,0.450000,-0.550000,0.300000,0.000000,1772906879195.522,0.428084,-0.559218,0.301716,0.000000,0.000000,0.000000,1.000000,position_only
2026-03-07T18:07:59.211059+00:00,1772906879211.058,0.430420,-0.558105,0.302246,0.311035,0.103271,0.623047,19896,19569,19817,19339,0.450000,-0.550000,0.300000,0.000000,1772906879204.028,0.427828,-0.559399,0.301589,0.000000,0.000000,0.000000,1.000000,position_only
2026-03-07T18:07:59.221568+00:00,1772906879221.568,0.429932,-0.558594,0.302002,0.312012,0.057251,0.627930,19841,19593,19871,19330,0.450000,-0.550000,0.300000,0.000000,1772906879213.043,0.427393,-0.559657,0.301295,0.000000,0.000000,0.000000,1.000000,position_only
2026-03-07T18:07:59.230555+00:00,1772906879230.555,0.429688,-0.558594,0.302002,0.299072,0.021820,0.631348,19763,19651,19709,19518,0.450000,-0.550000,0.300000,0.000000,1772906879230.402,0.426906,-0.559931,0.301060,0.000000,0.000000,0.000000,1.000000,position_only
2026-03-07T18:07:59.241825+00:00,1772906879241.825,0.429443,-0.558594,0.301758,0.284912,-0.027985,0.627930,19885,19501,19837,19419,0.450000,-0.550000,0.300000,0.000000,1772906879238.885,0.426906,-0.559931,0.301060,0.000000,0.000000,0.000000,1.000000,position_only
2026-03-07T18:07:59.251251+00:00,1772906879251.251,0.429199,-0.559082,0.301758,0.264404,-0.090027,0.629883,19768,19583,19733,19556,0.450000,-0.550000,0.300000,0.000000,1772906879247.461,0.426392,-0.560217,0.300817,0.000000,0.000000,0.000000,1.000000,position_only
2026-03-07T18:07:59.261954+00:00,1772906879261.953,0.428711,-0.559082,0.301514,0.233154,-0.163940,0.628906,19709,19676,19684,19581,0.450000,-0.550000,0.300000,0.000000,1772906879255.968,0.426104,-0.560358,0.300710,0.000000,0.000000,0.000000,1.000000,position_only
2026-03-07T18:07:59.270659+00:00,1772906879270.658,0.428223,-0.559570,0.301270,0.201050,-0.218506,0.623047,19791,19586,19797,19490,0.450000,-0.550000,0.300000,0.000000,1772906879264.875,0.425856,-0.560514,0.300596,0.000000,0.000000,0.000000,1.000000,position_only
2026-03-07T18:07:59.282173+00:00,1772906879282.171,0.427979,-0.559570,0.301270,0.161621,-0.275635,0.624023,19860,19517,19869,19426,0.450000,-0.550000,0.300000,0.000000,1772906879281.903,0.425277,-0.560863,0.300336,0.000000,0.000000,0.000000,1.000000,position_only
2026-03-07T18:07:59.291737+00:00,1772906879291.736,0.427734,-0.560059,0.301025,0.127686,-0.326904,0.627930,19831,19538,19865,19444,0.450000,-0.550000,0.300000,0.000000,1772906879290.530,0.425021,-0.561030,0.300194,0.000000,0.000000,0.000000,1.000000,position_only
2026-03-07T18:07:59.303087+00:00,1772906879303.086,0.427246,-0.560059,0.301025,0.092163,-0.371582,0.634277,19736,19655,19725,19578,0.450000,-0.550000,0.300000,0.000000,1772906879299.224,0.424745,-0.561221,0.300025,0.000000,0.000000,0.000000,1.000000,position_only
2026-03-07T18:07:59.312227+00:00,1772906879312.226,0.427002,-0.560059,0.300781,0.062927,-0.416260,0.629883,19735,19617,19846,19520,0.450000,-0.550000,0.300000,0.000000,1772906879307.779,0.424480,-0.561414,0.299885,0.000000,0.000000,0.000000,1.000000,position_only
2026-03-07T18:07:59.322120+00:00,1772906879322.119,0.426514,-0.560547,0.300537,0.020859,-0.444092,0.633301,19867,19543,19961,19367,0.450000,-0.550000,0.300000,0.000000,1772906879316.299,0.424186,-0.561634,0.299731,0.000000,0.000000,0.000000,1.000000,position_only
2026-03-07T18:07:59.331406+00:00,1772906879331.405,0.426025,-0.561035,0.300293,-0.010391,-0.463135,0.642578,19856,19556,19933,19407,0.450000,-0.550000,0.300000,0.000000,1772906879324.759,0.423917,-0.561824,0.299590,0.000000,0.000000,0.000000,1.000000,position_only
2026-03-07T18:07:59.342093+00:00,1772906879342.092,0.425781,-0.561035,0.300293,-0.045532,-0.485596,0.648926,19705,19689,19813,19564,0.450000,-0.550000,0.300000,0.000000,1772906879333.271,0.423649,-0.561985,0.299460,0.000000,0.000000,0.000000,1.000000,position_only
2026-03-07T18:07:59.351431+00:00,1772906879351.430,0.425537,-0.561523,0.300049,-0.089233,-0.503906,0.647949,19744,19661,19903,19487,0.450000,-0.550000,0.300000,0.000000,1772906879350.645,0.423024,-0.562333,0.299188,0.000000,0.000000,0.000000,1.000000,position_only
2026-03-07T18:07:59.363001+00:00,1772906879363.000,0.425049,-0.561523,0.299805,-0.128662,-0.500977,0.647949,19753,19667,19945,19436,0.450000,-0.550000,0.300000,0.000000,1772906879359.144,0.422742,-0.562507,0.299042,0.000000,0.000000,0.000000,1.000000,position_only
2026-03-07T18:07:59.372180+00:00,1772906879372.179,0.424805,-0.562012,0.299561,-0.161621,-0.489990,0.654785,19753,19633,19950,19469,0.450000,-0.550000,0.300000,0.000000,1772906879367.709,0.422475,-0.562690,0.298884,0.000000,0.000000,0.000000,1.000000,position_only
2026-03-07T18:07:59.381996+00:00,1772906879381.995,0.424316,-0.562012,0.299316,-0.199463,-0.488770,0.660156,19698,19713,19932,19478,0.450000,-0.550000,0.300000,0.000000,1772906879376.492,0.422244,-0.562889,0.298716,0.000000,0.000000,0.000000,1.000000,position_only
2026-03-07T18:07:59.392503+00:00,1772906879392.502,0.424072,-0.562012,0.299316,-0.199463,-0.488770,0.660156,19702,19683,19961,19476,0.450000,-0.550000,0.300000,0.000000,1772906879385.168,0.421898,-0.563127,0.298551,0.000000,0.000000,0.000000,1.000000,position_only
2026-03-07T18:07:59.403053+00:00,1772906879403.052,0.423584,-0.562500,0.299072,-0.273926,-0.466797,0.670898,19855,19598,20046,19336,0.450000,-0.550000,0.300000,0.000000,1772906879402.168,0.421353,-0.563503,0.298236,0.000000,0.000000,0.000000,1.000000,position_only
2026-03-07T18:07:59.411674+00:00,1772906879411.673,0.423584,-0.562500,0.299072,-0.273926,-0.466797,0.670898,19841,19614,20065,19321,0.450000,-0.550000,0.300000,0.000000,1772906879410.975,0.421067,-0.563693,0.298095,0.000000,0.000000,0.000000,1.000000,position_only
2026-03-07T18:07:59.422126+00:00,1772906879422.125,0.423096,-0.562988,0.298828,-0.296143,-0.461182,0.681152,19765,19710,19925,19441,0.450000,-0.550000,0.300000,0.000000,1772906879419.469,0.420752,-0.563908,0.297963,0.000000,0.000000,0.000000,1.000000,position_only
2026-03-07T18:07:59.433501+00:00,1772906879433.501,0.422852,-0.562988,0.298584,-0.316406,-0.450684,0.687988,19771,19767,19814,19500,0.450000,-0.550000,0.300000,0.000000,1772906879427.992,0.420474,-0.564056,0.297841,0.000000,0.000000,0.000000,1.000000,position_only
2026-03-07T18:07:59.443307+00:00,1772906879443.307,0.422363,-0.563477,0.298340,-0.318359,-0.463379,0.685547,19851,19707,19898,19404,0.450000,-0.550000,0.300000,0.000000,1772906879436.554,0.420220,-0.564212,0.297708,0.000000,0.000000,0.000000,1.000000,position_only
2026-03-07T18:07:59.452251+00:00,1772906879452.250,0.422119,-0.563477,0.298096,-0.318359,-0.463379,0.685547,19886,19713,19834,19430,0.450000,-0.550000,0.300000,0.000000,1772906879445.077,0.419938,-0.564395,0.297553,0.000000,0.000000,0.000000,1.000000,position_only
2026-03-07T18:07:59.461998+00:00,1772906879461.997,0.421875,-0.563965,0.298096,-0.297852,-0.487061,0.687988,19860,19713,19854,19430,0.450000,-0.550000,0.300000,0.000000,1772906879453.708,0.419612,-0.564615,0.297410,0.000000,0.000000,0.000000,1.000000,position_only
2026-03-07T18:07:59.472941+00:00,1772906879472.939,0.421387,-0.563965,0.297852,-0.278809,-0.510254,0.690430,19933,19633,19933,19359,0.450000,-0.550000,0.300000,0.000000,1772906879470.709,0.419050,-0.564980,0.297121,0.000000,0.000000,0.000000,1.000000,position_only
2026-03-07T18:07:59.482127+00:00,1772906879482.126,0.421143,-0.563965,0.297852,-0.269775,-0.532715,0.695801,19861,19664,19917,19417,0.450000,-0.550000,0.300000,0.000000,1772906879479.383,0.418573,-0.565324,0.296874,0.000000,0.000000,0.000000,1.000000,position_only
2026-03-07T18:07:59.491920+00:00,1772906879491.918,0.420898,-0.564453,0.297607,-0.271240,-0.560059,0.700195,19641,19873,19650,19700,0.450000,-0.550000,0.300000,0.000000,1772906879488.020,0.418296,-0.565545,0.296735,0.000000,0.000000,0.000000,1.000000,position_only
2026-03-07T18:07:59.503179+00:00,1772906879503.178,0.420410,-0.564453,0.297363,-0.281738,-0.600586,0.688965,19832,19673,19848,19513,0.450000,-0.550000,0.300000,0.000000,1772906879496.529,0.418031,-0.565716,0.296628,0.000000,0.000000,0.000000,1.000000,position_only
2026-03-07T18:07:59.512967+00:00,1772906879512.966,0.419922,-0.564941,0.297119,-0.292725,-0.640137,0.686523,19858,19654,19864,19500,0.450000,-0.550000,0.300000,0.000000,1772906879505.045,0.417765,-0.565840,0.296515,0.000000,0.000000,0.000000,1.000000,position_only
2026-03-07T18:07:59.523620+00:00,1772906879523.618,0.419678,-0.564941,0.297119,-0.304199,-0.678711,0.687012,19940,19575,19915,19462,0.450000,-0.550000,0.300000,0.000000,1772906879522.149,0.417185,-0.566166,0.296292,0.000000,0.000000,0.000000,1.000000,position_only
2026-03-07T18:07:59.531967+00:00,1772906879531.966,0.419434,-0.565430,0.296875,-0.319824,-0.729492,0.692383,19846,19681,19806,19562,0.450000,-0.550000,0.300000,0.000000,1772906879530.643,0.416930,-0.566342,0.296151,0.000000,0.000000,0.000000,1.000000,position_only
2026-03-07T18:07:59.541794+00:00,1772906879541.794,0.419189,-0.565430,0.296875,-0.328369,-0.777832,0.688965,19806,19696,19744,19641,0.450000,-0.550000,0.300000,0.000000,1772906879539.129,0.416693,-0.566500,0.296053,0.000000,0.000000,0.000000,1.000000,position_only
2026-03-07T18:07:59.553121+00:00,1772906879553.120,0.418701,-0.565918,0.296631,-0.345703,-0.838867,0.677734,19996,19548,19909,19431,0.450000,-0.550000,0.300000,0.000000,1772906879547.725,0.416693,-0.566500,0.296053,0.000000,0.000000,0.000000,1.000000,position_only
2026-03-07T18:07:59.563956+00:00,1772906879563.955,0.418457,-0.565918,0.296387,-0.349609,-0.888184,0.683105,19860,19652,19790,19590,0.450000,-0.550000,0.300000,0.000000,1772906879556.590,0.416237,-0.566801,0.295812,0.000000,0.000000,0.000000,1.000000,position_only
2026-03-07T18:07:59.572257+00:00,1772906879572.256,0.418457,-0.565918,0.296387,-0.349609,-0.888184,0.683105,19848,19713,19809,19529,0.450000,-0.550000,0.300000,0.000000,1772906879565.182,0.415967,-0.566974,0.295682,0.000000,0.000000,0.000000,1.000000,position_only
2026-03-07T18:07:59.582780+00:00,1772906879582.779,0.417725,-0.566406,0.296143,-0.357666,-0.967773,0.677246,19988,19602,19949,19388,0.450000,-0.550000,0.300000,0.000000,1772906879582.204,0.415524,-0.567274,0.295480,0.000000,0.000000,0.000000,1.000000,position_only
2026-03-07T18:07:59.593535+00:00,1772906879593.534,0.417480,-0.566406,0.295898,-0.356201,-0.987305,0.682129,19858,19703,19790,19578,0.450000,-0.550000,0.300000,0.000000,1772906879590.428,0.415322,-0.567419,0.295386,0.000000,0.000000,0.000000,1.000000,position_only
2026-03-07T18:07:59.602376+00:00,1772906879602.376,0.417236,-0.566895,0.295898,-0.361084,-1.022461,0.672852,19842,19706,19812,19581,0.450000,-0.550000,0.300000,0.000000,1772906879598.888,0.415094,-0.567557,0.295319,0.000000,0.000000,0.000000,1.000000,position_only
2026-03-07T18:07:59.612868+00:00,1772906879612.867,0.417236,-0.566895,0.295898,-0.361084,-1.022461,0.672852,19872,19696,19806,19572,0.450000,-0.550000,0.300000,0.000000,1772906879607.402,0.414858,-0.567694,0.295235,0.000000,0.000000,0.000000,1.000000,position_only
2026-03-07T18:07:59.623552+00:00,1772906879623.550,0.416992,-0.566895,0.295654,-0.372803,-1.058594,0.668945,19934,19612,19892,19524,0.450000,-0.550000,0.300000,0.000000,1772906879615.920,0.414688,-0.567805,0.295151,0.000000,0.000000,0.000000,1.000000,position_only
2026-03-07T18:07:59.633334+00:00,1772906879633.333,0.416504,-0.567383,0.295410,-0.398926,-1.125977,0.672363,19828,19714,19799,19621,0.450000,-0.550000,0.300000,0.000000,1772906879632.879,0.414295,-0.568068,0.294989,0.000000,0.000000,0.000000,1.000000,position_only
2026-03-07T18:07:59.642681+00:00,1772906879642.680,0.416260,-0.567383,0.295410,-0.398926,-1.125977,0.672363,19809,19711,19801,19646,0.450000,-0.550000,0.300000,0.000000,1772906879641.368,0.414142,-0.568169,0.294897,0.000000,0.000000,0.000000,1.000000,position_only
2026-03-07T18:07:59.653227+00:00,1772906879653.226,0.416260,-0.567383,0.295166,-0.422363,-1.164062,0.663574,19845,19679,19902,19531,0.450000,-0.550000,0.300000,0.000000,1772906879649.822,0.413950,-0.568299,0.294798,0.000000,0.000000,0.000000,1.000000,position_only
2026-03-07T18:07:59.663269+00:00,1772906879663.268,0.415771,-0.567871,0.295166,-0.440430,-1.177734,0.665527,19761,19726,19833,19637,0.450000,-0.550000,0.300000,0.000000,1772906879658.406,0.413752,-0.568447,0.294717,0.000000,0.000000,0.000000,1.000000,position_only
2026-03-07T18:07:59.674668+00:00,1772906879674.667,0.415771,-0.567871,0.294922,-0.475342,-1.195312,0.665527,19741,19694,19839,19673,0.450000,-0.550000,0.300000,0.000000,1772906879666.989,0.413611,-0.568550,0.294631,0.000000,0.000000,0.000000,1.000000,position_only
2026-03-07T18:07:59.683924+00:00,1772906879683.924,0.415771,-0.567871,0.294922,-0.508789,-1.208008,0.660156,19881,19578,19980,19502,0.450000,-0.550000,0.300000,0.000000,1772906879675.495,0.413426,-0.568682,0.294546,0.000000,0.000000,0.000000,1.000000,position_only
2026-03-07T18:07:59.691858+00:00,1772906879691.857,0.415283,-0.567871,0.294922,-0.556152,-1.226562,0.658203,19886,19552,20063,19447,0.450000,-0.550000,0.300000,0.000000,1772906879683.982,0.413277,-0.568803,0.294475,0.000000,0.000000,0.000000,1.000000,position_only
2026-03-07T18:07:59.703120+00:00,1772906879703.119,0.415283,-0.568359,0.294678,-0.593262,-1.212891,0.666504,19745,19687,19878,19647,0.450000,-0.550000,0.300000,0.000000,1772906879701.050,0.413064,-0.568955,0.294282,0.000000,0.000000,0.000000,1.000000,position_only
2026-03-07T18:07:59.712374+00:00,1772906879712.373,0.415039,-0.568359,0.294678,-0.636719,-1.212891,0.666016,19759,19714,19867,19614,0.450000,-0.550000,0.300000,0.000000,1772906879709.531,0.412967,-0.569045,0.294210,0.000000,0.000000,0.000000,1.000000,position_only
2026-03-07T18:07:59.722259+00:00,1772906879722.258,0.415039,-0.568359,0.294434,-0.664551,-1.213867,0.664062,19854,19582,20004,19510,0.450000,-0.550000,0.300000,0.000000,1772906879718.035,0.412870,-0.569123,0.294111,0.000000,0.000000,0.000000,1.000000,position_only
2026-03-07T18:07:59.733550+00:00,1772906879733.549,0.414795,-0.568359,0.294434,-0.693359,-1.210938,0.666016,19881,19570,20017,19489,0.450000,-0.550000,0.300000,0.000000,1772906879726.587,0.412776,-0.569186,0.294044,0.000000,0.000000,0.000000,1.000000,position_only
2026-03-07T18:07:59.742555+00:00,1772906879742.554,0.414795,-0.568848,0.294189,-0.718262,-1.201172,0.676758,19687,19740,19869,19675,0.450000,-0.550000,0.300000,0.000000,1772906879735.066,0.412656,-0.569284,0.293992,0.000000,0.000000,0.000000,1.000000,position_only
2026-03-07T18:07:59.752502+00:00,1772906879752.501,0.414795,-0.568848,0.294189,-0.746094,-1.190430,0.674316,19874,19636,20008,19463,0.450000,-0.550000,0.300000,0.000000,1772906879752.015,0.412553,-0.569399,0.293833,0.000000,0.000000,0.000000,1.000000,position_only
2026-03-07T18:07:59.761677+00:00,1772906879761.675,0.414551,-0.568848,0.294189,-0.756348,-1.170898,0.676758,19723,19762,19819,19684,0.450000,-0.550000,0.300000,0.000000,1772906879760.496,0.412440,-0.569430,0.293794,0.000000,0.000000,0.000000,1.000000,position_only
2026-03-07T18:07:59.772783+00:00,1772906879772.782,0.414551,-0.568848,0.293945,-0.770508,-1.165039,0.669434,19661,19830,19766,19735,0.450000,-0.550000,0.300000,0.000000,1772906879769.353,0.412364,-0.569485,0.293711,0.000000,0.000000,0.000000,1.000000,position_only
2026-03-07T18:07:59.782778+00:00,1772906879782.777,0.414551,-0.568848,0.293945,-0.775391,-1.157227,0.661621,19980,19530,20140,19340,0.450000,-0.550000,0.300000,0.000000,1772906879777.816,0.412329,-0.569498,0.293654,0.000000,0.000000,0.000000,1.000000,position_only
2026-03-07T18:07:59.792498+00:00,1772906879792.497,0.414551,-0.568848,0.293701,-0.772949,-1.131836,0.676270,19830,19679,19942,19535,0.450000,-0.550000,0.300000,0.000000,1772906879786.359,0.412262,-0.569543,0.293581,0.000000,0.000000,0.000000,1.000000,position_only
2026-03-07T18:07:59.802236+00:00,1772906879802.235,0.414551,-0.568848,0.293701,-0.766602,-1.112305,0.681641,19701,19806,19824,19655,0.450000,-0.550000,0.300000,0.000000,1772906879794.816,0.412231,-0.569565,0.293528,0.000000,0.000000,0.000000,1.000000,position_only
2026-03-07T18:07:59.813750+00:00,1772906879813.749,0.414551,-0.568848,0.293701,-0.759277,-1.088867,0.677246,19788,19723,19955,19504,0.450000,-0.550000,0.300000,0.000000,1772906879811.960,0.412161,-0.569607,0.293385,0.000000,0.000000,0.000000,1.000000,position_only
2026-03-07T18:07:59.822208+00:00,1772906879822.206,0.414551,-0.568848,0.293457,-0.746582,-1.051758,0.679199,19857,19709,20026,19414,0.450000,-0.550000,0.300000,0.000000,1772906879820.455,0.412137,-0.569617,0.293323,0.000000,0.000000,0.000000,1.000000,position_only
2026-03-07T18:07:59.832682+00:00,1772906879832.681,0.414307,-0.568848,0.293457,-0.746582,-1.051758,0.679199,19802,19790,19972,19444,0.450000,-0.550000,0.300000,0.000000,1772906879828.946,0.412104,-0.569591,0.293258,0.000000,0.000000,0.000000,1.000000,position_only
2026-03-07T18:07:59.844174+00:00,1772906879844.173,0.414307,-0.568848,0.293457,-0.723633,-0.990723,0.690430,19803,19817,19954,19443,0.450000,-0.550000,0.300000,0.000000,1772906879837.465,0.412092,-0.569581,0.293189,0.000000,0.000000,0.000000,1.000000,position_only
2026-03-07T18:07:59.853955+00:00,1772906879853.954,0.414307,-0.568848,0.293213,-0.698242,-0.932129,0.698242,19843,19807,20034,19344,0.450000,-0.550000,0.300000,0.000000,1772906879846.075,0.412066,-0.569559,0.293056,0.000000,0.000000,0.000000,1.000000,position_only
2026-03-07T18:07:59.863015+00:00,1772906879863.013,0.414307,-0.568848,0.293213,-0.662109,-0.866211,0.706543,19788,19862,19992,19390,0.450000,-0.550000,0.300000,0.000000,1772906879854.617,0.412068,-0.569549,0.293000,0.000000,0.000000,0.000000,1.000000,position_only
2026-03-07T18:07:59.872762+00:00,1772906879872.761,0.414307,-0.568848,0.293213,-0.623535,-0.797363,0.712402,19799,19812,20013,19416,0.450000,-0.550000,0.300000,0.000000,1772906879871.704,0.412043,-0.569538,0.292939,0.000000,0.000000,0.000000,1.000000,position_only
2026-03-07T18:07:59.883610+00:00,1772906879883.609,0.414551,-0.568848,0.292969,-0.595215,-0.733887,0.720215,19791,19836,20004,19420,0.450000,-0.550000,0.300000,0.000000,1772906879880.635,0.412079,-0.569444,0.292811,0.000000,0.000000,0.000000,1.000000,position_only
2026-03-07T18:07:59.893671+00:00,1772906879893.670,0.414551,-0.568848,0.292969,-0.558594,-0.658691,0.726074,19840,19792,20010,19407,0.450000,-0.550000,0.300000,0.000000,1772906879889.116,0.412040,-0.569424,0.292753,0.000000,0.000000,0.000000,1.000000,position_only
2026-03-07T18:07:59.903563+00:00,1772906879903.562,0.414551,-0.568359,0.292725,-0.519043,-0.597168,0.738281,19973,19719,20081,19263,0.450000,-0.550000,0.300000,0.000000,1772906879897.648,0.412042,-0.569400,0.292703,0.000000,0.000000,0.000000,1.000000,position_only
2026-03-07T18:07:59.912811+00:00,1772906879912.810,0.414551,-0.568359,0.292725,-0.467041,-0.555176,0.750977,19997,19693,20039,19305,0.450000,-0.550000,0.300000,0.000000,1772906879906.208,0.412064,-0.569342,0.292647,0.000000,0.000000,0.000000,1.000000,position_only
2026-03-07T18:07:59.923556+00:00,1772906879923.555,0.414551,-0.568359,0.292725,-0.417480,-0.536621,0.761230,19917,19774,19949,19394,0.450000,-0.550000,0.300000,0.000000,1772906879923.315,0.412093,-0.569248,0.292567,0.000000,0.000000,0.000000,1.000000,position_only
2026-03-07T18:07:59.932928+00:00,1772906879932.927,0.414795,-0.568359,0.292725,-0.372803,-0.526855,0.762207,19876,19777,19837,19535,0.450000,-0.550000,0.300000,0.000000,1772906879931.850,0.412115,-0.569191,0.292522,0.000000,0.000000,0.000000,1.000000,position_only
2026-03-07T18:07:59.943303+00:00,1772906879943.302,0.414795,-0.568359,0.292480,-0.340820,-0.541504,0.759766,19950,19691,19936,19439,0.450000,-0.550000,0.300000,0.000000,1772906879940.410,0.412119,-0.569144,0.292492,0.000000,0.000000,0.000000,1.000000,position_only
2026-03-07T18:07:59.955699+00:00,1772906879955.698,0.414551,-0.568359,0.292480,-0.340820,-0.541504,0.759766,19971,19643,19951,19451,0.450000,-0.550000,0.300000,0.000000,1772906879948.879,0.412142,-0.569104,0.292464,0.000000,0.000000,0.000000,1.000000,position_only
2026-03-07T18:07:59.964831+00:00,1772906879964.830,0.414551,-0.568359,0.292480,-0.322754,-0.572754,0.759277,19967,19654,19989,19407,0.450000,-0.550000,0.300000,0.000000,1772906879957.373,0.412174,-0.569023,0.292436,0.000000,0.000000,0.000000,1.000000,position_only
2026-03-07T18:07:59.974299+00:00,1772906879974.298,0.414551,-0.568359,0.292480,-0.300293,-0.592285,0.766113,19936,19698,19970,19418,0.450000,-0.550000,0.300000,0.000000,1772906879965.871,0.412217,-0.568964,0.292423,0.000000,0.000000,0.000000,1.000000,position_only
2026-03-07T18:07:59.982797+00:00,1772906879982.796,0.414551,-0.567871,0.292480,-0.280518,-0.593750,0.776367,19810,19779,19893,19541,0.450000,-0.550000,0.300000,0.000000,1772906879974.375,0.412239,-0.568904,0.292399,0.000000,0.000000,0.000000,1.000000,position_only
2026-03-07T18:07:59.992590+00:00,1772906879992.589,0.414795,-0.567871,0.292480,-0.258545,-0.589844,0.778809,19779,19857,19777,19602,0.450000,-0.550000,0.300000,0.000000,1772906879991.482,0.412264,-0.568748,0.292348,0.000000,0.000000,0.000000,1.000000,position_only
2026-03-07T18:08:00.003823+00:00,1772906880003.822,0.414795,-0.567871,0.292236,-0.241699,-0.604980,0.770020,19918,19695,19935,19465,0.450000,-0.550000,0.300000,0.000000,1772906879999.944,0.412288,-0.568685,0.292342,0.000000,0.000000,0.000000,1.000000,position_only
2026-03-07T18:08:00.015202+00:00,1772906880015.201,0.414795,-0.567871,0.292236,-0.230591,-0.619629,0.771973,19961,19604,19989,19457,0.450000,-0.550000,0.300000,0.000000,1772906880008.437,0.412344,-0.568598,0.292315,0.000000,0.000000,0.000000,1.000000,position_only
2026-03-07T18:08:00.024353+00:00,1772906880024.352,0.414795,-0.567383,0.292236,-0.228882,-0.640137,0.776855,19947,19646,19969,19439,0.450000,-0.550000,0.300000,0.000000,1772906880016.983,0.412410,-0.568501,0.292300,0.000000,0.000000,0.000000,1.000000,position_only
2026-03-07T18:08:00.032849+00:00,1772906880032.848,0.414795,-0.567383,0.292236,-0.218506,-0.645020,0.782715,20019,19599,20023,19354,0.450000,-0.550000,0.300000,0.000000,1772906880025.529,0.412429,-0.568440,0.292288,0.000000,0.000000,0.000000,1.000000,position_only
2026-03-07T18:08:00.043988+00:00,1772906880043.987,0.415039,-0.567383,0.292236,-0.197144,-0.653809,0.789551,19976,19603,19997,19418,0.450000,-0.550000,0.300000,0.000000,1772906880042.505,0.412463,-0.568265,0.292253,0.000000,0.000000,0.000000,1.000000,position_only
2026-03-07T18:08:00.053008+00:00,1772906880053.007,0.415039,-0.567383,0.292236,-0.188232,-0.660156,0.795898,19901,19655,19917,19511,0.450000,-0.550000,0.300000,0.000000,1772906880051.389,0.412507,-0.568200,0.292236,0.000000,0.000000,0.000000,1.000000,position_only
2026-03-07T18:08:00.062789+00:00,1772906880062.787,0.415283,-0.567383,0.292236,-0.184814,-0.673340,0.797852,19925,19631,19964,19447,0.450000,-0.550000,0.300000,0.000000,1772906880059.902,0.412549,-0.568123,0.292214,0.000000,0.000000,0.000000,1.000000,position_only
2026-03-07T18:08:00.074119+00:00,1772906880074.117,0.415283,-0.566895,0.292236,-0.179443,-0.684082,0.805664,20045,19501,20089,19322,0.450000,-0.550000,0.300000,0.000000,1772906880068.408,0.412574,-0.568051,0.292213,0.000000,0.000000,0.000000,1.000000,position_only
2026-03-07T18:08:00.083965+00:00,1772906880083.964,0.415039,-0.566895,0.292236,-0.176758,-0.680176,0.816895,19828,19713,19934,19481,0.450000,-0.550000,0.300000,0.000000,1772906880076.894,0.412609,-0.567993,0.292217,0.000000,0.000000,0.000000,1.000000,position_only
2026-03-07T18:08:00.093665+00:00,1772906880093.664,0.415039,-0.566895,0.292236,-0.176758,-0.680176,0.816895,19764,19751,19906,19537,0.450000,-0.550000,0.300000,0.000000,1772906880085.411,0.412624,-0.567901,0.292194,0.000000,0.000000,0.000000,1.000000,position_only
2026-03-07T18:08:00.103456+00:00,1772906880103.455,0.415039,-0.566895,0.292236,-0.178345,-0.654297,0.817871,19782,19725,20002,19447,0.450000,-0.550000,0.300000,0.000000,1772906880102.646,0.412700,-0.567731,0.292191,0.000000,0.000000,0.000000,1.000000,position_only
2026-03-07T18:08:00.112890+00:00,1772906880112.889,0.415039,-0.566895,0.292236,-0.191528,-0.637207,0.819824,19880,19614,20071,19387,0.450000,-0.550000,0.300000,0.000000,1772906880111.158,0.412727,-0.567649,0.292175,0.000000,0.000000,0.000000,1.000000,position_only
2026-03-07T18:08:00.124152+00:00,1772906880124.151,0.415283,-0.566895,0.292236,-0.201538,-0.589844,0.828613,19845,19607,20133,19364,0.450000,-0.550000,0.300000,0.000000,1772906880119.707,0.412769,-0.567581,0.292162,0.000000,0.000000,0.000000,1.000000,position_only
2026-03-07T18:08:00.133640+00:00,1772906880133.639,0.415039,-0.566895,0.292236,-0.219971,-0.548828,0.838379,19807,19664,20069,19415,0.450000,-0.550000,0.300000,0.000000,1772906880128.213,0.412792,-0.567501,0.292158,0.000000,0.000000,0.000000,1.000000,position_only
2026-03-07T18:08:00.142669+00:00,1772906880142.668,0.415283,-0.566406,0.292236,-0.243042,-0.509766,0.847656,19791,19711,20080,19373,0.450000,-0.550000,0.300000,0.000000,1772906880136.891,0.412810,-0.567423,0.292151,0.000000,0.000000,0.000000,1.000000,position_only
2026-03-07T18:08:00.152209+00:00,1772906880152.208,0.415283,-0.566406,0.292236,-0.258301,-0.459717,0.855469,19911,19595,20187,19263,0.450000,-0.550000,0.300000,0.000000,1772906880145.401,0.412882,-0.567328,0.292156,0.000000,0.000000,0.000000,1.000000,position_only
2026-03-07T18:08:00.163521+00:00,1772906880163.521,0.415283,-0.566406,0.292236,-0.264160,-0.406006,0.871582,19843,19666,20093,19360,0.450000,-0.550000,0.300000,0.000000,1772906880162.552,0.412926,-0.567202,0.292131,0.000000,0.000000,0.000000,1.000000,position_only
2026-03-07T18:08:00.174696+00:00,1772906880174.694,0.415527,-0.566406,0.292236,-0.264648,-0.360596,0.885742,19853,19687,20067,19355,0.450000,-0.550000,0.300000,0.000000,1772906880171.161,0.412993,-0.567040,0.292127,0.000000,0.000000,0.000000,1.000000,position_only
2026-03-07T18:08:00.182699+00:00,1772906880182.698,0.415527,-0.565918,0.292236,-0.263916,-0.329590,0.895020,19816,19754,19989,19391,0.450000,-0.550000,0.300000,0.000000,1772906880179.699,0.413045,-0.566984,0.292107,0.000000,0.000000,0.000000,1.000000,position_only
2026-03-07T18:08:00.194326+00:00,1772906880194.325,0.415527,-0.565918,0.292236,-0.241821,-0.299316,0.898438,19865,19724,19987,19357,0.450000,-0.550000,0.300000,0.000000,1772906880188.190,0.413072,-0.566911,0.292078,0.000000,0.000000,0.000000,1.000000,position_only
2026-03-07T18:08:00.203972+00:00,1772906880203.971,0.415527,-0.565918,0.292236,-0.211670,-0.273193,0.903320,19883,19688,19986,19372,0.450000,-0.550000,0.300000,0.000000,1772906880196.684,0.413071,-0.566865,0.292060,0.000000,0.000000,0.000000,1.000000,position_only
2026-03-07T18:08:00.213197+00:00,1772906880213.196,0.415771,-0.565918,0.292236,-0.191528,-0.264893,0.910645,19902,19649,20002,19374,0.450000,-0.550000,0.300000,0.000000,1772906880205.211,0.413073,-0.566801,0.292081,0.000000,0.000000,0.000000,1.000000,position_only
2026-03-07T18:08:00.223080+00:00,1772906880223.079,0.415771,-0.565430,0.292236,-0.172119,-0.249390,0.918945,19885,19700,20021,19315,0.450000,-0.550000,0.300000,0.000000,1772906880222.410,0.413128,-0.566668,0.292051,0.000000,0.000000,0.000000,1.000000,position_only
2026-03-07T18:08:00.234506+00:00,1772906880234.505,0.415771,-0.565430,0.292236,-0.141235,-0.226318,0.930176,19991,19614,20119,19190,0.450000,-0.550000,0.300000,0.000000,1772906880230.895,0.413151,-0.566610,0.292058,0.000000,0.000000,0.000000,1.000000,position_only
2026-03-07T18:08:00.246519+00:00,1772906880246.518,0.415771,-0.565430,0.292236,-0.107849,-0.197266,0.946777,19913,19728,20029,19243,0.450000,-0.550000,0.300000,0.000000,1772906880239.393,0.413140,-0.566545,0.292041,0.000000,0.000000,0.000000,1.000000,position_only
2026-03-07T18:08:00.255022+00:00,1772906880255.021,0.415527,-0.565430,0.292236,-0.105530,-0.191284,0.947266,19957,19728,20060,19171,0.450000,-0.550000,0.300000,0.000000,1772906880247.872,0.413150,-0.566478,0.292042,0.000000,0.000000,0.000000,1.000000,position_only
2026-03-07T18:08:00.262558+00:00,1772906880262.557,0.415771,-0.565430,0.292236,-0.003387,-0.121216,0.975586,20037,19638,20122,19113,0.450000,-0.550000,0.300000,0.000000,1772906880256.398,0.413150,-0.566478,0.292042,0.000000,0.000000,0.000000,1.000000,position_only
2026-03-07T18:08:00.274622+00:00,1772906880274.621,0.415771,-0.565430,0.292480,0.041748,-0.110962,0.984375,19924,19731,19965,19278,0.450000,-0.550000,0.300000,0.000000,1772906880273.531,0.413150,-0.566304,0.292049,0.000000,0.000000,0.000000,1.000000,position_only
2026-03-07T18:08:00.283650+00:00,1772906880283.649,0.415527,-0.565430,0.292236,0.041748,-0.110962,0.984375,19861,19798,19921,19321,0.450000,-0.550000,0.300000,0.000000,1772906880282.112,0.413115,-0.566266,0.292062,0.000000,0.000000,0.000000,1.000000,position_only
2026-03-07T18:08:00.293838+00:00,1772906880293.836,0.415527,-0.565430,0.292480,0.085876,-0.100464,0.981445,19956,19679,19989,19277,0.450000,-0.550000,0.300000,0.000000,1772906880290.608,0.413081,-0.566228,0.292063,0.000000,0.000000,0.000000,1.000000,position_only
2026-03-07T18:08:00.304845+00:00,1772906880304.844,0.415527,-0.564941,0.292480,0.129395,-0.083435,0.987793,19965,19656,20025,19245,0.450000,-0.550000,0.300000,0.000000,1772906880299.260,0.413065,-0.566173,0.292069,0.000000,0.000000,0.000000,1.000000,position_only
2026-03-07T18:08:00.316277+00:00,1772906880316.275,0.415527,-0.564941,0.292480,0.163086,-0.078064,0.998535,19882,19764,19926,19314,0.450000,-0.550000,0.300000,0.000000,1772906880307.915,0.413020,-0.566150,0.292092,0.000000,0.000000,0.000000,1.000000,position_only
2026-03-07T18:08:00.324129+00:00,1772906880324.128,0.415527,-0.564941,0.292480,0.184570,-0.079834,1.004883,20010,19563,20124,19184,0.450000,-0.550000,0.300000,0.000000,1772906880316.438,0.412998,-0.566093,0.292103,0.000000,0.000000,0.000000,1.000000,position_only
2026-03-07T18:08:00.333237+00:00,1772906880333.236,0.415527,-0.564941,0.292480,0.207520,-0.066772,1.016602,20024,19566,20142,19147,0.450000,-0.550000,0.300000,0.000000,1772906880325.366,0.412986,-0.566041,0.292111,0.000000,0.000000,0.000000,1.000000,position_only
2026-03-07T18:08:00.344606+00:00,1772906880344.605,0.415283,-0.564941,0.292480,0.220947,-0.054962,1.037109,19837,19767,19899,19375,0.450000,-0.550000,0.300000,0.000000,1772906880342.389,0.412870,-0.566003,0.292144,0.000000,0.000000,0.000000,1.000000,position_only
2026-03-07T18:08:00.353814+00:00,1772906880353.813,0.415283,-0.564941,0.292480,0.234497,-0.059662,1.041016,19852,19720,19950,19361,0.450000,-0.550000,0.300000,0.000000,1772906880351.011,0.412834,-0.565953,0.292162,0.000000,0.000000,0.000000,1.000000,position_only
2026-03-07T18:08:00.363012+00:00,1772906880363.011,0.415283,-0.564941,0.292480,0.232788,-0.075562,1.039062,19942,19614,20076,19245,0.450000,-0.550000,0.300000,0.000000,1772906880359.509,0.412750,-0.565923,0.292187,0.000000,0.000000,0.000000,1.000000,position_only
2026-03-07T18:08:00.375043+00:00,1772906880375.042,0.415283,-0.564941,0.292480,0.229980,-0.083191,1.045898,15456,15492,24275,23634,0.450000,-0.550000,0.300000,0.000000,1772906880368.080,0.412678,-0.565882,0.292214,0.000000,0.000000,0.000000,1.000000,position_only
2026-03-07T18:08:00.384708+00:00,1772906880384.708,0.415039,-0.564941,0.292480,0.216064,-0.088440,1.055664,15419,15589,24180,23673,0.450000,-0.550000,0.300000,0.000000,1772906880376.615,0.412653,-0.565872,0.292228,0.000000,0.000000,0.000000,1.000000,position_only
2026-03-07T18:08:00.394996+00:00,1772906880394.995,0.415039,-0.564941,0.292725,0.224365,-0.102661,1.056641,15814,15700,24041,23297,0.450000,-0.550000,0.300000,0.000000,1772906880393.705,0.412479,-0.565910,0.292273,0.000000,0.000000,0.000000,1.000000,position_only
2026-03-07T18:08:00.403248+00:00,1772906880403.247,0.415039,-0.564941,0.292725,0.447021,-0.124573,1.062500,16660,16035,23678,22419,0.450000,-0.550000,0.300000,0.000000,1772906880402.202,0.412432,-0.566001,0.292302,0.000000,0.000000,0.000000,1.000000,position_only
2026-03-07T18:08:00.413794+00:00,1772906880413.793,0.414795,-0.564941,0.292725,1.085938,-0.145386,1.077148,17448,16757,22834,21658,0.450000,-0.550000,0.300000,0.000000,1772906880410.980,0.412352,-0.566205,0.292405,0.000000,0.000000,0.000000,1.000000,position_only
2026-03-07T18:08:00.425223+00:00,1772906880425.222,0.414795,-0.564941,0.292969,2.376953,-0.173340,1.084961,18822,17541,21803,20396,0.450000,-0.550000,0.300000,0.000000,1772906880419.492,0.412306,-0.566535,0.292528,0.000000,0.000000,0.000000,1.000000,position_only
2026-03-07T18:08:00.434996+00:00,1772906880434.995,0.414795,-0.564941,0.293213,4.101562,-0.227295,1.091797,19882,18365,20809,19372,0.450000,-0.550000,0.300000,0.000000,1772906880427.938,0.412174,-0.567042,0.292649,0.000000,0.000000,0.000000,1.000000,position_only
2026-03-07T18:08:00.444322+00:00,1772906880444.321,0.414551,-0.564941,0.293213,4.105469,-0.221436,1.091797,20636,19020,20072,18707,0.450000,-0.550000,0.300000,0.000000,1772906880436.437,0.412116,-0.567674,0.292791,0.000000,0.000000,0.000000,1.000000,position_only
2026-03-07T18:08:00.453399+00:00,1772906880453.398,0.414307,-0.565918,0.293945,9.507812,-0.392578,1.073242,21578,20069,18818,17759,0.450000,-0.550000,0.300000,0.000000,1772906880445.176,0.412092,-0.568597,0.292820,0.000000,0.000000,0.000000,1.000000,position_only
2026-03-07T18:08:00.465427+00:00,1772906880465.427,0.414307,-0.566406,0.294434,12.710938,-0.503906,1.055664,22477,20636,18096,16962,0.450000,-0.550000,0.300000,0.000000,1772906880462.321,0.411958,-0.570847,0.293057,0.000000,0.000000,0.000000,1.000000,position_only
2026-03-07T18:08:00.473940+00:00,1772906880473.939,0.414307,-0.567383,0.294922,16.468750,-0.631836,1.041016,22926,21196,17557,16482,0.450000,-0.550000,0.300000,0.000000,1772906880470.885,0.411938,-0.572325,0.293048,0.000000,0.000000,0.000000,1.000000,position_only
2026-03-07T18:08:00.483950+00:00,1772906880483.949,0.414062,-0.568359,0.295166,19.968750,-0.729980,1.022461,23121,21550,17267,16257,0.450000,-0.550000,0.300000,0.000000,1772906880479.503,0.411880,-0.575803,0.292799,0.000000,0.000000,0.000000,1.000000,position_only
2026-03-07T18:08:00.496122+00:00,1772906880496.121,0.414062,-0.568848,0.294922,19.984375,-0.724609,1.022461,22656,21438,17514,16609,0.450000,-0.550000,0.300000,0.000000,1772906880488.049,0.411880,-0.575803,0.292799,0.000000,0.000000,0.000000,1.000000,position_only
2026-03-07T18:08:00.506877+00:00,1772906880506.876,0.414062,-0.572266,0.295410,26.906250,-0.851074,0.954102,22901,21973,17079,16490,0.450000,-0.550000,0.300000,0.000000,1772906880505.073,0.411677,-0.582695,0.292278,0.000000,0.000000,0.000000,1.000000,position_only
2026-03-07T18:08:00.516093+00:00,1772906880516.092,0.413818,-0.573730,0.294922,26.953125,-0.840332,0.953125,22162,21650,17501,17189,0.450000,-0.550000,0.300000,0.000000,1772906880513.694,0.411756,-0.585600,0.292116,0.000000,0.000000,0.000000,1.000000,position_only
2026-03-07T18:08:00.523425+00:00,1772906880523.425,0.413818,-0.576660,0.294922,30.093750,-0.884277,0.902832,21781,21696,17666,17580,0.450000,-0.550000,0.300000,0.000000,1772906880522.265,0.411656,-0.588635,0.291619,0.000000,0.000000,0.000000,1.000000,position_only
2026-03-07T18:08:00.534055+00:00,1772906880534.053,0.413574,-0.580078,0.294678,32.562500,-0.915527,0.848633,21644,21315,18236,17772,0.450000,-0.550000,0.300000,0.000000,1772906880530.858,0.411548,-0.591855,0.291079,0.000000,0.000000,0.000000,1.000000,position_only
2026-03-07T18:08:00.546049+00:00,1772906880546.048,0.413574,-0.584473,0.293945,34.593750,-0.903809,0.782715,21008,20967,18774,18503,0.450000,-0.550000,0.300000,0.000000,1772906880539.677,0.411663,-0.595241,0.290287,0.000000,0.000000,0.000000,1.000000,position_only
2026-03-07T18:08:00.553768+00:00,1772906880553.767,0.413574,-0.589355,0.293213,36.281250,-0.880371,0.717285,20604,20856,19083,19105,0.450000,-0.550000,0.300000,0.000000,1772906880548.259,0.411653,-0.599168,0.289538,0.000000,0.000000,0.000000,1.000000,position_only
2026-03-07T18:08:00.563587+00:00,1772906880563.585,0.413818,-0.593750,0.292725,37.281250,-0.867676,0.664062,20382,20412,19726,19464,0.450000,-0.550000,0.300000,0.000000,1772906880556.765,0.411696,-0.603407,0.289040,0.000000,0.000000,0.000000,1.000000,position_only
2026-03-07T18:08:00.574124+00:00,1772906880574.122,0.413574,-0.600586,0.291016,37.968750,-0.847168,0.605957,20263,20072,20388,19717,0.450000,-0.550000,0.300000,0.000000,1772906880573.772,0.412067,-0.612745,0.286939,0.000000,0.000000,0.000000,1.000000,position_only
2026-03-07T18:08:00.585217+00:00,1772906880585.216,0.413818,-0.606934,0.289795,38.187500,-0.802734,0.562500,19766,19940,20677,20454,0.450000,-0.550000,0.300000,0.000000,1772906880582.329,0.412220,-0.617987,0.285882,0.000000,0.000000,0.000000,1.000000,position_only
2026-03-07T18:08:00.594554+00:00,1772906880594.552,0.413818,-0.613770,0.288086,38.031250,-0.764160,0.523926,19576,19900,20980,20816,0.450000,-0.550000,0.300000,0.000000,1772906880590.972,0.412325,-0.623588,0.284811,0.000000,0.000000,0.000000,1.000000,position_only
2026-03-07T18:08:00.603650+00:00,1772906880603.649,0.413818,-0.621582,0.286133,37.625000,-0.734863,0.486084,19834,19637,21514,20691,0.450000,-0.550000,0.300000,0.000000,1772906880599.480,0.412429,-0.629761,0.284095,0.000000,0.000000,0.000000,1.000000,position_only
2026-03-07T18:08:00.614131+00:00,1772906880614.130,0.414062,-0.630371,0.283936,37.000000,-0.677734,0.455078,19754,19785,21578,20978,0.450000,-0.550000,0.300000,0.000000,1772906880607.986,0.412596,-0.636004,0.282698,0.000000,0.000000,0.000000,1.000000,position_only
2026-03-07T18:08:00.624999+00:00,1772906880624.998,0.414062,-0.639648,0.281738,36.312500,-0.616211,0.419189,19735,19980,21626,21117,0.450000,-0.550000,0.300000,0.000000,1772906880616.476,0.412706,-0.642724,0.281306,0.000000,0.000000,0.000000,1.000000,position_only
2026-03-07T18:08:00.634937+00:00,1772906880634.936,0.414307,-0.648438,0.279541,35.562500,-0.549316,0.383545,19870,20164,21552,21194,0.450000,-0.550000,0.300000,0.000000,1772906880633.701,0.413055,-0.657398,0.278413,0.000000,0.000000,0.000000,1.000000,position_only
2026-03-07T18:08:00.643957+00:00,1772906880643.956,0.414307,-0.659668,0.276855,34.781250,-0.485596,0.346680,20270,20185,21769,20900,0.450000,-0.550000,0.300000,0.000000,1772906880642.294,0.413162,-0.665403,0.276973,0.000000,0.000000,0.000000,1.000000,position_only
2026-03-07T18:08:00.653795+00:00,1772906880653.794,0.414551,-0.669922,0.274414,34.125000,-0.403564,0.317871,20517,20380,21796,20722,0.450000,-0.550000,0.300000,0.000000,1772906880650.761,0.413414,-0.673623,0.275086,0.000000,0.000000,0.000000,1.000000,position_only
2026-03-07T18:08:00.665816+00:00,1772906880665.816,0.414795,-0.682129,0.271484,33.437500,-0.299072,0.280029,20492,20828,21474,20928,0.450000,-0.550000,0.300000,0.000000,1772906880659.333,0.413499,-0.682279,0.273425,0.000000,0.000000,0.000000,1.000000,position_only
2026-03-07T18:08:00.674999+00:00,1772906880674.998,0.414795,-0.693359,0.269043,32.812500,-0.223389,0.239624,20851,20810,21555,20737,0.450000,-0.550000,0.300000,0.000000,1772906880667.975,0.413802,-0.691270,0.271483,0.000000,0.000000,0.000000,1.000000,position_only
2026-03-07T18:08:00.684251+00:00,1772906880684.250,0.414795,-0.693359,0.269043,32.812500,-0.223389,0.239624,20705,20983,21405,20858,0.450000,-0.550000,0.300000,0.000000,1772906880676.471,0.413960,-0.700698,0.269642,0.000000,0.000000,0.000000,1.000000,position_only
2026-03-07T18:08:00.693538+00:00,1772906880693.537,0.415283,-0.719238,0.263184,31.625000,-0.073792,0.174805,21087,21166,21459,20742,0.450000,-0.550000,0.300000,0.000000,1772906880684.954,0.414398,-0.710578,0.267533,0.000000,0.000000,0.000000,1.000000,position_only
2026-03-07T18:08:00.705131+00:00,1772906880705.129,0.415527,-0.733887,0.260254,30.984375,-0.010628,0.155640,21324,21084,21656,20636,0.450000,-0.550000,0.300000,0.000000,1772906880702.116,0.414819,-0.731220,0.263423,0.000000,0.000000,0.000000,1.000000,position_only
2026-03-07T18:08:00.713811+00:00,1772906880713.811,0.415771,-0.747559,0.257324,30.328125,0.054688,0.143677,21233,21220,21573,20873,0.450000,-0.550000,0.300000,0.000000,1772906880710.649,0.415033,-0.742017,0.261317,0.000000,0.000000,0.000000,1.000000,position_only
2026-03-07T18:08:00.727232+00:00,1772906880727.231,0.416016,-0.762695,0.254150,29.546875,0.104980,0.134277,21189,21238,21697,20971,0.450000,-0.550000,0.300000,0.000000,1772906880719.219,0.415297,-0.753096,0.259102,0.000000,0.000000,0.000000,1.000000,position_only
2026-03-07T18:08:00.735395+00:00,1772906880735.395,0.416260,-0.776855,0.251465,28.703125,0.147705,0.129272,20996,21271,21592,21377,0.450000,-0.550000,0.300000,0.000000,1772906880727.748,0.415520,-0.764611,0.256868,0.000000,0.000000,0.000000,1.000000,position_only
2026-03-07T18:08:00.745111+00:00,1772906880745.110,0.416260,-0.776855,0.251709,28.703125,0.147705,0.129272,20840,21096,21729,21551,0.450000,-0.550000,0.300000,0.000000,1772906880744.897,0.415852,-0.788205,0.252450,0.000000,0.000000,0.000000,1.000000,position_only
2026-03-07T18:08:00.754203+00:00,1772906880754.203,0.416504,-0.793457,0.248535,27.656250,0.136353,0.137451,20931,20880,22067,21518,0.450000,-0.550000,0.300000,0.000000,1772906880753.499,0.416311,-0.800555,0.250204,0.000000,0.000000,0.000000,1.000000,position_only
2026-03-07T18:08:00.766263+00:00,1772906880766.262,0.416748,-0.808594,0.245728,26.593750,0.137939,0.153442,20850,20731,22162,21788,0.450000,-0.550000,0.300000,0.000000,1772906880762.036,0.416694,-0.813173,0.248018,0.000000,0.000000,0.000000,1.000000,position_only
2026-03-07T18:08:00.774208+00:00,1772906880774.208,0.416992,-0.825684,0.242554,25.281250,0.134888,0.196655,20666,20736,22265,21978,0.450000,-0.550000,0.300000,0.000000,1772906880770.533,0.417015,-0.826114,0.245822,0.000000,0.000000,0.000000,1.000000,position_only
2026-03-07T18:08:00.785772+00:00,1772906880785.771,0.417236,-0.841309,0.239868,23.984375,0.111450,0.229370,20799,20473,22546,21899,0.450000,-0.550000,0.300000,0.000000,1772906880779.187,0.417516,-0.852576,0.241732,0.000000,0.000000,0.000000,1.000000,position_only
2026-03-07T18:08:00.794102+00:00,1772906880794.101,0.417480,-0.861328,0.236572,22.515625,0.094482,0.279785,20720,20528,22564,21980,0.450000,-0.550000,0.300000,0.000000,1772906880787.924,0.417606,-0.866153,0.239783,0.000000,0.000000,0.000000,1.000000,position_only
2026-03-07T18:08:00.805467+00:00,1772906880805.467,0.417725,-0.879395,0.234131,21.109375,0.080444,0.325195,20550,20606,22520,22122,0.450000,-0.550000,0.300000,0.000000,1772906880804.936,0.418132,-0.894204,0.235986,0.000000,0.000000,0.000000,1.000000,position_only
2026-03-07T18:08:00.814934+00:00,1772906880814.933,0.417969,-0.899414,0.231201,19.500000,0.077209,0.363037,20642,20495,22762,21910,0.450000,-0.550000,0.300000,0.000000,1772906880813.431,0.418132,-0.894204,0.235986,0.000000,0.000000,0.000000,1.000000,position_only
2026-03-07T18:08:00.823658+00:00,1772906880823.657,0.418213,-0.916016,0.228882,17.984375,0.109863,0.395996,20525,20493,22775,21971,0.450000,-0.550000,0.300000,0.000000,1772906880822.088,0.418519,-0.922853,0.232475,0.000000,0.000000,0.000000,1.000000,position_only
2026-03-07T18:08:00.835780+00:00,1772906880835.779,0.418701,-0.937500,0.226074,16.359375,0.160522,0.430176,20360,20633,22659,22052,0.450000,-0.550000,0.300000,0.000000,1772906880830.590,0.418802,-0.937499,0.230724,0.000000,0.000000,0.000000,1.000000,position_only
2026-03-07T18:08:00.845577+00:00,1772906880845.576,0.418945,-0.957031,0.223755,14.875000,0.216797,0.449463,20350,20607,22691,21971,0.450000,-0.550000,0.300000,0.000000,1772906880839.125,0.418954,-0.952204,0.229196,0.000000,0.000000,0.000000,1.000000,position_only
2026-03-07T18:08:00.854760+00:00,1772906880854.759,0.419189,-0.978027,0.221436,13.226562,0.294434,0.472900,20387,20494,22787,21829,0.450000,-0.550000,0.300000,0.000000,1772906880847.663,0.419083,-0.966946,0.227643,0.000000,0.000000,0.000000,1.000000,position_only
2026-03-07T18:08:00.865513+00:00,1772906880865.512,0.419434,-0.996094,0.220093,11.664062,0.374756,0.499756,20319,20436,22809,21754,0.450000,-0.550000,0.300000,0.000000,1772906880864.812,0.419320,-0.996947,0.225092,0.000000,0.000000,0.000000,1.000000,position_only
2026-03-07T18:08:00.876149+00:00,1772906880876.148,0.419678,-1.018555,0.218140,10.031250,0.479980,0.532227,20284,20340,22904,21630,0.450000,-0.550000,0.300000,0.000000,1772906880873.338,0.419493,-1.012151,0.223865,0.000000,0.000000,0.000000,1.000000,position_only
2026-03-07T18:08:00.884782+00:00,1772906880884.782,0.419922,-1.038086,0.216553,8.515625,0.587402,0.567383,20110,20399,22799,21686,0.450000,-0.550000,0.300000,0.000000,1772906880881.865,0.419510,-1.027329,0.222720,0.000000,0.000000,0.000000,1.000000,position_only
2026-03-07T18:08:00.894162+00:00,1772906880894.161,0.420166,-1.059570,0.215088,6.843750,0.699707,0.599609,19919,20456,22572,21861,0.450000,-0.550000,0.300000,0.000000,1772906880890.372,0.419563,-1.042540,0.221817,0.000000,0.000000,0.000000,1.000000,position_only
2026-03-07T18:08:00.905427+00:00,1772906880905.427,0.420410,-1.079102,0.213867,5.308594,0.783203,0.625488,20019,20155,22873,21561,0.450000,-0.550000,0.300000,0.000000,1772906880899.189,0.419542,-1.057727,0.221029,0.000000,0.000000,0.000000,1.000000,position_only
2026-03-07T18:08:00.916807+00:00,1772906880916.807,0.420166,-1.078125,0.214355,5.257812,0.784180,0.621582,19979,20193,22730,21651,0.450000,-0.550000,0.300000,0.000000,1772906880916.330,0.419631,-1.088383,0.219515,0.000000,0.000000,0.000000,1.000000,position_only
2026-03-07T18:08:00.924490+00:00,1772906880924.490,0.420654,-1.118164,0.212646,2.039062,0.972656,0.712402,19788,20004,22764,21546,0.450000,-0.550000,0.300000,0.000000,1772906880916.330,0.419631,-1.088383,0.219515,0.000000,0.000000,0.000000,1.000000,position_only
2026-03-07T18:08:00.933817+00:00,1772906880933.817,0.420654,-1.139648,0.211914,0.394043,1.050781,0.756836,19733,20057,22569,21693,0.450000,-0.550000,0.300000,0.000000,1772906880933.396,0.419645,-1.118805,0.218381,0.000000,0.000000,0.000000,1.000000,position_only
2026-03-07T18:08:00.947649+00:00,1772906880947.648,0.420654,-1.159180,0.211548,-1.099609,1.084961,0.788086,19626,19912,22504,21575,0.450000,-0.550000,0.300000,0.000000,1772906880942.203,0.419646,-1.133937,0.217905,0.000000,0.000000,0.000000,1.000000,position_only
2026-03-07T18:08:00.957929+00:00,1772906880957.929,0.420654,-1.157227,0.212036,-1.160156,1.085938,0.783203,24247,15465,18395,25473,0.450000,-0.550000,0.300000,0.000000,1772906880950.734,0.419488,-1.149011,0.217604,0.000000,0.000000,0.000000,1.000000,position_only
2026-03-07T18:08:00.965234+00:00,1772906880965.233,0.420654,-1.177734,0.211792,-2.771484,1.125977,0.821777,24293,15247,18426,25366,0.450000,-0.550000,0.300000,0.000000,1772906880959.285,0.419424,-1.164084,0.217300,0.000000,0.000000,0.000000,1.000000,position_only
2026-03-07T18:08:00.975683+00:00,1772906880975.683,0.420654,-1.197266,0.211670,-4.175781,1.129883,0.861816,24077,15297,18512,25222,0.450000,-0.550000,0.300000,0.000000,1772906880967.766,0.419148,-1.178975,0.217246,0.000000,0.000000,0.000000,1.000000,position_only
2026-03-07T18:08:00.985794+00:00,1772906880985.793,0.420410,-1.215820,0.212158,-5.753906,1.161133,0.906250,23262,15828,18700,25050,0.450000,-0.550000,0.300000,0.000000,1772906880984.951,0.418886,-1.208432,0.217230,0.000000,0.000000,0.000000,1.000000,position_only
2026-03-07T18:08:00.995232+00:00,1772906880995.231,0.420410,-1.234375,0.212402,-7.148438,1.411133,0.981934,22344,16411,19401,24457,0.450000,-0.550000,0.300000,0.000000,1772906880993.553,0.418499,-1.222956,0.217452,0.000000,0.000000,0.000000,1.000000,position_only
2026-03-07T18:08:01.004741+00:00,1772906881004.741,0.420166,-1.251953,0.212769,-8.554688,2.058594,1.131836,21207,17209,20150,23808,0.450000,-0.550000,0.300000,0.000000,1772906881002.058,0.417996,-1.237366,0.217597,0.000000,0.000000,0.000000,1.000000,position_only
2026-03-07T18:08:01.016948+00:00,1772906881016.948,0.419922,-1.270508,0.213257,-10.140625,3.324219,1.432617,19831,18239,21211,22846,0.450000,-0.550000,0.300000,0.000000,1772906881010.588,0.417329,-1.251713,0.217799,0.000000,0.000000,0.000000,1.000000,position_only
2026-03-07T18:08:01.027355+00:00,1772906881027.354,0.419678,-1.288086,0.213989,-11.562500,5.027344,1.873047,18626,19214,21910,22169,0.450000,-0.550000,0.300000,0.000000,1772906881019.127,0.416505,-1.265595,0.218197,0.000000,0.000000,0.000000,1.000000,position_only
2026-03-07T18:08:01.034960+00:00,1772906881034.959,0.419189,-1.307617,0.214844,-13.148438,7.484375,2.560547,17697,20032,22651,21334,0.450000,-0.550000,0.300000,0.000000,1772906881027.645,0.415404,-1.279384,0.218629,0.000000,0.000000,0.000000,1.000000,position_only
2026-03-07T18:08:01.044976+00:00,1772906881044.976,0.418213,-1.321289,0.215942,-14.679688,10.156250,3.367188,17057,20609,23353,20512,0.450000,-0.550000,0.300000,0.000000,1772906881044.727,0.412626,-1.306572,0.219365,0.000000,0.000000,0.000000,1.000000,position_only
2026-03-07T18:08:01.054095+00:00,1772906881054.094,0.417236,-1.338867,0.216797,-16.281250,13.406250,4.472656,16444,21224,23727,20007,0.450000,-0.550000,0.300000,0.000000,1772906881053.409,0.410884,-1.319805,0.219740,0.000000,0.000000,0.000000,1.000000,position_only
2026-03-07T18:08:01.064807+00:00,1772906881064.807,0.415771,-1.359375,0.217896,-17.953125,17.109375,5.875000,16310,21565,24199,19215,0.450000,-0.550000,0.300000,0.000000,1772906881061.895,0.408998,-1.332981,0.219986,0.000000,0.000000,0.000000,1.000000,position_only
2026-03-07T18:08:01.075408+00:00,1772906881075.407,0.414062,-1.374023,0.218750,-19.343750,20.171875,7.164062,16431,21672,24394,18752,0.450000,-0.550000,0.300000,0.000000,1772906881070.409,0.406890,-1.345864,0.220289,0.000000,0.000000,0.000000,1.000000,position_only
2026-03-07T18:08:01.086992+00:00,1772906881086.991,0.411865,-1.389648,0.219604,-20.671875,23.078125,8.492188,16662,21738,24219,18650,0.450000,-0.550000,0.300000,0.000000,1772906881078.998,0.404376,-1.358432,0.220611,0.000000,0.000000,0.000000,1.000000,position_only
2026-03-07T18:08:01.094789+00:00,1772906881094.789,0.408447,-1.402344,0.220459,-21.937500,25.687500,9.781250,17605,21269,23635,18760,0.450000,-0.550000,0.300000,0.000000,1772906881087.787,0.398869,-1.382902,0.221009,0.000000,0.000000,0.000000,1.000000,position_only
2026-03-07T18:08:01.105865+00:00,1772906881105.864,0.405273,-1.416016,0.220947,-23.015625,27.937500,11.007812,18362,20995,23728,18408,0.450000,-0.550000,0.300000,0.000000,1772906881104.961,0.392409,-1.406906,0.221000,0.000000,0.000000,0.000000,1.000000,position_only
2026-03-07T18:08:01.114583+00:00,1772906881114.582,0.400879,-1.432617,0.221436,-23.953125,29.921875,12.179688,18806,20829,23277,18784,0.450000,-0.550000,0.300000,0.000000,1772906881113.509,0.388860,-1.418624,0.220797,0.000000,0.000000,0.000000,1.000000,position_only
2026-03-07T18:08:01.125776+00:00,1772906881125.776,0.396240,-1.447266,0.221558,-24.656250,31.296875,13.031250,19610,20384,23077,18856,0.450000,-0.550000,0.300000,0.000000,1772906881122.100,0.384888,-1.429432,0.221082,0.000000,0.000000,0.000000,1.000000,position_only
2026-03-07T18:08:01.137943+00:00,1772906881137.943,0.390869,-1.460938,0.221680,-25.187500,32.250000,13.679688,20260,19992,22311,19635,0.450000,-0.550000,0.300000,0.000000,1772906881130.611,0.380556,-1.440373,0.220842,0.000000,0.000000,0.000000,1.000000,position_only
2026-03-07T18:08:01.145506+00:00,1772906881145.505,0.384033,-1.473633,0.221313,-25.640625,32.843750,14.078125,20928,19375,21698,20208,0.450000,-0.550000,0.300000,0.000000,1772906881139.115,0.375986,-1.451498,0.220445,0.000000,0.000000,0.000000,1.000000,position_only
2026-03-07T18:08:01.155624+00:00,1772906881155.624,0.377686,-1.486328,0.220947,-25.875000,32.968750,14.187500,21191,19346,21628,20683,0.450000,-0.550000,0.300000,0.000000,1772906881147.678,0.375986,-1.451498,0.220445,0.000000,0.000000,0.000000,1.000000,position_only
2026-03-07T18:08:01.166339+00:00,1772906881166.338,0.369873,-1.500000,0.220093,-25.984375,32.781250,14.085938,21757,18802,21388,20922,0.450000,-0.550000,0.300000,0.000000,1772906881164.832,0.360425,-1.482479,0.218723,0.000000,0.000000,0.000000,1.000000,position_only
2026-03-07T18:08:01.176176+00:00,1772906881176.175,0.362061,-1.512695,0.219238,-26.031250,32.343750,13.835938,21953,18792,21285,21488,0.450000,-0.550000,0.300000,0.000000,1772906881173.349,0.354365,-1.492351,0.218072,0.000000,0.000000,0.000000,1.000000,position_only
2026-03-07T18:08:01.188382+00:00,1772906881188.381,0.353760,-1.523438,0.218140,-26.046875,31.734375,13.453125,22332,18471,21256,21788,0.450000,-0.550000,0.300000,0.000000,1772906881181.847,0.348005,-1.501716,0.217194,0.000000,0.000000,0.000000,1.000000,position_only
2026-03-07T18:08:01.197146+00:00,1772906881197.146,0.353516,-1.522461,0.218018,-26.093750,31.734375,13.437500,22352,18345,21203,21958,0.450000,-0.550000,0.300000,0.000000,1772906881190.533,0.341523,-1.511545,0.215955,0.000000,0.000000,0.000000,1.000000,position_only
2026-03-07T18:08:01.208257+00:00,1772906881208.257,0.335938,-1.542969,0.215332,-26.109375,30.156250,12.390625,22401,18265,21431,22073,0.450000,-0.550000,0.300000,0.000000,1772906881207.774,0.327066,-1.529032,0.213726,0.000000,0.000000,0.000000,1.000000,position_only
2026-03-07T18:08:01.216057+00:00,1772906881216.056,0.325684,-1.553711,0.213745,-26.171875,29.328125,11.906250,22256,18447,21701,22341,0.450000,-0.550000,0.300000,0.000000,1772906881207.774,0.327066,-1.529032,0.213726,0.000000,0.000000,0.000000,1.000000,position_only
2026-03-07T18:08:01.225958+00:00,1772906881225.957,0.325195,-1.552734,0.213623,-26.203125,29.343750,11.898438,22052,18567,21751,22392,0.450000,-0.550000,0.300000,0.000000,1772906881224.768,0.311339,-1.546087,0.211048,0.000000,0.000000,0.000000,1.000000,position_only
2026-03-07T18:08:01.235035+00:00,1772906881235.034,0.313965,-1.563477,0.211792,-26.312500,28.437500,11.320312,22048,18685,22020,22308,0.450000,-0.550000,0.300000,0.000000,1772906881233.362,0.302786,-1.553897,0.209647,0.000000,0.000000,0.000000,1.000000,position_only
2026-03-07T18:08:01.246266+00:00,1772906881246.266,0.303223,-1.573242,0.209839,-26.437500,27.656250,10.804688,21963,18804,22197,22353,0.450000,-0.550000,0.300000,0.000000,1772906881241.873,0.293939,-1.561871,0.208082,0.000000,0.000000,0.000000,1.000000,position_only
2026-03-07T18:08:01.256792+00:00,1772906881256.792,0.292236,-1.581055,0.207886,-26.546875,26.921875,10.296875,21901,19022,22353,22293,0.450000,-0.550000,0.300000,0.000000,1772906881250.366,0.284890,-1.569428,0.206443,0.000000,0.000000,0.000000,1.000000,position_only
2026-03-07T18:08:01.266056+00:00,1772906881266.055,0.278564,-1.589844,0.205566,-26.687500,26.156250,9.828125,21827,19236,22384,22395,0.450000,-0.550000,0.300000,0.000000,1772906881258.972,0.275305,-1.576659,0.204688,0.000000,0.000000,0.000000,1.000000,position_only
2026-03-07T18:08:01.275105+00:00,1772906881275.105,0.266113,-1.598633,0.203247,-26.765625,25.468750,9.390625,21902,19397,22609,22164,0.450000,-0.550000,0.300000,0.000000,1772906881267.506,0.265536,-1.583824,0.202921,0.000000,0.000000,0.000000,1.000000,position_only
2026-03-07T18:08:01.286676+00:00,1772906881286.676,0.252197,-1.606445,0.200806,-26.765625,24.734375,8.898438,21940,19541,22615,22209,0.450000,-0.550000,0.300000,0.000000,1772906881284.560,0.245021,-1.596768,0.199434,0.000000,0.000000,0.000000,1.000000,position_only
2026-03-07T18:08:01.296600+00:00,1772906881296.599,0.239380,-1.613281,0.198486,-26.718750,24.078125,8.421875,22277,19465,22913,21844,0.450000,-0.550000,0.300000,0.000000,1772906881293.456,0.234296,-1.603019,0.197466,0.000000,0.000000,0.000000,1.000000,position_only
2026-03-07T18:08:01.305823+00:00,1772906881305.822,0.225098,-1.620117,0.195923,-26.578125,23.343750,7.898438,22340,19647,22768,21941,0.450000,-0.550000,0.300000,0.000000,1772906881301.514,0.223271,-1.608762,0.195505,0.000000,0.000000,0.000000,1.000000,position_only
2026-03-07T18:08:01.316163+00:00,1772906881316.163,0.210815,-1.625977,0.193481,-26.390625,22.640625,7.445312,22451,19775,22631,22009,0.450000,-0.550000,0.300000,0.000000,1772906881310.125,0.211955,-1.614389,0.193696,0.000000,0.000000,0.000000,1.000000,position_only
2026-03-07T18:08:01.325244+00:00,1772906881325.243,0.195068,-1.631836,0.190796,-26.046875,21.796875,6.914062,22797,19796,22510,21922,0.450000,-0.550000,0.300000,0.000000,1772906881318.593,0.200340,-1.619455,0.191907,0.000000,0.000000,0.000000,1.000000,position_only
2026-03-07T18:08:01.336649+00:00,1772906881336.649,0.180542,-1.636719,0.188354,-25.609375,20.921875,6.355469,23302,19706,22232,21888,0.450000,-0.550000,0.300000,0.000000,1772906881335.852,0.176474,-1.629529,0.188085,0.000000,0.000000,0.000000,1.000000,position_only
2026-03-07T18:08:01.344963+00:00,1772906881344.963,0.166016,-1.641602,0.186035,-25.031250,19.953125,5.726562,23914,19493,22206,21602,0.450000,-0.550000,0.300000,0.000000,1772906881344.343,0.164228,-1.633978,0.186128,0.000000,0.000000,0.000000,1.000000,position_only
2026-03-07T18:08:01.356604+00:00,1772906881356.603,0.148315,-1.646484,0.183350,-24.265625,18.750000,5.160156,24457,19411,21992,21431,0.450000,-0.550000,0.300000,0.000000,1772906881352.841,0.151777,-1.638072,0.184447,0.000000,0.000000,0.000000,1.000000,position_only
2026-03-07T18:08:01.366303+00:00,1772906881366.303,0.132812,-1.649414,0.181152,-23.421875,17.531250,4.468750,24739,19620,21182,21743,0.450000,-0.550000,0.300000,0.000000,1772906881361.365,0.139065,-1.642111,0.182779,0.000000,0.000000,0.000000,1.000000,position_only
2026-03-07T18:08:01.375972+00:00,1772906881375.972,0.114319,-1.654297,0.178589,-22.328125,16.031250,3.820312,25092,19759,20784,21610,0.450000,-0.550000,0.300000,0.000000,1772906881369.906,0.126169,-1.645730,0.181262,0.000000,0.000000,0.000000,1.000000,position_only
2026-03-07T18:08:01.385851+00:00,1772906881385.850,0.099548,-1.656250,0.176758,-21.171875,14.554688,2.929688,25474,19785,20624,21225,0.450000,-0.550000,0.300000,0.000000,1772906881378.648,0.113249,-1.649355,0.179715,0.000000,0.000000,0.000000,1.000000,position_only
2026-03-07T18:08:01.396679+00:00,1772906881396.678,0.080994,-1.659180,0.174683,-19.796875,12.945312,2.248047,25419,20022,20514,21151,0.450000,-0.550000,0.300000,0.000000,1772906881396.530,0.072913,-1.658559,0.175663,0.000000,0.000000,0.000000,1.000000,position_only
2026-03-07T18:08:01.405967+00:00,1772906881405.966,0.062683,-1.662109,0.172974,-18.515625,11.554688,1.811523,25355,20085,20470,20876,0.450000,-0.550000,0.300000,0.000000,1772906881405.043,0.059367,-1.660998,0.174664,0.000000,0.000000,0.000000,1.000000,position_only
2026-03-07T18:08:01.416457+00:00,1772906881416.457,0.042664,-1.664062,0.171143,-17.203125,10.101562,1.356445,24783,20337,20481,21023,0.450000,-0.550000,0.300000,0.000000,1772906881413.530,0.059367,-1.660998,0.174664,0.000000,0.000000,0.000000,1.000000,position_only
2026-03-07T18:08:01.425988+00:00,1772906881425.987,0.025925,-1.665039,0.169922,-16.109375,8.843750,0.842285,24405,20346,20578,21131,0.450000,-0.550000,0.300000,0.000000,1772906881422.241,0.031554,-1.665577,0.172792,0.000000,0.000000,0.000000,1.000000,position_only
2026-03-07T18:08:01.438080+00:00,1772906881438.079,0.026398,-1.665039,0.170166,-16.109375,8.835938,0.801758,24128,20032,21186,21087,0.450000,-0.550000,0.300000,0.000000,1772906881430.723,0.017497,-1.667781,0.171852,0.000000,0.000000,0.000000,1.000000,position_only
2026-03-07T18:08:01.449437+00:00,1772906881449.437,0.007210,-1.666992,0.168945,-15.101562,7.542969,0.375977,24164,19725,21515,20823,0.450000,-0.550000,0.300000,0.000000,1772906881447.893,-0.010597,-1.671144,0.170749,0.000000,0.000000,0.000000,1.000000,position_only
2026-03-07T18:08:01.458173+00:00,1772906881458.173,-0.011490,-1.667969,0.168091,-14.359375,6.449219,0.166138,23444,19853,21425,21303,0.450000,-0.550000,0.300000,0.000000,1772906881456.398,-0.010597,-1.671144,0.170749,0.000000,0.000000,0.000000,1.000000,position_only
2026-03-07T18:08:01.468318+00:00,1772906881468.318,-0.030197,-1.668945,0.167236,-13.710938,5.261719,-0.216553,23489,19433,21865,21031,0.450000,-0.550000,0.300000,0.000000,1772906881464.992,-0.039196,-1.674035,0.169799,0.000000,0.000000,0.000000,1.000000,position_only
2026-03-07T18:08:01.476851+00:00,1772906881476.849,-0.048065,-1.669922,0.166748,-13.250000,4.234375,-0.463867,23322,19422,21827,21052,0.450000,-0.550000,0.300000,0.000000,1772906881473.496,-0.053414,-1.675119,0.169443,0.000000,0.000000,0.000000,1.000000,position_only
2026-03-07T18:08:01.489139+00:00,1772906881489.138,-0.065857,-1.670898,0.166504,-12.867188,3.226562,-0.666992,23206,19350,21653,21212,0.450000,-0.550000,0.300000,0.000000,1772906881482.073,-0.067781,-1.675945,0.169291,0.000000,0.000000,0.000000,1.000000,position_only
2026-03-07T18:08:01.498011+00:00,1772906881498.010,-0.086426,-1.670898,0.165894,-12.507812,2.130859,-0.865234,23410,19149,21621,21008,0.450000,-0.550000,0.300000,0.000000,1772906881490.535,-0.081887,-1.676920,0.169204,0.000000,0.000000,0.000000,1.000000,position_only
2026-03-07T18:08:01.506501+00:00,1772906881506.500,-0.104797,-1.670898,0.165894,-12.156250,1.088867,-1.040039,23601,18975,21487,20891,0.450000,-0.550000,0.300000,0.000000,1772906881499.531,-0.096206,-1.677708,0.169112,0.000000,0.000000,0.000000,1.000000,position_only
2026-03-07T18:08:01.516939+00:00,1772906881516.937,-0.123657,-1.670898,0.166138,-11.703125,-0.157715,-1.316406,23886,18853,21405,20544,0.450000,-0.550000,0.300000,0.000000,1772906881516.671,-0.124328,-1.678870,0.169469,0.000000,0.000000,0.000000,1.000000,position_only
2026-03-07T18:08:01.526733+00:00,1772906881526.731,-0.140869,-1.670898,0.166504,-11.218750,-1.312500,-1.553711,23948,18960,20909,20570,0.450000,-0.550000,0.300000,0.000000,1772906881525.503,-0.138465,-1.679264,0.169853,0.000000,0.000000,0.000000,1.000000,position_only
2026-03-07T18:08:01.536543+00:00,1772906881536.542,-0.159424,-1.669922,0.166992,-10.585938,-2.625000,-1.841797,23884,19179,20318,20699,0.450000,-0.550000,0.300000,0.000000,1772906881534.006,-0.152327,-1.679651,0.170398,0.000000,0.000000,0.000000,1.000000,position_only
2026-03-07T18:08:01.545534+00:00,1772906881545.533,-0.177368,-1.669922,0.167725,-9.929688,-3.841797,-2.039062,28510,23157,15889,16247,0.450000,-0.550000,0.300000,0.000000,1772906881542.516,-0.166080,-1.679938,0.170943,0.000000,0.000000,0.000000,1.000000,position_only
2026-03-07T18:08:01.556107+00:00,1772906881556.106,-0.196655,-1.668945,0.168579,-9.132812,-5.218750,-2.267578,28401,23377,15441,16257,0.450000,-0.550000,0.300000,0.000000,1772906881551.013,-0.179802,-1.680314,0.171727,0.000000,0.000000,0.000000,1.000000,position_only
2026-03-07T18:08:01.566674+00:00,1772906881566.672,-0.213501,-1.667969,0.169678,-8.375000,-6.468750,-2.492188,28142,23227,15362,16432,0.450000,-0.550000,0.300000,0.000000,1772906881559.533,-0.193395,-1.680582,0.172491,0.000000,0.000000,0.000000,1.000000,position_only
2026-03-07T18:08:01.576513+00:00,1772906881576.512,-0.228027,-1.667969,0.171143,-7.714844,-7.761719,-2.796875,27366,22882,15413,17175,0.450000,-0.550000,0.300000,0.000000,1772906881568.017,-0.206865,-1.680636,0.173392,0.000000,0.000000,0.000000,1.000000,position_only
2026-03-07T18:08:01.585188+00:00,1772906881585.188,-0.245361,-1.666992,0.172607,-7.421875,-9.132812,-3.070312,26323,22242,15847,18091,0.450000,-0.550000,0.300000,0.000000,1772906881585.065,-0.233416,-1.680290,0.175575,0.000000,0.000000,0.000000,1.000000,position_only
2026-03-07T18:08:01.594974+00:00,1772906881594.973,-0.263672,-1.666016,0.174316,-7.781250,-10.429688,-3.263672,25217,21353,16663,18943,0.450000,-0.550000,0.300000,0.000000,1772906881593.702,-0.246284,-1.679804,0.176805,0.000000,0.000000,0.000000,1.000000,position_only
2026-03-07T18:08:01.606410+00:00,1772906881606.409,-0.279297,-1.665039,0.176147,-8.757812,-11.554688,-3.460938,23852,20487,17510,20046,0.450000,-0.550000,0.300000,0.000000,1772906881602.506,-0.259297,-1.678923,0.178195,0.000000,0.000000,0.000000,1.000000,position_only
2026-03-07T18:08:01.618301+00:00,1772906881618.299,-0.292969,-1.665039,0.178101,-10.359375,-12.656250,-3.748047,22377,19345,18744,21178,0.450000,-0.550000,0.300000,0.000000,1772906881611.076,-0.271795,-1.678340,0.179643,0.000000,0.000000,0.000000,1.000000,position_only
2026-03-07T18:08:01.627577+00:00,1772906881627.576,-0.311035,-1.662109,0.180054,-12.867188,-13.687500,-3.935547,21333,18389,19732,21965,0.450000,-0.550000,0.300000,0.000000,1772906881619.529,-0.284245,-1.677014,0.181203,0.000000,0.000000,0.000000,1.000000,position_only
2026-03-07T18:08:01.637069+00:00,1772906881637.068,-0.323975,-1.662109,0.182251,-15.617188,-14.593750,-4.210938,20627,17513,20647,22444,0.450000,-0.550000,0.300000,0.000000,1772906881636.769,-0.308640,-1.673861,0.184174,0.000000,0.000000,0.000000,1.000000,position_only
2026-03-07T18:08:01.647089+00:00,1772906881647.088,-0.340332,-1.660156,0.184570,-19.015625,-15.421875,-4.421875,19829,16867,21475,22919,0.450000,-0.550000,0.300000,0.000000,1772906881645.265,-0.320410,-1.672306,0.185627,0.000000,0.000000,0.000000,1.000000,position_only
2026-03-07T18:08:01.657965+00:00,1772906881657.964,-0.354004,-1.658203,0.186646,-22.234375,-16.093750,-4.636719,19402,16533,21850,23216,0.450000,-0.550000,0.300000,0.000000,1772906881653.735,-0.332277,-1.670000,0.187209,0.000000,0.000000,0.000000,1.000000,position_only
2026-03-07T18:08:01.666253+00:00,1772906881666.252,-0.367432,-1.655273,0.188599,-25.468750,-16.718750,-4.886719,19362,16216,22020,23355,0.450000,-0.550000,0.300000,0.000000,1772906881662.252,-0.343576,-1.668050,0.188595,0.000000,0.000000,0.000000,1.000000,position_only
2026-03-07T18:08:01.678990+00:00,1772906881678.989,-0.381592,-1.652344,0.190674,-28.828125,-17.390625,-5.187500,19628,16147,22013,23174,0.450000,-0.550000,0.300000,0.000000,1772906881670.711,-0.354955,-1.665555,0.189959,0.000000,0.000000,0.000000,1.000000,position_only
2026-03-07T18:08:01.685988+00:00,1772906881685.987,-0.393555,-1.649414,0.192627,-31.593750,-17.968750,-5.515625,19878,16361,21634,23121,0.450000,-0.550000,0.300000,0.000000,1772906881679.593,-0.376831,-1.659624,0.192764,0.000000,0.000000,0.000000,1.000000,position_only
2026-03-07T18:08:01.697418+00:00,1772906881697.417,-0.393066,-1.650391,0.192749,-31.578125,-17.984375,-5.531250,20632,16908,21088,22356,0.450000,-0.550000,0.300000,0.000000,1772906881696.782,-0.397828,-1.652799,0.195353,0.000000,0.000000,0.000000,1.000000,position_only
2026-03-07T18:08:01.705946+00:00,1772906881705.945,-0.407471,-1.645508,0.194702,-34.187500,-18.578125,-5.867188,21065,17293,20617,22080,0.450000,-0.550000,0.300000,0.000000,1772906881705.278,-0.407873,-1.649336,0.196425,0.000000,0.000000,0.000000,1.000000,position_only
2026-03-07T18:08:01.717057+00:00,1772906881717.057,-0.419678,-1.641602,0.196289,-36.031250,-19.078125,-6.195312,21479,17821,20088,21773,0.450000,-0.550000,0.300000,0.000000,1772906881714.022,-0.417730,-1.644906,0.197756,0.000000,0.000000,0.000000,1.000000,position_only
2026-03-07T18:08:01.726135+00:00,1772906881726.135,-0.432861,-1.635742,0.197876,-37.500000,-19.593750,-6.589844,22031,18503,19515,21279,0.450000,-0.550000,0.300000,0.000000,1772906881722.514,-0.427338,-1.640298,0.198838,0.000000,0.000000,0.000000,1.000000,position_only
2026-03-07T18:08:01.736566+00:00,1772906881736.566,-0.443359,-1.630859,0.199219,-38.343750,-20.031250,-6.976562,22254,19124,18926,21199,0.450000,-0.550000,0.300000,0.000000,1772906881731.052,-0.436770,-1.635886,0.200009,0.000000,0.000000,0.000000,1.000000,position_only
2026-03-07T18:08:01.746410+00:00,1772906881746.409,-0.456543,-1.623047,0.200317,-38.812500,-20.406250,-7.312500,22453,19649,18726,20893,0.450000,-0.550000,0.300000,0.000000,1772906881739.559,-0.445773,-1.630590,0.200884,0.000000,0.000000,0.000000,1.000000,position_only
2026-03-07T18:08:01.757441+00:00,1772906881757.441,-0.466553,-1.616211,0.201294,-38.812500,-20.687500,-7.640625,22541,20203,18469,20730,0.450000,-0.550000,0.300000,0.000000,1772906881756.990,-0.463276,-1.619569,0.202804,0.000000,0.000000,0.000000,1.000000,position_only
2026-03-07T18:08:01.766632+00:00,1772906881766.632,-0.476562,-1.609375,0.202148,-38.562500,-20.890625,-7.878906,22486,20876,18263,20563,0.450000,-0.550000,0.300000,0.000000,1772906881765.518,-0.471630,-1.613498,0.203454,0.000000,0.000000,0.000000,1.000000,position_only
2026-03-07T18:08:01.777939+00:00,1772906881777.939,-0.487061,-1.600586,0.202759,-38.000000,-20.984375,-8.062500,22705,21000,18523,20247,0.450000,-0.550000,0.300000,0.000000,1772906881774.084,-0.479882,-1.606721,0.204133,0.000000,0.000000,0.000000,1.000000,position_only
2026-03-07T18:08:01.785968+00:00,1772906881785.968,-0.496094,-1.591797,0.203003,-37.312500,-20.984375,-8.148438,22546,21397,18500,20295,0.450000,-0.550000,0.300000,0.000000,1772906881782.850,-0.487776,-1.600104,0.204749,0.000000,0.000000,0.000000,1.000000,position_only
2026-03-07T18:08:01.799516+00:00,1772906881799.515,-0.506348,-1.582031,0.203247,-36.437500,-20.890625,-8.125000,22353,21649,18679,20328,0.450000,-0.550000,0.300000,0.000000,1772906881791.334,-0.495524,-1.592780,0.205175,0.000000,0.000000,0.000000,1.000000,position_only
2026-03-07T18:08:01.807481+00:00,1772906881807.480,-0.514648,-1.572266,0.203247,-35.593750,-20.718750,-8.070312,22339,21650,19011,20242,0.450000,-0.550000,0.300000,0.000000,1772906881799.819,-0.502853,-1.584624,0.205752,0.000000,0.000000,0.000000,1.000000,position_only
2026-03-07T18:08:01.816684+00:00,1772906881816.683,-0.522461,-1.561523,0.203369,-34.656250,-20.484375,-8.015625,22318,21631,19370,20146,0.450000,-0.550000,0.300000,0.000000,1772906881808.299,-0.510148,-1.577181,0.205796,0.000000,0.000000,0.000000,1.000000,position_only
2026-03-07T18:08:01.827342+00:00,1772906881827.342,-0.529785,-1.551758,0.203125,-33.812500,-20.203125,-7.863281,21951,21864,19355,20501,0.450000,-0.550000,0.300000,0.000000,1772906881825.588,-0.523886,-1.559914,0.206257,0.000000,0.000000,0.000000,1.000000,position_only
2026-03-07T18:08:01.837889+00:00,1772906881837.888,-0.537598,-1.540039,0.202759,-33.031250,-19.875000,-7.656250,21783,21851,19543,20689,0.450000,-0.550000,0.300000,0.000000,1772906881834.131,-0.530397,-1.550923,0.206259,0.000000,0.000000,0.000000,1.000000,position_only
2026-03-07T18:08:01.847196+00:00,1772906881847.195,-0.545410,-1.527344,0.202271,-32.218750,-19.484375,-7.433594,21807,21566,20088,20608,0.450000,-0.550000,0.300000,0.000000,1772906881842.641,-0.536643,-1.541310,0.206284,0.000000,0.000000,0.000000,1.000000,position_only
2026-03-07T18:08:01.858415+00:00,1772906881858.415,-0.551758,-1.514648,0.201782,-31.562500,-19.125000,-7.226562,21666,21519,20236,20808,0.450000,-0.550000,0.300000,0.000000,1772906881851.528,-0.542787,-1.531387,0.206320,0.000000,0.000000,0.000000,1.000000,position_only
2026-03-07T18:08:01.867510+00:00,1772906881867.509,-0.557617,-1.502930,0.201538,-30.828125,-18.703125,-7.093750,21633,21449,20405,20901,0.450000,-0.550000,0.300000,0.000000,1772906881860.074,-0.548520,-1.521378,0.206124,0.000000,0.000000,0.000000,1.000000,position_only
2026-03-07T18:08:01.877947+00:00,1772906881877.946,-0.563477,-1.490234,0.200928,-30.203125,-18.328125,-6.933594,21685,21401,20440,20960,0.450000,-0.550000,0.300000,0.000000,1772906881877.401,-0.559519,-1.499713,0.205911,0.000000,0.000000,0.000000,1.000000,position_only
2026-03-07T18:08:01.886314+00:00,1772906881886.314,-0.569336,-1.474609,0.200073,-29.531250,-17.953125,-6.707031,21696,21440,20378,21105,0.450000,-0.550000,0.300000,0.000000,1772906881885.908,-0.564627,-1.488113,0.205879,0.000000,0.000000,0.000000,1.000000,position_only
2026-03-07T18:08:01.896278+00:00,1772906881896.276,-0.574707,-1.460938,0.199463,-28.859375,-17.625000,-6.554688,21754,21470,20280,21210,0.450000,-0.550000,0.300000,0.000000,1772906881894.940,-0.569668,-1.476674,0.205616,0.000000,0.000000,0.000000,1.000000,position_only
2026-03-07T18:08:01.907812+00:00,1772906881907.811,-0.579590,-1.445312,0.198608,-28.046875,-17.281250,-6.394531,22078,21399,20440,20753,0.450000,-0.550000,0.300000,0.000000,1772906881903.763,-0.574250,-1.465159,0.205274,0.000000,0.000000,0.000000,1.000000,position_only
2026-03-07T18:08:01.919040+00:00,1772906881919.039,-0.579102,-1.446289,0.199097,-28.015625,-17.265625,-6.476562,22144,21585,20303,20728,0.450000,-0.550000,0.300000,0.000000,1772906881912.253,-0.578714,-1.453126,0.204915,0.000000,0.000000,0.000000,1.000000,position_only
2026-03-07T18:08:01.927281+00:00,1772906881927.280,-0.588379,-1.415039,0.197632,-26.140625,-16.546875,-6.179688,22184,21679,20240,20721,0.450000,-0.550000,0.300000,0.000000,1772906881920.705,-0.583067,-1.440900,0.204481,0.000000,0.000000,0.000000,1.000000,position_only
2026-03-07T18:08:01.936459+00:00,1772906881936.458,-0.588379,-1.415039,0.197998,-26.140625,-16.546875,-6.171875,22212,21886,20159,20609,0.450000,-0.550000,0.300000,0.000000,1772906881929.439,-0.590802,-1.415691,0.203941,0.000000,0.000000,0.000000,1.000000,position_only
2026-03-07T18:08:01.948116+00:00,1772906881948.115,-0.592773,-1.397461,0.197266,-25.031250,-16.156250,-5.976562,22276,22022,20126,20423,0.450000,-0.550000,0.300000,0.000000,1772906881946.647,-0.598032,-1.389408,0.203471,0.000000,0.000000,0.000000,1.000000,position_only
2026-03-07T18:08:01.957803+00:00,1772906881957.802,-0.596680,-1.380859,0.196655,-23.921875,-15.750000,-5.792969,22170,22256,20002,20424,0.450000,-0.550000,0.300000,0.000000,1772906881955.186,-0.601341,-1.375954,0.203115,0.000000,0.000000,0.000000,1.000000,position_only
2026-03-07T18:08:01.966782+00:00,1772906881966.782,-0.600098,-1.364258,0.196045,-22.703125,-15.320312,-5.625000,22243,22356,20087,20151,0.450000,-0.550000,0.300000,0.000000,1772906881963.664,-0.604514,-1.362433,0.202846,0.000000,0.000000,0.000000,1.000000,position_only
2026-03-07T18:08:01.978686+00:00,1772906881978.686,-0.603027,-1.345703,0.195435,-21.296875,-14.789062,-5.457031,22225,22462,20124,19978,0.450000,-0.550000,0.300000,0.000000,1772906881972.221,-0.607304,-1.348447,0.202780,0.000000,0.000000,0.000000,1.000000,position_only
2026-03-07T18:08:01.987815+00:00,1772906881987.815,-0.606445,-1.328125,0.195435,-19.953125,-14.257812,-5.250000,22230,22510,20142,19783,0.450000,-0.550000,0.300000,0.000000,1772906881980.709,-0.610332,-1.334387,0.202504,0.000000,0.000000,0.000000,1.000000,position_only
2026-03-07T18:08:01.996216+00:00,1772906881996.215,-0.609375,-1.308594,0.195068,-18.421875,-13.648438,-5.039062,22174,22547,20080,19764,0.450000,-0.550000,0.300000,0.000000,1772906881989.247,-0.612893,-1.320124,0.202382,0.000000,0.000000,0.000000,1.000000,position_only
2026-03-07T18:08:02.007937+00:00,1772906882007.937,-0.611328,-1.290039,0.194824,-17.015625,-13.085938,-4.882812,22113,22564,20100,19672,0.450000,-0.550000,0.300000,0.000000,1772906882006.292,-0.617735,-1.291274,0.202451,0.000000,0.000000,0.000000,1.000000,position_only
2026-03-07T18:08:02.018834+00:00,1772906882018.833,-0.613770,-1.270508,0.194580,-15.453125,-12.445312,-4.738281,22048,22584,20030,19645,0.450000,-0.550000,0.300000,0.000000,1772906882014.901,-0.619908,-1.276556,0.202468,0.000000,0.000000,0.000000,1.000000,position_only
2026-03-07T18:08:02.027548+00:00,1772906882027.547,-0.615723,-1.251953,0.194458,-14.062500,-11.882812,-4.566406,22107,22428,20158,19467,0.450000,-0.550000,0.300000,0.000000,1772906882023.427,-0.621910,-1.261654,0.202597,0.000000,0.000000,0.000000,1.000000,position_only
2026-03-07T18:08:02.036547+00:00,1772906882036.547,-0.617188,-1.230469,0.194580,-12.539062,-11.257812,-4.394531,22086,22313,20187,19392,0.450000,-0.550000,0.300000,0.000000,1772906882031.922,-0.623755,-1.246735,0.202784,0.000000,0.000000,0.000000,1.000000,position_only
2026-03-07T18:08:02.047798+00:00,1772906882047.797,-0.619629,-1.211914,0.195312,-10.976562,-10.617188,-4.335938,21774,22434,19931,19561,0.450000,-0.550000,0.300000,0.000000,1772906882040.427,-0.625515,-1.231601,0.203149,0.000000,0.000000,0.000000,1.000000,position_only
2026-03-07T18:08:02.057679+00:00,1772906882057.679,-0.620605,-1.193359,0.195679,-9.632812,-10.078125,-4.285156,21675,22344,19840,19610,0.450000,-0.550000,0.300000,0.000000,1772906882048.964,-0.627087,-1.216452,0.203483,0.000000,0.000000,0.000000,1.000000,position_only
2026-03-07T18:08:02.067295+00:00,1772906882067.294,-0.622070,-1.169922,0.196289,-8.109375,-9.492188,-4.171875,21658,22129,19871,19556,0.450000,-0.550000,0.300000,0.000000,1772906882066.398,-0.629970,-1.186107,0.204461,0.000000,0.000000,0.000000,1.000000,position_only
2026-03-07T18:08:02.078068+00:00,1772906882078.068,-0.623047,-1.148438,0.197021,-6.742188,-8.984375,-4.109375,21716,21985,19958,19489,0.450000,-0.550000,0.300000,0.000000,1772906882074.956,-0.631212,-1.170692,0.205029,0.000000,0.000000,0.000000,1.000000,position_only
2026-03-07T18:08:02.087850+00:00,1772906882087.849,-0.623535,-1.129883,0.197876,-5.515625,-8.539062,-4.082031,21591,21802,19970,19372,0.450000,-0.550000,0.300000,0.000000,1772906882083.591,-0.632349,-1.155359,0.205665,0.000000,0.000000,0.000000,1.000000,position_only
2026-03-07T18:08:02.097506+00:00,1772906882097.505,-0.624512,-1.131836,0.198364,-5.460938,-8.507812,-4.160156,21583,21778,20045,19265,0.450000,-0.550000,0.300000,0.000000,1772906882092.245,-0.633405,-1.139972,0.206415,0.000000,0.000000,0.000000,1.000000,position_only
2026-03-07T18:08:02.106582+00:00,1772906882106.580,-0.625488,-1.109375,0.200073,-4.031250,-7.953125,-4.117188,21344,21718,19922,19376,0.450000,-0.550000,0.300000,0.000000,1772906882100.896,-0.634417,-1.124632,0.207251,0.000000,0.000000,0.000000,1.000000,position_only
2026-03-07T18:08:02.117989+00:00,1772906882117.988,-0.625488,-1.086914,0.200684,-2.826172,-7.500000,-4.031250,21390,21568,19951,19276,0.450000,-0.550000,0.300000,0.000000,1772906882109.541,-0.635287,-1.109238,0.208123,0.000000,0.000000,0.000000,1.000000,position_only
2026-03-07T18:08:02.128606+00:00,1772906882128.606,-0.626953,-1.070312,0.202515,-1.642578,-7.042969,-4.093750,21267,21625,19841,19181,0.450000,-0.550000,0.300000,0.000000,1772906882126.656,-0.636853,-1.078616,0.210013,0.000000,0.000000,0.000000,1.000000,position_only
2026-03-07T18:08:02.138492+00:00,1772906882138.492,-0.626953,-1.049805,0.203857,-0.406982,-6.585938,-4.113281,16674,26060,23953,14972,0.450000,-0.550000,0.300000,0.000000,1772906882135.172,-0.637399,-1.063314,0.211026,0.000000,0.000000,0.000000,1.000000,position_only
2026-03-07T18:08:02.147434+00:00,1772906882147.434,-0.627441,-1.032227,0.205322,0.742188,-6.148438,-4.152344,16948,25822,24068,14592,0.450000,-0.550000,0.300000,0.000000,1772906882143.706,-0.638079,-1.048113,0.212242,0.000000,0.000000,0.000000,1.000000,position_only
2026-03-07T18:08:02.159233+00:00,1772906882159.233,-0.627930,-1.011719,0.207031,1.995117,-5.679688,-4.121094,17768,25070,24000,14326,0.450000,-0.550000,0.300000,0.000000,1772906882152.244,-0.638482,-1.032991,0.213419,0.000000,0.000000,0.000000,1.000000,position_only
2026-03-07T18:08:02.168147+00:00,1772906882168.147,-0.628906,-0.994629,0.209106,3.240234,-5.445312,-4.148438,19001,23994,23784,14079,0.450000,-0.550000,0.300000,0.000000,1772906882161.022,-0.638858,-1.018022,0.214610,0.000000,0.000000,0.000000,1.000000,position_only
2026-03-07T18:08:02.177208+00:00,1772906882177.208,-0.627930,-0.973145,0.210693,4.566406,-5.691406,-4.007812,20037,23018,23139,14398,0.450000,-0.550000,0.300000,0.000000,1772906882169.754,-0.639030,-1.003074,0.215952,0.000000,0.000000,0.000000,1.000000,position_only
2026-03-07T18:08:02.187147+00:00,1772906882187.146,-0.628906,-0.958008,0.212891,5.949219,-6.371094,-3.984375,21029,22307,21990,14943,0.450000,-0.550000,0.300000,0.000000,1772906882178.533,-0.639143,-0.988219,0.217388,0.000000,0.000000,0.000000,1.000000,position_only
2026-03-07T18:08:02.196420+00:00,1772906882196.419,-0.628906,-0.941406,0.214966,7.343750,-7.617188,-3.839844,22163,21401,20948,15490,0.450000,-0.550000,0.300000,0.000000,1772906882195.723,-0.638673,-0.959016,0.220126,0.000000,0.000000,0.000000,1.000000,position_only
2026-03-07T18:08:02.210214+00:00,1772906882210.214,-0.628906,-0.921875,0.217285,8.914062,-9.593750,-3.535156,23273,20414,19668,16372,0.450000,-0.550000,0.300000,0.000000,1772906882204.271,-0.638103,-0.944569,0.221508,0.000000,0.000000,0.000000,1.000000,position_only
2026-03-07T18:08:02.220085+00:00,1772906882220.083,-0.628418,-0.904297,0.219482,10.398438,-11.820312,-3.173828,23915,19817,18982,16788,0.450000,-0.550000,0.300000,0.000000,1772906882212.825,-0.636529,-0.916217,0.224456,0.000000,0.000000,0.000000,1.000000,position_only
2026-03-07T18:08:02.228855+00:00,1772906882228.854,-0.627930,-0.884766,0.222046,12.039062,-14.593750,-2.634766,24152,19524,18270,17352,0.450000,-0.550000,0.300000,0.000000,1772906882221.534,-0.635364,-0.902275,0.225859,0.000000,0.000000,0.000000,1.000000,position_only
2026-03-07T18:08:02.237982+00:00,1772906882237.981,-0.626953,-0.867676,0.224365,13.507812,-17.281250,-2.072266,24173,19292,17596,18103,0.450000,-0.550000,0.300000,0.000000,1772906882230.413,-0.634088,-0.888560,0.227245,0.000000,0.000000,0.000000,1.000000,position_only
2026-03-07T18:08:02.248532+00:00,1772906882248.523,-0.625977,-0.850098,0.227173,15.046875,-20.281250,-1.389648,23887,19280,17119,18768,0.450000,-0.550000,0.300000,0.000000,1772906882247.684,-0.630694,-0.861443,0.230000,0.000000,0.000000,0.000000,1.000000,position_only
2026-03-07T18:08:02.257778+00:00,1772906882257.777,-0.624512,-0.833008,0.229370,16.343750,-22.937500,-0.707520,23510,19327,16940,19257,0.450000,-0.550000,0.300000,0.000000,1772906882256.239,-0.628592,-0.848114,0.231280,0.000000,0.000000,0.000000,1.000000,position_only
2026-03-07T18:08:02.268328+00:00,1772906882268.327,-0.622559,-0.814941,0.231689,17.609375,-25.656250,0.047852,22836,19621,17374,19191,0.450000,-0.550000,0.300000,0.000000,1772906882264.812,-0.626388,-0.835114,0.232461,0.000000,0.000000,0.000000,1.000000,position_only
2026-03-07T18:08:02.277964+00:00,1772906882277.963,-0.620117,-0.799316,0.233521,18.687500,-27.843750,0.720215,22583,19675,17537,19282,0.450000,-0.550000,0.300000,0.000000,1772906882273.537,-0.623976,-0.822250,0.233532,0.000000,0.000000,0.000000,1.000000,position_only
2026-03-07T18:08:02.288521+00:00,1772906882288.520,-0.620605,-0.801270,0.233521,18.718750,-27.843750,0.691406,22023,20010,17957,19192,0.450000,-0.550000,0.300000,0.000000,1772906882282.080,-0.621207,-0.809508,0.234648,0.000000,0.000000,0.000000,1.000000,position_only
2026-03-07T18:08:02.298800+00:00,1772906882298.799,-0.617676,-0.786621,0.235107,19.671875,-29.718750,1.308594,21567,20367,18170,19223,0.450000,-0.550000,0.300000,0.000000,1772906882290.727,-0.618193,-0.797003,0.235687,0.000000,0.000000,0.000000,1.000000,position_only
2026-03-07T18:08:02.307099+00:00,1772906882307.099,-0.613770,-0.770508,0.236816,20.546875,-31.375000,1.896484,21202,20635,18458,19228,0.450000,-0.550000,0.300000,0.000000,1772906882299.357,-0.615018,-0.784766,0.236463,0.000000,0.000000,0.000000,1.000000,position_only
2026-03-07T18:08:02.317619+00:00,1772906882317.619,-0.609863,-0.755859,0.238037,21.187500,-32.562500,2.322266,20925,20845,18851,19122,0.450000,-0.550000,0.300000,0.000000,1772906882316.683,-0.607658,-0.760984,0.237941,0.000000,0.000000,0.000000,1.000000,position_only
2026-03-07T18:08:02.328113+00:00,1772906882328.112,-0.605469,-0.740723,0.239136,21.750000,-33.500000,2.683594,20593,21159,19291,18976,0.450000,-0.550000,0.300000,0.000000,1772906882325.421,-0.603352,-0.749310,0.238686,0.000000,0.000000,0.000000,1.000000,position_only
2026-03-07T18:08:02.337134+00:00,1772906882337.133,-0.599609,-0.725098,0.239990,22.218750,-34.156250,2.941406,20346,21405,19581,19026,0.450000,-0.550000,0.300000,0.000000,1772906882333.997,-0.598568,-0.737856,0.239307,0.000000,0.000000,0.000000,1.000000,position_only
2026-03-07T18:08:02.348692+00:00,1772906882348.691,-0.593750,-0.711426,0.240479,22.453125,-34.437500,3.062500,20196,21572,19949,18932,0.450000,-0.550000,0.300000,0.000000,1772906882342.533,-0.593698,-0.726685,0.239725,0.000000,0.000000,0.000000,1.000000,position_only
2026-03-07T18:08:02.357942+00:00,1772906882357.942,-0.586914,-0.697266,0.240845,22.593750,-34.500000,3.087891,20131,21696,20399,18751,0.450000,-0.550000,0.300000,0.000000,1772906882351.086,-0.588579,-0.715721,0.239901,0.000000,0.000000,0.000000,1.000000,position_only
2026-03-07T18:08:02.367631+00:00,1772906882367.631,-0.580078,-0.686523,0.240845,22.671875,-34.343750,3.015625,20126,21805,20621,18743,0.450000,-0.550000,0.300000,0.000000,1772906882359.647,-0.582919,-0.704950,0.240135,0.000000,0.000000,0.000000,1.000000,position_only
2026-03-07T18:08:02.377349+00:00,1772906882377.349,-0.572754,-0.673828,0.240601,22.671875,-34.031250,2.888672,20189,21924,20730,18785,0.450000,-0.550000,0.300000,0.000000,1772906882376.844,-0.570425,-0.684263,0.240520,0.000000,0.000000,0.000000,1.000000,position_only
2026-03-07T18:08:02.388081+00:00,1772906882388.080,-0.563477,-0.660645,0.240234,22.609375,-33.656250,2.755859,20328,21903,20973,18759,0.450000,-0.550000,0.300000,0.000000,1772906882385.410,-0.563856,-0.674285,0.240144,0.000000,0.000000,0.000000,1.000000,position_only
2026-03-07T18:08:02.397294+00:00,1772906882397.293,-0.555176,-0.649414,0.239624,22.546875,-33.218750,2.611328,20479,21982,20970,18831,0.450000,-0.550000,0.300000,0.000000,1772906882394.271,-0.556779,-0.664479,0.239893,0.000000,0.000000,0.000000,1.000000,position_only
2026-03-07T18:08:02.410008+00:00,1772906882410.007,-0.545898,-0.638672,0.238892,22.500000,-32.781250,2.455078,20624,22033,20909,18987,0.450000,-0.550000,0.300000,0.000000,1772906882402.833,-0.549040,-0.654656,0.239729,0.000000,0.000000,0.000000,1.000000,position_only
2026-03-07T18:08:02.417780+00:00,1772906882417.779,-0.535645,-0.627441,0.237915,22.453125,-32.281250,2.277344,20877,21940,21003,19038,0.450000,-0.550000,0.300000,0.000000,1772906882411.436,-0.541371,-0.645378,0.238981,0.000000,0.000000,0.000000,1.000000,position_only
2026-03-07T18:08:02.428222+00:00,1772906882428.222,-0.526367,-0.619141,0.237061,22.437500,-31.812500,2.074219,20799,22062,20794,19201,0.450000,-0.550000,0.300000,0.000000,1772906882420.013,-0.532927,-0.636174,0.238658,0.000000,0.000000,0.000000,1.000000,position_only
2026-03-07T18:08:02.438029+00:00,1772906882438.029,-0.514648,-0.608398,0.235718,22.375000,-31.359375,1.930664,21155,22018,20819,19428,0.450000,-0.550000,0.300000,0.000000,1772906882437.121,-0.515311,-0.618527,0.237196,0.000000,0.000000,0.000000,1.000000,position_only
2026-03-07T18:08:02.447439+00:00,1772906882447.438,-0.514648,-0.609375,0.235840,22.390625,-31.359375,1.919922,21257,21888,20955,19313,0.450000,-0.550000,0.300000,0.000000,1772906882445.801,-0.506240,-0.610080,0.236103,0.000000,0.000000,0.000000,1.000000,position_only
2026-03-07T18:08:02.460346+00:00,1772906882460.345,-0.490723,-0.589355,0.232788,22.234375,-30.468750,1.643555,21450,21947,20825,19745,0.450000,-0.550000,0.300000,0.000000,1772906882454.480,-0.486454,-0.593955,0.234027,0.000000,0.000000,0.000000,1.000000,position_only
2026-03-07T18:08:02.469787+00:00,1772906882469.786,-0.490234,-0.589844,0.232910,22.250000,-30.484375,1.655273,21305,21945,20924,19785,0.450000,-0.550000,0.300000,0.000000,1772906882463.097,-0.475786,-0.586016,0.233165,0.000000,0.000000,0.000000,1.000000,position_only
2026-03-07T18:08:02.480693+00:00,1772906882480.693,-0.462891,-0.571777,0.229370,21.953125,-29.562500,1.435547,21608,21772,21132,19976,0.450000,-0.550000,0.300000,0.000000,1772906882480.268,-0.453944,-0.571057,0.230788,0.000000,0.000000,0.000000,1.000000,position_only
2026-03-07T18:08:02.487494+00:00,1772906882487.494,-0.462158,-0.571777,0.229492,21.968750,-29.578125,1.469727,21393,21915,21254,19932,0.450000,-0.550000,0.300000,0.000000,1772906882480.268,-0.453944,-0.571057,0.230788,0.000000,0.000000,0.000000,1.000000,position_only
2026-03-07T18:08:02.500297+00:00,1772906882500.296,-0.445801,-0.562012,0.227295,21.687500,-28.937500,1.302734,21143,22090,21298,20231,0.450000,-0.550000,0.300000,0.000000,1772906882497.424,-0.431031,-0.557130,0.228069,0.000000,0.000000,0.000000,1.000000,position_only
2026-03-07T18:08:02.508695+00:00,1772906882508.695,-0.430420,-0.553711,0.225220,21.359375,-28.250000,1.080078,21183,22076,21590,20154,0.450000,-0.550000,0.300000,0.000000,1772906882505.940,-0.419010,-0.550490,0.226571,0.000000,0.000000,0.000000,1.000000,position_only
2026-03-07T18:08:02.517592+00:00,1772906882517.592,-0.416016,-0.546387,0.223267,21.000000,-27.515625,0.839355,20991,22249,21693,20264,0.450000,-0.550000,0.300000,0.000000,1772906882514.535,-0.406698,-0.544024,0.225474,0.000000,0.000000,0.000000,1.000000,position_only
2026-03-07T18:08:02.530616+00:00,1772906882530.616,-0.398682,-0.538574,0.220947,20.546875,-26.609375,0.606445,20813,22437,21875,20275,0.450000,-0.550000,0.300000,0.000000,1772906882523.282,-0.394136,-0.537874,0.223802,0.000000,0.000000,0.000000,1.000000,position_only
2026-03-07T18:08:02.538845+00:00,1772906882538.845,-0.382568,-0.532227,0.218872,20.109375,-25.656250,0.341309,20644,22587,22025,20296,0.450000,-0.550000,0.300000,0.000000,1772906882531.905,-0.381244,-0.531820,0.222543,0.000000,0.000000,0.000000,1.000000,position_only
2026-03-07T18:08:02.547946+00:00,1772906882547.946,-0.364746,-0.525391,0.216553,19.578125,-24.484375,-0.000425,20692,22579,22306,20126,0.450000,-0.550000,0.300000,0.000000,1772906882540.474,-0.368113,-0.526059,0.220973,0.000000,0.000000,0.000000,1.000000,position_only
2026-03-07T18:08:02.557797+00:00,1772906882557.797,-0.344238,-0.518066,0.214233,19.000000,-23.078125,-0.351318,20535,22694,22378,20204,0.450000,-0.550000,0.300000,0.000000,1772906882557.649,-0.341112,-0.514915,0.218395,0.000000,0.000000,0.000000,1.000000,position_only
2026-03-07T18:08:02.569017+00:00,1772906882569.017,-0.326904,-0.512695,0.212158,18.515625,-21.812500,-0.663086,20446,22779,22509,20152,0.450000,-0.550000,0.300000,0.000000,1772906882566.208,-0.327183,-0.509843,0.217051,0.000000,0.000000,0.000000,1.000000,position_only
2026-03-07T18:08:02.577960+00:00,1772906882577.960,-0.307617,-0.506836,0.209961,17.968750,-20.359375,-1.021484,20439,22846,22556,20076,0.450000,-0.550000,0.300000,0.000000,1772906882574.819,-0.313068,-0.504889,0.215825,0.000000,0.000000,0.000000,1.000000,position_only
2026-03-07T18:08:02.590845+00:00,1772906882590.844,-0.308105,-0.506836,0.210449,17.953125,-20.343750,-1.041992,20628,22689,22757,19796,0.450000,-0.550000,0.300000,0.000000,1772906882583.369,-0.298606,-0.500135,0.214475,0.000000,0.000000,0.000000,1.000000,position_only
2026-03-07T18:08:02.600158+00:00,1772906882600.157,-0.287109,-0.500977,0.208496,17.406250,-18.703125,-1.450195,20592,22702,22769,19763,0.450000,-0.550000,0.300000,0.000000,1772906882591.970,-0.284139,-0.495681,0.213079,0.000000,0.000000,0.000000,1.000000,position_only
2026-03-07T18:08:02.609255+00:00,1772906882609.254,-0.265381,-0.495605,0.206421,16.890625,-17.031250,-1.806641,20501,22793,22689,19800,0.450000,-0.550000,0.300000,0.000000,1772906882609.139,-0.254601,-0.487246,0.210544,0.000000,0.000000,0.000000,1.000000,position_only
2026-03-07T18:08:02.618310+00:00,1772906882618.309,-0.245605,-0.491211,0.204590,16.453125,-15.476562,-2.150391,20417,22843,22633,19817,0.450000,-0.550000,0.300000,0.000000,1772906882617.656,-0.239490,-0.483418,0.209397,0.000000,0.000000,0.000000,1.000000,position_only
2026-03-07T18:08:02.627982+00:00,1772906882627.982,-0.227539,-0.487549,0.203125,16.062500,-14.039062,-2.472656,20344,22884,22624,19767,0.450000,-0.550000,0.300000,0.000000,1772906882626.261,-0.224316,-0.479628,0.208457,0.000000,0.000000,0.000000,1.000000,position_only
2026-03-07T18:08:02.637645+00:00,1772906882637.645,-0.206177,-0.483643,0.201416,15.656250,-12.484375,-2.738281,20458,22723,22689,19642,0.450000,-0.550000,0.300000,0.000000,1772906882634.773,-0.208766,-0.476106,0.207693,0.000000,0.000000,0.000000,1.000000,position_only
2026-03-07T18:08:02.650951+00:00,1772906882650.950,-0.186768,-0.480225,0.200195,15.304688,-11.062500,-2.978516,20371,22722,22686,19601,0.450000,-0.550000,0.300000,0.000000,1772906882643.467,-0.193399,-0.472811,0.206874,0.000000,0.000000,0.000000,1.000000,position_only
2026-03-07T18:08:02.658535+00:00,1772906882658.534,-0.166504,-0.476562,0.199463,14.898438,-9.453125,-3.281250,20311,22678,22610,19616,0.450000,-0.550000,0.300000,0.000000,1772906882652.048,-0.177799,-0.469774,0.205944,0.000000,0.000000,0.000000,1.000000,position_only
2026-03-07T18:08:02.668125+00:00,1772906882668.125,-0.147949,-0.473877,0.198608,14.554688,-8.007812,-3.544922,20171,22713,22554,19538,0.450000,-0.550000,0.300000,0.000000,1772906882660.853,-0.162251,-0.466938,0.205201,0.000000,0.000000,0.000000,1.000000,position_only
2026-03-07T18:08:02.678420+00:00,1772906882678.420,-0.127808,-0.471436,0.197876,14.226562,-6.597656,-3.732422,20218,22486,22715,19362,0.450000,-0.550000,0.300000,0.000000,1772906882677.971,-0.130687,-0.461531,0.204267,0.000000,0.000000,0.000000,1.000000,position_only
2026-03-07T18:08:02.689084+00:00,1772906882689.084,-0.105957,-0.468994,0.197144,13.851562,-5.015625,-3.933594,20070,22507,22692,19293,0.450000,-0.550000,0.300000,0.000000,1772906882686.663,-0.114899,-0.459289,0.203761,0.000000,0.000000,0.000000,1.000000,position_only
2026-03-07T18:08:02.698114+00:00,1772906882698.113,-0.086426,-0.466797,0.196777,13.515625,-3.552734,-4.132812,19836,22561,22628,19329,0.450000,-0.550000,0.300000,0.000000,1772906882695.188,-0.099213,-0.457066,0.203442,0.000000,0.000000,0.000000,1.000000,position_only
2026-03-07T18:08:02.709461+00:00,1772906882709.460,-0.065247,-0.465088,0.196533,13.132812,-1.933594,-4.355469,19687,22474,22689,19257,0.450000,-0.550000,0.300000,0.000000,1772906882703.772,-0.083416,-0.455042,0.203180,0.000000,0.000000,0.000000,1.000000,position_only
2026-03-07T18:08:02.719849+00:00,1772906882719.848,-0.046539,-0.463379,0.196533,12.757812,-0.445557,-4.566406,19487,22515,22629,19241,0.450000,-0.550000,0.300000,0.000000,1772906882712.741,-0.052034,-0.451538,0.202980,0.000000,0.000000,0.000000,1.000000,position_only
2026-03-07T18:08:02.729576+00:00,1772906882729.569,-0.025742,-0.461182,0.197021,12.304688,1.202148,-4.757812,15062,18149,27186,23162,0.450000,-0.550000,0.300000,0.000000,1772906882721.304,-0.036329,-0.450100,0.202984,0.000000,0.000000,0.000000,1.000000,position_only
2026-03-07T18:08:02.738659+00:00,1772906882738.658,-0.005268,-0.459717,0.197388,11.945312,2.662109,-4.863281,14986,18420,26772,23139,0.450000,-0.550000,0.300000,0.000000,1772906882729.879,-0.020761,-0.448844,0.203098,0.000000,0.000000,0.000000,1.000000,position_only
2026-03-07T18:08:02.747827+00:00,1772906882747.826,-0.005257,-0.458984,0.197754,11.914062,2.671875,-4.843750,15122,18924,26256,22962,0.450000,-0.550000,0.300000,0.000000,1772906882747.232,0.010190,-0.446537,0.203715,0.000000,0.000000,0.000000,1.000000,position_only
2026-03-07T18:08:02.759003+00:00,1772906882759.001,0.036163,-0.458008,0.198486,12.023438,5.753906,-5.171875,16058,19336,25911,21640,0.450000,-0.550000,0.300000,0.000000,1772906882756.094,0.025294,-0.446004,0.203982,0.000000,0.000000,0.000000,1.000000,position_only
2026-03-07T18:08:02.772102+00:00,1772906882772.101,0.035309,-0.457031,0.198975,12.000000,5.781250,-5.187500,17620,20271,24918,19815,0.450000,-0.550000,0.300000,0.000000,1772906882764.651,0.040542,-0.445590,0.204364,0.000000,0.000000,0.000000,1.000000,position_only
2026-03-07T18:08:02.780519+00:00,1772906882780.518,0.055695,-0.456299,0.199829,12.937500,7.476562,-5.394531,18364,20911,24218,18788,0.450000,-0.550000,0.300000,0.000000,1772906882773.310,0.055413,-0.445583,0.204984,0.000000,0.000000,0.000000,1.000000,position_only
2026-03-07T18:08:02.788095+00:00,1772906882788.093,0.074829,-0.455322,0.201172,14.460938,9.007812,-5.574219,19557,21540,23335,17509,0.450000,-0.550000,0.300000,0.000000,1772906882781.949,0.070230,-0.445974,0.205471,0.000000,0.000000,0.000000,1.000000,position_only
2026-03-07T18:08:02.799497+00:00,1772906882799.495,0.093445,-0.455322,0.202393,16.640625,10.500000,-5.816406,20768,22047,22651,16226,0.450000,-0.550000,0.300000,0.000000,1772906882799.068,0.099438,-0.447544,0.206592,0.000000,0.000000,0.000000,1.000000,position_only
2026-03-07T18:08:02.809344+00:00,1772906882809.343,0.113220,-0.455811,0.203735,19.640625,12.054688,-6.144531,21784,22672,21746,15215,0.450000,-0.550000,0.300000,0.000000,1772906882807.817,0.113746,-0.448772,0.207062,0.000000,0.000000,0.000000,1.000000,position_only
2026-03-07T18:08:02.817595+00:00,1772906882817.594,0.130493,-0.456299,0.204956,22.796875,13.359375,-6.500000,22538,22950,21285,14476,0.450000,-0.550000,0.300000,0.000000,1772906882816.504,0.127881,-0.450448,0.207541,0.000000,0.000000,0.000000,1.000000,position_only
2026-03-07T18:08:02.828225+00:00,1772906882828.223,0.148804,-0.457764,0.206421,26.578125,14.703125,-6.945312,22666,23548,20711,14229,0.450000,-0.550000,0.300000,0.000000,1772906882825.096,0.141770,-0.452443,0.207971,0.000000,0.000000,0.000000,1.000000,position_only
2026-03-07T18:08:02.839700+00:00,1772906882839.699,0.164795,-0.459229,0.207520,30.093750,15.828125,-7.417969,22493,23822,20556,14286,0.450000,-0.550000,0.300000,0.000000,1772906882833.887,0.155614,-0.454643,0.208199,0.000000,0.000000,0.000000,1.000000,position_only
2026-03-07T18:08:02.849514+00:00,1772906882849.513,0.183350,-0.461670,0.208862,33.843750,16.968750,-7.976562,22378,23929,20513,14424,0.450000,-0.550000,0.300000,0.000000,1772906882842.533,0.169037,-0.457301,0.208325,0.000000,0.000000,0.000000,1.000000,position_only
2026-03-07T18:08:02.858530+00:00,1772906882858.529,0.199463,-0.464355,0.209717,37.000000,17.921875,-8.539062,21967,23906,20754,14785,0.450000,-0.550000,0.300000,0.000000,1772906882851.140,0.182616,-0.460267,0.208310,0.000000,0.000000,0.000000,1.000000,position_only
2026-03-07T18:08:02.868324+00:00,1772906882868.323,0.214844,-0.467773,0.210327,40.031250,18.921875,-9.242188,21437,23860,21097,15316,0.450000,-0.550000,0.300000,0.000000,1772906882859.994,0.195765,-0.463648,0.208322,0.000000,0.000000,0.000000,1.000000,position_only
2026-03-07T18:08:02.879794+00:00,1772906882879.793,0.229370,-0.471924,0.210693,42.250000,19.750000,-9.875000,20478,23562,21486,16520,0.450000,-0.550000,0.300000,0.000000,1772906882877.081,0.221275,-0.471369,0.208399,0.000000,0.000000,0.000000,1.000000,position_only
2026-03-07T18:08:02.889235+00:00,1772906882889.235,0.247681,-0.477783,0.210815,44.250000,20.593750,-10.570312,20181,23135,22183,16996,0.450000,-0.550000,0.300000,0.000000,1772906882885.853,0.233569,-0.475793,0.208334,0.000000,0.000000,0.000000,1.000000,position_only
2026-03-07T18:08:02.898257+00:00,1772906882898.256,0.263428,-0.483887,0.210449,45.312500,21.296875,-11.156250,19526,22937,22412,18085,0.450000,-0.550000,0.300000,0.000000,1772906882894.504,0.245768,-0.480781,0.208190,0.000000,0.000000,0.000000,1.000000,position_only
2026-03-07T18:08:02.910790+00:00,1772906882910.789,0.275391,-0.489990,0.209717,45.750000,21.843750,-11.679688,19037,22293,23019,19105,0.450000,-0.550000,0.300000,0.000000,1772906882903.044,0.257646,-0.486161,0.207761,0.000000,0.000000,0.000000,1.000000,position_only
2026-03-07T18:08:02.919119+00:00,1772906882919.119,0.275391,-0.489990,0.209717,45.750000,21.843750,-11.679688,18546,21650,23189,20070,0.450000,-0.550000,0.300000,0.000000,1772906882911.667,0.269256,-0.491841,0.207281,0.000000,0.000000,0.000000,1.000000,position_only
2026-03-07T18:08:02.929647+00:00,1772906882929.646,0.302246,-0.505371,0.207520,45.000000,22.578125,-12.265625,18698,21393,23625,20699,0.450000,-0.550000,0.300000,0.000000,1772906882929.063,0.291615,-0.504462,0.205988,0.000000,0.000000,0.000000,1.000000,position_only
2026-03-07T18:08:02.939326+00:00,1772906882939.326,0.314697,-0.513672,0.206055,44.062500,22.734375,-12.312500,18929,20835,23953,21162,0.450000,-0.550000,0.300000,0.000000,1772906882937.724,0.302499,-0.511555,0.205254,0.000000,0.000000,0.000000,1.000000,position_only
2026-03-07T18:08:02.947853+00:00,1772906882947.852,0.327881,-0.523926,0.204224,42.718750,22.765625,-12.210938,18891,20487,23912,21608,0.450000,-0.550000,0.300000,0.000000,1772906882946.270,0.323458,-0.526831,0.203465,0.000000,0.000000,0.000000,1.000000,position_only
2026-03-07T18:08:02.962238+00:00,1772906882962.237,0.339600,-0.534180,0.202271,41.406250,22.671875,-12.000000,19335,20384,23878,22183,0.450000,-0.550000,0.300000,0.000000,1772906882954.780,0.333599,-0.535192,0.202287,0.000000,0.000000,0.000000,1.000000,position_only
2026-03-07T18:08:02.969786+00:00,1772906882969.785,0.339111,-0.534180,0.202271,41.406250,22.671875,-12.015625,19445,20334,23752,22250,0.450000,-0.550000,0.300000,0.000000,1772906882963.410,0.343423,-0.543923,0.201027,0.000000,0.000000,0.000000,1.000000,position_only
2026-03-07T18:08:02.980177+00:00,1772906882980.177,0.352295,-0.546387,0.199951,39.875000,22.453125,-11.671875,20075,20236,23816,22073,0.450000,-0.550000,0.300000,0.000000,1772906882972.126,0.353085,-0.553189,0.199708,0.000000,0.000000,0.000000,1.000000,position_only
2026-03-07T18:08:02.988031+00:00,1772906882988.030,0.362793,-0.558105,0.197754,38.500000,22.203125,-11.343750,20401,20444,23609,22088,0.450000,-0.550000,0.300000,0.000000,1772906882980.688,0.353085,-0.553189,0.199708,0.000000,0.000000,0.000000,1.000000,position_only
2026-03-07T18:08:03.001122+00:00,1772906883001.121,0.374268,-0.571289,0.195190,37.125000,21.859375,-10.929688,20617,20896,23199,22153,0.450000,-0.550000,0.300000,0.000000,1772906882997.782,0.380253,-0.583530,0.194744,0.000000,0.000000,0.000000,1.000000,position_only
2026-03-07T18:08:03.009438+00:00,1772906883009.437,0.384277,-0.583984,0.192749,35.968750,21.500000,-10.554688,20970,21073,23122,21979,0.450000,-0.550000,0.300000,0.000000,1772906883006.363,0.388788,-0.594629,0.193095,0.000000,0.000000,0.000000,1.000000,position_only
2026-03-07T18:08:03.021304+00:00,1772906883021.303,0.394287,-0.598145,0.189941,34.843750,21.109375,-10.187500,21251,21291,23130,21747,0.450000,-0.550000,0.300000,0.000000,1772906883014.991,0.397288,-0.606055,0.190946,0.000000,0.000000,0.000000,1.000000,position_only
2026-03-07T18:08:03.031142+00:00,1772906883031.141,0.403809,-0.612793,0.187256,33.968750,20.781250,-9.828125,21534,21447,23207,21479,0.450000,-0.550000,0.300000,0.000000,1772906883023.652,0.405400,-0.617761,0.188959,0.000000,0.000000,0.000000,1.000000,position_only
2026-03-07T18:08:03.040218+00:00,1772906883040.217,0.412598,-0.627930,0.184692,33.125000,20.484375,-9.507812,21438,21755,23114,21563,0.450000,-0.550000,0.300000,0.000000,1772906883032.321,0.412895,-0.629928,0.187329,0.000000,0.000000,0.000000,1.000000,position_only
2026-03-07T18:08:03.048818+00:00,1772906883048.817,0.421631,-0.644531,0.181763,32.218750,20.203125,-9.210938,21473,21944,23203,21470,0.450000,-0.550000,0.300000,0.000000,1772906883041.042,0.420503,-0.642511,0.185223,0.000000,0.000000,0.000000,1.000000,position_only
2026-03-07T18:08:03.058661+00:00,1772906883058.660,0.429443,-0.659668,0.179077,31.390625,19.984375,-8.992188,21331,22123,23245,21565,0.450000,-0.550000,0.300000,0.000000,1772906883058.155,0.434447,-0.668687,0.181343,0.000000,0.000000,0.000000,1.000000,position_only
2026-03-07T18:08:03.069966+00:00,1772906883069.966,0.437744,-0.678223,0.175903,30.468750,19.812500,-8.742188,21166,22336,23303,21651,0.450000,-0.550000,0.300000,0.000000,1772906883066.913,0.441101,-0.682387,0.179266,0.000000,0.000000,0.000000,1.000000,position_only
2026-03-07T18:08:03.080268+00:00,1772906883080.267,0.444580,-0.694336,0.173340,29.515625,19.687500,-8.617188,20933,22326,23418,21913,0.450000,-0.550000,0.300000,0.000000,1772906883075.479,0.447589,-0.696256,0.177204,0.000000,0.000000,0.000000,1.000000,position_only
2026-03-07T18:08:03.089834+00:00,1772906883089.833,0.451904,-0.713379,0.170166,28.375000,19.562500,-8.429688,20878,22323,23584,21953,0.450000,-0.550000,0.300000,0.000000,1772906883083.946,0.453706,-0.710487,0.175231,0.000000,0.000000,0.000000,1.000000,position_only
2026-03-07T18:08:03.098983+00:00,1772906883098.982,0.458008,-0.730957,0.167969,27.203125,19.453125,-8.296875,20705,22246,23615,22226,0.450000,-0.550000,0.300000,0.000000,1772906883092.455,0.459642,-0.725135,0.173127,0.000000,0.000000,0.000000,1.000000,position_only
2026-03-07T18:08:03.107971+00:00,1772906883107.970,0.464355,-0.750000,0.165161,25.781250,19.296875,-8.148438,20685,22094,23806,22268,0.450000,-0.550000,0.300000,0.000000,1772906883101.048,0.465382,-0.740099,0.171176,0.000000,0.000000,0.000000,1.000000,position_only
2026-03-07T18:08:03.119323+00:00,1772906883119.322,0.469971,-0.769531,0.162476,24.406250,19.156250,-7.949219,20692,21855,24013,22336,0.450000,-0.550000,0.300000,0.000000,1772906883118.067,0.475905,-0.770560,0.167555,0.000000,0.000000,0.000000,1.000000,position_only
2026-03-07T18:08:03.129064+00:00,1772906883129.063,0.475098,-0.789062,0.159912,22.953125,18.984375,-7.750000,20730,21649,24097,22433,0.450000,-0.550000,0.300000,0.000000,1772906883126.531,0.480865,-0.786224,0.165612,0.000000,0.000000,0.000000,1.000000,position_only
2026-03-07T18:08:03.142103+00:00,1772906883142.102,0.480469,-0.810547,0.157227,21.250000,18.750000,-7.527344,20528,21725,23896,22745,0.450000,-0.550000,0.300000,0.000000,1772906883135.076,0.485581,-0.802155,0.163699,0.000000,0.000000,0.000000,1.000000,position_only
2026-03-07T18:08:03.151346+00:00,1772906883151.345,0.480713,-0.810059,0.157715,21.218750,18.734375,-7.531250,20500,21604,23854,22884,0.450000,-0.550000,0.300000,0.000000,1772906883143.651,0.490020,-0.818298,0.161910,0.000000,0.000000,0.000000,1.000000,position_only
2026-03-07T18:08:03.160091+00:00,1772906883160.091,0.485352,-0.831055,0.155273,19.437500,18.421875,-7.343750,20658,21401,24015,22710,0.450000,-0.550000,0.300000,0.000000,1772906883152.291,0.494151,-0.834636,0.160394,0.000000,0.000000,0.000000,1.000000,position_only
2026-03-07T18:08:03.168969+00:00,1772906883168.969,0.492920,-0.871094,0.151245,16.156250,17.765625,-6.945312,20488,21372,23807,22903,0.450000,-0.550000,0.300000,0.000000,1772906883160.968,0.497992,-0.851123,0.158893,0.000000,0.000000,0.000000,1.000000,position_only
2026-03-07T18:08:03.178040+00:00,1772906883178.040,0.496582,-0.894043,0.149170,14.343750,17.359375,-6.710938,20629,21255,23856,22779,0.450000,-0.550000,0.300000,0.000000,1772906883169.531,0.501730,-0.867845,0.157445,0.000000,0.000000,0.000000,1.000000,position_only
2026-03-07T18:08:03.190425+00:00,1772906883190.425,0.499512,-0.914551,0.147583,12.695312,16.953125,-6.523438,20637,21113,23744,22750,0.450000,-0.550000,0.300000,0.000000,1772906883186.708,0.508440,-0.902005,0.154810,0.000000,0.000000,0.000000,1.000000,position_only
2026-03-07T18:08:03.199718+00:00,1772906883199.717,0.500488,-0.913574,0.148071,12.664062,16.937500,-6.535156,20675,21062,23738,22710,0.450000,-0.550000,0.300000,0.000000,1772906883195.403,0.511360,-0.919136,0.153615,0.000000,0.000000,0.000000,1.000000,position_only
2026-03-07T18:08:03.212371+00:00,1772906883212.370,0.502930,-0.936035,0.146606,10.867188,16.468750,-6.359375,20576,21067,23625,22707,0.450000,-0.550000,0.300000,0.000000,1772906883203.917,0.514067,-0.936336,0.152694,0.000000,0.000000,0.000000,1.000000,position_only
2026-03-07T18:08:03.220706+00:00,1772906883220.706,0.506836,-0.960938,0.145630,9.140625,15.984375,-6.074219,20444,21089,23405,22776,0.450000,-0.550000,0.300000,0.000000,1772906883212.795,0.518742,-0.971120,0.151036,0.000000,0.000000,0.000000,1.000000,position_only
2026-03-07T18:08:03.230522+00:00,1772906883230.522,0.508789,-0.983398,0.144531,7.593750,15.546875,-5.863281,20566,20914,23451,22558,0.450000,-0.550000,0.300000,0.000000,1772906883229.901,0.522702,-1.006265,0.149844,0.000000,0.000000,0.000000,1.000000,position_only
2026-03-07T18:08:03.239044+00:00,1772906883239.043,0.510742,-1.005859,0.143677,6.046875,15.093750,-5.687500,20476,20879,23278,22601,0.450000,-0.550000,0.300000,0.000000,1772906883238.439,0.524392,-1.023856,0.149378,0.000000,0.000000,0.000000,1.000000,position_only
2026-03-07T18:08:03.250283+00:00,1772906883250.282,0.512695,-1.029297,0.143066,4.359375,14.578125,-5.523438,20384,20777,23141,22632,0.450000,-0.550000,0.300000,0.000000,1772906883246.979,0.525737,-1.041437,0.148932,0.000000,0.000000,0.000000,1.000000,position_only
2026-03-07T18:08:03.260226+00:00,1772906883260.225,0.513672,-1.050781,0.142700,2.820312,14.093750,-5.406250,20150,20794,22937,22773,0.450000,-0.550000,0.300000,0.000000,1772906883255.953,0.526952,-1.058869,0.148727,0.000000,0.000000,0.000000,1.000000,position_only
2026-03-07T18:08:03.271419+00:00,1772906883271.418,0.515137,-1.076172,0.142456,1.180664,13.539062,-5.253906,20288,20502,22914,22650,0.450000,-0.550000,0.300000,0.000000,1772906883264.518,0.527928,-1.076447,0.148717,0.000000,0.000000,0.000000,1.000000,position_only
2026-03-07T18:08:03.279029+00:00,1772906883279.028,0.516602,-1.096680,0.142944,-0.375000,12.984375,-5.171875,20147,20408,22816,22639,0.450000,-0.550000,0.300000,0.000000,1772906883273.022,0.527928,-1.076447,0.148717,0.000000,0.000000,0.000000,1.000000,position_only
2026-03-07T18:08:03.290061+00:00,1772906883290.061,0.517090,-1.121094,0.143311,-2.039062,12.398438,-5.085938,20118,20184,22862,22516,0.450000,-0.550000,0.300000,0.000000,1772906883281.601,0.529389,-1.111103,0.148848,0.000000,0.000000,0.000000,1.000000,position_only
2026-03-07T18:08:03.300367+00:00,1772906883300.366,0.517578,-1.141602,0.143799,-3.558594,11.859375,-5.031250,20179,19912,22837,22455,0.450000,-0.550000,0.300000,0.000000,1772906883298.766,0.530216,-1.145533,0.149497,0.000000,0.000000,0.000000,1.000000,position_only
2026-03-07T18:08:03.309676+00:00,1772906883309.675,0.517578,-1.166016,0.144409,-5.164062,11.265625,-4.937500,24544,15553,18480,26500,0.450000,-0.550000,0.300000,0.000000,1772906883306.978,0.530379,-1.162608,0.149915,0.000000,0.000000,0.000000,1.000000,position_only
2026-03-07T18:08:03.321143+00:00,1772906883321.142,0.517578,-1.187500,0.145264,-6.601562,10.718750,-4.890625,24391,15579,18417,26392,0.450000,-0.550000,0.300000,0.000000,1772906883315.479,0.530334,-1.179584,0.150405,0.000000,0.000000,0.000000,1.000000,position_only
2026-03-07T18:08:03.332038+00:00,1772906883332.037,0.517090,-1.210938,0.146362,-8.156250,10.164062,-4.859375,24128,15641,18622,26065,0.450000,-0.550000,0.300000,0.000000,1772906883324.464,0.530168,-1.196326,0.150998,0.000000,0.000000,0.000000,1.000000,position_only
2026-03-07T18:08:03.342011+00:00,1772906883342.011,0.517090,-1.231445,0.147583,-9.554688,9.906250,-4.800781,23253,16285,19114,25520,0.450000,-0.550000,0.300000,0.000000,1772906883341.457,0.529109,-1.229257,0.152485,0.000000,0.000000,0.000000,1.000000,position_only
2026-03-07T18:08:03.350232+00:00,1772906883350.232,0.517090,-1.251953,0.149292,-11.156250,10.109375,-4.675781,22201,17296,19568,25076,0.450000,-0.550000,0.300000,0.000000,1772906883349.947,0.528144,-1.245544,0.153292,0.000000,0.000000,0.000000,1.000000,position_only
2026-03-07T18:08:03.360066+00:00,1772906883360.065,0.516113,-1.274414,0.150879,-12.671875,10.960938,-4.332031,20728,18328,20589,23909,0.450000,-0.550000,0.300000,0.000000,1772906883358.443,0.527025,-1.261562,0.154077,0.000000,0.000000,0.000000,1.000000,position_only
2026-03-07T18:08:03.369800+00:00,1772906883369.800,0.515137,-1.293945,0.152344,-14.031250,12.343750,-3.830078,19734,19334,21386,22872,0.450000,-0.550000,0.300000,0.000000,1772906883366.965,0.525546,-1.277348,0.155063,0.000000,0.000000,0.000000,1.000000,position_only
2026-03-07T18:08:03.382782+00:00,1772906883382.782,0.516113,-1.292969,0.152588,-14.062500,12.328125,-3.853516,19015,20506,21806,21973,0.450000,-0.550000,0.300000,0.000000,1772906883375.655,0.523802,-1.293084,0.155950,0.000000,0.000000,0.000000,1.000000,position_only
2026-03-07T18:08:03.390438+00:00,1772906883390.438,0.514648,-1.313477,0.154297,-15.492188,14.445312,-3.080078,18573,21045,22322,21185,0.450000,-0.550000,0.300000,0.000000,1772906883384.156,0.521709,-1.308559,0.156849,0.000000,0.000000,0.000000,1.000000,position_only
2026-03-07T18:08:03.400297+00:00,1772906883400.296,0.511230,-1.349609,0.157471,-17.859375,19.312500,-1.105469,17837,21816,23242,20031,0.450000,-0.550000,0.300000,0.000000,1772906883392.654,0.519387,-1.323815,0.157757,0.000000,0.000000,0.000000,1.000000,position_only
2026-03-07T18:08:03.409428+00:00,1772906883409.427,0.511719,-1.349609,0.157593,-17.875000,19.296875,-1.120117,18036,21687,23490,19704,0.450000,-0.550000,0.300000,0.000000,1772906883401.426,0.516754,-1.338796,0.158663,0.000000,0.000000,0.000000,1.000000,position_only
2026-03-07T18:08:03.421302+00:00,1772906883421.301,0.509277,-1.369141,0.159302,-19.156250,22.250000,0.228394,17557,22097,23576,19686,0.450000,-0.550000,0.300000,0.000000,1772906883418.501,0.510728,-1.368420,0.159812,0.000000,0.000000,0.000000,1.000000,position_only
2026-03-07T18:08:03.432632+00:00,1772906883432.631,0.506348,-1.385742,0.160645,-20.375000,24.906250,1.537109,17613,21925,23827,19603,0.450000,-0.550000,0.300000,0.000000,1772906883427.005,0.507290,-1.382618,0.160469,0.000000,0.000000,0.000000,1.000000,position_only
2026-03-07T18:08:03.440468+00:00,1772906883440.467,0.502930,-1.404297,0.161987,-21.796875,27.671875,3.015625,17548,21774,23766,19989,0.450000,-0.550000,0.300000,0.000000,1772906883435.724,0.503535,-1.396870,0.160956,0.000000,0.000000,0.000000,1.000000,position_only
2026-03-07T18:08:03.450318+00:00,1772906883450.318,0.499512,-1.419922,0.162964,-23.156250,29.921875,4.316406,17923,21291,23856,20166,0.450000,-0.550000,0.300000,0.000000,1772906883444.370,0.499395,-1.410807,0.161358,0.000000,0.000000,0.000000,1.000000,position_only
2026-03-07T18:08:03.460859+00:00,1772906883460.859,0.494629,-1.438477,0.163940,-24.640625,16.000000,5.656250,18312,20846,23758,20536,0.450000,-0.550000,0.300000,0.000000,1772906883452.923,0.494961,-1.424287,0.161601,0.000000,0.000000,0.000000,1.000000,position_only
2026-03-07T18:08:03.471415+00:00,1772906883471.414,0.489746,-1.453125,0.164429,-26.000000,33.437500,6.687500,18942,20181,23431,21158,0.450000,-0.550000,0.300000,0.000000,1772906883470.242,0.485337,-1.450487,0.161958,0.000000,0.000000,0.000000,1.000000,position_only
2026-03-07T18:08:03.480583+00:00,1772906883480.582,0.483887,-1.469727,0.164917,-27.343750,34.562500,7.589844,19533,19659,23289,21535,0.450000,-0.550000,0.300000,0.000000,1772906883478.768,0.479874,-1.463247,0.162218,0.000000,0.000000,0.000000,1.000000,position_only
2026-03-07T18:08:03.489310+00:00,1772906883489.310,0.477783,-1.483398,0.165039,-28.437500,35.187500,8.156250,20272,19141,23013,21898,0.450000,-0.550000,0.300000,0.000000,1772906883487.297,0.474079,-1.475180,0.162272,0.000000,0.000000,0.000000,1.000000,position_only
2026-03-07T18:08:03.501146+00:00,1772906883501.146,0.470215,-1.500000,0.164917,-29.375000,35.375000,8.492188,20886,18899,22615,22276,0.450000,-0.550000,0.300000,0.000000,1772906883496.043,0.461579,-1.499437,0.161838,0.000000,0.000000,0.000000,1.000000,position_only
2026-03-07T18:08:03.512919+00:00,1772906883512.919,0.462158,-1.514648,0.164673,-29.937500,35.218750,8.523438,21627,18742,22004,22644,0.450000,-0.550000,0.300000,0.000000,1772906883504.661,0.454691,-1.510846,0.161522,0.000000,0.000000,0.000000,1.000000,position_only
2026-03-07T18:08:03.519502+00:00,1772906883519.501,0.453125,-1.528320,0.163818,-30.265625,34.812500,8.343750,22266,18579,21692,22848,0.450000,-0.550000,0.300000,0.000000,1772906883513.240,0.447625,-1.522792,0.160717,0.000000,0.000000,0.000000,1.000000,position_only
2026-03-07T18:08:03.529004+00:00,1772906883529.003,0.443848,-1.541992,0.162964,-30.343750,34.031250,7.875000,22753,18557,21440,22996,0.450000,-0.550000,0.300000,0.000000,1772906883521.729,0.447625,-1.522792,0.160717,0.000000,0.000000,0.000000,1.000000,position_only
2026-03-07T18:08:03.539719+00:00,1772906883539.719,0.434326,-1.554688,0.161987,-30.218750,33.156250,7.332031,22980,18750,21112,23221,0.450000,-0.550000,0.300000,0.000000,1772906883539.088,0.423430,-1.555301,0.158659,0.000000,0.000000,0.000000,1.000000,position_only
2026-03-07T18:08:03.551522+00:00,1772906883551.521,0.422363,-1.569336,0.160645,-29.890625,32.093750,6.675781,23210,18922,21089,23189,0.450000,-0.550000,0.300000,0.000000,1772906883547.645,0.414730,-1.565679,0.157749,0.000000,0.000000,0.000000,1.000000,position_only
2026-03-07T18:08:03.560075+00:00,1772906883560.074,0.411377,-1.581055,0.159180,-29.546875,31.109375,6.078125,23414,18980,21283,23030,0.450000,-0.550000,0.300000,0.000000,1772906883556.142,0.405559,-1.575586,0.156815,0.000000,0.000000,0.000000,1.000000,position_only
2026-03-07T18:08:03.571285+00:00,1772906883571.284,0.398438,-1.593750,0.157593,-29.156250,30.031250,5.453125,23268,19328,21308,23099,0.450000,-0.550000,0.300000,0.000000,1772906883565.016,0.395923,-1.585483,0.155506,0.000000,0.000000,0.000000,1.000000,position_only
2026-03-07T18:08:03.579228+00:00,1772906883579.228,0.386475,-1.603516,0.155762,-28.828125,29.109375,4.906250,22996,19769,21305,23189,0.450000,-0.550000,0.300000,0.000000,1772906883573.531,0.385869,-1.594720,0.154243,0.000000,0.000000,0.000000,1.000000,position_only
2026-03-07T18:08:03.590869+00:00,1772906883590.868,0.371826,-1.615234,0.153809,-28.437500,28.187500,4.406250,22839,20068,21580,23051,0.450000,-0.550000,0.300000,0.000000,1772906883590.531,0.364743,-1.612777,0.151604,0.000000,0.000000,0.000000,1.000000,position_only
2026-03-07T18:08:03.600796+00:00,1772906883600.795,0.358398,-1.625000,0.151855,-28.109375,27.437500,4.011719,22807,20272,21901,22786,0.450000,-0.550000,0.300000,0.000000,1772906883599.140,0.353517,-1.621549,0.150139,0.000000,0.000000,0.000000,1.000000,position_only
2026-03-07T18:08:03.609167+00:00,1772906883609.167,0.344482,-1.634766,0.149902,-27.796875,26.750000,3.683594,22791,20425,22156,22597,0.450000,-0.550000,0.300000,0.000000,1772906883607.828,0.342051,-1.629705,0.148634,0.000000,0.000000,0.000000,1.000000,position_only
2026-03-07T18:08:03.619793+00:00,1772906883619.793,0.330322,-1.643555,0.147949,-27.484375,26.109375,3.398438,22766,20461,22269,22487,0.450000,-0.550000,0.300000,0.000000,1772906883616.392,0.330064,-1.637564,0.147220,0.000000,0.000000,0.000000,1.000000,position_only
2026-03-07T18:08:03.630538+00:00,1772906883630.537,0.330322,-1.642578,0.147827,-27.500000,26.109375,3.390625,22810,20564,22422,22368,0.450000,-0.550000,0.300000,0.000000,1772906883624.919,0.317924,-1.645517,0.145385,0.000000,0.000000,0.000000,1.000000,position_only
2026-03-07T18:08:03.640331+00:00,1772906883640.331,0.301270,-1.658203,0.143921,-26.843750,24.859375,2.832031,22786,20786,22528,22361,0.450000,-0.550000,0.300000,0.000000,1772906883633.834,0.305371,-1.652695,0.143913,0.000000,0.000000,0.000000,1.000000,position_only
2026-03-07T18:08:03.650350+00:00,1772906883650.349,0.283447,-1.666992,0.141479,-26.437500,24.171875,2.572266,22869,20824,22483,22288,0.450000,-0.550000,0.300000,0.000000,1772906883642.334,0.292384,-1.659937,0.142288,0.000000,0.000000,0.000000,1.000000,position_only
2026-03-07T18:08:03.661059+00:00,1772906883661.058,0.283203,-1.666992,0.141479,-26.437500,24.171875,2.585938,23012,20902,22484,22215,0.450000,-0.550000,0.300000,0.000000,1772906883659.465,0.265657,-1.672838,0.139098,0.000000,0.000000,0.000000,1.000000,position_only
2026-03-07T18:08:03.671822+00:00,1772906883671.821,0.250732,-1.679688,0.137329,-25.500000,22.781250,2.013672,23248,20932,22516,22104,0.450000,-0.550000,0.300000,0.000000,1772906883668.443,0.251676,-1.679240,0.137512,0.000000,0.000000,0.000000,1.000000,position_only
2026-03-07T18:08:03.682801+00:00,1772906883682.800,0.250732,-1.679688,0.137329,-25.500000,22.781250,2.013672,23426,20923,22123,22330,0.450000,-0.550000,0.300000,0.000000,1772906883677.082,0.237476,-1.685154,0.136022,0.000000,0.000000,0.000000,1.000000,position_only
2026-03-07T18:08:03.691199+00:00,1772906883691.198,0.232544,-1.686523,0.135132,-24.890625,21.875000,1.622070,23721,20788,22194,22168,0.450000,-0.550000,0.300000,0.000000,1772906883685.839,0.223173,-1.690665,0.134541,0.000000,0.000000,0.000000,1.000000,position_only
2026-03-07T18:08:03.701131+00:00,1772906883701.130,0.215210,-1.692383,0.133179,-24.265625,20.953125,1.235352,23868,20752,21945,22346,0.450000,-0.550000,0.300000,0.000000,1772906883694.435,0.208523,-1.695921,0.133030,0.000000,0.000000,0.000000,1.000000,position_only
2026-03-07T18:08:03.710969+00:00,1772906883710.969,0.195557,-1.697266,0.130981,-23.515625,19.828125,0.791992,23830,20807,21740,22552,0.450000,-0.550000,0.300000,0.000000,1772906883702.967,0.193569,-1.701094,0.131573,0.000000,0.000000,0.000000,1.000000,position_only
2026-03-07T18:08:03.720319+00:00,1772906883720.318,0.177368,-1.702148,0.129150,-22.828125,18.718750,0.340088,24089,20619,21773,22435,0.450000,-0.550000,0.300000,0.000000,1772906883711.495,0.178362,-1.706116,0.130090,0.000000,0.000000,0.000000,1.000000,position_only
2026-03-07T18:08:03.730634+00:00,1772906883730.633,0.159180,-1.706055,0.127441,-22.140625,17.515625,-0.146484,24128,20498,21752,22497,0.450000,-0.550000,0.300000,0.000000,1772906883728.822,0.147362,-1.714336,0.127754,0.000000,0.000000,0.000000,1.000000,position_only
2026-03-07T18:08:03.741257+00:00,1772906883741.257,0.140869,-1.709961,0.125732,-21.468750,16.250000,-0.639648,23941,20556,21429,22877,0.450000,-0.550000,0.300000,0.000000,1772906883737.347,0.131685,-1.718620,0.126460,0.000000,0.000000,0.000000,1.000000,position_only
2026-03-07T18:08:03.752474+00:00,1772906883752.473,0.122437,-1.713867,0.124268,-20.828125,14.921875,-1.173828,24157,20195,21669,22688,0.450000,-0.550000,0.300000,0.000000,1772906883745.828,0.115603,-1.722185,0.125504,0.000000,0.000000,0.000000,1.000000,position_only
2026-03-07T18:08:03.760949+00:00,1772906883760.949,0.098511,-1.717773,0.122559,-20.125000,13.304688,-1.721680,23986,20213,21612,22763,0.450000,-0.550000,0.300000,0.000000,1772906883754.616,0.083206,-1.729055,0.123380,0.000000,0.000000,0.000000,1.000000,position_only
2026-03-07T18:08:03.769407+00:00,1772906883769.406,0.077454,-1.720703,0.121216,-19.593750,11.953125,-2.117188,23847,20208,21557,22822,0.450000,-0.550000,0.300000,0.000000,1772906883763.120,0.066639,-1.731563,0.122626,0.000000,0.000000,0.000000,1.000000,position_only
2026-03-07T18:08:03.781456+00:00,1772906883781.455,0.054108,-1.723633,0.120117,-19.046875,10.460938,-2.529297,23586,20284,21387,23005,0.450000,-0.550000,0.300000,0.000000,1772906883780.153,0.033360,-1.736486,0.121352,0.000000,0.000000,0.000000,1.000000,position_only
2026-03-07T18:08:03.791464+00:00,1772906883791.463,0.033691,-1.726562,0.119202,-18.593750,9.078125,-2.968750,23555,20238,21400,22881,0.450000,-0.550000,0.300000,0.000000,1772906883788.938,0.016657,-1.738890,0.120791,0.000000,0.000000,0.000000,1.000000,position_only
2026-03-07T18:08:03.800276+00:00,1772906883800.276,0.009727,-1.728516,0.118286,-18.140625,7.597656,-3.375000,23583,20117,21551,22611,0.450000,-0.550000,0.300000,0.000000,1772906883797.537,-0.000305,-1.740753,0.120318,0.000000,0.000000,0.000000,1.000000,position_only
2026-03-07T18:08:03.812196+00:00,1772906883812.195,-0.011871,-1.729492,0.117737,-17.718750,6.277344,-3.718750,23735,19991,21644,22272,0.450000,-0.550000,0.300000,0.000000,1772906883806.081,-0.017188,-1.742455,0.119900,0.000000,0.000000,0.000000,1.000000,position_only
2026-03-07T18:08:03.822326+00:00,1772906883822.325,-0.033264,-1.730469,0.117310,-17.265625,4.968750,-4.042969,23616,20023,21549,22220,0.450000,-0.550000,0.300000,0.000000,1772906883814.925,-0.034179,-1.743465,0.119856,0.000000,0.000000,0.000000,1.000000,position_only
2026-03-07T18:08:03.829847+00:00,1772906883829.846,-0.054382,-1.731445,0.117126,-16.796875,3.664062,-4.371094,23412,20289,21074,22385,0.450000,-0.550000,0.300000,0.000000,1772906883823.593,-0.051190,-1.744590,0.119799,0.000000,0.000000,0.000000,1.000000,position_only
2026-03-07T18:08:03.840326+00:00,1772906883840.325,-0.074707,-1.733398,0.117310,-16.250000,2.322266,-4.722656,23636,20114,20969,22167,0.450000,-0.550000,0.300000,0.000000,1772906883832.178,-0.068202,-1.745836,0.119804,0.000000,0.000000,0.000000,1.000000,position_only
2026-03-07T18:08:03.850086+00:00,1772906883850.085,-0.094971,-1.733398,0.117493,-15.703125,0.953613,-5.085938,23678,20149,20699,22091,0.450000,-0.550000,0.300000,0.000000,1772906883849.531,-0.102202,-1.747038,0.120294,0.000000,0.000000,0.000000,1.000000,position_only
2026-03-07T18:08:03.861107+00:00,1772906883861.106,-0.118713,-1.733398,0.117920,-15.039062,-0.540527,-5.421875,23842,19995,20491,21977,0.450000,-0.550000,0.300000,0.000000,1772906883858.045,-0.119064,-1.747414,0.120631,0.000000,0.000000,0.000000,1.000000,position_only
2026-03-07T18:08:03.870716+00:00,1772906883870.716,-0.141968,-1.733398,0.118591,-14.343750,-2.103516,-5.777344,23821,20026,20155,21993,0.450000,-0.550000,0.300000,0.000000,1772906883866.531,-0.135886,-1.747597,0.121143,0.000000,0.000000,0.000000,1.000000,position_only
2026-03-07T18:08:03.882680+00:00,1772906883882.679,-0.161743,-1.733398,0.119507,-13.648438,-3.582031,-6.117188,23993,19902,19962,21816,0.450000,-0.550000,0.300000,0.000000,1772906883875.146,-0.152658,-1.747204,0.121939,0.000000,0.000000,0.000000,1.000000,position_only
2026-03-07T18:08:03.889577+00:00,1772906883889.576,-0.161743,-1.733398,0.119507,-13.648438,-3.582031,-6.117188,24032,19951,19882,21808,0.450000,-0.550000,0.300000,0.000000,1772906883883.793,-0.169157,-1.747302,0.122743,0.000000,0.000000,0.000000,1.000000,position_only
2026-03-07T18:08:03.900991+00:00,1772906883900.990,-0.204712,-1.731445,0.121826,-12.156250,-6.660156,-6.761719,28429,24039,15146,17401,0.450000,-0.550000,0.300000,0.000000,1772906883900.793,-0.202227,-1.746123,0.124557,0.000000,0.000000,0.000000,1.000000,position_only
2026-03-07T18:08:03.911028+00:00,1772906883911.028,-0.225098,-1.730469,0.123230,-11.421875,-8.109375,-7.042969,28142,24036,14944,17568,0.450000,-0.550000,0.300000,0.000000,1772906883909.531,-0.218303,-1.745658,0.125604,0.000000,0.000000,0.000000,1.000000,position_only
2026-03-07T18:08:03.921315+00:00,1772906883921.314,-0.246948,-1.729492,0.124939,-10.812500,-9.687500,-7.351562,27515,23967,15027,18161,0.450000,-0.550000,0.300000,0.000000,1772906883918.078,-0.234317,-1.744754,0.126769,0.000000,0.000000,0.000000,1.000000,position_only
2026-03-07T18:08:03.931328+00:00,1772906883931.327,-0.245972,-1.730469,0.125122,-10.789062,-9.718750,-7.363281,26603,23264,15421,19021,0.450000,-0.550000,0.300000,0.000000,1772906883926.648,-0.250168,-1.743982,0.127916,0.000000,0.000000,0.000000,1.000000,position_only
2026-03-07T18:08:03.942625+00:00,1772906883942.625,-0.264893,-1.728516,0.126831,-10.679688,-11.171875,-7.667969,25131,22181,16300,20381,0.450000,-0.550000,0.300000,0.000000,1772906883935.144,-0.265953,-1.742243,0.129397,0.000000,0.000000,0.000000,1.000000,position_only
2026-03-07T18:08:03.951174+00:00,1772906883951.174,-0.282959,-1.728516,0.128784,-11.156250,-12.632812,-7.980469,24156,20992,17259,21281,0.450000,-0.550000,0.300000,0.000000,1772906883943.722,-0.281320,-1.740580,0.130883,0.000000,0.000000,0.000000,1.000000,position_only
2026-03-07T18:08:03.961673+00:00,1772906883961.673,-0.303711,-1.726562,0.130981,-12.515625,-14.179688,-8.312500,23031,19912,18153,22260,0.450000,-0.550000,0.300000,0.000000,1772906883961.075,-0.311680,-1.736196,0.134084,0.000000,0.000000,0.000000,1.000000,position_only
2026-03-07T18:08:03.971403+00:00,1772906883971.403,-0.323730,-1.723633,0.133301,-14.671875,-15.695312,-8.679688,21773,18764,19169,23370,0.450000,-0.550000,0.300000,0.000000,1772906883969.783,-0.326406,-1.733688,0.135607,0.000000,0.000000,0.000000,1.000000,position_only
2026-03-07T18:08:03.981178+00:00,1772906883981.177,-0.341309,-1.721680,0.135620,-17.234375,-17.000000,-9.046875,21064,17907,20041,23872,0.450000,-0.550000,0.300000,0.000000,1772906883978.532,-0.340754,-1.730772,0.137257,0.000000,0.000000,0.000000,1.000000,position_only
2026-03-07T18:08:03.990393+00:00,1772906883990.393,-0.358154,-1.719727,0.137817,-20.234375,-18.250000,-9.460938,20357,17491,20256,24620,0.450000,-0.550000,0.300000,0.000000,1772906883987.119,-0.355141,-1.727620,0.138763,0.000000,0.000000,0.000000,1.000000,position_only
2026-03-07T18:08:04.001796+00:00,1772906884001.795,-0.377441,-1.715820,0.140381,-23.828125,-19.500000,-9.921875,19838,17170,20576,25003,0.450000,-0.550000,0.300000,0.000000,1772906883995.714,-0.369218,-1.724247,0.140266,0.000000,0.000000,0.000000,1.000000,position_only
2026-03-07T18:08:04.010977+00:00,1772906884010.977,-0.395996,-1.711914,0.142822,-27.531250,-20.640625,-10.453125,19998,16723,20942,24844,0.450000,-0.550000,0.300000,0.000000,1772906884004.689,-0.396364,-1.716515,0.143232,0.000000,0.000000,0.000000,1.000000,position_only
2026-03-07T18:08:04.021410+00:00,1772906884021.409,-0.412842,-1.708008,0.145142,-30.765625,-21.562500,-10.945312,20090,16728,21048,24609,0.450000,-0.550000,0.300000,0.000000,1772906884013.310,-0.409560,-1.712035,0.144781,0.000000,0.000000,0.000000,1.000000,position_only
2026-03-07T18:08:04.029781+00:00,1772906884029.780,-0.430176,-1.703125,0.147339,-34.031250,-22.484375,-11.492188,20150,17122,20625,24637,0.450000,-0.550000,0.300000,0.000000,1772906884021.770,-0.422482,-1.707277,0.146002,0.000000,0.000000,0.000000,1.000000,position_only
2026-03-07T18:08:04.041819+00:00,1772906884041.819,-0.445068,-1.698242,0.149292,-36.593750,-23.203125,-12.007812,20642,17708,20270,24032,0.450000,-0.550000,0.300000,0.000000,1772906884039.257,-0.447218,-1.697286,0.148245,0.000000,0.000000,0.000000,1.000000,position_only
2026-03-07T18:08:04.051811+00:00,1772906884051.810,-0.460693,-1.691406,0.151001,-38.656250,-23.781250,-12.460938,21031,18323,19977,23479,0.450000,-0.550000,0.300000,0.000000,1772906884047.767,-0.459414,-1.691393,0.149477,0.000000,0.000000,0.000000,1.000000,position_only
2026-03-07T18:08:04.062881+00:00,1772906884062.880,-0.477051,-1.684570,0.152832,-40.343750,-24.296875,-12.890625,21367,18944,19675,23061,0.450000,-0.550000,0.300000,0.000000,1772906884056.268,-0.471043,-1.685488,0.150484,0.000000,0.000000,0.000000,1.000000,position_only
2026-03-07T18:08:04.073895+00:00,1772906884073.895,-0.490967,-1.677734,0.154053,-41.343750,-24.656250,-13.218750,21921,19782,19263,22347,0.450000,-0.550000,0.300000,0.000000,1772906884073.708,-0.493317,-1.672272,0.152423,0.000000,0.000000,0.000000,1.000000,position_only
2026-03-07T18:08:04.082254+00:00,1772906884082.253,-0.505371,-1.668945,0.155151,-41.906250,-24.921875,-13.484375,22065,20549,19008,22023,0.450000,-0.550000,0.300000,0.000000,1772906884073.708,-0.493317,-1.672272,0.152423,0.000000,0.000000,0.000000,1.000000,position_only
2026-03-07T18:08:04.091710+00:00,1772906884091.709,-0.516602,-1.661133,0.155640,-41.937500,-25.062500,-13.656250,22354,21117,18840,21684,0.450000,-0.550000,0.300000,0.000000,1772906884091.413,-0.514715,-1.657361,0.154005,0.000000,0.000000,0.000000,1.000000,position_only
2026-03-07T18:08:04.100316+00:00,1772906884100.315,-0.530273,-1.650391,0.156250,-41.562500,-25.078125,-13.679688,22362,21755,18721,21517,0.450000,-0.550000,0.300000,0.000000,1772906884099.923,-0.524926,-1.649820,0.154427,0.000000,0.000000,0.000000,1.000000,position_only
2026-03-07T18:08:04.111961+00:00,1772906884111.960,-0.541992,-1.640625,0.156494,-40.937500,-24.984375,-13.617188,22315,22229,18664,21479,0.450000,-0.550000,0.300000,0.000000,1772906884108.446,-0.535032,-1.641253,0.154830,0.000000,0.000000,0.000000,1.000000,position_only
2026-03-07T18:08:04.123562+00:00,1772906884123.562,-0.554199,-1.628906,0.156494,-40.093750,-24.812500,-13.492188,22521,22423,18911,21200,0.450000,-0.550000,0.300000,0.000000,1772906884117.052,-0.544538,-1.632610,0.154997,0.000000,0.000000,0.000000,1.000000,position_only
2026-03-07T18:08:04.133095+00:00,1772906884133.094,-0.563965,-1.618164,0.156250,-39.187500,-24.609375,-13.351562,22385,22667,18871,21153,0.450000,-0.550000,0.300000,0.000000,1772906884125.531,-0.553773,-1.623295,0.155072,0.000000,0.000000,0.000000,1.000000,position_only
2026-03-07T18:08:04.141478+00:00,1772906884141.477,-0.563965,-1.618164,0.156250,-39.187500,-24.609375,-13.351562,22274,22826,18974,21338,0.450000,-0.550000,0.300000,0.000000,1772906884134.244,-0.562764,-1.613700,0.155211,0.000000,0.000000,0.000000,1.000000,position_only
2026-03-07T18:08:04.151383+00:00,1772906884151.382,-0.583984,-1.593750,0.155151,-37.281250,-24.031250,-12.898438,22212,22851,19176,21493,0.450000,-0.550000,0.300000,0.000000,1772906884151.306,-0.580060,-1.593098,0.154683,0.000000,0.000000,0.000000,1.000000,position_only
2026-03-07T18:08:04.160879+00:00,1772906884160.878,-0.583984,-1.593750,0.155151,-37.281250,-24.031250,-12.906250,22240,22652,19611,21575,0.450000,-0.550000,0.300000,0.000000,1772906884160.121,-0.588064,-1.582180,0.154276,0.000000,0.000000,0.000000,1.000000,position_only
2026-03-07T18:08:04.170113+00:00,1772906884170.111,-0.593750,-1.579102,0.154297,-36.343750,-23.703125,-12.648438,22197,22509,19850,21847,0.450000,-0.550000,0.300000,0.000000,1772906884168.648,-0.596027,-1.571055,0.153622,0.000000,0.000000,0.000000,1.000000,position_only
2026-03-07T18:08:04.182615+00:00,1772906884182.614,-0.611328,-1.549805,0.151978,-34.781250,-23.093750,-12.171875,21995,22513,19947,22228,0.450000,-0.550000,0.300000,0.000000,1772906884177.202,-0.603653,-1.559699,0.152957,0.000000,0.000000,0.000000,1.000000,position_only
2026-03-07T18:08:04.193279+00:00,1772906884193.277,-0.611328,-1.549805,0.151978,-34.781250,-23.093750,-12.171875,21983,22357,20242,22400,0.450000,-0.550000,0.300000,0.000000,1772906884185.680,-0.610815,-1.547547,0.152254,0.000000,0.000000,0.000000,1.000000,position_only
2026-03-07T18:08:04.200982+00:00,1772906884200.981,-0.618652,-1.535156,0.150757,-34.156250,-22.828125,-11.968750,22083,22151,20508,22505,0.450000,-0.550000,0.300000,0.000000,1772906884194.188,-0.617886,-1.534890,0.151313,0.000000,0.000000,0.000000,1.000000,position_only
2026-03-07T18:08:04.212225+00:00,1772906884212.224,-0.626465,-1.518555,0.149292,-33.500000,-22.546875,-11.757812,22179,22072,20631,22625,0.450000,-0.550000,0.300000,0.000000,1772906884211.161,-0.631068,-1.508878,0.149417,0.000000,0.000000,0.000000,1.000000,position_only
2026-03-07T18:08:04.221236+00:00,1772906884221.235,-0.633789,-1.501953,0.147705,-32.812500,-22.296875,-11.578125,22266,22143,20603,22727,0.450000,-0.550000,0.300000,0.000000,1772906884219.705,-0.637092,-1.495381,0.148343,0.000000,0.000000,0.000000,1.000000,position_only
2026-03-07T18:08:04.230427+00:00,1772906884230.426,-0.639648,-1.486328,0.146118,-32.125000,-22.093750,-11.437500,22347,22257,20558,22767,0.450000,-0.550000,0.300000,0.000000,1772906884228.496,-0.642992,-1.480721,0.147522,0.000000,0.000000,0.000000,1.000000,position_only
2026-03-07T18:08:04.243133+00:00,1772906884243.132,-0.646973,-1.465820,0.144287,-31.218750,-21.828125,-11.242188,22568,22271,20666,22641,0.450000,-0.550000,0.300000,0.000000,1772906884236.956,-0.648577,-1.466394,0.146387,0.000000,0.000000,0.000000,1.000000,position_only
2026-03-07T18:08:04.252285+00:00,1772906884252.284,-0.652832,-1.446289,0.142334,-30.265625,-21.578125,-11.062500,22716,22396,20822,22386,0.450000,-0.550000,0.300000,0.000000,1772906884245.469,-0.653901,-1.451958,0.144998,0.000000,0.000000,0.000000,1.000000,position_only
2026-03-07T18:08:04.261461+00:00,1772906884261.460,-0.657715,-1.429688,0.140869,-29.218750,-21.281250,-10.875000,22731,22627,20778,22282,0.450000,-0.550000,0.300000,0.000000,1772906884253.936,-0.658939,-1.437058,0.143861,0.000000,0.000000,0.000000,1.000000,position_only
2026-03-07T18:08:04.270547+00:00,1772906884270.545,-0.663086,-1.405273,0.138550,-27.906250,-20.859375,-10.523438,22643,22877,20780,22260,0.450000,-0.550000,0.300000,0.000000,1772906884262.645,-0.668159,-1.406192,0.141614,0.000000,0.000000,0.000000,1.000000,position_only
2026-03-07T18:08:04.281977+00:00,1772906884281.977,-0.667969,-1.382812,0.136597,-26.562500,-20.390625,-10.187500,22690,23047,20807,22007,0.450000,-0.550000,0.300000,0.000000,1772906884279.644,-0.676480,-1.374372,0.139050,0.000000,0.000000,0.000000,1.000000,position_only
2026-03-07T18:08:04.291807+00:00,1772906884291.806,-0.668457,-1.382812,0.136719,-26.578125,-20.390625,-10.148438,22936,23151,21003,21553,0.450000,-0.550000,0.300000,0.000000,1772906884288.209,-0.676480,-1.374372,0.139050,0.000000,0.000000,0.000000,1.000000,position_only
2026-03-07T18:08:04.304206+00:00,1772906884304.204,-0.675781,-1.341797,0.133301,-23.562500,-19.296875,-9.523438,22894,23383,20988,21453,0.450000,-0.550000,0.300000,0.000000,1772906884296.735,-0.683741,-1.341380,0.136554,0.000000,0.000000,0.000000,1.000000,position_only
2026-03-07T18:08:04.312537+00:00,1772906884312.536,-0.675781,-1.341797,0.133301,-23.562500,-19.296875,-9.523438,22945,23536,20933,21303,0.450000,-0.550000,0.300000,0.000000,1772906884305.643,-0.686997,-1.324570,0.135583,0.000000,0.000000,0.000000,1.000000,position_only
2026-03-07T18:08:04.322312+00:00,1772906884322.311,-0.679688,-1.319336,0.131836,-22.046875,-18.687500,-9.101562,22968,23498,21058,21169,0.450000,-0.550000,0.300000,0.000000,1772906884314.143,-0.690044,-1.307423,0.134513,0.000000,0.000000,0.000000,1.000000,position_only
2026-03-07T18:08:04.331094+00:00,1772906884331.093,-0.682617,-1.294922,0.130127,-20.265625,-18.000000,-8.726562,22951,23531,21063,21086,0.450000,-0.550000,0.300000,0.000000,1772906884322.650,-0.692606,-1.290002,0.133800,0.000000,0.000000,0.000000,1.000000,position_only
2026-03-07T18:08:04.341649+00:00,1772906884341.648,-0.685059,-1.273438,0.128784,-18.640625,-17.359375,-8.406250,22785,23668,21061,21032,0.450000,-0.550000,0.300000,0.000000,1772906884340.002,-0.697448,-1.254786,0.131983,0.000000,0.000000,0.000000,1.000000,position_only
2026-03-07T18:08:04.351537+00:00,1772906884351.535,-0.687012,-1.250000,0.127441,-16.812500,-16.625000,-8.093750,22684,23763,20913,21060,0.450000,-0.550000,0.300000,0.000000,1772906884348.493,-0.699690,-1.236980,0.131244,0.000000,0.000000,0.000000,1.000000,position_only
2026-03-07T18:08:04.364574+00:00,1772906884364.573,-0.688965,-1.228516,0.126343,-15.132812,-15.929688,-7.843750,22827,23752,20971,20710,0.450000,-0.550000,0.300000,0.000000,1772906884357.020,-0.701528,-1.218907,0.130689,0.000000,0.000000,0.000000,1.000000,position_only
2026-03-07T18:08:04.372290+00:00,1772906884372.289,-0.689941,-1.205078,0.125366,-13.460938,-15.242188,-7.566406,22730,23766,20962,20617,0.450000,-0.550000,0.300000,0.000000,1772906884365.507,-0.703044,-1.200575,0.130177,0.000000,0.000000,0.000000,1.000000,position_only
2026-03-07T18:08:04.381434+00:00,1772906884381.433,-0.692383,-1.179688,0.124878,-11.554688,-14.421875,-7.261719,22716,23800,20795,20488,0.450000,-0.550000,0.300000,0.000000,1772906884374.189,-0.704519,-1.182340,0.129857,0.000000,0.000000,0.000000,1.000000,position_only
2026-03-07T18:08:04.390619+00:00,1772906884390.618,-0.692871,-1.155273,0.124329,-9.609375,-13.640625,-7.050781,22739,23755,20829,20195,0.450000,-0.550000,0.300000,0.000000,1772906884382.661,-0.705916,-1.163958,0.129581,0.000000,0.000000,0.000000,1.000000,position_only
2026-03-07T18:08:04.402363+00:00,1772906884402.362,-0.693848,-1.133789,0.124084,-7.804688,-12.914062,-6.875000,22831,23690,20829,19891,0.450000,-0.550000,0.300000,0.000000,1772906884399.915,-0.708257,-1.127077,0.129035,0.000000,0.000000,0.000000,1.000000,position_only
2026-03-07T18:08:04.412273+00:00,1772906884412.272,-0.694336,-1.111328,0.124023,-5.972656,-12.179688,-6.726562,22719,23736,20718,19773,0.450000,-0.550000,0.300000,0.000000,1772906884408.432,-0.708910,-1.108618,0.129157,0.000000,0.000000,0.000000,1.000000,position_only
2026-03-07T18:08:04.423592+00:00,1772906884423.591,-0.694336,-1.085938,0.124146,-4.003906,-11.375000,-6.546875,22559,23692,20709,19650,0.450000,-0.550000,0.300000,0.000000,1772906884416.932,-0.709551,-1.090000,0.129382,0.000000,0.000000,0.000000,1.000000,position_only
2026-03-07T18:08:04.432649+00:00,1772906884432.648,-0.694336,-1.062500,0.124512,-2.220703,-10.625000,-6.414062,22457,23663,20604,19572,0.450000,-0.550000,0.300000,0.000000,1772906884425.462,-0.710045,-1.071494,0.129705,0.000000,0.000000,0.000000,1.000000,position_only
2026-03-07T18:08:04.441818+00:00,1772906884441.817,-0.694824,-1.039062,0.125488,-0.271729,-9.796875,-6.320312,22231,23665,20472,19548,0.450000,-0.550000,0.300000,0.000000,1772906884433.946,-0.710492,-1.053011,0.130176,0.000000,0.000000,0.000000,1.000000,position_only
2026-03-07T18:08:04.452377+00:00,1772906884452.377,-0.694824,-1.014648,0.126343,1.397461,-9.078125,-6.226562,22210,23491,20565,19306,0.450000,-0.550000,0.300000,0.000000,1772906884451.010,-0.710789,-1.016161,0.131487,0.000000,0.000000,0.000000,1.000000,position_only
2026-03-07T18:08:04.462132+00:00,1772906884462.131,-0.694336,-0.991699,0.127319,3.037109,-8.367188,-6.152344,22092,23311,20622,19208,0.450000,-0.550000,0.300000,0.000000,1772906884459.587,-0.710780,-0.997985,0.132323,0.000000,0.000000,0.000000,1.000000,position_only
2026-03-07T18:08:04.472333+00:00,1772906884472.332,-0.693359,-0.966797,0.128662,4.773438,-7.601562,-6.101562,21945,23253,20621,19058,0.450000,-0.550000,0.300000,0.000000,1772906884468.114,-0.710731,-0.979729,0.133385,0.000000,0.000000,0.000000,1.000000,position_only
2026-03-07T18:08:04.482980+00:00,1772906884482.979,-0.693848,-0.943848,0.130493,6.503906,-6.812500,-6.097656,17307,27526,24671,14966,0.450000,-0.550000,0.300000,0.000000,1772906884476.675,-0.710535,-0.961711,0.134470,0.000000,0.000000,0.000000,1.000000,position_only
2026-03-07T18:08:04.492842+00:00,1772906884492.841,-0.691895,-0.920898,0.131836,7.964844,-6.187500,-6.089844,17426,27296,24671,14784,0.450000,-0.550000,0.300000,0.000000,1772906884485.193,-0.710181,-0.943750,0.135556,0.000000,0.000000,0.000000,1.000000,position_only
2026-03-07T18:08:04.501840+00:00,1772906884501.839,-0.692383,-0.900391,0.133911,9.468750,-5.601562,-6.074219,18196,26445,24763,14439,0.450000,-0.550000,0.300000,0.000000,1772906884493.832,-0.709817,-0.925952,0.136795,0.000000,0.000000,0.000000,1.000000,position_only
2026-03-07T18:08:04.512643+00:00,1772906884512.642,-0.691406,-0.875977,0.136108,11.062500,-5.359375,-5.964844,19130,25576,24587,14517,0.450000,-0.550000,0.300000,0.000000,1772906884511.209,-0.708608,-0.890970,0.139608,0.000000,0.000000,0.000000,1.000000,position_only
2026-03-07T18:08:04.525277+00:00,1772906884525.276,-0.690918,-0.854980,0.138184,12.562500,-5.613281,-5.777344,20918,23809,23619,14763,0.450000,-0.550000,0.300000,0.000000,1772906884519.706,-0.707799,-0.873836,0.141034,0.000000,0.000000,0.000000,1.000000,position_only
2026-03-07T18:08:04.533570+00:00,1772906884533.569,-0.691895,-0.856445,0.138306,12.601562,-5.585938,-5.796875,21668,23164,23065,15195,0.450000,-0.550000,0.300000,0.000000,1772906884528.235,-0.706851,-0.856757,0.142648,0.000000,0.000000,0.000000,1.000000,position_only
2026-03-07T18:08:04.544214+00:00,1772906884544.213,-0.690918,-0.834473,0.140747,14.296875,-6.492188,-5.453125,22926,22065,21783,15952,0.450000,-0.550000,0.300000,0.000000,1772906884536.913,-0.705455,-0.840050,0.144223,0.000000,0.000000,0.000000,1.000000,position_only
2026-03-07T18:08:04.552564+00:00,1772906884552.563,-0.689941,-0.814941,0.143066,15.898438,-7.867188,-4.996094,23610,21480,21060,16275,0.450000,-0.550000,0.300000,0.000000,1772906884545.456,-0.704114,-0.823521,0.145906,0.000000,0.000000,0.000000,1.000000,position_only
2026-03-07T18:08:04.562439+00:00,1772906884562.439,-0.689453,-0.793945,0.145996,17.703125,-9.921875,-4.289062,24112,20929,19772,17299,0.450000,-0.550000,0.300000,0.000000,1772906884553.990,-0.702364,-0.807141,0.147669,0.000000,0.000000,0.000000,1.000000,position_only
2026-03-07T18:08:04.572385+00:00,1772906884572.384,-0.688477,-0.774414,0.148560,19.359375,-12.210938,-3.490234,24621,20362,19255,17664,0.450000,-0.550000,0.300000,0.000000,1772906884571.084,-0.696047,-0.759969,0.152720,0.000000,0.000000,0.000000,1.000000,position_only
2026-03-07T18:08:04.582976+00:00,1772906884582.976,-0.686523,-0.752930,0.151367,21.156250,-14.992188,-2.435547,24386,20308,18369,18646,0.450000,-0.550000,0.300000,0.000000,1772906884579.631,-0.693500,-0.744668,0.154298,0.000000,0.000000,0.000000,1.000000,position_only
2026-03-07T18:08:04.591436+00:00,1772906884591.435,-0.684570,-0.733887,0.153931,22.750000,-17.640625,-1.375977,24265,20049,18269,19027,0.450000,-0.550000,0.300000,0.000000,1772906884588.166,-0.690705,-0.729639,0.155771,0.000000,0.000000,0.000000,1.000000,position_only
2026-03-07T18:08:04.603044+00:00,1772906884603.042,-0.682617,-0.715820,0.156616,24.203125,-20.234375,-0.265625,23671,19992,18366,19543,0.450000,-0.550000,0.300000,0.000000,1772906884596.647,-0.690705,-0.729639,0.155771,0.000000,0.000000,0.000000,1.000000,position_only
2026-03-07T18:08:04.611536+00:00,1772906884611.535,-0.679199,-0.694824,0.159302,25.562500,-22.906250,0.964844,23274,19843,18702,19797,0.450000,-0.550000,0.300000,0.000000,1772906884605.227,-0.684549,-0.700405,0.158580,0.000000,0.000000,0.000000,1.000000,position_only
2026-03-07T18:08:04.621342+00:00,1772906884621.341,-0.676758,-0.677734,0.161377,26.625000,-25.093750,2.044922,22540,20187,18698,20298,0.450000,-0.550000,0.300000,0.000000,1772906884614.016,-0.681200,-0.686116,0.159835,0.000000,0.000000,0.000000,1.000000,position_only
2026-03-07T18:08:04.632845+00:00,1772906884632.844,-0.672852,-0.659180,0.163452,27.531250,-27.187500,3.111328,22157,20175,19372,20218,0.450000,-0.550000,0.300000,0.000000,1772906884631.015,-0.673487,-0.658523,0.162198,0.000000,0.000000,0.000000,1.000000,position_only
2026-03-07T18:08:04.644308+00:00,1772906884644.307,-0.668945,-0.643066,0.165161,28.140625,-28.750000,3.945312,21267,20724,19923,20222,0.450000,-0.550000,0.300000,0.000000,1772906884639.500,-0.669203,-0.645049,0.163316,0.000000,0.000000,0.000000,1.000000,position_only
2026-03-07T18:08:04.652652+00:00,1772906884652.651,-0.663574,-0.624512,0.166870,28.515625,-30.031250,4.656250,20785,21109,20313,20178,0.450000,-0.550000,0.300000,0.000000,1772906884648.025,-0.664531,-0.631938,0.164435,0.000000,0.000000,0.000000,1.000000,position_only
2026-03-07T18:08:04.663315+00:00,1772906884663.314,-0.658691,-0.608887,0.168213,28.703125,-30.843750,5.105469,20454,21428,20821,19947,0.450000,-0.550000,0.300000,0.000000,1772906884656.856,-0.659732,-0.619238,0.165312,0.000000,0.000000,0.000000,1.000000,position_only
2026-03-07T18:08:04.672577+00:00,1772906884672.576,-0.652832,-0.593262,0.169067,28.796875,-31.359375,5.386719,20190,21934,21256,19602,0.450000,-0.550000,0.300000,0.000000,1772906884665.365,-0.654522,-0.606602,0.166272,0.000000,0.000000,0.000000,1.000000,position_only
2026-03-07T18:08:04.683365+00:00,1772906884683.365,-0.646484,-0.579102,0.169800,28.812500,-31.546875,5.484375,20050,22260,21432,19539,0.450000,-0.550000,0.300000,0.000000,1772906884682.536,-0.642973,-0.582490,0.167562,0.000000,0.000000,0.000000,1.000000,position_only
2026-03-07T18:08:04.693655+00:00,1772906884693.655,-0.640137,-0.565918,0.170288,28.781250,-31.531250,5.468750,20172,22543,21616,19243,0.450000,-0.550000,0.300000,0.000000,1772906884691.131,-0.636651,-0.570824,0.168007,0.000000,0.000000,0.000000,1.000000,position_only
2026-03-07T18:08:04.703263+00:00,1772906884703.262,-0.631836,-0.550293,0.170654,28.781250,-31.359375,5.378906,20555,22541,21832,18955,0.450000,-0.550000,0.300000,0.000000,1772906884699.597,-0.630378,-0.559503,0.168137,0.000000,0.000000,0.000000,1.000000,position_only
2026-03-07T18:08:04.712968+00:00,1772906884712.968,-0.624023,-0.537598,0.170776,28.875000,-31.093750,5.265625,21003,22621,21961,18589,0.450000,-0.550000,0.300000,0.000000,1772906884708.429,-0.623451,-0.548476,0.168366,0.000000,0.000000,0.000000,1.000000,position_only
2026-03-07T18:08:04.724708+00:00,1772906884724.708,-0.614746,-0.523438,0.170654,29.062500,-30.734375,5.109375,21216,22802,21805,18648,0.450000,-0.550000,0.300000,0.000000,1772906884716.944,-0.616075,-0.537751,0.168520,0.000000,0.000000,0.000000,1.000000,position_only
2026-03-07T18:08:04.732675+00:00,1772906884732.675,-0.614746,-0.524902,0.170532,29.078125,-30.734375,5.101562,21311,22816,21799,18567,0.450000,-0.550000,0.300000,0.000000,1772906884725.507,-0.608244,-0.527457,0.168523,0.000000,0.000000,0.000000,1.000000,position_only
2026-03-07T18:08:04.742435+00:00,1772906884742.435,-0.595215,-0.500000,0.169800,29.562500,-30.031250,4.800781,21733,22724,21823,18496,0.450000,-0.550000,0.300000,0.000000,1772906884734.025,-0.600156,-0.517229,0.168273,0.000000,0.000000,0.000000,1.000000,position_only
2026-03-07T18:08:04.752404+00:00,1772906884752.404,-0.584961,-0.489014,0.169067,29.843750,-29.718750,4.687500,21943,22743,21670,18727,0.450000,-0.550000,0.300000,0.000000,1772906884751.105,-0.582972,-0.497889,0.167346,0.000000,0.000000,0.000000,1.000000,position_only
2026-03-07T18:08:04.763084+00:00,1772906884763.084,-0.584961,-0.489746,0.168945,29.859375,-29.718750,4.687500,22226,22661,21727,18764,0.450000,-0.550000,0.300000,0.000000,1772906884760.004,-0.573723,-0.488588,0.166822,0.000000,0.000000,0.000000,1.000000,position_only
2026-03-07T18:08:04.772627+00:00,1772906884772.627,-0.573242,-0.478271,0.168091,30.156250,-29.406250,4.570312,22075,22968,21316,19332,0.450000,-0.550000,0.300000,0.000000,1772906884768.589,-0.564041,-0.479690,0.166217,0.000000,0.000000,0.000000,1.000000,position_only
2026-03-07T18:08:04.783587+00:00,1772906884783.585,-0.562012,-0.468750,0.167114,30.390625,-29.125000,4.453125,22096,23051,21209,19617,0.450000,-0.550000,0.300000,0.000000,1772906884777.084,-0.554067,-0.471081,0.165397,0.000000,0.000000,0.000000,1.000000,position_only
2026-03-07T18:08:04.793410+00:00,1772906884793.410,-0.547852,-0.457031,0.165771,30.593750,-28.812500,4.316406,22288,22771,21515,19746,0.450000,-0.550000,0.300000,0.000000,1772906884785.846,-0.543815,-0.462682,0.164645,0.000000,0.000000,0.000000,1.000000,position_only
2026-03-07T18:08:04.802790+00:00,1772906884802.790,-0.533691,-0.447754,0.164185,30.687500,-28.500000,4.183594,22313,22732,21526,20045,0.450000,-0.550000,0.300000,0.000000,1772906884794.340,-0.533058,-0.454638,0.163914,0.000000,0.000000,0.000000,1.000000,position_only
2026-03-07T18:08:04.811796+00:00,1772906884811.796,-0.520996,-0.439697,0.162842,30.640625,-28.187500,4.042969,22158,22816,21508,20391,0.450000,-0.550000,0.300000,0.000000,1772906884811.529,-0.510493,-0.439404,0.161826,0.000000,0.000000,0.000000,1.000000,position_only
2026-03-07T18:08:04.821607+00:00,1772906884821.607,-0.505859,-0.430664,0.161011,30.468750,-27.843750,3.896484,22132,22826,21593,20605,0.450000,-0.550000,0.300000,0.000000,1772906884820.235,-0.498746,-0.432295,0.160766,0.000000,0.000000,0.000000,1.000000,position_only
2026-03-07T18:08:04.835193+00:00,1772906884835.192,-0.491455,-0.423340,0.159302,30.187500,-27.453125,3.720703,21937,22854,21813,20802,0.450000,-0.550000,0.300000,0.000000,1772906884828.702,-0.486598,-0.425349,0.159304,0.000000,0.000000,0.000000,1.000000,position_only
2026-03-07T18:08:04.843610+00:00,1772906884843.610,-0.473877,-0.415039,0.157104,29.734375,-26.906250,3.457031,22069,22701,22151,20777,0.450000,-0.550000,0.300000,0.000000,1772906884837.279,-0.473940,-0.418866,0.158456,0.000000,0.000000,0.000000,1.000000,position_only
2026-03-07T18:08:04.852459+00:00,1772906884852.459,-0.457275,-0.408447,0.155029,29.218750,-26.296875,3.169922,21985,22709,22353,20892,0.450000,-0.550000,0.300000,0.000000,1772906884845.785,-0.461305,-0.412869,0.156926,0.000000,0.000000,0.000000,1.000000,position_only
2026-03-07T18:08:04.863294+00:00,1772906884863.294,-0.442627,-0.403320,0.153320,28.640625,-25.625000,2.835938,21591,22895,22491,20950,0.450000,-0.550000,0.300000,0.000000,1772906884862.915,-0.420488,-0.395647,0.152976,0.000000,0.000000,0.000000,1.000000,position_only
2026-03-07T18:08:04.873186+00:00,1772906884873.186,-0.425049,-0.397461,0.151245,27.984375,-24.921875,2.562500,21593,22923,22840,20964,0.450000,-0.550000,0.300000,0.000000,1772906884871.409,-0.406369,-0.390668,0.151829,0.000000,0.000000,0.000000,1.000000,position_only
2026-03-07T18:08:04.882853+00:00,1772906884882.853,-0.405518,-0.391846,0.148804,27.218750,-23.984375,2.205078,21414,23080,22805,21202,0.450000,-0.550000,0.300000,0.000000,1772906884879.896,-0.391799,-0.385898,0.150538,0.000000,0.000000,0.000000,1.000000,position_only
2026-03-07T18:08:04.892700+00:00,1772906884892.700,-0.387451,-0.387207,0.146729,26.468750,-23.062500,1.845703,21461,23012,23141,21021,0.450000,-0.550000,0.300000,0.000000,1772906884888.378,-0.377294,-0.381501,0.149164,0.000000,0.000000,0.000000,1.000000,position_only
2026-03-07T18:08:04.905790+00:00,1772906884905.789,-0.367432,-0.382812,0.144409,25.625000,-21.921875,1.418945,21359,23101,23268,21020,0.450000,-0.550000,0.300000,0.000000,1772906884897.187,-0.362174,-0.377286,0.147742,0.000000,0.000000,0.000000,1.000000,position_only
2026-03-07T18:08:04.913320+00:00,1772906884913.318,-0.347656,-0.378662,0.142578,24.843750,-20.828125,1.074219,21238,23246,23236,21083,0.450000,-0.550000,0.300000,0.000000,1772906884905.824,-0.346925,-0.373536,0.146593,0.000000,0.000000,0.000000,1.000000,position_only
2026-03-07T18:08:04.923098+00:00,1772906884923.097,-0.346436,-0.377930,0.142822,24.843750,-20.843750,1.131836,21240,23243,23357,20943,0.450000,-0.550000,0.300000,0.000000,1772906884922.979,-0.315697,-0.366633,0.144065,0.000000,0.000000,0.000000,1.000000,position_only
2026-03-07T18:08:04.934632+00:00,1772906884934.631,-0.325195,-0.374512,0.140625,24.015625,-19.546875,0.685059,21134,23412,23342,20936,0.450000,-0.550000,0.300000,0.000000,1772906884931.589,-0.299744,-0.363581,0.142916,0.000000,0.000000,0.000000,1.000000,position_only
2026-03-07T18:08:04.943210+00:00,1772906884943.210,-0.305664,-0.371582,0.138794,23.281250,-18.312500,0.273193,21236,23401,23398,20785,0.450000,-0.550000,0.300000,0.000000,1772906884940.138,-0.283498,-0.360896,0.141648,0.000000,0.000000,0.000000,1.000000,position_only
2026-03-07T18:08:04.955543+00:00,1772906884955.542,-0.284424,-0.368896,0.136841,22.515625,-16.875000,-0.198975,21140,23541,23359,20743,0.450000,-0.550000,0.300000,0.000000,1772906884948.777,-0.267141,-0.358476,0.140503,0.000000,0.000000,0.000000,1.000000,position_only
2026-03-07T18:08:04.963012+00:00,1772906884963.012,-0.264893,-0.366943,0.135254,21.859375,-15.515625,-0.629395,21150,23492,23404,20655,0.450000,-0.550000,0.300000,0.000000,1772906884957.326,-0.250567,-0.356276,0.139467,0.000000,0.000000,0.000000,1.000000,position_only
2026-03-07T18:08:04.972206+00:00,1772906884972.206,-0.243042,-0.364502,0.134033,21.218750,-14.164062,-0.953125,21014,23585,23226,20739,0.450000,-0.550000,0.300000,0.000000,1772906884965.939,-0.233833,-0.354342,0.138565,0.000000,0.000000,0.000000,1.000000,position_only
2026-03-07T18:08:04.983491+00:00,1772906884983.491,-0.220581,-0.364014,0.132202,20.578125,-12.617188,-1.403320,21050,23523,23308,20587,0.450000,-0.550000,0.300000,0.000000,1772906884983.034,-0.199950,-0.351189,0.136965,0.000000,0.000000,0.000000,1.000000,position_only
2026-03-07T18:08:04.992708+00:00,1772906884992.708,-0.199707,-0.362305,0.131470,19.953125,-11.187500,-1.754883,20958,23434,23334,20550,0.450000,-0.550000,0.300000,0.000000,1772906884991.530,-0.182759,-0.349913,0.136545,0.000000,0.000000,0.000000,1.000000,position_only
2026-03-07T18:08:05.002687+00:00,1772906885002.686,-0.177124,-0.361816,0.130371,19.312500,-9.570312,-2.167969,20865,23338,23423,20451,0.450000,-0.550000,0.300000,0.000000,1772906885000.037,-0.165420,-0.349072,0.135851,0.000000,0.000000,0.000000,1.000000,position_only
2026-03-07T18:08:05.014700+00:00,1772906885014.700,-0.150879,-0.361816,0.129272,18.593750,-7.828125,-2.546875,20609,23424,23283,20520,0.450000,-0.550000,0.300000,0.000000,1772906885008.589,-0.148206,-0.348497,0.135377,0.000000,0.000000,0.000000,1.000000,position_only
2026-03-07T18:08:05.024504+00:00,1772906885024.504,-0.125122,-0.362305,0.128418,17.859375,-6.031250,-2.931641,20453,23382,23325,20404,0.450000,-0.550000,0.300000,0.000000,1772906885017.087,-0.130705,-0.347978,0.135021,0.000000,0.000000,0.000000,1.000000,position_only
2026-03-07T18:08:05.033587+00:00,1772906885033.586,-0.101013,-0.362061,0.128540,17.156250,-4.347656,-3.240234,20403,23173,23551,20118,0.450000,-0.550000,0.300000,0.000000,1772906885025.628,-0.113369,-0.347796,0.134979,0.000000,0.000000,0.000000,1.000000,position_only
2026-03-07T18:08:05.043362+00:00,1772906885043.361,-0.078979,-0.362793,0.128418,16.515625,-2.779297,-3.517578,20049,23269,23382,20273,0.450000,-0.550000,0.300000,0.000000,1772906885042.591,-0.078406,-0.347820,0.135158,0.000000,0.000000,0.000000,1.000000,position_only
2026-03-07T18:08:05.052874+00:00,1772906885052.874,-0.055084,-0.364258,0.128418,15.804688,-1.037109,-3.824219,20121,23119,23521,20158,0.450000,-0.550000,0.300000,0.000000,1772906885051.295,-0.060902,-0.348328,0.135259,0.000000,0.000000,0.000000,1.000000,position_only
2026-03-07T18:08:05.063885+00:00,1772906885063.885,-0.033875,-0.365479,0.128784,15.140625,0.565430,-4.093750,19801,23147,23384,20273,0.450000,-0.550000,0.300000,0.000000,1772906885059.863,-0.043519,-0.349016,0.135501,0.000000,0.000000,0.000000,1.000000,position_only
2026-03-07T18:08:05.077320+00:00,1772906885077.319,-0.034637,-0.364258,0.129272,15.101562,0.593262,-4.093750,15353,18788,27757,24385,0.450000,-0.550000,0.300000,0.000000,1772906885076.884,-0.009069,-0.350899,0.136250,0.000000,0.000000,0.000000,1.000000,position_only
2026-03-07T18:08:05.084965+00:00,1772906885084.965,0.009621,-0.367920,0.130615,13.671875,3.919922,-4.582031,15045,18856,27636,24080,0.450000,-0.550000,0.300000,0.000000,1772906885076.884,-0.009069,-0.350899,0.136250,0.000000,0.000000,0.000000,1.000000,position_only
2026-03-07T18:08:05.094010+00:00,1772906885094.009,0.009491,-0.366943,0.130981,13.640625,3.931641,-4.562500,14962,19300,27153,24195,0.450000,-0.550000,0.300000,0.000000,1772906885093.945,0.024986,-0.353392,0.137762,0.000000,0.000000,0.000000,1.000000,position_only
2026-03-07T18:08:05.103781+00:00,1772906885103.780,0.032410,-0.369141,0.132080,13.070312,5.683594,-4.804688,15408,19868,26557,23326,0.450000,-0.550000,0.300000,0.000000,1772906885102.442,0.041859,-0.355100,0.138640,0.000000,0.000000,0.000000,1.000000,position_only
2026-03-07T18:08:05.113587+00:00,1772906885113.586,0.052734,-0.371338,0.133301,12.937500,7.292969,-5.042969,16702,20532,25833,21694,0.450000,-0.550000,0.300000,0.000000,1772906885111.116,0.058619,-0.357053,0.139579,0.000000,0.000000,0.000000,1.000000,position_only
2026-03-07T18:08:05.122845+00:00,1772906885122.845,0.072571,-0.373779,0.134644,13.375000,8.937500,-5.285156,17866,21183,25166,20143,0.450000,-0.550000,0.300000,0.000000,1772906885119.690,0.075126,-0.359301,0.140644,0.000000,0.000000,0.000000,1.000000,position_only
2026-03-07T18:08:05.135301+00:00,1772906885135.300,0.095276,-0.375977,0.136841,14.601562,10.734375,-5.515625,19106,22060,23982,18730,0.450000,-0.550000,0.300000,0.000000,1772906885128.341,0.091505,-0.361947,0.141639,0.000000,0.000000,0.000000,1.000000,position_only
2026-03-07T18:08:05.143797+00:00,1772906885143.797,0.115845,-0.380127,0.138428,16.437500,12.304688,-5.796875,20275,22594,23116,17554,0.450000,-0.550000,0.300000,0.000000,1772906885136.829,0.107592,-0.364929,0.142854,0.000000,0.000000,0.000000,1.000000,position_only
2026-03-07T18:08:05.154487+00:00,1772906885154.486,0.136353,-0.382812,0.140869,19.015625,13.992188,-6.160156,21180,23114,22399,16478,0.450000,-0.550000,0.300000,0.000000,1772906885153.897,0.139516,-0.371905,0.145153,0.000000,0.000000,0.000000,1.000000,position_only
2026-03-07T18:08:05.162829+00:00,1772906885162.828,0.154907,-0.386230,0.142944,21.812500,15.421875,-6.535156,21880,23501,21739,15809,0.450000,-0.550000,0.300000,0.000000,1772906885162.452,0.170417,-0.380257,0.147838,0.000000,0.000000,0.000000,1.000000,position_only
2026-03-07T18:08:05.172213+00:00,1772906885172.212,0.175781,-0.390869,0.145264,25.234375,16.812500,-6.976562,22152,24038,21049,15505,0.450000,-0.550000,0.300000,0.000000,1772906885171.002,0.185537,-0.384768,0.149047,0.000000,0.000000,0.000000,1.000000,position_only
2026-03-07T18:08:05.186630+00:00,1772906885186.629,0.195557,-0.395996,0.147583,28.437500,17.937500,-7.394531,22426,23894,21034,15268,0.450000,-0.550000,0.300000,0.000000,1772906885179.648,0.200464,-0.389680,0.150117,0.000000,0.000000,0.000000,1.000000,position_only
2026-03-07T18:08:05.194313+00:00,1772906885194.312,0.216553,-0.402100,0.150024,31.875000,19.078125,-7.902344,22451,24061,20802,15266,0.450000,-0.550000,0.300000,0.000000,1772906885188.257,0.215207,-0.395038,0.150894,0.000000,0.000000,0.000000,1.000000,position_only
2026-03-07T18:08:05.204827+00:00,1772906885204.826,0.233276,-0.406982,0.151855,34.781250,20.046875,-8.429688,21939,24123,20821,15748,0.450000,-0.550000,0.300000,0.000000,1772906885196.818,0.215207,-0.395038,0.150894,0.000000,0.000000,0.000000,1.000000,position_only
2026-03-07T18:08:05.212490+00:00,1772906885212.489,0.250488,-0.413574,0.153564,37.281250,20.921875,-8.976562,21383,24115,20986,16310,0.450000,-0.550000,0.300000,0.000000,1772906885205.533,0.243969,-0.406399,0.152703,0.000000,0.000000,0.000000,1.000000,position_only
2026-03-07T18:08:05.224368+00:00,1772906885224.368,0.268799,-0.421143,0.155151,39.562500,21.812500,-9.601562,20616,23803,21407,17201,0.450000,-0.550000,0.300000,0.000000,1772906885222.530,0.271269,-0.419566,0.154637,0.000000,0.000000,0.000000,1.000000,position_only
2026-03-07T18:08:05.232803+00:00,1772906885232.803,0.285889,-0.429199,0.156494,41.093750,22.515625,-10.132812,20231,23340,21961,17745,0.450000,-0.550000,0.300000,0.000000,1772906885231.082,0.284675,-0.426704,0.155437,0.000000,0.000000,0.000000,1.000000,position_only
2026-03-07T18:08:05.244646+00:00,1772906885244.645,0.303955,-0.438721,0.157593,42.187500,23.218750,-10.679688,19629,23083,22253,18639,0.450000,-0.550000,0.300000,0.000000,1772906885239.799,0.297654,-0.434072,0.156255,0.000000,0.000000,0.000000,1.000000,position_only
2026-03-07T18:08:05.255499+00:00,1772906885255.499,0.319580,-0.447998,0.158325,42.625000,23.750000,-11.125000,19214,22619,22599,19508,0.450000,-0.550000,0.300000,0.000000,1772906885248.338,0.310511,-0.441921,0.156682,0.000000,0.000000,0.000000,1.000000,position_only
2026-03-07T18:08:05.263812+00:00,1772906885263.811,0.318848,-0.447510,0.158203,42.625000,23.765625,-11.140625,18837,21570,23218,20340,0.450000,-0.550000,0.300000,0.000000,1772906885256.862,0.322820,-0.450129,0.157098,0.000000,0.000000,0.000000,1.000000,position_only
2026-03-07T18:08:05.273069+00:00,1772906885273.068,0.349854,-0.468994,0.158936,42.000000,24.546875,-11.726562,18946,21340,23540,20881,0.450000,-0.550000,0.300000,0.000000,1772906885265.535,0.335135,-0.458764,0.157586,0.000000,0.000000,0.000000,1.000000,position_only
2026-03-07T18:08:05.283512+00:00,1772906885283.511,0.349609,-0.468994,0.158813,42.000000,24.546875,-11.734375,18806,20855,23601,21460,0.450000,-0.550000,0.300000,0.000000,1772906885282.948,0.358599,-0.477284,0.158215,0.000000,0.000000,0.000000,1.000000,position_only
2026-03-07T18:08:05.294442+00:00,1772906885294.441,0.378906,-0.493408,0.158569,39.875000,24.859375,-11.796875,18938,20566,23924,21675,0.450000,-0.550000,0.300000,0.000000,1772906885291.444,0.369807,-0.487159,0.158323,0.000000,0.000000,0.000000,1.000000,position_only
2026-03-07T18:08:05.303808+00:00,1772906885303.808,0.391846,-0.505859,0.158081,38.593750,24.875000,-11.710938,19166,20532,23891,22144,0.450000,-0.550000,0.300000,0.000000,1772906885300.365,0.380985,-0.497394,0.158136,0.000000,0.000000,0.000000,1.000000,position_only
2026-03-07T18:08:05.315334+00:00,1772906885315.333,0.390869,-0.504883,0.158081,38.593750,24.890625,-11.734375,19303,20433,23719,22288,0.450000,-0.550000,0.300000,0.000000,1772906885308.941,0.391689,-0.508118,0.158095,0.000000,0.000000,0.000000,1.000000,position_only
2026-03-07T18:08:05.325342+00:00,1772906885325.341,0.403809,-0.519043,0.157349,37.093750,24.859375,-11.585938,19739,20380,23824,22108,0.450000,-0.550000,0.300000,0.000000,1772906885317.511,0.402124,-0.519145,0.157834,0.000000,0.000000,0.000000,1.000000,position_only
2026-03-07T18:08:05.334807+00:00,1772906885334.806,0.416016,-0.532715,0.156616,35.750000,24.734375,-11.382812,20019,20542,23723,22018,0.450000,-0.550000,0.300000,0.000000,1772906885334.647,0.422096,-0.542633,0.156903,0.000000,0.000000,0.000000,1.000000,position_only
2026-03-07T18:08:05.344884+00:00,1772906885344.884,0.428223,-0.548340,0.155640,34.375000,24.562500,-11.132812,20255,20814,23476,22003,0.450000,-0.550000,0.300000,0.000000,1772906885343.153,0.431426,-0.555010,0.156639,0.000000,0.000000,0.000000,1.000000,position_only
2026-03-07T18:08:05.353335+00:00,1772906885353.335,0.438965,-0.562988,0.154663,33.187500,24.406250,-10.906250,20395,21125,23297,21927,0.450000,-0.550000,0.300000,0.000000,1772906885351.667,0.441024,-0.567757,0.155678,0.000000,0.000000,0.000000,1.000000,position_only
2026-03-07T18:08:05.363162+00:00,1772906885363.162,0.449951,-0.579102,0.153442,32.000000,24.218750,-10.671875,20593,21426,23205,21719,0.450000,-0.550000,0.300000,0.000000,1772906885360.227,0.450055,-0.580913,0.154802,0.000000,0.000000,0.000000,1.000000,position_only
2026-03-07T18:08:05.373836+00:00,1772906885373.836,0.458984,-0.594238,0.152466,31.046875,24.078125,-10.492188,20777,21604,23194,21518,0.450000,-0.550000,0.300000,0.000000,1772906885368.739,0.458329,-0.594387,0.154351,0.000000,0.000000,0.000000,1.000000,position_only
2026-03-07T18:08:05.384460+00:00,1772906885384.460,0.469238,-0.612305,0.151123,30.109375,23.921875,-10.273438,20831,21853,23105,21474,0.450000,-0.550000,0.300000,0.000000,1772906885377.597,0.466707,-0.608094,0.153388,0.000000,0.000000,0.000000,1.000000,position_only
2026-03-07T18:08:05.393339+00:00,1772906885393.339,0.478271,-0.629395,0.149658,29.312500,23.796875,-10.101562,21039,21890,23204,21288,0.450000,-0.550000,0.300000,0.000000,1772906885386.128,0.474703,-0.622448,0.152670,0.000000,0.000000,0.000000,1.000000,position_only
2026-03-07T18:08:05.403451+00:00,1772906885403.451,0.486084,-0.645996,0.148682,28.484375,23.703125,-9.953125,21052,21943,23274,21251,0.450000,-0.550000,0.300000,0.000000,1772906885403.308,0.489658,-0.651782,0.150835,0.000000,0.000000,0.000000,1.000000,position_only
2026-03-07T18:08:05.413783+00:00,1772906885413.782,0.494385,-0.665039,0.147217,27.562500,23.593750,-9.789062,20853,22065,23164,21563,0.450000,-0.550000,0.300000,0.000000,1772906885412.132,0.496696,-0.667014,0.149943,0.000000,0.000000,0.000000,1.000000,position_only
2026-03-07T18:08:05.423526+00:00,1772906885423.523,0.503418,-0.687500,0.145508,26.468750,23.453125,-9.570312,20898,22065,23254,21555,0.450000,-0.550000,0.300000,0.000000,1772906885420.595,0.503315,-0.682303,0.148999,0.000000,0.000000,0.000000,1.000000,position_only
2026-03-07T18:08:05.432861+00:00,1772906885432.860,0.510742,-0.708008,0.144043,25.375000,23.296875,-9.382812,20847,22004,23304,21702,0.450000,-0.550000,0.300000,0.000000,1772906885429.109,0.509939,-0.698155,0.147888,0.000000,0.000000,0.000000,1.000000,position_only
2026-03-07T18:08:05.445084+00:00,1772906885445.083,0.517090,-0.727051,0.142700,24.250000,23.109375,-9.203125,20593,21934,23368,22026,0.450000,-0.550000,0.300000,0.000000,1772906885437.924,0.521768,-0.730279,0.146199,0.000000,0.000000,0.000000,1.000000,position_only
2026-03-07T18:08:05.454382+00:00,1772906885454.382,0.523926,-0.749023,0.141479,22.890625,22.875000,-8.968750,20725,21587,23598,22027,0.450000,-0.550000,0.300000,0.000000,1772906885446.428,0.527291,-0.746889,0.145153,0.000000,0.000000,0.000000,1.000000,position_only
2026-03-07T18:08:05.462810+00:00,1772906885462.810,0.529785,-0.770508,0.140137,21.562500,22.625000,-8.710938,20672,21453,23629,22206,0.450000,-0.550000,0.300000,0.000000,1772906885454.906,0.532770,-0.763657,0.144148,0.000000,0.000000,0.000000,1.000000,position_only
2026-03-07T18:08:05.476084+00:00,1772906885476.083,0.535645,-0.793945,0.138672,19.984375,22.296875,-8.429688,20638,21261,23795,22242,0.450000,-0.550000,0.300000,0.000000,1772906885472.164,0.542362,-0.797758,0.142422,0.000000,0.000000,0.000000,1.000000,position_only
2026-03-07T18:08:05.485086+00:00,1772906885485.084,0.540527,-0.815918,0.137451,18.453125,21.984375,-8.179688,20453,21286,23641,22549,0.450000,-0.550000,0.300000,0.000000,1772906885480.647,0.546744,-0.815132,0.141732,0.000000,0.000000,0.000000,1.000000,position_only
2026-03-07T18:08:05.498076+00:00,1772906885498.074,0.541016,-0.815430,0.137817,18.437500,21.984375,-8.164062,20447,21106,23840,22503,0.450000,-0.550000,0.300000,0.000000,1772906885497.650,0.554478,-0.850475,0.140319,0.000000,0.000000,0.000000,1.000000,position_only
2026-03-07T18:08:05.506017+00:00,1772906885506.016,0.545410,-0.837402,0.136597,16.640625,21.593750,-7.960938,20458,20995,23849,22520,0.450000,-0.550000,0.300000,0.000000,1772906885497.650,0.554478,-0.850475,0.140319,0.000000,0.000000,0.000000,1.000000,position_only
2026-03-07T18:08:05.513643+00:00,1772906885513.643,0.549316,-0.860352,0.135620,15.023438,21.250000,-7.707031,20458,20898,23879,22496,0.450000,-0.550000,0.300000,0.000000,1772906885506.217,0.558025,-0.868493,0.139625,0.000000,0.000000,0.000000,1.000000,position_only
2026-03-07T18:08:05.524248+00:00,1772906885524.247,0.553711,-0.883301,0.135010,13.382812,20.859375,-7.433594,20374,20873,23797,22532,0.450000,-0.550000,0.300000,0.000000,1772906885523.530,0.564041,-0.904677,0.138717,0.000000,0.000000,0.000000,1.000000,position_only
2026-03-07T18:08:05.535614+00:00,1772906885535.614,0.556641,-0.907715,0.134155,11.546875,20.421875,-7.187500,20246,20943,23630,22601,0.450000,-0.550000,0.300000,0.000000,1772906885532.059,0.566635,-0.922898,0.138285,0.000000,0.000000,0.000000,1.000000,position_only
2026-03-07T18:08:05.543491+00:00,1772906885543.491,0.559570,-0.929688,0.133545,9.867188,20.015625,-6.996094,20187,20908,23487,22659,0.450000,-0.550000,0.300000,0.000000,1772906885540.851,0.568970,-0.941141,0.137914,0.000000,0.000000,0.000000,1.000000,position_only
2026-03-07T18:08:05.554832+00:00,1772906885554.832,0.562012,-0.955566,0.133057,8.085938,19.562500,-6.765625,20194,20869,23391,22580,0.450000,-0.550000,0.300000,0.000000,1772906885549.412,0.571052,-0.959628,0.137833,0.000000,0.000000,0.000000,1.000000,position_only
2026-03-07T18:08:05.564687+00:00,1772906885564.687,0.563965,-0.979004,0.132812,6.484375,19.093750,-6.578125,20274,20740,23412,22400,0.450000,-0.550000,0.300000,0.000000,1772906885557.889,0.572801,-0.977993,0.137740,0.000000,0.000000,0.000000,1.000000,position_only
2026-03-07T18:08:05.574433+00:00,1772906885574.433,0.565918,-1.003906,0.133057,4.710938,18.593750,-6.390625,20138,20697,23248,22457,0.450000,-0.550000,0.300000,0.000000,1772906885565.968,0.574416,-0.996531,0.137597,0.000000,0.000000,0.000000,1.000000,position_only
2026-03-07T18:08:05.584122+00:00,1772906885584.122,0.567383,-1.026367,0.133179,3.119141,18.109375,-6.253906,20048,20641,23063,22545,0.450000,-0.550000,0.300000,0.000000,1772906885583.247,0.576508,-1.033278,0.138057,0.000000,0.000000,0.000000,1.000000,position_only
2026-03-07T18:08:05.594827+00:00,1772906885594.827,0.567871,-1.049805,0.133423,1.375977,17.546875,-6.140625,20039,20485,23011,22495,0.450000,-0.550000,0.300000,0.000000,1772906885591.903,0.577387,-1.051751,0.138240,0.000000,0.000000,0.000000,1.000000,position_only
2026-03-07T18:08:05.605020+00:00,1772906885605.019,0.568359,-1.073242,0.133911,-0.146606,17.015625,-6.015625,20074,20250,22980,22464,0.450000,-0.550000,0.300000,0.000000,1772906885600.531,0.577887,-1.070074,0.138537,0.000000,0.000000,0.000000,1.000000,position_only
2026-03-07T18:08:05.616667+00:00,1772906885616.666,0.569336,-1.095703,0.134888,-1.702148,16.406250,-5.910156,19877,20230,22664,22693,0.450000,-0.550000,0.300000,0.000000,1772906885609.139,0.578078,-1.088389,0.139172,0.000000,0.000000,0.000000,1.000000,position_only
2026-03-07T18:08:05.624245+00:00,1772906885624.245,0.568359,-1.120117,0.135376,-3.361328,15.757812,-5.835938,19887,20061,22635,22602,0.450000,-0.550000,0.300000,0.000000,1772906885617.791,0.578336,-1.106770,0.139590,0.000000,0.000000,0.000000,1.000000,position_only
2026-03-07T18:08:05.634688+00:00,1772906885634.688,0.568359,-1.140625,0.136597,-4.925781,15.093750,-5.820312,19938,19844,22653,22475,0.450000,-0.550000,0.300000,0.000000,1772906885626.442,0.578253,-1.124910,0.140157,0.000000,0.000000,0.000000,1.000000,position_only
2026-03-07T18:08:05.645204+00:00,1772906885645.203,0.567871,-1.164062,0.137817,-6.582031,14.375000,-5.808594,19931,19661,22465,22535,0.450000,-0.550000,0.300000,0.000000,1772906885643.586,0.577208,-1.160580,0.141805,0.000000,0.000000,0.000000,1.000000,position_only
2026-03-07T18:08:05.655010+00:00,1772906885655.010,0.566406,-1.186523,0.139038,-8.000000,13.679688,-5.789062,19852,19611,22242,22613,0.450000,-0.550000,0.300000,0.000000,1772906885652.296,0.576985,-1.178844,0.142356,0.000000,0.000000,0.000000,1.000000,position_only
2026-03-07T18:08:05.663592+00:00,1772906885663.592,0.565430,-1.209961,0.140503,-9.515625,12.890625,-5.808594,24331,15238,17927,26560,0.450000,-0.550000,0.300000,0.000000,1772906885660.849,0.576145,-1.196349,0.143299,0.000000,0.000000,0.000000,1.000000,position_only
2026-03-07T18:08:05.674772+00:00,1772906885674.771,0.564941,-1.229492,0.142212,-10.875000,12.171875,-5.878906,24148,15334,18022,26282,0.450000,-0.550000,0.300000,0.000000,1772906885669.404,0.575242,-1.214050,0.144196,0.000000,0.000000,0.000000,1.000000,position_only
2026-03-07T18:08:05.686242+00:00,1772906885686.241,0.564941,-1.229492,0.142212,-10.875000,12.171875,-5.878906,23737,15842,18289,25918,0.450000,-0.550000,0.300000,0.000000,1772906885677.877,0.574022,-1.231246,0.145211,0.000000,0.000000,0.000000,1.000000,position_only
2026-03-07T18:08:05.694506+00:00,1772906885694.505,0.561035,-1.272461,0.145630,-13.500000,11.445312,-5.816406,22489,16583,18744,25449,0.450000,-0.550000,0.300000,0.000000,1772906885686.385,0.572185,-1.247991,0.146517,0.000000,0.000000,0.000000,1.000000,position_only
2026-03-07T18:08:05.704664+00:00,1772906885704.663,0.559082,-1.292969,0.147461,-14.757812,11.828125,-5.589844,21238,17515,19482,24780,0.450000,-0.550000,0.300000,0.000000,1772906885703.426,0.568628,-1.281578,0.148842,0.000000,0.000000,0.000000,1.000000,position_only
2026-03-07T18:08:05.713068+00:00,1772906885713.067,0.556641,-1.314453,0.149536,-16.187500,12.835938,-5.140625,20291,18468,20152,24091,0.450000,-0.550000,0.300000,0.000000,1772906885712.046,0.566269,-1.297842,0.150039,0.000000,0.000000,0.000000,1.000000,position_only
2026-03-07T18:08:05.724981+00:00,1772906885724.980,0.554199,-1.333984,0.151367,-17.531250,14.312500,-4.503906,18892,19503,21473,22723,0.450000,-0.550000,0.300000,0.000000,1772906885720.529,0.563515,-1.314200,0.151341,0.000000,0.000000,0.000000,1.000000,position_only
2026-03-07T18:08:05.736247+00:00,1772906885736.246,0.555176,-1.332031,0.151367,-17.562500,14.296875,-4.527344,18356,20298,21854,22082,0.450000,-0.550000,0.300000,0.000000,1772906885729.204,0.557521,-1.345711,0.153713,0.000000,0.000000,0.000000,1.000000,position_only
2026-03-07T18:08:05.745379+00:00,1772906885745.379,0.551758,-1.353516,0.153564,-19.031250,16.453125,-3.544922,17803,21035,22476,21135,0.450000,-0.550000,0.300000,0.000000,1772906885737.854,0.553879,-1.361162,0.154926,0.000000,0.000000,0.000000,1.000000,position_only
2026-03-07T18:08:05.754984+00:00,1772906885754.984,0.548828,-1.373047,0.155640,-20.250000,18.750000,-2.406250,17484,21556,22836,20480,0.450000,-0.550000,0.300000,0.000000,1772906885754.815,0.545980,-1.391277,0.157164,0.000000,0.000000,0.000000,1.000000,position_only
2026-03-07T18:08:05.764695+00:00,1772906885764.695,0.544434,-1.393555,0.157715,-21.593750,21.531250,-0.980957,17665,21742,23240,19688,0.450000,-0.550000,0.300000,0.000000,1772906885763.356,0.541761,-1.406122,0.158195,0.000000,0.000000,0.000000,1.000000,position_only
2026-03-07T18:08:05.774474+00:00,1772906885774.474,0.540527,-1.412109,0.159546,-22.750000,24.046875,0.431641,17648,21851,23376,19503,0.450000,-0.550000,0.300000,0.000000,1772906885771.816,0.537191,-1.420510,0.159046,0.000000,0.000000,0.000000,1.000000,position_only
2026-03-07T18:08:05.784381+00:00,1772906885784.381,0.535645,-1.431641,0.161255,-24.015625,26.703125,2.017578,17793,21770,23414,19503,0.450000,-0.550000,0.300000,0.000000,1772906885780.298,0.532124,-1.434804,0.159749,0.000000,0.000000,0.000000,1.000000,position_only
2026-03-07T18:08:05.796324+00:00,1772906885796.323,0.530273,-1.449219,0.162598,-25.109375,28.875000,3.435547,18283,21270,23347,19716,0.450000,-0.550000,0.300000,0.000000,1772906885788.881,0.526957,-1.448858,0.160396,0.000000,0.000000,0.000000,1.000000,position_only
2026-03-07T18:08:05.805060+00:00,1772906885805.058,0.524902,-1.466797,0.164062,-26.203125,30.718750,4.734375,18759,20707,23312,19993,0.450000,-0.550000,0.300000,0.000000,1772906885797.448,0.521564,-1.462367,0.161142,0.000000,0.000000,0.000000,1.000000,position_only
2026-03-07T18:08:05.813802+00:00,1772906885813.801,0.517578,-1.484375,0.164917,-27.390625,32.343750,5.984375,19158,20318,23145,20440,0.450000,-0.550000,0.300000,0.000000,1772906885805.979,0.515796,-1.475890,0.161326,0.000000,0.000000,0.000000,1.000000,position_only
2026-03-07T18:08:05.824318+00:00,1772906885824.317,0.511230,-1.499023,0.165771,-28.390625,33.406250,6.878906,19779,19730,22908,20926,0.450000,-0.550000,0.300000,0.000000,1772906885823.154,0.502874,-1.501019,0.162587,0.000000,0.000000,0.000000,1.000000,position_only
2026-03-07T18:08:05.833335+00:00,1772906885833.334,0.502441,-1.517578,0.166382,-29.312500,34.031250,7.542969,20434,19281,22634,21320,0.450000,-0.550000,0.300000,0.000000,1772906885831.676,0.496431,-1.514453,0.162428,0.000000,0.000000,0.000000,1.000000,position_only
2026-03-07T18:08:05.847795+00:00,1772906885847.794,0.494385,-1.532227,0.166626,-29.953125,34.218750,7.847656,21322,18680,22011,21979,0.450000,-0.550000,0.300000,0.000000,1772906885840.162,0.488793,-1.525467,0.163007,0.000000,0.000000,0.000000,1.000000,position_only
2026-03-07T18:08:05.854575+00:00,1772906885854.574,0.484863,-1.547852,0.166748,-30.453125,34.031250,7.886719,21674,18600,21776,22308,0.450000,-0.550000,0.300000,0.000000,1772906885848.776,0.480646,-1.536475,0.163262,0.000000,0.000000,0.000000,1.000000,position_only
2026-03-07T18:08:05.863729+00:00,1772906885863.729,0.475342,-1.560547,0.166260,-30.750000,33.593750,7.679688,22145,18394,21664,22521,0.450000,-0.550000,0.300000,0.000000,1772906885857.268,0.472714,-1.548312,0.163014,0.000000,0.000000,0.000000,1.000000,position_only
2026-03-07T18:08:05.875885+00:00,1772906885875.884,0.464600,-1.575195,0.165771,-30.890625,32.843750,7.269531,22590,18251,21429,22810,0.450000,-0.550000,0.300000,0.000000,1772906885874.460,0.455849,-1.570688,0.162338,0.000000,0.000000,0.000000,1.000000,position_only
2026-03-07T18:08:05.884179+00:00,1772906885884.179,0.453613,-1.587891,0.165161,-30.859375,32.031250,6.792969,22756,18344,21263,23037,0.450000,-0.550000,0.300000,0.000000,1772906885882.953,0.446886,-1.580756,0.162053,0.000000,0.000000,0.000000,1.000000,position_only
2026-03-07T18:08:05.895707+00:00,1772906885895.706,0.441162,-1.601562,0.164185,-30.750000,31.031250,6.187500,22816,18470,21284,23162,0.450000,-0.550000,0.300000,0.000000,1772906885891.452,0.437505,-1.591790,0.161157,0.000000,0.000000,0.000000,1.000000,position_only
2026-03-07T18:08:05.905816+00:00,1772906885905.815,0.429443,-1.613281,0.163208,-30.625000,30.093750,5.613281,22941,18583,21444,23068,0.450000,-0.550000,0.300000,0.000000,1772906885900.262,0.427791,-1.601692,0.160373,0.000000,0.000000,0.000000,1.000000,position_only
2026-03-07T18:08:05.915024+00:00,1772906885915.023,0.416260,-1.624023,0.161743,-30.500000,29.078125,5.000000,22895,18706,21565,22892,0.450000,-0.550000,0.300000,0.000000,1772906885908.826,0.417592,-1.611669,0.159543,0.000000,0.000000,0.000000,1.000000,position_only
2026-03-07T18:08:05.926465+00:00,1772906885926.464,0.403809,-1.633789,0.160400,-30.359375,28.218750,4.500000,22653,19158,21514,23034,0.450000,-0.550000,0.300000,0.000000,1772906885925.860,0.396177,-1.630244,0.157591,0.000000,0.000000,0.000000,1.000000,position_only
2026-03-07T18:08:05.935627+00:00,1772906885935.627,0.403320,-1.633789,0.160278,-30.375000,28.234375,4.511719,22679,19326,21775,22844,0.450000,-0.550000,0.300000,0.000000,1772906885934.533,0.384794,-1.638964,0.156499,0.000000,0.000000,0.000000,1.000000,position_only
2026-03-07T18:08:05.944752+00:00,1772906885944.751,0.374756,-1.654297,0.157227,-29.953125,26.640625,3.662109,22579,19790,22008,22687,0.450000,-0.550000,0.300000,0.000000,1772906885943.212,0.373156,-1.647405,0.155434,0.000000,0.000000,0.000000,1.000000,position_only
2026-03-07T18:08:05.954601+00:00,1772906885954.600,0.374756,-1.654297,0.157104,-29.968750,26.640625,3.660156,22595,20001,21966,22520,0.450000,-0.550000,0.300000,0.000000,1772906885951.703,0.361126,-1.656045,0.153914,0.000000,0.000000,0.000000,1.000000,position_only
2026-03-07T18:08:05.965796+00:00,1772906885965.795,0.359131,-1.663086,0.155273,-29.671875,25.921875,3.298828,22717,20185,22131,22258,0.450000,-0.550000,0.300000,0.000000,1772906885960.186,0.348701,-1.663478,0.152965,0.000000,0.000000,0.000000,1.000000,position_only
2026-03-07T18:08:05.976356+00:00,1772906885976.356,0.344238,-1.670898,0.153564,-29.343750,25.296875,3.005859,22796,20493,22068,22120,0.450000,-0.550000,0.300000,0.000000,1772906885968.885,0.335981,-1.671222,0.151438,0.000000,0.000000,0.000000,1.000000,position_only
2026-03-07T18:08:05.984713+00:00,1772906885984.713,0.327148,-1.679688,0.151611,-28.859375,24.640625,2.724609,22833,20787,22017,22012,0.450000,-0.550000,0.300000,0.000000,1772906885977.449,0.322974,-1.678918,0.149995,0.000000,0.000000,0.000000,1.000000,position_only
2026-03-07T18:08:05.994370+00:00,1772906885994.370,0.311279,-1.687500,0.149780,-28.312500,24.046875,2.470703,22939,20929,21986,21934,0.450000,-0.550000,0.300000,0.000000,1772906885986.103,0.309484,-1.685783,0.148792,0.000000,0.000000,0.000000,1.000000,position_only
2026-03-07T18:08:06.004010+00:00,1772906886004.009,0.293701,-1.694336,0.147827,-27.640625,23.359375,2.154297,23091,20974,21977,21879,0.450000,-0.550000,0.300000,0.000000,1772906886003.316,0.281826,-1.698617,0.146005,0.000000,0.000000,0.000000,1.000000,position_only
2026-03-07T18:08:06.015507+00:00,1772906886015.507,0.277344,-1.701172,0.145996,-26.968750,22.671875,1.843750,23338,20857,21943,21890,0.450000,-0.550000,0.300000,0.000000,1772906886011.896,0.267513,-1.705003,0.144587,0.000000,0.000000,0.000000,1.000000,position_only
2026-03-07T18:08:06.026822+00:00,1772906886026.821,0.257812,-1.707031,0.143921,-26.203125,21.859375,1.514648,23392,20905,21867,21980,0.450000,-0.550000,0.300000,0.000000,1772906886020.404,0.252991,-1.710755,0.143314,0.000000,0.000000,0.000000,1.000000,position_only
2026-03-07T18:08:06.036617+00:00,1772906886036.616,0.239990,-1.712891,0.142090,-25.468750,21.015625,1.162109,23524,20805,21728,22177,0.450000,-0.550000,0.300000,0.000000,1772906886028.980,0.238212,-1.716082,0.141881,0.000000,0.000000,0.000000,1.000000,position_only
2026-03-07T18:08:06.045259+00:00,1772906886045.257,0.220093,-1.718750,0.140015,-24.687500,19.984375,0.721191,23511,20831,21597,22373,0.450000,-0.550000,0.300000,0.000000,1772906886037.593,0.207811,-1.726213,0.139143,0.000000,0.000000,0.000000,1.000000,position_only
2026-03-07T18:08:06.054871+00:00,1772906886054.870,0.199951,-1.723633,0.138184,-23.968750,18.984375,0.348145,23838,20482,21802,22245,0.450000,-0.550000,0.300000,0.000000,1772906886046.154,0.192126,-1.730781,0.137842,0.000000,0.000000,0.000000,1.000000,position_only
2026-03-07T18:08:06.064120+00:00,1772906886064.119,0.179077,-1.728516,0.136230,-23.218750,17.750000,-0.142212,23525,20657,21403,22801,0.450000,-0.550000,0.300000,0.000000,1772906886063.506,0.176457,-1.735213,0.136668,0.000000,0.000000,0.000000,1.000000,position_only
2026-03-07T18:08:06.076006+00:00,1772906886076.005,0.159668,-1.732422,0.134521,-22.593750,16.531250,-0.636230,23471,20552,21382,22978,0.450000,-0.550000,0.300000,0.000000,1772906886072.116,0.144392,-1.742521,0.134358,0.000000,0.000000,0.000000,1.000000,position_only
2026-03-07T18:08:06.085879+00:00,1772906886085.878,0.136963,-1.736328,0.132690,-21.968750,15.148438,-1.162109,23470,20434,21414,23028,0.450000,-0.550000,0.300000,0.000000,1772906886080.845,0.128079,-1.746031,0.133240,0.000000,0.000000,0.000000,1.000000,position_only
2026-03-07T18:08:06.095347+00:00,1772906886095.346,0.116333,-1.739258,0.131104,-21.453125,13.851562,-1.645508,23476,20299,21489,23019,0.450000,-0.550000,0.300000,0.000000,1772906886089.364,0.111539,-1.749273,0.132155,0.000000,0.000000,0.000000,1.000000,position_only
2026-03-07T18:08:06.105550+00:00,1772906886105.549,0.095642,-1.743164,0.129883,-20.968750,12.523438,-2.111328,23445,20241,21480,23028,0.450000,-0.550000,0.300000,0.000000,1772906886097.925,0.094850,-1.752219,0.131246,0.000000,0.000000,0.000000,1.000000,position_only
2026-03-07T18:08:06.116175+00:00,1772906886116.175,0.071777,-1.745117,0.128418,-20.484375,11.062500,-2.601562,23291,20324,21336,23124,0.450000,-0.550000,0.300000,0.000000,1772906886115.498,0.061132,-1.756993,0.129632,0.000000,0.000000,0.000000,1.000000,position_only
2026-03-07T18:08:06.125349+00:00,1772906886125.349,0.050171,-1.747070,0.127319,-20.031250,9.726562,-3.056641,23292,20309,21292,23045,0.450000,-0.550000,0.300000,0.000000,1772906886124.095,0.044128,-1.758701,0.129108,0.000000,0.000000,0.000000,1.000000,position_only
2026-03-07T18:08:06.135602+00:00,1772906886135.602,0.028702,-1.749023,0.126343,-19.578125,8.367188,-3.507812,23311,20287,21226,22948,0.450000,-0.550000,0.300000,0.000000,1772906886132.589,0.027010,-1.760663,0.128389,0.000000,0.000000,0.000000,1.000000,position_only
2026-03-07T18:08:06.144826+00:00,1772906886144.826,0.007397,-1.750000,0.125488,-19.109375,7.003906,-3.955078,23236,20364,20993,22979,0.450000,-0.550000,0.300000,0.000000,1772906886141.153,0.009944,-1.762341,0.127818,0.000000,0.000000,0.000000,1.000000,position_only
2026-03-07T18:08:06.156195+00:00,1772906886156.194,-0.013702,-1.750977,0.124939,-18.609375,5.621094,-4.406250,23273,20307,20798,22973,0.450000,-0.550000,0.300000,0.000000,1772906886149.644,-0.007365,-1.763804,0.127418,0.000000,0.000000,0.000000,1.000000,position_only
2026-03-07T18:08:06.166773+00:00,1772906886166.773,-0.033783,-1.752930,0.124695,-18.078125,4.175781,-4.878906,23327,20242,20692,22850,0.450000,-0.550000,0.300000,0.000000,1772906886158.127,-0.024603,-1.764746,0.127155,0.000000,0.000000,0.000000,1.000000,position_only
2026-03-07T18:08:06.175888+00:00,1772906886175.887,-0.057953,-1.752930,0.124451,-17.500000,2.617188,-5.343750,23362,20238,20413,22832,0.450000,-0.550000,0.300000,0.000000,1772906886175.344,-0.058970,-1.766104,0.126995,0.000000,0.000000,0.000000,1.000000,position_only
2026-03-07T18:08:06.185120+00:00,1772906886185.119,-0.079529,-1.752930,0.124451,-16.937500,1.146484,-5.769531,23601,19962,20407,22625,0.450000,-0.550000,0.300000,0.000000,1772906886183.823,-0.076256,-1.766687,0.126917,0.000000,0.000000,0.000000,1.000000,position_only
2026-03-07T18:08:06.194972+00:00,1772906886194.971,-0.102844,-1.751953,0.124634,-16.296875,-0.486328,-6.230469,23623,20105,20283,22565,0.450000,-0.550000,0.300000,0.000000,1772906886192.342,-0.093406,-1.766455,0.127322,0.000000,0.000000,0.000000,1.000000,position_only
2026-03-07T18:08:06.207716+00:00,1772906886207.715,-0.123535,-1.751953,0.125000,-15.671875,-1.999023,-6.656250,23657,20001,19867,22479,0.450000,-0.550000,0.300000,0.000000,1772906886200.946,-0.110484,-1.766290,0.127689,0.000000,0.000000,0.000000,1.000000,position_only
2026-03-07T18:08:06.217557+00:00,1772906886217.556,-0.122864,-1.753906,0.125366,-15.617188,-2.025391,-6.640625,23765,19990,19843,22370,0.450000,-0.550000,0.300000,0.000000,1772906886209.709,-0.127439,-1.766212,0.127942,0.000000,0.000000,0.000000,1.000000,position_only
2026-03-07T18:08:06.226348+00:00,1772906886226.347,-0.146118,-1.752930,0.125977,-14.898438,-3.679688,-7.070312,23825,19853,19750,22229,0.450000,-0.550000,0.300000,0.000000,1772906886218.471,-0.144381,-1.765398,0.128545,0.000000,0.000000,0.000000,1.000000,position_only
2026-03-07T18:08:06.236276+00:00,1772906886236.275,-0.166870,-1.750977,0.126831,-14.226562,-5.187500,-7.441406,23817,19815,19552,22158,0.450000,-0.550000,0.300000,0.000000,1772906886235.648,-0.177868,-1.763761,0.129973,0.000000,0.000000,0.000000,1.000000,position_only
2026-03-07T18:08:06.245553+00:00,1772906886245.552,-0.187134,-1.750000,0.127808,-13.546875,-6.703125,-7.800781,27913,24145,14885,18113,0.450000,-0.550000,0.300000,0.000000,1772906886244.155,-0.194279,-1.762860,0.130678,0.000000,0.000000,0.000000,1.000000,position_only
2026-03-07T18:08:06.255648+00:00,1772906886255.646,-0.207031,-1.748047,0.128906,-12.882812,-8.203125,-8.156250,27816,24113,14822,18014,0.450000,-0.550000,0.300000,0.000000,1772906886252.911,-0.210598,-1.761619,0.131580,0.000000,0.000000,0.000000,1.000000,position_only
2026-03-07T18:08:06.267791+00:00,1772906886267.791,-0.226318,-1.747070,0.130127,-12.234375,-9.671875,-8.507812,27206,23956,14773,18534,0.450000,-0.550000,0.300000,0.000000,1772906886261.540,-0.226893,-1.760021,0.132823,0.000000,0.000000,0.000000,1.000000,position_only
2026-03-07T18:08:06.276355+00:00,1772906886276.354,-0.250000,-1.745117,0.132080,-11.585938,-11.351562,-8.843750,26310,23393,15046,19344,0.450000,-0.550000,0.300000,0.000000,1772906886270.130,-0.242645,-1.758372,0.133905,0.000000,0.000000,0.000000,1.000000,position_only
2026-03-07T18:08:06.285445+00:00,1772906886285.444,-0.270264,-1.741211,0.133667,-11.500000,-12.718750,-9.148438,25295,22474,15751,20307,0.450000,-0.550000,0.300000,0.000000,1772906886278.647,-0.258399,-1.756265,0.135146,0.000000,0.000000,0.000000,1.000000,position_only
2026-03-07T18:08:06.296130+00:00,1772906886296.130,-0.289551,-1.740234,0.135620,-12.023438,-14.289062,-9.515625,24550,21169,16675,21151,0.450000,-0.550000,0.300000,0.000000,1772906886295.702,-0.289185,-1.751961,0.137519,0.000000,0.000000,0.000000,1.000000,position_only
2026-03-07T18:08:06.305101+00:00,1772906886305.100,-0.307373,-1.737305,0.137451,-13.195312,-15.710938,-9.851562,23745,19847,17780,21942,0.450000,-0.550000,0.300000,0.000000,1772906886304.573,-0.318946,-1.746072,0.140181,0.000000,0.000000,0.000000,1.000000,position_only
2026-03-07T18:08:06.315045+00:00,1772906886315.045,-0.327637,-1.734375,0.139526,-15.218750,-17.234375,-10.203125,22847,18701,18762,22791,0.450000,-0.550000,0.300000,0.000000,1772906886313.334,-0.333473,-1.742169,0.141775,0.000000,0.000000,0.000000,1.000000,position_only
2026-03-07T18:08:06.326174+00:00,1772906886326.174,-0.346436,-1.731445,0.141724,-17.656250,-18.531250,-10.515625,21716,17685,19864,23644,0.450000,-0.550000,0.300000,0.000000,1772906886321.916,-0.347625,-1.738527,0.143057,0.000000,0.000000,0.000000,1.000000,position_only
2026-03-07T18:08:06.337746+00:00,1772906886337.745,-0.366455,-1.727539,0.144043,-20.859375,-19.875000,-10.898438,20872,16924,20765,24196,0.450000,-0.550000,0.300000,0.000000,1772906886330.536,-0.361645,-1.734695,0.144288,0.000000,0.000000,0.000000,1.000000,position_only
2026-03-07T18:08:06.345211+00:00,1772906886345.211,-0.383789,-1.723633,0.146118,-24.078125,-20.968750,-11.265625,20516,16404,21292,24464,0.450000,-0.550000,0.300000,0.000000,1772906886339.072,-0.375175,-1.730290,0.145496,0.000000,0.000000,0.000000,1.000000,position_only
2026-03-07T18:08:06.355709+00:00,1772906886355.708,-0.400391,-1.718750,0.148071,-27.390625,-21.953125,-11.648438,20360,16038,21789,24458,0.450000,-0.550000,0.300000,0.000000,1772906886347.641,-0.388670,-1.725834,0.146605,0.000000,0.000000,0.000000,1.000000,position_only
2026-03-07T18:08:06.365701+00:00,1772906886365.701,-0.415039,-1.714844,0.149780,-30.640625,-22.828125,-12.046875,20376,16140,21939,24231,0.450000,-0.550000,0.300000,0.000000,1772906886364.884,-0.414394,-1.715640,0.148875,0.000000,0.000000,0.000000,1.000000,position_only
2026-03-07T18:08:06.374978+00:00,1772906886374.978,-0.429932,-1.709961,0.151489,-33.656250,-23.578125,-12.406250,20594,16378,21779,24027,0.450000,-0.550000,0.300000,0.000000,1772906886373.454,-0.426893,-1.710056,0.149813,0.000000,0.000000,0.000000,1.000000,position_only
2026-03-07T18:08:06.385515+00:00,1772906886385.515,-0.445557,-1.704102,0.153076,-36.281250,-24.187500,-12.726562,20923,16697,21480,23799,0.450000,-0.550000,0.300000,0.000000,1772906886382.015,-0.439135,-1.704114,0.150777,0.000000,0.000000,0.000000,1.000000,position_only
2026-03-07T18:08:06.398241+00:00,1772906886398.241,-0.461670,-1.696289,0.154419,-38.687500,-24.812500,-13.101562,21598,17319,21161,23023,0.450000,-0.550000,0.300000,0.000000,1772906886390.770,-0.450916,-1.698035,0.151509,0.000000,0.000000,0.000000,1.000000,position_only
2026-03-07T18:08:06.405800+00:00,1772906886405.800,-0.475342,-1.689453,0.155762,-40.281250,-25.234375,-13.351562,22175,17866,20793,22508,0.450000,-0.550000,0.300000,0.000000,1772906886399.349,-0.462615,-1.691442,0.152267,0.000000,0.000000,0.000000,1.000000,position_only
2026-03-07T18:08:06.415564+00:00,1772906886415.563,-0.474365,-1.689453,0.155518,-40.281250,-25.250000,-13.375000,22614,18836,20083,21839,0.450000,-0.550000,0.300000,0.000000,1772906886408.005,-0.473647,-1.684452,0.153140,0.000000,0.000000,0.000000,1.000000,position_only
2026-03-07T18:08:06.425233+00:00,1772906886425.232,-0.501465,-1.671875,0.157104,-41.968750,-25.921875,-13.781250,23119,19200,20021,21642,0.450000,-0.550000,0.300000,0.000000,1772906886425.082,-0.495144,-1.669446,0.154322,0.000000,0.000000,0.000000,1.000000,position_only
2026-03-07T18:08:06.436564+00:00,1772906886436.563,-0.513672,-1.663086,0.157593,-42.000000,-26.093750,-13.867188,23310,20002,19643,21352,0.450000,-0.550000,0.300000,0.000000,1772906886433.656,-0.505415,-1.661574,0.154789,0.000000,0.000000,0.000000,1.000000,position_only
2026-03-07T18:08:06.446351+00:00,1772906886446.351,-0.526855,-1.651367,0.157837,-41.593750,-26.187500,-13.875000,23727,20601,19519,20826,0.450000,-0.550000,0.300000,0.000000,1772906886442.196,-0.515244,-1.653436,0.155063,0.000000,0.000000,0.000000,1.000000,position_only
2026-03-07T18:08:06.455514+00:00,1772906886455.514,-0.525879,-1.651367,0.157593,-41.593750,-26.203125,-13.898438,23824,21087,19297,20494,0.450000,-0.550000,0.300000,0.000000,1772906886450.774,-0.524987,-1.644281,0.155355,0.000000,0.000000,0.000000,1.000000,position_only
2026-03-07T18:08:06.466103+00:00,1772906886466.103,-0.537598,-1.640625,0.157471,-40.812500,-26.203125,-13.812500,23880,21473,19438,20288,0.450000,-0.550000,0.300000,0.000000,1772906886459.356,-0.534130,-1.635409,0.155254,0.000000,0.000000,0.000000,1.000000,position_only
2026-03-07T18:08:06.478369+00:00,1772906886478.369,-0.559082,-1.615234,0.156616,-38.656250,-25.843750,-13.296875,23858,21743,19749,20081,0.450000,-0.550000,0.300000,0.000000,1772906886476.466,-0.551727,-1.615053,0.155399,0.000000,0.000000,0.000000,1.000000,position_only
2026-03-07T18:08:06.485343+00:00,1772906886485.343,-0.558594,-1.615234,0.156616,-38.656250,-25.859375,-13.312500,23822,21870,20096,20003,0.450000,-0.550000,0.300000,0.000000,1772906886484.980,-0.560235,-1.604896,0.154871,0.000000,0.000000,0.000000,1.000000,position_only
2026-03-07T18:08:06.496983+00:00,1772906886496.983,-0.567871,-1.603516,0.155884,-37.500000,-25.578125,-12.953125,23653,21929,20438,20093,0.450000,-0.550000,0.300000,0.000000,1772906886493.529,-0.568324,-1.593962,0.154500,0.000000,0.000000,0.000000,1.000000,position_only
2026-03-07T18:08:06.506048+00:00,1772906886506.048,-0.576660,-1.589844,0.155029,-36.343750,-25.203125,-12.531250,23292,22096,20507,20521,0.450000,-0.550000,0.300000,0.000000,1772906886502.319,-0.576138,-1.582139,0.154106,0.000000,0.000000,0.000000,1.000000,position_only
2026-03-07T18:08:06.518127+00:00,1772906886518.126,-0.585449,-1.576172,0.153931,-35.187500,-24.765625,-12.070312,23370,21782,21182,20400,0.450000,-0.550000,0.300000,0.000000,1772906886510.875,-0.583670,-1.570776,0.153340,0.000000,0.000000,0.000000,1.000000,position_only
2026-03-07T18:08:06.525742+00:00,1772906886525.741,-0.593262,-1.561523,0.152710,-34.218750,-24.328125,-11.609375,23399,21576,21684,20356,0.450000,-0.550000,0.300000,0.000000,1772906886519.366,-0.590972,-1.558450,0.152624,0.000000,0.000000,0.000000,1.000000,position_only
2026-03-07T18:08:06.534878+00:00,1772906886534.877,-0.601074,-1.544922,0.151245,-33.218750,-23.812500,-11.062500,23073,21613,21801,20810,0.450000,-0.550000,0.300000,0.000000,1772906886527.937,-0.597872,-1.546166,0.151837,0.000000,0.000000,0.000000,1.000000,position_only
2026-03-07T18:08:06.546240+00:00,1772906886546.240,-0.607910,-1.530273,0.149780,-32.375000,-23.328125,-10.585938,22925,21643,21905,21059,0.450000,-0.550000,0.300000,0.000000,1772906886544.982,-0.611045,-1.519983,0.149836,0.000000,0.000000,0.000000,1.000000,position_only
2026-03-07T18:08:06.556074+00:00,1772906886556.073,-0.614746,-1.512695,0.148193,-31.546875,-22.812500,-10.093750,22991,21495,22183,21102,0.450000,-0.550000,0.300000,0.000000,1772906886553.508,-0.617218,-1.506369,0.148758,0.000000,0.000000,0.000000,1.000000,position_only
2026-03-07T18:08:06.565538+00:00,1772906886565.537,-0.621094,-1.496094,0.146484,-30.828125,-22.343750,-9.625000,23073,21421,22258,21234,0.450000,-0.550000,0.300000,0.000000,1772906886562.014,-0.623087,-1.492429,0.147556,0.000000,0.000000,0.000000,1.000000,position_only
2026-03-07T18:08:06.576854+00:00,1772906886576.853,-0.627441,-1.477539,0.144531,-30.000000,-21.843750,-9.148438,23129,21494,22430,21143,0.450000,-0.550000,0.300000,0.000000,1772906886570.531,-0.628712,-1.477568,0.146588,0.000000,0.000000,0.000000,1.000000,position_only
2026-03-07T18:08:06.586668+00:00,1772906886586.667,-0.632812,-1.459961,0.142822,-29.187500,-21.375000,-8.726562,23167,21614,22392,21184,0.450000,-0.550000,0.300000,0.000000,1772906886579.380,-0.639172,-1.447835,0.144247,0.000000,0.000000,0.000000,1.000000,position_only
2026-03-07T18:08:06.596053+00:00,1772906886596.053,-0.638184,-1.440430,0.141113,-28.296875,-20.875000,-8.257812,23241,21839,22319,21090,0.450000,-0.550000,0.300000,0.000000,1772906886587.953,-0.643968,-1.432764,0.142924,0.000000,0.000000,0.000000,1.000000,position_only
2026-03-07T18:08:06.605340+00:00,1772906886605.339,-0.643555,-1.419922,0.139160,-27.187500,-20.328125,-7.796875,23415,22003,22320,20877,0.450000,-0.550000,0.300000,0.000000,1772906886605.036,-0.652878,-1.401137,0.140482,0.000000,0.000000,0.000000,1.000000,position_only
2026-03-07T18:08:06.616809+00:00,1772906886616.808,-0.647949,-1.399414,0.137207,-26.046875,-19.796875,-7.351562,23526,22227,22307,20658,0.450000,-0.550000,0.300000,0.000000,1772906886613.563,-0.652878,-1.401137,0.140482,0.000000,0.000000,0.000000,1.000000,position_only
2026-03-07T18:08:06.625805+00:00,1772906886625.805,-0.651855,-1.377930,0.135254,-24.593750,-19.171875,-6.906250,23508,22643,22063,20574,0.450000,-0.550000,0.300000,0.000000,1772906886622.166,-0.661125,-1.368858,0.137842,0.000000,0.000000,0.000000,1.000000,position_only
2026-03-07T18:08:06.637710+00:00,1772906886637.710,-0.655762,-1.356445,0.133545,-23.171875,-18.562500,-6.488281,23457,22950,21923,20488,0.450000,-0.550000,0.300000,0.000000,1772906886630.645,-0.664942,-1.352280,0.136788,0.000000,0.000000,0.000000,1.000000,position_only
2026-03-07T18:08:06.646114+00:00,1772906886646.114,-0.656250,-1.356445,0.133789,-23.171875,-18.546875,-6.460938,23624,23058,21937,20175,0.450000,-0.550000,0.300000,0.000000,1772906886639.275,-0.668459,-1.335412,0.135610,0.000000,0.000000,0.000000,1.000000,position_only
2026-03-07T18:08:06.656603+00:00,1772906886656.602,-0.663086,-1.311523,0.130249,-19.843750,-17.109375,-5.628906,23405,23347,21788,20186,0.450000,-0.550000,0.300000,0.000000,1772906886656.266,-0.674840,-1.301168,0.133740,0.000000,0.000000,0.000000,1.000000,position_only
2026-03-07T18:08:06.665908+00:00,1772906886665.907,-0.666016,-1.287109,0.128662,-17.968750,-16.312500,-5.214844,23453,23456,21669,20048,0.450000,-0.550000,0.300000,0.000000,1772906886664.864,-0.677859,-1.283686,0.132827,0.000000,0.000000,0.000000,1.000000,position_only
2026-03-07T18:08:06.676325+00:00,1772906886676.325,-0.668457,-1.265625,0.127319,-16.203125,-15.562500,-4.878906,23524,23492,21756,19717,0.450000,-0.550000,0.300000,0.000000,1772906886673.384,-0.680480,-1.266061,0.132086,0.000000,0.000000,0.000000,1.000000,position_only
2026-03-07T18:08:06.685607+00:00,1772906886685.606,-0.670898,-1.243164,0.126221,-14.390625,-14.804688,-4.566406,23462,23546,21572,19738,0.450000,-0.550000,0.300000,0.000000,1772906886681.884,-0.682955,-1.248217,0.131455,0.000000,0.000000,0.000000,1.000000,position_only
2026-03-07T18:08:06.697712+00:00,1772906886697.711,-0.673828,-1.219727,0.125610,-12.367188,-13.968750,-4.281250,23505,23517,21625,19629,0.450000,-0.550000,0.300000,0.000000,1772906886690.368,-0.685349,-1.230359,0.131048,0.000000,0.000000,0.000000,1.000000,position_only
2026-03-07T18:08:06.706976+00:00,1772906886706.975,-0.675293,-1.196289,0.124878,-10.570312,-13.218750,-4.011719,23207,23617,21431,19585,0.450000,-0.550000,0.300000,0.000000,1772906886698.828,-0.687613,-1.212288,0.130529,0.000000,0.000000,0.000000,1.000000,position_only
2026-03-07T18:08:06.716559+00:00,1772906886716.558,-0.676270,-1.196289,0.125244,-10.562500,-13.187500,-3.982422,23109,23578,21405,19708,0.450000,-0.550000,0.300000,0.000000,1772906886715.909,-0.691350,-1.175827,0.129872,0.000000,0.000000,0.000000,1.000000,position_only
2026-03-07T18:08:06.725187+00:00,1772906886725.185,-0.677734,-1.170898,0.124634,-8.609375,-12.375000,-3.755859,22767,23681,21254,19813,0.450000,-0.550000,0.300000,0.000000,1772906886724.393,-0.693227,-1.157746,0.130084,0.000000,0.000000,0.000000,1.000000,position_only
2026-03-07T18:08:06.735645+00:00,1772906886735.644,-0.679199,-1.148438,0.124390,-6.878906,-11.640625,-3.599609,22547,23621,21287,19779,0.450000,-0.550000,0.300000,0.000000,1772906886732.884,-0.694644,-1.139203,0.129913,0.000000,0.000000,0.000000,1.000000,position_only
2026-03-07T18:08:06.748534+00:00,1772906886748.533,-0.681641,-1.124023,0.124695,-5.046875,-10.781250,-3.439453,22403,23429,21089,20002,0.450000,-0.550000,0.300000,0.000000,1772906886741.477,-0.696109,-1.120822,0.130024,0.000000,0.000000,0.000000,1.000000,position_only
2026-03-07T18:08:06.758011+00:00,1772906886758.010,-0.681152,-1.100586,0.124512,-3.498047,-10.117188,-3.347656,22531,23107,21177,19817,0.450000,-0.550000,0.300000,0.000000,1772906886750.192,-0.697410,-1.102422,0.130308,0.000000,0.000000,0.000000,1.000000,position_only
2026-03-07T18:08:06.767401+00:00,1772906886767.400,-0.683105,-1.076172,0.125366,-1.807617,-9.414062,-3.240234,22694,22797,21227,19597,0.450000,-0.550000,0.300000,0.000000,1772906886767.209,-0.699372,-1.065641,0.131165,0.000000,0.000000,0.000000,1.000000,position_only
2026-03-07T18:08:06.776548+00:00,1772906886776.548,-0.684082,-1.053711,0.125854,-0.301514,-8.867188,-3.175781,22597,22821,20932,19629,0.450000,-0.550000,0.300000,0.000000,1772906886775.701,-0.700048,-1.047324,0.131928,0.000000,0.000000,0.000000,1.000000,position_only
2026-03-07T18:08:06.787044+00:00,1772906886787.043,-0.684570,-1.029297,0.126709,1.371094,-8.343750,-3.138672,22554,22838,20597,19657,0.450000,-0.550000,0.300000,0.000000,1772906886784.204,-0.700783,-1.029091,0.132657,0.000000,0.000000,0.000000,1.000000,position_only
2026-03-07T18:08:06.796162+00:00,1772906886796.162,-0.685059,-1.007812,0.127686,2.908203,-7.929688,-3.130859,22595,22762,20399,19579,0.450000,-0.550000,0.300000,0.000000,1772906886792.770,-0.701527,-1.011023,0.133466,0.000000,0.000000,0.000000,1.000000,position_only
2026-03-07T18:08:06.808505+00:00,1772906886808.505,-0.685059,-0.984375,0.128906,4.414062,-7.562500,-3.101562,22643,22626,20411,19337,0.450000,-0.550000,0.300000,0.000000,1772906886801.523,-0.701988,-0.993030,0.134365,0.000000,0.000000,0.000000,1.000000,position_only
2026-03-07T18:08:06.817324+00:00,1772906886817.323,-0.686523,-0.960938,0.130737,6.113281,-7.167969,-3.085938,22675,22480,20369,19113,0.450000,-0.550000,0.300000,0.000000,1772906886810.042,-0.702311,-0.975193,0.135400,0.000000,0.000000,0.000000,1.000000,position_only
2026-03-07T18:08:06.827043+00:00,1772906886827.043,-0.686523,-0.939453,0.132324,7.640625,-6.824219,-3.080078,22538,22563,20178,19042,0.450000,-0.550000,0.300000,0.000000,1772906886818.587,-0.702595,-0.957413,0.136632,0.000000,0.000000,0.000000,1.000000,position_only
2026-03-07T18:08:06.836991+00:00,1772906886836.991,-0.686523,-0.916504,0.134155,9.312500,-6.457031,-3.101562,17778,27130,24083,14987,0.450000,-0.550000,0.300000,0.000000,1772906886835.846,-0.702824,-0.922463,0.139023,0.000000,0.000000,0.000000,1.000000,position_only
2026-03-07T18:08:06.847016+00:00,1772906886847.016,-0.686523,-0.894531,0.135986,10.781250,-6.097656,-3.115234,17934,26895,24181,14669,0.450000,-0.550000,0.300000,0.000000,1772906886844.352,-0.702704,-0.905288,0.140452,0.000000,0.000000,0.000000,1.000000,position_only
2026-03-07T18:08:06.857539+00:00,1772906886857.539,-0.686523,-0.871094,0.138184,12.382812,-5.738281,-3.117188,18901,25828,24541,14081,0.450000,-0.550000,0.300000,0.000000,1772906886852.821,-0.702484,-0.888138,0.141897,0.000000,0.000000,0.000000,1.000000,position_only
2026-03-07T18:08:06.867252+00:00,1772906886867.252,-0.686035,-0.850586,0.140381,13.835938,-5.652344,-3.041016,19754,24922,24054,14297,0.450000,-0.550000,0.300000,0.000000,1772906886861.298,-0.702266,-0.871415,0.143381,0.000000,0.000000,0.000000,1.000000,position_only
2026-03-07T18:08:06.875699+00:00,1772906886875.698,-0.687012,-0.830566,0.142944,15.484375,-6.023438,-2.859375,20851,23907,23389,14530,0.450000,-0.550000,0.300000,0.000000,1772906886869.990,-0.701848,-0.854663,0.144971,0.000000,0.000000,0.000000,1.000000,position_only
2026-03-07T18:08:06.886192+00:00,1772906886886.192,-0.687012,-0.811523,0.145264,16.953125,-6.875000,-2.537109,21865,22958,22741,15104,0.450000,-0.550000,0.300000,0.000000,1772906886878.529,-0.701154,-0.838392,0.146625,0.000000,0.000000,0.000000,1.000000,position_only
2026-03-07T18:08:06.897043+00:00,1772906886897.042,-0.686035,-0.789551,0.148071,18.578125,-8.398438,-1.959961,23149,21796,21395,15784,0.450000,-0.550000,0.300000,0.000000,1772906886895.488,-0.699133,-0.806253,0.150130,0.000000,0.000000,0.000000,1.000000,position_only
2026-03-07T18:08:06.906857+00:00,1772906886906.856,-0.685547,-0.770508,0.150635,20.078125,-10.273438,-1.266602,23790,21128,20286,16694,0.450000,-0.550000,0.300000,0.000000,1772906886904.005,-0.697817,-0.790729,0.151818,0.000000,0.000000,0.000000,1.000000,position_only
2026-03-07T18:08:06.916627+00:00,1772906886916.626,-0.684570,-0.752441,0.153198,21.578125,-12.515625,-0.415039,24246,20577,19482,17406,0.450000,-0.550000,0.300000,0.000000,1772906886912.683,-0.694395,-0.760225,0.155284,0.000000,0.000000,0.000000,1.000000,position_only
2026-03-07T18:08:06.928588+00:00,1772906886928.587,-0.684082,-0.733887,0.156006,23.234375,-15.226562,0.667480,23957,20412,19150,18173,0.450000,-0.550000,0.300000,0.000000,1772906886921.166,-0.694395,-0.760225,0.155284,0.000000,0.000000,0.000000,1.000000,position_only
2026-03-07T18:08:06.937863+00:00,1772906886937.862,-0.682617,-0.714844,0.158691,24.562500,-17.781250,1.781250,24443,19689,18720,18635,0.450000,-0.550000,0.300000,0.000000,1772906886929.670,-0.690010,-0.730636,0.158523,0.000000,0.000000,0.000000,1.000000,position_only
2026-03-07T18:08:06.947047+00:00,1772906886947.047,-0.683105,-0.714844,0.158813,24.578125,-17.781250,1.780273,23676,19815,18839,19146,0.450000,-0.550000,0.300000,0.000000,1772906886946.656,-0.684820,-0.702170,0.161254,0.000000,0.000000,0.000000,1.000000,position_only
2026-03-07T18:08:06.956293+00:00,1772906886956.293,-0.680664,-0.695312,0.161499,25.906250,-20.515625,3.042969,23155,19829,18648,19849,0.450000,-0.550000,0.300000,0.000000,1772906886955.135,-0.681760,-0.688212,0.162826,0.000000,0.000000,0.000000,1.000000,position_only
2026-03-07T18:08:06.967536+00:00,1772906886967.535,-0.678223,-0.678223,0.163696,26.937500,-22.890625,4.183594,22591,19843,18920,20205,0.450000,-0.550000,0.300000,0.000000,1772906886963.790,-0.678619,-0.674720,0.163931,0.000000,0.000000,0.000000,1.000000,position_only
2026-03-07T18:08:06.980317+00:00,1772906886980.317,-0.675293,-0.660156,0.166016,27.812500,-25.265625,5.363281,21819,20014,19670,20210,0.450000,-0.550000,0.300000,0.000000,1772906886972.293,-0.674846,-0.661270,0.165337,0.000000,0.000000,0.000000,1.000000,position_only
2026-03-07T18:08:06.987072+00:00,1772906886987.071,-0.671875,-0.644531,0.167847,28.390625,-27.140625,6.324219,21535,20224,19844,20312,0.450000,-0.550000,0.300000,0.000000,1772906886980.759,-0.671184,-0.648150,0.166431,0.000000,0.000000,0.000000,1.000000,position_only
2026-03-07T18:08:06.997773+00:00,1772906886997.773,-0.667969,-0.626953,0.169678,28.796875,-28.812500,7.226562,21205,20491,20192,20268,0.450000,-0.550000,0.300000,0.000000,1772906886989.334,-0.667110,-0.635406,0.167415,0.000000,0.000000,0.000000,1.000000,position_only
2026-03-07T18:08:07.007875+00:00,1772906887007.874,-0.663086,-0.612305,0.170776,29.046875,-29.984375,7.855469,20483,21282,20421,20242,0.450000,-0.550000,0.300000,0.000000,1772906887006.343,-0.657853,-0.610641,0.169203,0.000000,0.000000,0.000000,1.000000,position_only
2026-03-07T18:08:07.018265+00:00,1772906887018.265,-0.657715,-0.596680,0.171997,29.171875,-30.890625,8.320312,20258,21728,20718,20032,0.450000,-0.550000,0.300000,0.000000,1772906887014.817,-0.652769,-0.598668,0.169936,0.000000,0.000000,0.000000,1.000000,position_only
2026-03-07T18:08:07.026512+00:00,1772906887026.512,-0.652344,-0.583008,0.172852,29.218750,-31.406250,8.546875,20273,21990,21065,19702,0.450000,-0.550000,0.300000,0.000000,1772906887023.393,-0.647036,-0.586890,0.170813,0.000000,0.000000,0.000000,1.000000,position_only
2026-03-07T18:08:07.038626+00:00,1772906887038.625,-0.645508,-0.569336,0.173340,29.234375,-31.671875,8.640625,20361,22271,21485,19200,0.450000,-0.550000,0.300000,0.000000,1772906887032.014,-0.641368,-0.575497,0.171143,0.000000,0.000000,0.000000,1.000000,position_only
2026-03-07T18:08:07.047701+00:00,1772906887047.699,-0.638672,-0.553711,0.173950,29.234375,-31.703125,8.609375,20445,22596,21578,19017,0.450000,-0.550000,0.300000,0.000000,1772906887040.826,-0.635421,-0.564383,0.171200,0.000000,0.000000,0.000000,1.000000,position_only
2026-03-07T18:08:07.057343+00:00,1772906887057.342,-0.630371,-0.541016,0.173950,29.312500,-31.562500,8.476562,20589,22877,21515,19001,0.450000,-0.550000,0.300000,0.000000,1772906887049.586,-0.628856,-0.553550,0.171470,0.000000,0.000000,0.000000,1.000000,position_only
2026-03-07T18:08:07.067494+00:00,1772906887067.493,-0.622559,-0.528809,0.173950,29.421875,-31.312500,8.289062,20931,22965,21530,18844,0.450000,-0.550000,0.300000,0.000000,1772906887066.658,-0.614460,-0.532686,0.171736,0.000000,0.000000,0.000000,1.000000,position_only
2026-03-07T18:08:07.079295+00:00,1772906887079.294,-0.612793,-0.515625,0.173706,29.609375,-30.968750,8.070312,21168,23125,21429,18872,0.450000,-0.550000,0.300000,0.000000,1772906887075.224,-0.606701,-0.522652,0.171600,0.000000,0.000000,0.000000,1.000000,position_only
2026-03-07T18:08:07.086995+00:00,1772906887086.994,-0.603027,-0.504395,0.173218,29.812500,-30.656250,7.859375,21427,23220,21307,18925,0.450000,-0.550000,0.300000,0.000000,1772906887083.706,-0.598584,-0.512940,0.171070,0.000000,0.000000,0.000000,1.000000,position_only
2026-03-07T18:08:07.098279+00:00,1772906887098.277,-0.592285,-0.492188,0.172485,30.093750,-30.296875,7.621094,21651,23287,21143,19111,0.450000,-0.550000,0.300000,0.000000,1772906887092.257,-0.590192,-0.503535,0.170604,0.000000,0.000000,0.000000,1.000000,position_only
2026-03-07T18:08:07.108663+00:00,1772906887108.661,-0.582031,-0.482178,0.171631,30.359375,-30.000000,7.410156,21819,23290,21096,19291,0.450000,-0.550000,0.300000,0.000000,1772906887100.884,-0.581092,-0.494229,0.170167,0.000000,0.000000,0.000000,1.000000,position_only
2026-03-07T18:08:07.117643+00:00,1772906887117.642,-0.568359,-0.470947,0.170288,30.640625,-29.656250,7.179688,22081,23200,21019,19566,0.450000,-0.550000,0.300000,0.000000,1772906887109.376,-0.571920,-0.485422,0.169432,0.000000,0.000000,0.000000,1.000000,position_only
2026-03-07T18:08:07.128752+00:00,1772906887128.751,-0.567871,-0.471191,0.170166,30.656250,-29.671875,7.191406,22034,23094,21141,19616,0.450000,-0.550000,0.300000,0.000000,1772906887126.940,-0.552078,-0.468498,0.167648,0.000000,0.000000,0.000000,1.000000,position_only
2026-03-07T18:08:07.136363+00:00,1772906887136.362,-0.555176,-0.461182,0.168945,30.843750,-29.375000,6.988281,22071,23043,21233,19876,0.450000,-0.550000,0.300000,0.000000,1772906887135.750,-0.541713,-0.460437,0.166854,0.000000,0.000000,0.000000,1.000000,position_only
2026-03-07T18:08:07.147852+00:00,1772906887147.851,-0.542969,-0.452637,0.167603,30.921875,-29.093750,6.796875,22113,22960,21295,20152,0.450000,-0.550000,0.300000,0.000000,1772906887144.293,-0.530677,-0.452508,0.166000,0.000000,0.000000,0.000000,1.000000,position_only
2026-03-07T18:08:07.160381+00:00,1772906887160.380,-0.529297,-0.443848,0.165894,30.890625,-28.750000,6.566406,21946,22911,21582,20396,0.450000,-0.550000,0.300000,0.000000,1772906887152.775,-0.519563,-0.445086,0.164548,0.000000,0.000000,0.000000,1.000000,position_only
2026-03-07T18:08:07.168763+00:00,1772906887168.762,-0.516602,-0.436279,0.164307,30.750000,-28.390625,6.332031,21902,22958,21658,20600,0.450000,-0.550000,0.300000,0.000000,1772906887161.276,-0.507951,-0.437885,0.163396,0.000000,0.000000,0.000000,1.000000,position_only
2026-03-07T18:08:07.177000+00:00,1772906887177.000,-0.500977,-0.428223,0.162231,30.453125,-27.953125,6.078125,21929,22867,21948,20688,0.450000,-0.550000,0.300000,0.000000,1772906887169.770,-0.496025,-0.431004,0.162236,0.000000,0.000000,0.000000,1.000000,position_only
2026-03-07T18:08:07.187610+00:00,1772906887187.610,-0.486328,-0.421631,0.160400,30.078125,-27.484375,5.812500,21906,22863,22229,20698,0.450000,-0.550000,0.300000,0.000000,1772906887186.920,-0.470915,-0.418083,0.159668,0.000000,0.000000,0.000000,1.000000,position_only
2026-03-07T18:08:07.198213+00:00,1772906887198.212,-0.470215,-0.414795,0.158203,29.531250,-26.828125,5.457031,21676,22934,22379,20974,0.450000,-0.550000,0.300000,0.000000,1772906887195.442,-0.457963,-0.412145,0.158029,0.000000,0.000000,0.000000,1.000000,position_only
2026-03-07T18:08:07.207162+00:00,1772906887207.161,-0.455322,-0.409180,0.156250,28.953125,-26.156250,5.093750,21621,22922,22683,20952,0.450000,-0.550000,0.300000,0.000000,1772906887204.016,-0.444516,-0.406357,0.156940,0.000000,0.000000,0.000000,1.000000,position_only
2026-03-07T18:08:07.216251+00:00,1772906887216.250,-0.438965,-0.403809,0.154053,28.296875,-25.421875,4.742188,21467,23038,22877,20997,0.450000,-0.550000,0.300000,0.000000,1772906887212.750,-0.416744,-0.395608,0.153900,0.000000,0.000000,0.000000,1.000000,position_only
2026-03-07T18:08:07.228814+00:00,1772906887228.814,-0.419434,-0.397705,0.151489,27.500000,-24.500000,4.339844,21385,23021,23103,21067,0.450000,-0.550000,0.300000,0.000000,1772906887221.353,-0.402350,-0.390685,0.152616,0.000000,0.000000,0.000000,1.000000,position_only
2026-03-07T18:08:07.237826+00:00,1772906887237.826,-0.401367,-0.392822,0.149414,26.703125,-23.562500,3.949219,21538,22887,23493,20777,0.450000,-0.550000,0.300000,0.000000,1772906887229.818,-0.402350,-0.390685,0.152616,0.000000,0.000000,0.000000,1.000000,position_only
2026-03-07T18:08:07.247679+00:00,1772906887247.677,-0.381592,-0.388184,0.147095,25.828125,-22.421875,3.490234,21522,22906,23587,20799,0.450000,-0.550000,0.300000,0.000000,1772906887247.109,-0.372971,-0.381906,0.149483,0.000000,0.000000,0.000000,1.000000,position_only
2026-03-07T18:08:07.259792+00:00,1772906887259.791,-0.364502,-0.384521,0.145020,25.031250,-21.265625,3.015625,21482,22967,23667,20761,0.450000,-0.550000,0.300000,0.000000,1772906887255.705,-0.342066,-0.373964,0.146865,0.000000,0.000000,0.000000,1.000000,position_only
2026-03-07T18:08:07.267482+00:00,1772906887267.481,-0.344482,-0.380859,0.142822,24.265625,-20.125000,2.634766,21409,23115,23710,20699,0.450000,-0.550000,0.300000,0.000000,1772906887264.204,-0.326158,-0.370483,0.145525,0.000000,0.000000,0.000000,1.000000,position_only
2026-03-07T18:08:07.277875+00:00,1772906887277.875,-0.322510,-0.377686,0.140503,23.453125,-18.765625,2.195312,21268,23288,23429,20968,0.450000,-0.550000,0.300000,0.000000,1772906887272.890,-0.310217,-0.367226,0.144260,0.000000,0.000000,0.000000,1.000000,position_only
2026-03-07T18:08:07.287018+00:00,1772906887287.017,-0.299805,-0.374023,0.138672,22.640625,-17.406250,1.781250,21353,23126,23594,20824,0.450000,-0.550000,0.300000,0.000000,1772906887281.531,-0.294015,-0.364244,0.142956,0.000000,0.000000,0.000000,1.000000,position_only
2026-03-07T18:08:07.298414+00:00,1772906887298.413,-0.280273,-0.372559,0.136475,21.937500,-16.109375,1.356445,21465,23035,23714,20652,0.450000,-0.550000,0.300000,0.000000,1772906887290.042,-0.277577,-0.361620,0.141654,0.000000,0.000000,0.000000,1.000000,position_only
2026-03-07T18:08:07.308633+00:00,1772906887308.632,-0.258545,-0.369629,0.135132,21.234375,-14.796875,1.036133,21310,23128,23683,20624,0.450000,-0.550000,0.300000,0.000000,1772906887307.098,-0.244120,-0.357033,0.139402,0.000000,0.000000,0.000000,1.000000,position_only
2026-03-07T18:08:07.317690+00:00,1772906887317.690,-0.234863,-0.367920,0.133423,20.500000,-13.281250,0.642090,21201,23176,23643,20608,0.450000,-0.550000,0.300000,0.000000,1772906887315.914,-0.227131,-0.354994,0.138481,0.000000,0.000000,0.000000,1.000000,position_only
2026-03-07T18:08:07.327321+00:00,1772906887327.321,-0.234375,-0.367188,0.133789,20.484375,-13.289062,0.679688,21200,23162,23652,20576,0.450000,-0.550000,0.300000,0.000000,1772906887324.460,-0.209899,-0.353272,0.137782,0.000000,0.000000,0.000000,1.000000,position_only
2026-03-07T18:08:07.338729+00:00,1772906887338.728,-0.209351,-0.365723,0.132080,19.703125,-11.578125,0.222290,21026,23188,23604,20595,0.450000,-0.550000,0.300000,0.000000,1772906887332.939,-0.192731,-0.351628,0.137045,0.000000,0.000000,0.000000,1.000000,position_only
2026-03-07T18:08:07.348638+00:00,1772906887348.637,-0.187012,-0.364990,0.130859,19.062500,-10.156250,-0.098816,21028,23087,23743,20383,0.450000,-0.550000,0.300000,0.000000,1772906887341.484,-0.175252,-0.350489,0.136428,0.000000,0.000000,0.000000,1.000000,position_only
2026-03-07T18:08:07.357645+00:00,1772906887357.644,-0.162231,-0.363281,0.130249,18.343750,-8.531250,-0.418457,20804,23109,23632,20434,0.450000,-0.550000,0.300000,0.000000,1772906887349.982,-0.157754,-0.349520,0.135926,0.000000,0.000000,0.000000,1.000000,position_only
2026-03-07T18:08:07.367468+00:00,1772906887367.468,-0.140625,-0.363037,0.129517,17.703125,-7.011719,-0.749512,20608,23150,23520,20473,0.450000,-0.550000,0.300000,0.000000,1772906887366.991,-0.122706,-0.348192,0.135236,0.000000,0.000000,0.000000,1.000000,position_only
2026-03-07T18:08:07.377157+00:00,1772906887377.156,-0.117065,-0.363281,0.128906,17.015625,-5.308594,-1.124023,20412,23163,23529,20369,0.450000,-0.550000,0.300000,0.000000,1772906887375.493,-0.104914,-0.347757,0.135310,0.000000,0.000000,0.000000,1.000000,position_only
2026-03-07T18:08:07.388672+00:00,1772906887388.671,-0.095947,-0.363525,0.128662,16.375000,-3.718750,-1.459961,20380,22977,23716,20120,0.450000,-0.550000,0.300000,0.000000,1772906887383.939,-0.087345,-0.347563,0.135330,0.000000,0.000000,0.000000,1.000000,position_only
2026-03-07T18:08:07.399827+00:00,1772906887399.827,-0.071167,-0.364502,0.128540,15.687500,-1.988281,-1.753906,20196,22950,23712,20017,0.450000,-0.550000,0.300000,0.000000,1772906887392.441,-0.069661,-0.347685,0.135497,0.000000,0.000000,0.000000,1.000000,position_only
2026-03-07T18:08:07.407534+00:00,1772906887407.533,-0.049011,-0.365234,0.128662,15.046875,-0.372559,-2.015625,19880,23055,23445,20185,0.450000,-0.550000,0.300000,0.000000,1772906887400.926,-0.052035,-0.347983,0.135589,0.000000,0.000000,0.000000,1.000000,position_only
2026-03-07T18:08:07.417996+00:00,1772906887417.995,-0.025742,-0.365234,0.129639,14.320312,1.427734,-2.298828,19747,22911,23544,19964,0.450000,-0.550000,0.300000,0.000000,1772906887409.446,-0.034547,-0.348543,0.135949,0.000000,0.000000,0.000000,1.000000,position_only
2026-03-07T18:08:07.428507+00:00,1772906887428.506,-0.004829,-0.366699,0.130249,13.679688,3.072266,-2.558594,19502,22914,23447,19979,0.450000,-0.550000,0.300000,0.000000,1772906887426.529,0.000187,-0.349976,0.136961,0.000000,0.000000,0.000000,1.000000,position_only
2026-03-07T18:08:07.437606+00:00,1772906887437.605,0.021805,-0.368896,0.131104,12.921875,4.984375,-2.808594,19484,22644,23558,19774,0.450000,-0.550000,0.300000,0.000000,1772906887435.077,0.017528,-0.350955,0.137756,0.000000,0.000000,0.000000,1.000000,position_only
2026-03-07T18:08:07.447298+00:00,1772906887447.297,0.045410,-0.371094,0.132324,12.210938,6.726562,-3.007812,19230,22670,23391,19810,0.450000,-0.550000,0.300000,0.000000,1772906887443.587,0.034541,-0.352170,0.138572,0.000000,0.000000,0.000000,1.000000,position_only
2026-03-07T18:08:07.459179+00:00,1772906887459.178,0.066162,-0.373047,0.133545,11.562500,8.289062,-3.183594,19147,22555,23342,19720,0.450000,-0.550000,0.300000,0.000000,1772906887452.102,0.051754,-0.353390,0.139563,0.000000,0.000000,0.000000,1.000000,position_only
2026-03-07T18:08:07.468458+00:00,1772906887468.458,0.086914,-0.373779,0.135498,10.812500,10.015625,-3.367188,18907,22473,23278,19715,0.450000,-0.550000,0.300000,0.000000,1772906887460.760,0.068501,-0.354963,0.140599,0.000000,0.000000,0.000000,1.000000,position_only
2026-03-07T18:08:07.477820+00:00,1772906887477.819,0.107849,-0.376221,0.137207,10.171875,11.468750,-3.478516,18905,22315,23298,19516,0.450000,-0.550000,0.300000,0.000000,1772906887469.412,0.085192,-0.356834,0.141618,0.000000,0.000000,0.000000,1.000000,position_only
2026-03-07T18:08:07.490270+00:00,1772906887490.269,0.130249,-0.379150,0.139160,9.492188,13.031250,-3.580078,18874,22364,23075,19676,0.450000,-0.550000,0.300000,0.000000,1772906887486.666,0.117855,-0.360373,0.144173,0.000000,0.000000,0.000000,1.000000,position_only
2026-03-07T18:08:07.497975+00:00,1772906887497.975,0.149780,-0.381592,0.141113,8.890625,14.421875,-3.662109,18811,22258,23050,19526,0.450000,-0.550000,0.300000,0.000000,1772906887495.166,0.134006,-0.362512,0.145570,0.000000,0.000000,0.000000,1.000000,position_only
2026-03-07T18:08:07.510592+00:00,1772906887510.592,0.148560,-0.380371,0.141479,8.851562,14.460938,-3.664062,18760,22203,22862,19517,0.450000,-0.550000,0.300000,0.000000,1772906887503.860,0.149756,-0.364746,0.147045,0.000000,0.000000,0.000000,1.000000,position_only
2026-03-07T18:08:07.518980+00:00,1772906887518.980,0.170898,-0.383545,0.143799,8.171875,16.078125,-3.757812,18429,22276,22640,19649,0.450000,-0.550000,0.300000,0.000000,1772906887512.557,0.180687,-0.369386,0.150228,0.000000,0.000000,0.000000,1.000000,position_only
2026-03-07T18:08:07.527180+00:00,1772906887527.180,0.193481,-0.385986,0.146851,7.519531,17.421875,-3.750000,18496,21990,22729,19408,0.450000,-0.550000,0.300000,0.000000,1772906887521.152,0.195693,-0.372035,0.151907,0.000000,0.000000,0.000000,1.000000,position_only
2026-03-07T18:08:07.538809+00:00,1772906887538.809,0.212646,-0.389160,0.149292,6.960938,18.593750,-3.765625,18529,21791,22750,19315,0.450000,-0.550000,0.300000,0.000000,1772906887538.063,0.224966,-0.377479,0.155262,0.000000,0.000000,0.000000,1.000000,position_only
2026-03-07T18:08:07.547970+00:00,1772906887547.970,0.232788,-0.392578,0.151978,6.339844,19.812500,-3.759766,18312,21783,22587,19391,0.450000,-0.550000,0.300000,0.000000,1772906887546.531,0.239174,-0.380541,0.157054,0.000000,0.000000,0.000000,1.000000,position_only
2026-03-07T18:08:07.557716+00:00,1772906887557.715,0.250244,-0.395752,0.154419,5.777344,20.890625,-3.751953,18173,21711,22550,19408,0.450000,-0.550000,0.300000,0.000000,1772906887555.069,0.239174,-0.380541,0.157054,0.000000,0.000000,0.000000,1.000000,position_only
2026-03-07T18:08:07.568993+00:00,1772906887568.993,0.267578,-0.398926,0.156982,5.203125,21.906250,-3.728516,18004,21791,22404,19444,0.450000,-0.550000,0.300000,0.000000,1772906887563.399,0.266361,-0.386326,0.160701,0.000000,0.000000,0.000000,1.000000,position_only
2026-03-07T18:08:07.579452+00:00,1772906887579.452,0.286865,-0.402832,0.159912,4.589844,22.953125,-3.691406,18039,21630,22349,19425,0.450000,-0.550000,0.300000,0.000000,1772906887572.058,0.279565,-0.389412,0.162491,0.000000,0.000000,0.000000,1.000000,position_only
2026-03-07T18:08:07.588590+00:00,1772906887588.590,0.302734,-0.405273,0.162720,4.011719,23.890625,-3.648438,18081,21457,22434,19294,0.450000,-0.550000,0.300000,0.000000,1772906887580.717,0.292540,-0.392645,0.164337,0.000000,0.000000,0.000000,1.000000,position_only
2026-03-07T18:08:07.597633+00:00,1772906887597.632,0.319580,-0.409180,0.165527,3.417969,24.812500,-3.591797,17966,21488,22291,19366,0.450000,-0.550000,0.300000,0.000000,1772906887589.301,0.305055,-0.395913,0.166193,0.000000,0.000000,0.000000,1.000000,position_only
2026-03-07T18:08:07.607600+00:00,1772906887607.600,0.338867,-0.413574,0.168823,2.796875,25.703125,-3.505859,17857,21514,22139,19438,0.450000,-0.550000,0.300000,0.000000,1772906887606.587,0.329165,-0.402532,0.169673,0.000000,0.000000,0.000000,1.000000,position_only
2026-03-07T18:08:07.618157+00:00,1772906887618.157,0.355225,-0.417725,0.171631,2.255859,26.437500,-3.429688,18125,21312,22067,19435,0.450000,-0.550000,0.300000,0.000000,1772906887615.132,0.340752,-0.406042,0.171264,0.000000,0.000000,0.000000,1.000000,position_only
2026-03-07T18:08:07.632439+00:00,1772906887632.438,0.368896,-0.421143,0.174194,1.794922,27.031250,-3.347656,18153,21215,21923,19432,0.450000,-0.550000,0.300000,0.000000,1772906887632.148,0.362769,-0.412994,0.174782,0.000000,0.000000,0.000000,1.000000,position_only
2026-03-07T18:08:07.638484+00:00,1772906887638.484,0.367676,-0.420166,0.174072,1.773438,27.062500,-3.359375,18391,21079,21877,19386,0.450000,-0.550000,0.300000,0.000000,1772906887632.148,0.362769,-0.412994,0.174782,0.000000,0.000000,0.000000,1.000000,position_only
2026-03-07T18:08:07.647397+00:00,1772906887647.396,0.380615,-0.423584,0.176392,1.340820,27.562500,-3.287109,18646,20796,22002,19221,0.450000,-0.550000,0.300000,0.000000,1772906887640.718,0.373171,-0.416532,0.176562,0.000000,0.000000,0.000000,1.000000,position_only
2026-03-07T18:08:07.659331+00:00,1772906887659.330,0.407471,-0.431641,0.181519,0.532715,28.234375,-3.093750,18511,20901,21741,19406,0.450000,-0.550000,0.300000,0.000000,1772906887657.761,0.393124,-0.423848,0.179668,0.000000,0.000000,0.000000,1.000000,position_only
2026-03-07T18:08:07.670355+00:00,1772906887670.355,0.406494,-0.430908,0.181396,0.520020,28.265625,-3.101562,18711,20761,21616,19485,0.450000,-0.550000,0.300000,0.000000,1772906887666.263,0.402526,-0.427483,0.181209,0.000000,0.000000,0.000000,1.000000,position_only
2026-03-07T18:08:07.684095+00:00,1772906887684.094,0.418945,-0.435059,0.183838,0.155396,28.500000,-3.015625,18958,20566,21743,19282,0.450000,-0.550000,0.300000,0.000000,1772906887683.247,0.420268,-0.434976,0.184194,0.000000,0.000000,0.000000,1.000000,position_only
2026-03-07T18:08:07.690050+00:00,1772906887690.050,0.428955,-0.438232,0.185791,-0.162109,28.656250,-2.935547,18807,20746,21413,19584,0.450000,-0.550000,0.300000,0.000000,1772906887683.247,0.420268,-0.434976,0.184194,0.000000,0.000000,0.000000,1.000000,position_only
2026-03-07T18:08:07.699079+00:00,1772906887699.078,0.440186,-0.442383,0.187988,-0.431641,28.671875,-2.843750,18949,20605,21402,19565,0.450000,-0.550000,0.300000,0.000000,1772906887691.709,0.428594,-0.438723,0.185567,0.000000,0.000000,0.000000,1.000000,position_only
2026-03-07T18:08:07.708321+00:00,1772906887708.321,0.450439,-0.446045,0.190063,-0.715332,28.671875,-2.771484,18999,20656,21418,19472,0.450000,-0.550000,0.300000,0.000000,1772906887700.216,0.436535,-0.442454,0.187008,0.000000,0.000000,0.000000,1.000000,position_only
2026-03-07T18:08:07.717980+00:00,1772906887717.980,0.460205,-0.450195,0.192139,-0.962891,28.625000,-2.695312,19148,20535,21427,19457,0.450000,-0.550000,0.300000,0.000000,1772906887717.373,0.451444,-0.450187,0.189503,0.000000,0.000000,0.000000,1.000000,position_only
2026-03-07T18:08:07.727246+00:00,1772906887727.246,0.468506,-0.453857,0.193848,-1.165039,28.531250,-2.623047,19207,20541,21348,19500,0.450000,-0.550000,0.300000,0.000000,1772906887725.815,0.458351,-0.453954,0.190860,0.000000,0.000000,0.000000,1.000000,position_only
2026-03-07T18:08:07.741306+00:00,1772906887741.306,0.476318,-0.457275,0.195435,-1.346680,28.375000,-2.562500,19193,20596,21195,19652,0.450000,-0.550000,0.300000,0.000000,1772906887734.404,0.464822,-0.457762,0.191950,0.000000,0.000000,0.000000,1.000000,position_only
2026-03-07T18:08:07.748988+00:00,1772906887748.987,0.484863,-0.461426,0.197266,-1.527344,28.140625,-2.500000,19320,20468,21220,19665,0.450000,-0.550000,0.300000,0.000000,1772906887742.874,0.471312,-0.461675,0.193043,0.000000,0.000000,0.000000,1.000000,position_only
2026-03-07T18:08:07.758014+00:00,1772906887758.013,0.490723,-0.465332,0.198364,-1.674805,27.906250,-2.451172,19432,20385,21280,19652,0.450000,-0.550000,0.300000,0.000000,1772906887751.363,0.477123,-0.465613,0.194013,0.000000,0.000000,0.000000,1.000000,position_only
2026-03-07T18:08:07.768342+00:00,1772906887768.342,0.497559,-0.469482,0.199829,-1.851562,27.546875,-2.396484,19481,20324,21232,19762,0.450000,-0.550000,0.300000,0.000000,1772906887759.970,0.482665,-0.469554,0.194999,0.000000,0.000000,0.000000,1.000000,position_only
2026-03-07T18:08:07.778768+00:00,1772906887778.768,0.503418,-0.472900,0.201050,-2.013672,27.171875,-2.349609,19570,20231,21156,19901,0.450000,-0.550000,0.300000,0.000000,1772906887777.196,0.492753,-0.477195,0.196964,0.000000,0.000000,0.000000,1.000000,position_only
2026-03-07T18:08:07.788503+00:00,1772906887788.502,0.508301,-0.476562,0.202271,-2.177734,26.734375,-2.308594,19630,20206,21154,19936,0.450000,-0.550000,0.300000,0.000000,1772906887785.672,0.497448,-0.481227,0.197785,0.000000,0.000000,0.000000,1.000000,position_only
2026-03-07T18:08:07.797459+00:00,1772906887797.459,0.513672,-0.480957,0.203491,-2.353516,26.203125,-2.267578,19732,20188,21106,19959,0.450000,-0.550000,0.300000,0.000000,1772906887794.194,0.501651,-0.484979,0.198656,0.000000,0.000000,0.000000,1.000000,position_only
2026-03-07T18:08:07.809243+00:00,1772906887809.242,0.518555,-0.484863,0.204590,-2.507812,25.625000,-2.234375,19819,20129,21067,20024,0.450000,-0.550000,0.300000,0.000000,1772906887802.870,0.505654,-0.488878,0.199405,0.000000,0.000000,0.000000,1.000000,position_only
2026-03-07T18:08:07.819650+00:00,1772906887819.650,0.522461,-0.488770,0.205566,-2.638672,25.062500,-2.207031,19974,20068,21087,19966,0.450000,-0.550000,0.300000,0.000000,1772906887811.621,0.509403,-0.492785,0.200149,0.000000,0.000000,0.000000,1.000000,position_only
2026-03-07T18:08:07.841073+00:00,1772906887841.071,0.524414,-0.492676,0.205933,-2.742188,24.515625,-2.167969,20052,20094,21086,19971,0.450000,-0.550000,0.300000,0.000000,1772906887837.656,0.521229,-0.508221,0.202592,0.000000,0.000000,0.000000,1.000000,position_only
2026-03-07T18:08:07.843374+00:00,1772906887843.373,0.528320,-0.496094,0.207031,-2.859375,23.890625,-2.152344,20097,20045,21071,20013,0.450000,-0.550000,0.300000,0.000000,1772906887837.656,0.521229,-0.508221,0.202592,0.000000,0.000000,0.000000,1.000000,position_only
2026-03-07T18:08:07.849453+00:00,1772906887849.452,0.529785,-0.500488,0.207397,-2.943359,23.296875,-2.109375,20016,20186,20986,20147,0.450000,-0.550000,0.300000,0.000000,1772906887846.306,0.523450,-0.512051,0.203161,0.000000,0.000000,0.000000,1.000000,position_only
2026-03-07T18:08:07.857983+00:00,1772906887857.982,0.532227,-0.504395,0.208008,-3.031250,22.671875,-2.083984,20195,20075,21068,20058,0.450000,-0.550000,0.300000,0.000000,1772906887854.939,0.525480,-0.515967,0.203566,0.000000,0.000000,0.000000,1.000000,position_only
2026-03-07T18:08:07.867412+00:00,1772906887867.411,0.534668,-0.508789,0.208740,-3.128906,21.968750,-2.052734,20205,20103,21074,20060,0.450000,-0.550000,0.300000,0.000000,1772906887863.517,0.525480,-0.515967,0.203566,0.000000,0.000000,0.000000,1.000000,position_only
2026-03-07T18:08:07.878427+00:00,1772906887878.427,0.533691,-0.509277,0.208374,-3.113281,21.984375,-2.035156,20120,20210,20974,20180,0.450000,-0.550000,0.300000,0.000000,1772906887872.090,0.528667,-0.523445,0.204610,0.000000,0.000000,0.000000,1.000000,position_only
2026-03-07T18:08:07.890723+00:00,1772906887890.722,0.536621,-0.518066,0.209473,-3.283203,20.640625,-1.986328,20217,20192,20908,20199,0.450000,-0.550000,0.300000,0.000000,1772906887889.247,0.530943,-0.530937,0.205520,0.000000,0.000000,0.000000,1.000000,position_only
2026-03-07T18:08:07.898386+00:00,1772906887898.386,0.537109,-0.522461,0.209961,-3.361328,19.968750,-1.964844,20402,20038,21019,20087,0.450000,-0.550000,0.300000,0.000000,1772906887897.974,0.531891,-0.534553,0.205990,0.000000,0.000000,0.000000,1.000000,position_only
2026-03-07T18:08:07.907724+00:00,1772906887907.723,0.537109,-0.522949,0.209717,-3.333984,19.984375,-1.938477,20315,20101,20952,20212,0.450000,-0.550000,0.300000,0.000000,1772906887906.529,0.532441,-0.538273,0.206319,0.000000,0.000000,0.000000,1.000000,position_only
2026-03-07T18:08:07.919214+00:00,1772906887919.213,0.537598,-0.530762,0.210938,-3.566406,18.515625,-1.932617,20355,20050,20928,20259,0.450000,-0.550000,0.300000,0.000000,1772906887915.093,0.532612,-0.541910,0.206777,0.000000,0.000000,0.000000,1.000000,position_only
2026-03-07T18:08:07.932279+00:00,1772906887932.278,0.537109,-0.531738,0.210571,-3.541016,18.531250,-1.906250,20414,19973,21023,20218,0.450000,-0.550000,0.300000,0.000000,1772906887932.148,0.532662,-0.549282,0.207432,0.000000,0.000000,0.000000,1.000000,position_only
2026-03-07T18:08:07.939084+00:00,1772906887939.083,0.537109,-0.535645,0.210938,-3.660156,17.828125,-1.888672,20536,19870,21097,20149,0.450000,-0.550000,0.300000,0.000000,1772906887932.148,0.532662,-0.549282,0.207432,0.000000,0.000000,0.000000,1.000000,position_only
2026-03-07T18:08:07.948272+00:00,1772906887948.271,0.536133,-0.541016,0.211182,-3.767578,17.062500,-1.838867,20463,19992,20919,20277,0.450000,-0.550000,0.300000,0.000000,1772906887940.656,0.532408,-0.552762,0.207999,0.000000,0.000000,0.000000,1.000000,position_only
2026-03-07T18:08:07.959281+00:00,1772906887959.281,0.535156,-0.544922,0.211548,-3.894531,16.343750,-1.821289,20458,19968,20869,20372,0.450000,-0.550000,0.300000,0.000000,1772906887957.886,0.531219,-0.559786,0.208891,0.000000,0.000000,0.000000,1.000000,position_only
2026-03-07T18:08:07.969321+00:00,1772906887969.320,0.533691,-0.549316,0.212036,-4.035156,15.562500,-1.811523,20481,19962,20899,20314,0.450000,-0.550000,0.300000,0.000000,1772906887966.437,0.530425,-0.563224,0.209238,0.000000,0.000000,0.000000,1.000000,position_only
2026-03-07T18:08:07.978221+00:00,1772906887978.220,0.532227,-0.553223,0.212402,-4.167969,14.843750,-1.812500,20491,20010,20857,20285,0.450000,-0.550000,0.300000,0.000000,1772906887974.956,0.529464,-0.566605,0.209619,0.000000,0.000000,0.000000,1.000000,position_only
2026-03-07T18:08:07.988857+00:00,1772906887988.857,0.530273,-0.557129,0.212891,-4.292969,14.070312,-1.806641,20561,19944,20886,20228,0.450000,-0.550000,0.300000,0.000000,1772906887983.655,0.528290,-0.569952,0.210007,0.000000,0.000000,0.000000,1.000000,position_only
2026-03-07T18:08:08.000127+00:00,1772906888000.127,0.528320,-0.561035,0.213257,-4.410156,13.375000,-1.796875,20523,20012,20796,20265,0.450000,-0.550000,0.300000,0.000000,1772906887992.209,0.526936,-0.573151,0.210492,0.000000,0.000000,0.000000,1.000000,position_only
2026-03-07T18:08:08.009326+00:00,1772906888009.325,0.525879,-0.565918,0.213501,-4.492188,12.617188,-1.772461,20546,19997,20698,20339,0.450000,-0.550000,0.300000,0.000000,1772906888009.203,0.524020,-0.579483,0.211353,0.000000,0.000000,0.000000,1.000000,position_only
2026-03-07T18:08:08.017979+00:00,1772906888017.979,0.523438,-0.569824,0.213989,-4.593750,11.906250,-1.780273,20588,19948,20730,20271,0.450000,-0.550000,0.300000,0.000000,1772906888009.203,0.524020,-0.579483,0.211353,0.000000,0.000000,0.000000,1.000000,position_only
2026-03-07T18:08:08.028530+00:00,1772906888028.529,0.520996,-0.573242,0.214355,-4.695312,11.195312,-1.789062,20591,19915,20666,20323,0.450000,-0.550000,0.300000,0.000000,1772906888026.590,0.520561,-0.585724,0.212179,0.000000,0.000000,0.000000,1.000000,position_only
2026-03-07T18:08:08.041567+00:00,1772906888041.566,0.518066,-0.577148,0.214966,-4.808594,10.414062,-1.800781,20665,19812,20645,20311,0.450000,-0.550000,0.300000,0.000000,1772906888035.089,0.518713,-0.588737,0.212646,0.000000,0.000000,0.000000,1.000000,position_only
2026-03-07T18:08:08.049182+00:00,1772906888049.182,0.515137,-0.581055,0.215454,-4.910156,9.687500,-1.811523,20563,19877,20517,20428,0.450000,-0.550000,0.300000,0.000000,1772906888043.590,0.516563,-0.591570,0.213170,0.000000,0.000000,0.000000,1.000000,position_only
2026-03-07T18:08:08.060036+00:00,1772906888060.035,0.511719,-0.584473,0.216064,-5.031250,8.882812,-1.839844,20692,19760,20551,20336,0.450000,-0.550000,0.300000,0.000000,1772906888052.157,0.514497,-0.594506,0.213633,0.000000,0.000000,0.000000,1.000000,position_only
2026-03-07T18:08:08.069819+00:00,1772906888069.818,0.508789,-0.588867,0.216431,-5.109375,8.156250,-1.843750,20666,19755,20529,20365,0.450000,-0.550000,0.300000,0.000000,1772906888069.532,0.509881,-0.600020,0.214829,0.000000,0.000000,0.000000,1.000000,position_only
2026-03-07T18:08:08.079582+00:00,1772906888079.582,0.504883,-0.592285,0.217163,-5.230469,7.371094,-1.866211,20672,19668,20526,20375,0.450000,-0.550000,0.300000,0.000000,1772906888078.138,0.507530,-0.602685,0.215389,0.000000,0.000000,0.000000,1.000000,position_only
2026-03-07T18:08:08.089331+00:00,1772906888089.331,0.501465,-0.595703,0.217773,-5.351562,6.660156,-1.888672,20740,19585,20537,20312,0.450000,-0.550000,0.300000,0.000000,1772906888086.641,0.504983,-0.605180,0.216053,0.000000,0.000000,0.000000,1.000000,position_only
2026-03-07T18:08:08.098537+00:00,1772906888098.536,0.497803,-0.599121,0.218506,-5.484375,5.882812,-1.918945,20537,19713,20358,20483,0.450000,-0.550000,0.300000,0.000000,1772906888095.222,0.502537,-0.607722,0.216631,0.000000,0.000000,0.000000,1.000000,position_only
2026-03-07T18:08:08.108409+00:00,1772906888108.408,0.494385,-0.602051,0.219238,-5.609375,5.203125,-1.948242,20659,19551,20451,20364,0.450000,-0.550000,0.300000,0.000000,1772906888103.709,0.499908,-0.610054,0.217296,0.000000,0.000000,0.000000,1.000000,position_only
2026-03-07T18:08:08.119984+00:00,1772906888119.983,0.491211,-0.605469,0.219727,-5.718750,4.511719,-1.964844,20625,19567,20427,20368,0.450000,-0.550000,0.300000,0.000000,1772906888112.210,0.497319,-0.612435,0.217913,0.000000,0.000000,0.000000,1.000000,position_only
2026-03-07T18:08:08.129494+00:00,1772906888129.494,0.487061,-0.608887,0.220703,-5.851562,3.812500,-1.984375,20755,19417,20603,20126,0.450000,-0.550000,0.300000,0.000000,1772906888120.903,0.491929,-0.616732,0.219262,0.000000,0.000000,0.000000,1.000000,position_only
2026-03-07T18:08:08.138744+00:00,1772906888138.744,0.483154,-0.611816,0.221558,-5.957031,3.208984,-1.995117,20600,19531,20462,20234,0.450000,-0.550000,0.300000,0.000000,1772906888138.034,0.486423,-0.620915,0.220617,0.000000,0.000000,0.000000,1.000000,position_only
2026-03-07T18:08:08.148722+00:00,1772906888148.721,0.478760,-0.614746,0.222412,-6.074219,2.568359,-2.019531,20406,19765,20264,20401,0.450000,-0.550000,0.300000,0.000000,1772906888146.522,0.483650,-0.622774,0.221359,0.000000,0.000000,0.000000,1.000000,position_only
2026-03-07T18:08:08.160031+00:00,1772906888160.031,0.479248,-0.615234,0.222412,-6.054688,2.558594,-2.005859,20554,19628,20408,20160,0.450000,-0.550000,0.300000,0.000000,1772906888155.053,0.480866,-0.624666,0.222162,0.000000,0.000000,0.000000,1.000000,position_only
2026-03-07T18:08:08.169704+00:00,1772906888169.704,0.475830,-0.618652,0.223145,-6.125000,1.984375,-2.021484,20599,19531,20499,20038,0.450000,-0.550000,0.300000,0.000000,1772906888163.704,0.478066,-0.626485,0.222918,0.000000,0.000000,0.000000,1.000000,position_only
2026-03-07T18:08:08.181191+00:00,1772906888181.190,0.471191,-0.620605,0.224365,-6.246094,1.415039,-2.050781,20506,19584,20368,20109,0.450000,-0.550000,0.300000,0.000000,1772906888180.709,0.472479,-0.629646,0.224493,0.000000,0.000000,0.000000,1.000000,position_only
2026-03-07T18:08:08.188056+00:00,1772906888188.055,0.467773,-0.623535,0.225220,-6.316406,0.887695,-2.052734,20393,19582,20311,20202,0.450000,-0.550000,0.300000,0.000000,1772906888180.709,0.472479,-0.629646,0.224493,0.000000,0.000000,0.000000,1.000000,position_only
2026-03-07T18:08:08.200492+00:00,1772906888200.491,0.463867,-0.625488,0.226196,-6.414062,0.343018,-2.078125,20426,19485,20278,20205,0.450000,-0.550000,0.300000,0.000000,1772906888198.015,0.466902,-0.632391,0.226136,0.000000,0.000000,0.000000,1.000000,position_only
2026-03-07T18:08:08.209992+00:00,1772906888209.992,0.460205,-0.627441,0.227295,-6.515625,-0.163086,-2.105469,20454,19404,20268,20185,0.450000,-0.550000,0.300000,0.000000,1772906888206.588,0.464189,-0.633669,0.226953,0.000000,0.000000,0.000000,1.000000,position_only
2026-03-07T18:08:08.219126+00:00,1772906888219.125,0.456787,-0.629395,0.228271,-6.613281,-0.660156,-2.130859,20532,19335,20310,20064,0.450000,-0.550000,0.300000,0.000000,1772906888215.102,0.461399,-0.634754,0.227856,0.000000,0.000000,0.000000,1.000000,position_only
2026-03-07T18:08:08.231837+00:00,1772906888231.836,0.452637,-0.631348,0.229492,-6.699219,-1.182617,-2.148438,20500,19413,20154,20097,0.450000,-0.550000,0.300000,0.000000,1772906888223.586,0.458643,-0.635797,0.228792,0.000000,0.000000,0.000000,1.000000,position_only
2026-03-07T18:08:08.239453+00:00,1772906888239.452,0.449219,-0.633301,0.230591,-6.742188,-1.700195,-2.164062,20473,19422,20093,20105,0.450000,-0.550000,0.300000,0.000000,1772906888232.458,0.455953,-0.636731,0.229676,0.000000,0.000000,0.000000,1.000000,position_only
2026-03-07T18:08:08.249277+00:00,1772906888249.276,0.445068,-0.634766,0.231812,-6.781250,-2.134766,-2.187500,20535,19335,20127,20020,0.450000,-0.550000,0.300000,0.000000,1772906888240.977,0.453382,-0.637624,0.230554,0.000000,0.000000,0.000000,1.000000,position_only
2026-03-07T18:08:08.259150+00:00,1772906888259.149,0.442139,-0.636230,0.232788,-6.800781,-2.636719,-2.210938,20619,19254,20233,19859,0.450000,-0.550000,0.300000,0.000000,1772906888258.006,0.448246,-0.639070,0.232380,0.000000,0.000000,0.000000,1.000000,position_only
2026-03-07T18:08:08.269584+00:00,1772906888269.583,0.438721,-0.637695,0.234009,-6.804688,-3.025391,-2.212891,20508,19351,20141,19900,0.450000,-0.550000,0.300000,0.000000,1772906888266.811,0.445735,-0.639613,0.233352,0.000000,0.000000,0.000000,1.000000,position_only
2026-03-07T18:08:08.281028+00:00,1772906888281.027,0.435303,-0.638672,0.235229,-6.796875,-3.423828,-2.218750,20553,19352,20180,19741,0.450000,-0.550000,0.300000,0.000000,1772906888275.312,0.443201,-0.640021,0.234316,0.000000,0.000000,0.000000,1.000000,position_only
2026-03-07T18:08:08.292329+00:00,1772906888292.328,0.432129,-0.639648,0.236450,-6.761719,-3.750000,-2.218750,20487,19470,20019,19787,0.450000,-0.550000,0.300000,0.000000,1772906888283.761,0.440808,-0.640396,0.235263,0.000000,0.000000,0.000000,1.000000,position_only
2026-03-07T18:08:08.299884+00:00,1772906888299.883,0.429688,-0.640137,0.237549,-6.691406,-4.101562,-2.222656,20540,19459,20125,19652,0.450000,-0.550000,0.300000,0.000000,1772906888292.369,0.438453,-0.640668,0.236182,0.000000,0.000000,0.000000,1.000000,position_only
2026-03-07T18:08:08.309481+00:00,1772906888309.480,0.427002,-0.640625,0.238647,-6.605469,-4.375000,-2.218750,20443,19511,19949,19735,0.450000,-0.550000,0.300000,0.000000,1772906888301.004,0.436156,-0.640829,0.237134,0.000000,0.000000,0.000000,1.000000,position_only
2026-03-07T18:08:08.318262+00:00,1772906888318.261,0.423828,-0.641113,0.239990,-6.488281,-4.648438,-2.216797,20429,19542,19844,19745,0.450000,-0.550000,0.300000,0.000000,1772906888318.189,0.431776,-0.640856,0.239061,0.000000,0.000000,0.000000,1.000000,position_only
2026-03-07T18:08:08.330313+00:00,1772906888330.312,0.421143,-0.641602,0.241089,-6.363281,-4.886719,-2.214844,20518,19483,19903,19595,0.450000,-0.550000,0.300000,0.000000,1772906888326.706,0.429684,-0.640772,0.240014,0.000000,0.000000,0.000000,1.000000,position_only
2026-03-07T18:08:08.342384+00:00,1772906888342.383,0.418457,-0.641602,0.242432,-6.199219,-5.136719,-2.212891,20382,19614,19691,19743,0.450000,-0.550000,0.300000,0.000000,1772906888335.230,0.427614,-0.640526,0.240986,0.000000,0.000000,0.000000,1.000000,position_only
2026-03-07T18:08:08.350280+00:00,1772906888350.278,0.416260,-0.641602,0.243530,-6.046875,-5.355469,-2.214844,20516,19467,19800,19594,0.450000,-0.550000,0.300000,0.000000,1772906888343.965,0.425643,-0.640257,0.241942,0.000000,0.000000,0.000000,1.000000,position_only
2026-03-07T18:08:08.365276+00:00,1772906888365.275,0.416992,-0.641602,0.243408,-6.054688,-5.378906,-2.220703,20380,19579,19680,19752,0.450000,-0.550000,0.300000,0.000000,1772906888361.061,0.421899,-0.639235,0.243894,0.000000,0.000000,0.000000,1.000000,position_only
2026-03-07T18:08:08.369238+00:00,1772906888369.237,0.414795,-0.641113,0.244507,-5.902344,-5.585938,-2.218750,20393,19571,19798,19592,0.450000,-0.550000,0.300000,0.000000,1772906888361.061,0.421899,-0.639235,0.243894,0.000000,0.000000,0.000000,1.000000,position_only
2026-03-07T18:08:08.379676+00:00,1772906888379.675,0.410645,-0.640625,0.246948,-5.593750,-5.933594,-2.197266,20391,19467,19748,19658,0.450000,-0.550000,0.300000,0.000000,1772906888378.084,0.418502,-0.638060,0.245740,0.000000,0.000000,0.000000,1.000000,position_only
2026-03-07T18:08:08.389573+00:00,1772906888389.572,0.411133,-0.640625,0.246826,-5.601562,-5.953125,-2.203125,20285,19561,19746,19681,0.450000,-0.550000,0.300000,0.000000,1772906888386.868,0.416947,-0.637312,0.246632,0.000000,0.000000,0.000000,1.000000,position_only
2026-03-07T18:08:08.399436+00:00,1772906888399.435,0.409180,-0.639648,0.248047,-5.445312,-6.101562,-2.185547,20220,19591,19708,19713,0.450000,-0.550000,0.300000,0.000000,1772906888395.410,0.415456,-0.636440,0.247534,0.000000,0.000000,0.000000,1.000000,position_only
2026-03-07T18:08:08.411014+00:00,1772906888411.012,0.407959,-0.638672,0.249146,-5.316406,-6.226562,-2.177734,20312,19456,19916,19526,0.450000,-0.550000,0.300000,0.000000,1772906888404.008,0.414027,-0.635525,0.248453,0.000000,0.000000,0.000000,1.000000,position_only
2026-03-07T18:08:08.420681+00:00,1772906888420.680,0.405762,-0.638184,0.250488,-5.167969,-6.292969,-2.148438,20265,19465,19904,19525,0.450000,-0.550000,0.300000,0.000000,1772906888412.532,0.412617,-0.634460,0.249376,0.000000,0.000000,0.000000,1.000000,position_only
2026-03-07T18:08:08.429005+00:00,1772906888429.004,0.404785,-0.636719,0.251465,-5.042969,-6.343750,-2.113281,20074,19643,19795,19617,0.450000,-0.550000,0.300000,0.000000,1772906888421.112,0.410022,-0.632120,0.251219,0.000000,0.000000,0.000000,1.000000,position_only
2026-03-07T18:08:08.438809+00:00,1772906888438.807,0.403076,-0.635742,0.252686,-4.902344,-6.359375,-2.080078,20128,19575,19843,19543,0.450000,-0.550000,0.300000,0.000000,1772906888438.109,0.407782,-0.629551,0.253033,0.000000,0.000000,0.000000,1.000000,position_only
2026-03-07T18:08:08.450060+00:00,1772906888450.059,0.401855,-0.634277,0.253906,-4.769531,-6.347656,-2.046875,20037,19663,19772,19590,0.450000,-0.550000,0.300000,0.000000,1772906888446.586,0.406864,-0.628192,0.253802,0.000000,0.000000,0.000000,1.000000,position_only
2026-03-07T18:08:08.459848+00:00,1772906888459.847,0.400879,-0.632812,0.254883,-4.621094,-6.316406,-2.013672,20186,19579,19933,19337,0.450000,-0.550000,0.300000,0.000000,1772906888455.100,0.405960,-0.626749,0.254725,0.000000,0.000000,0.000000,1.000000,position_only
2026-03-07T18:08:08.468987+00:00,1772906888468.986,0.399658,-0.631348,0.256104,-4.433594,-6.242188,-1.963867,19995,19730,19744,19518,0.450000,-0.550000,0.300000,0.000000,1772906888463.782,0.405160,-0.625201,0.255582,0.000000,0.000000,0.000000,1.000000,position_only
2026-03-07T18:08:08.478834+00:00,1772906888478.833,0.399170,-0.629395,0.257324,-4.273438,-6.183594,-1.926758,19992,19801,19748,19411,0.450000,-0.550000,0.300000,0.000000,1772906888472.363,0.404463,-0.623553,0.256446,0.000000,0.000000,0.000000,1.000000,position_only
2026-03-07T18:08:08.488791+00:00,1772906888488.790,0.398438,-0.627441,0.258301,-4.046875,-6.070312,-1.883789,20006,19814,19729,19386,0.450000,-0.550000,0.300000,0.000000,1772906888480.820,0.403734,-0.621994,0.257264,0.000000,0.000000,0.000000,1.000000,position_only
2026-03-07T18:08:08.500648+00:00,1772906888500.646,0.397705,-0.625488,0.259277,-3.820312,-5.957031,-1.843750,20095,19786,19731,19304,0.450000,-0.550000,0.300000,0.000000,1772906888497.906,0.402712,-0.618528,0.258869,0.000000,0.000000,0.000000,1.000000,position_only
2026-03-07T18:08:08.509279+00:00,1772906888509.278,0.397217,-0.623535,0.260498,-3.544922,-5.828125,-1.795898,20134,19759,19799,19194,0.450000,-0.550000,0.300000,0.000000,1772906888506.587,0.402277,-0.616714,0.259713,0.000000,0.000000,0.000000,1.000000,position_only
2026-03-07T18:08:08.523017+00:00,1772906888523.016,0.396729,-0.621582,0.261475,-3.287109,-5.699219,-1.749023,20101,19795,19655,19313,0.450000,-0.550000,0.300000,0.000000,1772906888515.344,0.401913,-0.614846,0.260533,0.000000,0.000000,0.000000,1.000000,position_only
2026-03-07T18:08:08.530666+00:00,1772906888530.665,0.396729,-0.618652,0.262451,-3.019531,-5.593750,-1.705078,20130,19749,19704,19250,0.450000,-0.550000,0.300000,0.000000,1772906888523.927,0.401666,-0.612897,0.261341,0.000000,0.000000,0.000000,1.000000,position_only
2026-03-07T18:08:08.540447+00:00,1772906888540.446,0.396729,-0.616699,0.263428,-2.767578,-5.484375,-1.665039,20112,19758,19642,19300,0.450000,-0.550000,0.300000,0.000000,1772906888532.420,0.401498,-0.610926,0.262142,0.000000,0.000000,0.000000,1.000000,position_only
2026-03-07T18:08:08.548869+00:00,1772906888548.869,0.396729,-0.614258,0.264404,-2.511719,-5.371094,-1.625000,20034,19772,19630,19352,0.450000,-0.550000,0.300000,0.000000,1772906888541.133,0.401391,-0.608908,0.262886,0.000000,0.000000,0.000000,1.000000,position_only
2026-03-07T18:08:08.560942+00:00,1772906888560.940,0.396729,-0.611816,0.265381,-2.255859,-5.242188,-1.583008,20115,19646,19750,19261,0.450000,-0.550000,0.300000,0.000000,1772906888558.156,0.401317,-0.604735,0.264415,0.000000,0.000000,0.000000,1.000000,position_only
2026-03-07T18:08:08.569831+00:00,1772906888569.830,0.396973,-0.609375,0.266357,-2.019531,-5.113281,-1.533203,20137,19641,19795,19183,0.450000,-0.550000,0.300000,0.000000,1772906888566.678,0.401451,-0.602590,0.265152,0.000000,0.000000,0.000000,1.000000,position_only
2026-03-07T18:08:08.581932+00:00,1772906888581.931,0.397217,-0.606934,0.267334,-1.787109,-4.976562,-1.485352,20147,19570,19857,19159,0.450000,-0.550000,0.300000,0.000000,1772906888575.405,0.401548,-0.600450,0.265859,0.000000,0.000000,0.000000,1.000000,position_only
2026-03-07T18:08:08.590225+00:00,1772906888590.224,0.397461,-0.604492,0.268066,-1.563477,-4.832031,-1.435547,19997,19728,19759,19226,0.450000,-0.550000,0.300000,0.000000,1772906888583.880,0.401750,-0.598187,0.266605,0.000000,0.000000,0.000000,1.000000,position_only
2026-03-07T18:08:08.601136+00:00,1772906888601.135,0.398193,-0.601562,0.268799,-1.353516,-4.671875,-1.391602,19948,19757,19758,19258,0.450000,-0.550000,0.300000,0.000000,1772906888592.433,0.402063,-0.595941,0.267333,0.000000,0.000000,0.000000,1.000000,position_only
2026-03-07T18:08:08.611009+00:00,1772906888611.008,0.398926,-0.598633,0.269775,-1.113281,-4.464844,-1.344727,20066,19626,19980,18994,0.450000,-0.550000,0.300000,0.000000,1772906888609.647,0.402687,-0.591394,0.268826,0.000000,0.000000,0.000000,1.000000,position_only
2026-03-07T18:08:08.621462+00:00,1772906888621.460,0.399414,-0.595703,0.270752,-0.885254,-4.246094,-1.290039,19945,19783,19826,19082,0.450000,-0.550000,0.300000,0.000000,1772906888618.234,0.403111,-0.589120,0.269487,0.000000,0.000000,0.000000,1.000000,position_only
2026-03-07T18:08:08.629693+00:00,1772906888629.692,0.400146,-0.593262,0.271484,-0.644043,-4.027344,-1.247070,19927,19788,19789,19114,0.450000,-0.550000,0.300000,0.000000,1772906888626.777,0.403697,-0.586873,0.270082,0.000000,0.000000,0.000000,1.000000,position_only
2026-03-07T18:08:08.641992+00:00,1772906888641.991,0.400879,-0.590332,0.272461,-0.384521,-3.791016,-1.196289,20053,19669,19982,18893,0.450000,-0.550000,0.300000,0.000000,1772906888635.277,0.404272,-0.584530,0.270728,0.000000,0.000000,0.000000,1.000000,position_only
2026-03-07T18:08:08.651032+00:00,1772906888651.031,0.401123,-0.589844,0.272217,-0.397949,-3.798828,-1.193359,19900,19827,19786,19097,0.450000,-0.550000,0.300000,0.000000,1772906888643.868,0.404865,-0.582213,0.271376,0.000000,0.000000,0.000000,1.000000,position_only
2026-03-07T18:08:08.660070+00:00,1772906888660.070,0.402344,-0.585938,0.273193,-0.119751,-3.521484,-1.127930,19908,19837,19787,19060,0.450000,-0.550000,0.300000,0.000000,1772906888652.586,0.405527,-0.579867,0.272027,0.000000,0.000000,0.000000,1.000000,position_only
2026-03-07T18:08:08.669868+00:00,1772906888669.867,0.403320,-0.583496,0.273926,0.127197,-3.292969,-1.088867,20001,19778,19818,18977,0.450000,-0.550000,0.300000,0.000000,1772906888669.646,0.406982,-0.575209,0.273259,0.000000,0.000000,0.000000,1.000000,position_only
2026-03-07T18:08:08.681087+00:00,1772906888681.086,0.404297,-0.580566,0.274658,0.387695,-3.068359,-1.044922,20015,19811,19790,18946,0.450000,-0.550000,0.300000,0.000000,1772906888678.133,0.407764,-0.572855,0.273861,0.000000,0.000000,0.000000,1.000000,position_only
2026-03-07T18:08:08.691053+00:00,1772906888691.052,0.405273,-0.577637,0.275391,0.656738,-2.853516,-1.001953,20091,19747,19882,18831,0.450000,-0.550000,0.300000,0.000000,1772906888686.822,0.408640,-0.570459,0.274541,0.000000,0.000000,0.000000,1.000000,position_only
2026-03-07T18:08:08.703059+00:00,1772906888703.058,0.406494,-0.575195,0.276123,0.935547,-2.628906,-0.959961,20119,19731,19861,18835,0.450000,-0.550000,0.300000,0.000000,1772906888695.429,0.409469,-0.568120,0.275137,0.000000,0.000000,0.000000,1.000000,position_only
2026-03-07T18:08:08.710131+00:00,1772906888710.130,0.407715,-0.571777,0.276855,1.239258,-2.384766,-0.905273,20148,19711,19865,18807,0.450000,-0.550000,0.300000,0.000000,1772906888703.976,0.410372,-0.565782,0.275694,0.000000,0.000000,0.000000,1.000000,position_only
2026-03-07T18:08:08.720827+00:00,1772906888720.826,0.408936,-0.569336,0.277588,1.506836,-2.177734,-0.858398,20058,19786,19847,18837,0.450000,-0.550000,0.300000,0.000000,1772906888712.482,0.411332,-0.563433,0.276253,0.000000,0.000000,0.000000,1.000000,position_only
2026-03-07T18:08:08.730727+00:00,1772906888730.727,0.410156,-0.565918,0.278320,1.749023,-1.966797,-0.809082,20188,19651,20015,18677,0.450000,-0.550000,0.300000,0.000000,1772906888729.679,0.414381,-0.556619,0.277934,0.000000,0.000000,0.000000,1.000000,position_only
2026-03-07T18:08:08.740572+00:00,1772906888740.572,0.411621,-0.562500,0.279053,2.027344,-1.722656,-0.754883,20010,19746,19914,18851,0.450000,-0.550000,0.300000,0.000000,1772906888738.236,0.415479,-0.554349,0.278479,0.000000,0.000000,0.000000,1.000000,position_only
2026-03-07T18:08:08.751009+00:00,1772906888751.008,0.413086,-0.560059,0.279541,2.255859,-1.498047,-0.708984,20060,19705,19957,18791,0.450000,-0.550000,0.300000,0.000000,1772906888746.740,0.416514,-0.552160,0.279050,0.000000,0.000000,0.000000,1.000000,position_only
2026-03-07T18:08:08.760834+00:00,1772906888760.833,0.414551,-0.556641,0.280273,2.492188,-1.260742,-0.659180,19998,19767,19947,18796,0.450000,-0.550000,0.300000,0.000000,1772906888755.282,0.417594,-0.549944,0.279626,0.000000,0.000000,0.000000,1.000000,position_only
2026-03-07T18:08:08.771403+00:00,1772906888771.402,0.416016,-0.554199,0.281006,2.705078,-1.044922,-0.619141,20087,19663,20020,18738,0.450000,-0.550000,0.300000,0.000000,1772906888763.777,0.418758,-0.547754,0.280159,0.000000,0.000000,0.000000,1.000000,position_only
2026-03-07T18:08:08.780481+00:00,1772906888780.480,0.417725,-0.550781,0.281738,2.916016,-0.817871,-0.568848,20053,19713,20010,18724,0.450000,-0.550000,0.300000,0.000000,1772906888772.283,0.420010,-0.545630,0.280664,0.000000,0.000000,0.000000,1.000000,position_only
2026-03-07T18:08:08.789576+00:00,1772906888789.575,0.419189,-0.547852,0.282227,3.119141,-0.602051,-0.528320,19978,19745,20009,18768,0.450000,-0.550000,0.300000,0.000000,1772906888789.381,0.422390,-0.541472,0.281712,0.000000,0.000000,0.000000,1.000000,position_only
2026-03-07T18:08:08.801766+00:00,1772906888801.766,0.420654,-0.544922,0.282959,3.328125,-0.356445,-0.487305,19989,19785,19966,18753,0.450000,-0.550000,0.300000,0.000000,1772906888797.882,0.423642,-0.539461,0.282213,0.000000,0.000000,0.000000,1.000000,position_only
2026-03-07T18:08:08.810805+00:00,1772906888810.805,0.422363,-0.542480,0.283447,3.521484,-0.141357,-0.452637,20109,19654,20066,18650,0.450000,-0.550000,0.300000,0.000000,1772906888806.598,0.424951,-0.537495,0.282649,0.000000,0.000000,0.000000,1.000000,position_only
2026-03-07T18:08:08.820685+00:00,1772906888820.685,0.423828,-0.540039,0.283936,3.710938,0.062805,-0.413574,20018,19739,19933,18777,0.450000,-0.550000,0.300000,0.000000,1772906888815.106,0.426169,-0.535518,0.283161,0.000000,0.000000,0.000000,1.000000,position_only
2026-03-07T18:08:08.831204+00:00,1772906888831.203,0.425293,-0.537109,0.284668,3.912109,0.272461,-0.377197,20029,19723,19963,18742,0.450000,-0.550000,0.300000,0.000000,1772906888823.597,0.427400,-0.533655,0.283587,0.000000,0.000000,0.000000,1.000000,position_only
2026-03-07T18:08:08.841119+00:00,1772906888841.119,0.427002,-0.534668,0.285156,4.074219,0.446533,-0.342041,20174,19548,20136,18609,0.450000,-0.550000,0.300000,0.000000,1772906888840.586,0.430014,-0.530028,0.284497,0.000000,0.000000,0.000000,1.000000,position_only
2026-03-07T18:08:08.850346+00:00,1772906888850.346,0.428711,-0.532227,0.285645,4.242188,0.649902,-0.292236,20089,19577,20096,18706,0.450000,-0.550000,0.300000,0.000000,1772906888849.291,0.431269,-0.528215,0.284993,0.000000,0.000000,0.000000,1.000000,position_only
2026-03-07T18:08:08.860161+00:00,1772906888860.160,0.430176,-0.529785,0.286133,4.371094,0.822754,-0.256836,20014,19672,20048,18739,0.450000,-0.550000,0.300000,0.000000,1772906888857.784,0.432643,-0.526514,0.285362,0.000000,0.000000,0.000000,1.000000,position_only
2026-03-07T18:08:08.872088+00:00,1772906888872.087,0.430420,-0.529785,0.286133,4.367188,0.817871,-0.253906,19922,19715,19968,18875,0.450000,-0.550000,0.300000,0.000000,1772906888866.265,0.433877,-0.524925,0.285740,0.000000,0.000000,0.000000,1.000000,position_only
2026-03-07T18:08:08.882091+00:00,1772906888882.090,0.433350,-0.525391,0.287109,4.636719,1.186523,-0.197998,20121,19631,20110,18633,0.450000,-0.550000,0.300000,0.000000,1772906888874.784,0.435217,-0.523300,0.286162,0.000000,0.000000,0.000000,1.000000,position_only
2026-03-07T18:08:08.891211+00:00,1772906888891.211,0.433594,-0.525391,0.287109,4.628906,1.180664,-0.195190,20151,19597,20169,18584,0.450000,-0.550000,0.300000,0.000000,1772906888883.318,0.436550,-0.521772,0.286603,0.000000,0.000000,0.000000,1.000000,position_only
2026-03-07T18:08:08.900592+00:00,1772906888900.592,0.435303,-0.522949,0.287598,4.781250,1.367188,-0.151733,20006,19680,20073,18731,0.450000,-0.550000,0.300000,0.000000,1772906888892.029,0.437755,-0.520383,0.286981,0.000000,0.000000,0.000000,1.000000,position_only
2026-03-07T18:08:08.910293+00:00,1772906888910.292,0.436768,-0.520996,0.288086,4.906250,1.542969,-0.120361,19993,19735,20050,18717,0.450000,-0.550000,0.300000,0.000000,1772906888909.205,0.440454,-0.517537,0.287682,0.000000,0.000000,0.000000,1.000000,position_only
2026-03-07T18:08:08.921555+00:00,1772906888921.554,0.438232,-0.519531,0.288330,5.031250,1.718750,-0.095825,20013,19778,20067,18650,0.450000,-0.550000,0.300000,0.000000,1772906888918.205,0.441670,-0.516202,0.288102,0.000000,0.000000,0.000000,1.000000,position_only
2026-03-07T18:08:08.931021+00:00,1772906888931.020,0.439697,-0.517578,0.288818,5.167969,1.907227,-0.068054,20128,19666,20150,18575,0.450000,-0.550000,0.300000,0.000000,1772906888926.761,0.443012,-0.514977,0.288404,0.000000,0.000000,0.000000,1.000000,position_only
2026-03-07T18:08:08.940258+00:00,1772906888940.258,0.441162,-0.516113,0.289062,5.296875,2.080078,-0.039276,20068,19716,20109,18635,0.450000,-0.550000,0.300000,0.000000,1772906888935.411,0.444291,-0.513813,0.288753,0.000000,0.000000,0.000000,1.000000,position_only
2026-03-07T18:08:08.951596+00:00,1772906888951.594,0.442627,-0.514648,0.289551,5.406250,2.253906,-0.005013,19986,19797,19977,18774,0.450000,-0.550000,0.300000,0.000000,1772906888944.181,0.445493,-0.512749,0.289090,0.000000,0.000000,0.000000,1.000000,position_only
2026-03-07T18:08:08.961466+00:00,1772906888961.465,0.444092,-0.513184,0.290039,5.503906,2.400391,0.024338,20123,19663,20128,18621,0.450000,-0.550000,0.300000,0.000000,1772906888961.204,0.447996,-0.510745,0.289656,0.000000,0.000000,0.000000,1.000000,position_only
2026-03-07T18:08:08.971431+00:00,1772906888971.430,0.445557,-0.511719,0.290283,5.593750,2.539062,0.055084,20137,19629,20123,18635,0.450000,-0.550000,0.300000,0.000000,1772906888969.701,0.449265,-0.509892,0.289969,0.000000,0.000000,0.000000,1.000000,position_only
2026-03-07T18:08:08.979641+00:00,1772906888979.640,0.447021,-0.510742,0.290527,5.660156,2.664062,0.086670,20052,19681,20064,18727,0.450000,-0.550000,0.300000,0.000000,1772906888978.190,0.450482,-0.509075,0.290277,0.000000,0.000000,0.000000,1.000000,position_only
2026-03-07T18:08:08.993821+00:00,1772906888993.820,0.448486,-0.509277,0.291016,5.714844,2.777344,0.120605,20007,19649,20050,18818,0.450000,-0.550000,0.300000,0.000000,1772906888986.854,0.451693,-0.508303,0.290521,0.000000,0.000000,0.000000,1.000000,position_only
2026-03-07T18:08:09.001110+00:00,1772906889001.110,0.449707,-0.508301,0.291260,5.730469,2.863281,0.150269,20097,19535,20127,18761,0.450000,-0.550000,0.300000,0.000000,1772906888995.528,0.452791,-0.507583,0.290852,0.000000,0.000000,0.000000,1.000000,position_only
2026-03-07T18:08:09.010383+00:00,1772906889010.381,0.450928,-0.507324,0.291504,5.738281,2.931641,0.185791,20055,19557,20059,18847,0.450000,-0.550000,0.300000,0.000000,1772906889004.028,0.453973,-0.506957,0.291142,0.000000,0.000000,0.000000,1.000000,position_only
2026-03-07T18:08:09.020487+00:00,1772906889020.486,0.452148,-0.506836,0.291992,5.726562,2.984375,0.223389,20150,19473,20156,18743,0.450000,-0.550000,0.300000,0.000000,1772906889012.842,0.456309,-0.505890,0.291629,0.000000,0.000000,0.000000,1.000000,position_only
2026-03-07T18:08:09.029723+00:00,1772906889029.721,0.453613,-0.505859,0.292236,5.703125,3.023438,0.264160,20010,19544,20026,18942,0.450000,-0.550000,0.300000,0.000000,1772906889021.344,0.456309,-0.505890,0.291629,0.000000,0.000000,0.000000,1.000000,position_only
2026-03-07T18:08:09.041105+00:00,1772906889041.104,0.454834,-0.505371,0.292480,5.652344,3.052734,0.300293,20175,19316,20276,18749,0.450000,-0.550000,0.300000,0.000000,1772906889038.386,0.459616,-0.504766,0.292343,0.000000,0.000000,0.000000,1.000000,position_only
2026-03-07T18:08:09.050184+00:00,1772906889050.183,0.456055,-0.504883,0.292725,5.578125,3.080078,0.345947,20051,19419,20193,18868,0.450000,-0.550000,0.300000,0.000000,1772906889047.172,0.460741,-0.504527,0.292536,0.000000,0.000000,0.000000,1.000000,position_only
2026-03-07T18:08:09.060844+00:00,1772906889060.843,0.457275,-0.504883,0.293213,5.484375,3.105469,0.385010,19968,19474,20119,19001,0.450000,-0.550000,0.300000,0.000000,1772906889055.729,0.461791,-0.504391,0.292736,0.000000,0.000000,0.000000,1.000000,position_only
2026-03-07T18:08:09.071425+00:00,1772906889071.424,0.458740,-0.504395,0.293213,5.378906,3.119141,0.417480,19919,19525,20133,18988,0.450000,-0.550000,0.300000,0.000000,1772906889064.221,0.462837,-0.504260,0.292929,0.000000,0.000000,0.000000,1.000000,position_only
2026-03-07T18:08:09.081342+00:00,1772906889081.341,0.459961,-0.504395,0.293457,5.253906,3.160156,0.454590,20104,19364,20313,18823,0.450000,-0.550000,0.300000,0.000000,1772906889081.187,0.464801,-0.504311,0.293267,0.000000,0.000000,0.000000,1.000000,position_only
2026-03-07T18:08:09.091088+00:00,1772906889091.088,0.460205,-0.504395,0.293457,5.253906,3.150391,0.456055,19969,19461,20228,18949,0.450000,-0.550000,0.300000,0.000000,1772906889089.857,0.465767,-0.504308,0.293478,0.000000,0.000000,0.000000,1.000000,position_only
2026-03-07T18:08:09.101119+00:00,1772906889101.118,0.461426,-0.504395,0.293701,5.140625,3.193359,0.501465,19956,19435,20242,19000,0.450000,-0.550000,0.300000,0.000000,1772906889098.374,0.466751,-0.504448,0.293616,0.000000,0.000000,0.000000,1.000000,position_only
2026-03-07T18:08:09.111681+00:00,1772906889111.680,0.462402,-0.504395,0.293945,5.019531,3.230469,0.535645,19941,19489,20175,19059,0.450000,-0.550000,0.300000,0.000000,1772906889107.022,0.467606,-0.504730,0.293812,0.000000,0.000000,0.000000,1.000000,position_only
2026-03-07T18:08:09.121900+00:00,1772906889121.898,0.463623,-0.504883,0.293945,4.882812,3.242188,0.573730,20029,19369,20368,18918,0.450000,-0.550000,0.300000,0.000000,1772906889115.587,0.468538,-0.504988,0.293967,0.000000,0.000000,0.000000,1.000000,position_only
2026-03-07T18:08:09.132389+00:00,1772906889132.389,0.464355,-0.504883,0.294189,4.742188,3.271484,0.600586,20028,19371,20339,18969,0.450000,-0.550000,0.300000,0.000000,1772906889124.590,0.469342,-0.505256,0.294114,0.000000,0.000000,0.000000,1.000000,position_only
2026-03-07T18:08:09.140840+00:00,1772906889140.839,0.465576,-0.505371,0.294189,4.582031,3.279297,0.646484,20005,19358,20329,19038,0.450000,-0.550000,0.300000,0.000000,1772906889133.118,0.470218,-0.505754,0.294245,0.000000,0.000000,0.000000,1.000000,position_only
2026-03-07T18:08:09.151549+00:00,1772906889151.548,0.466309,-0.505859,0.294434,4.417969,3.285156,0.683594,19973,19339,20343,19087,0.450000,-0.550000,0.300000,0.000000,1772906889150.338,0.471839,-0.506560,0.294455,0.000000,0.000000,0.000000,1.000000,position_only
2026-03-07T18:08:09.161491+00:00,1772906889161.491,0.467285,-0.506348,0.294434,4.242188,3.289062,0.720215,19901,19419,20251,19177,0.450000,-0.550000,0.300000,0.000000,1772906889158.840,0.472638,-0.507166,0.294544,0.000000,0.000000,0.000000,1.000000,position_only
2026-03-07T18:08:09.171298+00:00,1772906889171.297,0.468018,-0.507324,0.294678,4.046875,3.281250,0.755859,20050,19272,20399,19046,0.450000,-0.550000,0.300000,0.000000,1772906889167.530,0.473369,-0.507755,0.294651,0.000000,0.000000,0.000000,1.000000,position_only
2026-03-07T18:08:09.183457+00:00,1772906889183.456,0.468750,-0.507812,0.294678,3.869141,3.271484,0.793945,20087,19297,20401,18990,0.450000,-0.550000,0.300000,0.000000,1772906889176.163,0.474079,-0.508341,0.294748,0.000000,0.000000,0.000000,1.000000,position_only
2026-03-07T18:08:09.192106+00:00,1772906889192.105,0.469482,-0.508789,0.294678,3.687500,3.267578,0.845215,19984,19365,20264,19156,0.450000,-0.550000,0.300000,0.000000,1772906889184.650,0.474772,-0.509058,0.294837,0.000000,0.000000,0.000000,1.000000,position_only
2026-03-07T18:08:09.201799+00:00,1772906889201.798,0.470703,-0.509766,0.294922,3.521484,3.250000,0.877441,19972,19383,20311,19092,0.450000,-0.550000,0.300000,0.000000,1772906889193.239,0.475412,-0.509770,0.294952,0.000000,0.000000,0.000000,1.000000,position_only
2026-03-07T18:08:09.211641+00:00,1772906889211.640,0.471191,-0.510742,0.294922,3.339844,3.244141,0.911621,20150,19248,20376,18992,0.450000,-0.550000,0.300000,0.000000,1772906889210.358,0.476670,-0.511365,0.295022,0.000000,0.000000,0.000000,1.000000,position_only
2026-03-07T18:08:09.220266+00:00,1772906889220.265,0.471924,-0.511719,0.294922,3.191406,3.218750,0.950684,20213,19200,20399,18955,0.450000,-0.550000,0.300000,0.000000,1772906889218.931,0.477281,-0.512171,0.295103,0.000000,0.000000,0.000000,1.000000,position_only
2026-03-07T18:08:09.231752+00:00,1772906889231.750,0.472412,-0.512695,0.294922,3.025391,3.175781,0.992188,19988,19388,20198,19186,0.450000,-0.550000,0.300000,0.000000,1772906889227.502,0.477864,-0.513109,0.295173,0.000000,0.000000,0.000000,1.000000,position_only
2026-03-07T18:08:09.242494+00:00,1772906889242.492,0.472900,-0.513672,0.295166,2.871094,3.128906,1.019531,20030,19366,20197,19162,0.450000,-0.550000,0.300000,0.000000,1772906889236.070,0.478337,-0.513966,0.295263,0.000000,0.000000,0.000000,1.000000,position_only
2026-03-07T18:08:09.251416+00:00,1772906889251.416,0.473877,-0.515137,0.295166,2.705078,3.064453,1.055664,20161,19190,20354,19053,0.450000,-0.550000,0.300000,0.000000,1772906889244.705,0.478941,-0.514953,0.295247,0.000000,0.000000,0.000000,1.000000,position_only
2026-03-07T18:08:09.260738+00:00,1772906889260.737,0.474365,-0.516113,0.295166,2.539062,3.009766,1.094727,20012,19323,20184,19240,0.450000,-0.550000,0.300000,0.000000,1772906889253.361,0.479408,-0.515939,0.295314,0.000000,0.000000,0.000000,1.000000,position_only
2026-03-07T18:08:09.271996+00:00,1772906889271.996,0.474854,-0.517578,0.295410,2.373047,2.951172,1.124023,19953,19362,20168,19288,0.450000,-0.550000,0.300000,0.000000,1772906889270.514,0.480337,-0.518019,0.295355,0.000000,0.000000,0.000000,1.000000,position_only
2026-03-07T18:08:09.281868+00:00,1772906889281.867,0.475098,-0.519043,0.295410,2.183594,2.888672,1.156250,20134,19183,20371,19091,0.450000,-0.550000,0.300000,0.000000,1772906889279.040,0.480735,-0.519081,0.295357,0.000000,0.000000,0.000000,1.000000,position_only
2026-03-07T18:08:09.291087+00:00,1772906889291.086,0.475586,-0.520508,0.295410,2.001953,2.835938,1.195312,20102,19174,20395,19122,0.450000,-0.550000,0.300000,0.000000,1772906889287.684,0.481468,-0.521255,0.295424,0.000000,0.000000,0.000000,1.000000,position_only
2026-03-07T18:08:09.302543+00:00,1772906889302.543,0.476318,-0.521973,0.295410,1.805664,2.773438,1.241211,20067,19238,20310,19179,0.450000,-0.550000,0.300000,0.000000,1772906889296.224,0.481468,-0.521255,0.295424,0.000000,0.000000,0.000000,1.000000,position_only
2026-03-07T18:08:09.314009+00:00,1772906889314.009,0.476318,-0.521973,0.295410,1.805664,2.773438,1.241211,20091,19185,20378,19150,0.450000,-0.550000,0.300000,0.000000,1772906889313.313,0.482492,-0.524756,0.295428,0.000000,0.000000,0.000000,1.000000,position_only
2026-03-07T18:08:09.322001+00:00,1772906889322.000,0.477051,-0.523438,0.295410,1.630859,2.708984,1.278320,20009,19250,20267,19280,0.450000,-0.550000,0.300000,0.000000,1772906889313.313,0.482492,-0.524756,0.295428,0.000000,0.000000,0.000000,1.000000,position_only
2026-03-07T18:08:09.330426+00:00,1772906889330.425,0.477295,-0.524902,0.295410,1.425781,2.654297,1.318359,20047,19237,20282,19241,0.450000,-0.550000,0.300000,0.000000,1772906889322.054,0.482732,-0.525956,0.295387,0.000000,0.000000,0.000000,1.000000,position_only
2026-03-07T18:08:09.340417+00:00,1772906889340.417,0.477539,-0.526367,0.295410,1.248047,2.597656,1.346680,19984,19288,20250,19282,0.450000,-0.550000,0.300000,0.000000,1772906889339.132,0.483193,-0.528392,0.295393,0.000000,0.000000,0.000000,1.000000,position_only
2026-03-07T18:08:09.354167+00:00,1772906889354.166,0.477783,-0.528320,0.295410,1.056641,2.539062,1.374023,20132,19167,20303,19208,0.450000,-0.550000,0.300000,0.000000,1772906889347.650,0.483314,-0.529638,0.295386,0.000000,0.000000,0.000000,1.000000,position_only
2026-03-07T18:08:09.363439+00:00,1772906889363.439,0.478516,-0.529785,0.295410,0.883789,2.460938,1.401367,20142,19214,20249,19220,0.450000,-0.550000,0.300000,0.000000,1772906889356.162,0.483559,-0.530885,0.295348,0.000000,0.000000,0.000000,1.000000,position_only
2026-03-07T18:08:09.372659+00:00,1772906889372.658,0.478271,-0.531250,0.295410,0.727539,2.402344,1.427734,20119,19236,20222,19253,0.450000,-0.550000,0.300000,0.000000,1772906889364.708,0.483767,-0.532141,0.295375,0.000000,0.000000,0.000000,1.000000,position_only
2026-03-07T18:08:09.381144+00:00,1772906889381.143,0.478760,-0.533203,0.295410,0.568359,2.312500,1.455078,20179,19197,20208,19241,0.450000,-0.550000,0.300000,0.000000,1772906889373.311,0.483848,-0.533443,0.295327,0.000000,0.000000,0.000000,1.000000,position_only
2026-03-07T18:08:09.391998+00:00,1772906889391.997,0.479004,-0.534668,0.295410,0.427490,2.230469,1.476562,20176,19136,20231,19279,0.450000,-0.550000,0.300000,0.000000,1772906889390.349,0.484165,-0.535976,0.295223,0.000000,0.000000,0.000000,1.000000,position_only
2026-03-07T18:08:09.402005+00:00,1772906889402.004,0.479004,-0.536133,0.295410,0.258545,2.123047,1.501953,20065,19218,20157,19389,0.450000,-0.550000,0.300000,0.000000,1772906889398.888,0.484203,-0.537211,0.295263,0.000000,0.000000,0.000000,1.000000,position_only
2026-03-07T18:08:09.411596+00:00,1772906889411.596,0.479004,-0.538086,0.295410,0.101318,2.033203,1.522461,20133,19143,20172,19383,0.450000,-0.550000,0.300000,0.000000,1772906889407.393,0.484220,-0.538555,0.295208,0.000000,0.000000,0.000000,1.000000,position_only
2026-03-07T18:08:09.424160+00:00,1772906889424.159,0.479004,-0.539551,0.295410,-0.070862,1.920898,1.545898,20002,19251,20137,19436,0.450000,-0.550000,0.300000,0.000000,1772906889416.084,0.484218,-0.539769,0.295179,0.000000,0.000000,0.000000,1.000000,position_only
2026-03-07T18:08:09.432719+00:00,1772906889432.718,0.479492,-0.541504,0.295410,-0.229004,1.831055,1.567383,19975,19273,20186,19397,0.450000,-0.550000,0.300000,0.000000,1772906889424.672,0.484259,-0.540987,0.295157,0.000000,0.000000,0.000000,1.000000,position_only
2026-03-07T18:08:09.441885+00:00,1772906889441.885,0.479492,-0.542969,0.295410,-0.408203,1.771484,1.583008,20011,19213,20259,19359,0.450000,-0.550000,0.300000,0.000000,1772906889433.221,0.484312,-0.542271,0.295036,0.000000,0.000000,0.000000,1.000000,position_only
2026-03-07T18:08:09.451994+00:00,1772906889451.994,0.479492,-0.544434,0.295410,-0.572754,1.725586,1.603516,20038,19181,20339,19294,0.450000,-0.550000,0.300000,0.000000,1772906889450.532,0.484250,-0.544818,0.295017,0.000000,0.000000,0.000000,1.000000,position_only
2026-03-07T18:08:09.462355+00:00,1772906889462.355,0.479492,-0.546387,0.295166,-0.750488,1.685547,1.626953,19954,19259,20222,19417,0.450000,-0.550000,0.300000,0.000000,1772906889459.040,0.484136,-0.545982,0.294980,0.000000,0.000000,0.000000,1.000000,position_only
2026-03-07T18:08:09.472193+00:00,1772906889472.192,0.479492,-0.547852,0.295166,-0.899414,1.650391,1.642578,20066,19217,20348,19224,0.450000,-0.550000,0.300000,0.000000,1772906889467.536,0.484013,-0.547249,0.294922,0.000000,0.000000,0.000000,1.000000,position_only
2026-03-07T18:08:09.483594+00:00,1772906889483.593,0.479248,-0.549316,0.295166,-1.029297,1.628906,1.665039,19950,19369,20164,19386,0.450000,-0.550000,0.300000,0.000000,1772906889476.045,0.483933,-0.548452,0.294837,0.000000,0.000000,0.000000,1.000000,position_only
2026-03-07T18:08:09.491864+00:00,1772906889491.863,0.479492,-0.550781,0.295166,-1.157227,1.584961,1.676758,19906,19474,20053,19439,0.450000,-0.550000,0.300000,0.000000,1772906889484.803,0.483800,-0.549571,0.294805,0.000000,0.000000,0.000000,1.000000,position_only
2026-03-07T18:08:09.502165+00:00,1772906889502.164,0.479492,-0.552246,0.295166,-1.252930,1.561523,1.682617,19920,19384,20099,19464,0.450000,-0.550000,0.300000,0.000000,1772906889501.922,0.483440,-0.551963,0.294708,0.000000,0.000000,0.000000,1.000000,position_only
2026-03-07T18:08:09.512300+00:00,1772906889512.300,0.479248,-0.553711,0.294922,-1.367188,1.523438,1.689453,20090,19285,20267,19233,0.450000,-0.550000,0.300000,0.000000,1772906889510.775,0.483309,-0.553070,0.294658,0.000000,0.000000,0.000000,1.000000,position_only
2026-03-07T18:08:09.521386+00:00,1772906889521.385,0.479004,-0.555176,0.294922,-1.448242,1.505859,1.711914,20097,19325,20214,19250,0.450000,-0.550000,0.300000,0.000000,1772906889519.457,0.483121,-0.554229,0.294575,0.000000,0.000000,0.000000,1.000000,position_only
2026-03-07T18:08:09.533286+00:00,1772906889533.286,0.479492,-0.555176,0.294922,-1.450195,1.498047,1.712891,20038,19363,20077,19412,0.450000,-0.550000,0.300000,0.000000,1772906889527.943,0.482881,-0.555334,0.294530,0.000000,0.000000,0.000000,1.000000,position_only
2026-03-07T18:08:09.544600+00:00,1772906889544.600,0.478760,-0.558105,0.294922,-1.607422,1.410156,1.734375,20035,19407,20063,19394,0.450000,-0.550000,0.300000,0.000000,1772906889536.708,0.482670,-0.556444,0.294467,0.000000,0.000000,0.000000,1.000000,position_only
2026-03-07T18:08:09.552119+00:00,1772906889552.119,0.478760,-0.559570,0.294678,-1.675781,1.352539,1.744141,20089,19343,20114,19357,0.450000,-0.550000,0.300000,0.000000,1772906889545.216,0.482407,-0.557491,0.294421,0.000000,0.000000,0.000000,1.000000,position_only
2026-03-07T18:08:09.562115+00:00,1772906889562.115,0.479004,-0.559082,0.294678,-1.677734,1.345703,1.745117,20105,19376,20114,19322,0.450000,-0.550000,0.300000,0.000000,1772906889553.735,0.482062,-0.558529,0.294370,0.000000,0.000000,0.000000,1.000000,position_only
2026-03-07T18:08:09.572466+00:00,1772906889572.465,0.478760,-0.560547,0.294678,-1.735352,1.299805,1.758789,20042,19409,20081,19396,0.450000,-0.550000,0.300000,0.000000,1772906889571.101,0.481279,-0.561661,0.294096,0.000000,0.000000,0.000000,1.000000,position_only
2026-03-07T18:08:09.582489+00:00,1772906889582.489,0.478271,-0.562012,0.294434,-1.786133,1.267578,1.767578,19961,19479,20024,19475,0.450000,-0.550000,0.300000,0.000000,1772906889579.839,0.480922,-0.562579,0.294049,0.000000,0.000000,0.000000,1.000000,position_only
2026-03-07T18:08:09.592466+00:00,1772906889592.465,0.478027,-0.562988,0.294434,-1.851562,1.227539,1.771484,20157,19331,20179,19272,0.450000,-0.550000,0.300000,0.000000,1772906889588.471,0.480622,-0.563636,0.293937,0.000000,0.000000,0.000000,1.000000,position_only
2026-03-07T18:08:09.601006+00:00,1772906889601.006,0.477783,-0.564453,0.294434,-1.900391,1.193359,1.777344,20077,19379,20139,19348,0.450000,-0.550000,0.300000,0.000000,1772906889597.180,0.480243,-0.564559,0.293835,0.000000,0.000000,0.000000,1.000000,position_only
2026-03-07T18:08:09.613195+00:00,1772906889613.195,0.477539,-0.565918,0.294189,-1.948242,1.156250,1.788086,20101,19403,20091,19354,0.450000,-0.550000,0.300000,0.000000,1772906889605.802,0.479870,-0.565384,0.293759,0.000000,0.000000,0.000000,1.000000,position_only
2026-03-07T18:08:09.622320+00:00,1772906889622.320,0.477051,-0.566895,0.294189,-1.982422,1.122070,1.793945,19992,19467,20049,19443,0.450000,-0.550000,0.300000,0.000000,1772906889614.326,0.479447,-0.566307,0.293674,0.000000,0.000000,0.000000,1.000000,position_only
2026-03-07T18:08:09.632406+00:00,1772906889632.405,0.476562,-0.567871,0.293945,-2.027344,1.084961,1.793945,20024,19430,20036,19467,0.450000,-0.550000,0.300000,0.000000,1772906889631.498,0.478733,-0.567986,0.293496,0.000000,0.000000,0.000000,1.000000,position_only
2026-03-07T18:08:09.641639+00:00,1772906889641.639,0.476318,-0.568848,0.293945,-2.068359,1.044922,1.792969,20021,19432,19999,19512,0.450000,-0.550000,0.300000,0.000000,1772906889639.999,0.478199,-0.568842,0.293451,0.000000,0.000000,0.000000,1.000000,position_only
2026-03-07T18:08:09.652339+00:00,1772906889652.339,0.475830,-0.570312,0.293945,-2.113281,0.983887,1.788086,20010,19440,19979,19547,0.450000,-0.550000,0.300000,0.000000,1772906889648.499,0.477735,-0.569625,0.293406,0.000000,0.000000,0.000000,1.000000,position_only
2026-03-07T18:08:09.662107+00:00,1772906889662.106,0.475342,-0.571289,0.293701,-2.154297,0.918945,1.781250,20157,19334,20138,19367,0.450000,-0.550000,0.300000,0.000000,1772906889657.003,0.477372,-0.570326,0.293289,0.000000,0.000000,0.000000,1.000000,position_only
2026-03-07T18:08:09.674080+00:00,1772906889674.080,0.474854,-0.572266,0.293701,-2.191406,0.864258,1.786133,20132,19355,20077,19439,0.450000,-0.550000,0.300000,0.000000,1772906889665.711,0.476825,-0.571099,0.293179,0.000000,0.000000,0.000000,1.000000,position_only
2026-03-07T18:08:09.681688+00:00,1772906889681.688,0.474365,-0.572754,0.293457,-2.228516,0.793945,1.788086,20028,19470,19999,19520,0.450000,-0.550000,0.300000,0.000000,1772906889674.246,0.476336,-0.571841,0.293094,0.000000,0.000000,0.000000,1.000000,position_only
2026-03-07T18:08:09.692637+00:00,1772906889692.637,0.473877,-0.573730,0.293457,-2.255859,0.742676,1.782227,19977,19517,19966,19567,0.450000,-0.550000,0.300000,0.000000,1772906889691.489,0.475375,-0.573117,0.292907,0.000000,0.000000,0.000000,1.000000,position_only
2026-03-07T18:08:09.703422+00:00,1772906889703.422,0.473389,-0.574707,0.293213,-2.281250,0.693359,1.776367,20137,19414,20129,19360,0.450000,-0.550000,0.300000,0.000000,1772906889699.945,0.474844,-0.573710,0.292839,0.000000,0.000000,0.000000,1.000000,position_only
2026-03-07T18:08:09.711893+00:00,1772906889711.893,0.472900,-0.575195,0.293213,-2.283203,0.666504,1.785156,20167,19411,20196,19266,0.450000,-0.550000,0.300000,0.000000,1772906889708.452,0.474281,-0.574345,0.292768,0.000000,0.000000,0.000000,1.000000,position_only
2026-03-07T18:08:09.723690+00:00,1772906889723.690,0.472168,-0.576172,0.292969,-2.275391,0.654785,1.797852,20044,19524,20084,19389,0.450000,-0.550000,0.300000,0.000000,1772906889717.073,0.473728,-0.574869,0.292708,0.000000,0.000000,0.000000,1.000000,position_only
2026-03-07T18:08:09.732746+00:00,1772906889732.745,0.471680,-0.576660,0.292969,-2.271484,0.640137,1.797852,19990,19604,19955,19496,0.450000,-0.550000,0.300000,0.000000,1772906889725.590,0.473180,-0.575419,0.292624,0.000000,0.000000,0.000000,1.000000,position_only
2026-03-07T18:08:09.742571+00:00,1772906889742.571,0.471191,-0.577148,0.292725,-2.251953,0.604492,1.790039,20079,19569,19971,19444,0.450000,-0.550000,0.300000,0.000000,1772906889734.087,0.472617,-0.575986,0.292509,0.000000,0.000000,0.000000,1.000000,position_only
2026-03-07T18:08:09.751764+00:00,1772906889751.764,0.470459,-0.577637,0.292725,-2.216797,0.565430,1.785156,20119,19557,19947,19429,0.450000,-0.550000,0.300000,0.000000,1772906889751.218,0.471423,-0.576967,0.292353,0.000000,0.000000,0.000000,1.000000,position_only
2026-03-07T18:08:09.761635+00:00,1772906889761.635,0.469727,-0.578613,0.292480,-2.175781,0.522461,1.785156,20135,19525,19989,19397,0.450000,-0.550000,0.300000,0.000000,1772906889759.951,0.470866,-0.577406,0.292273,0.000000,0.000000,0.000000,1.000000,position_only
2026-03-07T18:08:09.772824+00:00,1772906889772.823,0.469238,-0.579102,0.292480,-2.136719,0.462646,1.777344,20118,19540,19945,19447,0.450000,-0.550000,0.300000,0.000000,1772906889768.458,0.470279,-0.577831,0.292226,0.000000,0.000000,0.000000,1.000000,position_only
2026-03-07T18:08:09.783384+00:00,1772906889783.383,0.469238,-0.578613,0.292480,-2.136719,0.462646,1.777344,20195,19469,19976,19403,0.450000,-0.550000,0.300000,0.000000,1772906889776.946,0.469665,-0.578158,0.292172,0.000000,0.000000,0.000000,1.000000,position_only
2026-03-07T18:08:09.792763+00:00,1772906889792.762,0.468750,-0.579102,0.292480,-2.093750,0.415771,1.776367,20232,19461,19977,19370,0.450000,-0.550000,0.300000,0.000000,1772906889785.556,0.469008,-0.578543,0.292078,0.000000,0.000000,0.000000,1.000000,position_only
2026-03-07T18:08:09.803731+00:00,1772906889803.730,0.468018,-0.579590,0.292236,-2.050781,0.348389,1.778320,20165,19464,19964,19428,0.450000,-0.550000,0.300000,0.000000,1772906889802.802,0.467820,-0.579217,0.291928,0.000000,0.000000,0.000000,1.000000,position_only
2026-03-07T18:08:09.813001+00:00,1772906889813.001,0.467041,-0.580078,0.292236,-2.003906,0.270508,1.776367,20200,19428,19983,19397,0.450000,-0.550000,0.300000,0.000000,1772906889811.315,0.467201,-0.579498,0.291868,0.000000,0.000000,0.000000,1.000000,position_only
2026-03-07T18:08:09.822856+00:00,1772906889822.856,0.466309,-0.580566,0.292236,-1.968750,0.191162,1.775391,20214,19367,20020,19413,0.450000,-0.550000,0.300000,0.000000,1772906889820.005,0.466519,-0.579815,0.291807,0.000000,0.000000,0.000000,1.000000,position_only
2026-03-07T18:08:09.832544+00:00,1772906889832.543,0.465576,-0.580566,0.292236,-1.947266,0.107544,1.774414,20154,19399,19978,19473,0.450000,-0.550000,0.300000,0.000000,1772906889828.586,0.465920,-0.579980,0.291706,0.000000,0.000000,0.000000,1.000000,position_only
2026-03-07T18:08:09.843383+00:00,1772906889843.383,0.464844,-0.581055,0.291992,-1.930664,0.032837,1.768555,20156,19415,20038,19386,0.450000,-0.550000,0.300000,0.000000,1772906889837.095,0.465280,-0.580127,0.291679,0.000000,0.000000,0.000000,1.000000,position_only
2026-03-07T18:08:09.853063+00:00,1772906889853.062,0.464111,-0.581055,0.291992,-1.902344,-0.019562,1.765625,20154,19427,20070,19344,0.450000,-0.550000,0.300000,0.000000,1772906889845.848,0.463991,-0.580512,0.291505,0.000000,0.000000,0.000000,1.000000,position_only
2026-03-07T18:08:09.863115+00:00,1772906889863.114,0.463379,-0.581055,0.291992,-1.875977,-0.054565,1.767578,20226,19403,20106,19276,0.450000,-0.550000,0.300000,0.000000,1772906889862.988,0.462686,-0.580818,0.291385,0.000000,0.000000,0.000000,1.000000,position_only
2026-03-07T18:08:09.871902+00:00,1772906889871.902,0.462646,-0.581543,0.291992,-1.840820,-0.087708,1.769531,20103,19545,19970,19396,0.450000,-0.550000,0.300000,0.000000,1772906889871.493,0.461981,-0.580922,0.291359,0.000000,0.000000,0.000000,1.000000,position_only
2026-03-07T18:08:09.883362+00:00,1772906889883.362,0.461670,-0.581543,0.291748,-1.793945,-0.110840,1.767578,20095,19554,19962,19404,0.450000,-0.550000,0.300000,0.000000,1772906889880.004,0.461373,-0.581022,0.291291,0.000000,0.000000,0.000000,1.000000,position_only
2026-03-07T18:08:09.893731+00:00,1772906889893.731,0.460938,-0.581543,0.291748,-1.734375,-0.139526,1.763672,19984,19683,19841,19510,0.450000,-0.550000,0.300000,0.000000,1772906889888.540,0.460789,-0.581049,0.291232,0.000000,0.000000,0.000000,1.000000,position_only
2026-03-07T18:08:09.902498+00:00,1772906889902.498,0.460205,-0.581543,0.291748,-1.675781,-0.159180,1.754883,20039,19673,19903,19405,0.450000,-0.550000,0.300000,0.000000,1772906889897.105,0.460789,-0.581049,0.291232,0.000000,0.000000,0.000000,1.000000,position_only
2026-03-07T18:08:09.913900+00:00,1772906889913.898,0.460205,-0.581543,0.291504,-1.675781,-0.159180,1.754883,20281,19427,20091,19222,0.450000,-0.550000,0.300000,0.000000,1772906889905.775,0.459441,-0.581166,0.291187,0.000000,0.000000,0.000000,1.000000,position_only
2026-03-07T18:08:09.922004+00:00,1772906889922.003,0.459229,-0.581543,0.291504,-1.604492,-0.185547,1.753906,20276,19474,19960,19318,0.450000,-0.550000,0.300000,0.000000,1772906889914.307,0.459441,-0.581166,0.291187,0.000000,0.000000,0.000000,1.000000,position_only
2026-03-07T18:08:09.934930+00:00,1772906889934.930,0.458496,-0.581543,0.291504,-1.527344,-0.224121,1.759766,20277,19481,20000,19281,0.450000,-0.550000,0.300000,0.000000,1772906889931.336,0.457532,-0.581064,0.291040,0.000000,0.000000,0.000000,1.000000,position_only
2026-03-07T18:08:09.942490+00:00,1772906889942.489,0.457764,-0.581543,0.291504,-1.448242,-0.280273,1.759766,20188,19551,19884,19424,0.450000,-0.550000,0.300000,0.000000,1772906889939.932,0.456890,-0.580940,0.291005,0.000000,0.000000,0.000000,1.000000,position_only
2026-03-07T18:08:09.952369+00:00,1772906889952.369,0.456787,-0.581543,0.291504,-1.370117,-0.340088,1.755859,20039,19701,19763,19542,0.450000,-0.550000,0.300000,0.000000,1772906889948.476,0.456227,-0.580946,0.290941,0.000000,0.000000,0.000000,1.000000,position_only
2026-03-07T18:08:09.963779+00:00,1772906889963.778,0.456055,-0.581055,0.291260,-1.305664,-0.385498,1.741211,20202,19529,19961,19346,0.450000,-0.550000,0.300000,0.000000,1772906889956.984,0.455636,-0.580873,0.290933,0.000000,0.000000,0.000000,1.000000,position_only
2026-03-07T18:08:09.973599+00:00,1772906889973.599,0.455322,-0.581055,0.291260,-1.240234,-0.422363,1.735352,20231,19513,20084,19209,0.450000,-0.550000,0.300000,0.000000,1772906889965.495,0.455026,-0.580799,0.290852,0.000000,0.000000,0.000000,1.000000,position_only
2026-03-07T18:08:09.982047+00:00,1772906889982.047,0.454590,-0.581055,0.291260,-1.157227,-0.426758,1.745117,20113,19601,19906,19415,0.450000,-0.550000,0.300000,0.000000,1772906889974.150,0.454338,-0.580617,0.290817,0.000000,0.000000,0.000000,1.000000,position_only
2026-03-07T18:08:09.992784+00:00,1772906889992.783,0.453857,-0.580566,0.291260,-1.101562,-0.458008,1.739258,20090,19608,19876,19460,0.450000,-0.550000,0.300000,0.000000,1772906889991.180,0.453116,-0.580331,0.290739,0.000000,0.000000,0.000000,1.000000,position_only
2026-03-07T18:08:10.003733+00:00,1772906890003.732,0.453125,-0.580566,0.291016,-1.041016,-0.494385,1.731445,20128,19573,19927,19403,0.450000,-0.550000,0.300000,0.000000,1772906889999.652,0.452469,-0.580165,0.290740,0.000000,0.000000,0.000000,1.000000,position_only
2026-03-07T18:08:10.015323+00:00,1772906890015.323,0.452393,-0.580078,0.291016,-0.990723,-0.525391,1.728516,20063,19622,19856,19485,0.450000,-0.550000,0.300000,0.000000,1772906890008.281,0.451862,-0.579996,0.290662,0.000000,0.000000,0.000000,1.000000,position_only
2026-03-07T18:08:10.023010+00:00,1772906890023.010,0.451660,-0.580078,0.291016,-0.945312,-0.560059,1.722656,20212,19465,20015,19323,0.450000,-0.550000,0.300000,0.000000,1772906890016.910,0.451217,-0.579843,0.290653,0.000000,0.000000,0.000000,1.000000,position_only
2026-03-07T18:08:10.032917+00:00,1772906890032.916,0.450684,-0.579590,0.291016,-0.898438,-0.604492,1.722656,20133,19511,19999,19371,0.450000,-0.550000,0.300000,0.000000,1772906890025.416,0.450575,-0.579552,0.290666,0.000000,0.000000,0.000000,1.000000,position_only
2026-03-07T18:08:10.042721+00:00,1772906890042.720,0.449951,-0.579590,0.291016,-0.857422,-0.637207,1.722656,20124,19549,19945,19399,0.450000,-0.550000,0.300000,0.000000,1772906890042.482,0.449465,-0.579173,0.290600,0.000000,0.000000,0.000000,1.000000,position_only
2026-03-07T18:08:10.053855+00:00,1772906890053.854,0.449463,-0.579102,0.291016,-0.813477,-0.663574,1.722656,20102,19590,19906,19418,0.450000,-0.550000,0.300000,0.000000,1772906890050.988,0.448887,-0.578914,0.290596,0.000000,0.000000,0.000000,1.000000,position_only
2026-03-07T18:08:10.063008+00:00,1772906890063.008,0.448730,-0.578613,0.291016,-0.764160,-0.694824,1.718750,20083,19598,19871,19457,0.450000,-0.550000,0.300000,0.000000,1772906890059.494,0.448348,-0.578671,0.290555,0.000000,0.000000,0.000000,1.000000,position_only
2026-03-07T18:08:10.074310+00:00,1772906890074.310,0.447998,-0.578613,0.291016,-0.709473,-0.732910,1.713867,20057,19609,19901,19445,0.450000,-0.550000,0.300000,0.000000,1772906890068.071,0.447696,-0.578427,0.290502,0.000000,0.000000,0.000000,1.000000,position_only
2026-03-07T18:08:10.083388+00:00,1772906890083.388,0.447998,-0.578613,0.291016,-0.709473,-0.732910,1.713867,20081,19601,19900,19430,0.450000,-0.550000,0.300000,0.000000,1772906890076.589,0.447129,-0.578112,0.290534,0.000000,0.000000,0.000000,1.000000,position_only
2026-03-07T18:08:10.092856+00:00,1772906890092.855,0.446533,-0.577637,0.290771,-0.614746,-0.790527,1.701172,20140,19561,19899,19417,0.450000,-0.550000,0.300000,0.000000,1772906890085.169,0.446670,-0.577884,0.290531,0.000000,0.000000,0.000000,1.000000,position_only
2026-03-07T18:08:10.102324+00:00,1772906890102.323,0.446045,-0.577637,0.290771,-0.557617,-0.825684,1.697266,20125,19620,19824,19445,0.450000,-0.550000,0.300000,0.000000,1772906890093.671,0.446160,-0.577653,0.290509,0.000000,0.000000,0.000000,1.000000,position_only
2026-03-07T18:08:10.112389+00:00,1772906890112.388,0.445312,-0.577148,0.290771,-0.494141,-0.860840,1.688477,20142,19610,19819,19443,0.450000,-0.550000,0.300000,0.000000,1772906890110.909,0.445022,-0.576987,0.290502,0.000000,0.000000,0.000000,1.000000,position_only
2026-03-07T18:08:10.124437+00:00,1772906890124.437,0.444580,-0.576660,0.290771,-0.428711,-0.908691,1.680664,20139,19587,19913,19365,0.450000,-0.550000,0.300000,0.000000,1772906890119.481,0.444542,-0.576708,0.290481,0.000000,0.000000,0.000000,1.000000,position_only
2026-03-07T18:08:10.135608+00:00,1772906890135.607,0.444580,-0.576660,0.290771,-0.428711,-0.908691,1.680664,20104,19622,19843,19450,0.450000,-0.550000,0.300000,0.000000,1772906890128.354,0.444050,-0.576434,0.290479,0.000000,0.000000,0.000000,1.000000,position_only
2026-03-07T18:08:10.143924+00:00,1772906890143.923,0.444092,-0.576172,0.290771,-0.363281,-0.938965,1.676758,20128,19583,19831,19487,0.450000,-0.550000,0.300000,0.000000,1772906890136.877,0.443579,-0.576125,0.290487,0.000000,0.000000,0.000000,1.000000,position_only
2026-03-07T18:08:10.152350+00:00,1772906890152.349,0.443359,-0.575684,0.290771,-0.316650,-0.978027,1.666016,20163,19561,19902,19405,0.450000,-0.550000,0.300000,0.000000,1772906890145.404,0.443104,-0.575832,0.290442,0.000000,0.000000,0.000000,1.000000,position_only
2026-03-07T18:08:10.163715+00:00,1772906890163.714,0.442871,-0.575684,0.290771,-0.268066,-1.025391,1.660156,20154,19535,19932,19412,0.450000,-0.550000,0.300000,0.000000,1772906890162.592,0.441707,-0.574845,0.290371,0.000000,0.000000,0.000000,1.000000,position_only
2026-03-07T18:08:10.174993+00:00,1772906890174.992,0.442383,-0.575195,0.290771,-0.226440,-1.059570,1.653320,20138,19542,19961,19395,0.450000,-0.550000,0.300000,0.000000,1772906890171.187,0.441349,-0.574513,0.290310,0.000000,0.000000,0.000000,1.000000,position_only
2026-03-07T18:08:10.183334+00:00,1772906890183.334,0.441650,-0.574707,0.290771,-0.189697,-1.083984,1.656250,20112,19568,19961,19398,0.450000,-0.550000,0.300000,0.000000,1772906890179.747,0.440959,-0.574185,0.290281,0.000000,0.000000,0.000000,1.000000,position_only
2026-03-07T18:08:10.192427+00:00,1772906890192.427,0.441162,-0.574219,0.290527,-0.153442,-1.092773,1.655273,20146,19544,19984,19364,0.450000,-0.550000,0.300000,0.000000,1772906890188.268,0.440508,-0.573736,0.290288,0.000000,0.000000,0.000000,1.000000,position_only
2026-03-07T18:08:10.205178+00:00,1772906890205.177,0.440674,-0.573730,0.290527,-0.119080,-1.105469,1.654297,20024,19656,19931,19433,0.450000,-0.550000,0.300000,0.000000,1772906890197.033,0.440170,-0.573386,0.290257,0.000000,0.000000,0.000000,1.000000,position_only
2026-03-07T18:08:10.213627+00:00,1772906890213.625,0.440186,-0.573242,0.290527,-0.090088,-1.093750,1.651367,20105,19607,20035,19300,0.450000,-0.550000,0.300000,0.000000,1772906890205.533,0.439785,-0.573085,0.290238,0.000000,0.000000,0.000000,1.000000,position_only
2026-03-07T18:08:10.223356+00:00,1772906890223.355,0.439697,-0.572754,0.290527,-0.045105,-1.069336,1.651367,20043,19656,19977,19375,0.450000,-0.550000,0.300000,0.000000,1772906890222.532,0.439431,-0.572763,0.290217,0.000000,0.000000,0.000000,1.000000,position_only
2026-03-07T18:08:10.232626+00:00,1772906890232.625,0.439209,-0.572266,0.290527,-0.006763,-1.041016,1.649414,19936,19782,19837,19490,0.450000,-0.550000,0.300000,0.000000,1772906890231.032,0.438712,-0.572032,0.290197,0.000000,0.000000,0.000000,1.000000,position_only
2026-03-07T18:08:10.245094+00:00,1772906890245.092,0.438721,-0.571777,0.290527,0.033539,-1.019531,1.637695,20069,19655,19920,19395,0.450000,-0.550000,0.300000,0.000000,1772906890239.531,0.438365,-0.571684,0.290172,0.000000,0.000000,0.000000,1.000000,position_only
2026-03-07T18:08:10.254066+00:00,1772906890254.066,0.438477,-0.571289,0.290527,0.077087,-1.004883,1.632812,20120,19609,19958,19350,0.450000,-0.550000,0.300000,0.000000,1772906890248.154,0.438086,-0.571344,0.290148,0.000000,0.000000,0.000000,1.000000,position_only
2026-03-07T18:08:10.264618+00:00,1772906890264.617,0.437988,-0.570801,0.290527,0.124573,-1.000977,1.634766,20080,19635,19871,19446,0.450000,-0.550000,0.300000,0.000000,1772906890256.706,0.437758,-0.570981,0.290141,0.000000,0.000000,0.000000,1.000000,position_only
2026-03-07T18:08:10.272134+00:00,1772906890272.134,0.437500,-0.570801,0.290527,0.164795,-1.011719,1.629883,20035,19674,19786,19535,0.450000,-0.550000,0.300000,0.000000,1772906890265.217,0.437504,-0.570638,0.290098,0.000000,0.000000,0.000000,1.000000,position_only
2026-03-07T18:08:10.283324+00:00,1772906890283.324,0.437256,-0.570312,0.290527,0.204956,-1.035156,1.620117,20052,19611,19874,19489,0.450000,-0.550000,0.300000,0.000000,1772906890282.416,0.437014,-0.569900,0.290041,0.000000,0.000000,0.000000,1.000000,position_only
2026-03-07T18:08:10.294017+00:00,1772906890294.016,0.437012,-0.569824,0.290527,0.229126,-1.052734,1.613281,20115,19573,19943,19394,0.450000,-0.550000,0.300000,0.000000,1772906890290.915,0.436748,-0.569508,0.290004,0.000000,0.000000,0.000000,1.000000,position_only
2026-03-07T18:08:10.303170+00:00,1772906890303.169,0.436523,-0.569336,0.290283,0.253662,-1.062500,1.610352,20100,19550,19964,19413,0.450000,-0.550000,0.300000,0.000000,1772906890299.461,0.436541,-0.569166,0.289996,0.000000,0.000000,0.000000,1.000000,position_only
2026-03-07T18:08:10.314495+00:00,1772906890314.494,0.436279,-0.568848,0.290283,0.271729,-1.077148,1.607422,20063,19616,19891,19459,0.450000,-0.550000,0.300000,0.000000,1772906890308.014,0.436349,-0.568836,0.289966,0.000000,0.000000,0.000000,1.000000,position_only
2026-03-07T18:08:10.323863+00:00,1772906890323.863,0.436035,-0.568359,0.290283,0.290527,-1.090820,1.599609,20077,19548,19964,19447,0.450000,-0.550000,0.300000,0.000000,1772906890316.511,0.436183,-0.568422,0.289962,0.000000,0.000000,0.000000,1.000000,position_only
2026-03-07T18:08:10.334051+00:00,1772906890334.051,0.435791,-0.567871,0.290283,0.297119,-1.100586,1.596680,20035,19595,19921,19488,0.450000,-0.550000,0.300000,0.000000,1772906890333.646,0.435864,-0.567692,0.289947,0.000000,0.000000,0.000000,1.000000,position_only
2026-03-07T18:08:10.343273+00:00,1772906890343.272,0.435547,-0.567383,0.290283,0.306396,-1.088867,1.595703,20025,19617,19925,19480,0.450000,-0.550000,0.300000,0.000000,1772906890342.198,0.435698,-0.567329,0.289919,0.000000,0.000000,0.000000,1.000000,position_only
2026-03-07T18:08:10.352248+00:00,1772906890352.248,0.435303,-0.566895,0.290283,0.316650,-1.078125,1.588867,19926,19720,19866,19539,0.450000,-0.550000,0.300000,0.000000,1772906890350.767,0.435541,-0.566990,0.289925,0.000000,0.000000,0.000000,1.000000,position_only
2026-03-07T18:08:10.365420+00:00,1772906890365.420,0.435303,-0.566895,0.290283,0.327148,-1.052734,1.583008,19879,19795,19814,19566,0.450000,-0.550000,0.300000,0.000000,1772906890359.299,0.435407,-0.566655,0.289928,0.000000,0.000000,0.000000,1.000000,position_only
2026-03-07T18:08:10.373835+00:00,1772906890373.835,0.435303,-0.566406,0.290283,0.327148,-1.052734,1.583008,19924,19759,19899,19478,0.450000,-0.550000,0.300000,0.000000,1772906890368.063,0.435295,-0.566289,0.289876,0.000000,0.000000,0.000000,1.000000,position_only
2026-03-07T18:08:10.382999+00:00,1772906890382.999,0.435059,-0.566406,0.290283,0.351074,-1.018555,1.571289,19827,19852,19778,19600,0.450000,-0.550000,0.300000,0.000000,1772906890376.589,0.435212,-0.565960,0.289838,0.000000,0.000000,0.000000,1.000000,position_only
2026-03-07T18:08:10.393143+00:00,1772906890393.143,0.435059,-0.565918,0.290283,0.372559,-0.979492,1.558594,19914,19803,19848,19495,0.450000,-0.550000,0.300000,0.000000,1772906890385.167,0.435099,-0.565578,0.289842,0.000000,0.000000,0.000000,1.000000,position_only
2026-03-07T18:08:10.405780+00:00,1772906890405.778,0.434814,-0.565430,0.290039,0.402344,-0.939941,1.545898,20042,19693,19954,19370,0.450000,-0.550000,0.300000,0.000000,1772906890402.179,0.435057,-0.564890,0.289723,0.000000,0.000000,0.000000,1.000000,position_only
2026-03-07T18:08:10.414001+00:00,1772906890414.001,0.434814,-0.564941,0.290039,0.438965,-0.906738,1.535156,19987,19762,19846,19461,0.450000,-0.550000,0.300000,0.000000,1772906890410.815,0.435015,-0.564512,0.289727,0.000000,0.000000,0.000000,1.000000,position_only
2026-03-07T18:08:10.425028+00:00,1772906890425.027,0.434814,-0.564453,0.290039,0.478027,-0.874512,1.530273,19945,19804,19733,19578,0.450000,-0.550000,0.300000,0.000000,1772906890419.530,0.435017,-0.564193,0.289692,0.000000,0.000000,0.000000,1.000000,position_only
2026-03-07T18:08:10.434270+00:00,1772906890434.270,0.434814,-0.564453,0.290039,0.519531,-0.869629,1.511719,20047,19742,19787,19494,0.450000,-0.550000,0.300000,0.000000,1772906890428.083,0.435034,-0.563879,0.289667,0.000000,0.000000,0.000000,1.000000,position_only
2026-03-07T18:08:10.444830+00:00,1772906890444.829,0.434814,-0.563965,0.290039,0.565918,-0.869141,1.500977,20092,19698,19803,19475,0.450000,-0.550000,0.300000,0.000000,1772906890436.798,0.435019,-0.563604,0.289625,0.000000,0.000000,0.000000,1.000000,position_only
2026-03-07T18:08:10.453110+00:00,1772906890453.110,0.434814,-0.563477,0.290039,0.618164,-0.878418,1.494141,19992,19750,19742,19576,0.450000,-0.550000,0.300000,0.000000,1772906890445.357,0.435046,-0.563285,0.289613,0.000000,0.000000,0.000000,1.000000,position_only
2026-03-07T18:08:10.462954+00:00,1772906890462.953,0.434814,-0.562988,0.290039,0.648438,-0.889160,1.482422,19967,19757,19767,19576,0.450000,-0.550000,0.300000,0.000000,1772906890462.363,0.435095,-0.562616,0.289579,0.000000,0.000000,0.000000,1.000000,position_only
2026-03-07T18:08:10.474480+00:00,1772906890474.480,0.434814,-0.562500,0.290039,0.672363,-0.887695,1.471680,20024,19687,19917,19449,0.450000,-0.550000,0.300000,0.000000,1772906890471.105,0.435253,-0.562011,0.289523,0.000000,0.000000,0.000000,1.000000,position_only
2026-03-07T18:08:10.485739+00:00,1772906890485.739,0.434814,-0.562500,0.289795,0.686035,-0.857422,1.467773,19786,19857,19815,19630,0.450000,-0.550000,0.300000,0.000000,1772906890479.698,0.435313,-0.561731,0.289516,0.000000,0.000000,0.000000,1.000000,position_only
2026-03-07T18:08:10.493359+00:00,1772906890493.358,0.435059,-0.562012,0.289795,0.681641,-0.811035,1.450195,19764,19894,19824,19616,0.450000,-0.550000,0.300000,0.000000,1772906890488.194,0.435394,-0.561464,0.289479,0.000000,0.000000,0.000000,1.000000,position_only
2026-03-07T18:08:10.504707+00:00,1772906890504.706,0.435059,-0.561523,0.289795,0.678223,-0.752441,1.437500,19951,19715,20022,19424,0.450000,-0.550000,0.300000,0.000000,1772906890496.707,0.435545,-0.561146,0.289470,0.000000,0.000000,0.000000,1.000000,position_only
2026-03-07T18:08:10.512589+00:00,1772906890512.588,0.435059,-0.561035,0.289795,0.668457,-0.677734,1.436523,19937,19684,20092,19399,0.450000,-0.550000,0.300000,0.000000,1772906890505.243,0.435598,-0.560909,0.289437,0.000000,0.000000,0.000000,1.000000,position_only
2026-03-07T18:08:10.524001+00:00,1772906890524.000,0.435303,-0.561035,0.289795,0.656250,-0.610352,1.433594,19858,19778,19979,19489,0.450000,-0.550000,0.300000,0.000000,1772906890522.678,0.435828,-0.560329,0.289410,0.000000,0.000000,0.000000,1.000000,position_only
2026-03-07T18:08:10.534165+00:00,1772906890534.165,0.435547,-0.560547,0.289551,0.643066,-0.547363,1.427734,19822,19803,19979,19503,0.450000,-0.550000,0.300000,0.000000,1772906890531.300,0.435931,-0.560062,0.289393,0.000000,0.000000,0.000000,1.000000,position_only
2026-03-07T18:08:10.543218+00:00,1772906890543.218,0.435547,-0.560547,0.289551,0.629883,-0.468262,1.419922,19800,19846,19909,19548,0.450000,-0.550000,0.300000,0.000000,1772906890540.233,0.436051,-0.559796,0.289363,0.000000,0.000000,0.000000,1.000000,position_only
2026-03-07T18:08:10.554653+00:00,1772906890554.652,0.435791,-0.560059,0.289551,0.622070,-0.409912,1.414062,19831,19842,19857,19561,0.450000,-0.550000,0.300000,0.000000,1772906890548.740,0.436165,-0.559512,0.289334,0.000000,0.000000,0.000000,1.000000,position_only
2026-03-07T18:08:10.563996+00:00,1772906890563.996,0.435791,-0.560059,0.289551,0.622070,-0.409912,1.414062,19947,19744,19961,19442,0.450000,-0.550000,0.300000,0.000000,1772906890557.589,0.436286,-0.559266,0.289298,0.000000,0.000000,0.000000,1.000000,position_only
2026-03-07T18:08:10.572889+00:00,1772906890572.888,0.436279,-0.559570,0.289551,0.641113,-0.323730,1.405273,19973,19715,19918,19454,0.450000,-0.550000,0.300000,0.000000,1772906890566.176,0.436428,-0.559055,0.289278,0.000000,0.000000,0.000000,1.000000,position_only
2026-03-07T18:08:10.583387+00:00,1772906890583.386,0.436279,-0.559570,0.289551,0.641113,-0.323730,1.405273,19988,19741,19896,19439,0.450000,-0.550000,0.300000,0.000000,1772906890583.210,0.436793,-0.558584,0.289243,0.000000,0.000000,0.000000,1.000000,position_only
2026-03-07T18:08:10.594736+00:00,1772906890594.736,0.436523,-0.559082,0.289551,0.681152,-0.277832,1.392578,19945,19762,19799,19532,0.450000,-0.550000,0.300000,0.000000,1772906890591.949,0.436951,-0.558392,0.289238,0.000000,0.000000,0.000000,1.000000,position_only
2026-03-07T18:08:10.604078+00:00,1772906890604.077,0.436523,-0.559082,0.289551,0.681152,-0.277832,1.392578,20032,19671,19831,19507,0.450000,-0.550000,0.300000,0.000000,1772906890600.589,0.437124,-0.558183,0.289229,0.000000,0.000000,0.000000,1.000000,position_only
2026-03-07T18:08:10.614734+00:00,1772906890614.733,0.436768,-0.558594,0.289551,0.700684,-0.274170,1.381836,19974,19674,19891,19498,0.450000,-0.550000,0.300000,0.000000,1772906890609.127,0.437371,-0.557976,0.289222,0.000000,0.000000,0.000000,1.000000,position_only
2026-03-07T18:08:10.624840+00:00,1772906890624.840,0.437012,-0.558594,0.289551,0.705078,-0.296143,1.372070,20077,19560,19937,19465,0.450000,-0.550000,0.300000,0.000000,1772906890617.635,0.437528,-0.557781,0.289239,0.000000,0.000000,0.000000,1.000000,position_only
2026-03-07T18:08:10.635005+00:00,1772906890635.005,0.437256,-0.558105,0.289551,0.706055,-0.296387,1.372070,19925,19709,19792,19616,0.450000,-0.550000,0.300000,0.000000,1772906890634.839,0.437960,-0.557376,0.289209,0.000000,0.000000,0.000000,1.000000,position_only
2026-03-07T18:08:10.644942+00:00,1772906890644.942,0.437500,-0.558105,0.289551,0.698242,-0.311523,1.365234,19952,19654,19841,19598,0.450000,-0.550000,0.300000,0.000000,1772906890643.365,0.438149,-0.557195,0.289205,0.000000,0.000000,0.000000,1.000000,position_only
2026-03-07T18:08:10.653166+00:00,1772906890653.166,0.437744,-0.557617,0.289551,0.683594,-0.320068,1.356445,19941,19630,19841,19636,0.450000,-0.550000,0.300000,0.000000,1772906890651.830,0.438336,-0.557038,0.289203,0.000000,0.000000,0.000000,1.000000,position_only
2026-03-07T18:08:10.663834+00:00,1772906890663.833,0.437988,-0.557617,0.289551,0.651367,-0.340332,1.343750,19938,19611,19895,19609,0.450000,-0.550000,0.300000,0.000000,1772906890660.411,0.438555,-0.556866,0.289164,0.000000,0.000000,0.000000,1.000000,position_only
2026-03-07T18:08:10.675190+00:00,1772906890675.189,0.438232,-0.557129,0.289551,0.618652,-0.348389,1.335938,20007,19517,19948,19582,0.450000,-0.550000,0.300000,0.000000,1772906890668.919,0.438775,-0.556672,0.289153,0.000000,0.000000,0.000000,1.000000,position_only
2026-03-07T18:08:10.684418+00:00,1772906890684.417,0.438477,-0.557129,0.289551,0.573730,-0.370117,1.333984,19940,19612,19971,19542,0.450000,-0.550000,0.300000,0.000000,1772906890677.531,0.438980,-0.556545,0.289154,0.000000,0.000000,0.000000,1.000000,position_only
2026-03-07T18:08:10.695056+00:00,1772906890695.055,0.438721,-0.557129,0.289551,0.538086,-0.364014,1.332031,19809,19721,19834,19704,0.450000,-0.550000,0.300000,0.000000,1772906890694.652,0.439466,-0.556237,0.289097,0.000000,0.000000,0.000000,1.000000,position_only
2026-03-07T18:08:10.705012+00:00,1772906890705.011,0.439209,-0.556641,0.289551,0.498535,-0.346191,1.320312,19841,19675,19946,19612,0.450000,-0.550000,0.300000,0.000000,1772906890703.215,0.439699,-0.556090,0.289101,0.000000,0.000000,0.000000,1.000000,position_only
2026-03-07T18:08:10.714934+00:00,1772906890714.933,0.439453,-0.556641,0.289551,0.458740,-0.315430,1.314453,19838,19710,19946,19593,0.450000,-0.550000,0.300000,0.000000,1772906890711.751,0.439928,-0.555936,0.289056,0.000000,0.000000,0.000000,1.000000,position_only
2026-03-07T18:08:10.724868+00:00,1772906890724.868,0.439697,-0.556641,0.289551,0.425049,-0.273926,1.310547,19926,19650,20096,19421,0.450000,-0.550000,0.300000,0.000000,1772906890720.531,0.440175,-0.555769,0.289028,0.000000,0.000000,0.000000,1.000000,position_only
2026-03-07T18:08:10.735590+00:00,1772906890735.590,0.439941,-0.556152,0.289551,0.402100,-0.198975,1.315430,19875,19735,19937,19544,0.450000,-0.550000,0.300000,0.000000,1772906890729.005,0.440400,-0.555645,0.288993,0.000000,0.000000,0.000000,1.000000,position_only
2026-03-07T18:08:10.744837+00:00,1772906890744.837,0.440186,-0.556152,0.289307,0.391357,-0.148193,1.309570,19789,19827,19915,19558,0.450000,-0.550000,0.300000,0.000000,1772906890737.916,0.440914,-0.555411,0.288890,0.000000,0.000000,0.000000,1.000000,position_only
2026-03-07T18:08:10.754878+00:00,1772906890754.878,0.440674,-0.556152,0.289307,0.382568,-0.072571,1.303711,19847,19797,19982,19467,0.450000,-0.550000,0.300000,0.000000,1772906890746.413,0.440914,-0.555411,0.288890,0.000000,0.000000,0.000000,1.000000,position_only
2026-03-07T18:08:10.764085+00:00,1772906890764.085,0.440918,-0.555664,0.289307,0.385742,0.006432,1.304688,19866,19778,20019,19430,0.450000,-0.550000,0.300000,0.000000,1772906890763.502,0.441615,-0.555070,0.288821,0.000000,0.000000,0.000000,1.000000,position_only
2026-03-07T18:08:10.773405+00:00,1772906890773.404,0.441406,-0.555664,0.289307,0.392822,0.088257,1.299805,19669,19983,19790,19652,0.450000,-0.550000,0.300000,0.000000,1772906890772.056,0.441862,-0.554991,0.288792,0.000000,0.000000,0.000000,1.000000,position_only
2026-03-07T18:08:10.783682+00:00,1772906890783.682,0.441650,-0.555664,0.289307,0.405518,0.158569,1.287109,19925,19786,20074,19324,0.450000,-0.550000,0.300000,0.000000,1772906890780.886,0.442087,-0.554923,0.288793,0.000000,0.000000,0.000000,1.000000,position_only
2026-03-07T18:08:10.794999+00:00,1772906890794.999,0.441895,-0.555664,0.289062,0.429932,0.247314,1.293945,19882,19799,19968,19484,0.450000,-0.550000,0.300000,0.000000,1772906890789.383,0.442364,-0.554794,0.288752,0.000000,0.000000,0.000000,1.000000,position_only
2026-03-07T18:08:10.805143+00:00,1772906890805.142,0.442383,-0.555176,0.289062,0.443359,0.306152,1.288086,19792,19993,19804,19550,0.450000,-0.550000,0.300000,0.000000,1772906890797.966,0.442584,-0.554745,0.288720,0.000000,0.000000,0.000000,1.000000,position_only
2026-03-07T18:08:10.813921+00:00,1772906890813.920,0.442383,-0.555176,0.289062,0.443359,0.306152,1.288086,19941,19807,19906,19488,0.450000,-0.550000,0.300000,0.000000,1772906890806.518,0.442771,-0.554651,0.288723,0.000000,0.000000,0.000000,1.000000,position_only
2026-03-07T18:08:10.825297+00:00,1772906890825.297,0.442871,-0.555176,0.289062,0.501465,0.374268,1.266602,19835,19906,19756,19653,0.450000,-0.550000,0.300000,0.000000,1772906890823.887,0.443227,-0.554503,0.288690,0.000000,0.000000,0.000000,1.000000,position_only
2026-03-07T18:08:10.835201+00:00,1772906890835.200,0.443115,-0.555176,0.289062,0.517578,0.385010,1.250000,19860,19879,19758,19652,0.450000,-0.550000,0.300000,0.000000,1772906890832.398,0.443440,-0.554485,0.288633,0.000000,0.000000,0.000000,1.000000,position_only
2026-03-07T18:08:10.844445+00:00,1772906890844.444,0.443359,-0.555176,0.288818,0.517578,0.385010,1.250000,20051,19690,19926,19484,0.450000,-0.550000,0.300000,0.000000,1772906890840.906,0.443697,-0.554434,0.288610,0.000000,0.000000,0.000000,1.000000,position_only
2026-03-07T18:08:10.856606+00:00,1772906890856.605,0.443604,-0.554688,0.288818,0.536133,0.384277,1.240234,20130,19586,19994,19438,0.450000,-0.550000,0.300000,0.000000,1772906890849.589,0.443971,-0.554341,0.288579,0.000000,0.000000,0.000000,1.000000,position_only
2026-03-07T18:08:10.865324+00:00,1772906890865.323,0.443848,-0.554688,0.288818,0.544434,0.369385,1.239258,19907,19784,19786,19674,0.450000,-0.550000,0.300000,0.000000,1772906890858.134,0.444222,-0.554298,0.288549,0.000000,0.000000,0.000000,1.000000,position_only
2026-03-07T18:08:10.875113+00:00,1772906890875.112,0.444092,-0.554688,0.288818,0.547363,0.347900,1.234375,19777,19878,19771,19739,0.450000,-0.550000,0.300000,0.000000,1772906890866.648,0.444479,-0.554251,0.288556,0.000000,0.000000,0.000000,1.000000,position_only
2026-03-07T18:08:10.884082+00:00,1772906890884.082,0.444336,-0.554688,0.288818,0.537109,0.348145,1.224609,19820,19822,19800,19722,0.450000,-0.550000,0.300000,0.000000,1772906890883.875,0.444874,-0.554163,0.288489,0.000000,0.000000,0.000000,1.000000,position_only
2026-03-07T18:08:10.895349+00:00,1772906890895.348,0.444580,-0.554688,0.288818,0.520020,0.351562,1.209961,19806,19800,19877,19678,0.450000,-0.550000,0.300000,0.000000,1772906890892.445,0.445077,-0.554154,0.288457,0.000000,0.000000,0.000000,1.000000,position_only
2026-03-07T18:08:10.905258+00:00,1772906890905.257,0.444824,-0.554688,0.288574,0.492188,0.358643,1.199219,19944,19686,20025,19499,0.450000,-0.550000,0.300000,0.000000,1772906890900.948,0.445260,-0.554099,0.288434,0.000000,0.000000,0.000000,1.000000,position_only
2026-03-07T18:08:10.916597+00:00,1772906890916.597,0.445068,-0.554688,0.288574,0.470703,0.384033,1.199219,19816,19778,19954,19610,0.450000,-0.550000,0.300000,0.000000,1772906890909.589,0.445476,-0.554068,0.288401,0.000000,0.000000,0.000000,1.000000,position_only
2026-03-07T18:08:10.924323+00:00,1772906890924.322,0.445557,-0.554688,0.288574,0.434570,0.416992,1.192383,19809,19785,20013,19559,0.450000,-0.550000,0.300000,0.000000,1772906890918.101,0.445652,-0.554083,0.288347,0.000000,0.000000,0.000000,1.000000,position_only
2026-03-07T18:08:10.933375+00:00,1772906890933.374,0.445801,-0.554688,0.288574,0.398682,0.464355,1.186523,19805,19778,20019,19571,0.450000,-0.550000,0.300000,0.000000,1772906890926.646,0.445803,-0.554061,0.288340,0.000000,0.000000,0.000000,1.000000,position_only
2026-03-07T18:08:10.945447+00:00,1772906890945.447,0.446045,-0.554688,0.288574,0.359619,0.518066,1.182617,19811,19804,20018,19538,0.450000,-0.550000,0.300000,0.000000,1772906890943.809,0.446161,-0.554008,0.288292,0.000000,0.000000,0.000000,1.000000,position_only
2026-03-07T18:08:10.955344+00:00,1772906890955.343,0.446045,-0.554688,0.288574,0.331055,0.570312,1.179688,19811,19817,20039,19499,0.450000,-0.550000,0.300000,0.000000,1772906890952.323,0.446324,-0.554023,0.288300,0.000000,0.000000,0.000000,1.000000,position_only
2026-03-07T18:08:10.964278+00:00,1772906890964.277,0.446289,-0.554688,0.288330,0.304443,0.634766,1.180664,19630,20009,19849,19670,0.450000,-0.550000,0.300000,0.000000,1772906890961.166,0.446499,-0.554019,0.288251,0.000000,0.000000,0.000000,1.000000,position_only
2026-03-07T18:08:10.977595+00:00,1772906890977.595,0.446533,-0.554688,0.288330,0.294922,0.691406,1.167969,19843,19844,20009,19458,0.450000,-0.550000,0.300000,0.000000,1772906890969.789,0.446651,-0.554044,0.288235,0.000000,0.000000,0.000000,1.000000,position_only
2026-03-07T18:08:10.985246+00:00,1772906890985.246,0.446777,-0.554688,0.288330,0.302490,0.754395,1.166016,19823,19903,19995,19426,0.450000,-0.550000,0.300000,0.000000,1772906890978.327,0.446771,-0.554081,0.288232,0.000000,0.000000,0.000000,1.000000,position_only
2026-03-07T18:08:10.994301+00:00,1772906890994.300,0.447021,-0.554688,0.288330,0.325684,0.818848,1.164062,19726,20033,19814,19570,0.450000,-0.550000,0.300000,0.000000,1772906890986.984,0.446901,-0.554097,0.288199,0.000000,0.000000,0.000000,1.000000,position_only
2026-03-07T18:08:11.003711+00:00,1772906891003.711,0.447021,-0.554688,0.288330,0.360107,0.867188,1.149414,19822,20021,19831,19469,0.450000,-0.550000,0.300000,0.000000,1772906890995.464,0.447102,-0.554136,0.288196,0.000000,0.000000,0.000000,1.000000,position_only
2026-03-07T18:08:11.015854+00:00,1772906891015.854,0.447266,-0.554688,0.288330,0.422607,0.917480,1.139648,20008,19876,19960,19285,0.450000,-0.550000,0.300000,0.000000,1772906891012.777,0.447388,-0.554316,0.288164,0.000000,0.000000,0.000000,1.000000,position_only
2026-03-07T18:08:11.027373+00:00,1772906891027.372,0.447266,-0.554688,0.288330,0.489746,0.946777,1.140625,19951,19907,19824,19433,0.450000,-0.550000,0.300000,0.000000,1772906891021.361,0.447481,-0.554373,0.288146,0.000000,0.000000,0.000000,1.000000,position_only
2026-03-07T18:08:11.034998+00:00,1772906891034.997,0.447510,-0.554688,0.288330,0.552246,0.952148,1.134766,19957,19916,19762,19479,0.450000,-0.550000,0.300000,0.000000,1772906891029.821,0.447578,-0.554457,0.288114,0.000000,0.000000,0.000000,1.000000,position_only
2026-03-07T18:08:11.044904+00:00,1772906891044.904,0.447510,-0.554688,0.288330,0.552246,0.952148,1.134766,20014,19831,19840,19430,0.450000,-0.550000,0.300000,0.000000,1772906891038.359,0.447578,-0.554457,0.288114,0.000000,0.000000,0.000000,1.000000,position_only
2026-03-07T18:08:11.055668+00:00,1772906891055.667,0.447510,-0.554688,0.288330,0.639648,0.897461,1.110352,19883,19914,19621,19701,0.450000,-0.550000,0.300000,0.000000,1772906891047.039,0.447729,-0.554589,0.288095,0.000000,0.000000,0.000000,1.000000,position_only
2026-03-07T18:08:11.064856+00:00,1772906891064.855,0.447754,-0.554688,0.288330,0.656250,0.840820,1.093750,19917,19841,19693,19657,0.450000,-0.550000,0.300000,0.000000,1772906891064.286,0.447802,-0.554772,0.288082,0.000000,0.000000,0.000000,1.000000,position_only
2026-03-07T18:08:11.076562+00:00,1772906891076.562,0.447754,-0.554688,0.288330,0.656250,0.840820,1.093750,19970,19723,19855,19562,0.450000,-0.550000,0.300000,0.000000,1772906891072.772,0.447872,-0.554838,0.288057,0.000000,0.000000,0.000000,1.000000,position_only
2026-03-07T18:08:11.084848+00:00,1772906891084.847,0.447754,-0.555176,0.288330,0.662109,0.784180,1.083984,19904,19751,19827,19622,0.450000,-0.550000,0.300000,0.000000,1772906891081.486,0.447909,-0.554929,0.288038,0.000000,0.000000,0.000000,1.000000,position_only
2026-03-07T18:08:11.097838+00:00,1772906891097.837,0.447754,-0.555176,0.288330,0.639648,0.742676,1.079102,19849,19750,19864,19641,0.450000,-0.550000,0.300000,0.000000,1772906891089.961,0.447915,-0.555054,0.288043,0.000000,0.000000,0.000000,1.000000,position_only
2026-03-07T18:08:11.105688+00:00,1772906891105.687,0.447754,-0.555176,0.288330,0.609863,0.709961,1.071289,19802,19785,19877,19643,0.450000,-0.550000,0.300000,0.000000,1772906891098.536,0.447941,-0.555133,0.288023,0.000000,0.000000,0.000000,1.000000,position_only
2026-03-07T18:08:11.116645+00:00,1772906891116.643,0.447754,-0.555176,0.288330,0.567383,0.684570,1.061523,19909,19681,20014,19497,0.450000,-0.550000,0.300000,0.000000,1772906891115.821,0.447967,-0.555329,0.288010,0.000000,0.000000,0.000000,1.000000,position_only
2026-03-07T18:08:11.123793+00:00,1772906891123.793,0.447754,-0.555664,0.288330,0.523926,0.684082,1.059570,19849,19714,19962,19568,0.450000,-0.550000,0.300000,0.000000,1772906891115.821,0.447967,-0.555329,0.288010,0.000000,0.000000,0.000000,1.000000,position_only
2026-03-07T18:08:11.136026+00:00,1772906891136.025,0.447754,-0.555664,0.288330,0.475098,0.677734,1.060547,19780,19811,19865,19637,0.450000,-0.550000,0.300000,0.000000,1772906891132.917,0.447981,-0.555554,0.287990,0.000000,0.000000,0.000000,1.000000,position_only
2026-03-07T18:08:11.147443+00:00,1772906891147.442,0.447754,-0.555664,0.288330,0.427734,0.673340,1.050781,19779,19829,19905,19577,0.450000,-0.550000,0.300000,0.000000,1772906891141.488,0.447949,-0.555675,0.287980,0.000000,0.000000,0.000000,1.000000,position_only
2026-03-07T18:08:11.157924+00:00,1772906891157.923,0.447754,-0.556152,0.288330,0.392334,0.681152,1.043945,19747,19831,19932,19562,0.450000,-0.550000,0.300000,0.000000,1772906891150.224,0.447910,-0.555799,0.287967,0.000000,0.000000,0.000000,1.000000,position_only
2026-03-07T18:08:11.164749+00:00,1772906891164.749,0.447754,-0.556152,0.288330,0.356934,0.695801,1.041992,19715,19902,19846,19606,0.450000,-0.550000,0.300000,0.000000,1772906891159.034,0.447907,-0.555910,0.287969,0.000000,0.000000,0.000000,1.000000,position_only
2026-03-07T18:08:11.173836+00:00,1772906891173.835,0.447754,-0.556152,0.288330,0.323975,0.710938,1.036133,19794,19907,19833,19561,0.450000,-0.550000,0.300000,0.000000,1772906891167.530,0.447833,-0.556054,0.287960,0.000000,0.000000,0.000000,1.000000,position_only
2026-03-07T18:08:11.185815+00:00,1772906891185.814,0.447510,-0.556641,0.288330,0.317871,0.728516,1.023438,19935,19820,19936,19422,0.450000,-0.550000,0.300000,0.000000,1772906891184.732,0.447708,-0.556413,0.287933,0.000000,0.000000,0.000000,1.000000,position_only
2026-03-07T18:08:11.195005+00:00,1772906891195.004,0.447510,-0.556641,0.288330,0.326904,0.744141,1.023438,19933,19857,19853,19476,0.450000,-0.550000,0.300000,0.000000,1772906891193.301,0.447657,-0.556580,0.287921,0.000000,0.000000,0.000000,1.000000,position_only
2026-03-07T18:08:11.206812+00:00,1772906891206.811,0.447510,-0.556641,0.288330,0.351807,0.740234,1.019531,19932,19824,19785,19581,0.450000,-0.550000,0.300000,0.000000,1772906891201.859,0.447603,-0.556746,0.287909,0.000000,0.000000,0.000000,1.000000,position_only
2026-03-07T18:08:11.215358+00:00,1772906891215.357,0.447266,-0.557129,0.288330,0.364014,0.708984,1.009766,20016,19739,19851,19522,0.450000,-0.550000,0.300000,0.000000,1772906891210.382,0.447530,-0.556895,0.287915,0.000000,0.000000,0.000000,1.000000,position_only
2026-03-07T18:08:11.226078+00:00,1772906891226.077,0.447266,-0.557129,0.288330,0.371826,0.656738,1.004883,19923,19822,19776,19609,0.450000,-0.550000,0.300000,0.000000,1772906891218.882,0.447504,-0.557058,0.287895,0.000000,0.000000,0.000000,1.000000,position_only
2026-03-07T18:08:11.234579+00:00,1772906891234.578,0.447021,-0.557617,0.288330,0.364990,0.602051,0.997070,19965,19772,19767,19623,0.450000,-0.550000,0.300000,0.000000,1772906891227.412,0.447394,-0.557270,0.287859,0.000000,0.000000,0.000000,1.000000,position_only
2026-03-07T18:08:11.246251+00:00,1772906891246.250,0.447021,-0.557617,0.288330,0.358887,0.545898,0.991211,19866,19817,19716,19735,0.450000,-0.550000,0.300000,0.000000,1772906891244.436,0.447232,-0.557661,0.287794,0.000000,0.000000,0.000000,1.000000,position_only
2026-03-07T18:08:11.256250+00:00,1772906891256.249,0.446777,-0.558105,0.288330,0.342285,0.481934,0.980957,19984,19688,19921,19546,0.450000,-0.550000,0.300000,0.000000,1772906891252.936,0.447136,-0.557828,0.287771,0.000000,0.000000,0.000000,1.000000,position_only
2026-03-07T18:08:11.267725+00:00,1772906891267.724,0.446777,-0.558105,0.288086,0.313965,0.431396,0.974121,19890,19707,19937,19601,0.450000,-0.550000,0.300000,0.000000,1772906891261.548,0.447027,-0.558011,0.287780,0.000000,0.000000,0.000000,1.000000,position_only
2026-03-07T18:08:11.277712+00:00,1772906891277.712,0.446533,-0.558105,0.288086,0.266846,0.401611,0.972168,19747,19801,19841,19744,0.450000,-0.550000,0.300000,0.000000,1772906891270.219,0.446924,-0.558148,0.287771,0.000000,0.000000,0.000000,1.000000,position_only
2026-03-07T18:08:11.284126+00:00,1772906891284.126,0.446533,-0.558594,0.288086,0.208984,0.380127,0.966309,19813,19711,19905,19711,0.450000,-0.550000,0.300000,0.000000,1772906891278.839,0.446828,-0.558310,0.287743,0.000000,0.000000,0.000000,1.000000,position_only
2026-03-07T18:08:11.294849+00:00,1772906891294.849,0.446289,-0.558594,0.288086,0.140381,0.347656,0.957031,19809,19752,19967,19618,0.450000,-0.550000,0.300000,0.000000,1772906891287.405,0.446707,-0.558492,0.287718,0.000000,0.000000,0.000000,1.000000,position_only
2026-03-07T18:08:11.305911+00:00,1772906891305.911,0.446045,-0.559082,0.288086,0.076721,0.329102,0.950684,19769,19787,19953,19651,0.450000,-0.550000,0.300000,0.000000,1772906891304.724,0.446334,-0.558987,0.287649,0.000000,0.000000,0.000000,1.000000,position_only
2026-03-07T18:08:11.314685+00:00,1772906891314.683,0.446045,-0.559082,0.288086,0.011009,0.333496,0.946289,19740,19804,19912,19716,0.450000,-0.550000,0.300000,0.000000,1772906891313.385,0.446185,-0.559149,0.287623,0.000000,0.000000,0.000000,1.000000,position_only
2026-03-07T18:08:11.326225+00:00,1772906891326.224,0.445801,-0.559570,0.288086,-0.055206,0.327148,0.937500,19680,19858,19910,19722,0.450000,-0.550000,0.300000,0.000000,1772906891322.166,0.446093,-0.559283,0.287581,0.000000,0.000000,0.000000,1.000000,position_only
2026-03-07T18:08:11.336096+00:00,1772906891336.095,0.445557,-0.559570,0.288086,-0.114929,0.330322,0.929688,19798,19835,19951,19594,0.450000,-0.550000,0.300000,0.000000,1772906891330.681,0.445944,-0.559457,0.287527,0.000000,0.000000,0.000000,1.000000,position_only
2026-03-07T18:08:11.347171+00:00,1772906891347.171,0.445312,-0.560059,0.287842,-0.153076,0.349854,0.926270,19764,19886,19934,19607,0.450000,-0.550000,0.300000,0.000000,1772906891339.180,0.445796,-0.559660,0.287502,0.000000,0.000000,0.000000,1.000000,position_only
2026-03-07T18:08:11.354852+00:00,1772906891354.852,0.445312,-0.560059,0.287842,-0.177246,0.368164,0.920410,19730,19939,19941,19586,0.450000,-0.550000,0.300000,0.000000,1772906891347.771,0.445640,-0.559802,0.287463,0.000000,0.000000,0.000000,1.000000,position_only
2026-03-07T18:08:11.366397+00:00,1772906891366.396,0.445068,-0.560547,0.287842,-0.194824,0.397461,0.913086,19809,19874,19934,19570,0.450000,-0.550000,0.300000,0.000000,1772906891364.875,0.445306,-0.560123,0.287375,0.000000,0.000000,0.000000,1.000000,position_only
2026-03-07T18:08:11.376452+00:00,1772906891376.451,0.444824,-0.560547,0.287842,-0.204346,0.416260,0.909180,19746,19970,19850,19613,0.450000,-0.550000,0.300000,0.000000,1772906891373.368,0.445116,-0.560265,0.287367,0.000000,0.000000,0.000000,1.000000,position_only
2026-03-07T18:08:11.384879+00:00,1772906891384.878,0.444580,-0.561035,0.287842,-0.202881,0.424072,0.897461,19747,19998,19759,19675,0.450000,-0.550000,0.300000,0.000000,1772906891381.887,0.444961,-0.560400,0.287334,0.000000,0.000000,0.000000,1.000000,position_only
2026-03-07T18:08:11.394747+00:00,1772906891394.746,0.444336,-0.561035,0.287598,-0.187988,0.416504,0.878906,19861,19929,19819,19567,0.450000,-0.550000,0.300000,0.000000,1772906891390.381,0.444786,-0.560590,0.287281,0.000000,0.000000,0.000000,1.000000,position_only
2026-03-07T18:08:11.404830+00:00,1772906891404.829,0.444336,-0.561035,0.287598,-0.156616,0.408691,0.869141,19893,19950,19754,19577,0.450000,-0.550000,0.300000,0.000000,1772906891398.883,0.444618,-0.560747,0.287270,0.000000,0.000000,0.000000,1.000000,position_only
2026-03-07T18:08:11.416055+00:00,1772906891416.055,0.444092,-0.561523,0.287598,-0.109619,0.382324,0.856445,19909,19951,19698,19617,0.450000,-0.550000,0.300000,0.000000,1772906891415.895,0.444327,-0.561008,0.287179,0.000000,0.000000,0.000000,1.000000,position_only
2026-03-07T18:08:11.426013+00:00,1772906891426.013,0.443848,-0.561523,0.287598,-0.062561,0.346191,0.843262,19900,19991,19670,19626,0.450000,-0.550000,0.300000,0.000000,1772906891424.392,0.444116,-0.561134,0.287147,0.000000,0.000000,0.000000,1.000000,position_only
2026-03-07T18:08:11.435700+00:00,1772906891435.699,0.443604,-0.562012,0.287598,-0.008682,0.300537,0.826660,19925,19926,19679,19659,0.450000,-0.550000,0.300000,0.000000,1772906891432.893,0.443932,-0.561289,0.287122,0.000000,0.000000,0.000000,1.000000,position_only
2026-03-07T18:08:11.446158+00:00,1772906891446.158,0.443359,-0.562012,0.287598,0.032104,0.253906,0.815430,19979,19906,19760,19536,0.450000,-0.550000,0.300000,0.000000,1772906891441.461,0.443766,-0.561432,0.287070,0.000000,0.000000,0.000000,1.000000,position_only
2026-03-07T18:08:11.456074+00:00,1772906891456.074,0.443115,-0.562012,0.287598,0.061401,0.210327,0.802246,19856,19965,19642,19712,0.450000,-0.550000,0.300000,0.000000,1772906891449.941,0.443561,-0.561574,0.287036,0.000000,0.000000,0.000000,1.000000,position_only
2026-03-07T18:08:11.467317+00:00,1772906891467.317,0.443115,-0.562012,0.287354,0.061401,0.210327,0.802246,19839,19935,19663,19741,0.450000,-0.550000,0.300000,0.000000,1772906891467.049,0.443236,-0.561833,0.286985,0.000000,0.000000,0.000000,1.000000,position_only
2026-03-07T18:08:11.475589+00:00,1772906891475.588,0.442627,-0.562500,0.287354,0.080322,0.102356,0.764648,19863,19883,19690,19737,0.450000,-0.550000,0.300000,0.000000,1772906891467.049,0.443236,-0.561833,0.286985,0.000000,0.000000,0.000000,1.000000,position_only
2026-03-07T18:08:11.486388+00:00,1772906891486.388,0.442383,-0.562500,0.287354,0.074707,0.041321,0.748535,19902,19865,19717,19694,0.450000,-0.550000,0.300000,0.000000,1772906891484.190,0.442868,-0.562061,0.287008,0.000000,0.000000,0.000000,1.000000,position_only
